"Matching.Attribute","Matching.Attribute.1","name","nms.score.avg","nms.score.EE","nms.score.RE","selected","shared name"
"Creatine","Creatine","Creatine","0.450515048787555","0.640756503327678","0.260273594247432","false","Creatine"
"Homocysteine","Homocysteine","Homocysteine","0.08151847746181934","0.0694699105212501","0.0935670444023886","false","Homocysteine"
"Isoleucine","Isoleucine","Isoleucine","0.46345253002572173","0.909847645519978","0.0170574145314655","false","Isoleucine"
"Piperine","Piperine","Piperine","0.06432047469304356","0.0223302165354331","0.106310732850654","false","Piperine"
"Glucose","Glucose","Glucose","0.2131546010433965","0.131912568244473","0.29439663384232","false","Glucose"
"Cytidine","Cytidine","Cytidine","0.02819361511210437","0.00713582677165354","0.0492514034525552","false","Cytidine"
"Kynurenine","Kynurenine","Kynurenine","0.01022039033659889","0.00338336614173228","0.0170574145314655","false","Kynurenine"
"Paraxanthine","Paraxanthine","Paraxanthine","0.07967490791950554","0.0277795925332511","0.13157022330576","false","Paraxanthine"
"Cortisol","Cortisol","Cortisol","0.0922720735959205","0.184544147191841","0.0","false","Cortisol"
"Ketoleucine","Ketoleucine","Ketoleucine","0.0319714641040472","0.0533455557757797","0.0105973724323147","false","Ketoleucine"
"Cysteine","Cysteine","Cysteine","0.15098527983561535","0.258927807257788","0.0430427524134427","false","Cysteine"
"LAMP2","LAMP2","LAMP2","0.004936251819872215","0.00987250363974443","0.0","false","LAMP2"
"ASB4","ASB4","ASB4","0.01279710603800545","0.0255942120760109","0.0","false","ASB4"
"Trimethylbenzene","Trimethylbenzene","Trimethylbenzene","0.01216945173734235","0.0","0.0243389034746847","false","Trimethylbenzene"
"MARK4","MARK4","MARK4","3.690944881889765E-4","7.38188976377953E-4","0.0","false","MARK4"
"Diethanolamine","Diethanolamine","Diethanolamine","0.0186512369592245","0.037302473918449","0.0","false","Diethanolamine"
"SYPL1","SYPL1","SYPL1","0.0","0.0","0.0","false","SYPL1"
"ATP1A2","ATP1A2","ATP1A2","0.00278045550370277","0.00556091100740554","0.0","false","ATP1A2"
"TBC1D23","TBC1D23","TBC1D23","0.00374007301933368","0.00748014603866736","0.0","false","TBC1D23"
"TRIT1","TRIT1","TRIT1","3.383366141732285E-4","6.76673228346457E-4","0.0","false","TRIT1"
"PUM2","PUM2","PUM2","1.23031496062992E-4","2.46062992125984E-4","0.0","false","PUM2"
"FRY","FRY","FRY","9.2273622047244E-5","1.84547244094488E-4","0.0","false","FRY"
"KEAP1","KEAP1","KEAP1","0.004601293491774625","0.00920258698354925","0.0","false","KEAP1"
"MYNN","MYNN","MYNN","3.383366141732285E-4","6.76673228346457E-4","0.0","false","MYNN"
"ADD1","ADD1","ADD1","0.01089631165432285","0.0217926233086457","0.0","false","ADD1"
"DTX2","DTX2","DTX2",,,"0.0","false","DTX2"
"SLC7A8","SLC7A8","SLC7A8","0.00237447972035532","0.00474895944071064","0.0","false","SLC7A8"
"TTC28","TTC28","TTC28","4.306102362204725E-4","8.61220472440945E-4","0.0","false","TTC28"
"FBXO7","FBXO7","FBXO7","1.84547244094488E-4","3.69094488188976E-4","0.0","false","FBXO7"
"SOS2","SOS2","SOS2","0.00278045550370277","0.00556091100740554","0.0","false","SOS2"
"PPM1A","PPM1A","PPM1A","3.075787401574805E-4","6.15157480314961E-4","0.0","false","PPM1A"
"ASB2","ASB2","ASB2","0.001390227751851385","0.00278045550370277","0.0","false","ASB2"
"ARHGEF7","ARHGEF7","ARHGEF7","0.00206690098019784","0.00413380196039568","0.0","false","ARHGEF7"
"NBN","NBN","NBN","0.006670306456031","0.013340612912062","0.0","false","NBN"
"INTS10","INTS10","INTS10","0.00145174349988288","0.00290348699976576","0.0","false","INTS10"
"KANK1","KANK1","KANK1","0.00609885722717685","0.0121977144543537","0.0","false","KANK1"
"ABHD17B","ABHD17B","ABHD17B","1.5378937007874E-4","3.0757874015748E-4","0.0","false","ABHD17B"
"CCDC6","CCDC6","CCDC6","0.00574757023555855","0.0114951404711171","0.0","false","CCDC6"
"MAP2K6","MAP2K6","MAP2K6","0.0","0.0","0.0","false","MAP2K6"
"BCL7A","BCL7A","BCL7A","0.001882353736103355","0.00376470747220671","0.0","false","BCL7A"
"FXR1","FXR1","FXR1","0.00358016022811222","0.00716032045622444","0.0","false","FXR1"
"GPD2","GPD2","GPD2","6.1515748031496E-5","1.23031496062992E-4","0.0","false","GPD2"
"CHMP3","CHMP3","CHMP3","3.075787401574805E-5","6.15157480314961E-5","0.0","false","CHMP3"
"RHOU","RHOU","RHOU","0.00656022533741305","0.0131204506748261","0.0","false","RHOU"
"SLC35D1","SLC35D1","SLC35D1","0.004478261995711635","0.00895652399142327","0.0","false","SLC35D1"
"RSRP1","RSRP1","RSRP1","0.0","0.0","0.0","false","RSRP1"
"ENOX1","ENOX1","ENOX1","0.0089777097740696","0.0179554195481392","0.0","false","ENOX1"
"SEPTIN7","SEPTIN7","SEPTIN7","0.00506878502315355","0.0101375700463071","0.0","false","SEPTIN7"
"CYREN","CYREN","CYREN","0.006079713044438","0.012159426088876","0.0","false","CYREN"
"AKAP9","AKAP9","AKAP9","2.15305118110236E-4","4.30610236220472E-4","0.0","false","AKAP9"
"PDE11A","PDE11A","PDE11A","0.004824834015086115","0.00964966803017223","0.0","false","PDE11A"
"MAP1S","MAP1S","MAP1S","0.020640152759568","0.041280305519136","0.0","false","MAP1S"
"ATP5IF1","ATP5IF1","ATP5IF1","0.0","0.0","0.0","false","ATP5IF1"
"EXOC4","EXOC4","EXOC4","0.0","0.0","0.0","false","EXOC4"
"TBC1D14","TBC1D14","TBC1D14","0.00145174349988288","0.00290348699976576","0.0","false","TBC1D14"
"CCNB1","CCNB1","CCNB1","2.768208661417325E-4","5.53641732283465E-4","0.0","false","CCNB1"
"AGT","AGT","AGT","0.001697806492008865","0.00339561298401773","0.0","false","AGT"
"ITM2B","ITM2B","ITM2B","0.0","0.0","0.0","false","ITM2B"
"KCTD3","KCTD3","KCTD3","0.0061911308492241","0.0123822616984482","0.0","false","KCTD3"
"FAM8A1","FAM8A1","FAM8A1","0.0092449585488419","0.0184899170976838","0.0","false","FAM8A1"
"CPEB2","CPEB2","CPEB2","0.00374007301933368","0.00748014603866736","0.0","false","CPEB2"
"CDK15","CDK15","CDK15","2.768208661417325E-4","5.53641732283465E-4","0.0","false","CDK15"
"PPIG","PPIG","PPIG","1.84547244094488E-4","3.69094488188976E-4","0.0","false","PPIG"
"SLC49A4","SLC49A4","SLC49A4","2.15305118110236E-4","4.30610236220472E-4","0.0","false","SLC49A4"
"PARP9","PARP9","PARP9","0.00953135150635305","0.0190627030127061","0.0","false","PARP9"
"CCNG2","CCNG2","CCNG2","0.0120862966495676","0.0241725932991352","0.0","false","CCNG2"
"POC1B","POC1B","POC1B","0.0","0.0","0.0","false","POC1B"
"NAA30","NAA30","NAA30","0.0","0.0","0.0","false","NAA30"
"ADAMTS17","ADAMTS17","ADAMTS17","4.921259842519685E-4","9.84251968503937E-4","0.0","false","ADAMTS17"
"OSBPL1A","OSBPL1A","OSBPL1A","4.306102362204725E-4","8.61220472440945E-4","0.0","false","OSBPL1A"
"SMAD4","SMAD4","SMAD4","0.00456715733168324","0.00913431466336648","0.0","false","SMAD4"
"ADAMTS10","ADAMTS10","ADAMTS10","4.921259842519685E-4","9.84251968503937E-4","0.0","false","ADAMTS10"
"ZNF514","ZNF514","ZNF514","3.075787401574805E-4","6.15157480314961E-4","0.0","false","ZNF514"
"IL17RD","IL17RD","IL17RD","0.0","0.0","0.0","false","IL17RD"
"LRIG1","LRIG1","LRIG1","1.5378937007874E-4","3.0757874015748E-4","0.0","false","LRIG1"
"SSBP2","SSBP2","SSBP2","0.0","0.0","0.0","false","SSBP2"
"ARHGAP18","ARHGAP18","ARHGAP18","9.2273622047244E-5","1.84547244094488E-4","0.0","false","ARHGAP18"
"ASB15","ASB15","ASB15","0.002657424007639775","0.00531484801527955","0.0","false","ASB15"
"UHRF2","UHRF2","UHRF2","0.001697806492008865","0.00339561298401773","0.0","false","UHRF2"
"DLG2","DLG2","DLG2","3.690944881889765E-4","7.38188976377953E-4","0.0","false","DLG2"
"UBC","UBC","UBC","0.0122982234816022","0.0245964469632044","0.0","false","UBC"
"THRB","THRB","THRB","1.84547244094488E-4","3.69094488188976E-4","0.0","false","THRB"
"AKAP6","AKAP6","AKAP6","1.5378937007874E-4","3.0757874015748E-4","0.0","false","AKAP6"
"CACUL1","CACUL1","CACUL1","0.00488423777905908","0.00976847555811816","0.0","false","CACUL1"
"SLC25A28","SLC25A28","SLC25A28","0.0","0.0","0.0","false","SLC25A28"
"SH3RF2","SH3RF2","SH3RF2","1.84547244094488E-4","3.69094488188976E-4","0.0","false","SH3RF2"
"APPL1","APPL1","APPL1","0.0061070926323781","0.0122141852647562","0.0","false","APPL1"
"RADIL","RADIL","RADIL","4.921259842519685E-4","9.84251968503937E-4","0.0","false","RADIL"
"TPRG1L","TPRG1L","TPRG1L","2.46062992125984E-4","4.92125984251968E-4","0.0","false","TPRG1L"
"GDPD5","GDPD5","GDPD5","0.0","0.0","0.0","false","GDPD5"
"SIM2","SIM2","SIM2","6.1515748031496E-5","1.23031496062992E-4","0.0","false","SIM2"
"RGS12","RGS12","RGS12","0.001882353736103355","0.00376470747220671","0.0","false","RGS12"
"DVL3","DVL3","DVL3","0.0","0.0","0.0","false","DVL3"
"RACGAP1","RACGAP1","RACGAP1","6.1515748031496E-5","1.23031496062992E-4","0.0","false","RACGAP1"
"DHRS3","DHRS3","DHRS3","0.004649858862361055","0.00929971772472211","0.0","false","DHRS3"
"KLHDC9","KLHDC9","KLHDC9","6.1515748031496E-4","0.00123031496062992","0.0","false","KLHDC9"
"TMOD4","TMOD4","TMOD4","2.15305118110236E-4","4.30610236220472E-4","0.0","false","TMOD4"
"PBRM1","PBRM1","PBRM1","3.075787401574805E-4","6.15157480314961E-4","0.0","false","PBRM1"
"OTUD4","OTUD4","OTUD4","0.01868269974697955","0.0373653994939591","0.0","false","OTUD4"
"TXLNB","TXLNB","TXLNB","0.0064583796239964","0.0129167592479928","0.0","false","TXLNB"
"UBTD1","UBTD1","UBTD1","1.5378937007874E-4","3.0757874015748E-4","0.0","false","UBTD1"
"ZNF319","ZNF319","ZNF319","0.0","0.0","0.0","false","ZNF319"
"SLC43A2","SLC43A2","SLC43A2","0.004785840735869115","0.00957168147173823","0.0","false","SLC43A2"
"PCMTD1","PCMTD1","PCMTD1","0.0","0.0","0.0","false","PCMTD1"
"ADPRM","ADPRM","ADPRM","2.46062992125984E-4","4.92125984251968E-4","0.0","false","ADPRM"
"DENND5B","DENND5B","DENND5B","0.0103700495099795","0.020740099019959","0.0","false","DENND5B"
"MCC","MCC","MCC","1.84547244094488E-4","3.69094488188976E-4","0.0","false","MCC"
"ANO5","ANO5","ANO5","0.0","0.0","0.0","false","ANO5"
"BCL2","BCL2","BCL2","0.004478261995711635","0.00895652399142327","0.0","false","BCL2"
"SNTB1","SNTB1","SNTB1","0.00591430998308235","0.0118286199661647","0.0","false","SNTB1"
"PDP2","PDP2","PDP2","1.5378937007874E-4","3.0757874015748E-4","0.0","false","PDP2"
"MSRB3","MSRB3","MSRB3","4.921259842519685E-4","9.84251968503937E-4","0.0","false","MSRB3"
"DENND4A","DENND4A","DENND4A","1.5378937007874E-4","3.0757874015748E-4","0.0","false","DENND4A"
"MLXIP","MLXIP","MLXIP","0.0125202851718637","0.0250405703437274","0.0","false","MLXIP"
"PXMP2","PXMP2","PXMP2","3.690944881889765E-4","7.38188976377953E-4","0.0","false","PXMP2"
"RPS6KA3","RPS6KA3","RPS6KA3","9.2273622047244E-5","1.84547244094488E-4","0.0","false","RPS6KA3"
"ASB8","ASB8","ASB8","2.46062992125984E-4","4.92125984251968E-4","0.0","false","ASB8"
"MRFAP1L1","MRFAP1L1","MRFAP1L1","0.002005385232166345","0.00401077046433269","0.0","false","MRFAP1L1"
"H2AC6","H2AC6","H2AC6","0.00259590825960828","0.00519181651921656","0.0","false","H2AC6"
"MOB2","MOB2","MOB2","9.2273622047244E-5","1.84547244094488E-4","0.0","false","MOB2"
"PPP1R2","PPP1R2","PPP1R2","0.00255902696444981","0.00511805392889962","0.0","false","PPP1R2"
"SLC24A3","SLC24A3","SLC24A3","0.0","0.0","0.0","false","SLC24A3"
"SMYD3","SMYD3","SMYD3","0.00591430998308235","0.0118286199661647","0.0","false","SMYD3"
"STAC3","STAC3","STAC3","0.00214028839260979","0.00428057678521958","0.0","false","STAC3"
"RTN4RL2","RTN4RL2","RTN4RL2","0.0","0.0","0.0","false","RTN4RL2"
"B3GLCT","B3GLCT","B3GLCT","0.00296500274779726","0.00593000549559452","0.0","false","B3GLCT"
"EIF4EBP1","EIF4EBP1","EIF4EBP1","3.383366141732285E-4","6.76673228346457E-4","0.0","false","EIF4EBP1"
"PTAR1","PTAR1","PTAR1","0.00363484901984137","0.00726969803968274","0.0","false","PTAR1"
"CAPZA2","CAPZA2","CAPZA2","6.1515748031496E-5","1.23031496062992E-4","0.0","false","CAPZA2"
"ATG9A","ATG9A","ATG9A","0.01635748893237025","0.0327149778647405","0.0","false","ATG9A"
"HSBP1L1","HSBP1L1","HSBP1L1","3.075787401574805E-4","6.15157480314961E-4","0.0","false","HSBP1L1"
"ENSG00000229413.2","ENSG00000229413.2","ENSG00000229413.2","4.921259842519685E-4","9.84251968503937E-4","0.0","false","ENSG00000229413.2"
"DAAM2-AS1","DAAM2-AS1","DAAM2-AS1","0.0081746267635845","0.016349253527169","0.0","false","DAAM2-AS1"
"PRKCQ-AS1","PRKCQ-AS1","PRKCQ-AS1","1.5378937007874E-4","3.0757874015748E-4","0.0","false","PRKCQ-AS1"
"LRRC37A2","LRRC37A2","LRRC37A2","2.15305118110236E-4","4.30610236220472E-4","0.0","false","LRRC37A2"
"RDH14","RDH14","RDH14","0.0117089667561774","0.0234179335123548","0.0","false","RDH14"
"ENSG00000240859.3","ENSG00000240859.3","ENSG00000240859.3","0.00175932224004036","0.00351864448008072","0.0","false","ENSG00000240859.3"
"ADAMTS9-AS2","ADAMTS9-AS2","ADAMTS9-AS2","1.5378937007874E-4","3.0757874015748E-4","0.0","false","ADAMTS9-AS2"
"UBR5-DT","UBR5-DT","UBR5-DT","0.001593028054572615","0.00318605610914523","0.0","false","UBR5-DT"
"BCKDHA","BCKDHA","BCKDHA","2.46062992125984E-4","4.92125984251968E-4","0.0","false","BCKDHA"
"HOXC-AS3","HOXC-AS3","HOXC-AS3","0.0","0.0","0.0","false","HOXC-AS3"
"LINC02328","LINC02328","LINC02328","0.00116241781835214","0.00232483563670428","0.0","false","LINC02328"
"ENSG00000260228.6","ENSG00000260228.6","ENSG00000260228.6","0.0","0.0","0.0","false","ENSG00000260228.6"
"ENSG00000260583.1","ENSG00000260583.1","ENSG00000260583.1","3.075787401574805E-5","6.15157480314961E-5","0.0","false","ENSG00000260583.1"
"ENSG00000263489.1","ENSG00000263489.1","ENSG00000263489.1","0.0085437212517735","0.017087442503547","0.0","false","ENSG00000263489.1"
"MALT1-AS1","MALT1-AS1","MALT1-AS1","0.0","0.0","0.0","false","MALT1-AS1"
"ENSG00000272462.4","ENSG00000272462.4","ENSG00000272462.4","0.001513259247914375","0.00302651849582875","0.0","false","ENSG00000272462.4"
"ENSG00000289579.1","ENSG00000289579.1","ENSG00000289579.1","0.0","0.0","0.0","false","ENSG00000289579.1"
"Tryptophan","Tryptophan","Tryptophan","0.7944146799419708","1.55084658403079","0.0379827758531516","false","Tryptophan"
"IMP","IMP","IMP","0.0128216847981734","0.0","0.0256433695963468","false","IMP"
"KLHL20","KLHL20","KLHL20","0.0","0.0","0.0","false","KLHL20"
"PXMP4","PXMP4","PXMP4","4.921259842519685E-4","9.84251968503937E-4","0.0","false","PXMP4"
"HOXA5","HOXA5","HOXA5",,,"0.0","false","HOXA5"
"SLC15A3","SLC15A3","SLC15A3","0.0","0.0","0.0","false","SLC15A3"
"PPP2R5D","PPP2R5D","PPP2R5D","0.0","0.0","0.0","false","PPP2R5D"
"NUDT12","NUDT12","NUDT12","4.921259842519685E-4","9.84251968503937E-4","0.0","false","NUDT12"
"IFIT2","IFIT2","IFIT2","6.1515748031496E-4","0.00123031496062992","0.0","false","IFIT2"
"PCYOX1L","PCYOX1L","PCYOX1L","0.00165454380260411","0.00330908760520822","0.0","false","PCYOX1L"
"CCDC102B","CCDC102B","CCDC102B","0.001574774995945875","0.00314954999189175","0.0","false","CCDC102B"
"CDC42SE2","CDC42SE2","CDC42SE2","0.0","0.0","0.0","false","CDC42SE2"
"FBXL14","FBXL14","FBXL14","0.0","0.0","0.0","false","FBXL14"
"SSH3","SSH3","SSH3","3.075787401574805E-5","6.15157480314961E-5","0.0","false","SSH3"
"ZNF483","ZNF483","ZNF483","0.001820837988071855","0.00364167597614371","0.0","false","ZNF483"
"STAG3L3","STAG3L3","STAG3L3","0.0","0.0","0.0","false","STAG3L3"
"FANCM","FANCM","FANCM","0.00484735648390061","0.00969471296780122","0.0","false","FANCM"
"ZNF100","ZNF100","ZNF100","3.383366141732285E-4","6.76673228346457E-4","0.0","false","ZNF100"
"ZNF521","ZNF521","ZNF521","0.0","0.0","0.0","false","ZNF521"
"BHLHB9","BHLHB9","BHLHB9","3.998523622047245E-4","7.99704724409449E-4","0.0","false","BHLHB9"
"ENSG00000250575.1","ENSG00000250575.1","ENSG00000250575.1","0.009557394408125","0.01911478881625","0.0","false","ENSG00000250575.1"
"GMDS-DT","GMDS-DT","GMDS-DT","3.383366141732285E-4","6.76673228346457E-4","0.0","false","GMDS-DT"
"5_8S_rRNA","5_8S_rRNA","5_8S_rRNA","0.00225144822429233","0.00450289644858466","0.0","false","5_8S_rRNA"
"RNA5-8SN5","RNA5-8SN5","RNA5-8SN5","5.53641732283465E-4","0.00110728346456693","0.0","false","RNA5-8SN5"
"RNA5-8SN3","RNA5-8SN3","RNA5-8SN3","0.00225144822429233","0.00450289644858466","0.0","false","RNA5-8SN3"
"RNA5-8SN4","RNA5-8SN4","RNA5-8SN4","5.53641732283465E-4","0.00110728346456693","0.0","false","RNA5-8SN4"
"RNA5-8SN2","RNA5-8SN2","RNA5-8SN2","5.53641732283465E-4","0.00110728346456693","0.0","false","RNA5-8SN2"
"Asparagine","Asparagine","Asparagine","0.89724830717714","0.875245091399808","0.919251522954472","false","Asparagine"
"Cytosine","Cytosine","Cytosine","0.1959970733977355","0.0","0.391994146795471","false","Cytosine"
"Lysine","Lysine","Lysine","0.5785365079812206","0.0277795925332511","1.12929342342919","false","Lysine"
"Ornithine","Ornithine","Ornithine","0.3737887264142607","0.00799704724409449","0.739580405584427","false","Ornithine"
"Spermidine","Spermidine","Spermidine","0.01116510826771655","0.0223302165354331","0.0","false","Spermidine"
"Pyridoxal","Pyridoxal","Pyridoxal","0.414832848224276","0.160074686410254","0.669591010038298","false","Pyridoxal"
"Thiamine","Thiamine","Thiamine","0.043051530319293124","0.00855068897637795","0.0775523716622083","false","Thiamine"
"Spermine","Spermine","Spermine","0.0680915700787985","0.0","0.136183140157597","false","Spermine"
"MAP3K9","MAP3K9","MAP3K9","0.0","0.0","0.0","false","MAP3K9"
"Hydroxyproline","Hydroxyproline","Hydroxyproline","0.11525646355686259","0.155081446225642","0.0754314808880832","false","Hydroxyproline"
"Glycine","Glycine","Glycine","0.30930833304916167","0.0540834632155534","0.56453320288277","false","Glycine"
"Tetradecylamine","Tetradecylamine","Tetradecylamine","0.0134411909448819","0.0268823818897638","0.0","false","Tetradecylamine"
"GMP","GMP","GMP","0.0036655295056979","0.0","0.0073310590113958","false","GMP"
"Deoxyuridine","Deoxyuridine","Deoxyuridine","0.003998523622047245","0.00799704724409449","0.0","false","Deoxyuridine"
"FAM114A2","FAM114A2","FAM114A2","4.306102362204725E-4","8.61220472440945E-4","0.0","false","FAM114A2"
"ADAT1","ADAT1","ADAT1","3.075787401574805E-4","6.15157480314961E-4","0.0","false","ADAT1"
"DHX8","DHX8","DHX8","6.4591535433071E-4","0.00129183070866142","0.0","false","DHX8"
"CFAP20","CFAP20","CFAP20","1.84547244094488E-4","3.69094488188976E-4","0.0","false","CFAP20"
"C5orf22","C5orf22","C5orf22","3.383366141732285E-4","6.76673228346457E-4","0.0","false","C5orf22"
"EFR3B","EFR3B","EFR3B","6.1515748031496E-5","1.23031496062992E-4","0.0","false","EFR3B"
"METTL2A","METTL2A","METTL2A",,,"0.0","false","METTL2A"
"NUDC","NUDC","NUDC","3.998523622047245E-4","7.99704724409449E-4","0.0","false","NUDC"
"TTLL1","TTLL1","TTLL1","3.690944881889765E-4","7.38188976377953E-4","0.0","false","TTLL1"
"EIF3D","EIF3D","EIF3D","5.84399606299215E-4","0.00116879921259843","0.0","false","EIF3D"
"LONP2","LONP2","LONP2","0.0","0.0","0.0","false","LONP2"
"DMAC2","DMAC2","DMAC2","0.00619936625442535","0.0123987325088507","0.0","false","DMAC2"
"LFNG","LFNG","LFNG","0.0","0.0","0.0","false","LFNG"
"RAD51C","RAD51C","RAD51C","6.1515748031496E-5","1.23031496062992E-4","0.0","false","RAD51C"
"GOSR2","GOSR2","GOSR2","0.00145174349988288","0.00290348699976576","0.0","false","GOSR2"
"CCDC88A","CCDC88A","CCDC88A","7.07431102362205E-4","0.00141486220472441","0.0","false","CCDC88A"
"CNPPD1","CNPPD1","CNPPD1","3.690944881889765E-4","7.38188976377953E-4","0.0","false","CNPPD1"
"SGK1","SGK1","SGK1","2.46062992125984E-4","4.92125984251968E-4","0.0","false","SGK1"
"BHLHE41","BHLHE41","BHLHE41","0.00781510436676495","0.0156302087335299","0.0","false","BHLHE41"
"ATG101","ATG101","ATG101","5.84399606299215E-4","0.00116879921259843","0.0","false","ATG101"
"MEA1","MEA1","MEA1","2.46062992125984E-4","4.92125984251968E-4","0.0","false","MEA1"
"EEF1E1","EEF1E1","EEF1E1","0.0","0.0","0.0","false","EEF1E1"
"GGA3","GGA3","GGA3","1.5378937007874E-4","3.0757874015748E-4","0.0","false","GGA3"
"MRPS26","MRPS26","MRPS26","3.690944881889765E-4","7.38188976377953E-4","0.0","false","MRPS26"
"ELOF1","ELOF1","ELOF1","3.075787401574805E-4","6.15157480314961E-4","0.0","false","ELOF1"
"ACP2","ACP2","ACP2","0.0","0.0","0.0","false","ACP2"
"NAA35","NAA35","NAA35","1.84547244094488E-4","3.69094488188976E-4","0.0","false","NAA35"
"GOLM1","GOLM1","GOLM1","0.00547074936941685","0.0109414987388337","0.0","false","GOLM1"
"GCC2","GCC2","GCC2","0.002078772644578295","0.00415754528915659","0.0","false","GCC2"
"USP20","USP20","USP20","0.00237447972035532","0.00474895944071064","0.0","false","USP20"
"KLC4","KLC4","KLC4","0.00116241781835214","0.00232483563670428","0.0","false","KLC4"
"PREB","PREB","PREB","0.0","0.0","0.0","false","PREB"
"CYP11A1","CYP11A1","CYP11A1","3.690944881889765E-4","7.38188976377953E-4","0.0","false","CYP11A1"
"DET1","DET1","DET1","2.15305118110236E-4","4.30610236220472E-4","0.0","false","DET1"
"SLC47A1","SLC47A1","SLC47A1","0.0","0.0","0.0","false","SLC47A1"
"IGSF3","IGSF3","IGSF3","9.2273622047244E-5","1.84547244094488E-4","0.0","false","IGSF3"
"GPA33","GPA33","GPA33","0.0","0.0","0.0","false","GPA33"
"REXO4","REXO4","REXO4","0.01138238598016285","0.0227647719603257","0.0","false","REXO4"
"CDC123","CDC123","CDC123","0.0","0.0","0.0","false","CDC123"
"ATG10","ATG10","ATG10","0.0","0.0","0.0","false","ATG10"
"USP16","USP16","USP16","1.84547244094488E-4","3.69094488188976E-4","0.0","false","USP16"
"LDLRAP1","LDLRAP1","LDLRAP1","0.0","0.0","0.0","false","LDLRAP1"
"ACOT11","ACOT11","ACOT11","0.00158664666032633","0.00317329332065266","0.0","false","ACOT11"
"SGO2","SGO2","SGO2","4.921259842519685E-4","9.84251968503937E-4","0.0","false","SGO2"
"TMEM144","TMEM144","TMEM144","3.075787401574805E-5","6.15157480314961E-5","0.0","false","TMEM144"
"MYOZ3","MYOZ3","MYOZ3","0.0","0.0","0.0","false","MYOZ3"
"GOLGA6C","GOLGA6C","GOLGA6C","0.0","0.0","0.0","false","GOLGA6C"
"OTUB1","OTUB1","OTUB1","0.0073066497189923","0.0146132994379846","0.0","false","OTUB1"
"SLC50A1","SLC50A1","SLC50A1","3.690944881889765E-4","7.38188976377953E-4","0.0","false","SLC50A1"
"FAM86JP","FAM86JP","FAM86JP","5.84399606299215E-4","0.00116879921259843","0.0","false","FAM86JP"
"PRKCE","PRKCE","PRKCE","0.00231207284821171","0.00462414569642342","0.0","false","PRKCE"
"HINFP","HINFP","HINFP","0.0","0.0","0.0","false","HINFP"
"NBEA","NBEA","NBEA","0.00327258148795474","0.00654516297590948","0.0","false","NBEA"
"IL20RB","IL20RB","IL20RB","0.00237996999048949","0.00475993998097898","0.0","false","IL20RB"
"GRB2","GRB2","GRB2","0.0","0.0","0.0","false","GRB2"
"R3HDM2","R3HDM2","R3HDM2","4.921259842519685E-4","9.84251968503937E-4","0.0","false","R3HDM2"
"MROH7","MROH7","MROH7","3.690944881889765E-4","7.38188976377953E-4","0.0","false","MROH7"
"INPP5J","INPP5J","INPP5J","0.0","0.0","0.0","false","INPP5J"
"ZNF696","ZNF696","ZNF696","0.01291408587565645","0.0258281717513129","0.0","false","ZNF696"
"CYP2R1","CYP2R1","CYP2R1","0.002263319888672785","0.00452663977734557","0.0","false","CYP2R1"
"KIF24","KIF24","KIF24","0.00820066966535645","0.0164013393307129","0.0","false","KIF24"
"ZNF565","ZNF565","ZNF565",,,"0.0","false","ZNF565"
"NCOR2","NCOR2","NCOR2","0.0","0.0","0.0","false","NCOR2"
"FAM110D","FAM110D","FAM110D","0.003720553658689835","0.00744110731737967","0.0","false","FAM110D"
"FITM2","FITM2","FITM2","0.00601481901033085","0.0120296380206617","0.0","false","FITM2"
"GPN1","GPN1","GPN1","0.0","0.0","0.0","false","GPN1"
"FICD","FICD","FICD","0.001820837988071855","0.00364167597614371","0.0","false","FICD"
"FOXO6","FOXO6","FOXO6","0.0","0.0","0.0","false","FOXO6"
"PFDN6","PFDN6","PFDN6","0.00619936625442535","0.0123987325088507","0.0","false","PFDN6"
"PPP1R11","PPP1R11","PPP1R11","3.075787401574805E-5","6.15157480314961E-5","0.0","false","PPP1R11"
"CPT1B","CPT1B","CPT1B","3.690944881889765E-4","7.38188976377953E-4","0.0","false","CPT1B"
"DNAJC27-AS1","DNAJC27-AS1","DNAJC27-AS1","0.00116241781835214","0.00232483563670428","0.0","false","DNAJC27-AS1"
"FAM174C","FAM174C","FAM174C","3.383366141732285E-4","6.76673228346457E-4","0.0","false","FAM174C"
"LINC02609","LINC02609","LINC02609","0.0","0.0","0.0","false","LINC02609"
"SSR4P1","SSR4P1","SSR4P1","6.1515748031496E-4","0.00123031496062992","0.0","false","SSR4P1"
"PDXP","PDXP","PDXP","0.0","0.0","0.0","false","PDXP"
"ENSG00000243155.1","ENSG00000243155.1","ENSG00000243155.1","0.0","0.0","0.0","false","ENSG00000243155.1"
"TMEM199","TMEM199","TMEM199","2.46062992125984E-4","4.92125984251968E-4","0.0","false","TMEM199"
"MAILR","MAILR","MAILR","5.22883858267715E-4","0.00104576771653543","0.0","false","MAILR"
"CHKB-CPT1B","CHKB-CPT1B","CHKB-CPT1B","3.383366141732285E-4","6.76673228346457E-4","0.0","false","CHKB-CPT1B"
"CHMP4A","CHMP4A","CHMP4A",,,"0.0","false","CHMP4A"
"ENSG00000259881.1","ENSG00000259881.1","ENSG00000259881.1","0.00979860028112535","0.0195972005622507","0.0","false","ENSG00000259881.1"
"ENSG00000260196.1","ENSG00000260196.1","ENSG00000260196.1","0.0","0.0","0.0","false","ENSG00000260196.1"
"SLX1B-SULT1A4","SLX1B-SULT1A4","SLX1B-SULT1A4","1.5378937007874E-4","3.0757874015748E-4","0.0","false","SLX1B-SULT1A4"
"ENSG00000264490.3","ENSG00000264490.3","ENSG00000264490.3","5.84399606299215E-4","0.00116879921259843","0.0","false","ENSG00000264490.3"
"FDX2","FDX2","FDX2","2.46062992125984E-4","4.92125984251968E-4","0.0","false","FDX2"
"ENSG00000273812.3","ENSG00000273812.3","ENSG00000273812.3","1.5378937007874E-4","3.0757874015748E-4","0.0","false","ENSG00000273812.3"
"ENSG00000276075.2","ENSG00000276075.2","ENSG00000276075.2","4.921259842519685E-4","9.84251968503937E-4","0.0","false","ENSG00000276075.2"
"ENSG00000279689.1","ENSG00000279689.1","ENSG00000279689.1","0.0","0.0","0.0","false","ENSG00000279689.1"
"ENSG00000288849.1","ENSG00000288849.1","ENSG00000288849.1","3.383366141732285E-4","6.76673228346457E-4","0.0","false","ENSG00000288849.1"
"Alanine","Alanine","Alanine","0.01133530913027474","0.0151943897637795","0.00747622849676998","false","Alanine"
"Alloisoleucine","Alloisoleucine","Alloisoleucine","0.0129926689409886","0.0","0.0259853378819772","false","Alloisoleucine"
"Inosine","Inosine","Inosine","0.0551611567697369","0.0151943897637795","0.0951279237756943","false","Inosine"
"Ribothymidine","Ribothymidine","Ribothymidine","0.02499974661705615","0.0499994932341123","0.0","false","Ribothymidine"
"Xanthine","Xanthine","Xanthine","0.21037703452726553","0.265174417514184","0.155579651540347","false","Xanthine"
"Hypoxanthine","Hypoxanthine","Hypoxanthine","0.08839306420030212","0.00424458661417323","0.172541541786431","false","Hypoxanthine"
"Xanthosine","Xanthosine","Xanthosine","0.057283450076823554","0.0194389763779528","0.0951279237756943","false","Xanthosine"
"DMGV","DMGV","DMGV","0.19400871583246695","0.374807008495884","0.0132104231690499","false","DMGV"
"SLC25A13","SLC25A13","SLC25A13","3.998523622047245E-4","7.99704724409449E-4","0.0","false","SLC25A13"
"Proline","Proline","Proline","0.2606237968509606","0.51355361097709","0.00769398272483124","false","Proline"
"Allantoin","Allantoin","Allantoin","0.001138041338582675","0.00227608267716535","0.0","false","Allantoin"
"Acisoga","Acisoga","Acisoga","0.03765946233265465","0.0753189246653093","0.0","false","Acisoga"
"Methionine","Methionine","Methionine","0.0498072215800536","0.0194389763779528","0.0801754667821544","false","Methionine"
"Betaine","Betaine","Betaine","0.019943948468547648","0.0139025590551181","0.0259853378819772","false","Betaine"
"Phosphoethanolamine","Phosphoethanolamine","Phosphoethanolamine","0.02293088686590964","0.0383855452350493","0.00747622849676998","false","Phosphoethanolamine"
"Cotinine","Cotinine","Cotinine","0.01571727362204725","0.0314345472440945","0.0","false","Cotinine"
"Creatinine","Creatinine","Creatinine","0.0509218073778009","0.0194389763779528","0.082404638377649","false","Creatinine"
"Taurine","Taurine","Taurine","0.006399894905722705","0.00510580708661417","0.00769398272483124","false","Taurine"
"ADP","ADP","ADP","7.689468503937E-4","0.0015378937007874","0.0","false","ADP"
"Serotonin","Serotonin","Serotonin","0.09914249647634549","0.190808764455921","0.00747622849676998","false","Serotonin"
"Tributylamine","Tributylamine","Tributylamine","0.1261046815486105","0.252209363097221","0.0","false","Tributylamine"
"PLS3","PLS3","PLS3","0.00358016022811222","0.00716032045622444","0.0","false","PLS3"
"UBE2W","UBE2W","UBE2W","3.075787401574805E-4","6.15157480314961E-4","0.0","false","UBE2W"
"MTMR9","MTMR9","MTMR9","0.0081924342601552","0.0163848685203104","0.0","false","MTMR9"
"TBC1D9","TBC1D9","TBC1D9","0.0","0.0","0.0","false","TBC1D9"
"MYF5","MYF5","MYF5","1.84547244094488E-4","3.69094488188976E-4","0.0","false","MYF5"
"HS1BP3","HS1BP3","HS1BP3","3.075787401574805E-4","6.15157480314961E-4","0.0","false","HS1BP3"
"ARAP3","ARAP3","ARAP3","0.0","0.0","0.0","false","ARAP3"
"CLTA","CLTA","CLTA","0.004013515599399775","0.00802703119879955","0.0","false","CLTA"
"MCF2L","MCF2L","MCF2L","0.001390227751851385","0.00278045550370277","0.0","false","MCF2L"
"PXDN","PXDN","PXDN","9.2273622047244E-5","1.84547244094488E-4","0.0","false","PXDN"
"NIBAN2","NIBAN2","NIBAN2","0.0","0.0","0.0","false","NIBAN2"
"TLR4","TLR4","TLR4","0.002128416728229335","0.00425683345645867","0.0","false","TLR4"
"TUBB2A","TUBB2A","TUBB2A","3.690944881889765E-4","7.38188976377953E-4","0.0","false","TUBB2A"
"CARD14","CARD14","CARD14","0.006114552739689","0.012229105479378","0.0","false","CARD14"
"EIF4A3","EIF4A3","EIF4A3","3.690944881889765E-4","7.38188976377953E-4","0.0","false","EIF4A3"
"MTA2","MTA2","MTA2","1.23031496062992E-4","2.46062992125984E-4","0.0","false","MTA2"
"SHROOM1","SHROOM1","SHROOM1","0.005388047838739","0.010776095677478","0.0","false","SHROOM1"
"PGM2","PGM2","PGM2","0.00636610600194915","0.0127322120038983","0.0","false","PGM2"
"ZBTB26","ZBTB26","ZBTB26","0.002005385232166345","0.00401077046433269","0.0","false","ZBTB26"
"SLC25A33","SLC25A33","SLC25A33","0.00374007301933368","0.00748014603866736","0.0","false","SLC25A33"
"ZNF852","ZNF852","ZNF852","3.690944881889765E-4","7.38188976377953E-4","0.0","false","ZNF852"
"PRKX","PRKX","PRKX","3.075787401574805E-5","6.15157480314961E-5","0.0","false","PRKX"
"ZNF248","ZNF248","ZNF248","0.001513259247914375","0.00302651849582875","0.0","false","ZNF248"
"HLA-H","HLA-H","HLA-H","3.998523622047245E-4","7.99704724409449E-4","0.0","false","HLA-H"
"PVRIG2P","PVRIG2P","PVRIG2P","9.2273622047244E-5","1.84547244094488E-4","0.0","false","PVRIG2P"
"OLMALINC","OLMALINC","OLMALINC","0.00243599546838682","0.00487199093677364","0.0","false","OLMALINC"
"Dimethylarginine","Dimethylarginine","Dimethylarginine","0.00246062992125984","0.00492125984251968","0.0","false","Dimethylarginine"
"Glutamine","Glutamine","Glutamine","0.01571727362204725","0.0314345472440945","0.0","false","Glutamine"
"NEFA","NEFA","NEFA","0.168772406499629","0.337544812999258","0.0","false","NEFA"
"Methylguanidine","Methylguanidine","Methylguanidine",,,"0.0","false","Methylguanidine"
"Histidine","Histidine","Histidine","0.0097194881889764","0.0194389763779528","0.0","false","Histidine"
"KIAA0100","KIAA0100","KIAA0100","0.00298236468231188","0.00596472936462376","0.0","false","KIAA0100"
"Niacinamide","Niacinamide","Niacinamide","0.0","0.0","0.0","false","Niacinamide"
"Thyroxine","Thyroxine","Thyroxine","0.002614419291338585","0.00522883858267717","0.0","false","Thyroxine"
"Choline","Choline","Choline","0.0761135624967195","0.152227124993439","0.0","false","Choline"
"CSDE1","CSDE1","CSDE1","1.84547244094488E-4","3.69094488188976E-4","0.0","false","CSDE1"
"ZNF200","ZNF200","ZNF200","1.84547244094488E-4","3.69094488188976E-4","0.0","false","ZNF200"
"CLEC16A","CLEC16A","CLEC16A","6.1515748031496E-5","1.23031496062992E-4","0.0","false","CLEC16A"
"RETSAT","RETSAT","RETSAT","0.0","0.0","0.0","false","RETSAT"
"SLC9A3R2","SLC9A3R2","SLC9A3R2","4.921259842519685E-4","9.84251968503937E-4","0.0","false","SLC9A3R2"
"TBC1D1","TBC1D1","TBC1D1","4.921259842519685E-4","9.84251968503937E-4","0.0","false","TBC1D1"
"FTSJ1","FTSJ1","FTSJ1","1.23031496062992E-4","2.46062992125984E-4","0.0","false","FTSJ1"
"NCBP3","NCBP3","NCBP3","0.0","0.0","0.0","false","NCBP3"
"NMRK2","NMRK2","NMRK2","0.0","0.0","0.0","false","NMRK2"
"AK6","AK6","AK6","0.00601481901033085","0.0120296380206617","0.0","false","AK6"
"SLC25A24","SLC25A24","SLC25A24","0.002189932476260835","0.00437986495252167","0.0","false","SLC25A24"
"FKBP1A","FKBP1A","FKBP1A","0.0","0.0","0.0","false","FKBP1A"
"LAMB1","LAMB1","LAMB1","3.383366141732285E-4","6.76673228346457E-4","0.0","false","LAMB1"
"MAP3K20","MAP3K20","MAP3K20","0.01000095502179055","0.0200019100435811","0.0","false","MAP3K20"
"PSMA7","PSMA7","PSMA7","3.383366141732285E-4","6.76673228346457E-4","0.0","false","PSMA7"
"RIOK3","RIOK3","RIOK3","0.0","0.0","0.0","false","RIOK3"
"NUTF2","NUTF2","NUTF2","0.0","0.0","0.0","false","NUTF2"
"MAZ","MAZ","MAZ","0.01246362654295785","0.0249272530859157","0.0","false","MAZ"
"CD276","CD276","CD276","4.306102362204725E-4","8.61220472440945E-4","0.0","false","CD276"
"RELB","RELB","RELB","0.00663335477672145","0.0132667095534429","0.0","false","RELB"
"CACTIN","CACTIN","CACTIN","0.003457128732049225","0.00691425746409845","0.0","false","CACTIN"
"MIER2","MIER2","MIER2","0.00255902696444981","0.00511805392889962","0.0","false","MIER2"
"POLR1F","POLR1F","POLR1F","1.23031496062992E-4","2.46062992125984E-4","0.0","false","POLR1F"
"HSPB1","HSPB1","HSPB1","2.768208661417325E-4","5.53641732283465E-4","0.0","false","HSPB1"
"BCL7B","BCL7B","BCL7B","0.0","0.0","0.0","false","BCL7B"
"FSD1L","FSD1L","FSD1L","5.53641732283465E-4","0.00110728346456693","0.0","false","FSD1L"
"CCSER2","CCSER2","CCSER2","0.0","0.0","0.0","false","CCSER2"
"CCDC47","CCDC47","CCDC47","3.383366141732285E-4","6.76673228346457E-4","0.0","false","CCDC47"
"TMEM33","TMEM33","TMEM33","1.23031496062992E-4","2.46062992125984E-4","0.0","false","TMEM33"
"KLHL5","KLHL5","KLHL5","2.46062992125984E-4","4.92125984251968E-4","0.0","false","KLHL5"
"CRYAB","CRYAB","CRYAB","0.0223175487668209","0.0446350975336418","0.0","false","CRYAB"
"NRXN2","NRXN2","NRXN2","0.0","0.0","0.0","false","NRXN2"
"CHKA","CHKA","CHKA","0.004013515599399775","0.00802703119879955","0.0","false","CHKA"
"ASCC3","ASCC3","ASCC3","0.001513259247914375","0.00302651849582875","0.0","false","ASCC3"
"CUTA","CUTA","CUTA","6.1515748031496E-5","1.23031496062992E-4","0.0","false","CUTA"
"HSPA9","HSPA9","HSPA9","3.383366141732285E-4","6.76673228346457E-4","0.0","false","HSPA9"
"IRX4","IRX4","IRX4","3.690944881889765E-4","7.38188976377953E-4","0.0","false","IRX4"
"BRIX1","BRIX1","BRIX1","2.768208661417325E-4","5.53641732283465E-4","0.0","false","BRIX1"
"KPNA1","KPNA1","KPNA1","0.00145174349988288","0.00290348699976576","0.0","false","KPNA1"
"HSPE1","HSPE1","HSPE1","2.15305118110236E-4","4.30610236220472E-4","0.0","false","HSPE1"
"TPO","TPO","TPO","3.383366141732285E-4","6.76673228346457E-4","0.0","false","TPO"
"COX7A2L","COX7A2L","COX7A2L","3.690944881889765E-4","7.38188976377953E-4","0.0","false","COX7A2L"
"SUMO1","SUMO1","SUMO1","3.383366141732285E-4","6.76673228346457E-4","0.0","false","SUMO1"
"WDR77","WDR77","WDR77","3.383366141732285E-4","6.76673228346457E-4","0.0","false","WDR77"
"SRM","SRM","SRM","0.0062089383457948","0.0124178766915896","0.0","false","SRM"
"PLEKHM2","PLEKHM2","PLEKHM2","0.0066429268680909","0.0132858537361818","0.0","false","PLEKHM2"
"ATP6V0B","ATP6V0B","ATP6V0B","0.00601481901033085","0.0120296380206617","0.0","false","ATP6V0B"
"TNFAIP3","TNFAIP3","TNFAIP3","0.001955741148515305","0.00391148229703061","0.0","false","TNFAIP3"
"FAM98A","FAM98A","FAM98A","0.0057297627389879","0.0114595254779758","0.0","false","FAM98A"
"DUSP4","DUSP4","DUSP4","3.075787401574805E-4","6.15157480314961E-4","0.0","false","DUSP4"
"STAU1","STAU1","STAU1","0.0","0.0","0.0","false","STAU1"
"NCLN","NCLN","NCLN","0.0061070926323781","0.0122141852647562","0.0","false","NCLN"
"EIF2S2","EIF2S2","EIF2S2","1.84547244094488E-4","3.69094488188976E-4","0.0","false","EIF2S2"
"CANX","CANX","CANX","0.0061070926323781","0.0122141852647562","0.0","false","CANX"
"PODXL","PODXL","PODXL","0.003149549991891745","0.00629909998378349","0.0","false","PODXL"
"COX4I1","COX4I1","COX4I1","3.383366141732285E-4","6.76673228346457E-4","0.0","false","COX4I1"
"SELENOS","SELENOS","SELENOS","0.00116241781835214","0.00232483563670428","0.0","false","SELENOS"
"UTP3","UTP3","UTP3","0.00259590825960828","0.00519181651921656","0.0","false","UTP3"
"GRHL1","GRHL1","GRHL1","0.003149549991891745","0.00629909998378349","0.0","false","GRHL1"
"CCNH","CCNH","CCNH","3.690944881889765E-4","7.38188976377953E-4","0.0","false","CCNH"
"BTF3L4","BTF3L4","BTF3L4","0.00763055712267045","0.0152611142453409","0.0","false","BTF3L4"
"ISCA1","ISCA1","ISCA1","0.00947469287744715","0.0189493857548943","0.0","false","ISCA1"
"CD63","CD63","CD63","0.003736694733258045","0.00747338946651609","0.0","false","CD63"
"CDK4","CDK4","CDK4","0.004478261995711635","0.00895652399142327","0.0","false","CDK4"
"CKAP4","CKAP4","CKAP4","2.46062992125984E-4","4.92125984251968E-4","0.0","false","CKAP4"
"ELAC1","ELAC1","ELAC1","3.690944881889765E-4","7.38188976377953E-4","0.0","false","ELAC1"
"ERVK3-1","ERVK3-1","ERVK3-1","0.0","0.0","0.0","false","ERVK3-1"
"FCN3","FCN3","FCN3","0.00464028677099163","0.00928057354198326","0.0","false","FCN3"
"PSMA5","PSMA5","PSMA5","4.921259842519685E-4","9.84251968503937E-4","0.0","false","PSMA5"
"PFDN2","PFDN2","PFDN2","3.383366141732285E-4","6.76673228346457E-4","0.0","false","PFDN2"
"CHAC2","CHAC2","CHAC2","3.383366141732285E-4","6.76673228346457E-4","0.0","false","CHAC2"
"NFKBIE","NFKBIE","NFKBIE","0.0","0.0","0.0","false","NFKBIE"
"FBXO10","FBXO10","FBXO10","3.998523622047245E-4","7.99704724409449E-4","0.0","false","FBXO10"
"IL18","IL18","IL18","0.001531512306541115","0.00306302461308223","0.0","false","IL18"
"ZCCHC10","ZCCHC10","ZCCHC10","0.0","0.0","0.0","false","ZCCHC10"
"CLIC2","CLIC2","CLIC2",,,"0.0","false","CLIC2"
"VPS26C","VPS26C","VPS26C","2.15305118110236E-4","4.30610236220472E-4","0.0","false","VPS26C"
"CACHD1","CACHD1","CACHD1","1.5378937007874E-4","3.0757874015748E-4","0.0","false","CACHD1"
"UBE2Z","UBE2Z","UBE2Z","0.0","0.0","0.0","false","UBE2Z"
"IRX6","IRX6","IRX6","0.001593028054572615","0.00318605610914523","0.0","false","IRX6"
"MED8","MED8","MED8","0.0086359948738207","0.0172719897476414","0.0","false","MED8"
"GPATCH4","GPATCH4","GPATCH4","3.690944881889765E-4","7.38188976377953E-4","0.0","false","GPATCH4"
"PEA15","PEA15","PEA15","8.30462598425195E-4","0.00166092519685039","0.0","false","PEA15"
"MAPKAPK2","MAPKAPK2","MAPKAPK2","0.00165454380260411","0.00330908760520822","0.0","false","MAPKAPK2"
"TYW5","TYW5","TYW5","3.383366141732285E-4","6.76673228346457E-4","0.0","false","TYW5"
"MTHFD2L","MTHFD2L","MTHFD2L","3.690944881889765E-4","7.38188976377953E-4","0.0","false","MTHFD2L"
"GASK1B","GASK1B","GASK1B","1.23031496062992E-4","2.46062992125984E-4","0.0","false","GASK1B"
"UBLCP1","UBLCP1","UBLCP1","2.768208661417325E-4","5.53641732283465E-4","0.0","false","UBLCP1"
"ADGRF2","ADGRF2","ADGRF2","0.00165454380260411","0.00330908760520822","0.0","false","ADGRF2"
"TTC7B","TTC7B","TTC7B","0.0","0.0","0.0","false","TTC7B"
"CYYR1","CYYR1","CYYR1","9.2273622047244E-5","1.84547244094488E-4","0.0","false","CYYR1"
"CIAO2B","CIAO2B","CIAO2B","2.15305118110236E-4","4.30610236220472E-4","0.0","false","CIAO2B"
"GREM1","GREM1","GREM1","0.00189422540048381","0.00378845080096762","0.0","false","GREM1"
"DOLPP1","DOLPP1","DOLPP1","0.003911669885983105","0.00782333977196621","0.0","false","DOLPP1"
"SPINDOC","SPINDOC","SPINDOC","2.46062992125984E-4","4.92125984251968E-4","0.0","false","SPINDOC"
"GDNF","GDNF","GDNF","0.003090779378927335","0.00618155875785467","0.0","false","GDNF"
"DNAJC21","DNAJC21","DNAJC21","0.0060530369916575","0.012106073983315","0.0","false","DNAJC21"
"RGPD8","RGPD8","RGPD8","0.001390227751851385","0.00278045550370277","0.0","false","RGPD8"
"ZNF764","ZNF764","ZNF764","6.1515748031496E-5","1.23031496062992E-4","0.0","false","ZNF764"
"ZNF35","ZNF35","ZNF35","2.768208661417325E-4","5.53641732283465E-4","0.0","false","ZNF35"
"USP47","USP47","USP47","1.5378937007874E-4","3.0757874015748E-4","0.0","false","USP47"
"KIF5B","KIF5B","KIF5B","0.00407688535838624","0.00815377071677248","0.0","false","KIF5B"
"COMMD1","COMMD1","COMMD1","3.383366141732285E-4","6.76673228346457E-4","0.0","false","COMMD1"
"FBXO45","FBXO45","FBXO45","0.004013515599399775","0.00802703119879955","0.0","false","FBXO45"
"SLCO2A1","SLCO2A1","SLCO2A1","3.075787401574805E-4","6.15157480314961E-4","0.0","false","SLCO2A1"
"ZNF408","ZNF408","ZNF408","0.0","0.0","0.0","false","ZNF408"
"UFSP1","UFSP1","UFSP1","3.075787401574805E-5","6.15157480314961E-5","0.0","false","UFSP1"
"ENSG00000176134.5","ENSG00000176134.5","ENSG00000176134.5","6.1515748031496E-4","0.00123031496062992","0.0","false","ENSG00000176134.5"
"C10orf71","C10orf71","C10orf71","0.00116241781835214","0.00232483563670428","0.0","false","C10orf71"
"NINJ2-AS1","NINJ2-AS1","NINJ2-AS1","0.00990044599454205","0.0198008919890841","0.0","false","NINJ2-AS1"
"METTL23","METTL23","METTL23","6.1515748031496E-5","1.23031496062992E-4","0.0","false","METTL23"
"ALYREF","ALYREF","ALYREF","0.0","0.0","0.0","false","ALYREF"
"UPP1","UPP1","UPP1","0.001223933566383635","0.00244786713276727","0.0","false","UPP1"
"WDSUB1","WDSUB1","WDSUB1","2.15305118110236E-4","4.30610236220472E-4","0.0","false","WDSUB1"
"ZNF79","ZNF79","ZNF79","0.00652327365810355","0.0130465473162071","0.0","false","ZNF79"
"HRCT1","HRCT1","HRCT1","3.998523622047245E-4","7.99704724409449E-4","0.0","false","HRCT1"
"FAM3C","FAM3C","FAM3C","3.383366141732285E-4","6.76673228346457E-4","0.0","false","FAM3C"
"SND1","SND1","SND1","3.075787401574805E-5","6.15157480314961E-5","0.0","false","SND1"
"ATP1A1-AS1","ATP1A1-AS1","ATP1A1-AS1","0.00621294978287895","0.0124258995657579","0.0","false","ATP1A1-AS1"
"ZBTB9","ZBTB9","ZBTB9","3.075787401574805E-5","6.15157480314961E-5","0.0","false","ZBTB9"
"PPP1CB","PPP1CB","PPP1CB","0.00128544931441513","0.00257089862883026","0.0","false","PPP1CB"
"ISCA1P1","ISCA1P1","ISCA1P1","0.001771193904420815","0.00354238780884163","0.0","false","ISCA1P1"
"MEG9","MEG9","MEG9","0.00232483563670428","0.00464967127340856","0.0","false","MEG9"
"ELFN1","ELFN1","ELFN1","1.5378937007874E-4","3.0757874015748E-4","0.0","false","ELFN1"
"ENSG00000227896.2","ENSG00000227896.2","ENSG00000227896.2","0.00145174349988288","0.00290348699976576","0.0","false","ENSG00000227896.2"
"ENSG00000235560.4","ENSG00000235560.4","ENSG00000235560.4","0.001390227751851385","0.00278045550370277","0.0","false","ENSG00000235560.4"
"CCDC71L","CCDC71L","CCDC71L","1.5378937007874E-4","3.0757874015748E-4","0.0","false","CCDC71L"
"POLR2M","POLR2M","POLR2M","6.1515748031496E-5","1.23031496062992E-4","0.0","false","POLR2M"
"ZBTB11-AS1","ZBTB11-AS1","ZBTB11-AS1","0.00165454380260411","0.00330908760520822","0.0","false","ZBTB11-AS1"
"P2RX5-TAX1BP3","P2RX5-TAX1BP3","P2RX5-TAX1BP3","3.075787401574805E-4","6.15157480314961E-4","0.0","false","P2RX5-TAX1BP3"
"CD63-AS1","CD63-AS1","CD63-AS1","0.01163316394453265","0.0232663278890653","0.0","false","CD63-AS1"
"TSPAN5-DT","TSPAN5-DT","TSPAN5-DT","2.768208661417325E-4","5.53641732283465E-4","0.0","false","TSPAN5-DT"
"SRSF8","SRSF8","SRSF8","0.0058398438576058","0.0116796877152116","0.0","false","SRSF8"
"ENSG00000267059.2","ENSG00000267059.2","ENSG00000267059.2","0.01044451563545605","0.0208890312709121","0.0","false","ENSG00000267059.2"
"LCN6","LCN6","LCN6","0.0","0.0","0.0","false","LCN6"
"WDR5B-DT","WDR5B-DT","WDR5B-DT","5.22883858267715E-4","0.00104576771653543","0.0","false","WDR5B-DT"
"LINC00235","LINC00235","LINC00235","2.15305118110236E-4","4.30610236220472E-4","0.0","false","LINC00235"
"ENSG00000279365.1","ENSG00000279365.1","ENSG00000279365.1","3.998523622047245E-4","7.99704724409449E-4","0.0","false","ENSG00000279365.1"
"FLJ38576","FLJ38576","FLJ38576","0.00214028839260979","0.00428057678521958","0.0","false","FLJ38576"
"ENSG00000289609.1","ENSG00000289609.1","ENSG00000289609.1","3.690944881889765E-4","7.38188976377953E-4","0.0","false","ENSG00000289609.1"
"Dimethylglycine","Dimethylglycine","Dimethylglycine","0.03196674659920775","0.0639334931984155","0.0","false","Dimethylglycine"
"dUMP","dUMP","dUMP","0.0796408738390031","0.101376826609488","0.0579049210685182","false","dUMP"
"Acetaminophen","Acetaminophen","Acetaminophen","0.6811457020126866","1.35064597872304","0.0116454253023332","false","Acetaminophen"
"Ectoine","Ectoine","Ectoine","0.437360744140166","0.368423736726202","0.50629775155413","false","Ectoine"
"Tyrosine","Tyrosine","Tyrosine","0.08363085354960961","0.00424458661417323","0.163017120485046","false","Tyrosine"
"FAD","FAD","FAD","0.0","0.0","0.0","false","FAD"
"AMP","AMP","AMP","0.0197954017189499","0.0395908034378998","0.0","false","AMP"
"Trigonelline","Trigonelline","Trigonelline","0.06824803031805485","0.12726186507865","0.00923419555745968","false","Trigonelline"
"CMP","CMP","CMP","0.17545661854712535","0.0336851043442747","0.317228132749976","false","CMP"
"Glutathione","Glutathione","Glutathione","0.04343945652429595","0.0605306514531793","0.0263482615954126","false","Glutathione"
"Ethanolamine","Ethanolamine","Ethanolamine","0.43661498370999197","0.601232298614238","0.271997668805746","false","Ethanolamine"
"Cortisone","Cortisone","Cortisone","0.28813007307268446","0.360101803593212","0.216158342552157","false","Cortisone"
"Caffeine","Caffeine","Caffeine","0.19648366485787389","0.380627923458943","0.0123394062568048","false","Caffeine"
"Cinnamoylglycine","Cinnamoylglycine","Cinnamoylglycine","0.001015009842519685","0.00203001968503937","0.0","false","Cinnamoylglycine"
"Homocitrulline","Homocitrulline","Homocitrulline","0.0080569064382667","0.0","0.0161138128765334","false","Homocitrulline"
"Phenylalanine","Phenylalanine","Phenylalanine","0.210751271807758","0.421502543615516","0.0","false","Phenylalanine"
"ATP","ATP","ATP","0.0098792602118957","0.0197585204237914","0.0","false","ATP"
"Sphinganine","Sphinganine","Sphinganine","0.01968639850440025","0.0","0.0393727970088005","false","Sphinganine"
"Sphingosine","Sphingosine","Sphingosine","0.13126790864209956","0.235824631975351","0.0267111853088481","false","Sphingosine"
"Theobromine","Theobromine","Theobromine","0.011511584767834536","0.00516732283464567","0.0178558467010234","false","Theobromine"
"Mesobilirubinogen","Mesobilirubinogen","Mesobilirubinogen","0.03077783843907185","0.0436998301771203","0.0178558467010234","false","Mesobilirubinogen"
"Adenosine","Adenosine","Adenosine","0.3211604930004815","0.642320986000963","0.0","false","Adenosine"
"Hexose","Hexose","Hexose","0.0","0.0","0.0","false","Hexose"
"PHF20","PHF20","PHF20","3.075787401574805E-5","6.15157480314961E-5","0.0","false","PHF20"
"Retinol","Retinol","Retinol","0.18606174887162003","0.34795277842844","0.0241707193148","false","Retinol"
"UMP","UMP","UMP","0.01189150528363815","0.0","0.0237830105672763","false","UMP"
"Pterin","Pterin","Pterin","0.06745825873787581","0.0592513491234076","0.075665168352344","false","Pterin"
"Uracil","Uracil","Uracil","0.0895048889379156","0.122740669057139","0.0562691088186922","false","Uracil"
"Deoxyguanosine","Deoxyguanosine","Deoxyguanosine","0.5891020479029657","1.15230019446453","0.0259039013414015","false","Deoxyguanosine"
"SZRD1","SZRD1","SZRD1","0.0","0.0","0.0","false","SZRD1"
"Hordenine","Hordenine","Hordenine","0.01116510826771655","0.0223302165354331","0.0","false","Hordenine"
"Phosphoserine","Phosphoserine","Phosphoserine","0.0","0.0","0.0","false","Phosphoserine"
"TOLLIP","TOLLIP","TOLLIP","0.006707820902198","0.013415641804396","0.0","false","TOLLIP"
"MYL6","MYL6","MYL6","2.46062992125984E-4","4.92125984251968E-4","0.0","false","MYL6"
"APOL4","APOL4","APOL4","7.07431102362205E-4","0.00141486220472441","0.0","false","APOL4"
"BRMS1L","BRMS1L","BRMS1L","0.0077228307447177","0.0154456614894354","0.0","false","BRMS1L"
"PLA2G15","PLA2G15","PLA2G15","1.23031496062992E-4","2.46062992125984E-4","0.0","false","PLA2G15"
"GABPB1","GABPB1","GABPB1","0.0","0.0","0.0","false","GABPB1"
"JPH1","JPH1","JPH1","0.00278045550370277","0.00556091100740554","0.0","false","JPH1"
"GCDH","GCDH","GCDH","9.2273622047244E-5","1.84547244094488E-4","0.0","false","GCDH"
"MET","MET","MET","4.921259842519685E-4","9.84251968503937E-4","0.0","false","MET"
"PITRM1","PITRM1","PITRM1","0.00971589875044755","0.0194317975008951","0.0","false","PITRM1"
"CPD","CPD","CPD","3.690944881889765E-4","7.38188976377953E-4","0.0","false","CPD"
"SMURF2","SMURF2","SMURF2","0.002005385232166345","0.00401077046433269","0.0","false","SMURF2"
"DUSP22","DUSP22","DUSP22","0.0","0.0","0.0","false","DUSP22"
"EIF4G1","EIF4G1","EIF4G1","0.002010875502300515","0.00402175100460103","0.0","false","EIF4G1"
"WDR75","WDR75","WDR75","0.0137751642012156","0.0275503284024312","0.0","false","WDR75"
"FBXO30","FBXO30","FBXO30","3.998523622047245E-4","7.99704724409449E-4","0.0","false","FBXO30"
"PGF","PGF","PGF","3.998523622047245E-4","7.99704724409449E-4","0.0","false","PGF"
"FAM53C","FAM53C","FAM53C","0.0115244195120829","0.0230488390241658","0.0","false","FAM53C"
"TRIM25","TRIM25","TRIM25","0.00145174349988288","0.00290348699976576","0.0","false","TRIM25"
"PDS5A","PDS5A","PDS5A","2.15305118110236E-4","4.30610236220472E-4","0.0","false","PDS5A"
"MED13L","MED13L","MED13L","0.002005385232166345","0.00401077046433269","0.0","false","MED13L"
"MPHOSPH10","MPHOSPH10","MPHOSPH10","0.01287980756868325","0.0257596151373665","0.0","false","MPHOSPH10"
"USP9X","USP9X","USP9X",,,"0.0","false","USP9X"
"MOCS1","MOCS1","MOCS1","0.002657424007639775","0.00531484801527955","0.0","false","MOCS1"
"ATXN1","ATXN1","ATXN1","0.0055452154948934","0.0110904309897868","0.0","false","ATXN1"
"POLR1B","POLR1B","POLR1B","1.84547244094488E-4","3.69094488188976E-4","0.0","false","POLR1B"
"TNFSF14","TNFSF14","TNFSF14","0.00619936625442535","0.0123987325088507","0.0","false","TNFSF14"
"ATG14","ATG14","ATG14","0.001513259247914375","0.00302651849582875","0.0","false","ATG14"
"APOL2","APOL2","APOL2","0.00194386948413485","0.0038877389682697","0.0","false","APOL2"
"SNX9","SNX9","SNX9","4.921259842519685E-4","9.84251968503937E-4","0.0","false","SNX9"
"ZSWIM4","ZSWIM4","ZSWIM4","1.5378937007874E-4","3.0757874015748E-4","0.0","false","ZSWIM4"
"RRP8","RRP8","RRP8","2.15305118110236E-4","4.30610236220472E-4","0.0","false","RRP8"
"EFR3A","EFR3A","EFR3A","0.001531512306541115","0.00306302461308223","0.0","false","EFR3A"
"IRAK2","IRAK2","IRAK2","0.0","0.0","0.0","false","IRAK2"
"RAPGEF5","RAPGEF5","RAPGEF5","9.2273622047244E-5","1.84547244094488E-4","0.0","false","RAPGEF5"
"AP1AR","AP1AR","AP1AR","2.768208661417325E-4","5.53641732283465E-4","0.0","false","AP1AR"
"DEF8","DEF8","DEF8","0.00259590825960828","0.00519181651921656","0.0","false","DEF8"
"TAF4B","TAF4B","TAF4B","0.004198062843494265","0.00839612568698853","0.0","false","TAF4B"
"WNT9A","WNT9A","WNT9A","0.0","0.0","0.0","false","WNT9A"
"ABT1","ABT1","ABT1","0.0","0.0","0.0","false","ABT1"
"TMEM140","TMEM140","TMEM140","3.690944881889765E-4","7.38188976377953E-4","0.0","false","TMEM140"
"LIN7C","LIN7C","LIN7C","0.0261191375341861","0.0522382750683722","0.0","false","LIN7C"
"RMND5A","RMND5A","RMND5A","1.23031496062992E-4","2.46062992125984E-4","0.0","false","RMND5A"
"CCDC174","CCDC174","CCDC174","0.0","0.0","0.0","false","CCDC174"
"TIPARP","TIPARP","TIPARP","2.768208661417325E-4","5.53641732283465E-4","0.0","false","TIPARP"
"TCP11L2","TCP11L2","TCP11L2","0.001100902070320645","0.00220180414064129","0.0","false","TCP11L2"
"ARIH1","ARIH1","ARIH1","3.075787401574805E-4","6.15157480314961E-4","0.0","false","ARIH1"
"SERPINF2","SERPINF2","SERPINF2","0.00259590825960828","0.00519181651921656","0.0","false","SERPINF2"
"TAS1R3","TAS1R3","TAS1R3","0.001882353736103355","0.00376470747220671","0.0","false","TAS1R3"
"ENSG00000170846.17","ENSG00000170846.17","ENSG00000170846.17","3.690944881889765E-4","7.38188976377953E-4","0.0","false","ENSG00000170846.17"
"FEZ2","FEZ2","FEZ2","3.998523622047245E-4","7.99704724409449E-4","0.0","false","FEZ2"
"PRNP","PRNP","PRNP","0.01669096842741785","0.0333819368548357","0.0","false","PRNP"
"RBM4","RBM4","RBM4","0.0","0.0","0.0","false","RBM4"
"NUPR1","NUPR1","NUPR1","9.7787057425765E-4","0.0019557411485153","0.0","false","NUPR1"
"ANO6","ANO6","ANO6","0.0","0.0","0.0","false","ANO6"
"GATD1","GATD1","GATD1","3.690944881889765E-4","7.38188976377953E-4","0.0","false","GATD1"
"LCORL","LCORL","LCORL","0.00547074936941685","0.0109414987388337","0.0","false","LCORL"
"FAM219B","FAM219B","FAM219B","0.00145174349988288","0.00290348699976576","0.0","false","FAM219B"
"H2BC21","H2BC21","H2BC21","0.0020172568965468","0.0040345137930936","0.0","false","H2BC21"
"RALGAPA2","RALGAPA2","RALGAPA2","0.0","0.0","0.0","false","RALGAPA2"
"NKAIN2","NKAIN2","NKAIN2","0.01226127180229265","0.0245225436045853","0.0","false","NKAIN2"
"CRACDL","CRACDL","CRACDL","0.0","0.0","0.0","false","CRACDL"
"ZNF770","ZNF770","ZNF770",,,"0.0","false","ZNF770"
"RBMXL1","RBMXL1","RBMXL1","0.00609885722717685","0.0121977144543537","0.0","false","RBMXL1"
"DNM3OS","DNM3OS","DNM3OS","0.001574774995945875","0.00314954999189175","0.0","false","DNM3OS"
"SVIL2P","SVIL2P","SVIL2P","9.2273622047244E-5","1.84547244094488E-4","0.0","false","SVIL2P"
"SNHG3","SNHG3","SNHG3","0.0","0.0","0.0","false","SNHG3"
"LINC00847","LINC00847","LINC00847","0.003949254716301195","0.00789850943260239","0.0","false","LINC00847"
"PGAM1P8","PGAM1P8","PGAM1P8","6.1515748031496E-5","1.23031496062992E-4","0.0","false","PGAM1P8"
"DDN-AS1","DDN-AS1","DDN-AS1","0.004785840735869115","0.00957168147173823","0.0","false","DDN-AS1"
"ENSG00000274104.1","ENSG00000274104.1","ENSG00000274104.1","0.001267196255788395","0.00253439251157679","0.0","false","ENSG00000274104.1"
"ZKSCAN2-DT","ZKSCAN2-DT","ZKSCAN2-DT","3.383366141732285E-4","6.76673228346457E-4","0.0","false","ZKSCAN2-DT"
"IQCJ-SCHIP1","IQCJ-SCHIP1","IQCJ-SCHIP1","1.84547244094488E-4","3.69094488188976E-4","0.0","false","IQCJ-SCHIP1"
"DERPC","DERPC","DERPC","0.0","0.0","0.0","false","DERPC"
"Targinine","Targinine","Targinine","0.03968621267545325","0.0046136811023622","0.0747587442485443","false","Targinine"
"FKBP4","FKBP4","FKBP4","0.001826328258206025","0.00365265651641205","0.0","false","FKBP4"
"DHA","DHA","DHA","0.002744161839828905","0.00338336614173228","0.00210495753792553","false","DHA"
"IBTK","IBTK","IBTK","6.1515748031496E-5","1.23031496062992E-4","0.0","false","IBTK"
"TTC19","TTC19","TTC19","0.00183270965245231","0.00366541930490462","0.0","false","TTC19"
"GLRX2","GLRX2","GLRX2","0.0","0.0","0.0","false","GLRX2"
"FAM13B","FAM13B","FAM13B","6.1515748031496E-5","1.23031496062992E-4","0.0","false","FAM13B"
"POLB","POLB","POLB","0.0","0.0","0.0","false","POLB"
"BCAP29","BCAP29","BCAP29","3.383366141732285E-4","6.76673228346457E-4","0.0","false","BCAP29"
"AACS","AACS","AACS","6.1515748031496E-5","1.23031496062992E-4","0.0","false","AACS"
"DNM1L","DNM1L","DNM1L","1.84547244094488E-4","3.69094488188976E-4","0.0","false","DNM1L"
"PXN","PXN","PXN","0.01721723057176125","0.0344344611435225","0.0","false","PXN"
"KIF16B","KIF16B","KIF16B","3.383366141732285E-4","6.76673228346457E-4","0.0","false","KIF16B"
"PITPNM2","PITPNM2","PITPNM2","3.690944881889765E-4","7.38188976377953E-4","0.0","false","PITPNM2"
"SCFD1","SCFD1","SCFD1","0.0079251854853829","0.0158503709707658","0.0","false","SCFD1"
"KRT31","KRT31","KRT31","0.014270810618425","0.02854162123685","0.0","false","KRT31"
"RANGAP1","RANGAP1","RANGAP1","0.0","0.0","0.0","false","RANGAP1"
"SRP54","SRP54","SRP54","0.0","0.0","0.0","false","SRP54"
"KPNA3","KPNA3","KPNA3","3.075787401574805E-4","6.15157480314961E-4","0.0","false","KPNA3"
"PSMD7","PSMD7","PSMD7","0.0067530079867088","0.0135060159734176","0.0","false","PSMD7"
"AAGAB","AAGAB","AAGAB","0.00783157517716745","0.0156631503543349","0.0","false","AAGAB"
"EIF3J","EIF3J","EIF3J","3.383366141732285E-4","6.76673228346457E-4","0.0","false","EIF3J"
"ZDHHC2","ZDHHC2","ZDHHC2","0.001513259247914375","0.00302651849582875","0.0","false","ZDHHC2"
"PLA2G4C","PLA2G4C","PLA2G4C","0.00165454380260411","0.00330908760520822","0.0","false","PLA2G4C"
"SEC23IP","SEC23IP","SEC23IP","0.00510165488122785","0.0102033097624557","0.0","false","SEC23IP"
"SLAIN2","SLAIN2","SLAIN2","6.1515748031496E-5","1.23031496062992E-4","0.0","false","SLAIN2"
"LRP2BP","LRP2BP","LRP2BP","0.001826328258206025","0.00365265651641205","0.0","false","LRP2BP"
"SMOC2","SMOC2","SMOC2",,,"0.0","false","SMOC2"
"COX7A2","COX7A2","COX7A2","3.383366141732285E-4","6.76673228346457E-4","0.0","false","COX7A2"
"UBE3A","UBE3A","UBE3A","0.001100902070320645","0.00220180414064129","0.0","false","UBE3A"
"MAPKAPK3","MAPKAPK3","MAPKAPK3","3.383366141732285E-4","6.76673228346457E-4","0.0","false","MAPKAPK3"
"SNX17","SNX17","SNX17","0.00601481901033085","0.0120296380206617","0.0","false","SNX17"
"STRN","STRN","STRN","1.23031496062992E-4","2.46062992125984E-4","0.0","false","STRN"
"KCNC4","KCNC4","KCNC4","0.002805089956575795","0.00561017991315159","0.0","false","KCNC4"
"IPO13","IPO13","IPO13","0.00165454380260411","0.00330908760520822","0.0","false","IPO13"
"PHF19","PHF19","PHF19","0.004834406106455545","0.00966881221291109","0.0","false","PHF19"
"GPR68","GPR68","GPR68","2.15305118110236E-4","4.30610236220472E-4","0.0","false","GPR68"
"NAA50","NAA50","NAA50","3.075787401574805E-4","6.15157480314961E-4","0.0","false","NAA50"
"SLC25A16","SLC25A16","SLC25A16","1.23031496062992E-4","2.46062992125984E-4","0.0","false","SLC25A16"
"SNRNP27","SNRNP27","SNRNP27","4.921259842519685E-4","9.84251968503937E-4","0.0","false","SNRNP27"
"RAB17","RAB17","RAB17","1.23031496062992E-4","2.46062992125984E-4","0.0","false","RAB17"
"SNRPB2","SNRPB2","SNRPB2","3.383366141732285E-4","6.76673228346457E-4","0.0","false","SNRPB2"
"POMP","POMP","POMP","3.383366141732285E-4","6.76673228346457E-4","0.0","false","POMP"
"TCEAL4","TCEAL4","TCEAL4","3.690944881889765E-4","7.38188976377953E-4","0.0","false","TCEAL4"
"SYT6","SYT6","SYT6","0.002386351384735775","0.00477270276947155","0.0","false","SYT6"
"FHOD1","FHOD1","FHOD1","3.075787401574805E-4","6.15157480314961E-4","0.0","false","FHOD1"
"SCYL2","SCYL2","SCYL2","3.383366141732285E-4","6.76673228346457E-4","0.0","false","SCYL2"
"TBRG4","TBRG4","TBRG4","3.690944881889765E-4","7.38188976377953E-4","0.0","false","TBRG4"
"TMOD1","TMOD1","TMOD1","3.690944881889765E-4","7.38188976377953E-4","0.0","false","TMOD1"
"ZSCAN9","ZSCAN9","ZSCAN9","3.690944881889765E-4","7.38188976377953E-4","0.0","false","ZSCAN9"
"GTF2A2","GTF2A2","GTF2A2","0.0","0.0","0.0","false","GTF2A2"
"UBE2Q2","UBE2Q2","UBE2Q2","0.00351864448008072","0.00703728896016144","0.0","false","UBE2Q2"
"ST8SIA2","ST8SIA2","ST8SIA2","0.0069197477342326","0.0138394954684652","0.0","false","ST8SIA2"
"TXNL4B","TXNL4B","TXNL4B","0.004478261995711635","0.00895652399142327","0.0","false","TXNL4B"
"GREB1L","GREB1L","GREB1L","1.5378937007874E-4","3.0757874015748E-4","0.0","false","GREB1L"
"TRPM2","TRPM2","TRPM2","0.00158664666032633","0.00317329332065266","0.0","false","TRPM2"
"ALDH1L1","ALDH1L1","ALDH1L1","3.383366141732285E-4","6.76673228346457E-4","0.0","false","ALDH1L1"
"NDUFS6","NDUFS6","NDUFS6","0.00116241781835214","0.00232483563670428","0.0","false","NDUFS6"
"NTMT1","NTMT1","NTMT1","3.690944881889765E-4","7.38188976377953E-4","0.0","false","NTMT1"
"HTR7","HTR7","HTR7","2.768208661417325E-4","5.53641732283465E-4","0.0","false","HTR7"
"EIF3M","EIF3M","EIF3M","7.38188976377955E-4","0.00147637795275591","0.0","false","EIF3M"
"ATPSCKMT","ATPSCKMT","ATPSCKMT","0.0","0.0","0.0","false","ATPSCKMT"
"TBRG1","TBRG1","TBRG1","1.23031496062992E-4","2.46062992125984E-4","0.0","false","TBRG1"
"CARNMT1","CARNMT1","CARNMT1","0.001882353736103355","0.00376470747220671","0.0","false","CARNMT1"
"SEC13","SEC13","SEC13","5.84399606299215E-4","0.00116879921259843","0.0","false","SEC13"
"PSMB4","PSMB4","PSMB4","1.23031496062992E-4","2.46062992125984E-4","0.0","false","PSMB4"
"ATP6V0D1","ATP6V0D1","ATP6V0D1","3.690944881889765E-4","7.38188976377953E-4","0.0","false","ATP6V0D1"
"FBXO27","FBXO27","FBXO27","0.0","0.0","0.0","false","FBXO27"
"ADCY10P1","ADCY10P1","ADCY10P1","5.22883858267715E-4","0.00104576771653543","0.0","false","ADCY10P1"
"PSMD6","PSMD6","PSMD6","0.00601481901033085","0.0120296380206617","0.0","false","PSMD6"
"RYK","RYK","RYK","0.0","0.0","0.0","false","RYK"
"VCP","VCP","VCP",,,"0.0","false","VCP"
"IDH3A","IDH3A","IDH3A","3.690944881889765E-4","7.38188976377953E-4","0.0","false","IDH3A"
"NXN","NXN","NXN","0.0038262232202382","0.0076524464404764","0.0","false","NXN"
"CD320","CD320","CD320","3.690944881889765E-4","7.38188976377953E-4","0.0","false","CD320"
"COA6","COA6","COA6","0.0","0.0","0.0","false","COA6"
"MMADHC","MMADHC","MMADHC","3.383366141732285E-4","6.76673228346457E-4","0.0","false","MMADHC"
"RAMAC","RAMAC","RAMAC","0.001100902070320645","0.00220180414064129","0.0","false","RAMAC"
"UGP2","UGP2","UGP2","0.00116241781835214","0.00232483563670428","0.0","false","UGP2"
"SLN","SLN","SLN","0.003026518495828755","0.00605303699165751","0.0","false","SLN"
"HSPA4","HSPA4","HSPA4","0.0","0.0","0.0","false","HSPA4"
"CYCS","CYCS","CYCS","0.00601481901033085","0.0120296380206617","0.0","false","CYCS"
"CLP1","CLP1","CLP1","0.0","0.0","0.0","false","CLP1"
"VDAC2P5","VDAC2P5","VDAC2P5","3.075787401574805E-4","6.15157480314961E-4","0.0","false","VDAC2P5"
"PPP1R14B","PPP1R14B","PPP1R14B","6.1515748031496E-4","0.00123031496062992","0.0","false","PPP1R14B"
"UBXN2A","UBXN2A","UBXN2A","0.00638391349851985","0.0127678269970397","0.0","false","UBXN2A"
"GNG5","GNG5","GNG5","3.383366141732285E-4","6.76673228346457E-4","0.0","false","GNG5"
"DCTN2","DCTN2","DCTN2","3.690944881889765E-4","7.38188976377953E-4","0.0","false","DCTN2"
"AURKAIP1","AURKAIP1","AURKAIP1","3.383366141732285E-4","6.76673228346457E-4","0.0","false","AURKAIP1"
"CDC26","CDC26","CDC26","0.00601481901033085","0.0120296380206617","0.0","false","CDC26"
"ZDHHC13","ZDHHC13","ZDHHC13","0.0","0.0","0.0","false","ZDHHC13"
"CD151","CD151","CD151","0.0","0.0","0.0","false","CD151"
"FLII","FLII","FLII","3.690944881889765E-4","7.38188976377953E-4","0.0","false","FLII"
"TMEM11","TMEM11","TMEM11","3.690944881889765E-4","7.38188976377953E-4","0.0","false","TMEM11"
"PUF60","PUF60","PUF60","3.075787401574805E-5","6.15157480314961E-5","0.0","false","PUF60"
"SOCS4","SOCS4","SOCS4","0.001100902070320645","0.00220180414064129","0.0","false","SOCS4"
"PGBD4","PGBD4","PGBD4","6.76673228346455E-4","0.00135334645669291","0.0","false","PGBD4"
"UBE2G2","UBE2G2","UBE2G2","3.998523622047245E-4","7.99704724409449E-4","0.0","false","UBE2G2"
"APOO","APOO","APOO","0.00165454380260411","0.00330908760520822","0.0","false","APOO"
"TRDN","TRDN","TRDN","0.001223933566383635","0.00244786713276727","0.0","false","TRDN"
"SMIM29","SMIM29","SMIM29","0.0","0.0","0.0","false","SMIM29"
"SECISBP2","SECISBP2","SECISBP2","0.001513259247914375","0.00302651849582875","0.0","false","SECISBP2"
"BLOC1S2","BLOC1S2","BLOC1S2","0.00243599546838682","0.00487199093677364","0.0","false","BLOC1S2"
"ANXA4","ANXA4","ANXA4","0.0","0.0","0.0","false","ANXA4"
"RPF2","RPF2","RPF2","0.00601481901033085","0.0120296380206617","0.0","false","RPF2"
"RASSF9","RASSF9","RASSF9","1.84547244094488E-4","3.69094488188976E-4","0.0","false","RASSF9"
"ARMCX6","ARMCX6","ARMCX6","0.0061070926323781","0.0122141852647562","0.0","false","ARMCX6"
"ABCF1","ABCF1","ABCF1","0.0","0.0","0.0","false","ABCF1"
"CHUK","CHUK","CHUK","3.690944881889765E-4","7.38188976377953E-4","0.0","false","CHUK"
"ZNF503-AS1","ZNF503-AS1","ZNF503-AS1","0.0","0.0","0.0","false","ZNF503-AS1"
"LINC02608","LINC02608","LINC02608","1.5378937007874E-4","3.0757874015748E-4","0.0","false","LINC02608"
"HSBP1","HSBP1","HSBP1","0.0061070926323781","0.0122141852647562","0.0","false","HSBP1"
"LINC00327","LINC00327","LINC00327","3.383366141732285E-4","6.76673228346457E-4","0.0","false","LINC00327"
"TMEM250","TMEM250","TMEM250","3.998523622047245E-4","7.99704724409449E-4","0.0","false","TMEM250"
"DBNDD2","DBNDD2","DBNDD2","6.1515748031496E-4","0.00123031496062992","0.0","false","DBNDD2"
"PLBD1-AS1","PLBD1-AS1","PLBD1-AS1","2.46062992125984E-4","4.92125984251968E-4","0.0","false","PLBD1-AS1"
"ENSG00000259868.3","ENSG00000259868.3","ENSG00000259868.3","0.0","0.0","0.0","false","ENSG00000259868.3"
"ENSG00000263620.1","ENSG00000263620.1","ENSG00000263620.1","3.075787401574805E-4","6.15157480314961E-4","0.0","false","ENSG00000263620.1"
"BUD13P1","BUD13P1","BUD13P1","2.46062992125984E-4","4.92125984251968E-4","0.0","false","BUD13P1"
"AGBL1","AGBL1","AGBL1","4.613681102362205E-4","9.22736220472441E-4","0.0","false","AGBL1"
"PRAG1","PRAG1","PRAG1","0.00299512747080445","0.0059902549416089","0.0","false","PRAG1"
"NPTN-IT1","NPTN-IT1","NPTN-IT1","0.0090119880810428","0.0180239761620856","0.0","false","NPTN-IT1"
"ENSG00000286986.1","ENSG00000286986.1","ENSG00000286986.1","1.23031496062992E-4","2.46062992125984E-4","0.0","false","ENSG00000286986.1"
"ENSG00000287592.1","ENSG00000287592.1","ENSG00000287592.1","2.768208661417325E-4","5.53641732283465E-4","0.0","false","ENSG00000287592.1"
"Sarcosine","Sarcosine","Sarcosine","0.0367734641684131","0.0277795925332511","0.0457673358035751","false","Sarcosine"
"Acetylphosphate","Acetylphosphate","Acetylphosphate","0.25162370595983236","0.460124993325224","0.0431224185944407","false","Acetylphosphate"
"HDAC9","HDAC9","HDAC9","2.46062992125984E-4","4.92125984251968E-4","0.0","false","HDAC9"
"TPD52L2","TPD52L2","TPD52L2","0.0","0.0","0.0","false","TPD52L2"
"HDAC5","HDAC5","HDAC5","0.0","0.0","0.0","false","HDAC5"
"CCNT1","CCNT1","CCNT1","3.690944881889765E-4","7.38188976377953E-4","0.0","false","CCNT1"
"TEX10","TEX10","TEX10","0.0129447016027904","0.0258894032055808","0.0","false","TEX10"
"WARS1","WARS1","WARS1","0.002742683084432185","0.00548536616886437","0.0","false","WARS1"
"PSD3","PSD3","PSD3","0.00426143260248073","0.00852286520496146","0.0","false","PSD3"
"TSPAN7","TSPAN7","TSPAN7","0.001820837988071855","0.00364167597614371","0.0","false","TSPAN7"
"NOLC1","NOLC1","NOLC1","0.0","0.0","0.0","false","NOLC1"
"KIAA2026","KIAA2026","KIAA2026","0.002189932476260835","0.00437986495252167","0.0","false","KIAA2026"
"ZNF17","ZNF17","ZNF17","0.004188490752124835","0.00837698150424967","0.0","false","ZNF17"
"INPP5F","INPP5F","INPP5F","3.383366141732285E-4","6.76673228346457E-4","0.0","false","INPP5F"
"ENSG00000229821.1","ENSG00000229821.1","ENSG00000229821.1","3.690944881889765E-4","7.38188976377953E-4","0.0","false","ENSG00000229821.1"
"ENSG00000232807.2","ENSG00000232807.2","ENSG00000232807.2","0.0","0.0","0.0","false","ENSG00000232807.2"
"KCTD7","KCTD7","KCTD7","3.075787401574805E-5","6.15157480314961E-5","0.0","false","KCTD7"
"ENSG00000249456.1","ENSG00000249456.1","ENSG00000249456.1","0.0","0.0","0.0","false","ENSG00000249456.1"
"ENSG00000261663.1","ENSG00000261663.1","ENSG00000261663.1","1.23031496062992E-4","2.46062992125984E-4","0.0","false","ENSG00000261663.1"
"Putrescine","Putrescine","Putrescine","0.178930946427688","0.357861892855376","0.0","false","Putrescine"
"Theophylline","Theophylline","Theophylline","0.020926277991650165","0.00104576771653543","0.0408067882667649","false","Theophylline"
"Acetylcholine","Acetylcholine","Acetylcholine","0.2213888782413788","0.44147123111439","0.00130652536836757","false","Acetylcholine"
"Monoethylglycinexylidide","Monoethylglycinexylidide","Monoethylglycinexylidide","0.7843427844342163","0.0745801726157228","1.49410539625271","false","Monoethylglycinexylidide"
"Valine","Valine","Valine","0.20333794969036054","0.319683970450036","0.0869919289306851","false","Valine"
"Threonine","Threonine","Threonine","0.014553240908761","0.0","0.029106481817522","false","Threonine"
"UTP","UTP","UTP","0.046737040581198","0.0696344190886322","0.0238396620737638","false","UTP"
"Uridine","Uridine","Uridine","0.0202546839288528","0.0","0.0405093678577056","false","Uridine"
"CAPN1","CAPN1","CAPN1","5.84399606299215E-4","0.00116879921259843","0.0","false","CAPN1"
"NR1H3","NR1H3","NR1H3","0.0","0.0","0.0","false","NR1H3"
"Triethanolamine","Triethanolamine","Triethanolamine","0.01843536907425675","0.0368707381485135","0.0","false","Triethanolamine"
"MCM6","MCM6","MCM6","0.0","0.0","0.0","false","MCM6"
"KCNK2","KCNK2","KCNK2","6.1515748031496E-5","1.23031496062992E-4","0.0","false","KCNK2"
"REST","REST","REST","3.690944881889765E-4","7.38188976377953E-4","0.0","false","REST"
"TTC23","TTC23","TTC23","0.00358016022811222","0.00716032045622444","0.0","false","TTC23"
"BMF","BMF","BMF","1.23031496062992E-4","2.46062992125984E-4","0.0","false","BMF"
"SARS2","SARS2","SARS2","3.383366141732285E-4","6.76673228346457E-4","0.0","false","SARS2"
"NKG7","NKG7","NKG7","6.1515748031496E-4","0.00123031496062992","0.0","false","NKG7"
"RGS9","RGS9","RGS9","6.76673228346455E-4","0.00135334645669291","0.0","false","RGS9"
"HOXB6","HOXB6","HOXB6","0.00250938288079877","0.00501876576159754","0.0","false","HOXB6"
"DCUN1D4","DCUN1D4","DCUN1D4","0.0","0.0","0.0","false","DCUN1D4"
"ATG2A","ATG2A","ATG2A","0.00525333226724805","0.0105066645344961","0.0","false","ATG2A"
"FRMD4B","FRMD4B","FRMD4B","0.0","0.0","0.0","false","FRMD4B"
"SOS1","SOS1","SOS1","2.768208661417325E-4","5.53641732283465E-4","0.0","false","SOS1"
"PIGZ","PIGZ","PIGZ","2.15305118110236E-4","4.30610236220472E-4","0.0","false","PIGZ"
"PYROXD2","PYROXD2","PYROXD2","0.00152513091229483","0.00305026182458966","0.0","false","PYROXD2"
"KDM4B","KDM4B","KDM4B",,,"0.0","false","KDM4B"
"ZNF331","ZNF331","ZNF331","0.005868489747563","0.011736979495126","0.0","false","ZNF331"
"FBXO44","FBXO44","FBXO44","0.0","0.0","0.0","false","FBXO44"
"RSAD2","RSAD2","RSAD2","9.2273622047244E-5","1.84547244094488E-4","0.0","false","RSAD2"
"RAB30","RAB30","RAB30","0.00446531161826657","0.00893062323653314","0.0","false","RAB30"
"MSTN","MSTN","MSTN","0.0","0.0","0.0","false","MSTN"
"VPS33A","VPS33A","VPS33A","2.768208661417325E-4","5.53641732283465E-4","0.0","false","VPS33A"
"GASK1A","GASK1A","GASK1A","5.84399606299215E-4","0.00116879921259843","0.0","false","GASK1A"
"CYP17A1","CYP17A1","CYP17A1","4.306102362204725E-4","8.61220472440945E-4","0.0","false","CYP17A1"
"SPEF2","SPEF2","SPEF2","1.5378937007874E-4","3.0757874015748E-4","0.0","false","SPEF2"
"TSC22D3","TSC22D3","TSC22D3","0.00145174349988288","0.00290348699976576","0.0","false","TSC22D3"
"DEDD2","DEDD2","DEDD2","0.00103938632228915","0.0020787726445783","0.0","false","DEDD2"
"CPT1C","CPT1C","CPT1C","0.0052035005946445","0.010407001189289","0.0","false","CPT1C"
"SLC30A1","SLC30A1","SLC30A1","0.0","0.0","0.0","false","SLC30A1"
"ZNF449","ZNF449","ZNF449","0.001279067920168845","0.00255813584033769","0.0","false","ZNF449"
"ZSCAN2","ZSCAN2","ZSCAN2","2.15305118110236E-4","4.30610236220472E-4","0.0","false","ZSCAN2"
"LPCAT4","LPCAT4","LPCAT4","0.0","0.0","0.0","false","LPCAT4"
"ODF3B","ODF3B","ODF3B","1.23031496062992E-4","2.46062992125984E-4","0.0","false","ODF3B"
"TPPP2","TPPP2","TPPP2","0.00194935975426902","0.00389871950853804","0.0","false","TPPP2"
"DIP2C-AS1","DIP2C-AS1","DIP2C-AS1","0.0","0.0","0.0","false","DIP2C-AS1"
"HOXC9","HOXC9","HOXC9","0.00339561298401773","0.00679122596803546","0.0","false","HOXC9"
"CYB5D1","CYB5D1","CYB5D1","0.0","0.0","0.0","false","CYB5D1"
"LIN9","LIN9","LIN9","0.00358016022811222","0.00716032045622444","0.0","false","LIN9"
"HTR7P1","HTR7P1","HTR7P1","2.15305118110236E-4","4.30610236220472E-4","0.0","false","HTR7P1"
"RNU4-2","RNU4-2","RNU4-2","2.15305118110236E-4","4.30610236220472E-4","0.0","false","RNU4-2"
"PBX2","PBX2","PBX2","0.0057297627389879","0.0114595254779758","0.0","false","PBX2"
"SPDYE18","SPDYE18","SPDYE18","0.00638391349851985","0.0127678269970397","0.0","false","SPDYE18"
"H1-10-AS1","H1-10-AS1","H1-10-AS1","0.0","0.0","0.0","false","H1-10-AS1"
"ZNF625-ZNF20","ZNF625-ZNF20","ZNF625-ZNF20","4.306102362204725E-4","8.61220472440945E-4","0.0","false","ZNF625-ZNF20"
"NCKIPSD","NCKIPSD","NCKIPSD","9.2273622047244E-5","1.84547244094488E-4","0.0","false","NCKIPSD"
"HPN-AS1","HPN-AS1","HPN-AS1","1.5378937007874E-4","3.0757874015748E-4","0.0","false","HPN-AS1"
"NPIPA9","NPIPA9","NPIPA9","9.2273622047244E-5","1.84547244094488E-4","0.0","false","NPIPA9"
"DICER1-AS1","DICER1-AS1","DICER1-AS1","0.002841971251734265","0.00568394250346853","0.0","false","DICER1-AS1"
"PKN2-AS1","PKN2-AS1","PKN2-AS1",,,"0.0","false","PKN2-AS1"
"ZNF702P","ZNF702P","ZNF702P","0.00638391349851985","0.0127678269970397","0.0","false","ZNF702P"
"UPK3B","UPK3B","UPK3B","4.613681102362205E-4","9.22736220472441E-4","0.0","false","UPK3B"
"ENSG00000247679.3","ENSG00000247679.3","ENSG00000247679.3","0.00145174349988288","0.00290348699976576","0.0","false","ENSG00000247679.3"
"ADH1C","ADH1C","ADH1C","1.23031496062992E-4","2.46062992125984E-4","0.0","false","ADH1C"
"MIR100HG","MIR100HG","MIR100HG","0.0","0.0","0.0","false","MIR100HG"
"ENSG00000256694.1","ENSG00000256694.1","ENSG00000256694.1","0.00431834920449017","0.00863669840898034","0.0","false","ENSG00000256694.1"
"FNTB","FNTB","FNTB","1.23031496062992E-4","2.46062992125984E-4","0.0","false","FNTB"
"FSBP","FSBP","FSBP","6.76673228346455E-4","0.00135334645669291","0.0","false","FSBP"
"ENSG00000273711.2","ENSG00000273711.2","ENSG00000273711.2",,,"0.0","false","ENSG00000273711.2"
"PIK3R6","PIK3R6","PIK3R6","3.075787401574805E-4","6.15157480314961E-4","0.0","false","PIK3R6"
"ENSG00000279488.1","ENSG00000279488.1","ENSG00000279488.1","0.0","0.0","0.0","false","ENSG00000279488.1"
"ENSG00000284820.1","ENSG00000284820.1","ENSG00000284820.1","4.921259842519685E-4","9.84251968503937E-4","0.0","false","ENSG00000284820.1"
"Citrulline","Citrulline","Citrulline","0.09309931650131881","0.1532451598227","0.0329534731799376","false","Citrulline"
"TSPAN6","TSPAN6","TSPAN6","0.0","0.0","0.0","false","TSPAN6"
"Carnitine","Carnitine","Carnitine","0.3531556862370525","0.583447313024207","0.122864059449898","false","Carnitine"
"Serine","Serine","Serine","0.0887351556285257","0.130507982738506","0.0469623285185454","false","Serine"
"EPA","EPA","EPA","0.05218960946691475","0.0046136811023622","0.0997655378314673","false","EPA"
"Bilirubin","Bilirubin","Bilirubin","0.017542193185864374","0.00227608267716535","0.0328083036945634","false","Bilirubin"
"GTP","GTP","GTP","0.00315743630688829","0.0","0.00631487261377658","false","GTP"
"Arginine","Arginine","Arginine","0.0164767365899688","0.0","0.0329534731799376","false","Arginine"
"BAIAP2L1","BAIAP2L1","BAIAP2L1","3.690944881889765E-4","7.38188976377953E-4","0.0","false","BAIAP2L1"
"ADGRA2","ADGRA2","ADGRA2",,,"0.0","false","ADGRA2"
"ADCK1","ADCK1","ADCK1","0.0","0.0","0.0","false","ADCK1"
"PDIA5","PDIA5","PDIA5","0.0","0.0","0.0","false","PDIA5"
"NDST1","NDST1","NDST1","0.0026820584605128","0.0053641169210256","0.0","false","NDST1"
"HACD3","HACD3","HACD3",,,"0.0","false","HACD3"
"ARFRP1","ARFRP1","ARFRP1","0.00601481901033085","0.0120296380206617","0.0","false","ARFRP1"
"TAFAZZIN","TAFAZZIN","TAFAZZIN","9.2273622047244E-5","1.84547244094488E-4","0.0","false","TAFAZZIN"
"TRIM35","TRIM35","TRIM35","0.00358016022811222","0.00716032045622444","0.0","false","TRIM35"
"CCDC61","CCDC61","CCDC61","1.5378937007874E-4","3.0757874015748E-4","0.0","false","CCDC61"
"CDH23","CDH23","CDH23","9.2273622047244E-5","1.84547244094488E-4","0.0","false","CDH23"
"RAD50","RAD50","RAD50","4.306102362204725E-4","8.61220472440945E-4","0.0","false","RAD50"
"PCDH12","PCDH12","PCDH12","0.004936251819872215","0.00987250363974443","0.0","false","PCDH12"
"STXBP3","STXBP3","STXBP3","0.0","0.0","0.0","false","STXBP3"
"DHDDS","DHDDS","DHDDS","0.0","0.0","0.0","false","DHDDS"
"PEX16","PEX16","PEX16","3.690944881889765E-4","7.38188976377953E-4","0.0","false","PEX16"
"MRM2","MRM2","MRM2","3.383366141732285E-4","6.76673228346457E-4","0.0","false","MRM2"
"ACO1","ACO1","ACO1","6.1515748031496E-5","1.23031496062992E-4","0.0","false","ACO1"
"STIL","STIL","STIL","0.001531512306541115","0.00306302461308223","0.0","false","STIL"
"EXOSC9","EXOSC9","EXOSC9","0.00638391349851985","0.0127678269970397","0.0","false","EXOSC9"
"THEM6","THEM6","THEM6","0.00866203777559265","0.0173240755511853","0.0","false","THEM6"
"ARHGEF11","ARHGEF11","ARHGEF11","0.00296500274779726","0.00593000549559452","0.0","false","ARHGEF11"
"ADCK2","ADCK2","ADCK2","3.383366141732285E-4","6.76673228346457E-4","0.0","false","ADCK2"
"CDC73","CDC73","CDC73","0.0","0.0","0.0","false","CDC73"
"RELCH","RELCH","RELCH",,,"0.0","false","RELCH"
"TOR1A","TOR1A","TOR1A","0.00165454380260411","0.00330908760520822","0.0","false","TOR1A"
"NT5C3B","NT5C3B","NT5C3B","3.690944881889765E-4","7.38188976377953E-4","0.0","false","NT5C3B"
"BOC","BOC","BOC","3.998523622047245E-4","7.99704724409449E-4","0.0","false","BOC"
"CCDC82","CCDC82","CCDC82","4.921259842519685E-4","9.84251968503937E-4","0.0","false","CCDC82"
"CWC27","CWC27","CWC27","3.075787401574805E-5","6.15157480314961E-5","0.0","false","CWC27"
"TBCEL","TBCEL","TBCEL","0.0017775752986671","0.0035551505973342","0.0","false","TBCEL"
"DIPK1A","DIPK1A","DIPK1A","0.00729707762762285","0.0145941552552457","0.0","false","DIPK1A"
"TBC1D31","TBC1D31","TBC1D31","0.0","0.0","0.0","false","TBC1D31"
"RPUSD3","RPUSD3","RPUSD3","0.0","0.0","0.0","false","RPUSD3"
"FCSK","FCSK","FCSK","0.00601481901033085","0.0120296380206617","0.0","false","FCSK"
"PDE9A","PDE9A","PDE9A","0.0","0.0","0.0","false","PDE9A"
"MYSM1","MYSM1","MYSM1","0.0072335202796839","0.0144670405593678","0.0","false","MYSM1"
"WDCP","WDCP","WDCP","0.002657424007639775","0.00531484801527955","0.0","false","WDCP"
"DNAJB14","DNAJB14","DNAJB14",,,"0.0","false","DNAJB14"
"TEX264","TEX264","TEX264","0.0","0.0","0.0","false","TEX264"
"C5orf63","C5orf63","C5orf63","0.0","0.0","0.0","false","C5orf63"
"SFXN1","SFXN1","SFXN1","9.2273622047244E-5","1.84547244094488E-4","0.0","false","SFXN1"
"BTNL9","BTNL9","BTNL9","1.5378937007874E-4","3.0757874015748E-4","0.0","false","BTNL9"
"R3HCC1L","R3HCC1L","R3HCC1L","4.306102362204725E-4","8.61220472440945E-4","0.0","false","R3HCC1L"
"NCKAP5L","NCKAP5L","NCKAP5L","0.00491710763713336","0.00983421527426672","0.0","false","NCKAP5L"
"ZNF48","ZNF48","ZNF48","9.2273622047244E-5","1.84547244094488E-4","0.0","false","ZNF48"
"THAP7","THAP7","THAP7","0.002331217030950565","0.00466243406190113","0.0","false","THAP7"
"TMEM179B","TMEM179B","TMEM179B","0.0","0.0","0.0","false","TMEM179B"
"ZSCAN16","ZSCAN16","ZSCAN16","0.0","0.0","0.0","false","ZSCAN16"
"SYT15","SYT15","SYT15","0.0","0.0","0.0","false","SYT15"
"TMEM170B","TMEM170B","TMEM170B",,,"0.0","false","TMEM170B"
"SLX1A-SULT1A3","SLX1A-SULT1A3","SLX1A-SULT1A3","2.15305118110236E-4","4.30610236220472E-4","0.0","false","SLX1A-SULT1A3"
"LTB4R2","LTB4R2","LTB4R2","0.0","0.0","0.0","false","LTB4R2"
"AS3MT","AS3MT","AS3MT","0.0","0.0","0.0","false","AS3MT"
"AATBC","AATBC","AATBC","3.690944881889765E-4","7.38188976377953E-4","0.0","false","AATBC"
"CROCCP2","CROCCP2","CROCCP2","0.00237447972035532","0.00474895944071064","0.0","false","CROCCP2"
"ZBED8","ZBED8","ZBED8",,,"0.0","false","ZBED8"
"RANP4","RANP4","RANP4","9.2273622047244E-5","1.84547244094488E-4","0.0","false","RANP4"
"KANSL1L-AS1","KANSL1L-AS1","KANSL1L-AS1","3.690944881889765E-4","7.38188976377953E-4","0.0","false","KANSL1L-AS1"
"ENSG00000230454.1","ENSG00000230454.1","ENSG00000230454.1","0.0","0.0","0.0","false","ENSG00000230454.1"
"ENSG00000232926.1","ENSG00000232926.1","ENSG00000232926.1","0.00656022533741305","0.0131204506748261","0.0","false","ENSG00000232926.1"
"PAXBP1-AS1","PAXBP1-AS1","PAXBP1-AS1","3.690944881889765E-4","7.38188976377953E-4","0.0","false","PAXBP1-AS1"
"RPL23AP7","RPL23AP7","RPL23AP7","3.998523622047245E-4","7.99704724409449E-4","0.0","false","RPL23AP7"
"WHAMMP2","WHAMMP2","WHAMMP2","6.1515748031496E-5","1.23031496062992E-4","0.0","false","WHAMMP2"
"ENSG00000250282.1","ENSG00000250282.1","ENSG00000250282.1","0.0","0.0","0.0","false","ENSG00000250282.1"
"ENSG00000258728.2","ENSG00000258728.2","ENSG00000258728.2","4.921259842519685E-4","9.84251968503937E-4","0.0","false","ENSG00000258728.2"
"ENSG00000262319.1","ENSG00000262319.1","ENSG00000262319.1",,,"0.0","false","ENSG00000262319.1"
"ENSG00000262879.6","ENSG00000262879.6","ENSG00000262879.6","0.00358016022811222","0.00716032045622444","0.0","false","ENSG00000262879.6"
"IPO5P1","IPO5P1","IPO5P1","0.0052035005946445","0.010407001189289","0.0","false","IPO5P1"
"TAGAP-AS1","TAGAP-AS1","TAGAP-AS1","6.1515748031496E-4","0.00123031496062992","0.0","false","TAGAP-AS1"
"ENSG00000272077.1","ENSG00000272077.1","ENSG00000272077.1","4.921259842519685E-4","9.84251968503937E-4","0.0","false","ENSG00000272077.1"
"ENSG00000279267.1","ENSG00000279267.1","ENSG00000279267.1","3.075787401574805E-5","6.15157480314961E-5","0.0","false","ENSG00000279267.1"
"ENSG00000280800.1","ENSG00000280800.1","ENSG00000280800.1","2.15305118110236E-4","4.30610236220472E-4","0.0","false","ENSG00000280800.1"
"ENSG00000287356.1","ENSG00000287356.1","ENSG00000287356.1","0.0","0.0","0.0","false","ENSG00000287356.1"
"ENSG00000287574.1","ENSG00000287574.1","ENSG00000287574.1","0.0","0.0","0.0","false","ENSG00000287574.1"
"ENSG00000288748.1","ENSG00000288748.1","ENSG00000288748.1","0.0076387925278717","0.0152775850557434","0.0","false","ENSG00000288748.1"
"Cystine","Cystine","Cystine","0.2176004070843225","0.288994651516479","0.146206162652166","false","Cystine"
"Homoarginine","Homoarginine","Homoarginine","0.042074034039357035","0.00510580708661417","0.0790422609920999","false","Homoarginine"
"Pseudouridine","Pseudouridine","Pseudouridine","0.11010019623461535","0.0821839132236617","0.138016479245569","false","Pseudouridine"
"Lenticin","Lenticin","Lenticin","0.49981910908231775","0.93196697674032","0.0676712414243155","false","Lenticin"
"Oleamide","Oleamide","Oleamide","0.0263329493899397","0.0268823818897638","0.0257835168901156","false","Oleamide"
"Hypotaurine","Hypotaurine","Hypotaurine","0.01395220383212035","0.0","0.0279044076642407","false","Hypotaurine"
"ARHGAP31","ARHGAP31","ARHGAP31","0.004013515599399775","0.00802703119879955","0.0","false","ARHGAP31"
"ADGRF5","ADGRF5","ADGRF5","0.0060065836051296","0.0120131672102592","0.0","false","ADGRF5"
"PLXNA2","PLXNA2","PLXNA2","0.002078772644578295","0.00415754528915659","0.0","false","PLXNA2"
"ERC1","ERC1","ERC1","0.00890324364859305","0.0178064872971861","0.0","false","ERC1"
"CREM","CREM","CREM","0.0","0.0","0.0","false","CREM"
"BCL2L13","BCL2L13","BCL2L13","3.690944881889765E-4","7.38188976377953E-4","0.0","false","BCL2L13"
"SLC52A3","SLC52A3","SLC52A3","0.0","0.0","0.0","false","SLC52A3"
"VAPA","VAPA","VAPA",,,"0.0","false","VAPA"
"GSPT1","GSPT1","GSPT1","0.003641675976143715","0.00728335195228743","0.0","false","GSPT1"
"NOD1","NOD1","NOD1","0.002195422746395005","0.00439084549279001","0.0","false","NOD1"
"GTF2H1","GTF2H1","GTF2H1","2.768208661417325E-4","5.53641732283465E-4","0.0","false","GTF2H1"
"ST8SIA4","ST8SIA4","ST8SIA4","0.001390227751851385","0.00278045550370277","0.0","false","ST8SIA4"
"RBP1","RBP1","RBP1","4.921259842519685E-4","9.84251968503937E-4","0.0","false","RBP1"
"SET","SET","SET","0.00491710763713336","0.00983421527426672","0.0","false","SET"
"CNRIP1","CNRIP1","CNRIP1","9.2273622047244E-5","1.84547244094488E-4","0.0","false","CNRIP1"
"TEK","TEK","TEK","0.00206690098019784","0.00413380196039568","0.0","false","TEK"
"TTPAL","TTPAL","TTPAL","0.00701202135627985","0.0140240427125597","0.0","false","TTPAL"
"PSMB2","PSMB2","PSMB2","0.01509303781164895","0.0301860756232979","0.0","false","PSMB2"
"BEST3","BEST3","BEST3","0.0","0.0","0.0","false","BEST3"
"PTPRB","PTPRB","PTPRB","0.007076915390387","0.014153830780774","0.0","false","PTPRB"
"PTPN12","PTPN12","PTPN12","1.5378937007874E-4","3.0757874015748E-4","0.0","false","PTPN12"
"STEAP4","STEAP4","STEAP4","1.5378937007874E-4","3.0757874015748E-4","0.0","false","STEAP4"
"TMEM204","TMEM204","TMEM204","6.1515748031496E-5","1.23031496062992E-4","0.0","false","TMEM204"
"MAP1B","MAP1B","MAP1B","0.0","0.0","0.0","false","MAP1B"
"TUBB2B","TUBB2B","TUBB2B","0.002534392511576785","0.00506878502315357","0.0","false","TUBB2B"
"ARHGAP29","ARHGAP29","ARHGAP29","1.84547244094488E-4","3.69094488188976E-4","0.0","false","ARHGAP29"
"MTTP","MTTP","MTTP","0.00299850575688009","0.00599701151376018","0.0","false","MTTP"
"SH3BGRL3","SH3BGRL3","SH3BGRL3","0.00666073436466155","0.0133214687293231","0.0","false","SH3BGRL3"
"ITPKB","ITPKB","ITPKB","0.0072048040055756","0.0144096080111512","0.0","false","ITPKB"
"ZNF385B","ZNF385B","ZNF385B","0.002189932476260835","0.00437986495252167","0.0","false","ZNF385B"
"COMMD10","COMMD10","COMMD10","0.0061070926323781","0.0122141852647562","0.0","false","COMMD10"
"TNFRSF21","TNFRSF21","TNFRSF21","2.15305118110236E-4","4.30610236220472E-4","0.0","false","TNFRSF21"
"GAS2","GAS2","GAS2","3.075787401574805E-5","6.15157480314961E-5","0.0","false","GAS2"
"SUV39H2","SUV39H2","SUV39H2","0.00116241781835214","0.00232483563670428","0.0","false","SUV39H2"
"CYP2U1","CYP2U1","CYP2U1","3.075787401574805E-4","6.15157480314961E-4","0.0","false","CYP2U1"
"TIAM1","TIAM1","TIAM1","3.998523622047245E-4","7.99704724409449E-4","0.0","false","TIAM1"
"VAV2","VAV2","VAV2","3.075787401574805E-4","6.15157480314961E-4","0.0","false","VAV2"
"PEF1","PEF1","PEF1","1.5378937007874E-4","3.0757874015748E-4","0.0","false","PEF1"
"SERPINB8","SERPINB8","SERPINB8","1.5378937007874E-4","3.0757874015748E-4","0.0","false","SERPINB8"
"IGF2","IGF2","IGF2","0.0086359948738207","0.0172719897476414","0.0","false","IGF2"
"PTGER4","PTGER4","PTGER4","0.0","0.0","0.0","false","PTGER4"
"SLC25A22","SLC25A22","SLC25A22","3.075787401574805E-4","6.15157480314961E-4","0.0","false","SLC25A22"
"SEPHS2","SEPHS2","SEPHS2","0.003026518495828755","0.00605303699165751","0.0","false","SEPHS2"
"ATL3","ATL3","ATL3","2.15305118110236E-4","4.30610236220472E-4","0.0","false","ATL3"
"IL3RA","IL3RA","IL3RA","0.00175932224004036","0.00351864448008072","0.0","false","IL3RA"
"MYBL1","MYBL1","MYBL1","1.23031496062992E-4","2.46062992125984E-4","0.0","false","MYBL1"
"BCR","BCR","BCR","0.0024351043442747","0.0048702086885494","0.0","false","BCR"
"COL4A1","COL4A1","COL4A1","5.84399606299215E-4","0.00116879921259843","0.0","false","COL4A1"
"LCN10","LCN10","LCN10","0.0072614626344815","0.014522925268963","0.0","false","LCN10"
"DYNC1H1","DYNC1H1","DYNC1H1","0.003026518495828755","0.00605303699165751","0.0","false","DYNC1H1"
"ARHGEF15","ARHGEF15","ARHGEF15","0.00275544587292475","0.0055108917458495","0.0","false","ARHGEF15"
"HMGN1","HMGN1","HMGN1","3.383366141732285E-4","6.76673228346457E-4","0.0","false","HMGN1"
"MYCBP","MYCBP","MYCBP","2.15305118110236E-4","4.30610236220472E-4","0.0","false","MYCBP"
"ENSG00000228436.4","ENSG00000228436.4","ENSG00000228436.4","1.5378937007874E-4","3.0757874015748E-4","0.0","false","ENSG00000228436.4"
"ENSG00000232346.1","ENSG00000232346.1","ENSG00000232346.1","0.004188490752124835","0.00837698150424967","0.0","false","ENSG00000232346.1"
"MIR3936HG","MIR3936HG","MIR3936HG","1.5378937007874E-4","3.0757874015748E-4","0.0","false","MIR3936HG"
"ENSG00000247121.7","ENSG00000247121.7","ENSG00000247121.7",,,"0.0","false","ENSG00000247121.7"
"GATC","GATC","GATC","0.0","0.0","0.0","false","GATC"
"ENSG00000259560.2","ENSG00000259560.2","ENSG00000259560.2","1.84547244094488E-4","3.69094488188976E-4","0.0","false","ENSG00000259560.2"
"ENSG00000259891.1","ENSG00000259891.1","ENSG00000259891.1","9.7787057425765E-4","0.0019557411485153","0.0","false","ENSG00000259891.1"
"PCAT19","PCAT19","PCAT19","0.004013515599399775","0.00802703119879955","0.0","false","PCAT19"
"ENSG00000289586.1","ENSG00000289586.1","ENSG00000289586.1","0.0","0.0","0.0","false","ENSG00000289586.1"
"Leucine","Leucine","Leucine","0.3535860291532275","0.534006106569998","0.173165951736457","false","Leucine"
"CD38","CD38","CD38","1.84547244094488E-4","3.69094488188976E-4","0.0","false","CD38"
"Biliverdin","Biliverdin","Biliverdin","0.0935687719543826","0.129232622840247","0.0579049210685182","false","Biliverdin"
"Pyridoxamine","Pyridoxamine","Pyridoxamine","0.1666777156292915","0.0","0.333355431258583","false","Pyridoxamine"
"Aspirin","Aspirin","Aspirin","0.003998523622047245","0.00799704724409449","0.0","false","Aspirin"
"Guanine","Guanine","Guanine","0.03172307327341255","0.0","0.0634461465468251","false","Guanine"
"ROCK1","ROCK1","ROCK1","0.0","0.0","0.0","false","ROCK1"
"PSEN1","PSEN1","PSEN1","0.0","0.0","0.0","false","PSEN1"
"OAS1","OAS1","OAS1","0.001390227751851385","0.00278045550370277","0.0","false","OAS1"
"TMED8","TMED8","TMED8",,,"0.0","false","TMED8"
"CDIPT","CDIPT","CDIPT","7.689468503937E-4","0.0015378937007874","0.0","false","CDIPT"
"VIPR1","VIPR1","VIPR1","0.0","0.0","0.0","false","VIPR1"
"CHST10","CHST10","CHST10","0.00259590825960828","0.00519181651921656","0.0","false","CHST10"
"NCOA3","NCOA3","NCOA3","0.0","0.0","0.0","false","NCOA3"
"PEX11B","PEX11B","PEX11B","0.0","0.0","0.0","false","PEX11B"
"FAM104A","FAM104A","FAM104A","3.075787401574805E-5","6.15157480314961E-5","0.0","false","FAM104A"
"ERCC5","ERCC5","ERCC5","1.5378937007874E-4","3.0757874015748E-4","0.0","false","ERCC5"
"CMTR1","CMTR1","CMTR1","2.15305118110236E-4","4.30610236220472E-4","0.0","false","CMTR1"
"CARM1","CARM1","CARM1","0.00194935975426902","0.00389871950853804","0.0","false","CARM1"
"TUFT1","TUFT1","TUFT1","0.00673520049013815","0.0134704009802763","0.0","false","TUFT1"
"GALM","GALM","GALM","0.0","0.0","0.0","false","GALM"
"ZNF92","ZNF92","ZNF92","0.0","0.0","0.0","false","ZNF92"
"PLA2R1","PLA2R1","PLA2R1",,,"0.0","false","PLA2R1"
"FZD1","FZD1","FZD1","0.0","0.0","0.0","false","FZD1"
"GPRASP2","GPRASP2","GPRASP2","3.075787401574805E-5","6.15157480314961E-5","0.0","false","GPRASP2"
"SPATA2","SPATA2","SPATA2","0.0","0.0","0.0","false","SPATA2"
"ADAR","ADAR","ADAR","0.0","0.0","0.0","false","ADAR"
"LRRC38","LRRC38","LRRC38","0.0080078870160607","0.0160157740321214","0.0","false","LRRC38"
"NUAK2","NUAK2","NUAK2","0.001279067920168845","0.00255813584033769","0.0","false","NUAK2"
"MID1IP1","MID1IP1","MID1IP1","0.0","0.0","0.0","false","MID1IP1"
"PTCHD1","PTCHD1","PTCHD1","0.001513259247914375","0.00302651849582875","0.0","false","PTCHD1"
"AKIP1","AKIP1","AKIP1","3.998523622047245E-4","7.99704724409449E-4","0.0","false","AKIP1"
"PLEKHA7","PLEKHA7","PLEKHA7","0.001820837988071855","0.00364167597614371","0.0","false","PLEKHA7"
"ZNF180","ZNF180","ZNF180",,,"0.0","false","ZNF180"
"ZNF160","ZNF160","ZNF160","0.001513259247914375","0.00302651849582875","0.0","false","ZNF160"
"HOXC5","HOXC5","HOXC5","3.998523622047245E-4","7.99704724409449E-4","0.0","false","HOXC5"
"ZNF680","ZNF680","ZNF680","0.00663335477672145","0.0132667095534429","0.0","false","ZNF680"
"C3orf33","C3orf33","C3orf33","2.15305118110236E-4","4.30610236220472E-4","0.0","false","C3orf33"
"CLK3","CLK3","CLK3","6.1515748031496E-5","1.23031496062992E-4","0.0","false","CLK3"
"WASH3P","WASH3P","WASH3P","7.38188976377955E-4","0.00147637795275591","0.0","false","WASH3P"
"GREB1","GREB1","GREB1","0.00628340447127135","0.0125668089425427","0.0","false","GREB1"
"ZNF34","ZNF34","ZNF34","0.0","0.0","0.0","false","ZNF34"
"DAPK1","DAPK1","DAPK1","0.002841971251734265","0.00568394250346853","0.0","false","DAPK1"
"CCDC180","CCDC180","CCDC180","0.00866337446176085","0.0173267489235217","0.0","false","CCDC180"
"MT-CO2","MT-CO2","MT-CO2","2.15305118110236E-4","4.30610236220472E-4","0.0","false","MT-CO2"
"MT-ND3","MT-ND3","MT-ND3","2.15305118110236E-4","4.30610236220472E-4","0.0","false","MT-ND3"
"AGAP6","AGAP6","AGAP6","3.998523622047245E-4","7.99704724409449E-4","0.0","false","AGAP6"
"ENSG00000215068.9","ENSG00000215068.9","ENSG00000215068.9","0.001820837988071855","0.00364167597614371","0.0","false","ENSG00000215068.9"
"VPS52","VPS52","VPS52","0.0022569384944265","0.004513876988853","0.0","false","VPS52"
"PPM1F-AS1","PPM1F-AS1","PPM1F-AS1","1.5378937007874E-4","3.0757874015748E-4","0.0","false","PPM1F-AS1"
"ENSG00000231050.2","ENSG00000231050.2","ENSG00000231050.2",,,"0.0","false","ENSG00000231050.2"
"HOXA11-AS","HOXA11-AS","HOXA11-AS","3.383366141732285E-4","6.76673228346457E-4","0.0","false","HOXA11-AS"
"ENSG00000261584.1","ENSG00000261584.1","ENSG00000261584.1","6.1515748031496E-5","1.23031496062992E-4","0.0","false","ENSG00000261584.1"
"ENSG00000272008.1","ENSG00000272008.1","ENSG00000272008.1","3.383366141732285E-4","6.76673228346457E-4","0.0","false","ENSG00000272008.1"
"CCL14","CCL14","CCL14","0.0","0.0","0.0","false","CCL14"
"ZNF670","ZNF670","ZNF670","0.0","0.0","0.0","false","ZNF670"
"ENSG00000287839.1","ENSG00000287839.1","ENSG00000287839.1","0.0","0.0","0.0","false","ENSG00000287839.1"
"ENSG00000289346.1","ENSG00000289346.1","ENSG00000289346.1","4.921259842519685E-4","9.84251968503937E-4","0.0","false","ENSG00000289346.1"
"Sarcosine..metab..blood","Sarcosine..metab..blood","Sarcosine..metab..blood",,,"0.0","false","Sarcosine..metab..blood"
"Carnitine..metab..blood","Carnitine..metab..blood","Carnitine..metab..blood",,,"0.0","false","Carnitine..metab..blood"
"Creatine..metab..blood","Creatine..metab..blood","Creatine..metab..blood",,,"0.0","false","Creatine..metab..blood"
"Cystine..metab..blood","Cystine..metab..blood","Cystine..metab..blood",,,"0.0","false","Cystine..metab..blood"
"Histidine..metab..blood","Histidine..metab..blood","Histidine..metab..blood",,,"0.0","false","Histidine..metab..blood"
"Inosine..metab..blood","Inosine..metab..blood","Inosine..metab..blood",,,"0.0","false","Inosine..metab..blood"
"Leucine..metab..blood","Leucine..metab..blood","Leucine..metab..blood",,,"0.0","false","Leucine..metab..blood"
"Monoethylglycinexylidide..metab..blood","Monoethylglycinexylidide..metab..blood","Monoethylglycinexylidide..metab..blood",,,"0.0","false","Monoethylglycinexylidide..metab..blood"
"Ornithine..metab..blood","Ornithine..metab..blood","Ornithine..metab..blood",,,"0.0","false","Ornithine..metab..blood"
"Targinine..metab..blood","Targinine..metab..blood","Targinine..metab..blood",,,"0.0","false","Targinine..metab..blood"
"Tryptophan..metab..blood","Tryptophan..metab..blood","Tryptophan..metab..blood","0.0","0.0","0.0","false","Tryptophan..metab..blood"
"AMP..metab..blood","AMP..metab..blood","AMP..metab..blood",,,"0.0","false","AMP..metab..blood"
"Hypoxanthine..metab..blood","Hypoxanthine..metab..blood","Hypoxanthine..metab..blood",,,"0.0","false","Hypoxanthine..metab..blood"
"CASZ1","CASZ1","CASZ1","0.6412011267654221","0.105513542478844","1.176888711052","false","CASZ1"
"ITGA3","ITGA3","ITGA3","2.177542280612615E-4","0.0","4.35508456122523E-4","false","ITGA3"
"NFIB","NFIB","NFIB","2.56409293521035","3.05870774054081","2.06947812987989","false","NFIB"
"AGK","AGK","AGK","3.62923713435436E-4","0.0","7.25847426870872E-4","false","AGK"
"MEOX2","MEOX2","MEOX2","0.002552903543307085","0.00510580708661417","0.0","false","MEOX2"
"HIC1","HIC1","HIC1","0.006145752306565955","0.00147637795275591","0.010815126660376","false","HIC1"
"SP4","SP4","SP4","0.1516978032137459","0.235311117787004","0.0680844886404878","false","SP4"
"METTL13","METTL13","METTL13","8.464298129828385E-4","6.76673228346457E-4","0.00101618639761922","false","METTL13"
"ZFP64","ZFP64","ZFP64","7.0988021231323E-4","9.84251968503937E-4","4.35508456122523E-4","false","ZFP64"
"ERG","ERG","ERG","0.0","0.0","0.0","false","ERG"
"FLT4","FLT4","FLT4","4.35508456122523E-4","0.0","8.71016912245046E-4","false","FLT4"
"SAFB","SAFB","SAFB","5.32476792183194","8.60673657971315","2.04279926395073","false","SAFB"
"JADE2","JADE2","JADE2","0.0035014047106715885","0.00642213147984648","5.80677941496697E-4","false","JADE2"
"PHKA2","PHKA2","PHKA2","0.0013850918061038009","1.23031496062992E-4","0.00264715211614461","false","PHKA2"
"RSF1","RSF1","RSF1","5.167130835141761E-4","3.0757874015748E-4","7.25847426870872E-4","false","RSF1"
"ERCC8","ERCC8","ERCC8","0.0","0.0","0.0","false","ERCC8"
"PER3","PER3","PER3","0.0022846552082591014","0.00413380196039568","4.35508456122523E-4","false","PER3"
"EIF2AK2","EIF2AK2","EIF2AK2","0.0028862472303566285","0.00519181651921656","5.80677941496697E-4","false","EIF2AK2"
"MTA3","MTA3","MTA3","5.86848716250238E-4","7.38188976377953E-4","4.35508456122523E-4","false","MTA3"
"FLYWCH1","FLYWCH1","FLYWCH1","0.027237792357408374","0.0541852457440684","2.90338970748349E-4","false","FLYWCH1"
"CDK13","CDK13","CDK13","0.0017492665346023764","0.00306302461308223","4.35508456122523E-4","false","CDK13"
"KDM4A","KDM4A","KDM4A","9.079455610143344E-4","7.99704724409449E-4","0.00101618639761922","false","KDM4A"
"HEATR6","HEATR6","HEATR6","3.407857241242535E-4","2.46062992125984E-4","4.35508456122523E-4","false","HEATR6"
"PLEKHH3","PLEKHH3","PLEKHH3","2.177542280612615E-4","0.0","4.35508456122523E-4","false","PLEKHH3"
"SRBD1","SRBD1","SRBD1",,,"5.80677941496697E-4","false","SRBD1"
"IFT80","IFT80","IFT80","7.45536306231029E-4","1.84547244094488E-4","0.00130652536836757","false","IFT80"
"ZZEF1","ZZEF1","ZZEF1","0.0060243911017003","0.0120487822034006","0.0","false","ZZEF1"
"TUBE1","TUBE1","TUBE1","0.00260900383269909","0.00391148229703061","0.00130652536836757","false","TUBE1"
"NUP37","NUP37","NUP37","0.0036576431907013552","0.00629909998378349","0.00101618639761922","false","NUP37"
"GPATCH1","GPATCH1","GPATCH1","4.5519733548268E-4","1.84547244094488E-4","7.25847426870872E-4","false","GPATCH1"
"POLD3","POLD3","POLD3","0.005706080492779725","0.0111218220148111","2.90338970748349E-4","false","POLD3"
"JADE1","JADE1","JADE1","5.86848716250238E-4","7.38188976377953E-4","4.35508456122523E-4","false","JADE1"
"ZCWPW1","ZCWPW1","ZCWPW1",,,"0.0","false","ZCWPW1"
"GNAO1","GNAO1","GNAO1","3.5185471877984453E-4","1.23031496062992E-4","5.80677941496697E-4","false","GNAO1"
"SH3BP2","SH3BP2","SH3BP2","0.0020758978766942703","0.00306302461308223","0.00108877114030631","false","SH3BP2"
"ZNF318","ZNF318","ZNF318","0.6666596070571155","1.08005865436194","0.253260559752291","false","ZNF318"
"PPP1R13B","PPP1R13B","PPP1R13B","1.451694853741745E-4","0.0","2.90338970748349E-4","false","PPP1R13B"
"KDM2B","KDM2B","KDM2B","8.021538343604765E-4","0.00116879921259843","4.35508456122523E-4","false","KDM2B"
"NLRC4","NLRC4","NLRC4",,,"7.25847426870872E-4","false","NLRC4"
"ABCC6","ABCC6","ABCC6","0.0013045019163495425","0.0019557411485153","6.53262684183785E-4","false","ABCC6"
"NLRP1","NLRP1","NLRP1","2.903389707483485E-4","0.0","5.80677941496697E-4","false","NLRP1"
"ZFHX4","ZFHX4","ZFHX4","0.005806293494912136","0.0108867395629534","7.25847426870872E-4","false","ZFHX4"
"ZC3HC1","ZC3HC1","ZC3HC1","0.0014158496801195488","1.84547244094488E-4","0.00264715211614461","false","ZC3HC1"
"TGM1","TGM1","TGM1","0.001170612045123705","0.00110728346456693","0.00123394062568048","false","TGM1"
"MFSD11","MFSD11","MFSD11","0.0033846661544676315","0.00633382385281274","4.35508456122523E-4","false","MFSD11"
"TLL2","TLL2","TLL2","2.46062992125984E-4","4.92125984251968E-4","0.0","false","TLL2"
"EFHC1","EFHC1","EFHC1","0.00256451723458398","0.00512903446916796","0.0","false","EFHC1"
"SUSD2","SUSD2","SUSD2","2.903389707483485E-4","0.0","5.80677941496697E-4","false","SUSD2"
"TOP3B","TOP3B","TOP3B","0.004171907164264505","0.00703728896016144","0.00130652536836757","false","TOP3B"
"CCDC134","CCDC134","CCDC134","0.0074951429763239485","0.0144096080111512","5.80677941496697E-4","false","CCDC134"
"DNAL4","DNAL4","DNAL4","0.007789531632232494","0.00974041737709881","0.00583864588736618","false","DNAL4"
"ZMAT5","ZMAT5","ZMAT5","0.011021792260336862","0.0216080760645512","4.35508456122523E-4","false","ZMAT5"
"SAMM50","SAMM50","SAMM50","7.295690916733896E-4","0.00116879921259843","2.90338970748349E-4","false","SAMM50"
"HDAC10","HDAC10","HDAC10","0.010063738905726032","0.0187483677003974","0.00137911011105466","false","HDAC10"
"DAAM1","DAAM1","DAAM1","0.002602622438452805","0.00389871950853804","0.00130652536836757","false","DAAM1"
"VRK1","VRK1","VRK1","3.5185471877984453E-4","1.23031496062992E-4","5.80677941496697E-4","false","VRK1"
"ARHGAP5","ARHGAP5","ARHGAP5","0.006382753721126175","0.012475168471504","2.90338970748349E-4","false","ARHGAP5"
"NINL","NINL","NINL","0.001717257645523488","6.15157480314961E-5","0.00337299954301548","false","NINL"
"ZMYND8","ZMYND8","ZMYND8","0.0035189988044673102","0.00439084549279001","0.00264715211614461","false","ZMYND8"
"CSTF1","CSTF1","CSTF1",,,"4.35508456122523E-4","false","CSTF1"
"MRGBP","MRGBP","MRGBP","2.903389707483485E-4","0.0","5.80677941496697E-4","false","MRGBP"
"CEP192","CEP192","CEP192","0.02646538337332779","0.0495577672036401","0.00337299954301548","false","CEP192"
"POLI","POLI","POLI","3.62923713435436E-4","0.0","7.25847426870872E-4","false","POLI"
"CDADC1","CDADC1","CDADC1","0.002328931186881465","0.00364167597614371","0.00101618639761922","false","CDADC1"
"KAT8","KAT8","KAT8","5.27782078169767E-4","1.84547244094488E-4","8.71016912245046E-4","false","KAT8"
"INTS9","INTS9","INTS9","4.3305934617149746E-4","4.30610236220472E-4","4.35508456122523E-4","false","INTS9"
"TYK2","TYK2","TYK2","0.0","0.0","0.0","false","TYK2"
"AVL9","AVL9","AVL9","1.23031496062992E-4","2.46062992125984E-4","0.0","false","AVL9"
"CRHR2","CRHR2","CRHR2","0.010234108737247873","0.0195972005622507","8.71016912245046E-4","false","CRHR2"
"RIC1","RIC1","RIC1","5.47470957529924E-4","3.69094488188976E-4","7.25847426870872E-4","false","RIC1"
"LZTS2","LZTS2","LZTS2","0.0031212412278270214","0.00580697399953152","4.35508456122523E-4","false","LZTS2"
"EBF3","EBF3","EBF3","0.00534496961186956","0.00989150705418116","7.98432169557959E-4","false","EBF3"
"SEPTIN4","SEPTIN4","SEPTIN4","0.006529082983894025","0.0127678269970397","2.90338970748349E-4","false","SEPTIN4"
"RAI1","RAI1","RAI1","0.004323009698546685","0.00425683345645867","0.0043891859406347","false","RAI1"
"SMARCD2","SMARCD2","SMARCD2","0.00652291220914046","0.0120296380206617","0.00101618639761922","false","SMARCD2"
"DHX58","DHX58","DHX58","0.0037253297134863944","0.00716032045622444","2.90338970748349E-4","false","DHX58"
"DHRS7B","DHRS7B","DHRS7B","4.2443946146693203E-4","1.23031496062992E-4","7.25847426870872E-4","false","DHRS7B"
"WFS1","WFS1","WFS1","7.320182016244126E-4","7.38188976377953E-4","7.25847426870872E-4","false","WFS1"
"SEPSECS","SEPSECS","SEPSECS","0.001904253999569005","0.0","0.00380850799913801","false","SEPSECS"
"MED23","MED23","MED23",,,"5.80677941496697E-4","false","MED23"
"TBX18","TBX18","TBX18","0.0","0.0","0.0","false","TBX18"
"ZNF346","ZNF346","ZNF346","0.0013801720464134014","0.00232483563670428","4.35508456122523E-4","false","ZNF346"
"CLCN2","CLCN2","CLCN2","0.0023461709562905965","0.00425683345645867","4.35508456122523E-4","false","CLCN2"
"ARID3A","ARID3A","ARID3A","1.451694853741745E-4","0.0","2.90338970748349E-4","false","ARID3A"
"ARHGEF2","ARHGEF2","ARHGEF2","0.00259590825960828","0.00519181651921656","0.0","false","ARHGEF2"
"PTCH2","PTCH2","PTCH2","2.177542280612615E-4","0.0","4.35508456122523E-4","false","PTCH2"
"PTBP2","PTBP2","PTBP2","4.35508456122523E-4","0.0","8.71016912245046E-4","false","PTBP2"
"RCOR3","RCOR3","RCOR3","0.004410575472926596","0.00809530351898232","7.25847426870872E-4","false","RCOR3"
"ZBTB45","ZBTB45","ZBTB45",,,"8.71016912245046E-4","false","ZBTB45"
"KBTBD7","KBTBD7","KBTBD7","0.002021352446723985","0.00302651849582875","0.00101618639761922","false","KBTBD7"
"TENT4B","TENT4B","TENT4B",,,"0.00322783005764131","false","TENT4B"
"ATP7B","ATP7B","ATP7B","3.62923713435436E-4","0.0","7.25847426870872E-4","false","ATP7B"
"PPP4R1L","PPP4R1L","PPP4R1L","0.007436076338243509","0.0138559662788678","0.00101618639761922","false","PPP4R1L"
"NEURL2","NEURL2","NEURL2","6.1515748031496E-5","1.23031496062992E-4","0.0","false","NEURL2"
"MIF4GD","MIF4GD","MIF4GD","1.451694853741745E-4","0.0","2.90338970748349E-4","false","MIF4GD"
"ARMCX5","ARMCX5","ARMCX5","0.004188490752124835","0.00837698150424967","0.0","false","ARMCX5"
"PLAGL2","PLAGL2","PLAGL2","0.0027753195579551847","0.00290348699976576","0.00264715211614461","false","PLAGL2"
"XRCC3","XRCC3","XRCC3","0.0038089834508290687","0.00703728896016144","5.80677941496697E-4","false","XRCC3"
"POT1","POT1","POT1","0.012665151507545349","0.020941117074456","0.0043891859406347","false","POT1"
"MYO5C","MYO5C","MYO5C","5.78228831545672E-4","4.30610236220472E-4","7.25847426870872E-4","false","MYO5C"
"CCDC32","CCDC32","CCDC32","3.100278501085055E-4","1.84547244094488E-4","4.35508456122523E-4","false","CCDC32"
"PRRG3","PRRG3","PRRG3","2.177542280612615E-4","0.0","4.35508456122523E-4","false","PRRG3"
"OSBPL2","OSBPL2","OSBPL2","0.0038826030225221153","0.00511805392889962","0.00264715211614461","false","OSBPL2"
"ZNF141","ZNF141","ZNF141","0.0060530369916575","0.012106073983315","0.0","false","ZNF141"
"KIF3A","KIF3A","KIF3A","4.83506099547403E-4","6.76673228346457E-4","2.90338970748349E-4","false","KIF3A"
"TMCC2","TMCC2","TMCC2","9.251853304234665E-4","0.00141486220472441","4.35508456122523E-4","false","TMCC2"
"TMEM254","TMEM254","TMEM254","0.0022425906137422337","6.76673228346457E-4","0.00380850799913801","false","TMEM254"
"MEN1","MEN1","MEN1","2.177542280612615E-4","0.0","4.35508456122523E-4","false","MEN1"
"CEP162","CEP162","CEP162","0.00226717771300444","0.0","0.00453435542600888","false","CEP162"
"ARHGEF4","ARHGEF4","ARHGEF4","4.921259842519685E-4","9.84251968503937E-4","0.0","false","ARHGEF4"
"SAP130","SAP130","SAP130","5.0809319880961E-4","0.0","0.00101618639761922","false","SAP130"
"PDCL","PDCL","PDCL","0.002798028057710136","0.0048702086885494","7.25847426870872E-4","false","PDCL"
"DENND4C","DENND4C","DENND4C","9.048601736375661E-4","4.30610236220472E-4","0.00137911011105466","false","DENND4C"
"DUOX1","DUOX1","DUOX1",,,"0.00264715211614461","false","DUOX1"
"ZNF280D","ZNF280D","ZNF280D","0.01456965035753636","0.0281231143174535","0.00101618639761922","false","ZNF280D"
"TET1","TET1","TET1","7.627760756401605E-4","7.99704724409449E-4","7.25847426870872E-4","false","TET1"
"FAM117B","FAM117B","FAM117B","3.715435981400015E-4","3.0757874015748E-4","4.35508456122523E-4","false","FAM117B"
"PDE5A","PDE5A","PDE5A","0.00288111128460905","0.00253439251157679","0.00322783005764131","false","PDE5A"
"ADAM21","ADAM21","ADAM21","5.5609084223449E-4","6.76673228346457E-4","4.35508456122523E-4","false","ADAM21"
"CLBA1","CLBA1","CLBA1","0.0","0.0","0.0","false","CLBA1"
"ULK3","ULK3","ULK3","0.001717257645523488","6.15157480314961E-5","0.00337299954301548","false","ULK3"
"NKD1","NKD1","NKD1","6.372954696261431E-4","9.84251968503937E-4","2.90338970748349E-4","false","NKD1"
"MEAK7","MEAK7","MEAK7","5.44385570153155E-4","0.0","0.00108877114030631","false","MEAK7"
"MINK1","MINK1","MINK1","4.3305934617149746E-4","4.30610236220472E-4","4.35508456122523E-4","false","MINK1"
"POU2F1","POU2F1","POU2F1","0.0023963799838209736","9.84251968503937E-4","0.00380850799913801","false","POU2F1"
"SETDB1","SETDB1","SETDB1",,,"4.35508456122523E-4","false","SETDB1"
"LSP1P4","LSP1P4","LSP1P4",,,"0.00130652536836757","false","LSP1P4"
"GATAD2B","GATAD2B","GATAD2B","0.09424749156025031","0.0963571342381169","0.0921378488823837","false","GATAD2B"
"ABHD10","ABHD10","ABHD10","0.001920393304652021","1.23031496062992E-4","0.00371775511324105","false","ABHD10"
"SKP2","SKP2","SKP2","0.0024076867043220963","0.00437986495252167","4.35508456122523E-4","false","SKP2"
"PIK3R1","PIK3R1","PIK3R1","0.00278045550370277","0.00556091100740554","0.0","false","PIK3R1"
"ATG12","ATG12","ATG12","0.007883801395485356","0.0131204506748261","0.00264715211614461","false","ATG12"
"ZMYM4","ZMYM4","ZMYM4","6.17606590265986E-4","7.99704724409449E-4","4.35508456122523E-4","false","ZMYM4"
"ATXN7L1","ATXN7L1","ATXN7L1","8.944274564077165E-4","0.00135334645669291","4.35508456122523E-4","false","ATXN7L1"
"TAF1","TAF1","TAF1","2.903389707483485E-4","0.0","5.80677941496697E-4","false","TAF1"
"NSD3","NSD3","NSD3","2.177542280612615E-4","0.0","4.35508456122523E-4","false","NSD3"
"TERF1","TERF1","TERF1","0.004409646296801985","0.00765793671061058","0.00116135588299339","false","TERF1"
"TCF7L2","TCF7L2","TCF7L2","2.903389707483485E-4","0.0","5.80677941496697E-4","false","TCF7L2"
"ATM","ATM","ATM","0.00226717771300444","0.0","0.00453435542600888","false","ATM"
"TIRAP","TIRAP","TIRAP","6.31124694872602E-4","2.46062992125984E-4","0.00101618639761922","false","TIRAP"
"ABCB9","ABCB9","ABCB9","5.813142189224426E-4","7.99704724409449E-4","3.62923713435436E-4","false","ABCB9"
"ANKAR","ANKAR","ANKAR","4.4966283815488445E-4","2.46062992125984E-4","6.53262684183785E-4","false","ANKAR"
"PAN3","PAN3","PAN3","8.242918236716565E-4","9.22736220472441E-4","7.25847426870872E-4","false","PAN3"
"ZIC1","ZIC1","ZIC1",,,"0.00130652536836757","false","ZIC1"
"CETN3","CETN3","CETN3","0.0018550582612562399","0.00269393012489326","0.00101618639761922","false","CETN3"
"CXXC1","CXXC1","CXXC1","0.0011341090542874165","0.00183270965245231","4.35508456122523E-4","false","CXXC1"
"KDM8","KDM8","KDM8","2.177542280612615E-4","0.0","4.35508456122523E-4","false","KDM8"
"LSM11","LSM11","LSM11","0.006761455569414855","0.0108757590226851","0.00264715211614461","false","LSM11"
"BAG4","BAG4","BAG4","4.023014721557495E-4","3.69094488188976E-4","4.35508456122523E-4","false","BAG4"
"FBRS","FBRS","FBRS","0.00441674624768014","0.00883349249536028","0.0","false","FBRS"
"SASS6","SASS6","SASS6","0.0017310134759756365","0.00302651849582875","4.35508456122523E-4","false","SASS6"
"ITGAD","ITGAD","ITGAD","4.3305934617149746E-4","4.30610236220472E-4","4.35508456122523E-4","false","ITGAD"
"DDX19B","DDX19B","DDX19B","6.1515748031496E-5","1.23031496062992E-4","0.0","false","DDX19B"
"AASDH","AASDH","AASDH","6.31124694872602E-4","2.46062992125984E-4","0.00101618639761922","false","AASDH"
"EYA3","EYA3","EYA3","0.0025307182003850865","0.00462592794464765","4.35508456122523E-4","false","EYA3"
"FAM131B","FAM131B","FAM131B","9.079455610143344E-4","7.99704724409449E-4","0.00101618639761922","false","FAM131B"
"LY6E","LY6E","LY6E","3.2971672946866253E-4","3.69094488188976E-4","2.90338970748349E-4","false","LY6E"
"PGAP3","PGAP3","PGAP3","4.94575094202994E-4","5.53641732283465E-4","4.35508456122523E-4","false","PGAP3"
"LRP5","LRP5","LRP5","0.003943083941547656","0.00716032045622444","7.25847426870872E-4","false","LRP5"
"PARS2","PARS2","PARS2","0.00551206681019714","0.00837698150424967","0.00264715211614461","false","PARS2"
"IGSF8","IGSF8","IGSF8","0.009513182560819311","0.0180101787240194","0.00101618639761922","false","IGSF8"
"VANGL2","VANGL2","VANGL2","6.6188256888835E-4","3.0757874015748E-4","0.00101618639761922","false","VANGL2"
"REL","REL","REL","0.0044388842369913195","0.00858742950323429","2.90338970748349E-4","false","REL"
"KCNJ3","KCNJ3","KCNJ3","0.003050261824589665","0.00610052364917933","0.0","false","KCNJ3"
"SMIM14","SMIM14","SMIM14","3.62923713435436E-4","0.0","7.25847426870872E-4","false","SMIM14"
"ABHD6","ABHD6","ABHD6","0.001753151465286821","0.00278045550370277","7.25847426870872E-4","false","ABHD6"
"GRM2","GRM2","GRM2","5.696089468411059E-4","1.23031496062992E-4","0.00101618639761922","false","GRM2"
"EBF1","EBF1","EBF1","3.62923713435436E-4","0.0","7.25847426870872E-4","false","EBF1"
"FREM1","FREM1","FREM1",,,"0.0","false","FREM1"
"ABCA1","ABCA1","ABCA1","0.0024408936882888677","0.00401077046433269","8.71016912245046E-4","false","ABCA1"
"PGAP4","PGAP4","PGAP4","0.0029144247237810426","8.61220472440945E-4","0.00496762897512114","false","PGAP4"
"PCDH19","PCDH19","PCDH19","0.0","0.0","0.0","false","PCDH19"
"CCDC186","CCDC186","CCDC186","3.407857241242535E-4","2.46062992125984E-4","4.35508456122523E-4","false","CCDC186"
"PLEKHF1","PLEKHF1","PLEKHF1","0.00808199169257421","0.0151477969875292","0.00101618639761922","false","PLEKHF1"
"TRIM66","TRIM66","TRIM66","0.008032858594826211","0.0156302087335299","4.35508456122523E-4","false","TRIM66"
"RNF214","RNF214","RNF214","2.177542280612615E-4","0.0","4.35508456122523E-4","false","RNF214"
"ZNF701","ZNF701","ZNF701","0.00206690098019784","0.00413380196039568","0.0","false","ZNF701"
"TMEM88","TMEM88","TMEM88","0.0","0.0","0.0","false","TMEM88"
"DDIT4","DDIT4","DDIT4","0.009645378638208149","0.0187100793349196","5.80677941496697E-4","false","DDIT4"
"ZCCHC4","ZCCHC4","ZCCHC4","0.0069279831394339","0.0138559662788678","0.0","false","ZCCHC4"
"IRF2","IRF2","IRF2","4.441283408270885E-4","3.0757874015748E-4","5.80677941496697E-4","false","IRF2"
"ZSWIM1","ZSWIM1","ZSWIM1","0.0018722980306653714","0.00330908760520822","4.35508456122523E-4","false","ZSWIM1"
"C2orf68","C2orf68","C2orf68","0.014271620678208074","0.0282529023856678","2.90338970748349E-4","false","C2orf68"
"UPF3A","UPF3A","UPF3A","0.00253561642028714","0.00376470747220671","0.00130652536836757","false","UPF3A"
"STK32A","STK32A","STK32A","3.62923713435436E-4","0.0","7.25847426870872E-4","false","STK32A"
"SNUPN","SNUPN","SNUPN","0.005268255516242243","5.53641732283465E-4","0.00998286930020102","false","SNUPN"
"LRRC45","LRRC45","LRRC45","4.3305934617149746E-4","4.30610236220472E-4","4.35508456122523E-4","false","LRRC45"
"NFXL1","NFXL1","NFXL1",,,"4.35508456122523E-4","false","NFXL1"
"ZNF415","ZNF415","ZNF415","0.001882353736103355","0.00376470747220671","0.0","false","ZNF415"
"LRRC8D","LRRC8D","LRRC8D","0.001744465945262098","6.15157480314961E-5","0.0034274161424927","false","LRRC8D"
"RASGRP4","RASGRP4","RASGRP4","0.0019155607200701263","0.00339561298401773","4.35508456122523E-4","false","RASGRP4"
"DRC3","DRC3","DRC3","3.62923713435436E-4","0.0","7.25847426870872E-4","false","DRC3"
"KRCC1","KRCC1","KRCC1","0.002205899690818475","0.00339561298401773","0.00101618639761922","false","KRCC1"
"RAD9A","RAD9A","RAD9A","2.903389707483485E-4","0.0","5.80677941496697E-4","false","RAD9A"
"PHF8","PHF8","PHF8","0.006158828718311349","0.011736979495126","5.80677941496697E-4","false","PHF8"
"PPP1R3B","PPP1R3B","PPP1R3B","0.00535544968271022","0.00969471296780122","0.00101618639761922","false","PPP1R3B"
"RNF26","RNF26","RNF26","1.84547244094488E-4","3.69094488188976E-4","0.0","false","RNF26"
"ENSG00000173867.10","ENSG00000173867.10","ENSG00000173867.10","1.451694853741745E-4","0.0","2.90338970748349E-4","false","ENSG00000173867.10"
"SLC29A2","SLC29A2","SLC29A2","0.004521608798209385","0.00802703119879955","0.00101618639761922","false","SLC29A2"
"B4GAT1","B4GAT1","B4GAT1","6.17606590265986E-4","7.99704724409449E-4","4.35508456122523E-4","false","B4GAT1"
"YPEL2","YPEL2","YPEL2",,,"4.35508456122523E-4","false","YPEL2"
"FAM182B","FAM182B","FAM182B","3.266313420918925E-4","0.0","6.53262684183785E-4","false","FAM182B"
"ZNF519","ZNF519","ZNF519","9.608414243412655E-4","6.15157480314961E-4","0.00130652536836757","false","ZNF519"
"LIPT2","LIPT2","LIPT2","2.15305118110236E-4","4.30610236220472E-4","0.0","false","LIPT2"
"DENND2C","DENND2C","DENND2C","3.992160847789795E-4","0.0","7.98432169557959E-4","false","DENND2C"
"AMIGO3","AMIGO3","AMIGO3","6.286755849215771E-4","6.76673228346457E-4","5.80677941496697E-4","false","AMIGO3"
"FBXO46","FBXO46","FBXO46","0.001323576058072305","0.0","0.00264715211614461","false","FBXO46"
"MAGEF1","MAGEF1","MAGEF1","0.0010789747005022065","0.00172244094488189","4.35508456122523E-4","false","MAGEF1"
"SAMD12","SAMD12","SAMD12","0.0012604365572199245","0.00172244094488189","7.98432169557959E-4","false","SAMD12"
"CRACR2B","CRACR2B","CRACR2B","8.771876869985865E-4","7.38188976377953E-4","0.00101618639761922","false","CRACR2B"
"ZNF354C","ZNF354C","ZNF354C","0.01493874484572536","0.0288613032938315","0.00101618639761922","false","ZNF354C"
"PARD6G","PARD6G","PARD6G","2.15305118110236E-4","4.30610236220472E-4","0.0","false","PARD6G"
"PLEKHM3","PLEKHM3","PLEKHM3","7.627760756401605E-4","7.99704724409449E-4","7.25847426870872E-4","false","PLEKHM3"
"LINC00174","LINC00174","LINC00174","0.007456442595805817","0.0139692835366795","9.43601654932133E-4","false","LINC00174"
"FGD6","FGD6","FGD6","0.002195633365887746","0.00366541930490462","7.25847426870872E-4","false","FGD6"
"CCDC66","CCDC66","CCDC66","0.00898558373030776","0.0169549810629963","0.00101618639761922","false","CCDC66"
"ZNF322","ZNF322","ZNF322","0.0039461693289244235","0.00752941494441341","3.62923713435436E-4","false","ZNF322"
"AMIGO1","AMIGO1","AMIGO1","0.008739905217685086","0.0167539630084993","7.25847426870872E-4","false","AMIGO1"
"UBA7","UBA7","UBA7","5.167130835141761E-4","3.0757874015748E-4","7.25847426870872E-4","false","UBA7"
"WASH6P","WASH6P","WASH6P","5.5609084223449E-4","6.76673228346457E-4","4.35508456122523E-4","false","WASH6P"
"TBK1","TBK1","TBK1","0.012293274781672142","0.0239332868791605","6.53262684183785E-4","false","TBK1"
"TRAIP","TRAIP","TRAIP","7.233983169198459E-4","4.30610236220472E-4","0.00101618639761922","false","TRAIP"
"OLFML1","OLFML1","OLFML1","6.92640442904098E-4","3.69094488188976E-4","0.00101618639761922","false","OLFML1"
"ZNF93","ZNF93","ZNF93","0.0037979144561734813","0.00716032045622444","4.35508456122523E-4","false","ZNF93"
"JAG2","JAG2","JAG2","9.915992983570135E-4","6.76673228346457E-4","0.00130652536836757","false","JAG2"
"PGBD2","PGBD2","PGBD2","0.010375199527803969","0.0203874753421725","3.62923713435436E-4","false","PGBD2"
"GP1BA","GP1BA","GP1BA","0.009875657663434761","0.019315806870747","4.35508456122523E-4","false","GP1BA"
"PRPF39","PRPF39","PRPF39","0.006848741224642475","0.00988897445014694","0.00380850799913801","false","PRPF39"
"ZNF74","ZNF74","ZNF74","5.5609084223449E-4","6.76673228346457E-4","4.35508456122523E-4","false","ZNF74"
"TNFAIP8L1","TNFAIP8L1","TNFAIP8L1","3.998523622047245E-4","7.99704724409449E-4","0.0","false","TNFAIP8L1"
"BRWD1","BRWD1","BRWD1","6.1515748031496E-5","1.23031496062992E-4","0.0","false","BRWD1"
"RTN4RL1","RTN4RL1","RTN4RL1","2.989588554529145E-4","3.0757874015748E-4","2.90338970748349E-4","false","RTN4RL1"
"ZNRF1","ZNRF1","ZNRF1","0.01286459132894541","0.0252936742017683","4.35508456122523E-4","false","ZNRF1"
"BACE1","BACE1","BACE1","8.937911789819726E-4","5.53641732283465E-4","0.00123394062568048","false","BACE1"
"ZNF75D","ZNF75D","ZNF75D","3.62923713435436E-4","0.0","7.25847426870872E-4","false","ZNF75D"
"KANK3","KANK3","KANK3","2.768208661417325E-4","5.53641732283465E-4","0.0","false","KANK3"
"ISG15","ISG15","ISG15","3.604746034844105E-4","4.30610236220472E-4","2.90338970748349E-4","false","ISG15"
"PEAR1","PEAR1","PEAR1","0.0017389970832544614","0.00253439251157679","9.43601654932133E-4","false","PEAR1"
"ZC3H6","ZC3H6","ZC3H6","6.6188256888835E-4","3.0757874015748E-4","0.00101618639761922","false","ZC3H6"
"LINC00265","LINC00265","LINC00265","0.002620542712481305","0.00524108542496261","0.0","false","LINC00265"
"CCDC9B","CCDC9B","CCDC9B","0.0023461709562905965","0.00425683345645867","4.35508456122523E-4","false","CCDC9B"
"FSIP2","FSIP2","FSIP2","3.5185471877984453E-4","1.23031496062992E-4","5.80677941496697E-4","false","FSIP2"
"ZNF573","ZNF573","ZNF573","0.002772821801863026","4.30610236220472E-4","0.00511503336750558","false","ZNF573"
"TMEM63A","TMEM63A","TMEM63A","0.002737403433790756","0.00474895944071064","7.25847426870872E-4","false","TMEM63A"
"ZNF107","ZNF107","ZNF107","0.004606863110761225","0.00366541930490462","0.00554830691661783","false","ZNF107"
"ZNF836","ZNF836","ZNF836","0.001477365428151045","3.0757874015748E-4","0.00264715211614461","false","ZNF836"
"C20orf204","C20orf204","C20orf204","5.5609084223449E-4","6.76673228346457E-4","4.35508456122523E-4","false","C20orf204"
"MAML3","MAML3","MAML3","0.0034525632967454113","0.0064696181373683","4.35508456122523E-4","false","MAML3"
"ZNF628","ZNF628","ZNF628","0.0026481709719266594","0.00500600297310497","2.90338970748349E-4","false","ZNF628"
"KLHDC1","KLHDC1","KLHDC1","0.0018540449720386314","0.00327258148795474","4.35508456122523E-4","false","KLHDC1"
"ZNF780A","ZNF780A","ZNF780A",,,"5.80677941496697E-4","false","ZNF780A"
"H4-16","H4-16","H4-16","3.604746034844105E-4","4.30610236220472E-4","2.90338970748349E-4","false","H4-16"
"ZBTB14","ZBTB14","ZBTB14","0.12740583509582099","0.129738830556329","0.125072839635313","false","ZBTB14"
"ZNF607","ZNF607","ZNF607","0.006567572667266135","0.0118286199661647","0.00130652536836757","false","ZNF607"
"ZNF334","ZNF334","ZNF334","6.1697031284024E-4","0.0","0.00123394062568048","false","ZNF334"
"PEG3","PEG3","PEG3","2.177542280612615E-4","0.0","4.35508456122523E-4","false","PEG3"
"ASPH","ASPH","ASPH","0.0322153213890266","0.0644306427780532","0.0","false","ASPH"
"FAN1","FAN1","FAN1","0.0017924635886869766","7.38188976377953E-4","0.002846738200996","false","FAN1"
"LRIG2","LRIG2","LRIG2","0.002518968701110125","0.00402175100460103","0.00101618639761922","false","LRIG2"
"SAMD13","SAMD13","SAMD13",,,"4.35508456122523E-4","false","SAMD13"
"INPP5B","INPP5B","INPP5B","5.53641732283465E-4","0.00110728346456693","0.0","false","INPP5B"
"STK19","STK19","STK19","1.451694853741745E-4","0.0","2.90338970748349E-4","false","STK19"
"EHMT2","EHMT2","EHMT2","5.0809319880961E-4","0.0","0.00101618639761922","false","EHMT2"
"LY6G5C","LY6G5C","LY6G5C","0.011483160370573111","0.0225308122850237","4.35508456122523E-4","false","LY6G5C"
"SUPT4H1","SUPT4H1","SUPT4H1","2.903389707483485E-4","0.0","5.80677941496697E-4","false","SUPT4H1"
"AP1G2","AP1G2","AP1G2","6.4591535433071E-4","0.00129183070866142","0.0","false","AP1G2"
"CPNE1","CPNE1","CPNE1",,,"0.00101618639761922","false","CPNE1"
"NEURL1B","NEURL1B","NEURL1B","2.0668523340567051E-4","1.23031496062992E-4","2.90338970748349E-4","false","NEURL1B"
"ZNF727","ZNF727","ZNF727","8.242918236716565E-4","9.22736220472441E-4","7.25847426870872E-4","false","ZNF727"
"SEPTIN7P2","SEPTIN7P2","SEPTIN7P2","0.0","0.0","0.0","false","SEPTIN7P2"
"DHRS4-AS1","DHRS4-AS1","DHRS4-AS1","2.177542280612615E-4","0.0","4.35508456122523E-4","false","DHRS4-AS1"
"RBM38-AS1","RBM38-AS1","RBM38-AS1","7.541561909355939E-4","4.92125984251968E-4","0.00101618639761922","false","RBM38-AS1"
"FAM228B","FAM228B","FAM228B","5.0809319880961E-4","0.0","0.00101618639761922","false","FAM228B"
"URAHP","URAHP","URAHP","0.0026041056127970364","0.00477270276947155","4.35508456122523E-4","false","URAHP"
"TMEM72-AS1","TMEM72-AS1","TMEM72-AS1",,,"4.35508456122523E-4","false","TMEM72-AS1"
"ENSG00000224934.6","ENSG00000224934.6","ENSG00000224934.6","0.00404251581374358","0.00543787951134255","0.00264715211614461","false","ENSG00000224934.6"
"SLC26A6","SLC26A6","SLC26A6","2.177542280612615E-4","0.0","4.35508456122523E-4","false","SLC26A6"
"ENSG00000226281.5","ENSG00000226281.5","ENSG00000226281.5","0.0019889481324820765","0.00354238780884163","4.35508456122523E-4","false","ENSG00000226281.5"
"LINC01359","LINC01359","LINC01359","0.007671999511838511","0.0149084905675545","4.35508456122523E-4","false","LINC01359"
"TP73-AS1","TP73-AS1","TP73-AS1","5.0809319880961E-4","0.0","0.00101618639761922","false","TP73-AS1"
"HCG11","HCG11","HCG11","8.212064362948875E-4","5.53641732283465E-4","0.00108877114030631","false","HCG11"
"ENSG00000228801.7","ENSG00000228801.7","ENSG00000228801.7","3.62923713435436E-4","0.0","7.25847426870872E-4","false","ENSG00000228801.7"
"ASB15-AS1","ASB15-AS1","ASB15-AS1","0.001323576058072305","0.0","0.00264715211614461","false","ASB15-AS1"
"LINC01001","LINC01001","LINC01001","0.002456061359538835","0.00367818209339719","0.00123394062568048","false","LINC01001"
"LINC00899","LINC00899","LINC00899","1.451694853741745E-4","0.0","2.90338970748349E-4","false","LINC00899"
"FAM215B","FAM215B","FAM215B","0.00679149767008096","0.0125668089425427","0.00101618639761922","false","FAM215B"
"SMG7-AS1","SMG7-AS1","SMG7-AS1","1.81461856717718E-4","0.0","3.62923713435436E-4","false","SMG7-AS1"
"L3MBTL2-AS1","L3MBTL2-AS1","L3MBTL2-AS1",,,"4.35508456122523E-4","false","L3MBTL2-AS1"
"TRHDE-AS1","TRHDE-AS1","TRHDE-AS1","1.5378937007874E-4","3.0757874015748E-4","0.0","false","TRHDE-AS1"
"MFF-DT","MFF-DT","MFF-DT",,,"4.35508456122523E-4","false","MFF-DT"
"MIR600HG","MIR600HG","MIR600HG","0.00525979777458734","0.00950340915155546","0.00101618639761922","false","MIR600HG"
"ENSG00000237094.12","ENSG00000237094.12","ENSG00000237094.12","0.013240849899329223","0.0256106828864134","8.71016912245046E-4","false","ENSG00000237094.12"
"GOLGA2P5","GOLGA2P5","GOLGA2P5","2.7926997609275747E-4","1.23031496062992E-4","4.35508456122523E-4","false","GOLGA2P5"
"ENSG00000239665.8","ENSG00000239665.8","ENSG00000239665.8","5.0809319880961E-4","0.0","0.00101618639761922","false","ENSG00000239665.8"
"PPIL3","PPIL3","PPIL3","0.005985013342979974","0.0116796877152116","2.90338970748349E-4","false","PPIL3"
"LINC00886","LINC00886","LINC00886","8.329117083762215E-4","0.00123031496062992","4.35508456122523E-4","false","LINC00886"
"EGFL8","EGFL8","EGFL8","6.286755849215771E-4","6.76673228346457E-4","5.80677941496697E-4","false","EGFL8"
"AMACR","AMACR","AMACR","5.53641732283465E-4","0.00110728346456693","0.0","false","AMACR"
"ENSG00000244560.7","ENSG00000244560.7","ENSG00000244560.7","4.94575094202994E-4","5.53641732283465E-4","4.35508456122523E-4","false","ENSG00000244560.7"
"STARD4-AS1","STARD4-AS1","STARD4-AS1","7.541561909355939E-4","4.92125984251968E-4","0.00101618639761922","false","STARD4-AS1"
"ENSG00000247903.1","ENSG00000247903.1","ENSG00000247903.1","9.608414243412655E-4","6.15157480314961E-4","0.00130652536836757","false","ENSG00000247903.1"
"ENSG00000248015.7","ENSG00000248015.7","ENSG00000248015.7","0.0011453886684357536","9.84251968503937E-4","0.00130652536836757","false","ENSG00000248015.7"
"ZNF436-AS1","ZNF436-AS1","ZNF436-AS1","2.903389707483485E-4","0.0","5.80677941496697E-4","false","ZNF436-AS1"
"ENSG00000250397.2","ENSG00000250397.2","ENSG00000250397.2","0.005014663958585968","0.00944864997567524","5.80677941496697E-4","false","ENSG00000250397.2"
"TMED7-TICAM2","TMED7-TICAM2","TMED7-TICAM2","2.177542280612615E-4","0.0","4.35508456122523E-4","false","TMED7-TICAM2"
"GUSBP14","GUSBP14","GUSBP14","0.0","0.0","0.0","false","GUSBP14"
"ENSG00000254837.2","ENSG00000254837.2","ENSG00000254837.2","2.177542280612615E-4","0.0","4.35508456122523E-4","false","ENSG00000254837.2"
"ANKHD1-EIF4EBP3","ANKHD1-EIF4EBP3","ANKHD1-EIF4EBP3","3.715435981400015E-4","3.0757874015748E-4","4.35508456122523E-4","false","ANKHD1-EIF4EBP3"
"SUGT1P4-STRA6LP-CCDC180","SUGT1P4-STRA6LP-CCDC180","SUGT1P4-STRA6LP-CCDC180","2.177542280612615E-4","0.0","4.35508456122523E-4","false","SUGT1P4-STRA6LP-CCDC180"
"TAS2R20","TAS2R20","TAS2R20",,,"0.0","false","TAS2R20"
"POLG2","POLG2","POLG2","7.0988021231323E-4","9.84251968503937E-4","4.35508456122523E-4","false","POLG2"
"ENSG00000257176.3","ENSG00000257176.3","ENSG00000257176.3","0.00421104719713929","0.0038877389682697","0.00453435542600888","false","ENSG00000257176.3"
"ENSG00000259351.1","ENSG00000259351.1","ENSG00000259351.1","2.903389707483485E-4","0.0","5.80677941496697E-4","false","ENSG00000259351.1"
"ENSG00000259959.1","ENSG00000259959.1","ENSG00000259959.1","0.001996527621616249","1.84547244094488E-4","0.00380850799913801","false","ENSG00000259959.1"
"RBFADN","RBFADN","RBFADN","7.233983169198459E-4","4.30610236220472E-4","0.00101618639761922","false","RBFADN"
"ENSG00000261799.1","ENSG00000261799.1","ENSG00000261799.1","2.177542280612615E-4","0.0","4.35508456122523E-4","false","ENSG00000261799.1"
"ENSG00000261819.1","ENSG00000261819.1","ENSG00000261819.1","0.014332265549385456","0.0248560230996329","0.00380850799913801","false","ENSG00000261819.1"
"ENSG00000262160.1","ENSG00000262160.1","ENSG00000262160.1","4.718008274660665E-4","0.0","9.43601654932133E-4","false","ENSG00000262160.1"
"ROCK1P1","ROCK1P1","ROCK1P1","3.2109684476409656E-4","6.15157480314961E-5","5.80677941496697E-4","false","ROCK1P1"
"DTX2P1-UPK3BP1-PMS2P11","DTX2P1-UPK3BP1-PMS2P11","DTX2P1-UPK3BP1-PMS2P11","0.0025501693538997152","0.00129183070866142","0.00380850799913801","false","DTX2P1-UPK3BP1-PMS2P11"
"TXNIP","TXNIP","TXNIP","0.001977010832781465","0.00110728346456693","0.002846738200996","false","TXNIP"
"STRADA","STRADA","STRADA","8.132228290160634E-4","0.00104576771653543","5.80677941496697E-4","false","STRADA"
"ZNF571-AS1","ZNF571-AS1","ZNF571-AS1","2.903389707483485E-4","0.0","5.80677941496697E-4","false","ZNF571-AS1"
"ENSG00000269982.1","ENSG00000269982.1","ENSG00000269982.1","2.177542280612615E-4","0.0","4.35508456122523E-4","false","ENSG00000269982.1"
"ENSG00000270157.1","ENSG00000270157.1","ENSG00000270157.1","2.177542280612615E-4","0.0","4.35508456122523E-4","false","ENSG00000270157.1"
"ENSG00000270210.1","ENSG00000270210.1","ENSG00000270210.1","0.00175932224004036","0.00351864448008072","0.0","false","ENSG00000270210.1"
"ENSG00000271452.1","ENSG00000271452.1","ENSG00000271452.1","0.0","0.0","0.0","false","ENSG00000271452.1"
"ENSG00000272316.1","ENSG00000272316.1","ENSG00000272316.1","0.002737403433790756","0.00474895944071064","7.25847426870872E-4","false","ENSG00000272316.1"
"GTF2IP13","GTF2IP13","GTF2IP13","0.01483659598261614","0.0245581585977267","0.00511503336750558","false","GTF2IP13"
"ENSG00000272661.1","ENSG00000272661.1","ENSG00000272661.1","0.0016694977279441414","0.00290348699976576","4.35508456122523E-4","false","ENSG00000272661.1"
"ENSG00000272836.1","ENSG00000272836.1","ENSG00000272836.1",,,"4.35508456122523E-4","false","ENSG00000272836.1"
"ADRA2B","ADRA2B","ADRA2B","0.0154400354113032","0.0302993928811097","5.80677941496697E-4","false","ADRA2B"
"ENSG00000274330.1","ENSG00000274330.1","ENSG00000274330.1","0.01545741561211749","0.0250761853368688","0.00583864588736618","false","ENSG00000274330.1"
"DACH1","DACH1","DACH1","5.167130835141761E-4","3.0757874015748E-4","7.25847426870872E-4","false","DACH1"
"ENSG00000278737.1","ENSG00000278737.1","ENSG00000278737.1","5.86848716250238E-4","7.38188976377953E-4","4.35508456122523E-4","false","ENSG00000278737.1"
"ENSG00000278989.1","ENSG00000278989.1","ENSG00000278989.1","0.0020568452747598566","0.00367818209339719","4.35508456122523E-4","false","ENSG00000278989.1"
"ENSG00000279159.1","ENSG00000279159.1","ENSG00000279159.1","9.054964510633084E-4","0.00123031496062992","5.80677941496697E-4","false","ENSG00000279159.1"
"ENSG00000279168.2","ENSG00000279168.2","ENSG00000279168.2","0.0016619126722455333","6.76673228346457E-4","0.00264715211614461","false","ENSG00000279168.2"
"ENSG00000279407.1","ENSG00000279407.1","ENSG00000279407.1","5.0809319880961E-4","0.0","0.00101618639761922","false","ENSG00000279407.1"
"ENSG00000279700.1","ENSG00000279700.1","ENSG00000279700.1",,,"5.80677941496697E-4","false","ENSG00000279700.1"
"ENSG00000280239.1","ENSG00000280239.1","ENSG00000280239.1","0.001648162408357825","0.00329632481671565","0.0","false","ENSG00000280239.1"
"ENSG00000280893.1","ENSG00000280893.1","ENSG00000280893.1","0.0","0.0","0.0","false","ENSG00000280893.1"
"CICP14","CICP14","CICP14","8.12586551590322E-4","2.46062992125984E-4","0.00137911011105466","false","CICP14"
"ENSG00000283189.2","ENSG00000283189.2","ENSG00000283189.2","0.00219459297031735","0.0","0.0043891859406347","false","ENSG00000283189.2"
"ENSG00000283236.1","ENSG00000283236.1","ENSG00000283236.1","0.0024244565886046","0.00354238780884163","0.00130652536836757","false","ENSG00000283236.1"
"ENSG00000283352.1","ENSG00000283352.1","ENSG00000283352.1","0.0024692024523535914","0.00450289644858466","4.35508456122523E-4","false","ENSG00000283352.1"
"FAM238C","FAM238C","FAM238C","0.03174061842184197","0.0631908978729356","2.90338970748349E-4","false","FAM238C"
"ENSG00000284879.1","ENSG00000284879.1","ENSG00000284879.1","4.3305934617149746E-4","4.30610236220472E-4","4.35508456122523E-4","false","ENSG00000284879.1"
"ENSG00000285589.1","ENSG00000285589.1","ENSG00000285589.1","6.8955505552733E-4","0.0","0.00137911011105466","false","ENSG00000285589.1"
"ENSG00000285728.2","ENSG00000285728.2","ENSG00000285728.2","0.0010586495437163064","7.38188976377953E-4","0.00137911011105466","false","ENSG00000285728.2"
"ENSG00000286681.1","ENSG00000286681.1","ENSG00000286681.1","0.001039596941781891","0.00135334645669291","7.25847426870872E-4","false","ENSG00000286681.1"
"ENSG00000287671.1","ENSG00000287671.1","ENSG00000287671.1","2.177542280612615E-4","0.0","4.35508456122523E-4","false","ENSG00000287671.1"
"ENSG00000288022.1","ENSG00000288022.1","ENSG00000288022.1","0.001996527621616249","1.84547244094488E-4","0.00380850799913801","false","ENSG00000288022.1"
"ENSG00000288871.1","ENSG00000288871.1","ENSG00000288871.1","0.0","0.0","0.0","false","ENSG00000288871.1"
"ENSG00000288884.1","ENSG00000288884.1","ENSG00000288884.1","0.00422543930501718","0.0076524464404764","7.98432169557959E-4","false","ENSG00000288884.1"
"ENSG00000289371.1","ENSG00000289371.1","ENSG00000289371.1","0.007377371149126061","0.0143192338421296","4.35508456122523E-4","false","ENSG00000289371.1"
"NIPAL3","NIPAL3","NIPAL3","0.0024581334576979997","0.00462592794464765","2.90338970748349E-4","false","NIPAL3"
"DVL2","DVL2","DVL2","0.008345813323656595","0.0109414987388337","0.00575012790847949","false","DVL2"
"AR","AR","AR","0.5847653543932855","0.667656333440832","0.501874375345739","false","AR"
"HIVEP2","HIVEP2","HIVEP2","0.78087092689407","0.22125195279589","1.34048990099225","false","HIVEP2"
"RORA","RORA","RORA","0.6038739947612191","0.742037501647433","0.465710487875005","false","RORA"
"BRF2","BRF2","BRF2","0.0761057085795896","0.101090513992537","0.0511209031666422","false","BRF2"
"LBX1","LBX1","LBX1","0.5838773195847136","0.570609266846136","0.597145372323291","false","LBX1"
"TSPOAP1","TSPOAP1","TSPOAP1","0.001638674218608236","4.30610236220472E-4","0.002846738200996","false","TSPOAP1"
"PITX3","PITX3","PITX3","1.556798344326291","3.10517685850088","0.00841983015170211","false","PITX3"
"GCFC2","GCFC2","GCFC2","4.921259842519685E-4","9.84251968503937E-4","0.0","false","GCFC2"
"PDK2","PDK2","PDK2","0.001008202790340399","4.92125984251968E-4","0.00152427959642883","false","PDK2"
"DR1","DR1","DR1","1.31085992525","2.42007751469206","0.20164233580794","false","DR1"
"CHCHD3","CHCHD3","CHCHD3","2.227619704318785","1.4721077121526","2.98313169648497","false","CHCHD3"
"ZNF609","ZNF609","ZNF609","0.0","0.0","0.0","false","ZNF609"
"ADIPOR2","ADIPOR2","ADIPOR2","0.002236591929514065","0.00104576771653543","0.0034274161424927","false","ADIPOR2"
"ZNF511","ZNF511","ZNF511","0.0","0.0","0.0","false","ZNF511"
"SCN4A","SCN4A","SCN4A","8.021538343604765E-4","0.00116879921259843","4.35508456122523E-4","false","SCN4A"
"PIGQ","PIGQ","PIGQ","1.451694853741745E-4","0.0","2.90338970748349E-4","false","PIGQ"
"PKD1","PKD1","PKD1","0.013175500823473575","0.0165858865748074","0.00976511507213975","false","PKD1"
"AHDC1","AHDC1","AHDC1","0.21400745373060637","0.336816604173832","0.0911983032873807","false","AHDC1"
"CHAMP1","CHAMP1","CHAMP1","7.853265793780185","8.4455805858024","7.26095100175797","false","CHAMP1"
"REV3L","REV3L","REV3L","0.006334301035952755","0.00290348699976576","0.00976511507213975","false","REV3L"
"SP100","SP100","SP100","0.1145705931803704","0.18804266548093","0.0410985208798108","false","SP100"
"MLXIPL","MLXIPL","MLXIPL","0.00430638351915803","0.00317329332065266","0.0054394737176634","false","MLXIPL"
"BTBD7","BTBD7","BTBD7","0.0068701401985905896","0.0101676947693143","0.00357258562786688","false","BTBD7"
"AKAP8L","AKAP8L","AKAP8L","0.2318703938421942","0.393941511614155","0.0697992760702334","false","AKAP8L"
"TCF20","TCF20","TCF20","0.04326310412790475","0.0425597048600699","0.0439665033957396","false","TCF20"
"SNAPC1","SNAPC1","SNAPC1","0.001454126974513748","6.15157480314961E-5","0.002846738200996","false","SNAPC1"
"SNX1","SNX1","SNX1","0.0036533099146786397","0.00378845080096762","0.00351816902838966","false","SNX1"
"DAPK2","DAPK2","DAPK2","3.35251226796458E-4","3.0757874015748E-4","3.62923713435436E-4","false","DAPK2"
"BOD1L1","BOD1L1","BOD1L1","0.008403597388363384","4.92125984251968E-4","0.0163150687924748","false","BOD1L1"
"MAT2B","MAT2B","MAT2B","0.00178629281393344","0.0","0.00357258562786688","false","MAT2B"
"DCUN1D1","DCUN1D1","DCUN1D1","0.00242939788808335","0.0","0.0048587957761667","false","DCUN1D1"
"RBSN","RBSN","RBSN","0.235161630818907","0.364355263205686","0.105967998432128","false","RBSN"
"PREX2","PREX2","PREX2","5.44385570153155E-4","0.0","0.00108877114030631","false","PREX2"
"WDR37","WDR37","WDR37","3.604746034844105E-4","4.30610236220472E-4","2.90338970748349E-4","false","WDR37"
"FAM214A","FAM214A","FAM214A","0.004322905534259165","0.00367818209339719","0.00496762897512114","false","FAM214A"
"TPR","TPR","TPR","0.01050304198884921","0.0130465473162071","0.00795953666149132","false","TPR"
"RFC2","RFC2","RFC2","0.0057110858184493","0.0","0.0114221716368986","false","RFC2"
"RELA","RELA","RELA","0.00486317776003484","0.0","0.00972635552006968","false","RELA"
"FHIP1B","FHIP1B","FHIP1B","0.005494982286877227","7.38188976377953E-4","0.0102517755973765","false","FHIP1B"
"HERPUD1","HERPUD1","HERPUD1","0.0024098980884275857","4.30610236220472E-4","0.0043891859406347","false","HERPUD1"
"THRAP3","THRAP3","THRAP3","0.003317465490033135","0.0","0.00663493098006627","false","THRAP3"
"SYNE2","SYNE2","SYNE2","4.804207121706325E-4","3.0757874015748E-4","6.53262684183785E-4","false","SYNE2"
"GALC","GALC","GALC","6.705024535929165E-4","6.15157480314961E-4","7.25847426870872E-4","false","GALC"
"ZC3H11A","ZC3H11A","ZC3H11A","6.1697031284024E-4","0.0","0.00123394062568048","false","ZC3H11A"
"UNKL","UNKL","UNKL","0.003504490098048361","0.00679122596803546","2.17754228061262E-4","false","UNKL"
"ACAA1","ACAA1","ACAA1","8.298263209994519E-4","8.61220472440945E-4","7.98432169557959E-4","false","ACAA1"
"ELMO2","ELMO2","ELMO2","3.998523622047245E-4","7.99704724409449E-4","0.0","false","ELMO2"
"ZNF275","ZNF275","ZNF275","0.001835390921684435","0.00116879921259843","0.00250198263077044","false","ZNF275"
"RNF4","RNF4","RNF4","4.21990351515907E-4","5.53641732283465E-4","2.90338970748349E-4","false","RNF4"
"SLC12A2","SLC12A2","SLC12A2","3.715435981400015E-4","3.0757874015748E-4","4.35508456122523E-4","false","SLC12A2"
"OAT","OAT","OAT","6.1697031284024E-4","0.0","0.00123394062568048","false","OAT"
"PRKCQ","PRKCQ","PRKCQ","0.0029429869235915694","0.00559563487643479","2.90338970748349E-4","false","PRKCQ"
"TLE2","TLE2","TLE2","0.008817639978196689","0.0164013393307129","0.00123394062568048","false","TLE2"
"YBX1","YBX1","YBX1","0.268660229898094","0.401179131023908","0.13614132877228","false","YBX1"
"ZMYND12","ZMYND12","ZMYND12","5.86848716250238E-4","7.38188976377953E-4","4.35508456122523E-4","false","ZMYND12"
"THUMPD1","THUMPD1","THUMPD1","9.63926811718035E-4","9.84251968503937E-4","9.43601654932133E-4","false","THUMPD1"
"ATG2B","ATG2B","ATG2B","0.0059056001399870744","0.00765793671061058","0.00415326356936357","false","ATG2B"
"FECH","FECH","FECH","7.62139798214415E-4","0.0","0.00152427959642883","false","FECH"
"NEO1","NEO1","NEO1","0.003535219718094395","0.0","0.00707043943618879","false","NEO1"
"NUP133","NUP133","NUP133","0.007230408735349661","0.0140253090145768","4.35508456122523E-4","false","NUP133"
"NUCKS1","NUCKS1","NUCKS1","4.4966283815488445E-4","2.46062992125984E-4","6.53262684183785E-4","false","NUCKS1"
"ABCC9","ABCC9","ABCC9","0.009038296345976462","0.0176410842358304","4.35508456122523E-4","false","ABCC9"
"LRP6","LRP6","LRP6","0.025430759033758295","0.0502082553833328","6.53262684183785E-4","false","LRP6"
"SREBF1","SREBF1","SREBF1","0.003869456525827428","3.69094488188976E-4","0.00736981856346588","false","SREBF1"
"RHOBTB1","RHOBTB1","RHOBTB1","0.004444599969996331","4.30610236220472E-4","0.00845858970377219","false","RHOBTB1"
"MCM2","MCM2","MCM2","0.00978163534017893","0.0187648385107999","7.98432169557959E-4","false","MCM2"
"NSF","NSF","NSF","1.08877114030631E-4","0.0","2.17754228061262E-4","false","NSF"
"LMAN1","LMAN1","LMAN1","3.075787401574805E-5","6.15157480314961E-5","0.0","false","LMAN1"
"SEC31B","SEC31B","SEC31B","0.005486009744303483","5.53641732283465E-4","0.0104183777563235","false","SEC31B"
"SART3","SART3","SART3","3.62923713435436E-4","0.0","7.25847426870872E-4","false","SART3"
"MAP2K7","MAP2K7","MAP2K7","6.286755849215771E-4","6.76673228346457E-4","5.80677941496697E-4","false","MAP2K7"
"USP33","USP33","USP33","0.0","0.0","0.0","false","USP33"
"TULP3","TULP3","TULP3","0.0027197368588317","0.0","0.0054394737176634","false","TULP3"
"VDAC3","VDAC3","VDAC3","1.23031496062992E-4","2.46062992125984E-4","0.0","false","VDAC3"
"FDFT1","FDFT1","FDFT1","9.165654457189011E-4","0.00110728346456693","7.25847426870872E-4","false","FDFT1"
"KIF22","KIF22","KIF22","0.00295207227447525","0.00437986495252167","0.00152427959642883","false","KIF22"
"PGM1","PGM1","PGM1","0.00464672774378719","0.00499502243283663","0.00429843305473775","false","PGM1"
"SMARCA2","SMARCA2","SMARCA2","0.00377443827669065","0.00339561298401773","0.00415326356936357","false","SMARCA2"
"SRCAP","SRCAP","SRCAP","0.005544792762827394","1.84547244094488E-4","0.0109050382815603","false","SRCAP"
"CNOT4","CNOT4","CNOT4","6.79122338297482E-4","9.22736220472441E-4","4.35508456122523E-4","false","CNOT4"
"COL4A4","COL4A4","COL4A4","0.0028489391296482335","9.84251968503937E-4","0.00471362629079253","false","COL4A4"
"PCDHB4","PCDHB4","PCDHB4","4.189049641391365E-4","1.84547244094488E-4","6.53262684183785E-4","false","PCDHB4"
"PALB2","PALB2","PALB2","8.046029443114994E-4","7.38188976377953E-4","8.71016912245046E-4","false","PALB2"
"TEAD3","TEAD3","TEAD3","0.344042503319226","0.683076659393043","0.00500834724540901","false","TEAD3"
"BCKDHB","BCKDHB","BCKDHB","8.69204079719765E-4","0.00123031496062992","5.0809319880961E-4","false","BCKDHB"
"STARD7","STARD7","STARD7",,,"0.0133514868593484","false","STARD7"
"CPNE3","CPNE3","CPNE3","1.08877114030631E-4","0.0","2.17754228061262E-4","false","CPNE3"
"DDHD2","DDHD2","DDHD2","0.0056180137829402186","9.84251968503937E-4","0.0102517755973765","false","DDHD2"
"L2HGDH","L2HGDH","L2HGDH","3.992160847789795E-4","0.0","7.98432169557959E-4","false","L2HGDH"
"TXNDC16","TXNDC16","TXNDC16","3.266313420918925E-4","0.0","6.53262684183785E-4","false","TXNDC16"
"GNA11","GNA11","GNA11","7.62139798214415E-4","0.0","0.00152427959642883","false","GNA11"
"TPX2","TPX2","TPX2","5.78228831545672E-4","4.30610236220472E-4","7.25847426870872E-4","false","TPX2"
"SLC4A11","SLC4A11","SLC4A11","0.01408451629553564","0.0245964469632044","0.00357258562786688","false","SLC4A11"
"KIZ","KIZ","KIZ","0.006861372706787096","1.23031496062992E-4","0.0135997139175112","false","KIZ"
"ANKRD24","ANKRD24","ANKRD24","0.004762137293007572","0.00858067293108301","9.43601654932133E-4","false","ANKRD24"
"RCOR1","RCOR1","RCOR1","3.100278501085055E-4","1.84547244094488E-4","4.35508456122523E-4","false","RCOR1"
"YPEL3","YPEL3","YPEL3","0.015697167398084737","0.0306684873692986","7.25847426870872E-4","false","YPEL3"
"TFAP4","TFAP4","TFAP4","2.903389707483485E-4","0.0","5.80677941496697E-4","false","TFAP4"
"FLT3LG","FLT3LG","FLT3LG","0.0065487052141369895","0.00765793671061058","0.0054394737176634","false","FLT3LG"
"GNPTG","GNPTG","GNPTG","0.001423369100498","0.0","0.002846738200996","false","GNPTG"
"MYO15A","MYO15A","MYO15A","3.62923713435436E-4","0.0","7.25847426870872E-4","false","MYO15A"
"SUPT16H","SUPT16H","SUPT16H","0.013772453042348492","0.0230105506586881","0.00453435542600888","false","SUPT16H"
"SH3GLB1","SH3GLB1","SH3GLB1","0.0027410777449824544","0.00519181651921656","2.90338970748349E-4","false","SH3GLB1"
"MAST3","MAST3","MAST3","0.00229438601274305","0.0","0.0045887720254861","false","MAST3"
"SETD1A","SETD1A","SETD1A","0.0056702733688414","0.0","0.0113405467376828","false","SETD1A"
"CIRBP","CIRBP","CIRBP","0.0405180766799618","0.0562929676937782","0.0247431856661454","false","CIRBP"
"YPEL1","YPEL1","YPEL1","5.837633288734675E-4","3.69094488188976E-4","7.98432169557959E-4","false","YPEL1"
"HPS4","HPS4","HPS4","5.86848716250238E-4","7.38188976377953E-4","4.35508456122523E-4","false","HPS4"
"PICK1","PICK1","PICK1","0.00467871081904361","0.00593000549559452","0.0034274161424927","false","PICK1"
"HMGXB4","HMGXB4","HMGXB4","0.0074786956774965","0.0","0.014957391354993","false","HMGXB4"
"MCM5","MCM5","MCM5",,,"0.00152427959642883","false","MCM5"
"CBX7","CBX7","CBX7","0.005862318972809486","0.0109987905187481","7.25847426870872E-4","false","CBX7"
"FOXRED2","FOXRED2","FOXRED2","9.608414243412655E-4","6.15157480314961E-4","0.00130652536836757","false","FOXRED2"
"SGSM3","SGSM3","SGSM3","5.530054548577195E-4","3.0757874015748E-4","7.98432169557959E-4","false","SGSM3"
"FAM118A","FAM118A","FAM118A","0.002443298571046265","0.00365265651641205","0.00123394062568048","false","FAM118A"
"EP300","EP300","EP300","0.00810951636064112","0.00327258148795474","0.0129464512333275","false","EP300"
"CDKL1","CDKL1","CDKL1","0.01560113101045856","0.0301860756232979","0.00101618639761922","false","CDKL1"
"KIAA0586","KIAA0586","KIAA0586","0.001423369100498","0.0","0.002846738200996","false","KIAA0586"
"RPS6KA5","RPS6KA5","RPS6KA5","0.0126985360486909","0.0077754779365394","0.0176215941608424","false","RPS6KA5"
"ACIN1","ACIN1","ACIN1","0.017715973521127304","0.00981774446386421","0.0256142025783904","false","ACIN1"
"TRPC4AP","TRPC4AP","TRPC4AP","9.269981629487441E-4","1.84547244094488E-4","0.001669449081803","false","TRPC4AP"
"DHX35","DHX35","DHX35","0.005278337017731584","9.84251968503937E-4","0.00957242206695923","false","DHX35"
"SMCHD1","SMCHD1","SMCHD1","4.5519733548268E-4","1.84547244094488E-4","7.25847426870872E-4","false","SMCHD1"
"MOSPD1","MOSPD1","MOSPD1","0.004926207060093946","0.00560839766492736","0.00424401645526053","false","MOSPD1"
"SUV39H1","SUV39H1","SUV39H1","0.011953079815249665","0.0223818800340705","0.00152427959642883","false","SUV39H1"
"FNDC3A","FNDC3A","FNDC3A","0.00171370807124635","0.0","0.0034274161424927","false","FNDC3A"
"OLFM4","OLFM4","OLFM4","5.142639735631509E-4","7.38188976377953E-4","2.90338970748349E-4","false","OLFM4"
"HSF4","HSF4","HSF4","7.713959603447265E-4","0.00110728346456693","4.35508456122523E-4","false","HSF4"
"CYB5B","CYB5B","CYB5B","0.00116241781835214","0.00232483563670428","0.0","false","CYB5B"
"SEC14L5","SEC14L5","SEC14L5","0.008823212759837905","0.00364167597614371","0.0140047495435321","false","SEC14L5"
"CLUAP1","CLUAP1","CLUAP1","0.00520514425158846","0.00703728896016144","0.00337299954301548","false","CLUAP1"
"UBFD1","UBFD1","UBFD1","0.001697806492008865","0.00339561298401773","0.0","false","UBFD1"
"BFAR","BFAR","BFAR","0.001653292787540968","3.69094488188976E-4","0.00293749108689296","false","BFAR"
"RBL2","RBL2","RBL2","0.008000400870202606","0.00871046099929728","0.00729034074110793","false","RBL2"
"CSPP1","CSPP1","CSPP1","0.003020347721075211","0.00531484801527955","7.25847426870872E-4","false","CSPP1"
"TUBB4A","TUBB4A","TUBB4A","0.004135910818037025","0.00747338946651609","7.98432169557959E-4","false","TUBB4A"
"PIH1D1","PIH1D1","PIH1D1","0.012201001159624893","0.023748739635066","6.53262684183785E-4","false","PIH1D1"
"SF3A2","SF3A2","SF3A2","0.0010143735650939394","0.00123031496062992","7.98432169557959E-4","false","SF3A2"
"TBC1D17","TBC1D17","TBC1D17","0.0032729358123413247","0.00389871950853804","0.00264715211614461","false","TBC1D17"
"DYRK1B","DYRK1B","DYRK1B","2.4851210207700955E-4","6.15157480314961E-5","4.35508456122523E-4","false","DYRK1B"
"HNRNPUL1","HNRNPUL1","HNRNPUL1","0.003427550539550205","0.00562116045341993","0.00123394062568048","false","HNRNPUL1"
"PTPRS","PTPRS","PTPRS","0.00654129028108645","0.0","0.0130825805621729","false","PTPRS"
"BCAT2","BCAT2","BCAT2","0.002149216527368875","0.0","0.00429843305473775","false","BCAT2"
"ZNF574","ZNF574","ZNF574","9.867010784549615E-4","0.0015378937007874","4.35508456122523E-4","false","ZNF574"
"CYP3A5","CYP3A5","CYP3A5","0.00175908451419483","0.0","0.00351816902838966","false","CYP3A5"
"TMEM245","TMEM245","TMEM245","0.0023351019616350095","0.00437986495252167","2.90338970748349E-4","false","TMEM245"
"MEGF9","MEGF9","MEGF9","0.001638674218608236","4.30610236220472E-4","0.002846738200996","false","MEGF9"
"CPEB3","CPEB3","CPEB3","0.0052826272141776","0.0061760684877205","0.0043891859406347","false","CPEB3"
"SORCS1","SORCS1","SORCS1","0.00554830691661785","0.0","0.0110966138332357","false","SORCS1"
"SMC3","SMC3","SMC3",,,"0.0203674218659075","false","SMC3"
"TBC1D12","TBC1D12","TBC1D12","2.903389707483485E-4","0.0","5.80677941496697E-4","false","TBC1D12"
"DHX40","DHX40","DHX40","5.97917710905829E-4","6.15157480314961E-4","5.80677941496697E-4","false","DHX40"
"EZH1","EZH1","EZH1","6.03452208233625E-4","5.53641732283465E-4","6.53262684183785E-4","false","EZH1"
"DPH1","DPH1","DPH1","0.005814957606810355","0.0111218220148111","5.0809319880961E-4","false","DPH1"
"ELF2","ELF2","ELF2","0.00525233745580329","0.00765793671061058","0.002846738200996","false","ELF2"
"GAB1","GAB1","GAB1","0.003054291739446695","0.00268116733640069","0.0034274161424927","false","GAB1"
"NSD2","NSD2","NSD2","8.384462057040201E-4","0.00116879921259843","5.0809319880961E-4","false","NSD2"
"OSBP","OSBP","OSBP","0.0034257345806077344","0.00605303699165751","7.98432169557959E-4","false","OSBP"
"UBE4A","UBE4A","UBE4A","7.2584742687087E-5","0.0","1.45169485374174E-4","false","UBE4A"
"AMBRA1","AMBRA1","AMBRA1","0.003165517206449385","0.00531484801527955","0.00101618639761922","false","AMBRA1"
"CREBL2","CREBL2","CREBL2","6.76036950920712E-4","5.53641732283465E-4","7.98432169557959E-4","false","CREBL2"
"CDKN1B","CDKN1B","CDKN1B","0.01273213751075395","0.0114595254779758","0.0140047495435321","false","CDKN1B"
"FRK","FRK","FRK","0.0077372623551657","0.0","0.0154745247103314","false","FRK"
"MAPK14","MAPK14","MAPK14","0.00606397471567279","0.00716032045622444","0.00496762897512114","false","MAPK14"
"CILK1","CILK1","CILK1","0.002149216527368875","0.0","0.00429843305473775","false","CILK1"
"MDN1","MDN1","MDN1","0.013761393797145275","7.38188976377953E-4","0.0267845986179126","false","MDN1"
"ALDH5A1","ALDH5A1","ALDH5A1","7.904485622791391E-4","4.92125984251968E-4","0.00108877114030631","false","ALDH5A1"
"SOBP","SOBP","SOBP","9.836156910781944E-4","0.00116879921259843","7.98432169557959E-4","false","SOBP"
"TFEB","TFEB","TFEB","1.98023773491781","1.59963770347199","2.36083776636363","false","TFEB"
"SLC29A1","SLC29A1","SLC29A1","0.0013155709110051345","0.00183270965245231","7.98432169557959E-4","false","SLC29A1"
"ENPP5","ENPP5","ENPP5","5.44385570153155E-4","0.0","0.00108877114030631","false","ENPP5"
"CLK4","CLK4","CLK4","0.0233772910470883","0.0263871602282691","0.0203674218659075","false","CLK4"
"ARRDC3","ARRDC3","ARRDC3","0.004806574899688495","0.00290348699976576","0.00670966279961123","false","ARRDC3"
"C5orf15","C5orf15","C5orf15","0.00358016022811222","0.00716032045622444","0.0","false","C5orf15"
"TRIM23","TRIM23","TRIM23","0.0015771584705767398","3.0757874015748E-4","0.002846738200996","false","TRIM23"
"CRBN","CRBN","CRBN","0.00495979675407884","0.00562116045341993","0.00429843305473775","false","CRBN"
"NPHP3","NPHP3","NPHP3","0.009208304728535266","0.0174730078021384","9.43601654932133E-4","false","NPHP3"
"PCCB","PCCB","PCCB","7.68310572967956E-4","7.38188976377953E-4","7.98432169557959E-4","false","PCCB"
"TFDP2","TFDP2","TFDP2","0.0027736958051342996","0.00474895944071064","7.98432169557959E-4","false","TFDP2"
"ABTB1","ABTB1","ABTB1","0.006527878979306705","0.0125476647598038","5.0809319880961E-4","false","ABTB1"
"EFCC1","EFCC1","EFCC1","0.0","0.0","0.0","false","EFCC1"
"CISH","CISH","CISH","0.0018540449720386314","0.00327258148795474","4.35508456122523E-4","false","CISH"
"WDR48","WDR48","WDR48","0.00368571422892055","0.00327258148795474","0.00409884696988636","false","WDR48"
"ABCC5","ABCC5","ABCC5","0.0019739910807248543","0.00314954999189175","7.98432169557959E-4","false","ABCC5"
"MRPL19","MRPL19","MRPL19","0.002879507923959586","4.30610236220472E-4","0.0053284056116987","false","MRPL19"
"PAPOLG","PAPOLG","PAPOLG","0.011003307385564019","0.0216436910576926","3.62923713435436E-4","false","PAPOLG"
"IGFBP5","IGFBP5","IGFBP5","6.1515748031496E-5","1.23031496062992E-4","0.0","false","IGFBP5"
"GNLY","GNLY","GNLY","0.00286862800900839","0.00116879921259843","0.00456845680541835","false","GNLY"
"KDM3A","KDM3A","KDM3A","0.0084433532887214","0.0","0.0168867065774428","false","KDM3A"
"PLCD4","PLCD4","PLCD4","3.992160847789795E-4","0.0","7.98432169557959E-4","false","PLCD4"
"PRKAG3","PRKAG3","PRKAG3","4.914897068262235E-4","1.84547244094488E-4","7.98432169557959E-4","false","PRKAG3"
"SLC9A2","SLC9A2","SLC9A2","6.1697031284024E-4","0.0","0.00123394062568048","false","SLC9A2"
"ABCB6","ABCB6","ABCB6",,,"2.17754228061262E-4","false","ABCB6"
"ATF2","ATF2","ATF2","0.0030656585287035347","0.00290348699976576","0.00322783005764131","false","ATF2"
"MSH6","MSH6","MSH6","0.019884071567265973","0.0346190083876169","0.00514913474691505","false","MSH6"
"OPRD1","OPRD1","OPRD1","0.00590866460944376","0.00666819447197247","0.00514913474691505","false","OPRD1"
"MEF2D","MEF2D","MEF2D","0.002328931186881465","0.00364167597614371","0.00101618639761922","false","MEF2D"
"AMPD1","AMPD1","AMPD1","0.0045075569426411746","0.00462592794464765","0.0043891859406347","false","AMPD1"
"SRSF11","SRSF11","SRSF11","0.012407777973835023","0.0245252169769217","2.90338970748349E-4","false","SRSF11"
"AGMAT","AGMAT","AGMAT","0.00502287744768314","0.00376470747220671","0.00628104742315957","false","AGMAT"
"AKAP7","AKAP7","AKAP7","0.009825523303384265","0.00110728346456693","0.0185437631422016","false","AKAP7"
"FBXL5","FBXL5","FBXL5","3.62923713435436E-4","0.0","7.25847426870872E-4","false","FBXL5"
"ACOT2","ACOT2","ACOT2","4.83506099547403E-4","6.76673228346457E-4","2.90338970748349E-4","false","ACOT2"
"CRIPT","CRIPT","CRIPT",,,"0.002846738200996","false","CRIPT"
"ZEB1","ZEB1","ZEB1","0.2099890419310867","0.388839229249413","0.0311388546127604","false","ZEB1"
"SLF2","SLF2","SLF2","4.7488621484283655E-4","3.69094488188976E-4","5.80677941496697E-4","false","SLF2"
"MOB3B","MOB3B","MOB3B","2.177542280612615E-4","0.0","4.35508456122523E-4","false","MOB3B"
"LRP11","LRP11","LRP11","1.5378937007874E-4","3.0757874015748E-4","0.0","false","LRP11"
"PCDHB14","PCDHB14","PCDHB14","0.0027648210737433645","0.00523930317673838","2.90338970748349E-4","false","PCDHB14"
"KDM3B","KDM3B","KDM3B","0.003532770608143371","4.30610236220472E-4","0.00663493098006627","false","KDM3B"
"TMPO","TMPO","TMPO","0.03500192714670636","0.0614476186240727","0.00855623566934001","false","TMPO"
"SORBS3","SORBS3","SORBS3","0.002798919181822256","0.00487199093677364","7.25847426870872E-4","false","SORBS3"
"PDZRN3","PDZRN3","PDZRN3","7.233983169198459E-4","4.30610236220472E-4","0.00101618639761922","false","PDZRN3"
"POPDC2","POPDC2","POPDC2","0.002312726246478295","0.00110728346456693","0.00351816902838966","false","POPDC2"
"DESI2","DESI2","DESI2","8.91342069030948E-4","9.84251968503937E-4","7.98432169557959E-4","false","DESI2"
"CAT","CAT","CAT","0.00313925656060823","0.00232483563670428","0.00395367748451218","false","CAT"
"KLHL7","KLHL7","KLHL7","1.7592735938992256E-4","6.15157480314961E-5","2.90338970748349E-4","false","KLHL7"
"TTC21B","TTC21B","TTC21B","3.604746034844105E-4","4.30610236220472E-4","2.90338970748349E-4","false","TTC21B"
"PLA2G12A","PLA2G12A","PLA2G12A","0.0","0.0","0.0","false","PLA2G12A"
"CHD6","CHD6","CHD6","0.003126876482133785","0.00268116733640069","0.00357258562786688","false","CHD6"
"PAIP2B","PAIP2B","PAIP2B","0.0017541862942927775","8.61220472440945E-4","0.00264715211614461","false","PAIP2B"
"ATP8A1","ATP8A1","ATP8A1","7.20949206968821E-4","8.61220472440945E-4","5.80677941496697E-4","false","ATP8A1"
"NRN1","NRN1","NRN1","0.002179974401384623","6.15157480314961E-5","0.00429843305473775","false","NRN1"
"PHAF1","PHAF1","PHAF1","0.003801588767365175","0.00760317753473035","0.0","false","PHAF1"
"TMEM255A","TMEM255A","TMEM255A","0.0032505656637490496","0.00621079235674975","2.90338970748349E-4","false","TMEM255A"
"GTF3C4","GTF3C4","GTF3C4","1.81461856717718E-4","0.0","3.62923713435436E-4","false","GTF3C4"
"TRIP10","TRIP10","TRIP10","0.003562595557749045","0.0019557411485153","0.00516944996698279","false","TRIP10"
"RBCK1","RBCK1","RBCK1","0.0023842105248392657","6.15157480314961E-4","0.00415326356936357","false","RBCK1"
"MGME1","MGME1","MGME1","0.0027163763642589576","5.53641732283465E-4","0.00487911099623445","false","MGME1"
"FAM110A","FAM110A","FAM110A","1.81461856717718E-4","0.0","3.62923713435436E-4","false","FAM110A"
"IGFLR1","IGFLR1","IGFLR1","4.52748225531655E-4","6.15157480314961E-4","2.90338970748349E-4","false","IGFLR1"
"DYNC2I1","DYNC2I1","DYNC2I1","0.0027285458232406607","9.22736220472441E-4","0.00453435542600888","false","DYNC2I1"
"MASP1","MASP1","MASP1","0.006159988495705025","0.0120296380206617","2.90338970748349E-4","false","MASP1"
"UBR4","UBR4","UBR4","1.08877114030631E-4","0.0","2.17754228061262E-4","false","UBR4"
"METTL16","METTL16","METTL16","0.008260146213433414","0.00104576771653543","0.0154745247103314","false","METTL16"
"MPST","MPST","MPST","0.00580891212357951","0.0106016378495398","0.00101618639761922","false","MPST"
"ORMDL1","ORMDL1","ORMDL1","2.177542280612615E-4","0.0","4.35508456122523E-4","false","ORMDL1"
"TTBK2","TTBK2","TTBK2","2.903389707483485E-4","0.0","5.80677941496697E-4","false","TTBK2"
"CALML4","CALML4","CALML4",,,"7.98432169557959E-4","false","CALML4"
"USP6","USP6","USP6","0.008226337721965241","0.00981774446386421","0.00663493098006627","false","USP6"
"ART1","ART1","ART1","5.056440888585845E-4","4.30610236220472E-4","5.80677941496697E-4","false","ART1"
"CHRNA10","CHRNA10","CHRNA10","0.011113521185762799","0.0216463644300289","5.80677941496697E-4","false","CHRNA10"
"CDKN1C","CDKN1C","CDKN1C","0.01551213375663949","0.0270705900287668","0.00395367748451218","false","CDKN1C"
"DPP6","DPP6","DPP6","2.177542280612615E-4","0.0","4.35508456122523E-4","false","DPP6"
"SLC27A1","SLC27A1","SLC27A1","2.989588554529145E-4","3.0757874015748E-4","2.90338970748349E-4","false","SLC27A1"
"CACNG6","CACNG6","CACNG6","0.00410578922144702","0.00821157844289404","0.0","false","CACNG6"
"ZNF426","ZNF426","ZNF426","0.00758112087522993","0.0116440727220702","0.00351816902838966","false","ZNF426"
"GINS2","GINS2","GINS2","0.0017492665346023764","0.00306302461308223","4.35508456122523E-4","false","GINS2"
"PPFIA1","PPFIA1","PPFIA1","0.021722780574608545","0.0427922984650333","6.53262684183785E-4","false","PPFIA1"
"RPA1","RPA1","RPA1","0.00724449769353503","0.0136905632175121","7.98432169557959E-4","false","RPA1"
"SERPINF1","SERPINF1","SERPINF1","0.004689552550320485","0.00858067293108301","7.98432169557959E-4","false","SERPINF1"
"LANCL2","LANCL2","LANCL2","5.892978262012629E-4","3.0757874015748E-4","8.71016912245046E-4","false","LANCL2"
"DLG4","DLG4","DLG4","0.003982223974422435","0.00401077046433269","0.00395367748451218","false","DLG4"
"MTSS2","MTSS2","MTSS2","3.075787401574805E-4","6.15157480314961E-4","0.0","false","MTSS2"
"POLR3F","POLR3F","POLR3F","2.177542280612615E-4","0.0","4.35508456122523E-4","false","POLR3F"
"DCAF8","DCAF8","DCAF8","0.0016619126722455333","6.76673228346457E-4","0.00264715211614461","false","DCAF8"
"IGHMBP2","IGHMBP2","IGHMBP2","2.73735478764962E-4","1.84547244094488E-4","3.62923713435436E-4","false","IGHMBP2"
"NASP","NASP","NASP","0.0027197368588317","0.0","0.0054394737176634","false","NASP"
"DCTN4","DCTN4","DCTN4","0.0018429759773830395","0.00339561298401773","2.90338970748349E-4","false","DCTN4"
"KL","KL","KL","0.0015660894759211511","4.30610236220472E-4","0.00270156871562183","false","KL"
"MORC2","MORC2","MORC2","0.00798158664467605","0.0038877389682697","0.0120754343210824","false","MORC2"
"MRO","MRO","MRO","0.001831669256881915","0.0","0.00366333851376383","false","MRO"
"CDK7","CDK7","CDK7","0.0","0.0","0.0","false","CDK7"
"VHL","VHL","VHL","0.0016977408566887086","9.84251968503937E-4","0.00241122974487348","false","VHL"
"GSTM1","GSTM1","GSTM1","0.009619599610067595","0.00747338946651609","0.0117658097536191","false","GSTM1"
"CMPK2","CMPK2","CMPK2","0.001638674218608236","4.30610236220472E-4","0.002846738200996","false","CMPK2"
"BIVM","BIVM","BIVM","4.2997395879472753E-4","6.15157480314961E-5","7.98432169557959E-4","false","BIVM"
"HRK","HRK","HRK","0.005899771121546706","0.0112914490442838","5.0809319880961E-4","false","HRK"
"ANKRD6","ANKRD6","ANKRD6","0.006784208639498395","0.010776095677478","0.00279232160151879","false","ANKRD6"
"CEP350","CEP350","CEP350","0.00750648346155189","0.0114403812952369","0.00357258562786688","false","CEP350"
"CYP27A1","CYP27A1","CYP27A1","0.0168755940352618","0.0190627030127061","0.0146884850578175","false","CYP27A1"
"PCDH8","PCDH8","PCDH8","0.002664818691103669","0.00474895944071064","5.80677941496697E-4","false","PCDH8"
"RCBTB2","RCBTB2","RCBTB2","0.00980294797235997","0.0171039133139495","0.00250198263077044","false","RCBTB2"
"IREB2","IREB2","IREB2","3.992160847789795E-4","0.0","7.98432169557959E-4","false","IREB2"
"CHAD","CHAD","CHAD","0.004564071944306468","0.0087652201751775","3.62923713435436E-4","false","CHAD"
"KAT7","KAT7","KAT7","0.01683429914121875","0.012729538631562","0.0209390596508755","false","KAT7"
"TANK","TANK","TANK","0.0017381975399467895","0.00318605610914523","2.90338970748349E-4","false","TANK"
"CDK5RAP2","CDK5RAP2","CDK5RAP2","0.0026395953144157176","0.00462592794464765","6.53262684183785E-4","false","CDK5RAP2"
"IL33","IL33","IL33","3.604746034844105E-4","4.30610236220472E-4","2.90338970748349E-4","false","IL33"
"TJAP1","TJAP1","TJAP1","0.003229350793791599","1.84547244094488E-4","0.00627415434348871","false","TJAP1"
"NUMA1","NUMA1","NUMA1","0.01400993415319195","0.0076524464404764","0.0203674218659075","false","NUMA1"
"BUD13","BUD13","BUD13","0.0069519358624173504","0.0084643980071713","0.0054394737176634","false","BUD13"
"RTF1","RTF1","RTF1","0.007651765935857036","0.0145776844448432","7.25847426870872E-4","false","RTF1"
"FBXO11","FBXO11","FBXO11","0.004925020682166961","7.38188976377953E-4","0.00911185238795597","false","FBXO11"
"BARD1","BARD1","BARD1","0.001904253999569005","0.0","0.00380850799913801","false","BARD1"
"ITPRID2","ITPRID2","ITPRID2","9.079455610143344E-4","7.99704724409449E-4","0.00101618639761922","false","ITPRID2"
"SECISBP2L","SECISBP2L","SECISBP2L","0.003440496986096127","2.46062992125984E-4","0.00663493098006627","false","SECISBP2L"
"KIAA1109","KIAA1109","KIAA1109","2.177542280612615E-4","0.0","4.35508456122523E-4","false","KIAA1109"
"SCARB2","SCARB2","SCARB2","4.921259842519685E-4","9.84251968503937E-4","0.0","false","SCARB2"
"ETV6","ETV6","ETV6","0.00892209782063429","3.0757874015748E-4","0.0175366169011111","false","ETV6"
"SLC38A4","SLC38A4","SLC38A4","0.00705808875930098","0.00981774446386421","0.00429843305473775","false","SLC38A4"
"LGR5","LGR5","LGR5","0.006690181431263115","0.00116879921259843","0.0122115636499278","false","LGR5"
"N4BP2L1","N4BP2L1","N4BP2L1","0.015666786319901","0.012106073983315","0.019227498656487","false","N4BP2L1"
"SMARCC2","SMARCC2","SMARCC2","0.011229248767670865","0.00728335195228743","0.0151751455830543","false","SMARCC2"
"LMBR1L","LMBR1L","LMBR1L","5.167130835141761E-4","3.0757874015748E-4","7.25847426870872E-4","false","LMBR1L"
"SBNO1","SBNO1","SBNO1","0.007624386347916936","0.014522925268963","7.25847426870872E-4","false","SBNO1"
"DCAF5","DCAF5","DCAF5","0.006928299068673005","0.0127678269970397","0.00108877114030631","false","DCAF5"
"SLC12A6","SLC12A6","SLC12A6","0.005630410362715855","0.0107527275266221","5.0809319880961E-4","false","SLC12A6"
"BNIP2","BNIP2","BNIP2","1.81461856717718E-4","0.0","3.62923713435436E-4","false","BNIP2"
"GAS8","GAS8","GAS8","0.001775223819277846","1.23031496062992E-4","0.0034274161424927","false","GAS8"
"SGSM2","SGSM2","SGSM2","0.0055199016518371604","0.0038877389682697","0.00715206433540462","false","SGSM2"
"IMPA2","IMPA2","IMPA2","0.01772652777515813","0.0346546233807583","7.98432169557959E-4","false","IMPA2"
"GNAL","GNAL","GNAL","0.002199663280744777","2.46062992125984E-4","0.00415326356936357","false","GNAL"
"P3H4","P3H4","P3H4","0.003750524836204631","4.30610236220472E-4","0.00707043943618879","false","P3H4"
"LMO4","LMO4","LMO4","0.0019889481324820765","0.00354238780884163","4.35508456122523E-4","false","LMO4"
"CELSR2","CELSR2","CELSR2","7.935339496559085E-4","8.61220472440945E-4","7.25847426870872E-4","false","CELSR2"
"ALDH9A1","ALDH9A1","ALDH9A1","0.0034754137859175837","6.76673228346457E-4","0.00627415434348871","false","ALDH9A1"
"ADAMTSL4","ADAMTSL4","ADAMTSL4","0.036886648681739166","0.0689486029667211","0.00482469439675723","false","ADAMTSL4"
"RFX5","RFX5","RFX5","4.94575094202994E-4","5.53641732283465E-4","4.35508456122523E-4","false","RFX5"
"SELENBP1","SELENBP1","SELENBP1","0.0022501100341206838","4.92125984251968E-4","0.0040080940839894","false","SELENBP1"
"CEP170","CEP170","CEP170","0.00609521148830518","0.00329632481671565","0.00889409815989471","false","CEP170"
"LBR","LBR","LBR","0.005063649077405985","0.00748014603866736","0.00264715211614461","false","LBR"
"SOX13","SOX13","SOX13","0.00259590825960828","0.00519181651921656","0.0","false","SOX13"
"ASXL2","ASXL2","ASXL2","0.0018539793367184725","8.61220472440945E-4","0.002846738200996","false","ASXL2"
"DUSP11","DUSP11","DUSP11","0.00358016022811222","0.00716032045622444","0.0","false","DUSP11"
"GULP1","GULP1","GULP1","3.998523622047245E-4","7.99704724409449E-4","0.0","false","GULP1"
"KANSL1L","KANSL1L","KANSL1L","0.01713319235491525","0.0342663847098305","0.0","false","KANSL1L"
"NYAP2","NYAP2","NYAP2","0.006600640538723505","0.00147637795275591","0.0117249031246911","false","NYAP2"
"ACKR3","ACKR3","ACKR3","0.0038259854943926697","0.00413380196039568","0.00351816902838966","false","ACKR3"
"FANCD2","FANCD2","FANCD2","2.903389707483485E-4","0.0","5.80677941496697E-4","false","FANCD2"
"RBMS3","RBMS3","RBMS3","0.00168649977150774","0.0","0.00337299954301548","false","RBMS3"
"CCDC39","CCDC39","CCDC39","2.177542280612615E-4","0.0","4.35508456122523E-4","false","CCDC39"
"DDIT4L","DDIT4L","DDIT4L","0.0066501673951171","0.0","0.0133003347902342","false","DDIT4L"
"UGT3A1","UGT3A1","UGT3A1","2.7926997609275747E-4","1.23031496062992E-4","4.35508456122523E-4","false","UGT3A1"
"FAM50B","FAM50B","FAM50B","0.00206176503445026","0.00147637795275591","0.00264715211614461","false","FAM50B"
"TRIM7","TRIM7","TRIM7","0.010162919628403745","0.00401077046433269","0.0163150687924748","false","TRIM7"
"MMUT","MMUT","MMUT","0.007976744662541623","0.0156631503543349","2.90338970748349E-4","false","MMUT"
"TLK2","TLK2","TLK2","0.011297553169920125","0.0180266495344219","0.00456845680541835","false","TLK2"
"NCAPG2","NCAPG2","NCAPG2","2.177542280612615E-4","0.0","4.35508456122523E-4","false","NCAPG2"
"ASB10","ASB10","ASB10","0.0023202456668567455","9.22736220472441E-4","0.00371775511324105","false","ASB10"
"ZNF711","ZNF711","ZNF711","0.007049363382236331","0.00257089862883026","0.0115278281356424","false","ZNF711"
"HMBOX1","HMBOX1","HMBOX1","0.008587045023730974","0.0168837510767136","2.90338970748349E-4","false","HMBOX1"
"PXDNL","PXDNL","PXDNL","0.011240331638543221","8.61220472440945E-4","0.0216194428046455","false","PXDNL"
"PLPP5","PLPP5","PLPP5","0.0074733894665161","0.0149467789330322","0.0","false","PLPP5"
"ADHFE1","ADHFE1","ADHFE1","0.002328131643573793","0.00429333957371215","3.62923713435436E-4","false","ADHFE1"
"ZNF7","ZNF7","ZNF7","0.003853259429451435","0.00654516297590948","0.00116135588299339","false","ZNF7"
"SNX30","SNX30","SNX30","0.004422802740972385","0.00425683345645867","0.0045887720254861","false","SNX30"
"FAM13C","FAM13C","FAM13C","5.75779721594647E-4","8.61220472440945E-4","2.90338970748349E-4","false","FAM13C"
"EIF4EBP2","EIF4EBP2","EIF4EBP2","0.009077199666802774","0.0138559662788678","0.00429843305473775","false","EIF4EBP2"
"SLC43A1","SLC43A1","SLC43A1","0.0090948239157152","0.0147622316889377","0.0034274161424927","false","SLC43A1"
"CCDC81","CCDC81","CCDC81","0.0017783748419747726","0.00290348699976576","6.53262684183785E-4","false","CCDC81"
"SCN2B","SCN2B","SCN2B","8.526005877363795E-4","0.00141486220472441","2.90338970748349E-4","false","SCN2B"
"SIDT2","SIDT2","SIDT2","0.005371351261947705","0.00629909998378349","0.00444360254011192","false","SIDT2"
"CNBD2","CNBD2","CNBD2","0.003529388573782275","0.00232483563670428","0.00473394151086027","false","CNBD2"
"MIA2","MIA2","MIA2","2.0668523340567051E-4","1.23031496062992E-4","2.90338970748349E-4","false","MIA2"
"THRSP","THRSP","THRSP","0.007498905741902925","0.0147074725130575","2.90338970748349E-4","false","THRSP"
"NUBPL","NUBPL","NUBPL","0.01185312065477147","0.00703728896016144","0.0166689523493815","false","NUBPL"
"SMPD4BP","SMPD4BP","SMPD4BP","0.011877093755946692","0.0231009248277096","6.53262684183785E-4","false","SMPD4BP"
"UHMK1","UHMK1","UHMK1","0.01333961022536914","0.0254452798250578","0.00123394062568048","false","UHMK1"
"ADGRA3","ADGRA3","ADGRA3","4.718008274660665E-4","0.0","9.43601654932133E-4","false","ADGRA3"
"BCL2L11","BCL2L11","BCL2L11","3.62923713435436E-4","0.0","7.25847426870872E-4","false","BCL2L11"
"RASSF3","RASSF3","RASSF3","6.53262684183785E-4","0.0","0.00130652536836757","false","RASSF3"
"INO80C","INO80C","INO80C","0.006800956772519405","0.00944864997567524","0.00415326356936357","false","INO80C"
"ABCA6","ABCA6","ABCA6","0.012531921893680837","0.0243379963604908","7.25847426870872E-4","false","ABCA6"
"DKK2","DKK2","DKK2","0.00178629281393344","0.0","0.00357258562786688","false","DKK2"
"TTC39B","TTC39B","TTC39B","1.08877114030631E-4","0.0","2.17754228061262E-4","false","TTC39B"
"MMS19","MMS19","MMS19","2.903389707483485E-4","0.0","5.80677941496697E-4","false","MMS19"
"GOLGA7B","GOLGA7B","GOLGA7B","0.00816268689207484","0.0129523742411342","0.00337299954301548","false","GOLGA7B"
"TRMT44","TRMT44","TRMT44","0.003881568193516156","0.00703728896016144","7.25847426870872E-4","false","TRMT44"
"TMEM237","TMEM237","TMEM237","0.028412730964373484","0.049609853007184","0.00721560892156297","false","TMEM237"
"FBXO32","FBXO32","FBXO32","5.419364602021285E-4","4.30610236220472E-4","6.53262684183785E-4","false","FBXO32"
"PAXIP1","PAXIP1","PAXIP1","0.0022733484877579817","7.38188976377953E-4","0.00380850799913801","false","PAXIP1"
"SSBP3","SSBP3","SSBP3","0.00928760656501095","0.0151477969875292","0.0034274161424927","false","SSBP3"
"AFAP1L1","AFAP1L1","AFAP1L1",,,"0.00587498217378592","false","AFAP1L1"
"WDR19","WDR19","WDR19","0.0","0.0","0.0","false","WDR19"
"WIPI2","WIPI2","WIPI2","0.013954362096787565","0.0231950979027826","0.00471362629079253","false","WIPI2"
"ZNF276","ZNF276","ZNF276","0.01122106161362528","0.0216436910576926","7.98432169557959E-4","false","ZNF276"
"MORC3","MORC3","MORC3","0.004235215840698225","0.00745424528377723","0.00101618639761922","false","MORC3"
"CHAF1B","CHAF1B","CHAF1B","0.0072919829430075685","9.84251968503937E-4","0.0135997139175112","false","CHAF1B"
"RSPRY1","RSPRY1","RSPRY1","0.0010562004337652815","0.00116879921259843","9.43601654932133E-4","false","RSPRY1"
"C16orf86","C16orf86","C16orf86","0.01628576481554358","0.0317730974615292","7.98432169557959E-4","false","C16orf86"
"LRRC3","LRRC3","LRRC3","1.451694853741745E-4","0.0","2.90338970748349E-4","false","LRRC3"
"DIP2A","DIP2A","DIP2A","0.0","0.0","0.0","false","DIP2A"
"ST6GALNAC6","ST6GALNAC6","ST6GALNAC6","0.0014849504838496564","0.00253439251157679","4.35508456122523E-4","false","ST6GALNAC6"
"PLPP7","PLPP7","PLPP7","7.7075968291898E-4","3.0757874015748E-4","0.00123394062568048","false","PLPP7"
"CRTC2","CRTC2","CRTC2","0.002965799850957684","4.92125984251968E-4","0.0054394737176634","false","CRTC2"
"ASB16","ASB16","ASB16","3.266313420918925E-4","0.0","6.53262684183785E-4","false","ASB16"
"WDR90","WDR90","WDR90","3.100278501085055E-4","1.84547244094488E-4","4.35508456122523E-4","false","WDR90"
"SPSB3","SPSB3","SPSB3","0.007761674752476415","0.011860010991189","0.00366333851376383","false","SPSB3"
"ZYG11B","ZYG11B","ZYG11B","0.004529607756843855","0.00330908760520822","0.00575012790847949","false","ZYG11B"
"RBBP4","RBBP4","RBBP4","0.003306396495377546","1.23031496062992E-4","0.0064897614946921","false","RBBP4"
"WNT4","WNT4","WNT4","6.1697031284024E-4","0.0","0.00123394062568048","false","WNT4"
"MXRA8","MXRA8","MXRA8","1.451694853741745E-4","0.0","2.90338970748349E-4","false","MXRA8"
"USP1","USP1","USP1","0.008997160123102255","0.0100187625183612","0.00797555772784331","false","USP1"
"ZNF496","ZNF496","ZNF496","0.00904150075663189","0.00968795639564994","0.00839504511761384","false","ZNF496"
"MRPL55","MRPL55","MRPL55","2.177542280612615E-4","0.0","4.35508456122523E-4","false","MRPL55"
"SLC66A3","SLC66A3","SLC66A3","3.407857241242535E-4","2.46062992125984E-4","4.35508456122523E-4","false","SLC66A3"
"CGGBP1","CGGBP1","CGGBP1","3.992160847789795E-4","0.0","7.98432169557959E-4","false","CGGBP1"
"PBXIP1","PBXIP1","PBXIP1","0.0021786257557597083","9.84251968503937E-4","0.00337299954301548","false","PBXIP1"
"LMOD1","LMOD1","LMOD1","6.48364464281734E-4","8.61220472440945E-4","4.35508456122523E-4","false","LMOD1"
"NEK10","NEK10","NEK10","0.009389996975048914","0.0154977472929793","0.00328224665711853","false","NEK10"
"HDAC11","HDAC11","HDAC11","0.00250012671866846","0.00391148229703061","0.00108877114030631","false","HDAC11"
"RPP14","RPP14","RPP14","0.0029609016310556302","0.00135334645669291","0.00456845680541835","false","RPP14"
"IL17RC","IL17RC","IL17RC","0.004987998046983234","9.84251968503937E-4","0.00899174412546253","false","IL17RC"
"MTMR14","MTMR14","MTMR14","0.003741059202198505","0.00265742400763978","0.00482469439675723","false","MTMR14"
"KIAA1143","KIAA1143","KIAA1143","0.00910282893112052","0.0167539630084993","0.00145169485374174","false","KIAA1143"
"FYCO1","FYCO1","FYCO1","0.0071638396639117","0.00961405303703087","0.00471362629079253","false","FYCO1"
"SNIP1","SNIP1","SNIP1","0.02013818481578797","0.0399134459181405","3.62923713435436E-4","false","SNIP1"
"IFT122","IFT122","IFT122","0.006385051801056696","1.23031496062992E-4","0.0126470721060504","false","IFT122"
"UBXN7","UBXN7","UBXN7","0.020274249471993","0.0284730646229036","0.0120754343210824","false","UBXN7"
"MAD2L1","MAD2L1","MAD2L1","2.903389707483485E-4","0.0","5.80677941496697E-4","false","MAD2L1"
"ANKRA2","ANKRA2","ANKRA2","4.35508456122523E-4","0.0","8.71016912245046E-4","false","ANKRA2"
"CREBRF","CREBRF","CREBRF","0.0016056992622607376","0.00255813584033769","6.53262684183785E-4","false","CREBRF"
"CDCA7L","CDCA7L","CDCA7L","0.0017309478406554804","6.15157480314961E-4","0.002846738200996","false","CDCA7L"
"PHKG1","PHKG1","PHKG1","0.00171370807124635","0.0","0.0034274161424927","false","PHKG1"
"SUN1","SUN1","SUN1","0.004299494990096495","0.00232483563670428","0.00627415434348871","false","SUN1"
"PSIP1","PSIP1","PSIP1","0.01652832468028678","0.00450289644858466","0.0285537529119889","false","PSIP1"
"AQP7","AQP7","AQP7","0.001669432092623984","4.92125984251968E-4","0.002846738200996","false","AQP7"
"SLITRK5","SLITRK5","SLITRK5","0.006531210221725775","7.99704724409449E-4","0.0122627157190421","false","SLITRK5"
"ARHGAP12","ARHGAP12","ARHGAP12","0.004303854570148123","0.00802703119879955","5.80677941496697E-4","false","ARHGAP12"
"FAT3","FAT3","FAT3","2.62666484109371E-4","3.0757874015748E-4","2.17754228061262E-4","false","FAT3"
"MARCHF8","MARCHF8","MARCHF8","0.0","0.0","0.0","false","MARCHF8"
"ZCCHC24","ZCCHC24","ZCCHC24","0.011630269538007264","0.0195972005622507","0.00366333851376383","false","ZCCHC24"
"PGM2L1","PGM2L1","PGM2L1","3.992160847789795E-4","0.0","7.98432169557959E-4","false","PGM2L1"
"TSC1","TSC1","TSC1","0.003167835045760103","6.15157480314961E-5","0.00627415434348871","false","TSC1"
"JCAD","JCAD","JCAD","0.00407196131141015","0.0035551505973342","0.0045887720254861","false","JCAD"
"NDRG2","NDRG2","NDRG2","0.004641359638758515","0.00440360828128258","0.00487911099623445","false","NDRG2"
"GPT2","GPT2","GPT2","6.988112176576394E-4","0.00110728346456693","2.90338970748349E-4","false","GPT2"
"CKB","CKB","CKB","0.001840693259731135","0.00317329332065266","5.0809319880961E-4","false","CKB"
"POLL","POLL","POLL","0.005410478726749042","0.0101676947693143","6.53262684183785E-4","false","POLL"
"FRS2","FRS2","FRS2","5.364019628743325E-4","4.92125984251968E-4","5.80677941496697E-4","false","FRS2"
"ANAPC16","ANAPC16","ANAPC16","4.914897068262235E-4","1.84547244094488E-4","7.98432169557959E-4","false","ANAPC16"
"RIC3","RIC3","RIC3","0.0162197519132373","0.0","0.0324395038264746","false","RIC3"
"LMO1","LMO1","LMO1","0.0062325732383921115","0.0120296380206617","4.35508456122523E-4","false","LMO1"
"RNF169","RNF169","RNF169","0.008136086422090204","0.00716032045622444","0.00911185238795597","false","RNF169"
"HDGFL3","HDGFL3","HDGFL3","6.67417066216147E-4","2.46062992125984E-4","0.00108877114030631","false","HDGFL3"
"BLCAP","BLCAP","BLCAP","0.004055046442955053","0.00752941494441341","5.80677941496697E-4","false","BLCAP"
"ZNF606","ZNF606","ZNF606","0.00926379958188823","0.0144287521938901","0.00409884696988636","false","ZNF606"
"SGSM1","SGSM1","SGSM1","5.530054548577195E-4","3.0757874015748E-4","7.98432169557959E-4","false","SGSM1"
"ACSF2","ACSF2","ACSF2","0.008222011160123867","0.0155004206653156","9.43601654932133E-4","false","ACSF2"
"COQ7","COQ7","COQ7","0.01803099519590435","0.0242438232854179","0.0118181671063908","false","COQ7"
"ART5","ART5","ART5","0.01098162575689714","0.0149632497434347","0.00700000177035958","false","ART5"
"RRM1","RRM1","RRM1","0.0034983193232948216","0.00605303699165751","9.43601654932133E-4","false","RRM1"
"ZNF641","ZNF641","ZNF641","7.233983169198459E-4","4.30610236220472E-4","0.00101618639761922","false","ZNF641"
"KMT2D","KMT2D","KMT2D","0.007778668952012842","2.46062992125984E-4","0.0153112749118997","false","KMT2D"
"GPD1","GPD1","GPD1","0.001122614401698826","4.30610236220472E-4","0.00181461856717718","false","GPD1"
"TMEM145","TMEM145","TMEM145","0.0021671139823302814","0.00389871950853804","4.35508456122523E-4","false","TMEM145"
"CHAF1A","CHAF1A","CHAF1A","0.0016087846496375096","0.00292723032852667","2.90338970748349E-4","false","CHAF1A"
"NUDT16L1","NUDT16L1","NUDT16L1","0.0030162466043335864","7.38188976377953E-4","0.00529430423228922","false","NUDT16L1"
"SETD5","SETD5","SETD5","4.718008274660665E-4","0.0","9.43601654932133E-4","false","SETD5"
"FAM83B","FAM83B","FAM83B","0.016323261191474443","0.0319932596987651","6.53262684183785E-4","false","FAM83B"
"PPDPFL","PPDPFL","PPDPFL","2.177542280612615E-4","0.0","4.35508456122523E-4","false","PPDPFL"
"ING5","ING5","ING5","0.01062462165308401","0.00414478250066402","0.017104460805504","false","ING5"
"FEN1","FEN1","FEN1","0.00873296145996292","9.84251968503937E-4","0.0164816709514219","false","FEN1"
"SNRNP48","SNRNP48","SNRNP48","2.374431074214185E-4","1.84547244094488E-4","2.90338970748349E-4","false","SNRNP48"
"AXIN2","AXIN2","AXIN2","0.001560620613913511","0.00290348699976576","2.17754228061262E-4","false","AXIN2"
"SNTB2","SNTB2","SNTB2","0.007135460843421244","1.84547244094488E-4","0.014086374442748","false","SNTB2"
"TMEM150A","TMEM150A","TMEM150A","0.0011090962970922084","9.84251968503937E-4","0.00123394062568048","false","TMEM150A"
"VAMP5","VAMP5","VAMP5","0.0033531498379206475","0.00605303699165751","6.53262684183785E-4","false","VAMP5"
"COL4A3","COL4A3","COL4A3","7.0988021231323E-4","9.84251968503937E-4","4.35508456122523E-4","false","COL4A3"
"IRS1","IRS1","IRS1","8.85171294277407E-4","2.46062992125984E-4","0.00152427959642883","false","IRS1"
"MN1","MN1","MN1","0.010459361628123415","0.00797227202291933","0.0129464512333275","false","MN1"
"MINAR1","MINAR1","MINAR1","0.009870489297170605","0.00752941494441341","0.0122115636499278","false","MINAR1"
"P2RY1","P2RY1","P2RY1","0.004229294851886095","0.0","0.00845858970377219","false","P2RY1"
"GUSB","GUSB","GUSB","0.01248417121973441","0.00511805392889962","0.0198502885105692","false","GUSB"
"MYRIP","MYRIP","MYRIP","0.00690157878869886","0.0127869711797785","0.00101618639761922","false","MYRIP"
"TMEM192","TMEM192","TMEM192","4.441283408270885E-4","3.0757874015748E-4","5.80677941496697E-4","false","TMEM192"
"FAM161A","FAM161A","FAM161A","0.007878510658350804","0.00524108542496261","0.010515935891739","false","FAM161A"
"ZNF282","ZNF282","ZNF282","5.78228831545672E-4","4.30610236220472E-4","7.25847426870872E-4","false","ZNF282"
"PFKFB3","PFKFB3","PFKFB3","0.00345579054187758","0.00290348699976576","0.0040080940839894","false","PFKFB3"
"NUDCD2","NUDCD2","NUDCD2","7.713959603447265E-4","0.00110728346456693","4.35508456122523E-4","false","NUDCD2"
"KCNS3","KCNS3","KCNS3","0.013379099145569825","0.00669015555250915","0.0200680427386305","false","KCNS3"
"CHCHD7","CHCHD7","CHCHD7","3.62923713435436E-4","0.0","7.25847426870872E-4","false","CHCHD7"
"KBTBD2","KBTBD2","KBTBD2","0.0168010495460358","0.0336020990920716","0.0","false","KBTBD2"
"TPPP","TPPP","TPPP","0.00444004251038152","0.00487199093677364","0.0040080940839894","false","TPPP"
"KCND3","KCND3","KCND3","0.0113633761014186","0.0192993360603445","0.0034274161424927","false","KCND3"
"COL24A1","COL24A1","COL24A1","0.007960273852139124","0.0156302087335299","2.90338970748349E-4","false","COL24A1"
"BPTF","BPTF","BPTF","0.0019400821840121802","3.0757874015748E-4","0.00357258562786688","false","BPTF"
"GATM","GATM","GATM","0.0067700718663552505","0.00378845080096762","0.00975169293174288","false","GATM"
"TLN2","TLN2","TLN2","0.0055452154948934","0.0110904309897868","0.0","false","TLN2"
"LAMB2","LAMB2","LAMB2","0.00488848456624324","0.00722056990223882","0.00255639923024766","false","LAMB2"
"ARNT2","ARNT2","ARNT2","0.003645170370553965","0.0","0.00729034074110793","false","ARNT2"
"ZNF24","ZNF24","ZNF24","3.266313420918925E-4","0.0","6.53262684183785E-4","false","ZNF24"
"AFF1","AFF1","AFF1","0.0028489391296482335","9.84251968503937E-4","0.00471362629079253","false","AFF1"
"BANP","BANP","BANP","5.142639735631509E-4","7.38188976377953E-4","2.90338970748349E-4","false","BANP"
"HCFC1","HCFC1","HCFC1","5.78228831545672E-4","4.30610236220472E-4","7.25847426870872E-4","false","HCFC1"
"WASHC2C","WASHC2C","WASHC2C","4.779716022196075E-4","7.38188976377953E-4","2.17754228061262E-4","false","WASHC2C"
"KDM2A","KDM2A","KDM2A","0.0142269602200824","0.0284539204401648","0.0","false","KDM2A"
"ADCK5","ADCK5","ADCK5","0.0036575775553811998","0.0038877389682697","0.0034274161424927","false","ADCK5"
"PARP14","PARP14","PARP14","0.0065653753552375686","0.0127678269970397","3.62923713435436E-4","false","PARP14"
"PARP15","PARP15","PARP15","0.01165333491854825","0.0129359034307317","0.0103707664063648","false","PARP15"
"GLRX","GLRX","GLRX","2.15305118110236E-4","4.30610236220472E-4","0.0","false","GLRX"
"JUP","JUP","JUP","0.00510630130320747","0.00883349249536028","0.00137911011105466","false","JUP"
"RBM4B","RBM4B","RBM4B","0.004588820671627235","0.00290348699976576","0.00627415434348871","false","RBM4B"
"CCS","CCS","CCS","0.01164976905892975","0.0198721219753668","0.0034274161424927","false","CCS"
"CTSF","CTSF","CTSF","7.596906882633911E-4","4.30610236220472E-4","0.00108877114030631","false","CTSF"
"ZBTB4","ZBTB4","ZBTB4","0.002237293842259966","0.00425683345645867","2.17754228061262E-4","false","ZBTB4"
"MSL2","MSL2","MSL2","0.004555926193977985","0.0","0.00911185238795597","false","MSL2"
"NR1D2","NR1D2","NR1D2","2.989588554529145E-4","3.0757874015748E-4","2.90338970748349E-4","false","NR1D2"
"CTDSP2","CTDSP2","CTDSP2","0.0021135604334510745","7.99704724409449E-4","0.0034274161424927","false","CTDSP2"
"PHYHD1","PHYHD1","PHYHD1","1.81461856717718E-4","0.0","3.62923713435436E-4","false","PHYHD1"
"ZNF25","ZNF25","ZNF25","9.860648010292165E-4","7.38188976377953E-4","0.00123394062568048","false","ZNF25"
"KLHL38","KLHL38","KLHL38","0.001876182961349811","0.00302651849582875","7.25847426870872E-4","false","KLHL38"
"SGF29","SGF29","SGF29","2.177542280612615E-4","0.0","4.35508456122523E-4","false","SGF29"
"GNG7","GNG7","GNG7","0.00497957559182972","0.00966881221291109","2.90338970748349E-4","false","GNG7"
"LRRC37A","LRRC37A","LRRC37A","0.003073879861827891","0.00593000549559452","2.17754228061262E-4","false","LRRC37A"
"VSIG10","VSIG10","VSIG10","0.00680864748109936","0.00931886190746097","0.00429843305473775","false","VSIG10"
"SHMT1","SHMT1","SHMT1","5.308674655465375E-4","5.53641732283465E-4","5.0809319880961E-4","false","SHMT1"
"C19orf18","C19orf18","C19orf18","0.00226717771300444","0.0","0.00453435542600888","false","C19orf18"
"SIX5","SIX5","SIX5","0.0014123657411625695","0.00253439251157679","2.90338970748349E-4","false","SIX5"
"POLE","POLE","POLE","0.013413741268685005","0.00994077595992721","0.0168867065774428","false","POLE"
"FAM220A","FAM220A","FAM220A","2.177542280612615E-4","0.0","4.35508456122523E-4","false","FAM220A"
"PARP10","PARP10","PARP10","0.0033974289429602013","0.00635934942979788","4.35508456122523E-4","false","PARP10"
"TMEM52","TMEM52","TMEM52","0.0040519610555782865","0.00716032045622444","9.43601654932133E-4","false","TMEM52"
"RMI1","RMI1","RMI1","8.526005877363795E-4","0.00141486220472441","2.90338970748349E-4","false","RMI1"
"MAGED1","MAGED1","MAGED1","0.006415960705092936","0.012106073983315","7.25847426870872E-4","false","MAGED1"
"WSCD1","WSCD1","WSCD1","0.01136347203444025","0.012475168471504","0.0102517755973765","false","WSCD1"
"ZBTB18","ZBTB18","ZBTB18","0.0019922441393515943","0.00318605610914523","7.98432169557959E-4","false","ZBTB18"
"LRRC3B","LRRC3B","LRRC3B","0.010991986592985987","0.0212581257591011","7.25847426870872E-4","false","LRRC3B"
"SERTAD2","SERTAD2","SERTAD2","0.00310400145841789","0.00519181651921656","0.00101618639761922","false","SERTAD2"
"CITED4","CITED4","CITED4","0.002388164217261055","0.00354238780884163","0.00123394062568048","false","CITED4"
"ZNF771","ZNF771","ZNF771","2.177542280612615E-4","0.0","4.35508456122523E-4","false","ZNF771"
"ZADH2","ZADH2","ZADH2","0.004882557536069875","0.0","0.00976511507213975","false","ZADH2"
"HERC2P3","HERC2P3","HERC2P3","0.0023202456668567455","9.22736220472441E-4","0.00371775511324105","false","HERC2P3"
"OAZ2","OAZ2","OAZ2","0.00164427435125619","0.00278045550370277","5.0809319880961E-4","false","OAZ2"
"H2BC4","H2BC4","H2BC4","3.46320221452049E-4","1.84547244094488E-4","5.0809319880961E-4","false","H2BC4"
"PRF1","PRF1","PRF1","0.0011909372019096095","0.00209153543307087","2.90338970748349E-4","false","PRF1"
"MAP6D1","MAP6D1","MAP6D1","2.54046599404805E-4","0.0","5.0809319880961E-4","false","MAP6D1"
"GPR137C","GPR137C","GPR137C","0.00175932224004036","0.00351864448008072","0.0","false","GPR137C"
"SLC26A11","SLC26A11","SLC26A11","4.133704668113405E-4","2.46062992125984E-4","5.80677941496697E-4","false","SLC26A11"
"DHTKD1","DHTKD1","DHTKD1","0.00376396133226718","0.00439084549279001","0.00313707717174435","false","DHTKD1"
"DDX60L","DDX60L","DDX60L","3.604746034844105E-4","4.30610236220472E-4","2.90338970748349E-4","false","DDX60L"
"MACIR","MACIR","MACIR","0.00374404206311112","0.00618155875785467","0.00130652536836757","false","MACIR"
"RFX7","RFX7","RFX7","0.0035061716599333317","7.38188976377953E-4","0.00627415434348871","false","RFX7"
"TNRC18","TNRC18","TNRC18","0.002032355806059424","4.92125984251968E-4","0.00357258562786688","false","TNRC18"
"GLRX5","GLRX5","GLRX5","0.001273954661826545","0.00116879921259843","0.00137911011105466","false","GLRX5"
"C11orf54","C11orf54","C11orf54",,,"6.53262684183785E-4","false","C11orf54"
"ARHGEF37","ARHGEF37","ARHGEF37","6.372954696261431E-4","9.84251968503937E-4","2.90338970748349E-4","false","ARHGEF37"
"ENSG00000183154.1","ENSG00000183154.1","ENSG00000183154.1","6.477281868559881E-4","6.15157480314961E-5","0.00123394062568048","false","ENSG00000183154.1"
"ZNF623","ZNF623","ZNF623","0.0071844574406632","0.0109414987388337","0.0034274161424927","false","ZNF623"
"FHL3","FHL3","FHL3","6.8955505552733E-4","0.0","0.00137911011105466","false","FHL3"
"NPIPA1","NPIPA1","NPIPA1","0.023332103567592057","0.0377701089752894","0.00889409815989471","false","NPIPA1"
"PKD1P3","PKD1P3","PKD1P3","0.004913315410085623","6.15157480314961E-5","0.00976511507213975","false","PKD1P3"
"MEX3B","MEX3B","MEX3B","2.989588554529145E-4","3.0757874015748E-4","2.90338970748349E-4","false","MEX3B"
"TENT5C","TENT5C","TENT5C","0.00346196131663112","0.00364167597614371","0.00328224665711853","false","TENT5C"
"ACSM5","ACSM5","ACSM5","0.008753784771254774","0.0172172305717612","2.90338970748349E-4","false","ACSM5"
"TOB2","TOB2","TOB2",,,"7.25847426870872E-4","false","TOB2"
"UTY","UTY","UTY","0.011557198397969435","0.0163683977099079","0.00674599908603097","false","UTY"
"ENSG00000183889.12","ENSG00000183889.12","ENSG00000183889.12","0.0035369295339490797","7.99704724409449E-4","0.00627415434348871","false","ENSG00000183889.12"
"CLDN5","CLDN5","CLDN5","7.603269656891345E-4","0.00123031496062992","2.90338970748349E-4","false","CLDN5"
"C14orf180","C14orf180","C14orf180","0.001568538585872175","0.0","0.00313707717174435","false","C14orf180"
"BRI3BP","BRI3BP","BRI3BP","0.0","0.0","0.0","false","BRI3BP"
"LRRC14B","LRRC14B","LRRC14B","0.0061526137163641905","0.0110712868070479","0.00123394062568048","false","LRRC14B"
"LRRC37B","LRRC37B","LRRC37B","2.768208661417325E-4","5.53641732283465E-4","0.0","false","LRRC37B"
"UBALD2","UBALD2","UBALD2","0.002076631784681785","0.0","0.00415326356936357","false","UBALD2"
"TEDC1","TEDC1","TEDC1","0.0012401114004340213","7.38188976377953E-4","0.00174203382449009","false","TEDC1"
"SP1","SP1","SP1","0.16882235822722","0.310447347866123","0.027197368588317","false","SP1"
"NTF3","NTF3","NTF3","0.0046335712996167875","0.00839612568698853","8.71016912245046E-4","false","NTF3"
"ANKFY1","ANKFY1","ANKFY1","0.01280604737831925","0.0101375700463071","0.0154745247103314","false","ANKFY1"
"IFIT1","IFIT1","IFIT1","0.0023510035408724934","9.84251968503937E-4","0.00371775511324105","false","IFIT1"
"KCNQ5","KCNQ5","KCNQ5","0.0079375955781406","0.00748014603866736","0.00839504511761384","false","KCNQ5"
"PCYT2","PCYT2","PCYT2","3.407857241242535E-4","2.46062992125984E-4","4.35508456122523E-4","false","PCYT2"
"PTCH1","PTCH1","PTCH1","0.01475653976401213","0.0246906200382773","0.00482245948974696","false","PTCH1"
"RGS9BP","RGS9BP","RGS9BP","0.00398304818393565","0.00281696162095625","0.00514913474691505","false","RGS9BP"
"SMYD4","SMYD4","SMYD4","5.696089468411059E-4","1.23031496062992E-4","0.00101618639761922","false","SMYD4"
"HEXIM1","HEXIM1","HEXIM1","0.0052052676959727","0.00524108542496261","0.00516944996698279","false","HEXIM1"
"POFUT2","POFUT2","POFUT2","0.0023842105248392657","6.15157480314961E-4","0.00415326356936357","false","POFUT2"
"ZNF395","ZNF395","ZNF395","0.0017199444813200495","0.00314954999189175","2.90338970748349E-4","false","ZNF395"
"TCEA1","TCEA1","TCEA1","0.002438610970636965","0.00378845080096762","0.00108877114030631","false","TCEA1"
"ZFTA","ZFTA","ZFTA","0.010787229284485084","0.00618155875785467","0.0153928998111155","false","ZFTA"
"PLA2G4E","PLA2G4E","PLA2G4E","0.006832265529260525","7.99704724409449E-4","0.0128648263341116","false","PLA2G4E"
"DUSP28","DUSP28","DUSP28","2.903389707483485E-4","0.0","5.80677941496697E-4","false","DUSP28"
"NPIPP1","NPIPP1","NPIPP1","6.065375956103951E-4","9.22736220472441E-4","2.90338970748349E-4","false","NPIPP1"
"LRRK2","LRRK2","LRRK2","0.01018371093295375","0.0","0.0203674218659075","false","LRRK2"
"TRRAP","TRRAP","TRRAP","0.00834971258974155","0.0","0.0166994251794831","false","TRRAP"
"ZNF777","ZNF777","ZNF777","0.00206871381272312","0.00290348699976576","0.00123394062568048","false","ZNF777"
"ZNF502","ZNF502","ZNF502","0.005346374756257133","4.92125984251968E-4","0.0102006235282623","false","ZNF502"
"ZNF33B","ZNF33B","ZNF33B","0.004863504934135465","6.15157480314961E-4","0.00911185238795597","false","ZNF33B"
"VKORC1L1","VKORC1L1","VKORC1L1","0.00802260912525462","0.0156822945370738","3.62923713435436E-4","false","VKORC1L1"
"COL27A1","COL27A1","COL27A1","7.2584742687087E-5","0.0","1.45169485374174E-4","false","COL27A1"
"TLE1","TLE1","TLE1","0.01246770523777588","0.0241369783059938","7.98432169557959E-4","false","TLE1"
"NPSR1-AS1","NPSR1-AS1","NPSR1-AS1","0.009560795724740887","0.0183957440226109","7.25847426870872E-4","false","NPSR1-AS1"
"TBC1D9B","TBC1D9B","TBC1D9B","0.003572509405431634","0.00634658664130531","7.98432169557959E-4","false","TBC1D9B"
"RAMP2-AS1","RAMP2-AS1","RAMP2-AS1",,,"7.25847426870872E-4","false","RAMP2-AS1"
"DDI2","DDI2","DDI2","0.001858877556620525","0.0","0.00371775511324105","false","DDI2"
"IPP","IPP","IPP","8.329117083762215E-4","0.00123031496062992","4.35508456122523E-4","false","IPP"
"COL4A6","COL4A6","COL4A6","0.011147140184769993","0.0216410176853562","6.53262684183785E-4","false","COL4A6"
"PHF2","PHF2","PHF2","0.00264715211614461","0.0","0.00529430423228922","false","PHF2"
"SGTB","SGTB","SGTB","0.004986536430198457","8.61220472440945E-4","0.00911185238795597","false","SGTB"
"ADH5","ADH5","ADH5","6.452790769049634E-4","4.92125984251968E-4","7.98432169557959E-4","false","ADH5"
"ZNF71","ZNF71","ZNF71","8.747385770475635E-4","0.00116879921259843","5.80677941496697E-4","false","ZNF71"
"ZNF84","ZNF84","ZNF84","0.0016951196562123099","3.0757874015748E-4","0.00308266057226714","false","ZNF84"
"UCKL1","UCKL1","UCKL1","0.0019155607200701263","0.00339561298401773","4.35508456122523E-4","false","UCKL1"
"ANKRD35","ANKRD35","ANKRD35","3.62923713435436E-4","0.0","7.25847426870872E-4","false","ANKRD35"
"SH2D1B","SH2D1B","SH2D1B","0.003762014102684395","0.0","0.00752402820536879","false","SH2D1B"
"NUDT16","NUDT16","NUDT16","5.86848716250238E-4","7.38188976377953E-4","4.35508456122523E-4","false","NUDT16"
"CALM1","CALM1","CALM1","0.001839091046698595","0.00367818209339719","0.0","false","CALM1"
"TOGARAM1","TOGARAM1","TOGARAM1","0.002412347198378615","0.0","0.00482469439675723","false","TOGARAM1"
"FOXJ3","FOXJ3","FOXJ3","1.3207651331892474","2.31361801463509","0.327912251743405","false","FOXJ3"
"CCDC152","CCDC152","CCDC152","3.604746034844105E-4","4.30610236220472E-4","2.90338970748349E-4","false","CCDC152"
"MAP3K3","MAP3K3","MAP3K3","1.451694853741745E-4","0.0","2.90338970748349E-4","false","MAP3K3"
"FAM229B","FAM229B","FAM229B","0.0056063452594181","0.00691425746409845","0.00429843305473775","false","FAM229B"
"PCMTD2","PCMTD2","PCMTD2","1.451694853741745E-4","0.0","2.90338970748349E-4","false","PCMTD2"
"TRAF3IP1","TRAF3IP1","TRAF3IP1","0.00843333698346303","0.0127678269970397","0.00409884696988636","false","TRAF3IP1"
"ABHD16A","ABHD16A","ABHD16A","0.004229294851886095","0.0","0.00845858970377219","false","ABHD16A"
"ZBTB48","ZBTB48","ZBTB48","0.0030912804569716997","3.0757874015748E-4","0.00587498217378592","false","ZBTB48"
"LGR4","LGR4","LGR4","0.02308585933978888","0.0453732865100198","7.98432169557959E-4","false","LGR4"
"CTXN3","CTXN3","CTXN3","9.528578170624445E-4","0.00110728346456693","7.98432169557959E-4","false","CTXN3"
"DPF3","DPF3","DPF3","0.001593028054572615","0.00318605610914523","0.0","false","DPF3"
"PKD1P4","PKD1P4","PKD1P4",,,"0.00689116857140514","false","PKD1P4"
"C1QTNF9B","C1QTNF9B","C1QTNF9B","0.0027232490517583967","0.00450289644858466","9.43601654932133E-4","false","C1QTNF9B"
"LRRC30","LRRC30","LRRC30","0.0011090962970922084","9.84251968503937E-4","0.00123394062568048","false","LRRC30"
"SLC48A1","SLC48A1","SLC48A1","0.0059632124795613115","0.0114909165030001","4.35508456122523E-4","false","SLC48A1"
"LINGO4","LINGO4","LINGO4","0.0030486564851399346","0.00580697399953152","2.90338970748349E-4","false","LINGO4"
"QTRT1","QTRT1","QTRT1","7.99068446983704E-4","7.99704724409449E-4","7.98432169557959E-4","false","QTRT1"
"HEXA","HEXA","HEXA","0.005765964643963145","0.00437986495252167","0.00715206433540462","false","HEXA"
"KLRK1","KLRK1","KLRK1","1.84547244094488E-4","3.69094488188976E-4","0.0","false","KLRK1"
"NUDT19","NUDT19","NUDT19","5.44385570153155E-4","0.0","0.00108877114030631","false","NUDT19"
"HAUS3","HAUS3","HAUS3","0.005653669876857994","1.84547244094488E-4","0.0111227925096215","false","HAUS3"
"ENSG00000214708.4","ENSG00000214708.4","ENSG00000214708.4","1.84547244094488E-4","3.69094488188976E-4","0.0","false","ENSG00000214708.4"
"HNRNPUL2","HNRNPUL2","HNRNPUL2","8.347245409015E-4","0.0","0.001669449081803","false","HNRNPUL2"
"NPIPA7","NPIPA7","NPIPA7",,,"5.80677941496697E-4","false","NPIPA7"
"COL28A1","COL28A1","COL28A1","0.00435602760280907","0.00327258148795474","0.0054394737176634","false","COL28A1"
"RSC1A1","RSC1A1","RSC1A1","0.0035992128300466326","0.00654516297590948","6.53262684183785E-4","false","RSC1A1"
"TNFRSF25","TNFRSF25","TNFRSF25","0.0","0.0","0.0","false","TNFRSF25"
"ZC3H11B","ZC3H11B","ZC3H11B","7.603269656891345E-4","0.00123031496062992","2.90338970748349E-4","false","ZC3H11B"
"TRIM16","TRIM16","TRIM16","3.992160847789795E-4","0.0","7.98432169557959E-4","false","TRIM16"
"PPT2","PPT2","PPT2","2.177542280612615E-4","0.0","4.35508456122523E-4","false","PPT2"
"FAM185A","FAM185A","FAM185A","0.007050019757321824","7.99704724409449E-4","0.0133003347902342","false","FAM185A"
"LINC00240","LINC00240","LINC00240","0.006713630227988525","0.0131369214852287","2.90338970748349E-4","false","LINC00240"
"SELENOKP3","SELENOKP3","SELENOKP3","0.002149216527368875","0.0","0.00429843305473775","false","SELENOKP3"
"ERCC6","ERCC6","ERCC6","0.00214438394278698","0.00327258148795474","0.00101618639761922","false","ERCC6"
"ENSG00000226149.6","ENSG00000226149.6","ENSG00000226149.6","3.9368158745118405E-4","6.15157480314961E-5","7.25847426870872E-4","false","ENSG00000226149.6"
"LINC00310","LINC00310","LINC00310","0.00345944657135994","0.00166092519685039","0.00525796794586949","false","LINC00310"
"ENSG00000227544.10","ENSG00000227544.10","ENSG00000227544.10","0.00242939788808335","0.0","0.0048587957761667","false","ENSG00000227544.10"
"PKD1P2","PKD1P2","PKD1P2","0.002860434929853751","0.00499502243283663","7.25847426870872E-4","false","PKD1P2"
"TLE1P1","TLE1P1","TLE1P1","0.019545691951169317","0.0387284601889032","3.62923713435436E-4","false","TLE1P1"
"ARL17B","ARL17B","ARL17B","0.0023572399509461887","0.00413380196039568","5.80677941496697E-4","false","ARL17B"
"ACVR2B-AS1","ACVR2B-AS1","ACVR2B-AS1","0.006952954718199411","0.0134704009802763","4.35508456122523E-4","false","ACVR2B-AS1"
"MBNL1-AS1","MBNL1-AS1","MBNL1-AS1","0.008235707373990505","0.00605303699165751","0.0104183777563235","false","MBNL1-AS1"
"ENSG00000230715.3","ENSG00000230715.3","ENSG00000230715.3","0.004184010987926055","0.00499502243283663","0.00337299954301548","false","ENSG00000230715.3"
"MAP4K3-DT","MAP4K3-DT","MAP4K3-DT","7.95983059606931E-4","4.30610236220472E-4","0.00116135588299339","false","MAP4K3-DT"
"LINC01750","LINC01750","LINC01750","2.15305118110236E-4","4.30610236220472E-4","0.0","false","LINC01750"
"ENSG00000232682.2","ENSG00000232682.2","ENSG00000232682.2","0.002149216527368875","0.0","0.00429843305473775","false","ENSG00000232682.2"
"RASA4DP","RASA4DP","RASA4DP","0.0033260853747377","3.0757874015748E-4","0.00634459200931792","false","RASA4DP"
"CASP4LP","CASP4LP","CASP4LP","0.0029129039876307538","6.76673228346457E-4","0.00514913474691505","false","CASP4LP"
"ENSG00000235872.2","ENSG00000235872.2","ENSG00000235872.2","2.62666484109371E-4","3.0757874015748E-4","2.17754228061262E-4","false","ENSG00000235872.2"
"ARPIN","ARPIN","ARPIN","0.00229438601274305","0.0","0.0045887720254861","false","ARPIN"
"ENSG00000243302.3","ENSG00000243302.3","ENSG00000243302.3","0.006909630946241887","0.0136740924071096","1.45169485374174E-4","false","ENSG00000243302.3"
"ABHD14A","ABHD14A","ABHD14A","6.1515748031496E-5","1.23031496062992E-4","0.0","false","ABHD14A"
"ENSG00000248514.1","ENSG00000248514.1","ENSG00000248514.1","0.0027847647997898918","0.00462592794464765","9.43601654932133E-4","false","ENSG00000248514.1"
"LINC02762","LINC02762","LINC02762","0.00879514324339333","0.0127678269970397","0.00482245948974696","false","LINC02762"
"SELENOP","SELENOP","SELENOP","0.003222003463938525","0.00147637795275591","0.00496762897512114","false","SELENOP"
"ENSG00000253389.2","ENSG00000253389.2","ENSG00000253389.2","0.01051764507476445","0.0210352901495289","0.0","false","ENSG00000253389.2"
"ATXN7L3B","ATXN7L3B","ATXN7L3B","6.145212028892154E-4","4.30610236220472E-4","7.98432169557959E-4","false","ATXN7L3B"
"FLJ20021","FLJ20021","FLJ20021","0.002418328893427761","1.23031496062992E-4","0.00471362629079253","false","FLJ20021"
"PKD1P5","PKD1P5","PKD1P5","0.002501071246148721","1.23031496062992E-4","0.00487911099623445","false","PKD1P5"
"ENSG00000257379.1","ENSG00000257379.1","ENSG00000257379.1",,,"0.00130652536836757","false","ENSG00000257379.1"
"CASC18","CASC18","CASC18","0.021180096156187902","0.0317374824683879","0.0106227098439879","false","CASC18"
"SALRNA1","SALRNA1","SALRNA1","0.0010221465528800185","0.00146361516426334","5.80677941496697E-4","false","SALRNA1"
"ENSG00000259366.2","ENSG00000259366.2","ENSG00000259366.2","0.0","0.0","0.0","false","ENSG00000259366.2"
"ENSG00000260404.4","ENSG00000260404.4","ENSG00000260404.4","0.00669080895077573","0.0098634488731618","0.00351816902838966","false","ENSG00000260404.4"
"ENSG00000260618.1","ENSG00000260618.1","ENSG00000260618.1","0.0","0.0","0.0","false","ENSG00000260618.1"
"ENSG00000260735.2","ENSG00000260735.2","ENSG00000260735.2","6.8955505552733E-4","0.0","0.00137911011105466","false","ENSG00000260735.2"
"ENSG00000260751.2","ENSG00000260751.2","ENSG00000260751.2","0.00673418163435609","0.0084643980071713","0.00500396526154088","false","ENSG00000260751.2"
"ENSG00000261616.1","ENSG00000261616.1","ENSG00000261616.1","0.00452969493195236","0.00437986495252167","0.00467952491138305","false","ENSG00000261616.1"
"ENSG00000262580.5","ENSG00000262580.5","ENSG00000262580.5","0.00171370807124635","0.0","0.0034274161424927","false","ENSG00000262580.5"
"ENSG00000262855.1","ENSG00000262855.1","ENSG00000262855.1","0.004163923556985685","0.00752941494441341","7.98432169557959E-4","false","ENSG00000262855.1"
"RNF213-AS1","RNF213-AS1","RNF213-AS1","0.002001597932043676","4.30610236220472E-4","0.00357258562786688","false","RNF213-AS1"
"ENSG00000263089.1","ENSG00000263089.1","ENSG00000263089.1","0.0018066836060394958","0.00339561298401773","2.17754228061262E-4","false","ENSG00000263089.1"
"ENSG00000265690.7","ENSG00000265690.7","ENSG00000265690.7","0.01719437695168515","0.0241369783059938","0.0102517755973765","false","ENSG00000265690.7"
"ASB16-AS1","ASB16-AS1","ASB16-AS1","0.00127819961512383","0.0","0.00255639923024766","false","ASB16-AS1"
"C17orf113","C17orf113","C17orf113","0.005464224412861479","6.76673228346457E-4","0.0102517755973765","false","C17orf113"
"ENSG00000267423.1","ENSG00000267423.1","ENSG00000267423.1","0.01133733319964665","0.0192472502568006","0.0034274161424927","false","ENSG00000267423.1"
"ENSG00000268555.2","ENSG00000268555.2","ENSG00000268555.2","0.010697313145322627","6.76673228346457E-4","0.0207179530622988","false","ENSG00000268555.2"
"ENSG00000270039.1","ENSG00000270039.1","ENSG00000270039.1","4.21990351515907E-4","5.53641732283465E-4","2.90338970748349E-4","false","ENSG00000270039.1"
"ENSG00000270426.1","ENSG00000270426.1","ENSG00000270426.1","4.7488621484283655E-4","3.69094488188976E-4","5.80677941496697E-4","false","ENSG00000270426.1"
"GAS2L2","GAS2L2","GAS2L2","0.0031875239251202567","2.46062992125984E-4","0.00612898485811453","false","GAS2L2"
"ENSG00000272070.2","ENSG00000272070.2","ENSG00000272070.2","0.006131127977702675","0.00519181651921656","0.00707043943618879","false","ENSG00000272070.2"
"KMT2B","KMT2B","KMT2B","0.010352557942647955","0.0196163447449896","0.00108877114030631","false","KMT2B"
"ENSG00000272510.1","ENSG00000272510.1","ENSG00000272510.1","0.0","0.0","0.0","false","ENSG00000272510.1"
"USP27X","USP27X","USP27X","0.008289990581607799","0.0159993032217189","5.80677941496697E-4","false","USP27X"
"ENSG00000275645.1","ENSG00000275645.1","ENSG00000275645.1","6.594334589373251E-4","7.38188976377953E-4","5.80677941496697E-4","false","ENSG00000275645.1"
"PIP4K2B","PIP4K2B","PIP4K2B","0.0022082831654493427","5.53641732283465E-4","0.00386292459861522","false","PIP4K2B"
"ENSG00000276445.1","ENSG00000276445.1","ENSG00000276445.1","9.2273622047244E-5","1.84547244094488E-4","0.0","false","ENSG00000276445.1"
"HERC2P2","HERC2P2","HERC2P2","2.6820098143716647E-4","2.46062992125984E-4","2.90338970748349E-4","false","HERC2P2"
"GPIHBP1","GPIHBP1","GPIHBP1","7.0679482493646E-4","6.15157480314961E-4","7.98432169557959E-4","false","GPIHBP1"
"ENSG00000277687.1","ENSG00000277687.1","ENSG00000277687.1","0.003566005846079856","0.00691425746409845","2.17754228061262E-4","false","ENSG00000277687.1"
"TBC1D3E","TBC1D3E","TBC1D3E","0.004119769743468815","0.00744110731737967","7.98432169557959E-4","false","TBC1D3E"
"ENSG00000278922.1","ENSG00000278922.1","ENSG00000278922.1","0.01908325251792668","0.0373680728662954","7.98432169557959E-4","false","ENSG00000278922.1"
"ENSG00000279119.1","ENSG00000279119.1","ENSG00000279119.1","0.006741027886164812","0.0130465473162071","4.35508456122523E-4","false","ENSG00000279119.1"
"ENSG00000279518.1","ENSG00000279518.1","ENSG00000279518.1","9.78081193750396E-4","0.00123031496062992","7.25847426870872E-4","false","ENSG00000279518.1"
"ENSG00000279668.3","ENSG00000279668.3","ENSG00000279668.3","0.011095830287733185","0.0154456614894354","0.00674599908603097","false","ENSG00000279668.3"
"ENSG00000280332.1","ENSG00000280332.1","ENSG00000280332.1","3.715435981400015E-4","3.0757874015748E-4","4.35508456122523E-4","false","ENSG00000280332.1"
"ENSG00000280339.1","ENSG00000280339.1","ENSG00000280339.1","7.2584742687087E-5","0.0","1.45169485374174E-4","false","ENSG00000280339.1"
"ENSG00000280441.3","ENSG00000280441.3","ENSG00000280441.3","0.00228566849747671","0.0035551505973342","0.00101618639761922","false","ENSG00000280441.3"
"PAGR1","PAGR1","PAGR1","0.004898108915521971","0.00439084549279001","0.00540537233825393","false","PAGR1"
"ENSG00000282024.1","ENSG00000282024.1","ENSG00000282024.1","0.005413564114125824","0.0105367892575033","2.90338970748349E-4","false","ENSG00000282024.1"
"ENSG00000284740.2","ENSG00000284740.2","ENSG00000284740.2","2.177542280612615E-4","0.0","4.35508456122523E-4","false","ENSG00000284740.2"
"ANAPC1P2","ANAPC1P2","ANAPC1P2","0.0020359053803365623","5.53641732283465E-4","0.00351816902838966","false","ANAPC1P2"
"ENSG00000286322.2","ENSG00000286322.2","ENSG00000286322.2","6.010030982825995E-4","9.84251968503937E-4","2.17754228061262E-4","false","ENSG00000286322.2"
"ENSG00000287104.1","ENSG00000287104.1","ENSG00000287104.1","3.992160847789795E-4","0.0","7.98432169557959E-4","false","ENSG00000287104.1"
"ENSG00000287562.1","ENSG00000287562.1","ENSG00000287562.1","0.0019235443273489465","0.00290348699976576","9.43601654932133E-4","false","ENSG00000287562.1"
"ENSG00000287978.1","ENSG00000287978.1","ENSG00000287978.1","0.00860480186217948","0.00679122596803546","0.0104183777563235","false","ENSG00000287978.1"
"ENSG00000288534.1","ENSG00000288534.1","ENSG00000288534.1","0.0022229017343820736","4.92125984251968E-4","0.00395367748451218","false","ENSG00000288534.1"
"ENSG00000288752.1","ENSG00000288752.1","ENSG00000288752.1","0.012165235414666473","0.0240401318585846","2.90338970748349E-4","false","ENSG00000288752.1"
"ENSG00000288777.1","ENSG00000288777.1","ENSG00000288777.1","9.2273622047244E-5","1.84547244094488E-4","0.0","false","ENSG00000288777.1"
"ENSG00000289071.1","ENSG00000289071.1","ENSG00000289071.1","3.992160847789795E-4","0.0","7.98432169557959E-4","false","ENSG00000289071.1"
"LAS1L","LAS1L","LAS1L","0.030309962197326602","0.0355773596012307","0.0250425647934225","false","LAS1L"
"FOXO1","FOXO1","FOXO1","1.5166614540678252","1.00385750258031","2.02946540555534","false","FOXO1"
"TOPORS","TOPORS","TOPORS","0.1687023786771182","0.0732989007551254","0.264105856599111","false","TOPORS"
"ZNF462","ZNF462","ZNF462","0.09765466617058965","0.11062840096218","0.0846809313789993","false","ZNF462"
"HOXA11","HOXA11","HOXA11","0.002248362836915558","0.00413380196039568","3.62923713435436E-4","false","HOXA11"
"THSD7A","THSD7A","THSD7A","0.00923636169467756","0.0174565369917359","0.00101618639761922","false","THSD7A"
"SPPL2B","SPPL2B","SPPL2B","0.00651813787271184","3.0757874015748E-4","0.0127286970052662","false","SPPL2B"
"ADNP","ADNP","ADNP","0.364173381112261","0.19577310736402","0.532573654860502","false","ADNP"
"ETV1","ETV1","ETV1","3.992160847789795E-4","0.0","7.98432169557959E-4","false","ETV1"
"ZBTB7A","ZBTB7A","ZBTB7A","0.2786679086590755","0.195341655887848","0.361994161430303","false","ZBTB7A"
"ALDH3B1","ALDH3B1","ALDH3B1","0.00416060044376338","0.00364167597614371","0.00467952491138305","false","ALDH3B1"
"NFYA","NFYA","NFYA","1.8467618070025484","0.290943906345517","3.40257970765958","false","NFYA"
"ZBTB16","ZBTB16","ZBTB16","0.45436512262291595","0.705929830783597","0.202800414462235","false","ZBTB16"
"ZBTB20","ZBTB20","ZBTB20","0.1377604043184913","0.193936499649897","0.0815843089870856","false","ZBTB20"
"HMGN3","HMGN3","HMGN3","1.095330157245549","0.582950417154288","1.60770989733681","false","HMGN3"
"CACNA2D2","CACNA2D2","CACNA2D2","0.006296195832083936","0.00413380196039568","0.00845858970377219","false","CACNA2D2"
"BAIAP3","BAIAP3","BAIAP3","0.009297741225214519","9.22736220472441E-4","0.0176727462299566","false","BAIAP3"
"ARHGAP35","ARHGAP35","ARHGAP35","0.0023068405511811","0.0046136811023622","0.0","false","ARHGAP35"
"CRAMP1","CRAMP1","CRAMP1","7.935339496559085E-4","8.61220472440945E-4","7.25847426870872E-4","false","CRAMP1"
"MYLIP","MYLIP","MYLIP","0.006610411494759084","4.92125984251968E-4","0.0127286970052662","false","MYLIP"
"FOXO3","FOXO3","FOXO3","1.6371175253871448","1.48720671645708","1.78702833431721","false","FOXO3"
"MASP2","MASP2","MASP2","0.005278827345981502","0.00961405303703087","9.43601654932133E-4","false","MASP2"
"NFIC","NFIC","NFIC","8.52789022213626","8.2135808029097","8.84219964136282","false","NFIC"
"NISCH","NISCH","NISCH","0.01149648988119509","0.00719504432525368","0.0157979354371365","false","NISCH"
"MECP2","MECP2","MECP2","0.5139635752632455","0.701976493173832","0.325950657352659","false","MECP2"
"HFE","HFE","HFE","0.01012766206829505","0.0","0.0202553241365901","false","HFE"
"MKS1","MKS1","MKS1","0.0271058469092072","0.039284775293523","0.0149269185248914","false","MKS1"
"MBTD1","MBTD1","MBTD1","0.001960428748924612","0.00377568801247505","1.45169485374174E-4","false","MBTD1"
"SEMA3B","SEMA3B","SEMA3B","0.00724570503438445","0.0","0.0144914100687689","false","SEMA3B"
"NUB1","NUB1","NUB1","3.9676697482795404E-4","4.30610236220472E-4","3.62923713435436E-4","false","NUB1"
"PURA","PURA","PURA","0.091221317961891","0.0","0.182442635923782","false","PURA"
"POLR3B","POLR3B","POLR3B","1.451694853741745E-4","0.0","2.90338970748349E-4","false","POLR3B"
"CHDH","CHDH","CHDH","5.419364602021285E-4","4.30610236220472E-4","6.53262684183785E-4","false","CHDH"
"BAZ2A","BAZ2A","BAZ2A","0.482834237810426","0.668484617500436","0.297183858120416","false","BAZ2A"
"STEEP1","STEEP1","STEEP1","0.004340487193801355","0.00839063541685436","2.90338970748349E-4","false","STEEP1"
"PRDM11","PRDM11","PRDM11","0.0021837617015072913","0.00364167597614371","7.25847426870872E-4","false","PRDM11"
"MRE11","MRE11","MRE11","0.0018066836060394958","0.00339561298401773","2.17754228061262E-4","false","MRE11"
"CC2D1A","CC2D1A","CC2D1A","0.7459866486539743","0.0597167303556587","1.43225656695229","false","CC2D1A"
"GRAMD1B","GRAMD1B","GRAMD1B","0.002317624466380342","2.46062992125984E-4","0.0043891859406347","false","GRAMD1B"
"CCDC28A","CCDC28A","CCDC28A","0.0","0.0","0.0","false","CCDC28A"
"RNASET2","RNASET2","RNASET2","4.724371048918115E-4","7.99704724409449E-4","1.45169485374174E-4","false","RNASET2"
"ZNF592","ZNF592","ZNF592","0.0659030388352474","0.126144467740902","0.0056616099295928","false","ZNF592"
"BTN3A1","BTN3A1","BTN3A1","0.021901810364690223","0.00329632481671565","0.0405072959126648","false","BTN3A1"
"ARID4A","ARID4A","ARID4A","5.837633288734675E-4","3.69094488188976E-4","7.98432169557959E-4","false","ARID4A"
"RFC1","RFC1","RFC1","0.00429016260553094","0.00756413881344266","0.00101618639761922","false","RFC1"
"SPDL1","SPDL1","SPDL1","0.008879792003653911","0.0173240755511853","4.35508456122523E-4","false","SPDL1"
"CTPS2","CTPS2","CTPS2","1.64858364734331E-4","1.84547244094488E-4","1.45169485374174E-4","false","CTPS2"
"CC2D2A","CC2D2A","CC2D2A","0.00255902696444981","0.00511805392889962","0.0","false","CC2D2A"
"H6PD","H6PD","H6PD","0.0228227577966059","0.0161455621003357","0.0294999534928761","false","H6PD"
"RAD51","RAD51","RAD51","0.005115319739492245","0.00642213147984648","0.00380850799913801","false","RAD51"
"MPHOSPH9","MPHOSPH9","MPHOSPH9","0.0019719405223540425","8.61220472440945E-4","0.00308266057226714","false","MPHOSPH9"
"TTC17","TTC17","TTC17","0.001839091046698595","0.00367818209339719","0.0","false","TTC17"
"PLEKHH1","PLEKHH1","PLEKHH1","0.003165402924988095","0.0","0.00633080584997619","false","PLEKHH1"
"CBLN4","CBLN4","CBLN4","0.001898255315340838","3.69094488188976E-4","0.0034274161424927","false","CBLN4"
"FAM168A","FAM168A","FAM168A","0.014562980392392549","6.15157480314961E-5","0.0290644450367536","false","FAM168A"
"TMCC3","TMCC3","TMCC3",,,"0.00676631430609871","false","TMCC3"
"HDAC7","HDAC7","HDAC7","0.019776027640899748","0.0154621322998379","0.0240899229819616","false","HDAC7"
"ZNF652","ZNF652","ZNF652","0.3224612038867135","0.112958961891323","0.531963445882104","false","ZNF652"
"APPBP2","APPBP2","APPBP2","2.374431074214185E-4","1.84547244094488E-4","2.90338970748349E-4","false","APPBP2"
"CDON","CDON","CDON","8.605841950152E-4","9.22736220472441E-4","7.98432169557959E-4","false","CDON"
"PMS1","PMS1","PMS1","0.00622731234425683","0.00716032045622444","0.00529430423228922","false","PMS1"
"KIF26A","KIF26A","KIF26A","3.62923713435436E-4","0.0","7.25847426870872E-4","false","KIF26A"
"TRO","TRO","TRO","0.01976946479501639","0.00642213147984648","0.0331167981101863","false","TRO"
"IP6K2","IP6K2","IP6K2","0.0013217416857586736","0.00257089862883026","7.25847426870872E-5","false","IP6K2"
"KIF2A","KIF2A","KIF2A","0.001198095452058289","1.84547244094488E-4","0.00221164366002209","false","KIF2A"
"FGF22","FGF22","FGF22","0.001952655761138533","0.00354238780884163","3.62923713435436E-4","false","FGF22"
"DGCR2","DGCR2","DGCR2","0.013704432897302506","0.00981774446386421","0.0175911213307408","false","DGCR2"
"TESK2","TESK2","TESK2","0.004652719894289599","1.84547244094488E-4","0.00912089254448471","false","TESK2"
"PALS1","PALS1","PALS1","0.002023735921354854","1.84547244094488E-4","0.00386292459861522","false","PALS1"
"NFATC3","NFATC3","NFATC3","0.009054899837959842","0.0174565369917359","6.53262684183785E-4","false","NFATC3"
"SCARF1","SCARF1","SCARF1",,,"0.00313707717174435","false","SCARF1"
"ANO8","ANO8","ANO8","9.220999430466945E-4","0.00104576771653543","7.98432169557959E-4","false","ANO8"
"TMEM131","TMEM131","TMEM131","0.01784994766813065","0.0113105932270226","0.0243893021092387","false","TMEM131"
"ACACB","ACACB","ACACB","2.768208661417325E-4","5.53641732283465E-4","0.0","false","ACACB"
"NAALAD2","NAALAD2","NAALAD2","5.696089468411059E-4","1.23031496062992E-4","0.00101618639761922","false","NAALAD2"
"PIK3C3","PIK3C3","PIK3C3","0.0027457855926497896","0.0015378937007874","0.00395367748451218","false","PIK3C3"
"HOXA9","HOXA9","HOXA9","0.01802514373996535","0.0147813758716765","0.0212689116082542","false","HOXA9"
"ZNF784","ZNF784","ZNF784","0.1413820835793105","0.120313976550735","0.162450190607886","false","ZNF784"
"MLLT10","MLLT10","MLLT10","0.002792321601518785","0.0","0.00558464320303757","false","MLLT10"
"CBFA2T2","CBFA2T2","CBFA2T2","0.001641123328559265","0.0","0.00328224665711853","false","CBFA2T2"
"EXD2","EXD2","EXD2","2.177542280612615E-4","0.0","4.35508456122523E-4","false","EXD2"
"FAM135A","FAM135A","FAM135A","0.002534261240936472","2.46062992125984E-4","0.00482245948974696","false","FAM135A"
"SOX6","SOX6","SOX6","0.8024836337470015","0.437734135673973","1.16723313182003","false","SOX6"
"ZNF446","ZNF446","ZNF446","0.00125099131538522","0.0","0.00250198263077044","false","ZNF446"
"MAP3K4","MAP3K4","MAP3K4","2.374431074214185E-4","1.84547244094488E-4","2.90338970748349E-4","false","MAP3K4"
"USP40","USP40","USP40","0.009721544409255692","2.46062992125984E-4","0.0191970258263854","false","USP40"
"EPDR1","EPDR1","EPDR1","0.006201473100085665","0.00437986495252167","0.00802308124764966","false","EPDR1"
"SEPHS1","SEPHS1","SEPHS1","0.001712974163258833","0.00306302461308223","3.62923713435436E-4","false","SEPHS1"
"CNOT3","CNOT3","CNOT3","0.007461010152494686","4.30610236220472E-4","0.0144914100687689","false","CNOT3"
"DNMT3B","DNMT3B","DNMT3B","0.0025891485610398143","0.00437986495252167","7.98432169557959E-4","false","DNMT3B"
"ARHGAP28","ARHGAP28","ARHGAP28","7.178638195920505E-4","4.92125984251968E-4","9.43601654932133E-4","false","ARHGAP28"
"P2RX7","P2RX7","P2RX7","0.004804438296054993","6.15157480314961E-5","0.00954736084407849","false","P2RX7"
"SLC23A2","SLC23A2","SLC23A2","3.266313420918925E-4","0.0","6.53262684183785E-4","false","SLC23A2"
"SLC8B1","SLC8B1","SLC8B1","0.0023155794745739703","0.00354238780884163","0.00108877114030631","false","SLC8B1"
"DZANK1","DZANK1","DZANK1","8.37809928278273E-4","3.69094488188976E-4","0.00130652536836757","false","DZANK1"
"BRAP","BRAP","BRAP","1.81461856717718E-4","0.0","3.62923713435436E-4","false","BRAP"
"ORC6","ORC6","ORC6","0.0021246294281066684","6.76673228346457E-4","0.00357258562786688","false","ORC6"
"TMEM101","TMEM101","TMEM101","0.0027889611069460427","5.53641732283465E-4","0.00502428048160862","false","TMEM101"
"AGO1","AGO1","AGO1","0.00884655919261312","0.0122333294474951","0.00545978893773114","false","AGO1"
"HDAC6","HDAC6","HDAC6","6.00366820856854E-4","1.84547244094488E-4","0.00101618639761922","false","HDAC6"
"CDC23","CDC23","CDC23","7.68310572967956E-4","7.38188976377953E-4","7.98432169557959E-4","false","CDC23"
"FMO2","FMO2","FMO2","5.0809319880961E-4","0.0","0.00101618639761922","false","FMO2"
"TCF4","TCF4","TCF4","0.17965093817173938","0.333240526226482","0.0260613501169968","false","TCF4"
"SEMA4G","SEMA4G","SEMA4G","0.007509453551512248","6.15157480314961E-5","0.014957391354993","false","SEMA4G"
"ERMP1","ERMP1","ERMP1","0.005947042529155105","0.00730531303282411","0.0045887720254861","false","ERMP1"
"TRMT2A","TRMT2A","TRMT2A","0.006579653620743336","4.30610236220472E-4","0.0127286970052662","false","TRMT2A"
"ZDHHC8","ZDHHC8","ZDHHC8","0.018751152266988074","7.38188976377953E-4","0.0367641155575982","false","ZDHHC8"
"CECR2","CECR2","CECR2","0.01362128467472279","0.00913431466336648","0.0181082546860791","false","CECR2"
"P2RX6","P2RX6","P2RX6","1.0334261670283504E-4","6.15157480314961E-5","1.45169485374174E-4","false","P2RX6"
"SPECC1L","SPECC1L","SPECC1L","6.366591922003991E-4","1.84547244094488E-4","0.00108877114030631","false","SPECC1L"
"PIK3IP1","PIK3IP1","PIK3IP1","3.992160847789795E-4","0.0","7.98432169557959E-4","false","PIK3IP1"
"PATZ1","PATZ1","PATZ1","0.0051695642484440845","0.00531484801527955","0.00502428048160862","false","PATZ1"
"TPTEP1","TPTEP1","TPTEP1","6.286755849215771E-4","6.76673228346457E-4","5.80677941496697E-4","false","TPTEP1"
"RBFOX2","RBFOX2","RBFOX2","0.011968912336245446","0.0143904638284124","0.00954736084407849","false","RBFOX2"
"MTMR3","MTMR3","MTMR3","0.011059512575205896","0.00401077046433269","0.0181082546860791","false","MTMR3"
"TNRC6B","TNRC6B","TNRC6B","0.007694711202942165","0.00339561298401773","0.0119938094218666","false","TNRC6B"
"PVALB","PVALB","PVALB","0.0","0.0","0.0","false","PVALB"
"VCPKMT","VCPKMT","VCPKMT","0.005725875025021214","0.00894976741927199","0.00250198263077044","false","VCPKMT"
"NIN","NIN","NIN","1.81461856717718E-4","0.0","3.62923713435436E-4","false","NIN"
"SIX4","SIX4","SIX4","0.0018429759773830395","0.00339561298401773","2.90338970748349E-4","false","SIX4"
"NFKBIA","NFKBIA","NFKBIA","0.018612884355874285","4.92125984251968E-4","0.0367336427274966","false","NFKBIA"
"GMPR2","GMPR2","GMPR2","6.76036950920712E-4","5.53641732283465E-4","7.98432169557959E-4","false","GMPR2"
"RABGGTA","RABGGTA","RABGGTA","7.18500097017797E-4","0.00129183070866142","1.45169485374174E-4","false","RABGGTA"
"PCIF1","PCIF1","PCIF1","0.0088363731149783","0.0","0.0176727462299566","false","PCIF1"
"NFATC2","NFATC2","NFATC2","6.1515748031496E-4","0.00123031496062992","0.0","false","NFATC2"
"NFATC1","NFATC1","NFATC1","1.540739685841746","2.5522380996824","0.529241272001092","false","NFATC1"
"TCFL5","TCFL5","TCFL5","0.005276085337331587","0.010407001189289","1.45169485374174E-4","false","TCFL5"
"ITIH6","ITIH6","ITIH6","0.01782653560003534","3.0757874015748E-4","0.0353454924599132","false","ITIH6"
"SUPT20H","SUPT20H","SUPT20H","0.00923230269250944","0.014892019757152","0.00357258562786688","false","SUPT20H"
"N4BP1","N4BP1","N4BP1","6.03452208233625E-4","5.53641732283465E-4","6.53262684183785E-4","false","N4BP1"
"CTCF","CTCF","CTCF","0.0132078843514572","0.0108867395629534","0.015529029139961","false","CTCF"
"NME3","NME3","NME3","0.00846931342556747","0.0138559662788678","0.00308266057226714","false","NME3"
"HAS3","HAS3","HAS3","0.00735802415541227","0.00293999311701924","0.0117760551938053","false","HAS3"
"ESRP2","ESRP2","ESRP2","0.005161037448547437","0.00966881221291109","6.53262684183785E-4","false","ESRP2"
"NAGPA","NAGPA","NAGPA","0.001826328258206025","0.00365265651641205","0.0","false","NAGPA"
"ZNF500","ZNF500","ZNF500","0.001770391234695952","0.00339561298401773","1.45169485374174E-4","false","ZNF500"
"NME4","NME4","NME4",,,"0.00192130468927374","false","NME4"
"QPRT","QPRT","QPRT","0.0021246294281066684","6.76673228346457E-4","0.00357258562786688","false","QPRT"
"CCP110","CCP110","CCP110","0.00613070118992386","0.00314954999189175","0.00911185238795597","false","CCP110"
"AMH","AMH","AMH","0.016921863053215965","0.00839612568698853","0.0254476004194434","false","AMH"
"ZNF419","ZNF419","ZNF419","1.81461856717718E-4","0.0","3.62923713435436E-4","false","ZNF419"
"FZR1","FZR1","FZR1","0.003237970678496164","4.92125984251968E-4","0.00598381537274036","false","FZR1"
"TMEM205","TMEM205","TMEM205","0.0023963799838209736","9.84251968503937E-4","0.00380850799913801","false","TMEM205"
"ARRDC2","ARRDC2","ARRDC2","0.003235538557724156","4.30610236220472E-4","0.00604046687922784","false","ARRDC2"
"CRTC1","CRTC1","CRTC1","0.00830722395987595","0.0","0.0166144479197519","false","CRTC1"
"ATP13A1","ATP13A1","ATP13A1","0.0029316814823691934","9.84251968503937E-4","0.00487911099623445","false","ATP13A1"
"ZNF85","ZNF85","ZNF85","0.00175908451419483","0.0","0.00351816902838966","false","ZNF85"
"CFAP69","CFAP69","CFAP69","0.004196087867919318","3.69094488188976E-4","0.00802308124764966","false","CFAP69"
"RASA4","RASA4","RASA4","5.5609084223449E-4","6.76673228346457E-4","4.35508456122523E-4","false","RASA4"
"BET1","BET1","BET1","5.167130835141761E-4","3.0757874015748E-4","7.25847426870872E-4","false","BET1"
"WDR91","WDR91","WDR91","0.0238226840809686","0.0174921519848773","0.0301532161770599","false","WDR91"
"BRAT1","BRAT1","BRAT1","0.009614034372157647","6.15157480314961E-5","0.0191665529962838","false","BRAT1"
"HOXA13","HOXA13","HOXA13","0.019275691788495523","0.0365915955244397","0.00195978805255135","false","HOXA13"
"NSUN5P2","NSUN5P2","NSUN5P2","0.002149216527368875","0.0","0.00429843305473775","false","NSUN5P2"
"GLCCI1","GLCCI1","GLCCI1","0.00168649977150774","0.0","0.00337299954301548","false","GLCCI1"
"TMEM106B","TMEM106B","TMEM106B","0.003985956094678217","2.46062992125984E-4","0.00772584919723045","false","TMEM106B"
"ANKMY2","ANKMY2","ANKMY2","4.4966283815488445E-4","2.46062992125984E-4","6.53262684183785E-4","false","ANKMY2"
"FKTN","FKTN","FKTN","0.007168951446944577","7.38188976377953E-4","0.0135997139175112","false","FKTN"
"DDX58","DDX58","DDX58","0.0023485758390479994","0.00389871950853804","7.98432169557959E-4","false","DDX58"
"FBXL15","FBXL15","FBXL15","0.0171131242447526","0.0","0.0342262484895052","false","FBXL15"
"EDRF1","EDRF1","EDRF1","1.451694853741745E-4","0.0","2.90338970748349E-4","false","EDRF1"
"NEURL1","NEURL1","NEURL1","0.0","0.0","0.0","false","NEURL1"
"FBXL20","FBXL20","FBXL20","3.715435981400015E-4","3.0757874015748E-4","4.35508456122523E-4","false","FBXL20"
"UBTF","UBTF","UBTF","0.025737079365447703","0.0383099532695067","0.0131642054613887","false","UBTF"
"CASC3","CASC3","CASC3","0.01037828491518075","0.0207565698303615","0.0","false","CASC3"
"MTMR4","MTMR4","MTMR4","0.02783219193576745","0.0122141852647562","0.0434501986067787","false","MTMR4"
"CDK5RAP3","CDK5RAP3","CDK5RAP3","0.00792323041393099","0.00629909998378349","0.00954736084407849","false","CDK5RAP3"
"RECQL5","RECQL5","RECQL5","0.00632922158037348","0.011860010991189","7.98432169557959E-4","false","RECQL5"
"NAGLU","NAGLU","NAGLU","0.003946758252739349","0.00760317753473035","2.90338970748349E-4","false","NAGLU"
"HLF","HLF","HLF","0.023699301298118664","0.00104576771653543","0.0463528348797019","false","HLF"
"MANBA","MANBA","MANBA","0.0061057818249639","0.0","0.0122115636499278","false","MANBA"
"TRIM2","TRIM2","TRIM2","0.001829220146930891","4.30610236220472E-4","0.00322783005764131","false","TRIM2"
"STIM2","STIM2","STIM2","9.017747862607931E-4","6.15157480314961E-5","0.00174203382449009","false","STIM2"
"CTSC","CTSC","CTSC","0.0220772587668408","0.0314258205284154","0.0127286970052662","false","CTSC"
"FNBP4","FNBP4","FNBP4","0.003142790293323279","0.0054871484170886","7.98432169557959E-4","false","FNBP4"
"KMT5B","KMT5B","KMT5B","0.007645557396589175","7.99704724409449E-4","0.0144914100687689","false","KMT5B"
"PPP6R3","PPP6R3","PPP6R3","0.01042704119557215","0.0","0.0208540823911443","false","PPP6R3"
"ACCS","ACCS","ACCS","0.00476975923985018","0.00524108542496261","0.00429843305473775","false","ACCS"
"MDK","MDK","MDK","1.81461856717718E-4","0.0","3.62923713435436E-4","false","MDK"
"MLEC","MLEC","MLEC","3.912324775001585E-4","4.92125984251968E-4","2.90338970748349E-4","false","MLEC"
"WNT5B","WNT5B","WNT5B","4.804207121706325E-4","3.0757874015748E-4","6.53262684183785E-4","false","WNT5B"
"OGFOD2","OGFOD2","OGFOD2","0.0027011110624472127","0.00474895944071064","6.53262684183785E-4","false","OGFOD2"
"OAS3","OAS3","OAS3","0.0038342068275170247","0.00716032045622444","5.0809319880961E-4","false","OAS3"
"OAS2","OAS2","OAS2","1.81461856717718E-4","0.0","3.62923713435436E-4","false","OAS2"
"RFC5","RFC5","RFC5","7.178638195920505E-4","4.92125984251968E-4","9.43601654932133E-4","false","RFC5"
"CAND1","CAND1","CAND1","0.01016847451790295","0.0","0.0203369490358059","false","CAND1"
"ING4","ING4","ING4","3.992160847789795E-4","0.0","7.98432169557959E-4","false","ING4"
"SUDS3","SUDS3","SUDS3","0.002066474174647915","0.0","0.00413294834929583","false","SUDS3"
"ASF1A","ASF1A","ASF1A","6.065375956103951E-4","9.22736220472441E-4","2.90338970748349E-4","false","ASF1A"
"BMP5","BMP5","BMP5","3.62923713435436E-4","0.0","7.25847426870872E-4","false","BMP5"
"ZNF451","ZNF451","ZNF451","0.010628902338985426","0.00314954999189175","0.0181082546860791","false","ZNF451"
"GPLD1","GPLD1","GPLD1","0.008867130988994047","6.15157480314961E-5","0.0176727462299566","false","GPLD1"
"ZBTB24","ZBTB24","ZBTB24","0.0015969129852570546","0.00290348699976576","2.90338970748349E-4","false","ZBTB24"
"PRPH2","PRPH2","PRPH2","4.94575094202994E-4","5.53641732283465E-4","4.35508456122523E-4","false","PRPH2"
"BRD8","BRD8","BRD8","0.013625811137114599","0.014522925268963","0.0127286970052662","false","BRD8"
"MRPS27","MRPS27","MRPS27","9.915992983570135E-4","6.76673228346457E-4","0.00130652536836757","false","MRPS27"
"DROSHA","DROSHA","DROSHA","0.01129552773910183","0.0217926233086457","7.98432169557959E-4","false","DROSHA"
"TTC33","TTC33","TTC33","4.718008274660665E-4","0.0","9.43601654932133E-4","false","TTC33"
"SCAP","SCAP","SCAP","0.00930731484051658","0.0105915484333835","0.00802308124764966","false","SCAP"
"ACVR2B","ACVR2B","ACVR2B","0.01309534380786169","3.0757874015748E-4","0.0258831088755659","false","ACVR2B"
"PIKFYVE","PIKFYVE","PIKFYVE","0.003895694321578806","4.30610236220472E-4","0.00736077840693714","false","PIKFYVE"
"STEAP3","STEAP3","STEAP3","0.0012542657824663834","9.84251968503937E-4","0.00152427959642883","false","STEAP3"
"EPB41L5","EPB41L5","EPB41L5","0.0025586001588998836","9.84251968503937E-4","0.00413294834929583","false","EPB41L5"
"IFIH1","IFIH1","IFIH1","0.005381387274735792","0.0101095118652878","6.53262684183785E-4","false","IFIH1"
"GGCX","GGCX","GGCX","0.003992192504751915","0.00339561298401773","0.0045887720254861","false","GGCX"
"ZNF142","ZNF142","ZNF142","0.00935518265057435","0.0","0.0187103653011487","false","ZNF142"
"PCYOX1","PCYOX1","PCYOX1","0.012855829297359038","0.0249858111678472","7.25847426870872E-4","false","PCYOX1"
"DNAJC16","DNAJC16","DNAJC16","0.004270107301494005","0.0","0.00854021460298801","false","DNAJC16"
"ASH1L","ASH1L","ASH1L","2.177542280612615E-4","0.0","4.35508456122523E-4","false","ASH1L"
"FAAH","FAAH","FAAH","0.01978563204195175","0.0134704009802763","0.0261008631036272","false","FAAH"
"KMT2A","KMT2A","KMT2A","0.00542657279084142","0.00748014603866736","0.00337299954301548","false","KMT2A"
"IFT46","IFT46","IFT46","0.0022169030501539124","8.61220472440945E-4","0.00357258562786688","false","IFT46"
"MREG","MREG","MREG","3.826125927955925E-4","1.84547244094488E-4","5.80677941496697E-4","false","MREG"
"CREB1","CREB1","CREB1","0.010537569006091926","7.38188976377953E-4","0.0203369490358059","false","CREB1"
"CASP8AP2","CASP8AP2","CASP8AP2","0.004865954044086489","1.84547244094488E-4","0.00954736084407849","false","CASP8AP2"
"WDR35","WDR35","WDR35",,,"8.71016912245046E-4","false","WDR35"
"TRIM32","TRIM32","TRIM32","0.00175908451419483","0.0","0.00351816902838966","false","TRIM32"
"FBXW2","FBXW2","FBXW2","0.001991230850133986","0.00376470747220671","2.17754228061262E-4","false","FBXW2"
"BBOF1","BBOF1","BBOF1","0.005667824258890386","4.30610236220472E-4","0.0109050382815603","false","BBOF1"
"IRF2BPL","IRF2BPL","IRF2BPL","2.989588554529145E-4","3.0757874015748E-4","2.90338970748349E-4","false","IRF2BPL"
"FLVCR2","FLVCR2","FLVCR2","6.255901975448066E-4","3.0757874015748E-4","9.43601654932133E-4","false","FLVCR2"
"IFIT3","IFIT3","IFIT3","0.001697806492008865","0.00339561298401773","0.0","false","IFIT3"
"ARMH3","ARMH3","ARMH3","0.002745979091301698","0.00512903446916796","3.62923713435436E-4","false","ARMH3"
"KCNIP2","KCNIP2","KCNIP2","0.0028856583065417028","0.00511805392889962","6.53262684183785E-4","false","KCNIP2"
"HOXB3","HOXB3","HOXB3","0.003812068838205841","0.00740638344835042","2.17754228061262E-4","false","HOXB3"
"IQSEC3","IQSEC3","IQSEC3","0.001878566435980684","1.84547244094488E-4","0.00357258562786688","false","IQSEC3"
"CCDC77","CCDC77","CCDC77","3.266313420918925E-4","0.0","6.53262684183785E-4","false","CCDC77"
"ZFP30","ZFP30","ZFP30","6.372954696261431E-4","9.84251968503937E-4","2.90338970748349E-4","false","ZFP30"
"NR2C1","NR2C1","NR2C1","0.0026634805009320265","7.38188976377953E-4","0.0045887720254861","false","NR2C1"
"EPHX2","EPHX2","EPHX2","3.0449335278071E-4","2.46062992125984E-4","3.62923713435436E-4","false","EPHX2"
"SCPEP1","SCPEP1","SCPEP1","5.284183555955121E-4","9.84251968503937E-4","7.25847426870872E-5","false","SCPEP1"
"ECHDC2","ECHDC2","ECHDC2","0.03408885318958735","0.0345742477437516","0.0336034586354231","false","ECHDC2"
"ZNF549","ZNF549","ZNF549","0.02682994692262395","0.0536598938452479","0.0","false","ZNF549"
"RNF2","RNF2","RNF2","4.441283408270885E-4","3.0757874015748E-4","5.80677941496697E-4","false","RNF2"
"DEPDC7","DEPDC7","DEPDC7","0.002149216527368875","0.0","0.00429843305473775","false","DEPDC7"
"PILRB","PILRB","PILRB","0.00988299298271382","0.00703728896016144","0.0127286970052662","false","PILRB"
"TMEM39B","TMEM39B","TMEM39B","0.013092894697910676","7.38188976377953E-4","0.0254476004194434","false","TMEM39B"
"ACVR2A","ACVR2A","ACVR2A","0.00154133028613357","0.0","0.00308266057226714","false","ACVR2A"
"RBBP6","RBBP6","RBBP6","0.005723591964234336","0.0107213365015978","7.25847426870872E-4","false","RBBP6"
"ODF2L","ODF2L","ODF2L","3.9676697482795404E-4","4.30610236220472E-4","3.62923713435436E-4","false","ODF2L"
"FKBP9","FKBP9","FKBP9","0.004427996478012945","6.15157480314961E-4","0.00824083547571093","false","FKBP9"
"POLM","POLM","POLM","3.992160847789795E-4","0.0","7.98432169557959E-4","false","POLM"
"TRIM24","TRIM24","TRIM24","0.00222180127005596","0.0","0.00444360254011192","false","TRIM24"
"WDR83","WDR83","WDR83","9.2273622047244E-5","1.84547244094488E-4","0.0","false","WDR83"
"EBPL","EBPL","EBPL","0.004284288609423546","7.38188976377953E-4","0.00783038824246914","false","EBPL"
"SPATS2","SPATS2","SPATS2","0.03060287140634855","0.043097488126618","0.0181082546860791","false","SPATS2"
"IKZF4","IKZF4","IKZF4","6.452790769049634E-4","4.92125984251968E-4","7.98432169557959E-4","false","IKZF4"
"KBTBD4","KBTBD4","KBTBD4","0.004172203189380568","0.00747338946651609","8.71016912245046E-4","false","KBTBD4"
"METTL8","METTL8","METTL8","0.006914236267445092","0.0131752098507064","6.53262684183785E-4","false","METTL8"
"MXD4","MXD4","MXD4","0.009120824930529695","1.84547244094488E-4","0.0180571026169649","false","MXD4"
"ENKD1","ENKD1","ENKD1","4.976604815797642E-4","9.22736220472441E-4","7.25847426870872E-5","false","ENKD1"
"SNX21","SNX21","SNX21","0.015851226088519042","2.46062992125984E-4","0.0314563891849121","false","SNX21"
"VAPB","VAPB","VAPB","0.00589305565017183","0.010407001189289","0.00137911011105466","false","VAPB"
"STAMBP","STAMBP","STAMBP","0.0021418691975158","0.00129183070866142","0.00299190768637018","false","STAMBP"
"NAGK","NAGK","NAGK","0.004988985540149481","4.30610236220472E-4","0.00954736084407849","false","NAGK"
"ZNF45","ZNF45","ZNF45","0.002544872582417451","0.00487199093677364","2.17754228061262E-4","false","ZNF45"
"BTN2A3P","BTN2A3P","BTN2A3P","0.002306793197570286","0.0038877389682697","7.25847426870872E-4","false","BTN2A3P"
"BBS2","BBS2","BBS2","0.0012825745465311102","0.00147637795275591","0.00108877114030631","false","BBS2"
"UPF3B","UPF3B","UPF3B","0.002844289091044981","4.30610236220472E-4","0.00525796794586949","false","UPF3B"
"FAM193A","FAM193A","FAM193A","5.056440888585845E-4","4.30610236220472E-4","5.80677941496697E-4","false","FAM193A"
"PLGLB2","PLGLB2","PLGLB2","0.00995098603718545","0.0153132000488848","0.0045887720254861","false","PLGLB2"
"CCDC93","CCDC93","CCDC93","3.604746034844105E-4","4.30610236220472E-4","2.90338970748349E-4","false","CCDC93"
"RTN2","RTN2","RTN2","0.00506472017568768","0.00269393012489326","0.0074355102264821","false","RTN2"
"NAPB","NAPB","NAPB","4.189049641391365E-4","1.84547244094488E-4","6.53262684183785E-4","false","NAPB"
"ZNF133","ZNF133","ZNF133",,,"0.0131642054613887","false","ZNF133"
"MCM8","MCM8","MCM8","0.002910222718398635","0.00317329332065266","0.00264715211614461","false","MCM8"
"ZNF436","ZNF436","ZNF436","7.627760756401605E-4","7.99704724409449E-4","7.25847426870872E-4","false","ZNF436"
"CEP250","CEP250","CEP250","1.451694853741745E-4","0.0","2.90338970748349E-4","false","CEP250"
"TUBGCP3","TUBGCP3","TUBGCP3","0.02076525190594007","0.00327258148795474","0.0382579223239254","false","TUBGCP3"
"THRA","THRA","THRA","0.0049391750641993235","9.84251968503937E-4","0.00889409815989471","false","THRA"
"IFI6","IFI6","IFI6","3.100278501085055E-4","1.84547244094488E-4","4.35508456122523E-4","false","IFI6"
"SIX1","SIX1","SIX1",,,"0.045376161468713","false","SIX1"
"RHOT1","RHOT1","RHOT1","0.0037644697463611746","0.00401077046433269","0.00351816902838966","false","RHOT1"
"DYRK2","DYRK2","DYRK2","0.01004925778436605","0.0","0.0200985155687321","false","DYRK2"
"TAS2R4","TAS2R4","TAS2R4","0.00569994920983869","3.0757874015748E-4","0.0110923196795199","false","TAS2R4"
"PIN1","PIN1","PIN1","0.015077596140791051","0.0145750110725069","0.0155801812090752","false","PIN1"
"SIN3B","SIN3B","SIN3B","0.03160355918290505","0.0227509745222595","0.0404561438435506","false","SIN3B"
"ZNF835","ZNF835","ZNF835","0.0017703255993757985","9.84251968503937E-4","0.00255639923024766","false","ZNF835"
"TUBGCP6","TUBGCP6","TUBGCP6","0.02017760072051515","0.0125668089425427","0.0277883924984876","false","TUBGCP6"
"TST","TST","TST","5.364019628743325E-4","4.92125984251968E-4","5.80677941496697E-4","false","TST"
"APOBEC3F","APOBEC3F","APOBEC3F","7.37552698952208E-4","6.76673228346457E-4","7.98432169557959E-4","false","APOBEC3F"
"SMO","SMO","SMO","0.008365234048706498","6.15157480314961E-5","0.0166689523493815","false","SMO"
"IVD","IVD","IVD","6.17606590265986E-4","7.99704724409449E-4","4.35508456122523E-4","false","IVD"
"MBD4","MBD4","MBD4","0.005773948759219515","0.00710429497832711","0.00444360254011192","false","MBD4"
"SUMF2","SUMF2","SUMF2","0.02233880199515698","0.00417030807764916","0.0405072959126648","false","SUMF2"
"KRI1","KRI1","KRI1","0.010883109478955355","0.0212581257591011","5.0809319880961E-4","false","KRI1"
"SLC44A2","SLC44A2","SLC44A2","0.02002399917527796","0.0350237178689473","0.00502428048160862","false","SLC44A2"
"EAPP","EAPP","EAPP","0.002339934546216905","0.00110728346456693","0.00357258562786688","false","EAPP"
"RNASE1","RNASE1","RNASE1","7.935339496559085E-4","8.61220472440945E-4","7.25847426870872E-4","false","RNASE1"
"CDH15","CDH15","CDH15","0.008554280978893936","0.00437986495252167","0.0127286970052662","false","CDH15"
"CBFA2T3","CBFA2T3","CBFA2T3","9.33168937702287E-4","9.22736220472441E-4","9.43601654932133E-4","false","CBFA2T3"
"GADD45G","GADD45G","GADD45G","0.014496281380544875","7.38188976377953E-4","0.0282543737847118","false","GADD45G"
"BST2","BST2","BST2","1.81461856717718E-4","0.0","3.62923713435436E-4","false","BST2"
"POMT1","POMT1","POMT1","0.0200012888816219","0.0122141852647562","0.0277883924984876","false","POMT1"
"TXLNGY","TXLNGY","TXLNGY","0.01225212073394886","0.00593000549559452","0.0185742359723032","false","TXLNGY"
"IDO1","IDO1","IDO1","0.004161872998614875","0.00524108542496261","0.00308266057226714","false","IDO1"
"GALNT15","GALNT15","GALNT15","0.0021474693301637474","0.00364167597614371","6.53262684183785E-4","false","GALNT15"
"MCCC2","MCCC2","MCCC2","6.0898670556142E-4","4.92125984251968E-4","7.25847426870872E-4","false","MCCC2"
"CLUH","CLUH","CLUH","0.0015616339031311196","0.00232483563670428","7.98432169557959E-4","false","CLUH"
"RIDA","RIDA","RIDA","0.0071855549389279825","5.53641732283465E-4","0.0138174681455725","false","RIDA"
"REEP2","REEP2","REEP2","0.0023313146615123346","7.99704724409449E-4","0.00386292459861522","false","REEP2"
"PCED1A","PCED1A","PCED1A","5.585399521855149E-4","2.46062992125984E-4","8.71016912245046E-4","false","PCED1A"
"MUTYH","MUTYH","MUTYH","0.002686956680414853","0.00450289644858466","8.71016912245046E-4","false","MUTYH"
"DSTYK","DSTYK","DSTYK","0.004555926193977985","0.0","0.00911185238795597","false","DSTYK"
"KMT5C","KMT5C","KMT5C","0.008887834287417644","1.84547244094488E-4","0.0175911213307408","false","KMT5C"
"TRIM45","TRIM45","TRIM45","0.009084885217055298","6.15157480314961E-5","0.0181082546860791","false","TRIM45"
"ECHDC3","ECHDC3","ECHDC3","0.013796714451787699","0.0116833957371215","0.0159100331664539","false","ECHDC3"
"APLNR","APLNR","APLNR",,,"0.00357258562786688","false","APLNR"
"CARS2","CARS2","CARS2",,,"4.35508456122523E-4","false","CARS2"
"APC","APC","APC","0.004005644974038376","4.30610236220472E-4","0.00758067971185628","false","APC"
"CAPRIN1","CAPRIN1","CAPRIN1","0.007372978080752295","0.00253439251157679","0.0122115636499278","false","CAPRIN1"
"AVIL","AVIL","AVIL","6.67417066216147E-4","2.46062992125984E-4","0.00108877114030631","false","AVIL"
"PAN2","PAN2","PAN2","0.01446612752754766","0.0189493857548943","0.00998286930020102","false","PAN2"
"ACVR1B","ACVR1B","ACVR1B",,,"0.00386292459861522","false","ACVR1B"
"FBXL8","FBXL8","FBXL8","0.014852666949806734","0.00452663977734557","0.0251786941222679","false","FBXL8"
"MRPL44","MRPL44","MRPL44","0.008142939713444161","0.0158503709707658","4.35508456122523E-4","false","MRPL44"
"TGFBRAP1","TGFBRAP1","TGFBRAP1","0.00178629281393344","0.0","0.00357258562786688","false","TGFBRAP1"
"PLXNC1","PLXNC1","PLXNC1","3.573892161076405E-4","6.15157480314961E-5","6.53262684183785E-4","false","PLXNC1"
"APPL2","APPL2","APPL2","0.014842858267127664","0.00839612568698853","0.0212895908472668","false","APPL2"
"VEZF1","VEZF1","VEZF1","0.0022239421299524694","0.00415754528915659","2.90338970748349E-4","false","VEZF1"
"CDK9","CDK9","CDK9","0.006091911062488129","6.76673228346457E-4","0.0115071488966298","false","CDK9"
"SMC2","SMC2","SMC2","1.84547244094488E-4","3.69094488188976E-4","0.0","false","SMC2"
"STX17","STX17","STX17","1.81461856717718E-4","0.0","3.62923713435436E-4","false","STX17"
"IL11RA","IL11RA","IL11RA","8.519643103106355E-4","6.15157480314961E-4","0.00108877114030631","false","IL11RA"
"FOXP4","FOXP4","FOXP4","0.013990996465510096","0.00253439251157679","0.0254476004194434","false","FOXP4"
"BPHL","BPHL","BPHL","0.00804894090176337","9.22736220472441E-4","0.0151751455830543","false","BPHL"
"RIPK1","RIPK1","RIPK1","5.44385570153155E-4","0.0","0.00108877114030631","false","RIPK1"
"SLCO2B1","SLCO2B1","SLCO2B1","6.8955505552733E-4","0.0","0.00137911011105466","false","SLCO2B1"
"SLC37A4","SLC37A4","SLC37A4","0.008718151707877238","0.0172911339303803","1.45169485374174E-4","false","SLC37A4"
"CTDSPL2","CTDSPL2","CTDSPL2","0.0028267796005487","0.00257089862883026","0.00308266057226714","false","CTDSPL2"
"IFI44L","IFI44L","IFI44L","0.001697806492008865","0.00339561298401773","0.0","false","IFI44L"
"IFI44","IFI44","IFI44","1.84547244094488E-4","3.69094488188976E-4","0.0","false","IFI44"
"IFT172","IFT172","IFT172","0.01049510585999485","0.0","0.0209902117199897","false","IFT172"
"DYNC2LI1","DYNC2LI1","DYNC2LI1","3.66009100812206E-4","3.69094488188976E-4","3.62923713435436E-4","false","DYNC2LI1"
"SMARCAL1","SMARCAL1","SMARCAL1","6.48364464281734E-4","8.61220472440945E-4","4.35508456122523E-4","false","SMARCAL1"
"IDH1","IDH1","IDH1","0.00588802759690265","0.0","0.0117760551938053","false","IDH1"
"CIR1","CIR1","CIR1","0.0021585383248193396","0.00351864448008072","7.98432169557959E-4","false","CIR1"
"SENP7","SENP7","SENP7","4.613681102362205E-4","9.22736220472441E-4","0.0","false","SENP7"
"HERC6","HERC6","HERC6","2.26374112765827E-4","3.0757874015748E-4","1.45169485374174E-4","false","HERC6"
"HERC5","HERC5","HERC5","3.715435981400015E-4","3.0757874015748E-4","4.35508456122523E-4","false","HERC5"
"ETFBKMT","ETFBKMT","ETFBKMT","3.5185471877984453E-4","1.23031496062992E-4","5.80677941496697E-4","false","ETFBKMT"
"TAPBPL","TAPBPL","TAPBPL","2.57131986781575E-4","3.69094488188976E-4","1.45169485374174E-4","false","TAPBPL"
"LRIG3","LRIG3","LRIG3","7.68310572967956E-4","7.38188976377953E-4","7.98432169557959E-4","false","LRIG3"
"AMDHD1","AMDHD1","AMDHD1","9.0730928358859E-4","0.0","0.00181461856717718","false","AMDHD1"
"SLC46A3","SLC46A3","SLC46A3","2.177542280612615E-4","0.0","4.35508456122523E-4","false","SLC46A3"
"SUOX","SUOX","SUOX","8.353608183272475E-4","7.99704724409449E-4","8.71016912245046E-4","false","SUOX"
"CSAD","CSAD","CSAD","5.80677941496695E-4","0.0","0.00116135588299339","false","CSAD"
"ZNF740","ZNF740","ZNF740","0.01050587084292243","0.00290348699976576","0.0181082546860791","false","ZNF740"
"SETD1B","SETD1B","SETD1B","0.01466376550084647","0.00863669840898034","0.0206908325927126","false","SETD1B"
"VPS37B","VPS37B","VPS37B","0.003752300287379465","0.00364167597614371","0.00386292459861522","false","VPS37B"
"RBM26","RBM26","RBM26",,,"8.71016912245046E-4","false","RBM26"
"CDAN1","CDAN1","CDAN1","0.001613915028820655","0.0","0.00322783005764131","false","CDAN1"
"COMMD4","COMMD4","COMMD4","5.44385570153155E-4","0.0","0.00108877114030631","false","COMMD4"
"NEIL1","NEIL1","NEIL1",,,"1.45169485374174E-4","false","NEIL1"
"USP3","USP3","USP3","8.550496976874045E-4","9.84251968503937E-4","7.25847426870872E-4","false","USP3"
"BBS4","BBS4","BBS4",,,"1.45169485374174E-4","false","BBS4"
"ZNF710","ZNF710","ZNF710","0.016834562121791914","0.00318605610914523","0.0304830681344386","false","ZNF710"
"ARMC5","ARMC5","ARMC5","0.012934208631862551","0.0109414987388337","0.0149269185248914","false","ARMC5"
"NOL3","NOL3","NOL3","0.00294871063228558","0.00232483563670428","0.00357258562786688","false","NOL3"
"C17orf80","C17orf80","C17orf80","0.01945656201576937","0.0358304634592716","0.00308266057226714","false","C17orf80"
"SCRN2","SCRN2","SCRN2","0.0021111113235000502","0.00123031496062992","0.00299190768637018","false","SCRN2"
"TRIM65","TRIM65","TRIM65","0.019014813072501153","0.0035551505973342","0.0344744755476681","false","TRIM65"
"CEP131","CEP131","CEP131","0.00352962502034906","0.00705925004069812","0.0","false","CEP131"
"RETREG3","RETREG3","RETREG3","9.6065234463687E-4","0.0","0.00192130468927374","false","RETREG3"
"ERBB2","ERBB2","ERBB2","4.718008274660665E-4","0.0","9.43601654932133E-4","false","ERBB2"
"SIRT3","SIRT3","SIRT3","5.364019628743325E-4","4.92125984251968E-4","5.80677941496697E-4","false","SIRT3"
"PEX14","PEX14","PEX14","7.2584742687087E-5","0.0","1.45169485374174E-4","false","PEX14"
"TARS2","TARS2","TARS2","0.00745116151881419","0.0113297374097615","0.00357258562786688","false","TARS2"
"MINDY1","MINDY1","MINDY1","3.715435981400015E-4","3.0757874015748E-4","4.35508456122523E-4","false","MINDY1"
"POGZ","POGZ","POGZ","0.005978982788158465","0.00327258148795474","0.00868538408836219","false","POGZ"
"GOLPH3L","GOLPH3L","GOLPH3L","6.1697031284024E-4","0.0","0.00123394062568048","false","GOLPH3L"
"C1orf35","C1orf35","C1orf35","0.007740280128587433","5.53641732283465E-4","0.0149269185248914","false","C1orf35"
"PSEN2","PSEN2","PSEN2","3.62923713435436E-4","0.0","7.25847426870872E-4","false","PSEN2"
"NPHP1","NPHP1","NPHP1","0.007821841375599506","0.00343211910127121","0.0122115636499278","false","NPHP1"
"SPOPL","SPOPL","SPOPL","7.62139798214415E-4","0.0","0.00152427959642883","false","SPOPL"
"CTDSP1","CTDSP1","CTDSP1","0.004877072192860775","0.00618155875785467","0.00357258562786688","false","CTDSP1"
"POMGNT2","POMGNT2","POMGNT2","0.001684050661556716","4.30610236220472E-4","0.00293749108689296","false","POMGNT2"
"SLC25A38","SLC25A38","SLC25A38","3.18647734813071E-4","4.92125984251968E-4","1.45169485374174E-4","false","SLC25A38"
"AMT","AMT","AMT","1.81461856717718E-4","0.0","3.62923713435436E-4","false","AMT"
"METTL14","METTL14","METTL14","0.009317412232361825","0.0154977472929793","0.00313707717174435","false","METTL14"
"YIPF5","YIPF5","YIPF5","0.0013963498804637905","6.15157480314961E-4","0.00217754228061262","false","YIPF5"
"N4BP3","N4BP3","N4BP3","0.0036638139654548946","0.00703728896016144","2.90338970748349E-4","false","N4BP3"
"FAM193B","FAM193B","FAM193B","0.001604097049228202","0.00306302461308223","1.45169485374174E-4","false","FAM193B"
"PRIM2","PRIM2","PRIM2","0.004206975626897699","0.00834136651110831","7.25847426870872E-5","false","PRIM2"
"WASH2P","WASH2P","WASH2P","0.005985457574640018","9.84251968503937E-4","0.0109866631807761","false","WASH2P"
"RBAK","RBAK","RBAK","0.002322694776807769","4.92125984251968E-4","0.00415326356936357","false","RBAK"
"SPIN2A","SPIN2A","SPIN2A","7.596906882633911E-4","4.30610236220472E-4","0.00108877114030631","false","SPIN2A"
"KRBOX4","KRBOX4","KRBOX4","7.320182016244126E-4","7.38188976377953E-4","7.25847426870872E-4","false","KRBOX4"
"HAUS6","HAUS6","HAUS6","0.004177413407622591","1.23031496062992E-4","0.00823179531918219","false","HAUS6"
"GTF3C5","GTF3C5","GTF3C5","0.002001597932043676","4.30610236220472E-4","0.00357258562786688","false","GTF3C5"
"CIZ1","CIZ1","CIZ1","0.008340714563399331","5.53641732283465E-4","0.0161277873945152","false","CIZ1"
"DPH7","DPH7","DPH7","0.0014111405399218901","0.00166092519685039","0.00116135588299339","false","DPH7"
"CAMK2G","CAMK2G","CAMK2G","3.266313420918925E-4","0.0","6.53262684183785E-4","false","CAMK2G"
"LRRC27","LRRC27","LRRC27","3.62923713435436E-5","0.0","7.25847426870872E-5","false","LRRC27"
"PGAP2","PGAP2","PGAP2","5.00109591530789E-4","4.92125984251968E-4","5.0809319880961E-4","false","PGAP2"
"TTC12","TTC12","TTC12","6.0898670556142E-4","4.92125984251968E-4","7.25847426870872E-4","false","TTC12"
"KAT14","KAT14","KAT14","0.002758203232930294","4.92125984251968E-4","0.00502428048160862","false","KAT14"
"TKFC","TKFC","TKFC","0.009298079875039646","0.0101375700463071","0.00845858970377219","false","TKFC"
"TMEM25","TMEM25","TMEM25","0.002122008227630265","0.0","0.00424401645526053","false","TMEM25"
"DSN1","DSN1","DSN1","4.52748225531655E-4","6.15157480314961E-4","2.90338970748349E-4","false","DSN1"
"TMEM218","TMEM218","TMEM218","1.08877114030631E-4","0.0","2.17754228061262E-4","false","TMEM218"
"DIXDC1","DIXDC1","DIXDC1","3.992160847789795E-4","0.0","7.98432169557959E-4","false","DIXDC1"
"PLBD2","PLBD2","PLBD2","0.0017234284202770295","7.99704724409449E-4","0.00264715211614461","false","PLBD2"
"UPF2","UPF2","UPF2","0.002014382128662775","0.00293999311701924","0.00108877114030631","false","UPF2"
"GEMIN6","GEMIN6","GEMIN6",,,"7.25847426870872E-5","false","GEMIN6"
"SLC30A6","SLC30A6","SLC30A6","7.910848397048845E-4","0.00129183070866142","2.90338970748349E-4","false","SLC30A6"
"RAD17","RAD17","RAD17","7.9843216955796E-4","0.0","0.00159686433911592","false","RAD17"
"SREK1IP1","SREK1IP1","SREK1IP1","0.018664888576188577","0.00543787951134255","0.0318918976410346","false","SREK1IP1"
"LGI4","LGI4","LGI4","0.01033527707246238","0.0198721219753668","7.98432169557959E-4","false","LGI4"
"ABCA9","ABCA9","ABCA9","0.0248001765289982","0.0272524639005249","0.0223478891574715","false","ABCA9"
"ABCA10","ABCA10","ABCA10","3.0449335278071E-4","2.46062992125984E-4","3.62923713435436E-4","false","ABCA10"
"BUB3","BUB3","BUB3","0.0022169030501539124","8.61220472440945E-4","0.00357258562786688","false","BUB3"
"TSEN2","TSEN2","TSEN2","5.222475808419715E-4","2.46062992125984E-4","7.98432169557959E-4","false","TSEN2"
"SLFN13","SLFN13","SLFN13","1.81461856717718E-4","0.0","3.62923713435436E-4","false","SLFN13"
"PLCL2","PLCL2","PLCL2","0.007651821269066231","6.15157480314961E-4","0.0146884850578175","false","PLCL2"
"PTPRN2","PTPRN2","PTPRN2","0.001756236852663593","0.00314954999189175","3.62923713435436E-4","false","PTPRN2"
"NUP205","NUP205","NUP205","0.0021726927068517034","0.00376470747220671","5.80677941496697E-4","false","NUP205"
"RNF20","RNF20","RNF20","0.0033642188325762393","0.00593000549559452","7.98432169557959E-4","false","RNF20"
"RASA2","RASA2","RASA2","0.01050587084292243","0.00290348699976576","0.0181082546860791","false","RASA2"
"MIDEAS","MIDEAS","MIDEAS","0.004762137293007572","0.00858067293108301","9.43601654932133E-4","false","MIDEAS"
"CFAP70","CFAP70","CFAP70","0.008358968751871865","0.00110728346456693","0.0156106540391768","false","CFAP70"
"NODAL","NODAL","NODAL","0.01188381084973529","0.0207757140131004","0.00299190768637018","false","NODAL"
"MPV17L","MPV17L","MPV17L","0.00112878517645237","0.00116879921259843","0.00108877114030631","false","MPV17L"
"GATAD1","GATAD1","GATAD1","0.009546253327291518","9.84251968503937E-4","0.0181082546860791","false","GATAD1"
"MX1","MX1","MX1","0.00206690098019784","0.00413380196039568","0.0","false","MX1"
"TMEM268","TMEM268","TMEM268","7.2584742687087E-5","0.0","1.45169485374174E-4","false","TMEM268"
"AP3S2","AP3S2","AP3S2","2.0668523340567051E-4","1.23031496062992E-4","2.90338970748349E-4","false","AP3S2"
"UBXN11","UBXN11","UBXN11","0.0016977408566887086","9.84251968503937E-4","0.00241122974487348","false","UBXN11"
"XKR8","XKR8","XKR8","4.07835969483545E-4","3.0757874015748E-4","5.0809319880961E-4","false","XKR8"
"CUL4B","CUL4B","CUL4B","3.266313420918925E-4","0.0","6.53262684183785E-4","false","CUL4B"
"PFKFB1","PFKFB1","PFKFB1","1.64858364734331E-4","1.84547244094488E-4","1.45169485374174E-4","false","PFKFB1"
"PKD1L1","PKD1L1","PKD1L1","7.2584742687087E-5","0.0","1.45169485374174E-4","false","PKD1L1"
"SLC45A3","SLC45A3","SLC45A3","0.009453979705244274","7.99704724409449E-4","0.0181082546860791","false","SLC45A3"
"USF1","USF1","USF1","0.00663134844554428","0.0109058837456923","0.00235681314539626","false","USF1"
"NIT1","NIT1","NIT1","5.78228831545672E-4","4.30610236220472E-4","7.25847426870872E-4","false","NIT1"
"CCDC17","CCDC17","CCDC17","0.0029982097317640313","0.00556091100740554","4.35508456122523E-4","false","CCDC17"
"ZNF362","ZNF362","ZNF362","0.0035393786439001027","3.69094488188976E-4","0.00670966279961123","false","ZNF362"
"GAB3","GAB3","GAB3","0.00215783641207344","3.0757874015748E-4","0.0040080940839894","false","GAB3"
"RALGDS","RALGDS","RALGDS",,,"0.00357258562786688","false","RALGDS"
"ZBTB7B","ZBTB7B","ZBTB7B","0.007925909405700378","6.76673228346457E-4","0.0151751455830543","false","ZBTB7B"
"VPS11","VPS11","VPS11","1.5378937007874E-4","3.0757874015748E-4","0.0","false","VPS11"
"ZNF577","ZNF577","ZNF577","0.013838082765220066","0.00402175100460103","0.0236544145258391","false","ZNF577"
"CCNF","CCNF","CCNF","3.62923713435436E-4","0.0","7.25847426870872E-4","false","CCNF"
"TAF6L","TAF6L","TAF6L","0.011096535746056273","0.00302651849582875","0.0191665529962838","false","TAF6L"
"CZIB","CZIB","CZIB","0.00863385530196785","0.0","0.0172677106039357","false","CZIB"
"NOL9","NOL9","NOL9","0.01078363199821791","0.00123031496062992","0.0203369490358059","false","NOL9"
"SLC25A34","SLC25A34","SLC25A34","0.003334097235986235","0.00666819447197247","0.0","false","SLC25A34"
"TSSK3","TSSK3","TSSK3",,,"9.43601654932133E-4","false","TSSK3"
"NCSTN","NCSTN","NCSTN","0.002810790846202706","0.00489573426553454","7.25847426870872E-4","false","NCSTN"
"ACP6","ACP6","ACP6","0.0","0.0","0.0","false","ACP6"
"PUS10","PUS10","PUS10","0.00165454380260411","0.00330908760520822","0.0","false","PUS10"
"CCDC138","CCDC138","CCDC138","4.718008274660665E-4","0.0","9.43601654932133E-4","false","CCDC138"
"SMC6","SMC6","SMC6","0.0017783748419747726","0.00290348699976576","6.53262684183785E-4","false","SMC6"
"EN1","EN1","EN1","0.0038563448168282043","0.00691425746409845","7.98432169557959E-4","false","EN1"
"SGPP2","SGPP2","SGPP2","3.9676697482795404E-4","4.30610236220472E-4","3.62923713435436E-4","false","SGPP2"
"RPRD2","RPRD2","RPRD2","0.00635356754648161","0.00402175100460103","0.00868538408836219","false","RPRD2"
"PYGO2","PYGO2","PYGO2","8.347245409015E-4","0.0","0.001669449081803","false","PYGO2"
"STK36","STK36","STK36","5.025587014818145E-4","6.15157480314961E-5","9.43601654932133E-4","false","STK36"
"ANKZF1","ANKZF1","ANKZF1","0.4172748904128495","0.618413323854407","0.216136456971292","false","ANKZF1"
"ZNF148","ZNF148","ZNF148","0.3511243708403635","0.320911482298665","0.381337259382062","false","ZNF148"
"NMNAT3","NMNAT3","NMNAT3","4.724371048918115E-4","7.99704724409449E-4","1.45169485374174E-4","false","NMNAT3"
"UVSSA","UVSSA","UVSSA","0.01576934439935877","0.00703728896016144","0.0245013998385561","false","UVSSA"
"BDH2","BDH2","BDH2","0.001900606794730095","0.00380121358946019","0.0","false","BDH2"
"ATRIP","ATRIP","ATRIP","0.0023461709562905965","0.00425683345645867","4.35508456122523E-4","false","ATRIP"
"INTU","INTU","INTU","0.005558733599499998","0.0105367892575033","5.80677941496697E-4","false","INTU"
"MFSD8","MFSD8","MFSD8","0.003036998566669416","0.00585624290527757","2.17754228061262E-4","false","MFSD8"
"PITX2","PITX2","PITX2","0.005064655670213339","7.99704724409449E-4","0.00932960661601723","false","PITX2"
"IL15","IL15","IL15","0.0159732010353321","0.0","0.0319464020706642","false","IL15"
"ITGA2","ITGA2","ITGA2","4.83506099547403E-4","6.76673228346457E-4","2.90338970748349E-4","false","ITGA2"
"PGGT1B","PGGT1B","PGGT1B","0.014514215425867685","0.0248751672823718","0.00415326356936357","false","PGGT1B"
"ARSK","ARSK","ARSK","0.00592884004651055","0.0","0.0118576800930211","false","ARSK"
"PRIMPOL","PRIMPOL","PRIMPOL","3.266313420918925E-4","0.0","6.53262684183785E-4","false","PRIMPOL"
"TENT2","TENT2","TENT2","0.002076631784681785","0.0","0.00415326356936357","false","TENT2"
"CCDC127","CCDC127","CCDC127","0.00678312958329883","0.0127678269970397","7.98432169557959E-4","false","CCDC127"
"SAP30L","SAP30L","SAP30L","0.00264715211614461","0.0","0.00529430423228922","false","SAP30L"
"ORC5","ORC5","ORC5","0.008017953145929265","0.00605303699165751","0.00998286930020102","false","ORC5"
"GPER1","GPER1","GPER1","6.735878409696865E-4","9.84251968503937E-4","3.62923713435436E-4","false","GPER1"
"SLC4A2","SLC4A2","SLC4A2","0.010091720930463125","7.38188976377953E-4","0.0194452528845483","false","SLC4A2"
"CTHRC1","CTHRC1","CTHRC1","6.255901975448066E-4","3.0757874015748E-4","9.43601654932133E-4","false","CTHRC1"
"TP53INP1","TP53INP1","TP53INP1","0.009819426658540395","0.00253439251157679","0.017104460805504","false","TP53INP1"
"PDP1","PDP1","PDP1","0.002177525291433594","4.92125984251968E-4","0.00386292459861522","false","PDP1"
"HGSNAT","HGSNAT","HGSNAT","7.2584742687087E-5","0.0","1.45169485374174E-4","false","HGSNAT"
"KIF27","KIF27","KIF27","0.0025899512307646774","0.00452663977734557","6.53262684183785E-4","false","KIF27"
"VEGFD","VEGFD","VEGFD","0.009809052097996296","0.0125476647598038","0.00707043943618879","false","VEGFD"
"BRWD3","BRWD3","BRWD3","0.007894017304789796","0.0100379067011001","0.00575012790847949","false","BRWD3"
"INPPL1","INPPL1","INPPL1","0.0021281790023838063","7.38188976377953E-4","0.00351816902838966","false","INPPL1"
"ABRAXAS2","ABRAXAS2","ABRAXAS2","0.004645750706074206","6.15157480314961E-4","0.00867634393183345","false","ABRAXAS2"
"SNAPC4","SNAPC4","SNAPC4","0.005142774910228222","7.38188976377953E-4","0.00954736084407849","false","SNAPC4"
"FRAT1","FRAT1","FRAT1","7.904485622791391E-4","4.92125984251968E-4","0.00108877114030631","false","FRAT1"
"IFI27L1","IFI27L1","IFI27L1","4.023014721557495E-4","3.69094488188976E-4","4.35508456122523E-4","false","IFI27L1"
"PDZRN4","PDZRN4","PDZRN4","2.0668523340567051E-4","1.23031496062992E-4","2.90338970748349E-4","false","PDZRN4"
"PTER","PTER","PTER","0.0013379195198090625","8.61220472440945E-4","0.00181461856717718","false","PTER"
"C1QL3","C1QL3","C1QL3","0.00373743353714794","0.00511805392889962","0.00235681314539626","false","C1QL3"
"BTRC","BTRC","BTRC","3.998523622047245E-4","7.99704724409449E-4","0.0","false","BTRC"
"HPS6","HPS6","HPS6","0.00494213751516941","0.00636610600194916","0.00351816902838966","false","HPS6"
"SENP8","SENP8","SENP8","0.0091144716275686","0.0053641169210256","0.0128648263341116","false","SENP8"
"LEO1","LEO1","LEO1","4.35508456122523E-4","0.0","8.71016912245046E-4","false","LEO1"
"MCM7","MCM7","MCM7","0.017321494595886153","0.0165858865748074","0.0180571026169649","false","MCM7"
"MARF1","MARF1","MARF1","0.004181135072425105","0.00129183070866142","0.00707043943618879","false","MARF1"
"FAM111A","FAM111A","FAM111A","0.0026105846376050955","9.22736220472441E-4","0.00429843305473775","false","FAM111A"
"VPS39","VPS39","VPS39","5.647107269390555E-4","9.84251968503937E-4","1.45169485374174E-4","false","VPS39"
"TSC22D4","TSC22D4","TSC22D4","3.690944881889765E-4","7.38188976377953E-4","0.0","false","TSC22D4"
"MS4A8","MS4A8","MS4A8","2.15305118110236E-4","4.30610236220472E-4","0.0","false","MS4A8"
"MBD6","MBD6","MBD6","0.0172801506596983","0.0205555517758645","0.0140047495435321","false","MBD6"
"TBC1D2B","TBC1D2B","TBC1D2B","3.266313420918925E-4","0.0","6.53262684183785E-4","false","TBC1D2B"
"STIM1","STIM1","STIM1","0.0016754307768521509","1.23031496062992E-4","0.00322783005764131","false","STIM1"
"ZNF226","ZNF226","ZNF226","8.882566816541754E-4","6.15157480314961E-4","0.00116135588299339","false","ZNF226"
"ZNF646","ZNF646","ZNF646","0.00473405579232156","0.00531484801527955","0.00415326356936357","false","ZNF646"
"CA4","CA4","CA4","8.605841950152E-4","9.22736220472441E-4","7.98432169557959E-4","false","CA4"
"SMG8","SMG8","SMG8","0.006565033598924399","0.00839612568698853","0.00473394151086027","false","SMG8"
"KLHL26","KLHL26","KLHL26","0.01379226793125716","0.00351864448008072","0.0240658913824336","false","KLHL26"
"TRAPPC2L","TRAPPC2L","TRAPPC2L","0.001613915028820655","0.0","0.00322783005764131","false","TRAPPC2L"
"ZNF526","ZNF526","ZNF526","0.00207488458747666","0.00364167597614371","5.0809319880961E-4","false","ZNF526"
"ZNF558","ZNF558","ZNF558","0.0074378832278886","0.0","0.0148757664557772","false","ZNF558"
"ZNF232","ZNF232","ZNF232","1.593238674065356E-4","2.46062992125984E-4","7.25847426870872E-5","false","ZNF232"
"BMI1","BMI1","BMI1","0.00403157026347223","0.00376470747220671","0.00429843305473775","false","BMI1"
"CX3CR1","CX3CR1","CX3CR1","0.0023963799838209736","9.84251968503937E-4","0.00380850799913801","false","CX3CR1"
"CCDC110","CCDC110","CCDC110","0.0018509595846618594","0.00290348699976576","7.98432169557959E-4","false","CCDC110"
"TRAPPC11","TRAPPC11","TRAPPC11","4.35508456122523E-4","0.0","8.71016912245046E-4","false","TRAPPC11"
"TCTN2","TCTN2","TCTN2","6.1515748031496E-5","1.23031496062992E-4","0.0","false","TCTN2"
"INPP5D","INPP5D","INPP5D","0.0032330894477731326","8.61220472440945E-4","0.00560495842310532","false","INPP5D"
"EFNA1","EFNA1","EFNA1","0.003651702297766168","3.69094488188976E-4","0.00693431010734336","false","EFNA1"
"SIN3A","SIN3A","SIN3A","0.018079175762522257","0.00752941494441341","0.0286289365806311","false","SIN3A"
"DFFB","DFFB","DFFB","0.0030252490673944544","0.00525206596523095","7.98432169557959E-4","false","DFFB"
"HEXD","HEXD","HEXD","0.01386743782326285","0.0277348756465257","0.0","false","HEXD"
"SPNS1","SPNS1","SPNS1","3.266313420918925E-4","0.0","6.53262684183785E-4","false","SPNS1"
"NRG4","NRG4","NRG4","3.62923713435436E-4","0.0","7.25847426870872E-4","false","NRG4"
"TMEM266","TMEM266","TMEM266","0.005917401404806826","7.38188976377953E-4","0.0110966138332357","false","TMEM266"
"BRD3","BRD3","BRD3","0.003535219718094395","0.0","0.00707043943618879","false","BRD3"
"NIPA1","NIPA1","NIPA1","2.15305118110236E-4","4.30610236220472E-4","0.0","false","NIPA1"
"ZNF212","ZNF212","ZNF212","0.0022536596083978224","5.53641732283465E-4","0.00395367748451218","false","ZNF212"
"FAXDC2","FAXDC2","FAXDC2","0.0164936388315141","0.0207757140131004","0.0122115636499278","false","FAXDC2"
"NFRKB","NFRKB","NFRKB","0.005287993041743535","0.00364167597614371","0.00693431010734336","false","NFRKB"
"PRDM10","PRDM10","PRDM10","0.010661967579087524","7.99704724409449E-4","0.0205242304337656","false","PRDM10"
"SETMAR","SETMAR","SETMAR","3.075787401574805E-5","6.15157480314961E-5","0.0","false","SETMAR"
"GPRC5C","GPRC5C","GPRC5C","0.0033375154079612417","0.00573142916099035","9.43601654932133E-4","false","GPRC5C"
"DNAJC18","DNAJC18","DNAJC18","0.009788897130588791","0.0165858865748074","0.00299190768637018","false","DNAJC18"
"STAT2","STAT2","STAT2","0.00899468765491851","0.00351864448008072","0.0144707308297563","false","STAT2"
"IRF2BP1","IRF2BP1","IRF2BP1","0.01235803937902585","0.0178612464730663","0.0068548322849854","false","IRF2BP1"
"ATF7","ATF7","ATF7","0.01431446829031555","0.0","0.0286289365806311","false","ATF7"
"RASA4B","RASA4B","RASA4B","0.0021152756354145845","0.00343211910127121","7.98432169557959E-4","false","RASA4B"
"MTSS1","MTSS1","MTSS1","0.0194964049536625","0.0","0.038992809907325","false","MTSS1"
"NUDT6","NUDT6","NUDT6","7.2584742687087E-5","0.0","1.45169485374174E-4","false","NUDT6"
"ATP6V0E2","ATP6V0E2","ATP6V0E2","0.0031551852461985047","0.00317329332065266","0.00313707717174435","false","ATP6V0E2"
"GAA","GAA","GAA","0.002587157104263403","6.15157480314961E-5","0.00511279846049531","false","GAA"
"ZNF561","ZNF561","ZNF561","0.01431446829031555","0.0","0.0286289365806311","false","ZNF561"
"CLSTN1","CLSTN1","CLSTN1","0.00724570503438445","0.0","0.0144914100687689","false","CLSTN1"
"CXXC5","CXXC5","CXXC5","0.00343475301689251","0.00364167597614371","0.00322783005764131","false","CXXC5"
"ZIK1","ZIK1","ZIK1","3.24182232140867E-4","4.30610236220472E-4","2.17754228061262E-4","false","ZIK1"
"ATF7IP","ATF7IP","ATF7IP","0.001778773393554984","1.84547244094488E-4","0.00337299954301548","false","ATF7IP"
"HDAC3","HDAC3","HDAC3",,,"1.45169485374174E-4","false","HDAC3"
"CFAP46","CFAP46","CFAP46","0.004522719210011213","3.69094488188976E-4","0.00867634393183345","false","CFAP46"
"EXOSC10","EXOSC10","EXOSC10","0.022874478628765953","0.0276407025714528","0.0181082546860791","false","EXOSC10"
"AQP4","AQP4","AQP4","0.00828362290089378","0.00802703119879955","0.00854021460298801","false","AQP4"
"ZNF554","ZNF554","ZNF554","0.01511977758624965","0.0125668089425427","0.0176727462299566","false","ZNF554"
"MALT1","MALT1","MALT1","0.03757838817020625","0.0460923313036589","0.0290644450367536","false","MALT1"
"RARG","RARG","RARG","0.0038653632531129847","0.00450289644858466","0.00322783005764131","false","RARG"
"ABLIM3","ABLIM3","ABLIM3","0.002016216500976403","3.69094488188976E-4","0.00366333851376383","false","ABLIM3"
"NDNF","NDNF","NDNF","0.011687579741685996","0.0222138036003786","0.00116135588299339","false","NDNF"
"CCDC106","CCDC106","CCDC106","0.0034114489279350583","9.84251968503937E-4","0.00583864588736618","false","CCDC106"
"CNP","CNP","CNP","0.010678286027156782","5.53641732283465E-4","0.0208029303220301","false","CNP"
"ZNF791","ZNF791","ZNF791","6.1515748031496E-5","1.23031496062992E-4","0.0","false","ZNF791"
"PHC3","PHC3","PHC3","0.01560288744486032","0.0281231143174535","0.00308266057226714","false","PHC3"
"CEP19","CEP19","CEP19","8.71653189670791E-4","7.99704724409449E-4","9.43601654932133E-4","false","CEP19"
"RGMB","RGMB","RGMB","3.992160847789795E-4","0.0","7.98432169557959E-4","false","RGMB"
"PIGG","PIGG","PIGG","0.01340292254801917","9.22736220472441E-4","0.0258831088755659","false","PIGG"
"TNK1","TNK1","TNK1","5.222475808419715E-4","2.46062992125984E-4","7.98432169557959E-4","false","TNK1"
"GTF2IRD2B","GTF2IRD2B","GTF2IRD2B","3.992160847789795E-4","0.0","7.98432169557959E-4","false","GTF2IRD2B"
"C12orf76","C12orf76","C12orf76","0.0022193521601049358","4.30610236220472E-4","0.0040080940839894","false","C12orf76"
"BBS1","BBS1","BBS1","7.0679482493646E-4","6.15157480314961E-4","7.98432169557959E-4","false","BBS1"
"ANGEL2","ANGEL2","ANGEL2","0.002653511970602545","0.00135334645669291","0.00395367748451218","false","ANGEL2"
"KY","KY","KY","0.007198343668385296","1.23031496062992E-4","0.0142736558407076","false","KY"
"ZNF266","ZNF266","ZNF266","0.0039824617002679665","0.00752941494441341","4.35508456122523E-4","false","ZNF266"
"LARP7","LARP7","LARP7","0.0026937163789833183","0.00531484801527955","7.25847426870872E-5","false","LARP7"
"FZD4","FZD4","FZD4","9.63926811718035E-4","9.84251968503937E-4","9.43601654932133E-4","false","FZD4"
"PRIMA1","PRIMA1","PRIMA1","0.003873556332267624","6.76673228346457E-4","0.00707043943618879","false","PRIMA1"
"ORAI3","ORAI3","ORAI3","6.120720929381905E-4","8.61220472440945E-4","3.62923713435436E-4","false","ORAI3"
"IP6K1","IP6K1","IP6K1","0.004321568473933339","1.84547244094488E-4","0.00845858970377219","false","IP6K1"
"ZNF404","ZNF404","ZNF404","0.001756635404243806","4.30610236220472E-4","0.00308266057226714","false","ZNF404"
"ANAPC2","ANAPC2","ANAPC2","0.003542598428334376","0.00635934942979788","7.25847426870872E-4","false","ANAPC2"
"DMRTA1","DMRTA1","DMRTA1","3.992160847789795E-4","0.0","7.98432169557959E-4","false","DMRTA1"
"EID2B","EID2B","EID2B","0.0018934227307589421","0.00364167597614371","1.45169485374174E-4","false","EID2B"
"ZNF575","ZNF575","ZNF575","0.0030162466043335864","7.38188976377953E-4","0.00529430423228922","false","ZNF575"
"USF3","USF3","USF3","0.01474997674643805","0.0","0.0294999534928761","false","USF3"
"CCDC121","CCDC121","CCDC121","0.007073152624808074","0.0138559662788678","2.90338970748349E-4","false","CCDC121"
"TCEANC","TCEANC","TCEANC","0.00899850384180213","0.00290348699976576","0.0150935206838385","false","TCEANC"
"TMEM80","TMEM80","TMEM80","8.605841950152E-4","9.22736220472441E-4","7.98432169557959E-4","false","TMEM80"
"WDR73","WDR73","WDR73","0.009661564443460864","0.00659443188165553","0.0127286970052662","false","WDR73"
"MAN1B1","MAN1B1","MAN1B1","0.0261587371348323","0.0280097970596418","0.0243076772100228","false","MAN1B1"
"SAMD9L","SAMD9L","SAMD9L","1.81461856717718E-4","0.0","3.62923713435436E-4","false","SAMD9L"
"ZBTB33","ZBTB33","ZBTB33","5.44385570153155E-4","0.0","0.00108877114030631","false","ZBTB33"
"ZNF491","ZNF491","ZNF491","5.78228831545672E-4","4.30610236220472E-4","7.25847426870872E-4","false","ZNF491"
"ANXA2R","ANXA2R","ANXA2R","0.002488255054288005","0.0038877389682697","0.00108877114030631","false","ANXA2R"
"TMEM94","TMEM94","TMEM94","0.006253022278651436","4.30610236220472E-4","0.0120754343210824","false","TMEM94"
"ZNF619","ZNF619","ZNF619","4.718008274660665E-4","0.0","9.43601654932133E-4","false","ZNF619"
"LRRC75B","LRRC75B","LRRC75B","0.004524694185586157","0.00839612568698853","6.53262684183785E-4","false","LRRC75B"
"ZNF543","ZNF543","ZNF543","6.065375956103951E-4","9.22736220472441E-4","2.90338970748349E-4","false","ZNF543"
"P4HTM","P4HTM","P4HTM","0.009409513763883715","0.0145750110725069","0.00424401645526053","false","P4HTM"
"CTNNBIP1","CTNNBIP1","CTNNBIP1","0.0023041063617737297","7.99704724409449E-4","0.00380850799913801","false","CTNNBIP1"
"ZNF713","ZNF713","ZNF713","3.7707809546779695E-4","2.46062992125984E-4","5.0809319880961E-4","false","ZNF713"
"HYI","HYI","HYI","0.006684244308871204","0.0107213365015978","0.00264715211614461","false","HYI"
"LINC00324","LINC00324","LINC00324","0.014506505024637842","0.0283597473650919","6.53262684183785E-4","false","LINC00324"
"KLHL28","KLHL28","KLHL28","5.585399521855149E-4","2.46062992125984E-4","8.71016912245046E-4","false","KLHL28"
"C14orf28","C14orf28","C14orf28","0.00175908451419483","0.0","0.00351816902838966","false","C14orf28"
"RPRML","RPRML","RPRML","0.00444378245689337","0.00772620903079335","0.00116135588299339","false","RPRML"
"TSHZ1","TSHZ1","TSHZ1","3.992160847789795E-4","0.0","7.98432169557959E-4","false","TSHZ1"
"TDRD6","TDRD6","TDRD6","0.00739832423349107","0.00772620903079335","0.00707043943618879","false","TDRD6"
"EMC3-AS1","EMC3-AS1","EMC3-AS1","2.54046599404805E-4","0.0","5.0809319880961E-4","false","EMC3-AS1"
"MB21D2","MB21D2","MB21D2","0.00163629074397737","0.00327258148795474","0.0","false","MB21D2"
"CUEDC1","CUEDC1","CUEDC1","0.006756615158576885","0.00752941494441341","0.00598381537274036","false","CUEDC1"
"D2HGDH","D2HGDH","D2HGDH","0.0014416877944448965","0.00244786713276727","4.35508456122523E-4","false","D2HGDH"
"CMTR2","CMTR2","CMTR2","6.871059455763025E-4","4.30610236220472E-4","9.43601654932133E-4","false","CMTR2"
"ACBD4","ACBD4","ACBD4","6.76036950920712E-4","5.53641732283465E-4","7.98432169557959E-4","false","ACBD4"
"SETD2","SETD2","SETD2","0.011169369754885623","0.0220484005390229","2.90338970748349E-4","false","SETD2"
"ZNF875","ZNF875","ZNF875","0.003818714255313015","0.00290348699976576","0.00473394151086027","false","ZNF875"
"PLAG1","PLAG1","PLAG1","0.02778907788482635","0.0352412067338468","0.0203369490358059","false","PLAG1"
"P2RY8","P2RY8","P2RY8","0.007442176550751805","0.0059902549416089","0.00889409815989471","false","P2RY8"
"FIGN","FIGN","FIGN","0.0011201652917478026","8.61220472440945E-4","0.00137911011105466","false","FIGN"
"FBXL6","FBXL6","FBXL6","0.0066553237508071746","7.99704724409449E-4","0.0125109427772049","false","FBXL6"
"KBTBD3","KBTBD3","KBTBD3","0.001756635404243806","4.30610236220472E-4","0.00308266057226714","false","KBTBD3"
"PLCXD1","PLCXD1","PLCXD1","0.007461010152494686","4.30610236220472E-4","0.0144914100687689","false","PLCXD1"
"NXPH3","NXPH3","NXPH3","0.00193146229930761","0.0","0.00386292459861522","false","NXPH3"
"IGIP","IGIP","IGIP","0.01431446829031555","0.0","0.0286289365806311","false","IGIP"
"PLGLB1","PLGLB1","PLGLB1","0.0074634592624457","0.0","0.0149269185248914","false","PLGLB1"
"ASB7","ASB7","ASB7","5.44385570153155E-4","0.0","0.00108877114030631","false","ASB7"
"MX2","MX2","MX2","3.383366141732285E-4","6.76673228346457E-4","0.0","false","MX2"
"ZNRF3","ZNRF3","ZNRF3","0.00843290017932012","0.00487199093677364","0.0119938094218666","false","ZNRF3"
"MRPL54","MRPL54","MRPL54","0.014346625650521486","0.00837698150424967","0.0203162697967933","false","MRPL54"
"ZNF530","ZNF530","ZNF530","0.00335718287919487","0.00343211910127121","0.00328224665711853","false","ZNF530"
"NOG","NOG","NOG","3.992160847789795E-4","0.0","7.98432169557959E-4","false","NOG"
"SNRNP35","SNRNP35","SNRNP35","0.001340794287693086","0.0019557411485153","7.25847426870872E-4","false","SNRNP35"
"CCR10","CCR10","CCR10","5.333165754975625E-4","1.23031496062992E-4","9.43601654932133E-4","false","CCR10"
"EIF4ENIF1","EIF4ENIF1","EIF4ENIF1","2.6820098143716647E-4","2.46062992125984E-4","2.90338970748349E-4","false","EIF4ENIF1"
"RBM33","RBM33","RBM33","0.00168649977150774","0.0","0.00337299954301548","false","RBM33"
"RBM43","RBM43","RBM43","4.718008274660665E-4","0.0","9.43601654932133E-4","false","RBM43"
"ZNF445","ZNF445","ZNF445","0.00791830394005924","3.0757874015748E-4","0.015529029139961","false","ZNF445"
"NOTUM","NOTUM","NOTUM","0.0051503642221898405","0.00428057678521958","0.0060201516591601","false","NOTUM"
"KLHL33","KLHL33","KLHL33","0.015024348502628768","9.84251968503937E-4","0.0290644450367536","false","KLHL33"
"CDK10","CDK10","CDK10","3.383366141732285E-4","6.76673228346457E-4","0.0","false","CDK10"
"ROR1","ROR1","ROR1",,,"0.001669449081803","false","ROR1"
"SV2B","SV2B","SV2B","2.73735478764962E-4","1.84547244094488E-4","3.62923713435436E-4","false","SV2B"
"NR2F2","NR2F2","NR2F2","0.00616125270070987","0.00525206596523095","0.00707043943618879","false","NR2F2"
"INKA1","INKA1","INKA1","2.177542280612615E-4","0.0","4.35508456122523E-4","false","INKA1"
"CCDC190","CCDC190","CCDC190","0.01293198482442645","0.0132858537361818","0.0125781159126711","false","CCDC190"
"POMK","POMK","POMK","0.00264715211614461","0.0","0.00529430423228922","false","POMK"
"ZNF566","ZNF566","ZNF566","7.123293222642555E-4","5.53641732283465E-4","8.71016912245046E-4","false","ZNF566"
"ANKRD46","ANKRD46","ANKRD46","0.004695561182024363","6.15157480314961E-5","0.00932960661601723","false","ANKRD46"
"MRTFB","MRTFB","MRTFB","0.0028812347289932866","7.38188976377953E-4","0.00502428048160862","false","MRTFB"
"ZNF555","ZNF555","ZNF555","5.44385570153155E-4","0.0","0.00108877114030631","false","ZNF555"
"NUDT17","NUDT17","NUDT17","1.08877114030631E-4","0.0","2.17754228061262E-4","false","NUDT17"
"CYP4X1","CYP4X1","CYP4X1","0.002177525291433594","4.92125984251968E-4","0.00386292459861522","false","CYP4X1"
"NAP1L2","NAP1L2","NAP1L2","5.813142189224426E-4","7.99704724409449E-4","3.62923713435436E-4","false","NAP1L2"
"GPATCH8","GPATCH8","GPATCH8","0.02850105896816895","0.0388938632502588","0.0181082546860791","false","GPATCH8"
"ARAP1","ARAP1","ARAP1","0.0068064832941582","0.00450111420036043","0.00911185238795597","false","ARAP1"
"SIRT7","SIRT7","SIRT7","0.00893336524518303","0.0170682983208081","7.98432169557959E-4","false","SIRT7"
"TLR5","TLR5","TLR5","0.004261196155913945","0.00378845080096762","0.00473394151086027","false","TLR5"
"ZKSCAN4","ZKSCAN4","ZKSCAN4","0.008130282234697929","0.0154621322998379","7.98432169557959E-4","false","ZKSCAN4"
"NHEJ1","NHEJ1","NHEJ1","0.011128787991578029","0.0214591438135981","7.98432169557959E-4","false","NHEJ1"
"CLCN1","CLCN1","CLCN1","0.0074634592624457","0.0","0.0149269185248914","false","CLCN1"
"PRSS45P","PRSS45P","PRSS45P","0.01045163667553315","0.0049932401846124","0.0159100331664539","false","PRSS45P"
"COL4A5","COL4A5","COL4A5","0.0212906773525081","0.0181920525957775","0.0243893021092387","false","COL4A5"
"PP7080","PP7080","PP7080","0.00277523238284668","0.00183270965245231","0.00371775511324105","false","PP7080"
"HYKK","HYKK","HYKK","0.0020890389695090244","0.0038877389682697","2.90338970748349E-4","false","HYKK"
"TMEM120B","TMEM120B","TMEM120B","0.01064265541700748","6.15157480314961E-4","0.0206701533537","false","TMEM120B"
"SHISA6","SHISA6","SHISA6","4.804207121706325E-4","3.0757874015748E-4","6.53262684183785E-4","false","SHISA6"
"NHLRC3","NHLRC3","NHLRC3","0.003631830890198475","0.00610230589740356","0.00116135588299339","false","NHLRC3"
"TRMT2B","TRMT2B","TRMT2B","6.81571448248507E-4","4.92125984251968E-4","8.71016912245046E-4","false","TRMT2B"
"LRRC66","LRRC66","LRRC66","0.0039043142062833718","7.38188976377953E-4","0.00707043943618879","false","LRRC66"
"ZNF292","ZNF292","ZNF292","0.00168649977150774","0.0","0.00337299954301548","false","ZNF292"
"UBE2Q2P1","UBE2Q2P1","UBE2Q2P1","0.0022383071314775746","0.00367818209339719","7.98432169557959E-4","false","UBE2Q2P1"
"ZNF33A","ZNF33A","ZNF33A","0.005360529138289487","7.38188976377953E-4","0.00998286930020102","false","ZNF33A"
"SLC35E2B","SLC35E2B","SLC35E2B","0.00469037934256572","0.0","0.00938075868513144","false","SLC35E2B"
"KIAA0408","KIAA0408","KIAA0408","0.002098035866005455","0.00281696162095625","0.00137911011105466","false","KIAA0408"
"MPHOSPH8","MPHOSPH8","MPHOSPH8","0.0022089850781952473","0.00376470747220671","6.53262684183785E-4","false","MPHOSPH8"
"ZNF471","ZNF471","ZNF471",,,"0.0116729976210166","false","ZNF471"
"ZNF569","ZNF569","ZNF569","0.008852887470989406","0.00343211910127121","0.0142736558407076","false","ZNF569"
"ZNF605","ZNF605","ZNF605","0.008391093702820217","9.84251968503937E-4","0.0157979354371365","false","ZNF605"
"SULT1A1","SULT1A1","SULT1A1","0.0031605047050860427","8.61220472440945E-4","0.00545978893773114","false","SULT1A1"
"MAN2A2","MAN2A2","MAN2A2","0.00750045552517003","6.15157480314961E-4","0.0143857535700251","false","MAN2A2"
"ERI2","ERI2","ERI2","0.001613915028820655","0.0","0.00322783005764131","false","ERI2"
"PDXDC2P-NPIPB14P","PDXDC2P-NPIPB14P","PDXDC2P-NPIPB14P","0.01212191164270895","0.0242438232854179","0.0","false","PDXDC2P-NPIPB14P"
"ZNF512B","ZNF512B","ZNF512B","0.010912928791115536","4.30610236220472E-4","0.0213952473460106","false","ZNF512B"
"ZNF418","ZNF418","ZNF418","0.002745979091301698","0.00512903446916796","3.62923713435436E-4","false","ZNF418"
"ANKRD36B","ANKRD36B","ANKRD36B","3.992160847789795E-4","0.0","7.98432169557959E-4","false","ANKRD36B"
"PDLIM7","PDLIM7","PDLIM7","0.012489031155322981","0.0169549810629963","0.00802308124764966","false","PDLIM7"
"ZNF420","ZNF420","ZNF420","0.005758002952788417","0.0105724042506447","9.43601654932133E-4","false","ZNF420"
"ZNF763","ZNF763","ZNF763","2.903389707483485E-4","0.0","5.80677941496697E-4","false","ZNF763"
"ZMYM1","ZMYM1","ZMYM1","3.604746034844105E-4","4.30610236220472E-4","2.90338970748349E-4","false","ZMYM1"
"ZSCAN26","ZSCAN26","ZSCAN26","6.255901975448066E-4","3.0757874015748E-4","9.43601654932133E-4","false","ZSCAN26"
"TRIM33","TRIM33","TRIM33","0.004664803308008615","0.0","0.00932960661601723","false","TRIM33"
"ZNF517","ZNF517","ZNF517","0.001992978047339106","1.23031496062992E-4","0.00386292459861522","false","ZNF517"
"ZNF675","ZNF675","ZNF675","7.233983169198459E-4","4.30610236220472E-4","0.00101618639761922","false","ZNF675"
"TTC30A","TTC30A","TTC30A","6.1697031284024E-4","0.0","0.00123394062568048","false","TTC30A"
"RAB40C","RAB40C","RAB40C","0.002001597932043676","4.30610236220472E-4","0.00357258562786688","false","RAB40C"
"PDCD1LG2","PDCD1LG2","PDCD1LG2","0.010541939275327818","0.0207209548372202","3.62923713435436E-4","false","PDCD1LG2"
"HOXC6","HOXC6","HOXC6","0.0026450855845498874","0.00463690848491599","6.53262684183785E-4","false","HOXC6"
"INKA2","INKA2","INKA2","1.7592735938992256E-4","6.15157480314961E-5","2.90338970748349E-4","false","INKA2"
"SPG7","SPG7","SPG7","0.002520760125508875","3.0757874015748E-4","0.00473394151086027","false","SPG7"
"MRPL42","MRPL42","MRPL42","0.001858877556620525","0.0","0.00371775511324105","false","MRPL42"
"MAN1A2","MAN1A2","MAN1A2","2.903389707483485E-4","0.0","5.80677941496697E-4","false","MAN1A2"
"DDRGK1","DDRGK1","DDRGK1","7.68310572967956E-4","7.38188976377953E-4","7.98432169557959E-4","false","DDRGK1"
"HSD17B11","HSD17B11","HSD17B11","0.0","0.0","0.0","false","HSD17B11"
"ZXDA","ZXDA","ZXDA","1.451694853741745E-4","0.0","2.90338970748349E-4","false","ZXDA"
"QRICH1","QRICH1","QRICH1","0.00670259598083406","0.00429333957371215","0.00911185238795597","false","QRICH1"
"STYX","STYX","STYX","6.871059455763025E-4","4.30610236220472E-4","9.43601654932133E-4","false","STYX"
"ZKSCAN8","ZKSCAN8","ZKSCAN8","0.005112472077961007","0.00957168147173823","6.53262684183785E-4","false","ZKSCAN8"
"HOXC4","HOXC4","HOXC4","0.0010309770570773248","0.00104576771653543","0.00101618639761922","false","HOXC4"
"ZNF658B","ZNF658B","ZNF658B","9.7787057425765E-4","0.0019557411485153","0.0","false","ZNF658B"
"ZNF43","ZNF43","ZNF43","0.00333275904581459","0.00265742400763978","0.0040080940839894","false","ZNF43"
"CCDC69","CCDC69","CCDC69","0.006536053645090195","0.0108604636301583","0.00221164366002209","false","CCDC69"
"SLC9A6","SLC9A6","SLC9A6","0.00495063055033925","0.00837698150424967","0.00152427959642883","false","SLC9A6"
"MT-CYB","MT-CYB","MT-CYB","6.6188256888835E-4","3.0757874015748E-4","0.00101618639761922","false","MT-CYB"
"LDB1","LDB1","LDB1","0.015131486914043785","0.00437986495252167","0.0258831088755659","false","LDB1"
"GPATCH3","GPATCH3","GPATCH3","3.992160847789795E-4","0.0","7.98432169557959E-4","false","GPATCH3"
"CD247","CD247","CD247","0.001207540693892995","0.00190698818897638","5.0809319880961E-4","false","CD247"
"MT-ND4","MT-ND4","MT-ND4","0.0020970225767878445","0.00339561298401773","7.98432169557959E-4","false","MT-ND4"
"MT-ATP6","MT-ATP6","MT-ATP6","0.00494249815965052","0.00278045550370277","0.00710454081559827","false","MT-ATP6"
"C1orf174","C1orf174","C1orf174","2.54046599404805E-4","0.0","5.0809319880961E-4","false","C1orf174"
"KIAA0753","KIAA0753","KIAA0753","1.08877114030631E-4","0.0","2.17754228061262E-4","false","KIAA0753"
"MT-CO3","MT-CO3","MT-CO3","2.26374112765827E-4","3.0757874015748E-4","1.45169485374174E-4","false","MT-CO3"
"LCN8","LCN8","LCN8","0.00667987854740045","0.0133597570948009","0.0","false","LCN8"
"MACO1","MACO1","MACO1","0.00953044824877","0.0","0.01906089649754","false","MACO1"
"RXRB","RXRB","RXRB","4.890405968751985E-4","6.15157480314961E-4","3.62923713435436E-4","false","RXRB"
"AGER","AGER","AGER","0.009565217798285819","0.0187675118831362","3.62923713435436E-4","false","AGER"
"PJVK","PJVK","PJVK","3.573892161076405E-4","6.15157480314961E-5","6.53262684183785E-4","false","PJVK"
"FKBPL","FKBPL","FKBPL","0.01308059685579809","0.0249272530859157","0.00123394062568048","false","FKBPL"
"GPANK1","GPANK1","GPANK1","0.009977181016683746","0.010407001189289","0.00954736084407849","false","GPANK1"
"CCHCR1","CCHCR1","CCHCR1","0.004820690572297875","0.00123031496062992","0.00841106618396583","false","CCHCR1"
"PRR3","PRR3","PRR3","0.0024692024523535914","0.00450289644858466","4.35508456122523E-4","false","PRR3"
"TRIM39","TRIM39","TRIM39","0.0040564528798729405","3.0757874015748E-4","0.0078053270195884","false","TRIM39"
"ZNF616","ZNF616","ZNF616","0.00521733462849025","0.0087652201751775","0.001669449081803","false","ZNF616"
"ZNRD1ASP","ZNRD1ASP","ZNRD1ASP","0.0199299409014655","0.0144122813834876","0.0254476004194434","false","ZNRD1ASP"
"ZNF204P","ZNF204P","ZNF204P","0.001630119969223831","0.00253439251157679","7.25847426870872E-4","false","ZNF204P"
"TCTN1","TCTN1","TCTN1","0.010042530092539442","0.0194317975008951","6.53262684183785E-4","false","TCTN1"
"FAM71F2","FAM71F2","FAM71F2","0.0015671899402472655","9.22736220472441E-4","0.00221164366002209","false","FAM71F2"
"TMEM240","TMEM240","TMEM240","4.189049641391365E-4","1.84547244094488E-4","6.53262684183785E-4","false","TMEM240"
"LIN52","LIN52","LIN52","0.001008839067766146","0.00129183070866142","7.25847426870872E-4","false","LIN52"
"CRYZL1","CRYZL1","CRYZL1","0.00292555935375679","0.00314954999189175","0.00270156871562183","false","CRYZL1"
"ENSG00000205959.4","ENSG00000205959.4","ENSG00000205959.4","0.0021474693301637474","0.00364167597614371","6.53262684183785E-4","false","ENSG00000205959.4"
"HERC2P9","HERC2P9","HERC2P9","0.01768023601668878","0.0293766566606372","0.00598381537274036","false","HERC2P9"
"MT-TA","MT-TA","MT-TA","0.01015870356186737","9.84251968503937E-4","0.0193331551552308","false","MT-TA"
"MT-TE","MT-TE","MT-TE","8.827221843263835E-4","6.76673228346457E-4","0.00108877114030631","false","MT-TE"
"LINC01089","LINC01089","LINC01089","0.00690873407278625","0.0","0.0138174681455725","false","LINC01089"
"NUP62","NUP62","NUP62","0.0024826763297665817","0.00402175100460103","9.43601654932133E-4","false","NUP62"
"COG8","COG8","COG8",,,"0.0150390162542088","false","COG8"
"ARHGAP19","ARHGAP19","ARHGAP19","0.0184452256476773","0.0","0.0368904512953546","false","ARHGAP19"
"DNAJC9","DNAJC9","DNAJC9","0.0035984452819805756","9.22736220472441E-4","0.00627415434348871","false","DNAJC9"
"ATF6B","ATF6B","ATF6B","0.00396008598511125","0.00425683345645867","0.00366333851376383","false","ATF6B"
"FBXO16","FBXO16","FBXO16","6.428299669539385E-4","9.22736220472441E-4","3.62923713435436E-4","false","FBXO16"
"TSPAN4","TSPAN4","TSPAN4","0.005524021850448792","2.46062992125984E-4","0.0108019807087716","false","TSPAN4"
"SMCO1","SMCO1","SMCO1","0.003971957649491705","0.00428057678521958","0.00366333851376383","false","SMCO1"
"LINC01347","LINC01347","LINC01347","5.84399606299215E-4","0.00116879921259843","0.0","false","LINC01347"
"NPIPA8","NPIPA8","NPIPA8","0.003791678046099785","0.00401077046433269","0.00357258562786688","false","NPIPA8"
"ARHGEF28","ARHGEF28","ARHGEF28","0.005410339614239644","1.84547244094488E-4","0.0106361319843848","false","ARHGEF28"
"RTL10","RTL10","RTL10","0.001887251956005403","0.00290348699976576","8.71016912245046E-4","false","RTL10"
"SLC35E2A","SLC35E2A","SLC35E2A","0.00577915048287205","0.0","0.0115583009657441","false","SLC35E2A"
"CYB5RL","CYB5RL","CYB5RL","0.01571656770654739","0.00280419883246368","0.0286289365806311","false","CYB5RL"
"MTMR9LP","MTMR9LP","MTMR9LP","0.001909324309996432","2.46062992125984E-4","0.00357258562786688","false","MTMR9LP"
"FANCG","FANCG","FANCG","0.0030264042143674616","7.38188976377953E-4","0.00531461945235697","false","FANCG"
"ARIH2OS","ARIH2OS","ARIH2OS","7.461725836567735E-4","9.84251968503937E-4","5.0809319880961E-4","false","ARIH2OS"
"TTC4P1","TTC4P1","TTC4P1","0.014848219924886693","0.0290431771655896","6.53262684183785E-4","false","TTC4P1"
"NSUN5P1","NSUN5P1","NSUN5P1","0.008750884253949985","0.0127678269970397","0.00473394151086027","false","NSUN5P1"
"CERS1","CERS1","CERS1","0.009085878114101505","0.00343211910127121","0.0147396371269318","false","CERS1"
"ZNF469","ZNF469","ZNF469","0.005370061717917195","0.00519181651921656","0.00554830691661783","false","ZNF469"
"FAM229A","FAM229A","FAM229A","0.009890855238299379","6.15157480314961E-4","0.0191665529962838","false","FAM229A"
"ENSG00000226026.7","ENSG00000226026.7","ENSG00000226026.7","0.01005202780159853","0.0165858865748074","0.00351816902838966","false","ENSG00000226026.7"
"BAIAP2-DT","BAIAP2-DT","BAIAP2-DT","1.34100490718583E-4","1.23031496062992E-4","1.45169485374174E-4","false","BAIAP2-DT"
"SGMS1-AS1","SGMS1-AS1","SGMS1-AS1","6.78486060871736E-4","1.23031496062992E-4","0.00123394062568048","false","SGMS1-AS1"
"WASH8P","WASH8P","WASH8P","0.00522482659722287","0.00278045550370277","0.00766919769074297","false","WASH8P"
"NPIPB14P","NPIPB14P","NPIPB14P","0.0083317944197389","0.0166635888394778","0.0","false","NPIPB14P"
"ENSG00000226849.1","ENSG00000226849.1","ENSG00000226849.1","3.8569798017236347E-4","5.53641732283465E-4","2.17754228061262E-4","false","ENSG00000226849.1"
"LBX1-AS1","LBX1-AS1","LBX1-AS1","0.00477943223527004","0.00531484801527955","0.00424401645526053","false","LBX1-AS1"
"ENSG00000227775.3","ENSG00000227775.3","ENSG00000227775.3","0.01567964896240955","0.0173240755511853","0.0140352223736338","false","ENSG00000227775.3"
"ENSG00000227946.2","ENSG00000227946.2","ENSG00000227946.2","3.9676697482795404E-4","4.30610236220472E-4","3.62923713435436E-4","false","ENSG00000227946.2"
"RASA4CP","RASA4CP","RASA4CP","2.903389707483485E-4","0.0","5.80677941496697E-4","false","RASA4CP"
"KCNQ5-AS1","KCNQ5-AS1","KCNQ5-AS1","5.80677941496695E-4","0.0","0.00116135588299339","false","KCNQ5-AS1"
"MTCO2P12","MTCO2P12","MTCO2P12","0.00562743062822043","0.00802703119879955","0.00322783005764131","false","MTCO2P12"
"PHBP9","PHBP9","PHBP9","0.0026336340115379977","5.53641732283465E-4","0.00471362629079253","false","PHBP9"
"CDC20P1","CDC20P1","CDC20P1","0.007372406001373535","0.0105915484333835","0.00415326356936357","false","CDC20P1"
"ENSG00000231628.1","ENSG00000231628.1","ENSG00000231628.1","0.010512699323157446","0.0125668089425427","0.00845858970377219","false","ENSG00000231628.1"
"LINC01697","LINC01697","LINC01697","8.218427137206294E-4","0.00135334645669291","2.90338970748349E-4","false","LINC01697"
"KANTR","KANTR","KANTR","0.008189942966742324","7.99704724409449E-4","0.0155801812090752","false","KANTR"
"LYRM9","LYRM9","LYRM9","0.0031458756807000465","0.00585624290527757","4.35508456122523E-4","false","LYRM9"
"ENSG00000233251.8","ENSG00000233251.8","ENSG00000233251.8","3.9676697482795404E-4","4.30610236220472E-4","3.62923713435436E-4","false","ENSG00000233251.8"
"NKAPP1","NKAPP1","NKAPP1","3.9676697482795404E-4","4.30610236220472E-4","3.62923713435436E-4","false","NKAPP1"
"ZNF37BP","ZNF37BP","ZNF37BP","0.009263083597065425","0.0142277341393931","0.00429843305473775","false","ZNF37BP"
"KBTBD13","KBTBD13","KBTBD13","0.002588446648293915","0.00116879921259843","0.0040080940839894","false","KBTBD13"
"ZSCAN31","ZSCAN31","ZSCAN31","3.266313420918925E-4","0.0","6.53262684183785E-4","false","ZSCAN31"
"MSC-AS1","MSC-AS1","MSC-AS1","0.0014123657411625695","0.00253439251157679","2.90338970748349E-4","false","MSC-AS1"
"RBMS3-AS3","RBMS3-AS3","RBMS3-AS3","0.003807645260657425","0.00302651849582875","0.0045887720254861","false","RBMS3-AS3"
"ENSG00000237301.1","ENSG00000237301.1","ENSG00000237301.1","5.44385570153155E-4","0.0","0.00108877114030631","false","ENSG00000237301.1"
"LINC01358","LINC01358","LINC01358","2.177542280612615E-4","0.0","4.35508456122523E-4","false","LINC01358"
"C2orf74","C2orf74","C2orf74","0.00868668355133975","0.0","0.0173733671026795","false","C2orf74"
"ENSG00000238260.2","ENSG00000238260.2","ENSG00000238260.2","0.002366970755430135","0.0","0.00473394151086027","false","ENSG00000238260.2"
"WBP1","WBP1","WBP1","0.00275257110504073","0.00441637106977515","0.00108877114030631","false","WBP1"
"AMY2B","AMY2B","AMY2B","0.015588525336021451","0.0101868389520532","0.0209902117199897","false","AMY2B"
"LY6G5B","LY6G5B","LY6G5B","0.0038311214401402526","0.00679122596803546","8.71016912245046E-4","false","LY6G5B"
"GHRLOS","GHRLOS","GHRLOS","0.004208495560724112","0.00747338946651609","9.43601654932133E-4","false","GHRLOS"
"C1QTNF9","C1QTNF9","C1QTNF9","0.0031348066860444547","0.00597927440134056","2.90338970748349E-4","false","C1QTNF9"
"ENSG00000241057.2","ENSG00000241057.2","ENSG00000241057.2","0.0026114960222268146","7.99704724409449E-4","0.00442328732004418","false","ENSG00000241057.2"
"ENSG00000241860.7","ENSG00000241860.7","ENSG00000241860.7","0.02538666679087535","0.0308109473418641","0.0199623862398866","false","ENSG00000241860.7"
"CRYZL2P","CRYZL2P","CRYZL2P","0.012749659863835371","9.22736220472441E-4","0.0245765835071983","false","CRYZL2P"
"STAG3L5P","STAG3L5P","STAG3L5P","0.02381734643632592","0.00932561847961224","0.0383090743930396","false","STAG3L5P"
"AP5Z1","AP5Z1","AP5Z1","1.81461856717718E-4","0.0","3.62923713435436E-4","false","AP5Z1"
"RPL5P30","RPL5P30","RPL5P30","0.003159349558113037","0.00537509746129394","9.43601654932133E-4","false","RPL5P30"
"NAA80","NAA80","NAA80","0.006565499238710994","1.84547244094488E-4","0.0129464512333275","false","NAA80"
"PKD1P1","PKD1P1","PKD1P1","5.056440888585845E-4","4.30610236220472E-4","5.80677941496697E-4","false","PKD1P1"
"LIFR-AS1","LIFR-AS1","LIFR-AS1","0.002898474498402415","0.00135334645669291","0.00444360254011192","false","LIFR-AS1"
"BDNF-AS","BDNF-AS","BDNF-AS","4.6381722018724544E-4","4.92125984251968E-4","4.35508456122523E-4","false","BDNF-AS"
"PICART1","PICART1","PICART1","0.011551638559457865","0.00499502243283663","0.0181082546860791","false","PICART1"
"MIR210HG","MIR210HG","MIR210HG","0.006256636837686392","0.011860010991189","6.53262684183785E-4","false","MIR210HG"
"TMED2-DT","TMED2-DT","TMED2-DT","0.00178629281393344","0.0","0.00357258562786688","false","TMED2-DT"
"MTATP6P1","MTATP6P1","MTATP6P1","0.0109319266474642","0.0218638532949284","0.0","false","MTATP6P1"
"RBM14-RBM4","RBM14-RBM4","RBM14-RBM4","1.64858364734331E-4","1.84547244094488E-4","1.45169485374174E-4","false","RBM14-RBM4"
"ATP5MF-PTCD1","ATP5MF-PTCD1","ATP5MF-PTCD1","0.0028136624876695412","0.00519181651921656","4.35508456122523E-4","false","ATP5MF-PTCD1"
"TICAM2-AS1","TICAM2-AS1","TICAM2-AS1","0.006283780152667184","4.92125984251968E-4","0.0120754343210824","false","TICAM2-AS1"
"PKD1P6","PKD1P6","PKD1P6","0.013068572118563949","0.0084643980071713","0.0176727462299566","false","PKD1P6"
"ENSG00000251143.1","ENSG00000251143.1","ENSG00000251143.1","0.015149829108642774","7.99704724409449E-4","0.0294999534928761","false","ENSG00000251143.1"
"CRYZL2P-SEC16B","CRYZL2P-SEC16B","CRYZL2P-SEC16B","4.607318328104755E-4","1.23031496062992E-4","7.98432169557959E-4","false","CRYZL2P-SEC16B"
"WWP1-AS1","WWP1-AS1","WWP1-AS1","0.001175957462747106","4.30610236220472E-4","0.00192130468927374","false","WWP1-AS1"
"ENSG00000255182.2","ENSG00000255182.2","ENSG00000255182.2","8.771876869985865E-4","7.38188976377953E-4","0.00101618639761922","false","ENSG00000255182.2"
"ENSG00000255330.9","ENSG00000255330.9","ENSG00000255330.9","0.0017814602293515446","0.00327258148795474","2.90338970748349E-4","false","ENSG00000255330.9"
"ENSG00000255468.7","ENSG00000255468.7","ENSG00000255468.7","0.00377657357002272","0.00196850393700787","0.00558464320303757","false","ENSG00000255468.7"
"LINC02421","LINC02421","LINC02421","5.197984708909465E-4","6.76673228346457E-4","3.62923713435436E-4","false","LINC02421"
"DENND11","DENND11","DENND11","0.015311573707216974","0.00802703119879955","0.0225961162156344","false","DENND11"
"ODC1-DT","ODC1-DT","ODC1-DT","0.005260661315391795","0.00752941494441341","0.00299190768637018","false","ODC1-DT"
"ENSG00000259244.1","ENSG00000259244.1","ENSG00000259244.1","0.0016483730278505659","0.00257089862883026","7.25847426870872E-4","false","ENSG00000259244.1"
"ZNF710-AS1","ZNF710-AS1","ZNF710-AS1","1.9561623875007897E-4","2.46062992125984E-4","1.45169485374174E-4","false","ZNF710-AS1"
"ENSG00000259495.3","ENSG00000259495.3","ENSG00000259495.3","0.005412067210839686","0.0106789649363052","1.45169485374174E-4","false","ENSG00000259495.3"
"MIR762HG","MIR762HG","MIR762HG","4.66266330138271E-4","6.15157480314961E-5","8.71016912245046E-4","false","MIR762HG"
"ENSG00000260197.1","ENSG00000260197.1","ENSG00000260197.1","0.010954165474298925","0.00281696162095625","0.0190913693276416","false","ENSG00000260197.1"
"ENSG00000260249.3","ENSG00000260249.3","ENSG00000260249.3","0.007701801874678031","0.00585624290527757","0.00954736084407849","false","ENSG00000260249.3"
"FAM157C","FAM157C","FAM157C","0.008303566985484914","0.0123631175157093","0.00424401645526053","false","FAM157C"
"ENSG00000260597.1","ENSG00000260597.1","ENSG00000260597.1","0.00698022131720854","0.0103878570065502","0.00357258562786688","false","ENSG00000260597.1"
"ZNF865","ZNF865","ZNF865","0.001742016835311074","4.92125984251968E-4","0.00299190768637018","false","ZNF865"
"ENSG00000261253.2","ENSG00000261253.2","ENSG00000261253.2","7.2584742687087E-5","0.0","1.45169485374174E-4","false","ENSG00000261253.2"
"ENSG00000261840.4","ENSG00000261840.4","ENSG00000261840.4","0.00262315821473145","0.00415754528915659","0.00108877114030631","false","ENSG00000261840.4"
"RPH3AL-AS1","RPH3AL-AS1","RPH3AL-AS1","0.00225144822429233","0.00450289644858466","0.0","false","RPH3AL-AS1"
"ENSG00000262766.1","ENSG00000262766.1","ENSG00000262766.1","0.002846738200996005","0.0","0.00569347640199201","false","ENSG00000262766.1"
"ENSG00000262877.5","ENSG00000262877.5","ENSG00000262877.5","0.00282680114033705","0.00123031496062992","0.00442328732004418","false","ENSG00000262877.5"
"ZNF234","ZNF234","ZNF234","0.00751444566070418","0.0084643980071713","0.00656449331423706","false","ZNF234"
"ENSG00000263276.1","ENSG00000263276.1","ENSG00000263276.1","0.007337978656431694","1.84547244094488E-4","0.0144914100687689","false","ENSG00000263276.1"
"LINC01894","LINC01894","LINC01894",,,"0.00371775511324105","false","LINC01894"
"ENSG00000266086.3","ENSG00000266086.3","ENSG00000266086.3","0.0077378310186364185","9.84251968503937E-4","0.0144914100687689","false","ENSG00000266086.3"
"LINC00663","LINC00663","LINC00663","0.004908133570626985","0.0","0.00981626714125397","false","LINC00663"
"ENSG00000266918.1","ENSG00000266918.1","ENSG00000266918.1","8.685678022940209E-4","4.30610236220472E-4","0.00130652536836757","false","ENSG00000266918.1"
"ENSG00000267002.4","ENSG00000267002.4","ENSG00000267002.4","0.00178629281393344","0.0","0.00357258562786688","false","ENSG00000267002.4"
"RNF157-AS1","RNF157-AS1","RNF157-AS1",,,"6.53262684183785E-4","false","RNF157-AS1"
"ENSG00000267287.1","ENSG00000267287.1","ENSG00000267287.1","3.9676697482795404E-4","4.30610236220472E-4","3.62923713435436E-4","false","ENSG00000267287.1"
"MTCO2P2","MTCO2P2","MTCO2P2","0.008006477755666293","1.84547244094488E-4","0.0158284082672381","false","MTCO2P2"
"ZNF224","ZNF224","ZNF224","0.00724570503438445","0.0","0.0144914100687689","false","ZNF224"
"ENSG00000268069.2","ENSG00000268069.2","ENSG00000268069.2","3.62923713435436E-4","0.0","7.25847426870872E-4","false","ENSG00000268069.2"
"ENSG00000268205.1","ENSG00000268205.1","ENSG00000268205.1","7.2584742687087E-5","0.0","1.45169485374174E-4","false","ENSG00000268205.1"
"ENSG00000268575.1","ENSG00000268575.1","ENSG00000268575.1","0.03014362400347839","3.0757874015748E-4","0.0599796692667993","false","ENSG00000268575.1"
"ENSG00000269044.2","ENSG00000269044.2","ENSG00000269044.2",,,"0.00802308124764966","false","ENSG00000269044.2"
"C10orf95-AS1","C10orf95-AS1","C10orf95-AS1","0.0025404490048690337","4.92125984251968E-4","0.0045887720254861","false","C10orf95-AS1"
"ENSG00000269903.1","ENSG00000269903.1","ENSG00000269903.1","5.22883858267715E-4","0.00104576771653543","0.0","false","ENSG00000269903.1"
"PKD1P6-NPIPP1","PKD1P6-NPIPP1","PKD1P6-NPIPP1","3.992160847789795E-4","0.0","7.98432169557959E-4","false","PKD1P6-NPIPP1"
"ENSG00000270605.1","ENSG00000270605.1","ENSG00000270605.1","0.0022587299188252495","7.99704724409449E-4","0.00371775511324105","false","ENSG00000270605.1"
"ENSG00000271420.1","ENSG00000271420.1","ENSG00000271420.1","7.627760756401605E-4","7.99704724409449E-4","7.25847426870872E-4","false","ENSG00000271420.1"
"ENSG00000272335.1","ENSG00000272335.1","ENSG00000272335.1","0.006159988495705025","0.0120296380206617","2.90338970748349E-4","false","ENSG00000272335.1"
"ENSG00000272374.1","ENSG00000272374.1","ENSG00000272374.1","0.004692637937697256","0.00894976741927199","4.35508456122523E-4","false","ENSG00000272374.1"
"ZNF595","ZNF595","ZNF595","0.027213754622357048","0.0145941552552457","0.0398333539894684","false","ZNF595"
"ENSG00000272720.1","ENSG00000272720.1","ENSG00000272720.1","0.008082676446443029","0.00596472936462376","0.0102006235282623","false","ENSG00000272720.1"
"STAG3L5P-PVRIG2P-PILRB","STAG3L5P-PVRIG2P-PILRB","STAG3L5P-PVRIG2P-PILRB","0.007368736530447442","2.46062992125984E-4","0.0144914100687689","false","STAG3L5P-PVRIG2P-PILRB"
"ENSG00000272983.1","ENSG00000272983.1","ENSG00000272983.1","3.62923713435436E-4","0.0","7.25847426870872E-4","false","ENSG00000272983.1"
"LINC02035","LINC02035","LINC02035","0.00905412734303955","0.0","0.0181082546860791","false","LINC02035"
"LINC02604","LINC02604","LINC02604","0.0016619126722455333","6.76673228346457E-4","0.00264715211614461","false","LINC02604"
"LINC00653","LINC00653","LINC00653","0.004447049079947355","0.0","0.00889409815989471","false","LINC00653"
"ENSG00000273381.1","ENSG00000273381.1","ENSG00000273381.1","0.0019940785116652204","6.15157480314961E-4","0.00337299954301548","false","ENSG00000273381.1"
"ENSG00000273729.1","ENSG00000273729.1","ENSG00000273729.1","0.00909446084433839","0.0169549810629963","0.00123394062568048","false","ENSG00000273729.1"
"ENSG00000273906.1","ENSG00000273906.1","ENSG00000273906.1","0.013644355376072255","0.0261999396118382","0.00108877114030631","false","ENSG00000273906.1"
"LINC01138","LINC01138","LINC01138","0.0069279831394339","0.0138559662788678","0.0","false","LINC01138"
"ENSG00000274292.1","ENSG00000274292.1","ENSG00000274292.1","0.003193711689052819","4.92125984251968E-4","0.00589529739385367","false","ENSG00000274292.1"
"TBC1D3L","TBC1D3L","TBC1D3L","0.0019155607200701263","0.00339561298401773","4.35508456122523E-4","false","TBC1D3L"
"PPP4R3B","PPP4R3B","PPP4R3B","4.69351717515041E-4","4.30610236220472E-4","5.0809319880961E-4","false","PPP4R3B"
"SYNRG","SYNRG","SYNRG","0.001105821830011045","0.0","0.00221164366002209","false","SYNRG"
"ZNF2","ZNF2","ZNF2","0.0052848590082256374","3.69094488188976E-4","0.0102006235282623","false","ZNF2"
"ENSG00000275367.1","ENSG00000275367.1","ENSG00000275367.1","2.93424358125119E-4","3.69094488188976E-4","2.17754228061262E-4","false","ENSG00000275367.1"
"TADA2A","TADA2A","TADA2A","0.0121538386050114","0.0","0.0243076772100228","false","TADA2A"
"GTF2IP1","GTF2IP1","GTF2IP1","3.5494010615661495E-4","4.92125984251968E-4","2.17754228061262E-4","false","GTF2IP1"
"ENSG00000277400.1","ENSG00000277400.1","ENSG00000277400.1","0.01144819588729025","0.0101676947693143","0.0127286970052662","false","ENSG00000277400.1"
"MARCKS","MARCKS","MARCKS","0.003433603906425262","2.46062992125984E-4","0.00662114482072454","false","MARCKS"
"SCARNA2","SCARNA2","SCARNA2","0.0","0.0","0.0","false","SCARNA2"
"ENSG00000278867.1","ENSG00000278867.1","ENSG00000278867.1","0.010813372558155374","0.00802703119879955","0.0135997139175112","false","ENSG00000278867.1"
"HEIH","HEIH","HEIH","0.013565026661228635","0.00404727658158617","0.0230827767408711","false","HEIH"
"ENSG00000279059.1","ENSG00000279059.1","ENSG00000279059.1","0.004793824343147935","0.00907955548748626","5.0809319880961E-4","false","ENSG00000279059.1"
"ENSG00000279283.1","ENSG00000279283.1","ENSG00000279283.1","0.01035618127928388","0.00290348699976576","0.017808875558802","false","ENSG00000279283.1"
"ENSG00000279453.1","ENSG00000279453.1","ENSG00000279453.1","0.016282496180508574","0.0322746533902688","2.90338970748349E-4","false","ENSG00000279453.1"
"ENSG00000279633.1","ENSG00000279633.1","ENSG00000279633.1","0.004152637228655989","1.84547244094488E-4","0.00812072721321749","false","ENSG00000279633.1"
"ENSG00000279722.1","ENSG00000279722.1","ENSG00000279722.1","0.01472434444236255","0.0123987325088507","0.0170499563758744","false","ENSG00000279722.1"
"ENSG00000279744.1","ENSG00000279744.1","ENSG00000279744.1","4.718008274660665E-4","0.0","9.43601654932133E-4","false","ENSG00000279744.1"
"ENSG00000279833.1","ENSG00000279833.1","ENSG00000279833.1","8.101374416392951E-4","6.76673228346457E-4","9.43601654932133E-4","false","ENSG00000279833.1"
"ENSG00000280046.1","ENSG00000280046.1","ENSG00000280046.1","0.00229438601274305","0.0","0.0045887720254861","false","ENSG00000280046.1"
"ENSG00000280120.1","ENSG00000280120.1","ENSG00000280120.1","0.0038562563624409524","0.00705925004069812","6.53262684183785E-4","false","ENSG00000280120.1"
"ENSG00000280214.1","ENSG00000280214.1","ENSG00000280214.1","0.00536767695075601","0.00585624290527757","0.00487911099623445","false","ENSG00000280214.1"
"ENSG00000280285.1","ENSG00000280285.1","ENSG00000280285.1","0.0027163763642589576","5.53641732283465E-4","0.00487911099623445","false","ENSG00000280285.1"
"ENSG00000280401.1","ENSG00000280401.1","ENSG00000280401.1","0.004326921735583921","0.00821833501504532","4.35508456122523E-4","false","ENSG00000280401.1"
"ENSG00000280660.1","ENSG00000280660.1","ENSG00000280660.1","0.004342692044181095","0.0","0.00868538408836219","false","ENSG00000280660.1"
"LINC01144","LINC01144","LINC01144","0.00193146229930761","0.0","0.00386292459861522","false","LINC01144"
"GTF2IP12","GTF2IP12","GTF2IP12","0.0238111453638709","0.0178229581075886","0.0297993326201532","false","GTF2IP12"
"ENSG00000284057.1","ENSG00000284057.1","ENSG00000284057.1","3.690944881889765E-4","7.38188976377953E-4","0.0","false","ENSG00000284057.1"
"ENSG00000284691.1","ENSG00000284691.1","ENSG00000284691.1","7.0988021231323E-4","9.84251968503937E-4","4.35508456122523E-4","false","ENSG00000284691.1"
"ENSG00000284946.1","ENSG00000284946.1","ENSG00000284946.1","0.0037368176518936228","3.69094488188976E-4","0.00710454081559827","false","ENSG00000284946.1"
"ENSG00000285103.2","ENSG00000285103.2","ENSG00000285103.2","0.0076763152706049225","8.61220472440945E-4","0.0144914100687689","false","ENSG00000285103.2"
"ENSG00000285108.1","ENSG00000285108.1","ENSG00000285108.1","0.02891444941765525","0.01911478881625","0.0387141100190605","false","ENSG00000285108.1"
"ENSG00000285571.1","ENSG00000285571.1","ENSG00000285571.1","0.017085769798908898","0.0169549810629963","0.0172165585348215","false","ENSG00000285571.1"
"ENSG00000285628.1","ENSG00000285628.1","ENSG00000285628.1","0.0026426807017924897","0.00499502243283663","2.90338970748349E-4","false","ENSG00000285628.1"
"ENSG00000285781.1","ENSG00000285781.1","ENSG00000285781.1","0.006680925269132848","6.15157480314961E-5","0.0133003347902342","false","ENSG00000285781.1"
"ENSG00000286190.2","ENSG00000286190.2","ENSG00000286190.2","0.0016846653991941093","0.00257089862883026","7.98432169557959E-4","false","ENSG00000286190.2"
"ENSG00000286883.1","ENSG00000286883.1","ENSG00000286883.1","7.043457149854329E-4","0.00104576771653543","3.62923713435436E-4","false","ENSG00000286883.1"
"ENSG00000288065.1","ENSG00000288065.1","ENSG00000288065.1","0.0013126961431211114","7.38188976377953E-4","0.00188720330986427","false","ENSG00000288065.1"
"ENSG00000288162.1","ENSG00000288162.1","ENSG00000288162.1","0.0036070821558641564","7.38188976377953E-4","0.00647597533535036","false","ENSG00000288162.1"
"NR3C1","NR3C1","NR3C1","0.332967390388976","0.268033736659344","0.397901044118608","false","NR3C1"
"RXRA","RXRA","RXRA","1.1989312550334543","0.186113168149409","2.2117493419175","false","RXRA"
"CIC","CIC","CIC","1.62053509008407","2.10353283239318","1.13753734777496","false","CIC"
"PDK4","PDK4","PDK4","0.0013662282838737849","0.00135334645669291","0.00137911011105466","false","PDK4"
"SLC25A5","SLC25A5","SLC25A5","6.8955505552733E-4","0.0","0.00137911011105466","false","SLC25A5"
"MEOX1","MEOX1","MEOX1","0.0028009414862233497","3.0757874015748E-4","0.00529430423228922","false","MEOX1"
"ZGPAT","ZGPAT","ZGPAT","0.002576758365391595","0.0","0.00515351673078319","false","ZGPAT"
"MBD1","MBD1","MBD1","0.01116510826771655","0.0223302165354331","0.0","false","MBD1"
"IFRD1","IFRD1","IFRD1","0.013669871651459081","0.0259606331918635","0.00137911011105466","false","IFRD1"
"NADK","NADK","NADK","6.8955505552733E-4","0.0","0.00137911011105466","false","NADK"
"RHOBTB2","RHOBTB2","RHOBTB2","9.134800583421315E-4","7.38188976377953E-4","0.00108877114030631","false","RHOBTB2"
"SEMA3G","SEMA3G","SEMA3G","4.7488621484283655E-4","3.69094488188976E-4","5.80677941496697E-4","false","SEMA3G"
"TMSB10","TMSB10","TMSB10","0.0034761813339836377","0.00629909998378349","6.53262684183785E-4","false","TMSB10"
"EDC4","EDC4","EDC4","4.804207121706325E-4","3.0757874015748E-4","6.53262684183785E-4","false","EDC4"
"MED17","MED17","MED17","0.002387361547536195","0.00339561298401773","0.00137911011105466","false","MED17"
"MCF2L2","MCF2L2","MCF2L2","0.005022647565864791","0.00895652399142327","0.00108877114030631","false","MCF2L2"
"MXD1","MXD1","MXD1","8.18757326343861E-4","9.84251968503937E-4","6.53262684183785E-4","false","MXD1"
"YBX3","YBX3","YBX3","0.23322249227569136","0.0276205708661417","0.438824413685241","false","YBX3"
"SBNO2","SBNO2","SBNO2","0.005688503597478111","0.0109414987388337","4.35508456122523E-4","false","SBNO2"
"ZC3H15","ZC3H15","ZC3H15","0.0011730611550747286","6.76673228346457E-4","0.001669449081803","false","ZC3H15"
"ELAVL1","ELAVL1","ELAVL1","0.0043549927738031095","0.00519181651921656","0.00351816902838966","false","ELAVL1"
"TRMT11","TRMT11","TRMT11","0.00421104719713929","0.0038877389682697","0.00453435542600888","false","TRMT11"
"PFKP","PFKP","PFKP","0.003204780683708408","3.69094488188976E-4","0.00604046687922784","false","PFKP"
"MAST4","MAST4","MAST4","0.00369141511854746","0.00255813584033769","0.00482469439675723","false","MAST4"
"BCL3","BCL3","BCL3","0.0057677288303472915","2.46062992125984E-4","0.0112893946685686","false","BCL3"
"ATP1B3","ATP1B3","ATP1B3","0.005206739768210746","4.30610236220472E-4","0.00998286930020102","false","ATP1B3"
"PTPN3","PTPN3","PTPN3","0.006913576959479086","0.0131013064920873","7.25847426870872E-4","false","PTPN3"
"EXOC5","EXOC5","EXOC5","0.00346787282575078","0.00220180414064129","0.00473394151086027","false","EXOC5"
"ZXDC","ZXDC","ZXDC","0.007099830233271942","2.46062992125984E-4","0.0139535974744179","false","ZXDC"
"TRIB2","TRIB2","TRIB2","9.134800583421315E-4","7.38188976377953E-4","0.00108877114030631","false","TRIB2"
"LNX1","LNX1","LNX1","0.003859192478359445","0.00376470747220671","0.00395367748451218","false","LNX1"
"PVR","PVR","PVR","7.818286775745741E-4","1.84547244094488E-4","0.00137911011105466","false","PVR"
"ZNF532","ZNF532","ZNF532","0.008827910644421642","0.0170025586046595","6.53262684183785E-4","false","ZNF532"
"ADD2","ADD2","ADD2","0.002958831973043716","0.00519181651921656","7.25847426870872E-4","false","ADD2"
"PAG1","PAG1","PAG1","3.62923713435436E-4","0.0","7.25847426870872E-4","false","PAG1"
"DGKD","DGKD","DGKD","0.005646040451381005","0.0102033097624557","0.00108877114030631","false","DGKD"
"IL4R","IL4R","IL4R","2.46062992125984E-4","4.92125984251968E-4","0.0","false","IL4R"
"FGFR1","FGFR1","FGFR1","8.495152003596075E-4","0.00104576771653543","6.53262684183785E-4","false","FGFR1"
"TP53INP2","TP53INP2","TP53INP2","7.596906882633911E-4","4.30610236220472E-4","0.00108877114030631","false","TP53INP2"
"PUM3","PUM3","PUM3","0.008674605229217815","0.00339561298401773","0.0139535974744179","false","PUM3"
"STK17B","STK17B","STK17B","3.266313420918925E-4","0.0","6.53262684183785E-4","false","STK17B"
"ZNF586","ZNF586","ZNF586","0.003253500632050615","3.0757874015748E-4","0.00619942252394375","false","ZNF586"
"SEH1L","SEH1L","SEH1L","0.007882722339285792","0.0151121819943878","6.53262684183785E-4","false","SEH1L"
"DNAJA1","DNAJA1","DNAJA1","0.003423446296391387","2.46062992125984E-4","0.00660082960065679","false","DNAJA1"
"DIMT1","DIMT1","DIMT1","0.008695751669649966","0.0125668089425427","0.00482469439675723","false","DIMT1"
"KLHL42","KLHL42","KLHL42","0.0059969047109333","0.0","0.0119938094218666","false","KLHL42"
"DDX18","DDX18","DDX18","0.0019163633897949896","0.00354238780884163","2.90338970748349E-4","false","DDX18"
"ANKRD10","ANKRD10","ANKRD10","9.2273622047244E-5","1.84547244094488E-4","0.0","false","ANKRD10"
"DYNLL1","DYNLL1","DYNLL1","4.83506099547403E-4","6.76673228346457E-4","2.90338970748349E-4","false","DYNLL1"
"CHGB","CHGB","CHGB","0.005393875234765661","0.0103522420134088","4.35508456122523E-4","false","CHGB"
"DDX24","DDX24","DDX24","0.005848164590777117","0.0107527275266221","9.43601654932133E-4","false","DDX24"
"NECAP1","NECAP1","NECAP1","0.01079616116752965","0.0","0.0215923223350593","false","NECAP1"
"IRAK3","IRAK3","IRAK3","3.604746034844105E-4","4.30610236220472E-4","2.90338970748349E-4","false","IRAK3"
"HNRNPC","HNRNPC","HNRNPC","0.011672180254289887","0.0226185130817089","7.25847426870872E-4","false","HNRNPC"
"ARCN1","ARCN1","ARCN1","0.00721430944782785","0.00913431466336648","0.00529430423228922","false","ARCN1"
"HNRNPH3","HNRNPH3","HNRNPH3","0.001898320950660995","0.00278045550370277","0.00101618639761922","false","HNRNPH3"
"RAB18","RAB18","RAB18","0.00264715211614461","0.0","0.00529430423228922","false","RAB18"
"PALMD","PALMD","PALMD","6.255901975448066E-4","3.0757874015748E-4","9.43601654932133E-4","false","PALMD"
"CBARP","CBARP","CBARP","0.00229438601274305","0.0","0.0045887720254861","false","CBARP"
"MKNK2","MKNK2","MKNK2","6.98174940231895E-4","3.0757874015748E-4","0.00108877114030631","false","MKNK2"
"APOL1","APOL1","APOL1","9.608414243412655E-4","6.15157480314961E-4","0.00130652536836757","false","APOL1"
"ZBED4","ZBED4","ZBED4","0.0","0.0","0.0","false","ZBED4"
"PNN","PNN","PNN","0.0112899032833833","0.0179910345412805","0.0045887720254861","false","PNN"
"SLCO4A1","SLCO4A1","SLCO4A1","0.0016926705462612813","7.38188976377953E-4","0.00264715211614461","false","SLCO4A1"
"GMEB2","GMEB2","GMEB2","0.0058907603264102834","4.92125984251968E-4","0.0112893946685686","false","GMEB2"
"MAPRE1","MAPRE1","MAPRE1","0.002412347198378615","0.0","0.00482469439675723","false","MAPRE1"
"RBBP8","RBBP8","RBBP8","0.0031835540790189436","4.92125984251968E-4","0.00587498217378592","false","RBBP8"
"MAGT1","MAGT1","MAGT1","5.5609084223449E-4","6.76673228346457E-4","4.35508456122523E-4","false","MAGT1"
"MEDAG","MEDAG","MEDAG",,,"9.43601654932133E-4","false","MEDAG"
"AXIN1","AXIN1","AXIN1","3.266313420918925E-4","0.0","6.53262684183785E-4","false","AXIN1"
"ACSBG1","ACSBG1","ACSBG1","7.904485622791391E-4","4.92125984251968E-4","0.00108877114030631","false","ACSBG1"
"NDRG1","NDRG1","NDRG1","0.001613915028820655","0.0","0.00322783005764131","false","NDRG1"
"SQLE","SQLE","SQLE","5.86848716250238E-4","7.38188976377953E-4","4.35508456122523E-4","false","SQLE"
"DOT1L","DOT1L","DOT1L","0.004238675456584641","0.00365265651641205","0.00482469439675723","false","DOT1L"
"IL27RA","IL27RA","IL27RA","0.0014466075541352968","2.46062992125984E-4","0.00264715211614461","false","IL27RA"
"TGFB1","TGFB1","TGFB1","0.002060730205444301","0.00339561298401773","7.25847426870872E-4","false","TGFB1"
"DENND3","DENND3","DENND3","0.0021306281123348297","3.0757874015748E-4","0.00395367748451218","false","DENND3"
"CYTH2","CYTH2","CYTH2","0.0010584389242235626","0.00146361516426334","6.53262684183785E-4","false","CYTH2"
"SERPINE1","SERPINE1","SERPINE1","0.00197683874225609","0.0","0.00395367748451218","false","SERPINE1"
"PRKAG2","PRKAG2","PRKAG2","0.01018786447713219","0.00642213147984648","0.0139535974744179","false","PRKAG2"
"SEC61B","SEC61B","SEC61B","0.005299013390257991","6.15157480314961E-4","0.00998286930020102","false","SEC61B"
"ENG","ENG","ENG","0.0025158833137333553","0.00365265651641205","0.00137911011105466","false","ENG"
"KDM4C","KDM4C","KDM4C","0.002510393043599185","0.00364167597614371","0.00137911011105466","false","KDM4C"
"UNC5B","UNC5B","UNC5B","0.0020137673910253793","7.99704724409449E-4","0.00322783005764131","false","UNC5B"
"ACTA2","ACTA2","ACTA2","0.005154006047933477","0.00987250363974443","4.35508456122523E-4","false","ACTA2"
"TNKS2","TNKS2","TNKS2","2.177542280612615E-4","0.0","4.35508456122523E-4","false","TNKS2"
"MAP3K8","MAP3K8","MAP3K8","0.00499143465010051","0.0","0.00998286930020102","false","MAP3K8"
"TSPAN14","TSPAN14","TSPAN14","0.00447312604996405","0.00629909998378349","0.00264715211614461","false","TSPAN14"
"NUFIP2","NUFIP2","NUFIP2","0.008240605593892579","0.00519181651921656","0.0112893946685686","false","NUFIP2"
"PSMD11","PSMD11","PSMD11","0.00237071382835918","0.00365265651641205","0.00108877114030631","false","PSMD11"
"CCL2","CCL2","CCL2","6.98174940231895E-4","3.0757874015748E-4","0.00108877114030631","false","CCL2"
"TNFAIP1","TNFAIP1","TNFAIP1","2.177542280612615E-4","0.0","4.35508456122523E-4","false","TNFAIP1"
"CDR2L","CDR2L","CDR2L","0.00242673930625651","0.00376470747220671","0.00108877114030631","false","CDR2L"
"AREG","AREG","AREG","0.002566136568457355","3.0757874015748E-4","0.00482469439675723","false","AREG"
"RAPGEF2","RAPGEF2","RAPGEF2","9.134800583421315E-4","7.38188976377953E-4","0.00108877114030631","false","RAPGEF2"
"PPARGC1A","PPARGC1A","PPARGC1A","0.005008255457986895","0.00519181651921656","0.00482469439675723","false","PPARGC1A"
"CHORDC1","CHORDC1","CHORDC1","0.006080870304031165","0.00556091100740554","0.00660082960065679","false","CHORDC1"
"EIF4G2","EIF4G2","EIF4G2","0.002412347198378615","0.0","0.00482469439675723","false","EIF4G2"
"CORO1C","CORO1C","CORO1C","0.0077965246066763055","0.00561017991315159","0.00998286930020102","false","CORO1C"
"RSRC2","RSRC2","RSRC2","0.0027958337944454853","0.00450289644858466","0.00108877114030631","false","RSRC2"
"DUSP16","DUSP16","DUSP16","6.98174940231895E-4","3.0757874015748E-4","0.00108877114030631","false","DUSP16"
"SLC38A1","SLC38A1","SLC38A1","0.004690642552179779","0.00278045550370277","0.00660082960065679","false","SLC38A1"
"NOP2","NOP2","NOP2","0.010479103440739844","0.00966881221291109","0.0112893946685686","false","NOP2"
"RNGTT","RNGTT","RNGTT","7.76294180246777E-4","2.46062992125984E-4","0.00130652536836757","false","RNGTT"
"SRSF3","SRSF3","SRSF3","0.00524714029584114","0.00911517048062762","0.00137911011105466","false","SRSF3"
"PDE10A","PDE10A","PDE10A","0.0032870686545853397","0.00548536616886437","0.00108877114030631","false","PDE10A"
"SENP6","SENP6","SENP6","0.0026417895776803747","0.0049932401846124","2.90338970748349E-4","false","SENP6"
"VEGFA","VEGFA","VEGFA","0.003716073551356085","0.00605303699165751","0.00137911011105466","false","VEGFA"
"GOLPH3","GOLPH3","GOLPH3","5.44385570153155E-4","0.0","0.00108877114030631","false","GOLPH3"
"LNPEP","LNPEP","LNPEP","0.0021696073194749314","0.00339561298401773","9.43601654932133E-4","false","LNPEP"
"GNPDA1","GNPDA1","GNPDA1","0.01054399747484698","0.00979860028112536","0.0112893946685686","false","GNPDA1"
"PPP2CA","PPP2CA","PPP2CA","0.0010586495437163064","7.38188976377953E-4","0.00137911011105466","false","PPP2CA"
"STC2","STC2","STC2","5.44385570153155E-4","0.0","0.00108877114030631","false","STC2"
"CPEB4","CPEB4","CPEB4","0.0053773499461758755","0.00593000549559452","0.00482469439675723","false","CPEB4"
"COQ10B","COQ10B","COQ10B","0.002510393043599185","0.00364167597614371","0.00137911011105466","false","COQ10B"
"IL1R1","IL1R1","IL1R1","0.00514522402017925","3.0757874015748E-4","0.00998286930020102","false","IL1R1"
"AAK1","AAK1","AAK1","0.002627652316488851","4.30610236220472E-4","0.00482469439675723","false","AAK1"
"ERRFI1","ERRFI1","ERRFI1","0.0019528663806312801","0.00281696162095625","0.00108877114030631","false","ERRFI1"
"EDEM3","EDEM3","EDEM3","0.00214438394278698","0.00327258148795474","0.00101618639761922","false","EDEM3"
"PRDM2","PRDM2","PRDM2","6.366591922003991E-4","1.84547244094488E-4","0.00108877114030631","false","PRDM2"
"KCNQ4","KCNQ4","KCNQ4","0.008978794570270534","0.00666819447197247","0.0112893946685686","false","KCNQ4"
"PRRC2C","PRRC2C","PRRC2C","0.001999214457412806","0.00327258148795474","7.25847426870872E-4","false","PRRC2C"
"STX12","STX12","STX12","0.005688503597478111","0.0109414987388337","4.35508456122523E-4","false","STX12"
"ESYT2","ESYT2","ESYT2","0.0010586495437163064","7.38188976377953E-4","0.00137911011105466","false","ESYT2"
"ATF6","ATF6","ATF6","7.904485622791391E-4","4.92125984251968E-4","0.00108877114030631","false","ATF6"
"CCN2","CCN2","CCN2","0.0035464777924543787","4.92125984251968E-4","0.00660082960065679","false","CCN2"
"RAD23B","RAD23B","RAD23B","0.00776955583329111","0.014522925268963","0.00101618639761922","false","RAD23B"
"NR4A3","NR4A3","NR4A3","0.00981603725943563","0.00519181651921656","0.0144402579996547","false","NR4A3"
"GPR75","GPR75","GPR75","0.005114466146163502","2.46062992125984E-4","0.00998286930020102","false","GPR75"
"SMNDC1","SMNDC1","SMNDC1","0.006365276225871505","0.00834136651110831","0.0043891859406347","false","SMNDC1"
"PLEKHG1","PLEKHG1","PLEKHG1","1.451694853741745E-4","0.0","2.90338970748349E-4","false","PLEKHG1"
"NUDCD1","NUDCD1","NUDCD1","0.0017310134759756365","0.00302651849582875","4.35508456122523E-4","false","NUDCD1"
"TNFRSF10B","TNFRSF10B","TNFRSF10B","5.0809319880961E-4","0.0","0.00101618639761922","false","TNFRSF10B"
"ZNF706","ZNF706","ZNF706","0.003204894965169701","0.00568394250346853","7.25847426870872E-4","false","ZNF706"
"SLC25A51","SLC25A51","SLC25A51","0.005348670080018675","0.010407001189289","2.90338970748349E-4","false","SLC25A51"
"PLAU","PLAU","PLAU","0.002719925938536096","6.15157480314961E-4","0.00482469439675723","false","PLAU"
"RASSF8","RASSF8","RASSF8","0.007339026926881405","0.00985335945700558","0.00482469439675723","false","RASSF8"
"TUBA1B","TUBA1B","TUBA1B","1.451694853741745E-4","0.0","2.90338970748349E-4","false","TUBA1B"
"AMD1","AMD1","AMD1","0.00709644083416718","0.00290348699976576","0.0112893946685686","false","AMD1"
"SLC36A1","SLC36A1","SLC36A1","0.010822161458085405","0.0205555517758645","0.00108877114030631","false","SLC36A1"
"CKS2","CKS2","CKS2","0.0022512104984467986","9.84251968503937E-4","0.00351816902838966","false","CKS2"
"MAD2L1BP","MAD2L1BP","MAD2L1BP","0.00408516803954506","0.00679122596803546","0.00137911011105466","false","MAD2L1BP"
"RIOK1","RIOK1","RIOK1","0.0036746452342649545","0.00339561298401773","0.00395367748451218","false","RIOK1"
"PPP1R12C","PPP1R12C","PPP1R12C","7.406380863289765E-4","0.00104576771653543","4.35508456122523E-4","false","PPP1R12C"
"CD93","CD93","CD93","0.00654715704411197","0.00376470747220671","0.00932960661601723","false","CD93"
"TICAM1","TICAM1","TICAM1","3.266313420918925E-4","0.0","6.53262684183785E-4","false","TICAM1"
"KDR","KDR","KDR","0.004344958608153475","0.00339561298401773","0.00529430423228922","false","KDR"
"MYO1B","MYO1B","MYO1B","0.001753151465286821","0.00278045550370277","7.25847426870872E-4","false","MYO1B"
"CHAC1","CHAC1","CHAC1","5.44385570153155E-4","0.0","0.00108877114030631","false","CHAC1"
"ARPP19","ARPP19","ARPP19","9.134800583421315E-4","7.38188976377953E-4","0.00108877114030631","false","ARPP19"
"MYOD1","MYOD1","MYOD1","2.177542280612615E-4","0.0","4.35508456122523E-4","false","MYOD1"
"NGDN","NGDN","NGDN","0.008200985594595554","0.0153132000488848","0.00108877114030631","false","NGDN"
"RPS4Y1","RPS4Y1","RPS4Y1","0.00219459297031735","0.0","0.0043891859406347","false","RPS4Y1"
"KLF16","KLF16","KLF16","0.00175908451419483","0.0","0.00351816902838966","false","KLF16"
"CNN1","CNN1","CNN1","0.0046141753189555","0.00784924052685634","0.00137911011105466","false","CNN1"
"ACTN4","ACTN4","ACTN4","0.00106726942842087","0.00104576771653543","0.00108877114030631","false","ACTN4"
"ARPC1B","ARPC1B","ARPC1B","8.132228290160634E-4","0.00104576771653543","5.80677941496697E-4","false","ARPC1B"
"JUND","JUND","JUND","6.8955505552733E-4","0.0","0.00137911011105466","false","JUND"
"SLC6A8","SLC6A8","SLC6A8","6.8955505552733E-4","0.0","0.00137911011105466","false","SLC6A8"
"CHSY1","CHSY1","CHSY1","7.28932814247643E-4","3.69094488188976E-4","0.00108877114030631","false","CHSY1"
"TIMM10B","TIMM10B","TIMM10B","6.67417066216147E-4","2.46062992125984E-4","0.00108877114030631","false","TIMM10B"
"PER2","PER2","PER2","0.001538881176182541","4.30610236220472E-4","0.00264715211614461","false","PER2"
"NES","NES","NES","3.62923713435436E-4","0.0","7.25847426870872E-4","false","NES"
"ZMYM5","ZMYM5","ZMYM5","0.0016619126722455333","6.76673228346457E-4","0.00264715211614461","false","ZMYM5"
"USPL1","USPL1","USPL1","0.019213396744414413","0.0336020990920716","0.00482469439675723","false","USPL1"
"TMTC1","TMTC1","TMTC1","0.00264715211614461","0.0","0.00529430423228922","false","TMTC1"
"KRAS","KRAS","KRAS","0.006928299068673005","0.0127678269970397","0.00108877114030631","false","KRAS"
"RNF122","RNF122","RNF122","4.6381722018724544E-4","4.92125984251968E-4","4.35508456122523E-4","false","RNF122"
"LOXL2","LOXL2","LOXL2","7.012603276086646E-4","6.76673228346457E-4","7.25847426870872E-4","false","LOXL2"
"TSPAN2","TSPAN2","TSPAN2","1.451694853741745E-4","0.0","2.90338970748349E-4","false","TSPAN2"
"SLC38A2","SLC38A2","SLC38A2","3.383366141732285E-4","6.76673228346457E-4","0.0","false","SLC38A2"
"YWHAQ","YWHAQ","YWHAQ","0.002566136568457355","3.0757874015748E-4","0.00482469439675723","false","YWHAQ"
"EMP1","EMP1","EMP1","2.4851210207700955E-4","6.15157480314961E-5","4.35508456122523E-4","false","EMP1"
"PRPF38A","PRPF38A","PRPF38A","0.002571908791630685","0.00376470747220671","0.00137911011105466","false","PRPF38A"
"COL4A2","COL4A2","COL4A2","0.00574757023555855","0.0114951404711171","0.0","false","COL4A2"
"ETS1","ETS1","ETS1","0.00607305587233368","0.00819243426015518","0.00395367748451218","false","ETS1"
"UBQLN1","UBQLN1","UBQLN1","0.003300414800328395","0.0","0.00660082960065679","false","UBQLN1"
"TBX3","TBX3","TBX3","0.00927954635412567","0.00726969803968274","0.0112893946685686","false","TBX3"
"PNPLA8","PNPLA8","PNPLA8","0.002781441686567592","7.38188976377953E-4","0.00482469439675723","false","PNPLA8"
"SRPK2","SRPK2","SRPK2","0.0036079935404858756","6.15157480314961E-4","0.00660082960065679","false","SRPK2"
"HNRNPA1","HNRNPA1","HNRNPA1","4.718008274660665E-4","0.0","9.43601654932133E-4","false","HNRNPA1"
"CD164","CD164","CD164","0.0043562166825134654","0.0038877389682697","0.00482469439675723","false","CD164"
"URB2","URB2","URB2","0.0028121995605833398","7.99704724409449E-4","0.00482469439675723","false","URB2"
"EGLN1","EGLN1","EGLN1","0.0064378609685585945","0.00834136651110831","0.00453435542600888","false","EGLN1"
"STX6","STX6","STX6","0.0038169670581078953","0.00654516297590948","0.00108877114030631","false","STX6"
"LAMC1","LAMC1","LAMC1","0.002719925938536096","6.15157480314961E-4","0.00482469439675723","false","LAMC1"
"DNAJB5","DNAJB5","DNAJB5","0.0011201652917478026","8.61220472440945E-4","0.00137911011105466","false","DNAJB5"
"PIM1","PIM1","PIM1","0.01648900606082315","0.0190244146472284","0.0139535974744179","false","PIM1"
"RNF144B","RNF144B","RNF144B","0.01473743560099257","0.0234344043227573","0.00604046687922784","false","RNF144B"
"SDCBP","SDCBP","SDCBP","0.006013791822473276","7.38188976377953E-4","0.0112893946685686","false","SDCBP"
"PPP2R1B","PPP2R1B","PPP2R1B","0.00419704208656521","0.00730531303282411","0.00108877114030631","false","PPP2R1B"
"THBS1","THBS1","THBS1","0.00777189015380328","0.00556091100740554","0.00998286930020102","false","THBS1"
"ADCY3","ADCY3","ADCY3","6.34210082249373E-4","6.15157480314961E-4","6.53262684183785E-4","false","ADCY3"
"TRIM54","TRIM54","TRIM54","0.00472531117070244","0.00462592794464765","0.00482469439675723","false","TRIM54"
"LARP1B","LARP1B","LARP1B","0.001508123302166793","3.69094488188976E-4","0.00264715211614461","false","LARP1B"
"ANXA3","ANXA3","ANXA3","0.00442962807486101","0.00748014603866736","0.00137911011105466","false","ANXA3"
"SINHCAF","SINHCAF","SINHCAF","6.17606590265986E-4","7.99704724409449E-4","4.35508456122523E-4","false","SINHCAF"
"SCAF11","SCAF11","SCAF11",,,"0.00932960661601723","false","SCAF11"
"INHBE","INHBE","INHBE","0.002749275098171211","0.00477270276947155","7.25847426870872E-4","false","INHBE"
"PHLDA1","PHLDA1","PHLDA1","6.8955505552733E-4","0.0","0.00137911011105466","false","PHLDA1"
"TDG","TDG","TDG","0.0027593036972564087","9.84251968503937E-4","0.00453435542600888","false","TDG"
"ACVRL1","ACVRL1","ACVRL1","9.141163357678744E-4","0.0015378937007874","2.90338970748349E-4","false","ACVRL1"
"SERF2","SERF2","SERF2","0.005279960788323575","0.00123031496062992","0.00932960661601723","false","SERF2"
"TLNRD1","TLNRD1","TLNRD1","0.007069072359256194","1.84547244094488E-4","0.0139535974744179","false","TLNRD1"
"ARRDC4","ARRDC4","ARRDC4","0.007287821465492555","0.0134868717906788","0.00108877114030631","false","ARRDC4"
"CDR2","CDR2","CDR2","0.002750683812551844","6.76673228346457E-4","0.00482469439675723","false","CDR2"
"ARHGAP17","ARHGAP17","ARHGAP17","6.98174940231895E-4","3.0757874015748E-4","0.00108877114030631","false","ARHGAP17"
"CMTM3","CMTM3","CMTM3","1.84547244094488E-4","3.69094488188976E-4","0.0","false","CMTM3"
"TOB1","TOB1","TOB1","8.242918236716565E-4","9.22736220472441E-4","7.25847426870872E-4","false","TOB1"
"PTRH2","PTRH2","PTRH2","5.44385570153155E-4","0.0","0.00108877114030631","false","PTRH2"
"ESCO1","ESCO1","ESCO1","0.00811790148556146","0.0109414987388337","0.00529430423228922","false","ESCO1"
"FOXK2","FOXK2","FOXK2","0.256413066866619","0.235157966163199","0.277668167570039","false","FOXK2"
"ZNF750","ZNF750","ZNF750","0.010135177943096315","0.0154456614894354","0.00482469439675723","false","ZNF750"
"ZCCHC2","ZCCHC2","ZCCHC2","0.00242673930625651","0.00376470747220671","0.00108877114030631","false","ZCCHC2"
"SH3GL1","SH3GL1","SH3GL1","0.00244817538282179","3.0757874015748E-4","0.0045887720254861","false","SH3GL1"
"CNKSR1","CNKSR1","CNKSR1","0.00293523105664633","0.00104576771653543","0.00482469439675723","false","CNKSR1"
"BCL10","BCL10","BCL10","0.00722012899982735","0.0","0.0144402579996547","false","BCL10"
"CCN1","CCN1","CCN1","0.011134497781702878","6.76673228346457E-4","0.0215923223350593","false","CCN1"
"TINAGL1","TINAGL1","TINAGL1","0.0057984867043630395","3.0757874015748E-4","0.0112893946685686","false","TINAGL1"
"CTTNBP2NL","CTTNBP2NL","CTTNBP2NL","2.177542280612615E-4","0.0","4.35508456122523E-4","false","CTTNBP2NL"
"ADAM15","ADAM15","ADAM15","0.010721197389088409","0.0114595254779758","0.00998286930020102","false","ADAM15"
"RIT1","RIT1","RIT1","0.004664803308008615","0.0","0.00932960661601723","false","RIT1"
"DEGS1","DEGS1","DEGS1","8.4334442560607E-4","3.0757874015748E-4","0.00137911011105466","false","DEGS1"
"GUK1","GUK1","GUK1","0.013455465753476921","8.61220472440945E-4","0.0260497110345129","false","GUK1"
"GPR17","GPR17","GPR17","0.006475299045218885","0.0116440727220702","0.00130652536836757","false","GPR17"
"CNOT9","CNOT9","CNOT9","0.0057677288303472915","2.46062992125984E-4","0.0112893946685686","false","CNOT9"
"RNF145","RNF145","RNF145","0.0021593409945442022","0.00366541930490462","6.53262684183785E-4","false","RNF145"
"UGCG","UGCG","UGCG","3.266313420918925E-4","0.0","6.53262684183785E-4","false","UGCG"
"STOM","STOM","STOM","0.01079616116752965","0.0","0.0215923223350593","false","STOM"
"ITPRIP","ITPRIP","ITPRIP","0.00670606194999576","0.00858742950323429","0.00482469439675723","false","ITPRIP"
"CDC42EP2","CDC42EP2","CDC42EP2","3.715435981400015E-4","3.0757874015748E-4","4.35508456122523E-4","false","CDC42EP2"
"LATS2","LATS2","LATS2","0.010527533095373005","0.0199662950504397","0.00108877114030631","false","LATS2"
"IPMK","IPMK","IPMK","0.005008255457986895","0.00519181651921656","0.00482469439675723","false","IPMK"
"HSPB8","HSPB8","HSPB8","0.002504620820425859","1.84547244094488E-4","0.00482469439675723","false","HSPB8"
"SLC16A12","SLC16A12","SLC16A12","9.971337956848104E-4","6.15157480314961E-4","0.00137911011105466","false","SLC16A12"
"PRDM8","PRDM8","PRDM8","0.0289484210412234","0.0434565840827921","0.0144402579996547","false","PRDM8"
"DAB2","DAB2","DAB2","5.78228831545672E-4","4.30610236220472E-4","7.25847426870872E-4","false","DAB2"
"PITPNC1","PITPNC1","PITPNC1","0.00758734290970879","0.00519181651921656","0.00998286930020102","false","PITPNC1"
"SH3RF1","SH3RF1","SH3RF1","0.0036695092885173715","7.38188976377953E-4","0.00660082960065679","false","SH3RF1"
"RHOC","RHOC","RHOC","5.253329682187419E-4","6.15157480314961E-4","4.35508456122523E-4","false","RHOC"
"RRAGA","RRAGA","RRAGA","7.320182016244126E-4","7.38188976377953E-4","7.25847426870872E-4","false","RRAGA"
"VPS37A","VPS37A","VPS37A","0.0035157199184386308","4.30610236220472E-4","0.00660082960065679","false","VPS37A"
"WHAMM","WHAMM","WHAMM","0.002571908791630685","0.00376470747220671","0.00137911011105466","false","WHAMM"
"ANKRD9","ANKRD9","ANKRD9","0.007525827161677295","0.00506878502315357","0.00998286930020102","false","ANKRD9"
"SMG1","SMG1","SMG1","0.008385532838690056","0.0156822945370738","0.00108877114030631","false","SMG1"
"DYRK1A","DYRK1A","DYRK1A","0.002596894442473103","3.69094488188976E-4","0.00482469439675723","false","DYRK1A"
"PPP1R15B","PPP1R15B","PPP1R15B","7.51070803558826E-4","1.23031496062992E-4","0.00137911011105466","false","PPP1R15B"
"TAGLN2","TAGLN2","TAGLN2","0.0101096994542403","0.0202193989084806","0.0","false","TAGLN2"
"B4GALT3","B4GALT3","B4GALT3","0.003026518495828755","0.00605303699165751","0.0","false","B4GALT3"
"RCAN1","RCAN1","RCAN1","5.44385570153155E-4","0.0","0.00108877114030631","false","RCAN1"
"PTMS","PTMS","PTMS","3.62923713435436E-4","0.0","7.25847426870872E-4","false","PTMS"
"ZYX","ZYX","ZYX","7.904485622791391E-4","4.92125984251968E-4","0.00108877114030631","false","ZYX"
"CCDC28B","CCDC28B","CCDC28B","0.003315016380082111","4.30610236220472E-4","0.00619942252394375","false","CCDC28B"
"RRP1","RRP1","RRP1","3.266313420918925E-4","0.0","6.53262684183785E-4","false","RRP1"
"GPSM1","GPSM1","GPSM1","0.0027617356863665924","0.0048702086885494","6.53262684183785E-4","false","GPSM1"
"MFSD12","MFSD12","MFSD12","0.0013662282838737849","0.00135334645669291","0.00137911011105466","false","MFSD12"
"SRSF2","SRSF2","SRSF2","0.005983033948457528","6.76673228346457E-4","0.0112893946685686","false","SRSF2"
"ITGA5","ITGA5","ITGA5","7.904485622791391E-4","4.92125984251968E-4","0.00108877114030631","false","ITGA5"
"LARP4","LARP4","LARP4","0.0073139303997281704","0.00802703119879955","0.00660082960065679","false","LARP4"
"IP6K3","IP6K3","IP6K3","0.0058069739995315","0.011613947999063","0.0","false","IP6K3"
"SENP3","SENP3","SENP3","5.025587014818145E-4","6.15157480314961E-5","9.43601654932133E-4","false","SENP3"
"EIF4A1","EIF4A1","EIF4A1","0.01133202923685759","0.00871046099929728","0.0139535974744179","false","EIF4A1"
"CAMK2N1","CAMK2N1","CAMK2N1","0.0","0.0","0.0","false","CAMK2N1"
"DNAJB4","DNAJB4","DNAJB4","5.44385570153155E-4","0.0","0.00108877114030631","false","DNAJB4"
"ADGRL4","ADGRL4","ADGRL4","0.002897316225012221","0.00506878502315357","7.25847426870872E-4","false","ADGRL4"
"VCAM1","VCAM1","VCAM1","0.00213679888708837","0.00104576771653543","0.00322783005764131","false","VCAM1"
"ZNF281","ZNF281","ZNF281","0.00185197287387947","0.00232483563670428","0.00137911011105466","false","ZNF281"
"LRRC52","LRRC52","LRRC52","0.008240605593892579","0.00519181651921656","0.0112893946685686","false","LRRC52"
"ATF3","ATF3","ATF3","0.007681497110063571","9.22736220472441E-4","0.0144402579996547","false","ATF3"
"HIPK1","HIPK1","HIPK1","0.0035407824693919044","0.00679122596803546","2.90338970748349E-4","false","HIPK1"
"KBTBD8","KBTBD8","KBTBD8","0.00873273157814455","0.0061760684877205","0.0112893946685686","false","KBTBD8"
"SSR2","SSR2","SSR2","3.604746034844105E-4","4.30610236220472E-4","2.90338970748349E-4","false","SSR2"
"PPP4R2","PPP4R2","PPP4R2","0.003454204170407135","3.0757874015748E-4","0.00660082960065679","false","PPP4R2"
"PRICKLE2","PRICKLE2","PRICKLE2","0.0030693144265240774","0.00548536616886437","6.53262684183785E-4","false","PRICKLE2"
"SNRK","SNRK","SNRK","9.971337956848104E-4","6.15157480314961E-4","0.00137911011105466","false","SNRK"
"LRRC2","LRRC2","LRRC2","0.0031835325392305953","0.00183270965245231","0.00453435542600888","false","LRRC2"
"FBXO40","FBXO40","FBXO40","0.003635648906284015","0.00462414569642342","0.00264715211614461","false","FBXO40"
"ZC3H12A","ZC3H12A","ZC3H12A","0.00722012899982735","0.0","0.0144402579996547","false","ZC3H12A"
"SLC9B2","SLC9B2","SLC9B2","0.003864090698261495","0.00290348699976576","0.00482469439675723","false","SLC9B2"
"NAA15","NAA15","NAA15","0.00697679873720895","0.0","0.0139535974744179","false","NAA15"
"ERAP1","ERAP1","ERAP1","8.347245409015E-4","0.0","0.001669449081803","false","ERAP1"
"RICTOR","RICTOR","RICTOR","0.003454204170407135","3.0757874015748E-4","0.00660082960065679","false","RICTOR"
"HEY1","HEY1","HEY1","7.28932814247643E-4","3.69094488188976E-4","0.00108877114030631","false","HEY1"
"DLC1","DLC1","DLC1",,,"0.00351816902838966","false","DLC1"
"NOS3","NOS3","NOS3","0.006381662401951895","0.00278045550370277","0.00998286930020102","false","NOS3"
"SLC25A32","SLC25A32","SLC25A32","9.663759216690625E-4","5.53641732283465E-4","0.00137911011105466","false","SLC25A32"
"GEM","GEM","GEM",,,"0.00998286930020102","false","GEM"
"AQP3","AQP3","AQP3","0.004791897229161365","0.00499502243283663","0.0045887720254861","false","AQP3"
"OTUD1","OTUD1","OTUD1","0.00737391836990609","3.0757874015748E-4","0.0144402579996547","false","OTUD1"
"HECTD2","HECTD2","HECTD2","7.28932814247643E-4","3.69094488188976E-4","0.00108877114030631","false","HECTD2"
"ZMYND19","ZMYND19","ZMYND19","0.0051315246798954205","0.00895652399142327","0.00130652536836757","false","ZMYND19"
"ZNF202","ZNF202","ZNF202","4.6381722018724544E-4","4.92125984251968E-4","4.35508456122523E-4","false","ZNF202"
"TAF10","TAF10","TAF10","2.46062992125984E-4","4.92125984251968E-4","0.0","false","TAF10"
"DCHS1","DCHS1","DCHS1","3.62923713435436E-4","0.0","7.25847426870872E-4","false","DCHS1"
"NDST2","NDST2","NDST2","0.00783154935009342","0.0102033097624557","0.00545978893773114","false","NDST2"
"TMEM170A","TMEM170A","TMEM170A","4.5519733548268E-4","1.84547244094488E-4","7.25847426870872E-4","false","TMEM170A"
"PATL1","PATL1","PATL1","0.00579792601674671","0.00499502243283663","0.00660082960065679","false","PATL1"
"STX3","STX3","STX3","6.98174940231895E-4","3.0757874015748E-4","0.00108877114030631","false","STX3"
"NKX3-1","NKX3-1","NKX3-1","0.006880366849095106","0.0126719625578839","0.00108877114030631","false","NKX3-1"
"SNRPD1","SNRPD1","SNRPD1","0.002504620820425859","1.84547244094488E-4","0.00482469439675723","false","SNRPD1"
"FAM102A","FAM102A","FAM102A","8.519643103106355E-4","6.15157480314961E-4","0.00108877114030631","false","FAM102A"
"TUBA1A","TUBA1A","TUBA1A","0.002328931186881465","0.00364167597614371","0.00101618639761922","false","TUBA1A"
"TLCD3A","TLCD3A","TLCD3A","0.00296598893066208","0.00110728346456693","0.00482469439675723","false","TLCD3A"
"MGAT2","MGAT2","MGAT2","8.12586551590322E-4","2.46062992125984E-4","0.00137911011105466","false","MGAT2"
"XIRP1","XIRP1","XIRP1","0.00688723090801461","0.00894976741927199","0.00482469439675723","false","XIRP1"
"ARF4","ARF4","ARF4","0.0026782925685166596","0.00426781399672701","0.00108877114030631","false","ARF4"
"CAVIN2","CAVIN2","CAVIN2","0.007506596450482861","0.0145776844448432","4.35508456122523E-4","false","CAVIN2"
"STAT3","STAT3","STAT3","0.1145398528994726","0.15395449711781","0.0751252086811352","false","STAT3"
"ATOH8","ATOH8","ATOH8","8.4334442560607E-4","3.0757874015748E-4","0.00137911011105466","false","ATOH8"
"MAT2A","MAT2A","MAT2A","0.00722012899982735","0.0","0.0144402579996547","false","MAT2A"
"ARL13B","ARL13B","ARL13B","0.0029982097317640313","0.00556091100740554","4.35508456122523E-4","false","ARL13B"
"CLIC4","CLIC4","CLIC4","0.0021001079641646166","0.00376470747220671","4.35508456122523E-4","false","CLIC4"
"AGPAT2","AGPAT2","AGPAT2","0.0026528585723359613","0.0048702086885494","4.35508456122523E-4","false","AGPAT2"
"CNBP","CNBP","CNBP","0.006928299068673005","0.0127678269970397","0.00108877114030631","false","CNBP"
"TM4SF1","TM4SF1","TM4SF1","5.78228831545672E-4","4.30610236220472E-4","7.25847426870872E-4","false","TM4SF1"
"VGLL2","VGLL2","VGLL2","6.8955505552733E-4","0.0","0.00137911011105466","false","VGLL2"
"NANP","NANP","NANP","0.002412347198378615","0.0","0.00482469439675723","false","NANP"
"METTL7B","METTL7B","METTL7B","5.44385570153155E-4","0.0","0.00108877114030631","false","METTL7B"
"TMC7","TMC7","TMC7","0.0016619126722455333","6.76673228346457E-4","0.00264715211614461","false","TMC7"
"COMMD5","COMMD5","COMMD5","0.00981603725943563","0.00519181651921656","0.0144402579996547","false","COMMD5"
"SOCS6","SOCS6","SOCS6","9.749958063736276E-4","8.61220472440945E-4","0.00108877114030631","false","SOCS6"
"PPM1D","PPM1D","PPM1D","6.67417066216147E-4","2.46062992125984E-4","0.00108877114030631","false","PPM1D"
"RNF139","RNF139","RNF139","0.005433967474305315","0.00691425746409845","0.00395367748451218","false","RNF139"
"SCAND1","SCAND1","SCAND1","0.0079168127681801","0.0112448535108741","0.0045887720254861","false","SCAND1"
"POLR1C","POLR1C","POLR1C","0.0024937453244221752","0.00389871950853804","0.00108877114030631","false","POLR1C"
"LRRC8C","LRRC8C","LRRC8C","0.00494801226480689","0.00666819447197247","0.00322783005764131","false","LRRC8C"
"RSL1D1","RSL1D1","RSL1D1","0.0164088129112183","0.0210927226977455","0.0117249031246911","false","RSL1D1"
"BCL2L1","BCL2L1","BCL2L1","0.008610356751678736","0.00278045550370277","0.0144402579996547","false","BCL2L1"
"ZNF274","ZNF274","ZNF274","0.00510630130320747","0.00883349249536028","0.00137911011105466","false","ZNF274"
"KLF11","KLF11","KLF11","8.12586551590322E-4","2.46062992125984E-4","0.00137911011105466","false","KLF11"
"EIF2AK3","EIF2AK3","EIF2AK3","0.007883096567795466","0.0109414987388337","0.00482469439675723","false","EIF2AK3"
"BSG","BSG","BSG","0.0013801720464134014","0.00232483563670428","4.35508456122523E-4","false","BSG"
"SYNPO2","SYNPO2","SYNPO2","0.014021685269462505","0.0269545993986187","0.00108877114030631","false","SYNPO2"
"SLFN11","SLFN11","SLFN11","2.177542280612615E-4","0.0","4.35508456122523E-4","false","SLFN11"
"MMRN2","MMRN2","MMRN2","0.0019155607200701263","0.00339561298401773","4.35508456122523E-4","false","MMRN2"
"NUDT4","NUDT4","NUDT4","0.003300414800328395","0.0","0.00660082960065679","false","NUDT4"
"RCE1","RCE1","RCE1","9.417888224068525E-4","0.00123031496062992","6.53262684183785E-4","false","RCE1"
"KLHL15","KLHL15","KLHL15","3.2971672946866253E-4","3.69094488188976E-4","2.90338970748349E-4","false","KLHL15"
"ABRA","ABRA","ABRA",,,"0.0144402579996547","false","ABRA"
"PDE12","PDE12","PDE12","0.0056446973342843","0.0","0.0112893946685686","false","PDE12"
"FUT1","FUT1","FUT1","0.010700356402512934","4.92125984251968E-4","0.0209085868207739","false","FUT1"
"TRAF6","TRAF6","TRAF6","0.00197683874225609","0.0","0.00395367748451218","false","TRAF6"
"FAM131A","FAM131A","FAM131A","0.0024689647265080583","9.84251968503937E-4","0.00395367748451218","false","FAM131A"
"PHYKPL","PHYKPL","PHYKPL","0.004835196170070741","1.23031496062992E-4","0.00954736084407849","false","PHYKPL"
"FOSL1","FOSL1","FOSL1","0.005237497642226494","4.92125984251968E-4","0.00998286930020102","false","FOSL1"
"TMEM70","TMEM70","TMEM70","7.0988021231323E-4","9.84251968503937E-4","4.35508456122523E-4","false","TMEM70"
"TUBB6","TUBB6","TUBB6","2.4851210207700955E-4","6.15157480314961E-5","4.35508456122523E-4","false","TUBB6"
"SPHK1","SPHK1","SPHK1","0.005452802760336731","9.22736220472441E-4","0.00998286930020102","false","SPHK1"
"B3GNT5","B3GNT5","B3GNT5","0.002566136568457355","3.0757874015748E-4","0.00482469439675723","false","B3GNT5"
"TTTY14","TTTY14","TTTY14","0.015618411880644134","0.0299302983929207","0.00130652536836757","false","TTTY14"
"C8G","C8G","C8G","0.003864090698261495","0.00290348699976576","0.00482469439675723","false","C8G"
"NUDT4B","NUDT4B","NUDT4B","0.00815290722997659","0.012352136975441","0.00395367748451218","false","NUDT4B"
"DLGAP1-AS1","DLGAP1-AS1","DLGAP1-AS1","0.00146874554344648","0.0","0.00293749108689296","false","DLGAP1-AS1"
"NAP1L5","NAP1L5","NAP1L5","0.0196994048161227","0.0178064872971861","0.0215923223350593","false","NAP1L5"
"C2orf69","C2orf69","C2orf69","0.008771164169745245","0.0109414987388337","0.00660082960065679","false","C2orf69"
"PAK2","PAK2","PAK2","0.007868000230091874","0.0154456614894354","2.90338970748349E-4","false","PAK2"
"RELL1","RELL1","RELL1","0.002781441686567592","7.38188976377953E-4","0.00482469439675723","false","RELL1"
"CHST15","CHST15","CHST15","0.0188291182153361","0.0192472502568006","0.0184109861738716","false","CHST15"
"PPP1R27","PPP1R27","PPP1R27","0.0162669105369465","0.0109414987388337","0.0215923223350593","false","PPP1R27"
"SMG1P5","SMG1P5","SMG1P5",,,"0.0","false","SMG1P5"
"RBM12B","RBM12B","RBM12B","0.010980708411624138","3.69094488188976E-4","0.0215923223350593","false","RBM12B"
"DUSP8","DUSP8","DUSP8","0.005613170593306706","0.0101375700463071","0.00108877114030631","false","DUSP8"
"AP3M1","AP3M1","AP3M1","0.005688503597478111","0.0109414987388337","4.35508456122523E-4","false","AP3M1"
"PIP5K1C","PIP5K1C","PIP5K1C","0.0019830095170096313","7.38188976377953E-4","0.00322783005764131","false","PIP5K1C"
"TOR3A","TOR3A","TOR3A","0.008781480288434031","0.0161838504658134","0.00137911011105466","false","TOR3A"
"ANKRD37","ANKRD37","ANKRD37","9.134800583421315E-4","7.38188976377953E-4","0.00108877114030631","false","ANKRD37"
"C11orf96","C11orf96","C11orf96","6.98174940231895E-4","3.0757874015748E-4","0.00108877114030631","false","C11orf96"
"PERM1","PERM1","PERM1","0.001538881176182541","4.30610236220472E-4","0.00264715211614461","false","PERM1"
"SPRY4","SPRY4","SPRY4","0.002596894442473103","3.69094488188976E-4","0.00482469439675723","false","SPRY4"
"DCUN1D3","DCUN1D3","DCUN1D3","0.010622214726594843","0.0205911667690059","6.53262684183785E-4","false","DCUN1D3"
"H2AX","H2AX","H2AX","0.0017004219942590101","0.00231207284821171","0.00108877114030631","false","H2AX"
"SRSF10","SRSF10","SRSF10","0.011408619751952186","0.00837698150424967","0.0144402579996547","false","SRSF10"
"HLA-DRB1","HLA-DRB1","HLA-DRB1","0.001765023129667276","0.00280419883246368","7.25847426870872E-4","false","HLA-DRB1"
"FUT4","FUT4","FUT4","4.4966283815488445E-4","2.46062992125984E-4","6.53262684183785E-4","false","FUT4"
"PTPN1","PTPN1","PTPN1","0.005453257802085261","0.00981774446386421","0.00108877114030631","false","PTPN1"
"TSC22D2","TSC22D2","TSC22D2","0.011315590846971667","0.0178064872971861","0.00482469439675723","false","TSC22D2"
"AFAP1","AFAP1","AFAP1","0.0032870686545853397","0.00548536616886437","0.00108877114030631","false","AFAP1"
"STRN3","STRN3","STRN3","5.419364602021285E-4","4.30610236220472E-4","6.53262684183785E-4","false","STRN3"
"ARID5A","ARID5A","ARID5A","0.002504620820425859","1.84547244094488E-4","0.00482469439675723","false","ARID5A"
"SERTAD1","SERTAD1","SERTAD1",,,"0.00108877114030631","false","SERTAD1"
"GTF2E2","GTF2E2","GTF2E2","4.85955209498428E-4","2.46062992125984E-4","7.25847426870872E-4","false","GTF2E2"
"PDGFA","PDGFA","PDGFA","0.0022089850781952473","0.00376470747220671","6.53262684183785E-4","false","PDGFA"
"FAR1","FAR1","FAR1","0.011443782611852787","0.0221617177968347","7.25847426870872E-4","false","FAR1"
"CDC42SE1","CDC42SE1","CDC42SE1","4.6381722018724544E-4","4.92125984251968E-4","4.35508456122523E-4","false","CDC42SE1"
"SNHG12","SNHG12","SNHG12","6.8955505552733E-4","0.0","0.00137911011105466","false","SNHG12"
"RPL23A","RPL23A","RPL23A","0.0029526643247073676","0.00525206596523095","6.53262684183785E-4","false","RPL23A"
"SPRED2","SPRED2","SPRED2","0.0019629220860692626","0.00327258148795474","6.53262684183785E-4","false","SPRED2"
"BZW1P2","BZW1P2","BZW1P2",,,"0.00108877114030631","false","BZW1P2"
"MAFK","MAFK","MAFK","0.0028121995605833398","7.99704724409449E-4","0.00482469439675723","false","MAFK"
"CDC42BPB","CDC42BPB","CDC42BPB","0.0015472689016060145","0.00280419883246368","2.90338970748349E-4","false","CDC42BPB"
"UBE2J1","UBE2J1","UBE2J1","5.751434441689031E-4","6.15157480314961E-5","0.00108877114030631","false","UBE2J1"
"SELENOT","SELENOT","SELENOT","0.0021896947504153022","8.61220472440945E-4","0.00351816902838966","false","SELENOT"
"TOP1","TOP1","TOP1","0.00429470093448197","0.00376470747220671","0.00482469439675723","false","TOP1"
"COX20","COX20","COX20","5.5609084223449E-4","6.76673228346457E-4","4.35508456122523E-4","false","COX20"
"HSPA1B","HSPA1B","HSPA1B","0.001706803388505295","0.00232483563670428","0.00108877114030631","false","HSPA1B"
"HSPA1A","HSPA1A","HSPA1A","5.44385570153155E-4","0.0","0.00108877114030631","false","HSPA1A"
"TBC1D8","TBC1D8","TBC1D8","0.004284458589486835","0.00748014603866736","0.00108877114030631","false","TBC1D8"
"ZNF783","ZNF783","ZNF783",,,"0.00395367748451218","false","ZNF783"
"C4orf46","C4orf46","C4orf46","0.0020945292396431945","0.00389871950853804","2.90338970748349E-4","false","C4orf46"
"IPO7","IPO7","IPO7","0.00523241818664723","0.00944864997567524","0.00101618639761922","false","IPO7"
"GPX3","GPX3","GPX3","0.011818027117866255","0.0225472830954262","0.00108877114030631","false","GPX3"
"SELENOH","SELENOH","SELENOH","0.001613915028820655","0.0","0.00322783005764131","false","SELENOH"
"LINC02693","LINC02693","LINC02693","6.98174940231895E-4","3.0757874015748E-4","0.00108877114030631","false","LINC02693"
"ENSG00000213062.5","ENSG00000213062.5","ENSG00000213062.5","0.0034478725699189153","0.00580697399953152","0.00108877114030631","false","ENSG00000213062.5"
"ADAT3","ADAT3","ADAT3","3.62923713435436E-4","0.0","7.25847426870872E-4","false","ADAT3"
"ENSG00000214135.9","ENSG00000214135.9","ENSG00000214135.9","5.86848716250238E-4","7.38188976377953E-4","4.35508456122523E-4","false","ENSG00000214135.9"
"TIAF1","TIAF1","TIAF1","7.818286775745741E-4","1.84547244094488E-4","0.00137911011105466","false","TIAF1"
"BTBD19","BTBD19","BTBD19","0.0016089952691302552","0.00220180414064129","0.00101618639761922","false","BTBD19"
"TMEM233","TMEM233","TMEM233","7.51070803558826E-4","1.23031496062992E-4","0.00137911011105466","false","TMEM233"
"NUTM2B-AS1","NUTM2B-AS1","NUTM2B-AS1","0.0017539541350116835","0.00292723032852667","5.80677941496697E-4","false","NUTM2B-AS1"
"ENSG00000226380.9","ENSG00000226380.9","ENSG00000226380.9","0.00267280229838249","0.00425683345645867","0.00108877114030631","false","ENSG00000226380.9"
"SLC16A1-AS1","SLC16A1-AS1","SLC16A1-AS1","0.0028573495424769804","0.00462592794464765","0.00108877114030631","false","SLC16A1-AS1"
"C14orf132","C14orf132","C14orf132","6.988112176576394E-4","0.00110728346456693","2.90338970748349E-4","false","C14orf132"
"ENSG00000227704.2","ENSG00000227704.2","ENSG00000227704.2","0.0017814602293515446","0.00327258148795474","2.90338970748349E-4","false","ENSG00000227704.2"
"HHATL-AS1","HHATL-AS1","HHATL-AS1","4.6381722018724544E-4","4.92125984251968E-4","4.35508456122523E-4","false","HHATL-AS1"
"HCG18","HCG18","HCG18","5.5609084223449E-4","6.76673228346457E-4","4.35508456122523E-4","false","HCG18"
"SNHG15","SNHG15","SNHG15","0.00499143465010051","0.0","0.00998286930020102","false","SNHG15"
"LINC00472","LINC00472","LINC00472","8.12586551590322E-4","2.46062992125984E-4","0.00137911011105466","false","LINC00472"
"PRKG1-AS1","PRKG1-AS1","PRKG1-AS1","8.212064362948875E-4","5.53641732283465E-4","0.00108877114030631","false","PRKG1-AS1"
"SMG1P1","SMG1P1","SMG1P1","6.871059455763025E-4","4.30610236220472E-4","9.43601654932133E-4","false","SMG1P1"
"HOGA1","HOGA1","HOGA1","0.013230034603743064","0.0223271208581903","0.00413294834929583","false","HOGA1"
"SMARCA5-AS1","SMARCA5-AS1","SMARCA5-AS1","0.001050029659011736","4.30610236220472E-4","0.001669449081803","false","SMARCA5-AS1"
"TMEM161B-DT","TMEM161B-DT","TMEM161B-DT","0.001323576058072305","0.0","0.00264715211614461","false","TMEM161B-DT"
"LUCAT1","LUCAT1","LUCAT1","5.419364602021285E-4","4.30610236220472E-4","6.53262684183785E-4","false","LUCAT1"
"GDNF-AS1","GDNF-AS1","GDNF-AS1","0.009073929409353998","0.0175671808772113","5.80677941496697E-4","false","GDNF-AS1"
"LINC02224","LINC02224","LINC02224","9.141163357678744E-4","0.0015378937007874","2.90338970748349E-4","false","LINC02224"
"ITGA2-AS1","ITGA2-AS1","ITGA2-AS1","0.0026019647529005306","6.15157480314961E-4","0.0045887720254861","false","ITGA2-AS1"
"ZNF550","ZNF550","ZNF550","4.52748225531655E-4","6.15157480314961E-4","2.90338970748349E-4","false","ZNF550"
"PINX1","PINX1","PINX1","0.0056446973342843","0.0","0.0112893946685686","false","PINX1"
"ENSG00000255148.2","ENSG00000255148.2","ENSG00000255148.2","0.00928702998002519","0.00413380196039568","0.0144402579996547","false","ENSG00000255148.2"
"MTRNR2L8","MTRNR2L8","MTRNR2L8","0.008234009330904093","0.0158147559776244","6.53262684183785E-4","false","MTRNR2L8"
"RRN3P3","RRN3P3","RRN3P3","0.006508190099946542","0.0123631175157093","6.53262684183785E-4","false","RRN3P3"
"BAZ1A-AS1","BAZ1A-AS1","BAZ1A-AS1","0.001946484986384995","0.00280419883246368","0.00108877114030631","false","BAZ1A-AS1"
"TPM1-AS","TPM1-AS","TPM1-AS","0.00437223254321224","0.00580697399953152","0.00293749108689296","false","TPM1-AS"
"ENSG00000259948.2","ENSG00000259948.2","ENSG00000259948.2","0.00697679873720895","0.0","0.0139535974744179","false","ENSG00000259948.2"
"RBM15B","RBM15B","RBM15B",,,"6.53262684183785E-4","false","RBM15B"
"ENSG00000260051.1","ENSG00000260051.1","ENSG00000260051.1","0.0021616237121961117","0.0038877389682697","4.35508456122523E-4","false","ENSG00000260051.1"
"NOTCH2NLA","NOTCH2NLA","NOTCH2NLA","0.006877284588135542","0.0131013064920873","6.53262684183785E-4","false","NOTCH2NLA"
"RARA-AS1","RARA-AS1","RARA-AS1",,,"0.0139535974744179","false","RARA-AS1"
"ENSG00000266993.3","ENSG00000266993.3","ENSG00000266993.3","0.0024746927224877616","0.004513876988853","4.35508456122523E-4","false","ENSG00000266993.3"
"KCNJ2-AS1","KCNJ2-AS1","KCNJ2-AS1","5.726943342178765E-4","4.92125984251968E-4","6.53262684183785E-4","false","KCNJ2-AS1"
"MIR23AHG","MIR23AHG","MIR23AHG","0.00499143465010051","0.0","0.00998286930020102","false","MIR23AHG"
"ENSG00000267575.8","ENSG00000267575.8","ENSG00000267575.8","3.266313420918925E-4","0.0","6.53262684183785E-4","false","ENSG00000267575.8"
"CARD8-AS1","CARD8-AS1","CARD8-AS1","4.718008274660665E-4","0.0","9.43601654932133E-4","false","CARD8-AS1"
"MIR4453HG","MIR4453HG","MIR4453HG","0.0","0.0","0.0","false","MIR4453HG"
"ENSG00000269825.2","ENSG00000269825.2","ENSG00000269825.2","9.2273622047244E-5","1.84547244094488E-4","0.0","false","ENSG00000269825.2"
"MIRLET7A1HG","MIRLET7A1HG","MIRLET7A1HG","0.0011816810397792985","9.84251968503937E-4","0.00137911011105466","false","MIRLET7A1HG"
"MIR222HG","MIR222HG","MIR222HG","0.002658410190504599","4.92125984251968E-4","0.00482469439675723","false","MIR222HG"
"LIX1L","LIX1L","LIX1L","0.001538881176182541","4.30610236220472E-4","0.00264715211614461","false","LIX1L"
"ENSG00000272114.1","ENSG00000272114.1","ENSG00000272114.1","0.00175908451419483","0.0","0.00351816902838966","false","ENSG00000272114.1"
"ENSG00000272501.1","ENSG00000272501.1","ENSG00000272501.1","0.0035132492686992603","0.00220180414064129","0.00482469439675723","false","ENSG00000272501.1"
"ENSG00000272631.1","ENSG00000272631.1","ENSG00000272631.1","0.007404676243921838","3.69094488188976E-4","0.0144402579996547","false","ENSG00000272631.1"
"LINC02018","LINC02018","LINC02018","0.0027657121978554794","0.00524108542496261","2.90338970748349E-4","false","LINC02018"
"ENSG00000273015.2","ENSG00000273015.2","ENSG00000273015.2","0.0016926705462612813","7.38188976377953E-4","0.00264715211614461","false","ENSG00000273015.2"
"ENSG00000273209.1","ENSG00000273209.1","ENSG00000273209.1","5.86848716250238E-4","7.38188976377953E-4","4.35508456122523E-4","false","ENSG00000273209.1"
"ENSG00000273554.4","ENSG00000273554.4","ENSG00000273554.4","4.2443946146693203E-4","1.23031496062992E-4","7.25847426870872E-4","false","ENSG00000273554.4"
"ENSG00000273599.1","ENSG00000273599.1","ENSG00000273599.1","0.005452802760336731","9.22736220472441E-4","0.00998286930020102","false","ENSG00000273599.1"
"PI4KAP1","PI4KAP1","PI4KAP1","0.016470179378057198","0.0323596808146177","5.80677941496697E-4","false","PI4KAP1"
"ENSG00000275178.1","ENSG00000275178.1","ENSG00000275178.1","0.00320592979417566","0.00376470747220671","0.00264715211614461","false","ENSG00000275178.1"
"SIK1B","SIK1B","SIK1B","7.28932814247643E-4","3.69094488188976E-4","0.00108877114030631","false","SIK1B"
"PIGW","PIGW","PIGW","9.356180476533141E-4","4.92125984251968E-4","0.00137911011105466","false","PIGW"
"ENSG00000278869.1","ENSG00000278869.1","ENSG00000278869.1","0.008692179064832585","0.0132310945603016","0.00415326356936357","false","ENSG00000278869.1"
"ENSG00000279289.1","ENSG00000279289.1","ENSG00000279289.1","0.0025497708023194997","0.00401077046433269","0.00108877114030631","false","ENSG00000279289.1"
"RBM12B-AS1","RBM12B-AS1","RBM12B-AS1","0.007119851378329845","0.00425683345645867","0.00998286930020102","false","RBM12B-AS1"
"ENSG00000279738.1","ENSG00000279738.1","ENSG00000279738.1","5.948323235290585E-4","2.46062992125984E-4","9.43601654932133E-4","false","ENSG00000279738.1"
"ERICD","ERICD","ERICD","0.01326568236558535","0.0152419700626021","0.0112893946685686","false","ERICD"
"ENSG00000280434.1","ENSG00000280434.1","ENSG00000280434.1","0.01251683833552388","0.0236545665599931","0.00137911011105466","false","ENSG00000280434.1"
"CTBP1-AS","CTBP1-AS","CTBP1-AS","0.02231325937485685","0.044045840808217","5.80677941496697E-4","false","CTBP1-AS"
"SNHG4","SNHG4","SNHG4","8.654824149172481E-4","6.15157480314961E-5","0.001669449081803","false","SNHG4"
"ENSG00000284024.4","ENSG00000284024.4","ENSG00000284024.4","0.00499143465010051","0.0","0.00998286930020102","false","ENSG00000284024.4"
"ENSG00000286196.1","ENSG00000286196.1","ENSG00000286196.1","0.001709888775882066","0.00269393012489326","7.25847426870872E-4","false","ENSG00000286196.1"
"ENSG00000286657.1","ENSG00000286657.1","ENSG00000286657.1","0.00175908451419483","0.0","0.00351816902838966","false","ENSG00000286657.1"
"ENSG00000287823.1","ENSG00000287823.1","ENSG00000287823.1","0.005333311693399041","0.00994077595992721","7.25847426870872E-4","false","ENSG00000287823.1"
"ENSG00000287970.1","ENSG00000287970.1","ENSG00000287970.1","0.0021921438603663256","4.30610236220472E-4","0.00395367748451218","false","ENSG00000287970.1"
"ENSG00000288640.1","ENSG00000288640.1","ENSG00000288640.1","0.0019961290700360353","0.00290348699976576","0.00108877114030631","false","ENSG00000288640.1"
"ENSG00000289046.1","ENSG00000289046.1","ENSG00000289046.1","7.406380863289765E-4","0.00104576771653543","4.35508456122523E-4","false","ENSG00000289046.1"
"ENSG00000289138.1","ENSG00000289138.1","ENSG00000289138.1","0.002412347198378615","0.0","0.00482469439675723","false","ENSG00000289138.1"
"ENSG00000289230.1","ENSG00000289230.1","ENSG00000289230.1","0.00898886009853594","0.0140240427125597","0.00395367748451218","false","ENSG00000289230.1"
"ENSG00000289466.1","ENSG00000289466.1","ENSG00000289466.1","2.177542280612615E-4","0.0","4.35508456122523E-4","false","ENSG00000289466.1"
"ELK3","ELK3","ELK3","0.0103433258329099","0.0","0.0206866516658198","false","ELK3"
"CYP51A1","CYP51A1","CYP51A1","0.00704214295286988","0.0132858537361818","7.98432169557959E-4","false","CYP51A1"
"AHCTF1","AHCTF1","AHCTF1","0.036945438989944","0.073890877979888","0.0","false","AHCTF1"
"GTF2I","GTF2I","GTF2I","0.7460804301077877","0.00227608267716535","1.48988477753841","false","GTF2I"
"TFPI","TFPI","TFPI","4.94575094202994E-4","5.53641732283465E-4","4.35508456122523E-4","false","TFPI"
"SLC7A2","SLC7A2","SLC7A2","0.014512925881837195","0.0237678838178049","0.00525796794586949","false","SLC7A2"
"BCL6","BCL6","BCL6","0.5090092222946215","0.643176294817417","0.374842149771826","false","BCL6"
"DHX33","DHX33","DHX33","3.604746034844105E-4","4.30610236220472E-4","2.90338970748349E-4","false","DHX33"
"KMT2E","KMT2E","KMT2E","6.1515748031496E-5","1.23031496062992E-4","0.0","false","KMT2E"
"ZNF263","ZNF263","ZNF263","0.00556302299146405","0.0111260459829281","0.0","false","ZNF263"
"CX3CL1","CX3CL1","CX3CL1","6.0898670556142E-4","4.92125984251968E-4","7.25847426870872E-4","false","CX3CL1"
"KDM7A","KDM7A","KDM7A","0.0055452154948934","0.0110904309897868","0.0","false","KDM7A"
"PHTF2","PHTF2","PHTF2","0.006713630227988525","0.0131369214852287","2.90338970748349E-4","false","PHTF2"
"LUC7L","LUC7L","LUC7L","0.010146124507164723","0.0200019100435811","2.90338970748349E-4","false","LUC7L"
"JARID2","JARID2","JARID2","4.6381722018724544E-4","4.92125984251968E-4","4.35508456122523E-4","false","JARID2"
"TCF12","TCF12","TCF12","0.238557421267295","0.312407668860545","0.164707173674045","false","TCF12"
"SEC62","SEC62","SEC62","6.53262684183785E-4","0.0","0.00130652536836757","false","SEC62"
"FOXK1","FOXK1","FOXK1","0.9455702304820445","0.612990233898969","1.27815022706512","false","FOXK1"
"ZNF207","ZNF207","ZNF207","2.903389707483485E-4","0.0","5.80677941496697E-4","false","ZNF207"
"CLCN6","CLCN6","CLCN6","0.01260657126681566","0.0236162781945154","0.00159686433911592","false","CLCN6"
"ABHD5","ABHD5","ABHD5","0.0016584287332885497","0.00302651849582875","2.90338970748349E-4","false","ABHD5"
"PTBP1","PTBP1","PTBP1","2.177542280612615E-4","0.0","4.35508456122523E-4","false","PTBP1"
"WIZ","WIZ","WIZ","1.08877114030631E-4","0.0","2.17754228061262E-4","false","WIZ"
"MAP4K3","MAP4K3","MAP4K3","0.01179518700433599","0.0177517281213058","0.00583864588736618","false","MAP4K3"
"ZRANB1","ZRANB1","ZRANB1","4.3305934617149746E-4","4.30610236220472E-4","4.35508456122523E-4","false","ZRANB1"
"MNAT1","MNAT1","MNAT1","8.32275430950476E-4","4.30610236220472E-4","0.00123394062568048","false","MNAT1"
"RB1CC1","RB1CC1","RB1CC1",,,"0.00583864588736618","false","RB1CC1"
"GCLM","GCLM","GCLM","0.0021356984227622576","5.53641732283465E-4","0.00371775511324105","false","GCLM"
"RRAGD","RRAGD","RRAGD","0.0015364105264431681","0.00220180414064129","8.71016912245046E-4","false","RRAGD"
"HSF2","HSF2","HSF2","0.018532696173020013","0.0366298838899175","4.35508456122523E-4","false","HSF2"
"KPNA6","KPNA6","KPNA6","3.62923713435436E-4","0.0","7.25847426870872E-4","false","KPNA6"
"IFNGR1","IFNGR1","IFNGR1","1.5378937007874E-4","3.0757874015748E-4","0.0","false","IFNGR1"
"HMGB3","HMGB3","HMGB3","0.005780777219525311","0.0111260459829281","4.35508456122523E-4","false","HMGB3"
"ZCCHC8","ZCCHC8","ZCCHC8","0.00175932224004036","0.00351864448008072","0.0","false","ZCCHC8"
"SLC4A7","SLC4A7","SLC4A7","5.892978262012629E-4","3.0757874015748E-4","8.71016912245046E-4","false","SLC4A7"
"RNF19A","RNF19A","RNF19A","0.0","0.0","0.0","false","RNF19A"
"PHLPP2","PHLPP2","PHLPP2","0.002139485722884927","0.00413380196039568","1.45169485374174E-4","false","PHLPP2"
"SLC66A1","SLC66A1","SLC66A1","0.0031101722331714344","0.00593000549559452","2.90338970748349E-4","false","SLC66A1"
"ANO2","ANO2","ANO2","1.5378937007874E-4","3.0757874015748E-4","0.0","false","ANO2"
"SCML1","SCML1","SCML1","3.801634828445675E-4","6.15157480314961E-4","1.45169485374174E-4","false","SCML1"
"WWC3","WWC3","WWC3","3.383366141732285E-4","6.76673228346457E-4","0.0","false","WWC3"
"CELF2","CELF2","CELF2","0.01003288794690232","0.0140253090145768","0.00604046687922784","false","CELF2"
"BCAR1","BCAR1","BCAR1","0.017352827965765975","0.0344153169607836","2.90338970748349E-4","false","BCAR1"
"KIF1B","KIF1B","KIF1B","0.0019155607200701263","0.00339561298401773","4.35508456122523E-4","false","KIF1B"
"RELT","RELT","RELT","5.142639735631509E-4","7.38188976377953E-4","2.90338970748349E-4","false","RELT"
"NOP58","NOP58","NOP58","0.009875131037049636","0.0190244146472284","7.25847426870872E-4","false","NOP58"
"USP36","USP36","USP36","0.0019044917254145346","0.00351864448008072","2.90338970748349E-4","false","USP36"
"CCDC85A","CCDC85A","CCDC85A","0.001641123328559265","0.0","0.00328224665711853","false","CCDC85A"
"SOAT1","SOAT1","SOAT1","4.52748225531655E-4","6.15157480314961E-4","2.90338970748349E-4","false","SOAT1"
"POLR3E","POLR3E","POLR3E","0.008262496712206385","0.0106296960305591","0.00589529739385367","false","POLR3E"
"SLC2A3","SLC2A3","SLC2A3","0.002307806486787895","0.00330908760520822","0.00130652536836757","false","SLC2A3"
"LZTS1","LZTS1","LZTS1","2.62666484109371E-4","3.0757874015748E-4","2.17754228061262E-4","false","LZTS1"
"VMP1","VMP1","VMP1","1.451694853741745E-4","0.0","2.90338970748349E-4","false","VMP1"
"CNN2","CNN2","CNN2","6.0898670556142E-4","4.92125984251968E-4","7.25847426870872E-4","false","CNN2"
"DDX20","DDX20","DDX20","0.0015616339031311196","0.00232483563670428","7.98432169557959E-4","false","DDX20"
"AP3D1","AP3D1","AP3D1","5.47470957529924E-4","3.69094488188976E-4","7.25847426870872E-4","false","AP3D1"
"GNAI3","GNAI3","GNAI3","2.46062992125984E-4","4.92125984251968E-4","0.0","false","GNAI3"
"TBC1D22B","TBC1D22B","TBC1D22B","0.0031101722331714344","0.00593000549559452","2.90338970748349E-4","false","TBC1D22B"
"SLK","SLK","SLK","4.5519733548268E-4","1.84547244094488E-4","7.25847426870872E-4","false","SLK"
"MTHFD2","MTHFD2","MTHFD2","7.0988021231323E-4","9.84251968503937E-4","4.35508456122523E-4","false","MTHFD2"
"PPP2R5A","PPP2R5A","PPP2R5A","2.989588554529145E-4","3.0757874015748E-4","2.90338970748349E-4","false","PPP2R5A"
"LRRC40","LRRC40","LRRC40","0.006855714325985917","0.0127678269970397","9.43601654932133E-4","false","LRRC40"
"STAG3","STAG3","STAG3","0.0015464662318811515","0.00265742400763978","4.35508456122523E-4","false","STAG3"
"KLF6","KLF6","KLF6","2.46062992125984E-4","4.92125984251968E-4","0.0","false","KLF6"
"DNTTIP2","DNTTIP2","DNTTIP2","3.912324775001585E-4","4.92125984251968E-4","2.90338970748349E-4","false","DNTTIP2"
"CBFB","CBFB","CBFB","3.62923713435436E-4","0.0","7.25847426870872E-4","false","CBFB"
"TFE3","TFE3","TFE3","1.451694853741745E-4","0.0","2.90338970748349E-4","false","TFE3"
"PSME4","PSME4","PSME4","0.008886956085848772","0.0169028952594525","8.71016912245046E-4","false","PSME4"
"DNAJA2","DNAJA2","DNAJA2","0.003228638293930611","0.00573142916099035","7.25847426870872E-4","false","DNAJA2"
"NEDD4","NEDD4","NEDD4","7.627760756401605E-4","7.99704724409449E-4","7.25847426870872E-4","false","NEDD4"
"MAPK6","MAPK6","MAPK6","0.005035990172637465","0.00365265651641205","0.00641932382886288","false","MAPK6"
"MNT","MNT","MNT","0.01017472616992828","0.0201316981117953","2.17754228061262E-4","false","MNT"
"PABPC1","PABPC1","PABPC1","0.0","0.0","0.0","false","PABPC1"
"CDC42","CDC42","CDC42","0.00647322561666375","0.0","0.0129464512333275","false","CDC42"
"ATP2B1","ATP2B1","ATP2B1","0.01230113279643719","0.00654516297590948","0.0180571026169649","false","ATP2B1"
"AFF4","AFF4","AFF4","0.0056159188547910245","0.0109414987388337","2.90338970748349E-4","false","AFF4"
"TP63","TP63","TP63","0.004712326817057415","0.00913431466336648","2.90338970748349E-4","false","TP63"
"CLCN4","CLCN4","CLCN4","0.0011341090542874165","0.00183270965245231","4.35508456122523E-4","false","CLCN4"
"FNDC3B","FNDC3B","FNDC3B","0.0030423544397460817","2.46062992125984E-4","0.00583864588736618","false","FNDC3B"
"FOSL2","FOSL2","FOSL2","0.0081395794976047","0.0156984810537127","5.80677941496697E-4","false","FOSL2"
"ACTB","ACTB","ACTB","0.001858877556620525","0.0","0.00371775511324105","false","ACTB"
"MKRN2","MKRN2","MKRN2","0.00435523049964864","0.00871046099929728","0.0","false","MKRN2"
"TM9SF3","TM9SF3","TM9SF3","0.00320966191443144","0.0","0.00641932382886288","false","TM9SF3"
"SYNJ2","SYNJ2","SYNJ2","0.00462343148108581","0.00895652399142327","2.90338970748349E-4","false","SYNJ2"
"REXO1","REXO1","REXO1","1.5378937007874E-4","3.0757874015748E-4","0.0","false","REXO1"
"CRYBG3","CRYBG3","CRYBG3","2.177542280612615E-4","0.0","4.35508456122523E-4","false","CRYBG3"
"RIF1","RIF1","RIF1","0.00890324364859305","0.0178064872971861","0.0","false","RIF1"
"CLDND1","CLDND1","CLDND1","2.989588554529145E-4","3.0757874015748E-4","2.90338970748349E-4","false","CLDND1"
"DLGAP4","DLGAP4","DLGAP4","7.627760756401605E-4","7.99704724409449E-4","7.25847426870872E-4","false","DLGAP4"
"RSBN1","RSBN1","RSBN1","0.00278045550370277","0.00556091100740554","0.0","false","RSBN1"
"CXCL2","CXCL2","CXCL2","8.156719389670905E-4","6.15157480314961E-4","0.00101618639761922","false","CXCL2"
"ATP8B1","ATP8B1","ATP8B1","9.2273622047244E-5","1.84547244094488E-4","0.0","false","ATP8B1"
"XPO1","XPO1","XPO1","0.006520847578692775","0.0127513561866372","2.90338970748349E-4","false","XPO1"
"KAT6A","KAT6A","KAT6A","0.00676659151516245","0.0135331830303249","0.0","false","KAT6A"
"TNPO1","TNPO1","TNPO1","0.003111988192113906","0.00549812895735694","7.25847426870872E-4","false","TNPO1"
"NUFIP1","NUFIP1","NUFIP1","3.075787401574805E-4","6.15157480314961E-4","0.0","false","NUFIP1"
"TXLNA","TXLNA","TXLNA","0.003736694733258045","0.00747338946651609","0.0","false","TXLNA"
"MECOM","MECOM","MECOM","0.0016079819799126463","0.00278045550370277","4.35508456122523E-4","false","MECOM"
"WDFY1","WDFY1","WDFY1","2.989588554529145E-4","3.0757874015748E-4","2.90338970748349E-4","false","WDFY1"
"MAST2","MAST2","MAST2","0.005852408251544085","0.00740638344835042","0.00429843305473775","false","MAST2"
"NFX1","NFX1","NFX1","0.09272773885795375","0.0285240248927325","0.156931452823175","false","NFX1"
"TXLNG","TXLNG","TXLNG","0.013392591278359504","0.00929971772472211","0.0174854648319969","false","TXLNG"
"HUWE1","HUWE1","HUWE1","2.177542280612615E-4","0.0","4.35508456122523E-4","false","HUWE1"
"FTL","FTL","FTL","3.100278501085055E-4","1.84547244094488E-4","4.35508456122523E-4","false","FTL"
"CRLS1","CRLS1","CRLS1","0.013118296172037035","0.0209219728917171","0.00531461945235697","false","CRLS1"
"DNAAF9","DNAAF9","DNAAF9","0.01083415962886563","0.0208698870881733","7.98432169557959E-4","false","DNAAF9"
"ZNF343","ZNF343","ZNF343","3.690944881889765E-4","7.38188976377953E-4","0.0","false","ZNF343"
"EBF4","EBF4","EBF4","0.00848585861828028","0.0167539630084993","2.17754228061262E-4","false","EBF4"
"XRN2","XRN2","XRN2","0.0042008048521441545","0.00760317753473035","7.98432169557959E-4","false","XRN2"
"ESF1","ESF1","ESF1","0.006277233696517786","0.0118286199661647","7.25847426870872E-4","false","ESF1"
"MAEA","MAEA","MAEA","0.00303135108041065","0.00278045550370277","0.00328224665711853","false","MAEA"
"PDCD7","PDCD7","PDCD7","0.004511468979678406","0.00858742950323429","4.35508456122523E-4","false","PDCD7"
"RAB11FIP3","RAB11FIP3","RAB11FIP3","0.00242673930625651","0.00376470747220671","0.00108877114030631","false","RAB11FIP3"
"ANGPT2","ANGPT2","ANGPT2","3.35251226796458E-4","3.0757874015748E-4","3.62923713435436E-4","false","ANGPT2"
"TRPM7","TRPM7","TRPM7","0.004007344824646236","0.0072888422224216","7.25847426870872E-4","false","TRPM7"
"UNC13D","UNC13D","UNC13D","0.002939190447294377","0.00573321140921458","1.45169485374174E-4","false","UNC13D"
"DPYSL2","DPYSL2","DPYSL2","0.00836740941288025","0.0167348188257605","0.0","false","DPYSL2"
"SIRT1","SIRT1","SIRT1","0.0","0.0","0.0","false","SIRT1"
"SYDE2","SYDE2","SYDE2","0.005276694165269595","0.00895652399142327","0.00159686433911592","false","SYDE2"
"KCNK6","KCNK6","KCNK6","8.882566816541754E-4","6.15157480314961E-4","0.00116135588299339","false","KCNK6"
"SMARCB1","SMARCB1","SMARCB1","5.22883858267715E-4","0.00104576771653543","0.0","false","SMARCB1"
"DDTL","DDTL","DDTL","0.0","0.0","0.0","false","DDTL"
"XBP1","XBP1","XBP1","0.005543334112103937","0.0109414987388337","1.45169485374174E-4","false","XBP1"
"JOSD1","JOSD1","JOSD1","0.0030486564851399346","0.00580697399953152","2.90338970748349E-4","false","JOSD1"
"SUN2","SUN2","SUN2","0.006529082983894025","0.0127678269970397","2.90338970748349E-4","false","SUN2"
"TTLL12","TTLL12","TTLL12","2.54046599404805E-4","0.0","5.0809319880961E-4","false","TTLL12"
"PDGFB","PDGFB","PDGFB","5.892978262012629E-4","3.0757874015748E-4","8.71016912245046E-4","false","PDGFB"
"ABHD4","ABHD4","ABHD4","2.374431074214185E-4","1.84547244094488E-4","2.90338970748349E-4","false","ABHD4"
"PSMC6","PSMC6","PSMC6","0.0035407824693919044","0.00679122596803546","2.90338970748349E-4","false","PSMC6"
"ALKBH1","ALKBH1","ALKBH1","4.4721372820385953E-4","6.76673228346457E-4","2.17754228061262E-4","false","ALKBH1"
"SUSD6","SUSD6","SUSD6","2.0668523340567051E-4","1.23031496062992E-4","2.90338970748349E-4","false","SUSD6"
"SRSF5","SRSF5","SRSF5","0.017602928551933582","0.0349881028758059","2.17754228061262E-4","false","SRSF5"
"SLC8A3","SLC8A3","SLC8A3","0.00345579054187758","0.00290348699976576","0.0040080940839894","false","SLC8A3"
"PPP4R3A","PPP4R3A","PPP4R3A","3.690944881889765E-4","7.38188976377953E-4","0.0","false","PPP4R3A"
"APEX1","APEX1","APEX1","0.00367481732479033","0.00450289644858466","0.002846738200996","false","APEX1"
"PABPN1","PABPN1","PABPN1","1.451694853741745E-4","0.0","2.90338970748349E-4","false","PABPN1"
"CDS2","CDS2","CDS2","0.001390227751851385","0.00278045550370277","0.0","false","CDS2"
"NOP56","NOP56","NOP56","5.505563449066945E-4","7.38188976377953E-4","3.62923713435436E-4","false","NOP56"
"TTI1","TTI1","TTI1","7.68310572967956E-4","7.38188976377953E-4","7.98432169557959E-4","false","TTI1"
"AHCY","AHCY","AHCY","0.006892130580802844","1.84547244094488E-4","0.0135997139175112","false","AHCY"
"PPP1R16B","PPP1R16B","PPP1R16B","0.002368308945601781","0.00401077046433269","7.25847426870872E-4","false","PPP1R16B"
"RNMT","RNMT","RNMT","0.00318305300097458","0.00636610600194916","0.0","false","RNMT"
"SMAD7","SMAD7","SMAD7",,,"4.35508456122523E-4","false","SMAD7"
"RNF125","RNF125","RNF125","0.003960323710956787","0.0077754779365394","1.45169485374174E-4","false","RNF125"
"STAG2","STAG2","STAG2","0.0027606353537023027","5.53641732283465E-4","0.00496762897512114","false","STAG2"
"PLP2","PLP2","PLP2","0.00632922158037348","0.011860010991189","7.98432169557959E-4","false","PLP2"
"EEA1","EEA1","EEA1","0.029243146264037602","0.0304862854466369","0.0280000070814383","false","EEA1"
"SRPX2","SRPX2","SRPX2","2.177542280612615E-4","0.0","4.35508456122523E-4","false","SRPX2"
"DNAJC3","DNAJC3","DNAJC3","4.35508456122523E-4","0.0","8.71016912245046E-4","false","DNAJC3"
"NFAT5","NFAT5","NFAT5","8.771876869985865E-4","7.38188976377953E-4","0.00101618639761922","false","NFAT5"
"SLC7A5","SLC7A5","SLC7A5","0.0","0.0","0.0","false","SLC7A5"
"VPS18","VPS18","VPS18","0.0028136624876695412","0.00519181651921656","4.35508456122523E-4","false","VPS18"
"GDAP1","GDAP1","GDAP1","3.998523622047245E-4","7.99704724409449E-4","0.0","false","GDAP1"
"UBR5","UBR5","UBR5","0.004270107301494005","0.0","0.00854021460298801","false","UBR5"
"HNRNPL","HNRNPL","HNRNPL","0.01956034821356992","0.0341530674520187","0.00496762897512114","false","HNRNPL"
"SNAPC2","SNAPC2","SNAPC2","7.9843216955796E-4","0.0","0.00159686433911592","false","SNAPC2"
"NUMBL","NUMBL","NUMBL","0.001640389420571746","0.00306302461308223","2.17754228061262E-4","false","NUMBL"
"RASIP1","RASIP1","RASIP1","0.0012653347771219726","8.61220472440945E-4","0.001669449081803","false","RASIP1"
"NAMPT","NAMPT","NAMPT","0.001898255315340838","3.69094488188976E-4","0.0034274161424927","false","NAMPT"
"GRB10","GRB10","GRB10",,,"7.98432169557959E-4","false","GRB10"
"TBL2","TBL2","TBL2","5.80677941496695E-4","0.0","0.00116135588299339","false","TBL2"
"TGFBR1","TGFBR1","TGFBR1","0.003926872467418729","1.84547244094488E-4","0.00766919769074297","false","TGFBR1"
"TLE4","TLE4","TLE4","2.0668523340567051E-4","1.23031496062992E-4","2.90338970748349E-4","false","TLE4"
"ZFAND5","ZFAND5","ZFAND5","0.00556302299146405","0.0111260459829281","0.0","false","ZFAND5"
"CCNJ","CCNJ","CCNJ","0.0030202164504348986","4.92125984251968E-4","0.00554830691661783","false","CCNJ"
"EIF3A","EIF3A","EIF3A","0.0038483612095493846","0.00740638344835042","2.90338970748349E-4","false","EIF3A"
"NSMCE4A","NSMCE4A","NSMCE4A","0.00250012671866846","0.00391148229703061","0.00108877114030631","false","NSMCE4A"
"BMPR1A","BMPR1A","BMPR1A","0.004857496302431589","0.00913431466336648","5.80677941496697E-4","false","BMPR1A"
"TWNK","TWNK","TWNK","3.9368158745118405E-4","6.15157480314961E-5","7.25847426870872E-4","false","TWNK"
"MTPAP","MTPAP","MTPAP","0.0020859535821322523","0.00351864448008072","6.53262684183785E-4","false","MTPAP"
"TFAM","TFAM","TFAM","5.167130835141761E-4","3.0757874015748E-4","7.25847426870872E-4","false","TFAM"
"ICAM2","ICAM2","ICAM2","0.0031211099571867135","9.84251968503937E-4","0.00525796794586949","false","ICAM2"
"LUC7L3","LUC7L3","LUC7L3","0.005864388630821395","0.00716032045622444","0.00456845680541835","false","LUC7L3"
"SLC16A6","SLC16A6","SLC16A6","0.00655065324604365","0.0131013064920873","0.0","false","SLC16A6"
"WSB1","WSB1","WSB1","6.145212028892154E-4","4.30610236220472E-4","7.98432169557959E-4","false","WSB1"
"CHIC2","CHIC2","CHIC2","0.00168158001181734","0.00220180414064129","0.00116135588299339","false","CHIC2"
"NFKB1","NFKB1","NFKB1","0.004707266454105702","7.38188976377953E-4","0.00867634393183345","false","NFKB1"
"UBE2D3","UBE2D3","UBE2D3","0.003512473705327181","0.00629909998378349","7.25847426870872E-4","false","UBE2D3"
"ZNF330","ZNF330","ZNF330","0.006235316869455735","0.00802703119879955","0.00444360254011192","false","ZNF330"
"DHX15","DHX15","DHX15","0.0","0.0","0.0","false","DHX15"
"KLF3","KLF3","KLF3","0.0935392687315912","0.129524172987726","0.0575543644754564","false","KLF3"
"CBL","CBL","CBL","2.177542280612615E-4","0.0","4.35508456122523E-4","false","CBL"
"PPFIBP1","PPFIBP1","PPFIBP1","0.011788582899478418","0.0232142420855214","3.62923713435436E-4","false","PPFIBP1"
"SLC11A2","SLC11A2","SLC11A2","0.0021001079641646166","0.00376470747220671","4.35508456122523E-4","false","SLC11A2"
"NAA25","NAA25","NAA25","0.005690384980267574","0.0110904309897868","2.90338970748349E-4","false","NAA25"
"DDX55","DDX55","DDX55","0.0071952319142062","0.0143904638284124","0.0","false","DDX55"
"CNOT2","CNOT2","CNOT2","0.003199656492957966","0.00618155875785467","2.17754228061262E-4","false","CNOT2"
"HCFC2","HCFC2","HCFC2","0.002128416728229335","0.00425683345645867","0.0","false","HCFC2"
"RAB35","RAB35","RAB35","0.009048413133967224","0.0178064872971861","2.90338970748349E-4","false","RAB35"
"DSE","DSE","DSE","0.009743165349456675","0.016349253527169","0.00313707717174435","false","DSE"
"NEDD9","NEDD9","NEDD9","8.353608183272475E-4","7.99704724409449E-4","8.71016912245046E-4","false","NEDD9"
"UST","UST","UST","1.81461856717718E-4","0.0","3.62923713435436E-4","false","UST"
"PPARD","PPARD","PPARD","1.5378937007874E-4","3.0757874015748E-4","0.0","false","PPARD"
"FANCE","FANCE","FANCE","0.005161037448547437","0.00966881221291109","6.53262684183785E-4","false","FANCE"
"SOD2","SOD2","SOD2","7.34467311575435E-4","3.0757874015748E-4","0.00116135588299339","false","SOD2"
"BACH2","BACH2","BACH2","0.0017199444813200495","0.00314954999189175","2.90338970748349E-4","false","BACH2"
"CAP2","CAP2","CAP2","4.35508456122523E-4","0.0","8.71016912245046E-4","false","CAP2"
"EYA4","EYA4","EYA4","6.50813574232759E-4","4.30610236220472E-4","8.71016912245046E-4","false","EYA4"
"HECA","HECA","HECA","0.002005385232166345","0.00401077046433269","0.0","false","HECA"
"TENT5A","TENT5A","TENT5A","0.008759438291861234","0.00883349249536028","0.00868538408836219","false","TENT5A"
"TENT4A","TENT4A","TENT4A","0.0101581226779449","0.0203162453558898","0.0","false","TENT4A"
"MRPS30","MRPS30","MRPS30","0.00804932940522871","0.0156631503543349","4.35508456122523E-4","false","MRPS30"
"FAF2","FAF2","FAF2","0.004557814616312685","0.00425683345645867","0.0048587957761667","false","FAF2"
"PDE4D","PDE4D","PDE4D","0.006778524262095625","0.0132667095534429","2.90338970748349E-4","false","PDE4D"
"SEC24A","SEC24A","SEC24A","4.3305934617149746E-4","4.30610236220472E-4","4.35508456122523E-4","false","SEC24A"
"MACROH2A1","MACROH2A1","MACROH2A1","0.00571406410005853","0.0106296960305591","7.98432169557959E-4","false","MACROH2A1"
"SMAD5","SMAD5","SMAD5","0.012036919503721514","0.0185255320908252","0.00554830691661783","false","SMAD5"
"CSNK1A1","CSNK1A1","CSNK1A1","0.007701260482568075","0.0151121819943878","2.90338970748349E-4","false","CSNK1A1"
"HES1","HES1","HES1","1.717400484952621","2.65741461384471","0.777386356060532","false","HES1"
"TFG","TFG","TFG","0.006103332715012886","4.30610236220472E-4","0.0117760551938053","false","TFG"
"DNAJC27","DNAJC27","DNAJC27","4.83506099547403E-4","6.76673228346457E-4","2.90338970748349E-4","false","DNAJC27"
"UNC50","UNC50","UNC50","0.0023952795194948587","4.92125984251968E-4","0.00429843305473775","false","UNC50"
"ST3GAL5","ST3GAL5","ST3GAL5","0.013429981335233675","0.022291505865049","0.00456845680541835","false","ST3GAL5"
"MLPH","MLPH","MLPH","0.0022231394602276063","0.00401077046433269","4.35508456122523E-4","false","MLPH"
"CEBPZ","CEBPZ","CEBPZ","0.0071844574406632","0.0109414987388337","0.0034274161424927","false","CEBPZ"
"TRAK2","TRAK2","TRAK2","0.00880976602195848","0.0174017778158557","2.17754228061262E-4","false","TRAK2"
"NFE2L2","NFE2L2","NFE2L2","0.006470081769660537","0.0127949940539469","1.45169485374174E-4","false","NFE2L2"
"BCL9","BCL9","BCL9","1.5378937007874E-4","3.0757874015748E-4","0.0","false","BCL9"
"PRRX1","PRRX1","PRRX1","0.0037436147673547506","9.22736220472441E-4","0.00656449331423706","false","PRRX1"
"SFPQ","SFPQ","SFPQ","0.0","0.0","0.0","false","SFPQ"
"IVNS1ABP","IVNS1ABP","IVNS1ABP","8.37809928278273E-4","3.69094488188976E-4","0.00130652536836757","false","IVNS1ABP"
"GADD45A","GADD45A","GADD45A","3.912324775001585E-4","4.92125984251968E-4","2.90338970748349E-4","false","GADD45A"
"RGS2","RGS2","RGS2","9.2273622047244E-5","1.84547244094488E-4","0.0","false","RGS2"
"EXOC8","EXOC8","EXOC8","0.00563329884413216","0.0038877389682697","0.00737885871999462","false","EXOC8"
"TSNAX","TSNAX","TSNAX","0.0037914017912868848","0.00232483563670428","0.00525796794586949","false","TSNAX"
"C1orf109","C1orf109","C1orf109","2.177542280612615E-4","0.0","4.35508456122523E-4","false","C1orf109"
"RRAGC","RRAGC","RRAGC","0.011723306287014974","0.0188781557686116","0.00456845680541835","false","RRAGC"
"RLF","RLF","RLF","0.00571695258147484","0.00376470747220671","0.00766919769074297","false","RLF"
"ETV3","ETV3","ETV3","1.5378937007874E-4","3.0757874015748E-4","0.0","false","ETV3"
"PRDX1","PRDX1","PRDX1","0.008195835576771086","0.0156658237266713","7.25847426870872E-4","false","PRDX1"
"NSUN4","NSUN4","NSUN4","0.007183911121628169","0.0140048985298209","3.62923713435436E-4","false","NSUN4"
"RCAN3","RCAN3","RCAN3","7.541561909355939E-4","4.92125984251968E-4","0.00101618639761922","false","RCAN3"
"CAMSAP2","CAMSAP2","CAMSAP2","0.0056159188547910245","0.0109414987388337","2.90338970748349E-4","false","CAMSAP2"
"FASTKD2","FASTKD2","FASTKD2","9.867010784549615E-4","0.0015378937007874","4.35508456122523E-4","false","FASTKD2"
"C1orf54","C1orf54","C1orf54","0.00365628801135069","0.00278045550370277","0.00453212051899861","false","C1orf54"
"FILIP1","FILIP1","FILIP1","0.006577262159500505","0.00673520049013813","0.00641932382886288","false","FILIP1"
"SGIP1","SGIP1","SGIP1","0.006842320104852727","7.38188976377953E-4","0.0129464512333275","false","SGIP1"
"TGIF2","TGIF2","TGIF2","6.397445795771685E-4","5.53641732283465E-4","7.25847426870872E-4","false","TGIF2"
"RAB3GAP2","RAB3GAP2","RAB3GAP2","0.001858877556620525","0.0","0.00371775511324105","false","RAB3GAP2"
"C1orf198","C1orf198","C1orf198","3.715435981400015E-4","3.0757874015748E-4","4.35508456122523E-4","false","C1orf198"
"AREL1","AREL1","AREL1","1.3963498804637906E-4","6.15157480314961E-5","2.17754228061262E-4","false","AREL1"
"RHOQ","RHOQ","RHOQ","0.0022231394602276063","0.00401077046433269","4.35508456122523E-4","false","RHOQ"
"GNA13","GNA13","GNA13","0.00450863539022407","0.00872693180969979","2.90338970748349E-4","false","GNA13"
"KANSL1","KANSL1","KANSL1","0.005991521243626","0.011983042487252","0.0","false","KANSL1"
"RCL1","RCL1","RCL1","1.451694853741745E-4","0.0","2.90338970748349E-4","false","RCL1"
"EPC1","EPC1","EPC1","0.004877478080490615","0.00895652399142327","7.98432169557959E-4","false","EPC1"
"ELF1","ELF1","ELF1","0.0046123624864302165","0.00907955548748626","1.45169485374174E-4","false","ELF1"
"PAIP2","PAIP2","PAIP2","0.012875077374417","0.0144096080111512","0.0113405467376828","false","PAIP2"
"TBC1D15","TBC1D15","TBC1D15","0.004902701457178566","0.00907955548748626","7.25847426870872E-4","false","TBC1D15"
"PIK3CA","PIK3CA","PIK3CA","6.145212028892154E-4","4.30610236220472E-4","7.98432169557959E-4","false","PIK3CA"
"LRIF1","LRIF1","LRIF1","0.0","0.0","0.0","false","LRIF1"
"SLC66A2","SLC66A2","SLC66A2","0.002704785373638911","0.00519181651921656","2.17754228061262E-4","false","SLC66A2"
"SRGN","SRGN","SRGN","0.002284228402709175","0.0","0.00456845680541835","false","SRGN"
"ECD","ECD","ECD","2.768208661417325E-4","5.53641732283465E-4","0.0","false","ECD"
"VPS26A","VPS26A","VPS26A","0.001929013189356586","4.30610236220472E-4","0.0034274161424927","false","VPS26A"
"ATF1","ATF1","ATF1","1.451694853741745E-4","0.0","2.90338970748349E-4","false","ATF1"
"RAB9A","RAB9A","RAB9A","3.690944881889765E-4","7.38188976377953E-4","0.0","false","RAB9A"
"PFKFB2","PFKFB2","PFKFB2","0.01926954846322976","0.038103588470337","4.35508456122523E-4","false","PFKFB2"
"AGO2","AGO2","AGO2","0.0027410777449824544","0.00519181651921656","2.90338970748349E-4","false","AGO2"
"SRSF6","SRSF6","SRSF6","0.002318664861950741","0.00391148229703061","7.25847426870872E-4","false","SRSF6"
"ARFGEF2","ARFGEF2","ARFGEF2","0.0024076867043220963","0.00437986495252167","4.35508456122523E-4","false","ARFGEF2"
"ZNFX1","ZNFX1","ZNFX1","0.005655568104083649","0.0084643980071713","0.002846738200996","false","ZNFX1"
"USP22","USP22","USP22",,,"0.00101618639761922","false","USP22"
"NUP153","NUP153","NUP153","0.006872679266932337","0.0136001890484905","1.45169485374174E-4","false","NUP153"
"HS3ST3B1","HS3ST3B1","HS3ST3B1","1.451694853741745E-4","0.0","2.90338970748349E-4","false","HS3ST3B1"
"FOSB","FOSB","FOSB","6.0898670556142E-4","4.92125984251968E-4","7.25847426870872E-4","false","FOSB"
"GPCPD1","GPCPD1","GPCPD1","0.002237293842259966","0.00425683345645867","2.17754228061262E-4","false","GPCPD1"
"GZF1","GZF1","GZF1","7.51707080984569E-4","9.22736220472441E-4","5.80677941496697E-4","false","GZF1"
"KDM5C","KDM5C","KDM5C","0.007215238623952465","0.00957168147173823","0.0048587957761667","false","KDM5C"
"ELK1","ELK1","ELK1","3.100278501085055E-4","1.84547244094488E-4","4.35508456122523E-4","false","ELK1"
"PCNX4","PCNX4","PCNX4","0.012545545092073996","0.00629909998378349","0.0187919902003645","false","PCNX4"
"TRMT5","TRMT5","TRMT5","0.00791706667872268","0.00966881221291109","0.00616532114453427","false","TRMT5"
"HNRNPH2","HNRNPH2","HNRNPH2","0.004069789748802345","0.00784924052685634","2.90338970748349E-4","false","HNRNPH2"
"RAP1B","RAP1B","RAP1B","1.451694853741745E-4","0.0","2.90338970748349E-4","false","RAP1B"
"KLF2","KLF2","KLF2","7.738450702957514E-4","6.76673228346457E-4","8.71016912245046E-4","false","KLF2"
"ZFP36","ZFP36","ZFP36","5.364019628743325E-4","4.92125984251968E-4","5.80677941496697E-4","false","ZFP36"
"ATF4","ATF4","ATF4","9.497724296856715E-4","7.38188976377953E-4","0.00116135588299339","false","ATF4"
"TPST2","TPST2","TPST2","0.0056980756888475115","0.0109606429215725","4.35508456122523E-4","false","TPST2"
"STRIP2","STRIP2","STRIP2","0.024997447889664338","0.0492690483524578","7.25847426870872E-4","false","STRIP2"
"DNAJB9","DNAJB9","DNAJB9","0.0031716879812029295","0.00605303699165751","2.90338970748349E-4","false","DNAJB9"
"SNRPN","SNRPN","SNRPN","0.004931989870382355","3.0757874015748E-4","0.00955640100060723","false","SNRPN"
"ICE2","ICE2","ICE2","0.0020355068287563494","0.00327258148795474","7.98432169557959E-4","false","ICE2"
"MINDY2","MINDY2","MINDY2","0.004303854570148123","0.00802703119879955","5.80677941496697E-4","false","MINDY2"
"RHBDF2","RHBDF2","RHBDF2","0.001954938478790442","0.00376470747220671","1.45169485374174E-4","false","RHBDF2"
"SHC2","SHC2","SHC2","0.002149216527368875","0.0","0.00429843305473775","false","SHC2"
"LBP","LBP","LBP","5.948323235290585E-4","2.46062992125984E-4","9.43601654932133E-4","false","LBP"
"SAT1","SAT1","SAT1",,,"0.00328224665711853","false","SAT1"
"RPL36","RPL36","RPL36","8.937911789819726E-4","5.53641732283465E-4","0.00123394062568048","false","RPL36"
"COLGALT1","COLGALT1","COLGALT1","6.34210082249373E-4","6.15157480314961E-4","6.53262684183785E-4","false","COLGALT1"
"ZSWIM6","ZSWIM6","ZSWIM6","2.374431074214185E-4","1.84547244094488E-4","2.90338970748349E-4","false","ZSWIM6"
"PPIL4","PPIL4","PPIL4","0.0","0.0","0.0","false","PPIL4"
"AKAP12","AKAP12","AKAP12","0.003229350793791599","1.84547244094488E-4","0.00627415434348871","false","AKAP12"
"RBM39","RBM39","RBM39","0.022208987582029372","0.0435469582518137","8.71016912245046E-4","false","RBM39"
"RLIM","RLIM","RLIM","0.00899551727064025","0.0179910345412805","0.0","false","RLIM"
"SH3BP5","SH3BP5","SH3BP5","6.452790769049634E-4","4.92125984251968E-4","7.98432169557959E-4","false","SH3BP5"
"CAPN7","CAPN7","CAPN7","0.002028325891202392","0.00391148229703061","1.45169485374174E-4","false","CAPN7"
"RFTN1","RFTN1","RFTN1","0.00942302071135745","0.0159993032217189","0.002846738200996","false","RFTN1"
"RARA","RARA","RARA","1.451694853741745E-4","0.0","2.90338970748349E-4","false","RARA"
"KHDRBS3","KHDRBS3","KHDRBS3","0.00997011024907094","0.00642213147984648","0.0135180890182954","false","KHDRBS3"
"LRRC41","LRRC41","LRRC41","0.0029871407371084395","0.00568394250346853","2.90338970748349E-4","false","LRRC41"
"DHX30","DHX30","DHX30","1.08877114030631E-4","0.0","2.17754228061262E-4","false","DHX30"
"H3-3B","H3-3B","H3-3B","0.009647443268655884","0.0179883611689442","0.00130652536836757","false","H3-3B"
"UNK","UNK","UNK","5.530054548577195E-4","3.0757874015748E-4","7.98432169557959E-4","false","UNK"
"OSER1","OSER1","OSER1","0.006850245252505125","0.0134101515342619","2.90338970748349E-4","false","OSER1"
"SPART","SPART","SPART","0.0014921345478208046","0.00269393012489326","2.90338970748349E-4","false","SPART"
"ATP13A3","ATP13A3","ATP13A3","0.0050718492138769646","0.00985335945700558","2.90338970748349E-4","false","ATP13A3"
"CCDC59","CCDC59","CCDC59","3.075787401574805E-4","6.15157480314961E-4","0.0","false","CCDC59"
"MED6","MED6","MED6","0.0030455710977631677","0.00543787951134255","6.53262684183785E-4","false","MED6"
"BHLHE40","BHLHE40","BHLHE40","0.0021726927068517034","0.00376470747220671","5.80677941496697E-4","false","BHLHE40"
"PRPF38B","PRPF38B","PRPF38B","6.372954696261431E-4","9.84251968503937E-4","2.90338970748349E-4","false","PRPF38B"
"NOTCH2","NOTCH2","NOTCH2","7.99068446983704E-4","7.99704724409449E-4","7.98432169557959E-4","false","NOTCH2"
"KIDINS220","KIDINS220","KIDINS220","8.046029443114994E-4","7.38188976377953E-4","8.71016912245046E-4","false","KIDINS220"
"FBH1","FBH1","FBH1","0.0020385922161331167","0.00364167597614371","4.35508456122523E-4","false","FBH1"
"IL15RA","IL15RA","IL15RA","1.23031496062992E-4","2.46062992125984E-4","0.0","false","IL15RA"
"PHC2","PHC2","PHC2","0.00318305300097458","0.00636610600194916","0.0","false","PHC2"
"TUT4","TUT4","TUT4","6.53262684183785E-4","0.0","0.00130652536836757","false","TUT4"
"CTSL","CTSL","CTSL","0.001638674218608236","4.30610236220472E-4","0.002846738200996","false","CTSL"
"CEMIP2","CEMIP2","CEMIP2","0.0036022982174233995","0.00691425746409845","2.90338970748349E-4","false","CEMIP2"
"TES","TES","TES","0.0031653859358090736","4.92125984251968E-4","0.00583864588736618","false","TES"
"SYNCRIP","SYNCRIP","SYNCRIP","0.014566249040920473","0.0288421591110926","2.90338970748349E-4","false","SYNCRIP"
"AKIRIN2","AKIRIN2","AKIRIN2","0.011469298887239611","0.02192241137686","0.00101618639761922","false","AKIRIN2"
"NAT10","NAT10","NAT10","0.0032672078163616227","3.69094488188976E-4","0.00616532114453427","false","NAT10"
"HEY2","HEY2","HEY2","0.002555941577073038","0.00474895944071064","3.62923713435436E-4","false","HEY2"
"RAB11FIP5","RAB11FIP5","RAB11FIP5","0.001279067920168845","0.00255813584033769","0.0","false","RAB11FIP5"
"TAF5L","TAF5L","TAF5L","0.0014921345478208046","0.00269393012489326","2.90338970748349E-4","false","TAF5L"
"GLUL","GLUL","GLUL","0.00321106573992324","0.00642213147984648","0.0","false","GLUL"
"REV1","REV1","REV1","4.416792308760635E-4","7.38188976377953E-4","1.45169485374174E-4","false","REV1"
"FLNB","FLNB","FLNB","0.005045128933902846","0.00987250363974443","2.17754228061262E-4","false","FLNB"
"SPRY2","SPRY2","SPRY2","3.998523622047245E-4","7.99704724409449E-4","0.0","false","SPRY2"
"NMT1","NMT1","NMT1","0.0025802738296488745","0.0048702086885494","2.90338970748349E-4","false","NMT1"
"MARCHF7","MARCHF7","MARCHF7","3.9368158745118405E-4","6.15157480314961E-5","7.25847426870872E-4","false","MARCHF7"
"HLX","HLX","HLX","3.715435981400015E-4","3.0757874015748E-4","4.35508456122523E-4","false","HLX"
"STAM","STAM","STAM","0.001463825783756081","0.00220180414064129","7.25847426870872E-4","false","STAM"
"KLF4","KLF4","KLF4","8.464298129828385E-4","6.76673228346457E-4","0.00101618639761922","false","KLF4"
"SLC22A23","SLC22A23","SLC22A23","0.003334097235986235","0.00666819447197247","0.0","false","SLC22A23"
"THAP12","THAP12","THAP12","0.008056493487423573","0.0152419700626021","8.71016912245046E-4","false","THAP12"
"THUMPD2","THUMPD2","THUMPD2","2.6820098143716647E-4","2.46062992125984E-4","2.90338970748349E-4","false","THUMPD2"
"CYP1B1","CYP1B1","CYP1B1","3.62923713435436E-4","0.0","7.25847426870872E-4","false","CYP1B1"
"COX17","COX17","COX17","0.01486814538014685","0.0183957440226109","0.0113405467376828","false","COX17"
"SPPL2A","SPPL2A","SPPL2A","0.00464028677099163","0.00928057354198326","0.0","false","SPPL2A"
"RASGEF1B","RASGEF1B","RASGEF1B","0.004315852740928329","0.00834136651110831","2.90338970748349E-4","false","RASGEF1B"
"GPAT3","GPAT3","GPAT3","0.0032442727238900164","0.00605303699165751","4.35508456122523E-4","false","GPAT3"
"CXCL9","CXCL9","CXCL9","3.266313420918925E-4","0.0","6.53262684183785E-4","false","CXCL9"
"BMP2K","BMP2K","BMP2K","2.15305118110236E-4","4.30610236220472E-4","0.0","false","BMP2K"
"G3BP2","G3BP2","G3BP2","0.0040585238481862865","7.38188976377953E-4","0.00737885871999462","false","G3BP2"
"KIF21A","KIF21A","KIF21A","0.002134117617856251","0.00354238780884163","7.25847426870872E-4","false","KIF21A"
"AEBP2","AEBP2","AEBP2","1.23031496062992E-4","2.46062992125984E-4","0.0","false","AEBP2"
"LNX2","LNX2","LNX2","5.78228831545672E-4","4.30610236220472E-4","7.25847426870872E-4","false","LNX2"
"KANSL2","KANSL2","KANSL2","2.73735478764962E-4","1.84547244094488E-4","3.62923713435436E-4","false","KANSL2"
"ESYT1","ESYT1","ESYT1","0.01355056182019863","0.026883369412336","2.17754228061262E-4","false","ESYT1"
"MBNL2","MBNL2","MBNL2","0.0071426519801183795","0.0134868717906788","7.98432169557959E-4","false","MBNL2"
"FRMD6","FRMD6","FRMD6","5.142639735631509E-4","7.38188976377953E-4","2.90338970748349E-4","false","FRMD6"
"SCAPER","SCAPER","SCAPER","0.0021001079641646166","0.00376470747220671","4.35508456122523E-4","false","SCAPER"
"PCSK6","PCSK6","PCSK6","5.837633288734675E-4","3.69094488188976E-4","7.98432169557959E-4","false","PCSK6"
"POLG","POLG","POLG","0.01319632212278443","0.0255942120760109","7.98432169557959E-4","false","POLG"
"FURIN","FURIN","FURIN","1.451694853741745E-4","0.0","2.90338970748349E-4","false","FURIN"
"CDH11","CDH11","CDH11","0.0","0.0","0.0","false","CDH11"
"MAP1LC3B","MAP1LC3B","MAP1LC3B","0.006428573956645525","0.0125668089425427","2.90338970748349E-4","false","MAP1LC3B"
"KSR1","KSR1","KSR1","0.0029461109715975247","3.0757874015748E-4","0.00558464320303757","false","KSR1"
"ARSG","ARSG","ARSG","2.62666484109371E-4","3.0757874015748E-4","2.17754228061262E-4","false","ARSG"
"BCAS3","BCAS3","BCAS3","0.0","0.0","0.0","false","BCAS3"
"AFG3L2","AFG3L2","AFG3L2","0.0011066471871411846","0.00141486220472441","7.98432169557959E-4","false","AFG3L2"
"GAREM1","GAREM1","GAREM1","0.0021505547175405195","0.00401077046433269","2.90338970748349E-4","false","GAREM1"
"TP53","TP53","TP53","0.003572585627866875","0.0","0.00714517125573375","false","TP53"
"RPTOR","RPTOR","RPTOR","0.0025183110155578515","7.38188976377953E-4","0.00429843305473775","false","RPTOR"
"DUS3L","DUS3L","DUS3L","0.002611286550350995","0.00413380196039568","0.00108877114030631","false","DUS3L"
"ZNF614","ZNF614","ZNF614","0.00547074936941685","0.0109414987388337","0.0","false","ZNF614"
"RERE","RERE","RERE","0.0102439112184132","0.0176410842358304","0.002846738200996","false","RERE"
"C1orf216","C1orf216","C1orf216","8.882566816541754E-4","6.15157480314961E-4","0.00116135588299339","false","C1orf216"
"ZNF697","ZNF697","ZNF697","0.0016079819799126463","0.00278045550370277","4.35508456122523E-4","false","ZNF697"
"POGK","POGK","POGK","3.992160847789795E-4","0.0","7.98432169557959E-4","false","POGK"
"CREG1","CREG1","CREG1","6.76036950920712E-4","5.53641732283465E-4","7.98432169557959E-4","false","CREG1"
"SF3B4","SF3B4","SF3B4",,,"4.35508456122523E-4","false","SF3B4"
"PI4KB","PI4KB","PI4KB","0.014316807762718873","0.0283432765546894","2.90338970748349E-4","false","PI4KB"
"CERS2","CERS2","CERS2","0.001181044762353554","1.84547244094488E-4","0.00217754228061262","false","CERS2"
"DUSP10","DUSP10","DUSP10","6.17606590265986E-4","7.99704724409449E-4","4.35508456122523E-4","false","DUSP10"
"SDE2","SDE2","SDE2","3.383366141732285E-4","6.76673228346457E-4","0.0","false","SDE2"
"UBXN4","UBXN4","UBXN4","0.0028861815950364748","0.00278045550370277","0.00299190768637018","false","UBXN4"
"VGLL4","VGLL4","VGLL4","0.0","0.0","0.0","false","VGLL4"
"PLA1A","PLA1A","PLA1A","7.178638195920505E-4","4.92125984251968E-4","9.43601654932133E-4","false","PLA1A"
"PAM","PAM","PAM","0.002309878584947053","0.00425683345645867","3.62923713435436E-4","false","PAM"
"ARHGAP26","ARHGAP26","ARHGAP26","1.5378937007874E-4","3.0757874015748E-4","0.0","false","ARHGAP26"
"G3BP1","G3BP1","G3BP1","0.0034471050218528587","1.84547244094488E-4","0.00670966279961123","false","G3BP1"
"PPP1R18","PPP1R18","PPP1R18","0.00244817538282179","3.0757874015748E-4","0.0045887720254861","false","PPP1R18"
"WTAP","WTAP","WTAP","2.6820098143716647E-4","2.46062992125984E-4","2.90338970748349E-4","false","WTAP"
"OGT","OGT","OGT","0.001890337343382175","0.00327258148795474","5.0809319880961E-4","false","OGT"
"DIAPH2","DIAPH2","DIAPH2","4.3305934617149746E-4","4.30610236220472E-4","4.35508456122523E-4","false","DIAPH2"
"RBMX","RBMX","RBMX","0.00278045550370277","0.00556091100740554","0.0","false","RBMX"
"RPL7","RPL7","RPL7","0.0019953295267283616","0.0035551505973342","4.35508456122523E-4","false","RPL7"
"PLIN2","PLIN2","PLIN2","0.015913401692319626","0.0315364644138909","2.90338970748349E-4","false","PLIN2"
"C9orf72","C9orf72","C9orf72","0.004735393982493207","0.00932561847961224","1.45169485374174E-4","false","C9orf72"
"IDI2","IDI2","IDI2","0.0024195583687025516","0.00440360828128258","4.35508456122523E-4","false","IDI2"
"NRBF2","NRBF2","NRBF2","2.15305118110236E-4","4.30610236220472E-4","0.0","false","NRBF2"
"GLUD1","GLUD1","GLUD1","0.0019068752000454036","6.76673228346457E-4","0.00313707717174435","false","GLUD1"
"ADM","ADM","ADM",,,"4.35508456122523E-4","false","ADM"
"ARFGAP2","ARFGAP2","ARFGAP2","0.006639458902357815","0.00871046099929728","0.00456845680541835","false","ARFGAP2"
"ESAM","ESAM","ESAM","0.00553582022025365","0.0","0.0110716404405073","false","ESAM"
"ARID5B","ARID5B","ARID5B","0.002508580211073907","0.00487199093677364","1.45169485374174E-4","false","ARID5B"
"FREM2","FREM2","FREM2","2.177542280612615E-4","0.0","4.35508456122523E-4","false","FREM2"
"CRIM1","CRIM1","CRIM1","0.005448948505998137","0.0107527275266221","1.45169485374174E-4","false","CRIM1"
"QTRT2","QTRT2","QTRT2","0.0145037810862241","0.0290075621724482","0.0","false","QTRT2"
"SAV1","SAV1","SAV1","0.00453977774374313","0.00907955548748626","0.0","false","SAV1"
"SCHIP1","SCHIP1","SCHIP1","0.0016766817919152896","0.00306302461308223","2.90338970748349E-4","false","SCHIP1"
"KCNE4","KCNE4","KCNE4","0.005639009050767023","0.010407001189289","8.71016912245046E-4","false","KCNE4"
"JMY","JMY","JMY","0.0","0.0","0.0","false","JMY"
"HOMER1","HOMER1","HOMER1","3.9368158745118405E-4","6.15157480314961E-5","7.25847426870872E-4","false","HOMER1"
"ZNF256","ZNF256","ZNF256","0.004587706836903815","0.00837698150424967","7.98432169557959E-4","false","ZNF256"
"PELO","PELO","PELO","1.451694853741745E-4","0.0","2.90338970748349E-4","false","PELO"
"HNRNPDL","HNRNPDL","HNRNPDL","0.00712201686872428","0.00290348699976576","0.0113405467376828","false","HNRNPDL"
"BMP6","BMP6","BMP6","0.004959886712469562","0.0094842649688166","4.35508456122523E-4","false","BMP6"
"HNRNPU","HNRNPU","HNRNPU","0.001954938478790442","0.00376470747220671","1.45169485374174E-4","false","HNRNPU"
"NR4A2","NR4A2","NR4A2","5.97917710905829E-4","6.15157480314961E-4","5.80677941496697E-4","false","NR4A2"
"SLC25A27","SLC25A27","SLC25A27","0.003274394320480015","0.00531484801527955","0.00123394062568048","false","SLC25A27"
"UBALD1","UBALD1","UBALD1","2.989588554529145E-4","3.0757874015748E-4","2.90338970748349E-4","false","UBALD1"
"ING1","ING1","ING1","0.0030595942091552176","8.61220472440945E-4","0.00525796794586949","false","ING1"
"KCTD15","KCTD15","KCTD15","0.005154006047933477","0.00987250363974443","4.35508456122523E-4","false","KCTD15"
"SREK1","SREK1","SREK1","0.0021560449876746896","0.00402175100460103","2.90338970748349E-4","false","SREK1"
"ANKH","ANKH","ANKH","0.002760133473334057","0.00537509746129394","1.45169485374174E-4","false","ANKH"
"OTULIN","OTULIN","OTULIN","0.001351652662855932","0.00255813584033769","1.45169485374174E-4","false","OTULIN"
"RETREG1","RETREG1","RETREG1","0.006467838726434855","0.00979860028112536","0.00313707717174435","false","RETREG1"
"ABCA5","ABCA5","ABCA5","0.009120997876654312","0.0178064872971861","4.35508456122523E-4","false","ABCA5"
"FLCN","FLCN","FLCN","0.003266410713201196","0.00580697399953152","7.25847426870872E-4","false","FLCN"
"OXNAD1","OXNAD1","OXNAD1","6.1697031284024E-4","0.0","0.00123394062568048","false","OXNAD1"
"ANKRD40","ANKRD40","ANKRD40","3.2971672946866253E-4","3.69094488188976E-4","2.90338970748349E-4","false","ANKRD40"
"ATP6V1C1","ATP6V1C1","ATP6V1C1","0.0037253297134863944","0.00716032045622444","2.90338970748349E-4","false","ATP6V1C1"
"LARP1","LARP1","LARP1","0.005035556842533421","0.00985335945700558","2.17754228061262E-4","false","LARP1"
"FZD7","FZD7","FZD7","0.002817172240448996","0.00490849705402712","7.25847426870872E-4","false","FZD7"
"MCU","MCU","MCU","0.0024802714470091836","0.00437986495252167","5.80677941496697E-4","false","MCU"
"BACH1","BACH1","BACH1","0.0024802714470091836","0.00437986495252167","5.80677941496697E-4","false","BACH1"
"SCAF4","SCAF4","SCAF4","6.1515748031496E-5","1.23031496062992E-4","0.0","false","SCAF4"
"SUPV3L1","SUPV3L1","SUPV3L1","0.0010143735650939394","0.00123031496062992","7.98432169557959E-4","false","SUPV3L1"
"MFSD14A","MFSD14A","MFSD14A","0.004415817071555526","0.00839612568698853","4.35508456122523E-4","false","MFSD14A"
"COX6A2","COX6A2","COX6A2","0.00371989597313756","0.00415754528915659","0.00328224665711853","false","COX6A2"
"BRPF1","BRPF1","BRPF1","0.01150527532934405","0.0230105506586881","0.0","false","BRPF1"
"BRAF","BRAF","BRAF","0.0","0.0","0.0","false","BRAF"
"FMNL2","FMNL2","FMNL2","0.0059127445295319905","0.0105915484333835","0.00123394062568048","false","FMNL2"
"TRIM63","TRIM63","TRIM63","0.00259590825960828","0.00519181651921656","0.0","false","TRIM63"
"DUSP2","DUSP2","DUSP2","0.00318305300097458","0.00636610600194916","0.0","false","DUSP2"
"PRXL2C","PRXL2C","PRXL2C","2.46062992125984E-4","4.92125984251968E-4","0.0","false","PRXL2C"
"B4GALT5","B4GALT5","B4GALT5",,,"0.0","false","B4GALT5"
"GPAT4","GPAT4","GPAT4","0.003334097235986235","0.00666819447197247","0.0","false","GPAT4"
"NBL1","NBL1","NBL1","4.613681102362205E-4","9.22736220472441E-4","0.0","false","NBL1"
"SPATA2L","SPATA2L","SPATA2L","2.989588554529145E-4","3.0757874015748E-4","2.90338970748349E-4","false","SPATA2L"
"RAPGEF6","RAPGEF6","RAPGEF6","0.0116071210427607","0.0232142420855214","0.0","false","RAPGEF6"
"PAXBP1","PAXBP1","PAXBP1","0.005773086510945375","0.0112558340511424","2.90338970748349E-4","false","PAXBP1"
"IFNGR2","IFNGR2","IFNGR2","0.0012155243011718149","0.00141486220472441","0.00101618639761922","false","IFNGR2"
"SON","SON","SON","0.001638674218608236","4.30610236220472E-4","0.002846738200996","false","SON"
"GPBP1L1","GPBP1L1","GPBP1L1","0.00244817538282179","3.0757874015748E-4","0.0045887720254861","false","GPBP1L1"
"CCDC117","CCDC117","CCDC117","0.011485041753362573","0.0226797445359768","2.90338970748349E-4","false","CCDC117"
"PTGIR","PTGIR","PTGIR","0.0036022982174233995","0.00691425746409845","2.90338970748349E-4","false","PTGIR"
"BSDC1","BSDC1","BSDC1","2.26374112765827E-4","3.0757874015748E-4","1.45169485374174E-4","false","BSDC1"
"VMA21","VMA21","VMA21","4.921259842519685E-4","9.84251968503937E-4","0.0","false","VMA21"
"RRP1B","RRP1B","RRP1B","2.15305118110236E-4","4.30610236220472E-4","0.0","false","RRP1B"
"ICOSLG","ICOSLG","ICOSLG","0.0018232214627027245","7.99704724409449E-4","0.002846738200996","false","ICOSLG"
"PCNT","PCNT","PCNT","0.003635505201390176","0.00654516297590948","7.25847426870872E-4","false","PCNT"
"SIK3","SIK3","SIK3","0.013479155255024786","0.0216436910576926","0.00531461945235697","false","SIK3"
"S100A1","S100A1","S100A1","7.03709437559687E-4","2.46062992125984E-4","0.00116135588299339","false","S100A1"
"IL6R","IL6R","IL6R","4.35508456122523E-4","0.0","8.71016912245046E-4","false","IL6R"
"LMNA","LMNA","LMNA","2.6820098143716647E-4","2.46062992125984E-4","2.90338970748349E-4","false","LMNA"
"ZNF394","ZNF394","ZNF394","0.009012120762623681","0.0178064872971861","2.17754228061262E-4","false","ZNF394"
"SQSTM1","SQSTM1","SQSTM1","0.00837457349507506","0.0163136385340276","4.35508456122523E-4","false","SQSTM1"
"TAMALIN","TAMALIN","TAMALIN","7.20949206968821E-4","8.61220472440945E-4","5.80677941496697E-4","false","TAMALIN"
"RAVER1","RAVER1","RAVER1","2.4851210207700955E-4","6.15157480314961E-5","4.35508456122523E-4","false","RAVER1"
"TAL1","TAL1","TAL1","6.6188256888835E-4","3.0757874015748E-4","0.00101618639761922","false","TAL1"
"PLPP3","PLPP3","PLPP3","0.0015032035424763913","0.00257089862883026","4.35508456122523E-4","false","PLPP3"
"FUBP1","FUBP1","FUBP1","0.004295966955607706","9.22736220472441E-4","0.00766919769074297","false","FUBP1"
"GBP2","GBP2","GBP2","0.022731303713135576","0.0451722684555228","2.90338970748349E-4","false","GBP2"
"ZNF326","ZNF326","ZNF326","0.0026533228908981518","7.38188976377953E-4","0.00456845680541835","false","ZNF326"
"RBM15","RBM15","RBM15","0.0020890389695090244","0.0038877389682697","2.90338970748349E-4","false","RBM15"
"PKDCC","PKDCC","PKDCC","0.002491340441664771","0.00425683345645867","7.25847426870872E-4","false","PKDCC"
"WDR26","WDR26","WDR26","0.01546002493918649","0.0245007260495101","0.00641932382886288","false","WDR26"
"PEX13","PEX13","PEX13","0.0026931274551683917","0.00524108542496261","1.45169485374174E-4","false","PEX13"
"MSX1","MSX1","MSX1","2.177542280612615E-4","0.0","4.35508456122523E-4","false","MSX1"
"RNF149","RNF149","RNF149","0.022053435945502724","0.0438165329202571","2.90338970748349E-4","false","RNF149"
"ABRAXAS1","ABRAXAS1","ABRAXAS1","0.018992727597088012","0.0375499467380535","4.35508456122523E-4","false","ABRAXAS1"
"IFI16","IFI16","IFI16","1.451694853741745E-4","0.0","2.90338970748349E-4","false","IFI16"
"GTPBP8","GTPBP8","GTPBP8","0.002200574665366496","1.23031496062992E-4","0.00427811783467","false","GTPBP8"
"ATXN7","ATXN7","ATXN7","0.005202885513872137","0.0102606015423701","1.45169485374174E-4","false","ATXN7"
"UCN","UCN","UCN","0.007521158823593576","7.38188976377953E-4","0.0143041286708092","false","UCN"
"WDR43","WDR43","WDR43","0.005985013342979974","0.0116796877152116","2.90338970748349E-4","false","WDR43"
"KLF15","KLF15","KLF15","0.015161333162371986","0.0295968188978731","7.25847426870872E-4","false","KLF15"
"SGMS2","SGMS2","SGMS2","4.83506099547403E-4","6.76673228346457E-4","2.90338970748349E-4","false","SGMS2"
"WDR82","WDR82","WDR82","2.6820098143716647E-4","2.46062992125984E-4","2.90338970748349E-4","false","WDR82"
"SAP30","SAP30","SAP30","5.142639735631509E-4","7.38188976377953E-4","2.90338970748349E-4","false","SAP30"
"FHIP1A","FHIP1A","FHIP1A","0.003584716557881215","0.00220180414064129","0.00496762897512114","false","FHIP1A"
"NIPBL","NIPBL","NIPBL","0.005967205846409275","0.0116440727220702","2.90338970748349E-4","false","NIPBL"
"STARD4","STARD4","STARD4","0.01352415746946364","0.0258143743132468","0.00123394062568048","false","STARD4"
"ANKRD33B","ANKRD33B","ANKRD33B","5.45021847578899E-4","7.99704724409449E-4","2.90338970748349E-4","false","ANKRD33B"
"DCBLD1","DCBLD1","DCBLD1","0.003026518495828755","0.00605303699165751","0.0","false","DCBLD1"
"DAGLB","DAGLB","DAGLB","0.001669432092623984","4.92125984251968E-4","0.002846738200996","false","DAGLB"
"TRA2A","TRA2A","TRA2A","0.005721710581444873","0.0105724042506447","8.71016912245046E-4","false","TRA2A"
"ZNF12","ZNF12","ZNF12","2.374431074214185E-4","1.84547244094488E-4","2.90338970748349E-4","false","ZNF12"
"LMTK2","LMTK2","LMTK2","0.0116071210427607","0.0232142420855214","0.0","false","LMTK2"
"SOX17","SOX17","SOX17","0.010315205614745925","0.0154812764825768","0.00514913474691505","false","SOX17"
"TMEM65","TMEM65","TMEM65","0.0","0.0","0.0","false","TMEM65"
"NIPSNAP3B","NIPSNAP3B","NIPSNAP3B","3.075787401574805E-4","6.15157480314961E-4","0.0","false","NIPSNAP3B"
"NFIL3","NFIL3","NFIL3","0.0020890389695090244","0.0038877389682697","2.90338970748349E-4","false","NFIL3"
"ASB11","ASB11","ASB11","0.010701647622237638","0.0212581257591011","1.45169485374174E-4","false","ASB11"
"GAPVD1","GAPVD1","GAPVD1","0.0036243705714144253","0.00425683345645867","0.00299190768637018","false","GAPVD1"
"SLC16A9","SLC16A9","SLC16A9","5.142639735631509E-4","7.38188976377953E-4","2.90338970748349E-4","false","SLC16A9"
"ARF6","ARF6","ARF6","0.0010615243116003294","0.00183270965245231","2.90338970748349E-4","false","ARF6"
"KBTBD6","KBTBD6","KBTBD6","9.89150188405988E-4","0.00110728346456693","8.71016912245046E-4","false","KBTBD6"
"PDZD8","PDZD8","PDZD8","0.0014968221482301064","0.00255813584033769","4.35508456122523E-4","false","PDZD8"
"PMPCA","PMPCA","PMPCA","6.1697031284024E-4","0.0","0.00123394062568048","false","PMPCA"
"DDX21","DDX21","DDX21","3.604746034844105E-4","4.30610236220472E-4","2.90338970748349E-4","false","DDX21"
"CASP7","CASP7","CASP7","5.056440888585845E-4","4.30610236220472E-4","5.80677941496697E-4","false","CASP7"
"TRMT61A","TRMT61A","TRMT61A","0.00175932224004036","0.00351864448008072","0.0","false","TRMT61A"
"USP54","USP54","USP54","0.032030229448310785","0.0639152894112474","1.45169485374174E-4","false","USP54"
"RRAD","RRAD","RRAD","4.83506099547403E-4","6.76673228346457E-4","2.90338970748349E-4","false","RRAD"
"NNMT","NNMT","NNMT","0.001531512306541115","0.00306302461308223","0.0","false","NNMT"
"TERF2IP","TERF2IP","TERF2IP","0.003114939182433172","2.46062992125984E-4","0.00598381537274036","false","TERF2IP"
"ZBTB39","ZBTB39","ZBTB39","0.003951363573942534","0.00710429497832711","7.98432169557959E-4","false","ZBTB39"
"SMAD3","SMAD3","SMAD3","0.0011734868130077322","0.00220180414064129","1.45169485374174E-4","false","SMAD3"
"MAPRE2","MAPRE2","MAPRE2","6.705024535929165E-4","6.15157480314961E-4","7.25847426870872E-4","false","MAPRE2"
"C15orf39","C15orf39","C15orf39","2.903389707483485E-4","0.0","5.80677941496697E-4","false","C15orf39"
"CRK","CRK","CRK","0.001831906982727447","0.00351864448008072","1.45169485374174E-4","false","CRK"
"CDK12","CDK12","CDK12","1.451694853741745E-4","0.0","2.90338970748349E-4","false","CDK12"
"SERTAD3","SERTAD3","SERTAD3","4.94575094202994E-4","5.53641732283465E-4","4.35508456122523E-4","false","SERTAD3"
"ZNF146","ZNF146","ZNF146","0.0030509743244506475","5.53641732283465E-4","0.00554830691661783","false","ZNF146"
"PPP1R14A","PPP1R14A","PPP1R14A","2.177542280612615E-4","0.0","4.35508456122523E-4","false","PPP1R14A"
"EEF2","EEF2","EEF2","0.002456061359538835","0.00367818209339719","0.00123394062568048","false","EEF2"
"PLIN4","PLIN4","PLIN4","0.006486619837796917","0.0120296380206617","9.43601654932133E-4","false","PLIN4"
"SEMA6B","SEMA6B","SEMA6B","2.177542280612615E-4","0.0","4.35508456122523E-4","false","SEMA6B"
"ANGPTL4","ANGPTL4","ANGPTL4","0.007962024175761424","0.0127869711797785","0.00313707717174435","false","ANGPTL4"
"E4F1","E4F1","E4F1","0.0050813083163154145","0.00673520049013813","0.0034274161424927","false","E4F1"
"SF1","SF1","SF1","0.0102860112931335","0.020572022586267","0.0","false","SF1"
"IRF2BP2","IRF2BP2","IRF2BP2","2.4851210207700955E-4","6.15157480314961E-5","4.35508456122523E-4","false","IRF2BP2"
"KCTD6","KCTD6","KCTD6","0.001954938478790442","0.00376470747220671","1.45169485374174E-4","false","KCTD6"
"SEPTIN2","SEPTIN2","SEPTIN2","0.0018044008883875914","0.00317329332065266","4.35508456122523E-4","false","SEPTIN2"
"BDKRB2","BDKRB2","BDKRB2","3.715435981400015E-4","3.0757874015748E-4","4.35508456122523E-4","false","BDKRB2"
"RAB31","RAB31","RAB31","1.08877114030631E-4","0.0","2.17754228061262E-4","false","RAB31"
"CDKN2AIP","CDKN2AIP","CDKN2AIP","0.009266167362028488","0.0178064872971861","7.25847426870872E-4","false","CDKN2AIP"
"SLC20A2","SLC20A2","SLC20A2",,,"4.35508456122523E-4","false","SLC20A2"
"PKIG","PKIG","PKIG","5.142639735631509E-4","7.38188976377953E-4","2.90338970748349E-4","false","PKIG"
"ZBTB5","ZBTB5","ZBTB5","0.0085249781879372","0.0","0.0170499563758744","false","ZBTB5"
"E2F6","E2F6","E2F6","2.989588554529145E-4","3.0757874015748E-4","2.90338970748349E-4","false","E2F6"
"FEM1B","FEM1B","FEM1B","0.0017814602293515446","0.00327258148795474","2.90338970748349E-4","false","FEM1B"
"SLC25A6","SLC25A6","SLC25A6","9.2273622047244E-5","1.84547244094488E-4","0.0","false","SLC25A6"
"NPIPB12","NPIPB12","NPIPB12","0.004841071427685775","0.00364167597614371","0.00604046687922784","false","NPIPB12"
"NPIPB3","NPIPB3","NPIPB3","0.002774153458308915","0.0","0.00554830691661783","false","NPIPB3"
"NMD3","NMD3","NMD3","0.01062906287955055","0.0212581257591011","0.0","false","NMD3"
"HINT1","HINT1","HINT1","5.167130835141761E-4","3.0757874015748E-4","7.25847426870872E-4","false","HINT1"
"HNRNPF","HNRNPF","HNRNPF","3.715435981400015E-4","3.0757874015748E-4","4.35508456122523E-4","false","HNRNPF"
"SYAP1","SYAP1","SYAP1","5.142639735631509E-4","7.38188976377953E-4","2.90338970748349E-4","false","SYAP1"
"TOR1AIP2","TOR1AIP2","TOR1AIP2","0.012563608943821223","0.0248368789168941","2.90338970748349E-4","false","TOR1AIP2"
"MAP3K2","MAP3K2","MAP3K2","0.005942550196882917","0.0109414987388337","9.43601654932133E-4","false","MAP3K2"
"IFFO2","IFFO2","IFFO2","3.100278501085055E-4","1.84547244094488E-4","4.35508456122523E-4","false","IFFO2"
"HNRNPA3","HNRNPA3","HNRNPA3","0.009048413133967224","0.0178064872971861","2.90338970748349E-4","false","HNRNPA3"
"SIK2","SIK2","SIK2","0.0031716879812029295","0.00605303699165751","2.90338970748349E-4","false","SIK2"
"GABARAP","GABARAP","GABARAP","2.7926997609275747E-4","1.23031496062992E-4","4.35508456122523E-4","false","GABARAP"
"AKAP13","AKAP13","AKAP13","3.690944881889765E-4","7.38188976377953E-4","0.0","false","AKAP13"
"KIAA0232","KIAA0232","KIAA0232","0.004203693333560461","7.38188976377953E-4","0.00766919769074297","false","KIAA0232"
"S1PR1","S1PR1","S1PR1","0.003222134734578832","0.00629909998378349","1.45169485374174E-4","false","S1PR1"
"PYGO1","PYGO1","PYGO1","0.0017924635886869766","7.38188976377953E-4","0.002846738200996","false","PYGO1"
"PKIA","PKIA","PKIA","0.0033634512845101797","3.0757874015748E-4","0.00641932382886288","false","PKIA"
"SOCS5","SOCS5","SOCS5","0.0","0.0","0.0","false","SOCS5"
"SPSB1","SPSB1","SPSB1","5.5609084223449E-4","6.76673228346457E-4","4.35508456122523E-4","false","SPSB1"
"ZNF540","ZNF540","ZNF540","0.0014824357385784725","5.53641732283465E-4","0.00241122974487348","false","ZNF540"
"JMJD1C","JMJD1C","JMJD1C","7.295690916733896E-4","0.00116879921259843","2.90338970748349E-4","false","JMJD1C"
"COPRS","COPRS","COPRS","5.5609084223449E-4","6.76673228346457E-4","4.35508456122523E-4","false","COPRS"
"COPS9","COPS9","COPS9","8.329117083762215E-4","0.00123031496062992","4.35508456122523E-4","false","COPS9"
"SMPDL3A","SMPDL3A","SMPDL3A","7.541561909355939E-4","4.92125984251968E-4","0.00101618639761922","false","SMPDL3A"
"TMCC1","TMCC1","TMCC1","0.009158494252585124","0.0180266495344219","2.90338970748349E-4","false","TMCC1"
"TRMT112","TRMT112","TRMT112","0.0189827346925707","0.0248012639237527","0.0131642054613887","false","TRMT112"
"TNFRSF10D","TNFRSF10D","TNFRSF10D","0.008066065578792973","0.0152611142453409","8.71016912245046E-4","false","TNFRSF10D"
"NABP1","NABP1","NABP1","1.451694853741745E-4","0.0","2.90338970748349E-4","false","NABP1"
"CHD2","CHD2","CHD2","0.00367971554469238","0.00364167597614371","0.00371775511324105","false","CHD2"
"EIF1AX","EIF1AX","EIF1AX","0.0227396772412566","0.0307397173555814","0.0147396371269318","false","EIF1AX"
"AGFG1","AGFG1","AGFG1","0.005003210484427066","0.00928057354198326","7.25847426870872E-4","false","AGFG1"
"EIF1","EIF1","EIF1","3.075787401574805E-5","6.15157480314961E-5","0.0","false","EIF1"
"MARCHF3","MARCHF3","MARCHF3","2.42977604749214E-4","1.23031496062992E-4","3.62923713435436E-4","false","MARCHF3"
"LEMD3","LEMD3","LEMD3","0.001515642722545244","1.84547244094488E-4","0.002846738200996","false","LEMD3"
"RALGAPA1","RALGAPA1","RALGAPA1","5.142639735631509E-4","7.38188976377953E-4","2.90338970748349E-4","false","RALGAPA1"
"SLC26A9","SLC26A9","SLC26A9","6.79122338297482E-4","9.22736220472441E-4","4.35508456122523E-4","false","SLC26A9"
"SRP72","SRP72","SRP72","0.00466945778333049","0.00562116045341993","0.00371775511324105","false","SRP72"
"VCPIP1","VCPIP1","VCPIP1","0.00890324364859305","0.0178064872971861","0.0","false","VCPIP1"
"ARL10","ARL10","ARL10","5.530054548577195E-4","3.0757874015748E-4","7.98432169557959E-4","false","ARL10"
"LONRF3","LONRF3","LONRF3","0.0015969129852570546","0.00290348699976576","2.90338970748349E-4","false","LONRF3"
"P2RY2","P2RY2","P2RY2","0.00120561487243674","0.0","0.00241122974487348","false","P2RY2"
"BAIAP2","BAIAP2","BAIAP2","5.364019628743325E-4","4.92125984251968E-4","5.80677941496697E-4","false","BAIAP2"
"PLEKHF2","PLEKHF2","PLEKHF2","0.0030486564851399346","0.00580697399953152","2.90338970748349E-4","false","PLEKHF2"
"UBE2O","UBE2O","UBE2O","0.006744273609069805","0.00605303699165751","0.0074355102264821","false","UBE2O"
"MEX3C","MEX3C","MEX3C","1.84547244094488E-4","3.69094488188976E-4","0.0","false","MEX3C"
"METRNL","METRNL","METRNL","0.001423369100498","0.0","0.002846738200996","false","METRNL"
"FIBIN","FIBIN","FIBIN","0.023349365041632108","0.0422551275431523","0.00444360254011192","false","FIBIN"
"CASKIN2","CASKIN2","CASKIN2","8.212064362948875E-4","5.53641732283465E-4","0.00108877114030631","false","CASKIN2"
"ZFAS1","ZFAS1","ZFAS1","0.001423369100498","0.0","0.002846738200996","false","ZFAS1"
"TGIF1","TGIF1","TGIF1","4.52748225531655E-4","6.15157480314961E-4","2.90338970748349E-4","false","TGIF1"
"IRX3","IRX3","IRX3","0.019663915178707452","0.0324729980724295","0.0068548322849854","false","IRX3"
"JUN","JUN","JUN","0.005949036900875535","0.0105915484333835","0.00130652536836757","false","JUN"
"POLR2L","POLR2L","POLR2L","0.0025196492057294947","0.00474895944071064","2.90338970748349E-4","false","POLR2L"
"FAM20C","FAM20C","FAM20C","2.15305118110236E-4","4.30610236220472E-4","0.0","false","FAM20C"
"HNRNPA0","HNRNPA0","HNRNPA0","0.002016454226821937","0.0038877389682697","1.45169485374174E-4","false","HNRNPA0"
"ZNF354B","ZNF354B","ZNF354B","3.075787401574805E-4","6.15157480314961E-4","0.0","false","ZNF354B"
"EPM2AIP1","EPM2AIP1","EPM2AIP1","0.0105532600679058","0.0211065201358116","0.0","false","EPM2AIP1"
"ERFE","ERFE","ERFE","0.003957827247394942","0.00748014603866736","4.35508456122523E-4","false","ERFE"
"ZHX2","ZHX2","ZHX2","0.230557768334001","0.316537125997339","0.144578410670663","false","ZHX2"
"TAF7","TAF7","TAF7","0.0067355164193772556","0.0123822616984482","0.00108877114030631","false","TAF7"
"ZNF552","ZNF552","ZNF552","0.00240123967475565","0.0019557411485153","0.002846738200996","false","ZNF552"
"FBXO34","FBXO34","FBXO34","2.177542280612615E-4","0.0","4.35508456122523E-4","false","FBXO34"
"RCC2","RCC2","RCC2","0.0029587007024034027","3.69094488188976E-4","0.00554830691661783","false","RCC2"
"SAMD4B","SAMD4B","SAMD4B","0.008741786600474599","0.0169028952594525","5.80677941496697E-4","false","SAMD4B"
"GATA2","GATA2","GATA2","0.0030051776096779977","8.61220472440945E-4","0.00514913474691505","false","GATA2"
"TIGD5","TIGD5","TIGD5","0.0029477629783881236","0.00531484801527955","5.80677941496697E-4","false","TIGD5"
"ZNF154","ZNF154","ZNF154","0.0020537598873830894","0.00330908760520822","7.98432169557959E-4","false","ZNF154"
"MTURN","MTURN","MTURN","0.011342799146710277","0.0178064872971861","0.00487911099623445","false","MTURN"
"SSTR2","SSTR2","SSTR2","1.23031496062992E-4","2.46062992125984E-4","0.0","false","SSTR2"
"PCGF5","PCGF5","PCGF5","0.008438112772777874","0.0165858865748074","2.90338970748349E-4","false","PCGF5"
"YOD1","YOD1","YOD1","0.0036181997966608847","0.00351864448008072","0.00371775511324105","false","YOD1"
"SMG1P3","SMG1P3","SMG1P3","3.912324775001585E-4","4.92125984251968E-4","2.90338970748349E-4","false","SMG1P3"
"GPR157","GPR157","GPR157","9.220999430466945E-4","0.00104576771653543","7.98432169557959E-4","false","GPR157"
"ZNF746","ZNF746","ZNF746","0.0","0.0","0.0","false","ZNF746"
"POLR2A","POLR2A","POLR2A","3.075787401574805E-5","6.15157480314961E-5","0.0","false","POLR2A"
"UTS2R","UTS2R","UTS2R",,,"6.53262684183785E-4","false","UTS2R"
"ZBTB2","ZBTB2","ZBTB2","2.6820098143716647E-4","2.46062992125984E-4","2.90338970748349E-4","false","ZBTB2"
"ADO","ADO","ADO","0.0","0.0","0.0","false","ADO"
"EXT1","EXT1","EXT1","6.31760972298346E-4","0.00104576771653543","2.17754228061262E-4","false","EXT1"
"SYNM","SYNM","SYNM","0.0018540449720386314","0.00327258148795474","4.35508456122523E-4","false","SYNM"
"C8orf33","C8orf33","C8orf33","0.0057408547641837225","0.0106106926161224","8.71016912245046E-4","false","C8orf33"
"ANXA2","ANXA2","ANXA2","1.451694853741745E-4","0.0","2.90338970748349E-4","false","ANXA2"
"DDX28","DDX28","DDX28","8.40895315655043E-4","7.38188976377953E-4","9.43601654932133E-4","false","DDX28"
"RBM10","RBM10","RBM10","0.0019155607200701263","0.00339561298401773","4.35508456122523E-4","false","RBM10"
"EWSR1","EWSR1","EWSR1","0.0033999222801048517","0.00585624290527757","9.43601654932133E-4","false","EWSR1"
"ACTG1","ACTG1","ACTG1","6.81571448248507E-4","4.92125984251968E-4","8.71016912245046E-4","false","ACTG1"
"PTP4A3","PTP4A3","PTP4A3","0.00203322411110444","0.00305026182458966","0.00101618639761922","false","PTP4A3"
"SOCS3","SOCS3","SOCS3","5.5609084223449E-4","6.76673228346457E-4","4.35508456122523E-4","false","SOCS3"
"ANKS1B","ANKS1B","ANKS1B","0.004707085218428489","0.00883349249536028","5.80677941496697E-4","false","ANKS1B"
"FAM43A","FAM43A","FAM43A","2.177542280612615E-4","0.0","4.35508456122523E-4","false","FAM43A"
"SOCS1","SOCS1","SOCS1","2.15305118110236E-4","4.30610236220472E-4","0.0","false","SOCS1"
"METTL7A","METTL7A","METTL7A","0.002628983972934745","0.0","0.00525796794586949","false","METTL7A"
"ZFP36L1","ZFP36L1","ZFP36L1","0.007140584223253473","0.0134101515342619","8.71016912245046E-4","false","ZFP36L1"
"POU3F1","POU3F1","POU3F1",,,"0.0","false","POU3F1"
"SNAI3","SNAI3","SNAI3","3.62923713435436E-4","0.0","7.25847426870872E-4","false","SNAI3"
"SMG1P4","SMG1P4","SMG1P4","0.00307791290310211","0.00330908760520822","0.002846738200996","false","SMG1P4"
"NPIPB4","NPIPB4","NPIPB4","0.010292978469367884","0.0129167592479928","0.00766919769074297","false","NPIPB4"
"IRS2","IRS2","IRS2","0.00370319172417521","0.00740638344835042","0.0","false","IRS2"
"ZNF529","ZNF529","ZNF529","9.2273622047244E-5","1.84547244094488E-4","0.0","false","ZNF529"
"POLR3C","POLR3C","POLR3C","0.00176481251017453","0.00352962502034906","0.0","false","POLR3C"
"BLOC1S4","BLOC1S4","BLOC1S4","7.62139798214415E-4","0.0","0.00152427959642883","false","BLOC1S4"
"ZNF749","ZNF749","ZNF749","2.989588554529145E-4","3.0757874015748E-4","2.90338970748349E-4","false","ZNF749"
"TEAD1","TEAD1","TEAD1","0.002034804916010448","6.15157480314961E-5","0.0040080940839894","false","TEAD1"
"KCNJ11","KCNJ11","KCNJ11","0.004170683255554155","0.00834136651110831","0.0","false","KCNJ11"
"PTMA","PTMA","PTMA","4.6381722018724544E-4","4.92125984251968E-4","4.35508456122523E-4","false","PTMA"
"USP7","USP7","USP7","4.85955209498428E-4","2.46062992125984E-4","7.25847426870872E-4","false","USP7"
"ZP3","ZP3","ZP3","2.177542280612615E-4","0.0","4.35508456122523E-4","false","ZP3"
"RTL6","RTL6","RTL6","0.0","0.0","0.0","false","RTL6"
"ZNF548","ZNF548","ZNF548","0.001887186320685249","4.92125984251968E-4","0.00328224665711853","false","ZNF548"
"RNFT1","RNFT1","RNFT1","0.005447975102679905","0.0103878570065502","5.0809319880961E-4","false","RNFT1"
"LITAF","LITAF","LITAF","7.37552698952208E-4","6.76673228346457E-4","7.98432169557959E-4","false","LITAF"
"S100A13","S100A13","S100A13","0.0018256705726537531","3.69094488188976E-4","0.00328224665711853","false","S100A13"
"STK40","STK40","STK40","0.010967015014220474","0.0216436910576926","2.90338970748349E-4","false","STK40"
"CD55","CD55","CD55","3.2971672946866253E-4","3.69094488188976E-4","2.90338970748349E-4","false","CD55"
"WDR5","WDR5","WDR5","2.177542280612615E-4","0.0","4.35508456122523E-4","false","WDR5"
"SIAH1","SIAH1","SIAH1","0.010715396116640165","0.0187292235176585","0.00270156871562183","false","SIAH1"
"ESRRG","ESRRG","ESRRG","0.00848156922631623","0.0161647062830745","7.98432169557959E-4","false","ESRRG"
"GDAP2","GDAP2","GDAP2","4.21990351515907E-4","5.53641732283465E-4","2.90338970748349E-4","false","GDAP2"
"TECPR2","TECPR2","TECPR2","0.004732308595116441","0.00895652399142327","5.0809319880961E-4","false","TECPR2"
"ARHGEF12","ARHGEF12","ARHGEF12","0.002742893703924926","0.00475993998097898","7.25847426870872E-4","false","ARHGEF12"
"MAFG","MAFG","MAFG","7.2584742687087E-5","0.0","1.45169485374174E-4","false","MAFG"
"IGF2R","IGF2R","IGF2R","0.001100902070320645","0.00220180414064129","0.0","false","IGF2R"
"SLC22A4","SLC22A4","SLC22A4","0.003099103238515842","0.00605303699165751","1.45169485374174E-4","false","SLC22A4"
"SVIL","SVIL","SVIL","7.2584742687087E-5","0.0","1.45169485374174E-4","false","SVIL"
"PELI1","PELI1","PELI1","7.2584742687087E-5","0.0","1.45169485374174E-4","false","PELI1"
"UAP1L1","UAP1L1","UAP1L1","6.31760972298346E-4","0.00104576771653543","2.17754228061262E-4","false","UAP1L1"
"HTT","HTT","HTT","0.00214028839260979","0.00428057678521958","0.0","false","HTT"
"MYO5A","MYO5A","MYO5A","5.86848716250238E-4","7.38188976377953E-4","4.35508456122523E-4","false","MYO5A"
"CCDC154","CCDC154","CCDC154","4.27524848843702E-4","4.92125984251968E-4","3.62923713435436E-4","false","CCDC154"
"PSAP","PSAP","PSAP","3.62923713435436E-4","0.0","7.25847426870872E-4","false","PSAP"
"MCMBP","MCMBP","MCMBP","0.01576823220694545","0.0315364644138909","0.0","false","MCMBP"
"MYO1C","MYO1C","MYO1C","0.014868685513077766","0.0241890641095377","0.00554830691661783","false","MYO1C"
"MBP","MBP","MBP","3.383366141732285E-4","6.76673228346457E-4","0.0","false","MBP"
"NPIPB13","NPIPB13","NPIPB13",,,"0.0","false","NPIPB13"
"ZNF649","ZNF649","ZNF649","0.0071042949783271","0.0142085899566542","0.0","false","ZNF649"
"SOWAHC","SOWAHC","SOWAHC","4.779716022196075E-4","7.38188976377953E-4","2.17754228061262E-4","false","SOWAHC"
"PIM3","PIM3","PIM3","0.00222180127005596","0.0","0.00444360254011192","false","PIM3"
"ITSN2","ITSN2","ITSN2","0.0056159188547910245","0.0109414987388337","2.90338970748349E-4","false","ITSN2"
"YTHDF2","YTHDF2","YTHDF2","0.0010063899578151194","0.00172244094488189","2.90338970748349E-4","false","YTHDF2"
"ZNF627","ZNF627","ZNF627","0.003016397155070615","0.00318605610914523","0.002846738200996","false","ZNF627"
"ENSG00000198555.7","ENSG00000198555.7","ENSG00000198555.7","0.00580013643369089","0.00218904135214872","0.00941123151523306","false","ENSG00000198555.7"
"KLHL9","KLHL9","KLHL9","0.0025417871950406787","0.00450289644858466","5.80677941496697E-4","false","KLHL9"
"SMURF1","SMURF1","SMURF1","3.715435981400015E-4","3.0757874015748E-4","4.35508456122523E-4","false","SMURF1"
"TMEM184B","TMEM184B","TMEM184B","2.15305118110236E-4","4.30610236220472E-4","0.0","false","TMEM184B"
"GRK5","GRK5","GRK5","0.001955741148515305","0.00391148229703061","0.0","false","GRK5"
"DCAF12","DCAF12","DCAF12","0.003090779378927335","0.00618155875785467","0.0","false","DCAF12"
"CIPC","CIPC","CIPC","0.004110556660915201","0.00365265651641205","0.00456845680541835","false","CIPC"
"C1orf53","C1orf53","C1orf53","2.177542280612615E-4","0.0","4.35508456122523E-4","false","C1orf53"
"TIMM23B","TIMM23B","TIMM23B","5.530054548577195E-4","3.0757874015748E-4","7.98432169557959E-4","false","TIMM23B"
"BRD2","BRD2","BRD2","0.0088205421179152","0.0176410842358304","0.0","false","BRD2"
"PSMB8-AS1","PSMB8-AS1","PSMB8-AS1",,,"0.00429843305473775","false","PSMB8-AS1"
"NOTCH4","NOTCH4","NOTCH4","0.0012321277931552","0.00123031496062992","0.00123394062568048","false","NOTCH4"
"ZNF551","ZNF551","ZNF551","0.002804620071449165","0.00415754528915659","0.00145169485374174","false","ZNF551"
"ZNF805","ZNF805","ZNF805","0.0108040380322756","0.0216080760645512","0.0","false","ZNF805"
"DDR1","DDR1","DDR1","0.00243599546838682","0.00487199093677364","0.0","false","DDR1"
"TRIM27","TRIM27","TRIM27","0.001513259247914375","0.00302651849582875","0.0","false","TRIM27"
"DCTN1","DCTN1","DCTN1","0.001080787533027484","4.92125984251968E-4","0.001669449081803","false","DCTN1"
"C2CD4B","C2CD4B","C2CD4B","7.012603276086646E-4","6.76673228346457E-4","7.25847426870872E-4","false","C2CD4B"
"ENSG00000205740.2","ENSG00000205740.2","ENSG00000205740.2","0.0019487677040368981","0.00302651849582875","8.71016912245046E-4","false","ENSG00000205740.2"
"C5orf51","C5orf51","C5orf51","1.08877114030631E-4","0.0","2.17754228061262E-4","false","C5orf51"
"THUMPD3-AS1","THUMPD3-AS1","THUMPD3-AS1","0.006751803982121531","0.0132858537361818","2.17754228061262E-4","false","THUMPD3-AS1"
"PVRIG","PVRIG","PVRIG","1.451694853741745E-4","0.0","2.90338970748349E-4","false","PVRIG"
"S1PR3","S1PR3","S1PR3","6.705024535929165E-4","6.15157480314961E-4","7.25847426870872E-4","false","S1PR3"
"DDX47","DDX47","DDX47","4.21990351515907E-4","5.53641732283465E-4","2.90338970748349E-4","false","DDX47"
"CSNK1E","CSNK1E","CSNK1E","4.724371048918115E-4","7.99704724409449E-4","1.45169485374174E-4","false","CSNK1E"
"EML6","EML6","EML6","0.0020040470419947","0.0","0.0040080940839894","false","EML6"
"SLC6A10P","SLC6A10P","SLC6A10P","7.596906882633911E-4","4.30610236220472E-4","0.00108877114030631","false","SLC6A10P"
"ENSG00000215158.9","ENSG00000215158.9","ENSG00000215158.9","0.003803108701191588","0.00673520049013813","8.71016912245046E-4","false","ENSG00000215158.9"
"UBE2QL1","UBE2QL1","UBE2QL1","2.374431074214185E-4","1.84547244094488E-4","2.90338970748349E-4","false","UBE2QL1"
"FNIP1","FNIP1","FNIP1","0.0032884174318720664","7.38188976377953E-4","0.00583864588736618","false","FNIP1"
"UBA52","UBA52","UBA52","6.145212028892154E-4","4.30610236220472E-4","7.98432169557959E-4","false","UBA52"
"SVIL-AS1","SVIL-AS1","SVIL-AS1","3.9368158745118405E-4","6.15157480314961E-5","7.25847426870872E-4","false","SVIL-AS1"
"LINC01504","LINC01504","LINC01504","6.81571448248507E-4","4.92125984251968E-4","8.71016912245046E-4","false","LINC01504"
"ENSG00000226252.1","ENSG00000226252.1","ENSG00000226252.1","9.8851391098024E-4","3.0757874015748E-4","0.001669449081803","false","ENSG00000226252.1"
"TMEM185B","TMEM185B","TMEM185B",,,"7.98432169557959E-4","false","TMEM185B"
"FTLP3","FTLP3","FTLP3","5.167130835141761E-4","3.0757874015748E-4","7.25847426870872E-4","false","FTLP3"
"LINC01004","LINC01004","LINC01004","2.374431074214185E-4","1.84547244094488E-4","2.90338970748349E-4","false","LINC01004"
"ENSG00000228830.1","ENSG00000228830.1","ENSG00000228830.1",,,"4.35508456122523E-4","false","ENSG00000228830.1"
"RALGAPA1P1","RALGAPA1P1","RALGAPA1P1",,,"2.90338970748349E-4","false","RALGAPA1P1"
"RPL4P4","RPL4P4","RPL4P4","0.01134985799681195","0.0198529777926279","0.002846738200996","false","RPL4P4"
"ENSG00000230551.4","ENSG00000230551.4","ENSG00000230551.4","8.833584617521295E-4","0.00147637795275591","2.90338970748349E-4","false","ENSG00000230551.4"
"RHOQP3","RHOQP3","RHOQP3","0.002782773343013485","3.0757874015748E-4","0.00525796794586949","false","RHOQP3"
"ZNF674-AS1","ZNF674-AS1","ZNF674-AS1","5.339528529233075E-4","9.22736220472441E-4","1.45169485374174E-4","false","ZNF674-AS1"
"ENSG00000232611.1","ENSG00000232611.1","ENSG00000232611.1","4.52748225531655E-4","6.15157480314961E-4","2.90338970748349E-4","false","ENSG00000232611.1"
"CTC-338M12.4","CTC-338M12.4","CTC-338M12.4","3.35251226796458E-4","3.0757874015748E-4","3.62923713435436E-4","false","CTC-338M12.4"
"ENSG00000233987.2","ENSG00000233987.2","ENSG00000233987.2","0.005398387471160939","0.00519181651921656","0.00560495842310532","false","ENSG00000233987.2"
"GAS5","GAS5","GAS5","2.177542280612615E-4","0.0","4.35508456122523E-4","false","GAS5"
"TATDN2P3","TATDN2P3","TATDN2P3","2.177542280612615E-4","0.0","4.35508456122523E-4","false","TATDN2P3"
"ENSG00000235263.1","ENSG00000235263.1","ENSG00000235263.1","0.002976071742452847","0.00580697399953152","1.45169485374174E-4","false","ENSG00000235263.1"
"LINC01634","LINC01634","LINC01634","6.20055700217011E-4","3.69094488188976E-4","8.71016912245046E-4","false","LINC01634"
"KIAA0040","KIAA0040","KIAA0040","0.00410578922144702","0.00821157844289404","0.0","false","KIAA0040"
"ENSG00000236304.2","ENSG00000236304.2","ENSG00000236304.2","7.092439348874841E-4","1.84547244094488E-4","0.00123394062568048","false","ENSG00000236304.2"
"RNF103","RNF103","RNF103","0.00547074936941685","0.0109414987388337","0.0","false","RNF103"
"RBM14","RBM14","RBM14","0.0","0.0","0.0","false","RBM14"
"KMT2E-AS1","KMT2E-AS1","KMT2E-AS1","0.00229438601274305","0.0","0.0045887720254861","false","KMT2E-AS1"
"PLEKHO2","PLEKHO2","PLEKHO2","0.0010112881777171675","8.61220472440945E-4","0.00116135588299339","false","PLEKHO2"
"MUC20-OT1","MUC20-OT1","MUC20-OT1","0.012687124250016269","0.0204066195249114","0.00496762897512114","false","MUC20-OT1"
"EIF4EBP3","EIF4EBP3","EIF4EBP3","0.00462343148108581","0.00895652399142327","2.90338970748349E-4","false","EIF4EBP3"
"NPIPB5","NPIPB5","NPIPB5","0.003697020949421671","0.00666819447197247","7.25847426870872E-4","false","NPIPB5"
"FLNB-AS1","FLNB-AS1","FLNB-AS1","5.27782078169767E-4","1.84547244094488E-4","8.71016912245046E-4","false","FLNB-AS1"
"RBM12","RBM12","RBM12","0.009048413133967224","0.0178064872971861","2.90338970748349E-4","false","RBM12"
"N4BP2L2","N4BP2L2","N4BP2L2","3.383366141732285E-4","6.76673228346457E-4","0.0","false","N4BP2L2"
"NEAT1","NEAT1","NEAT1","1.34100490718583E-4","1.23031496062992E-4","1.45169485374174E-4","false","NEAT1"
"ENSG00000246451.2","ENSG00000246451.2","ENSG00000246451.2","0.00701202135627985","0.0140240427125597","0.0","false","ENSG00000246451.2"
"ANKRD42-DT","ANKRD42-DT","ANKRD42-DT","0.001055564156339533","3.69094488188976E-4","0.00174203382449009","false","ANKRD42-DT"
"ZCCHC3","ZCCHC3","ZCCHC3","0.0041949774561174935","0.00802703119879955","3.62923713435436E-4","false","ZCCHC3"
"DNAJC3-DT","DNAJC3-DT","DNAJC3-DT","0.001463615164263335","0.00292723032852667","0.0","false","DNAJC3-DT"
"MIR4458HG","MIR4458HG","MIR4458HG","0.0033814586019853712","0.00654516297590948","2.17754228061262E-4","false","MIR4458HG"
"CHD1-DT","CHD1-DT","CHD1-DT","6.286755849215771E-4","6.76673228346457E-4","5.80677941496697E-4","false","CHD1-DT"
"ENSG00000248738.6","ENSG00000248738.6","ENSG00000248738.6","4.35508456122523E-4","0.0","8.71016912245046E-4","false","ENSG00000248738.6"
"LINC01091","LINC01091","LINC01091","0.002995124344387259","0.00519181651921656","7.98432169557959E-4","false","LINC01091"
"ENSG00000249592.7","ENSG00000249592.7","ENSG00000249592.7","2.903389707483485E-4","0.0","5.80677941496697E-4","false","ENSG00000249592.7"
"ENSG00000250994.2","ENSG00000250994.2","ENSG00000250994.2","5.142639735631509E-4","7.38188976377953E-4","2.90338970748349E-4","false","ENSG00000250994.2"
"ENSG00000253177.2","ENSG00000253177.2","ENSG00000253177.2","7.68310572967956E-4","7.38188976377953E-4","7.98432169557959E-4","false","ENSG00000253177.2"
"CHMP1B","CHMP1B","CHMP1B","0.0018035982186627236","0.00302651849582875","5.80677941496697E-4","false","CHMP1B"
"SNHG1","SNHG1","SNHG1","5.167130835141761E-4","3.0757874015748E-4","7.25847426870872E-4","false","SNHG1"
"ENSG00000256664.1","ENSG00000256664.1","ENSG00000256664.1","3.604746034844105E-4","4.30610236220472E-4","2.90338970748349E-4","false","ENSG00000256664.1"
"ENSG00000258317.1","ENSG00000258317.1","ENSG00000258317.1","3.690944881889765E-4","7.38188976377953E-4","0.0","false","ENSG00000258317.1"
"ENSG00000258461.5","ENSG00000258461.5","ENSG00000258461.5",,,"0.0","false","ENSG00000258461.5"
"ENSG00000259820.1","ENSG00000259820.1","ENSG00000259820.1","0.0013186562983819065","0.00220180414064129","4.35508456122523E-4","false","ENSG00000259820.1"
"SH3RF3-AS1","SH3RF3-AS1","SH3RF3-AS1","8.858075717031509E-4","0.00104576771653543","7.25847426870872E-4","false","SH3RF3-AS1"
"ENSG00000259976.3","ENSG00000259976.3","ENSG00000259976.3","0.003736694733258045","0.00747338946651609","0.0","false","ENSG00000259976.3"
"PTPN23-DT","PTPN23-DT","PTPN23-DT","0.004680846112375681","0.00450289644858466","0.0048587957761667","false","PTPN23-DT"
"SNHG19","SNHG19","SNHG19",,,"7.98432169557959E-4","false","SNHG19"
"ENSG00000260604.2","ENSG00000260604.2","ENSG00000260604.2","0.005411682731336361","0.0103878570065502","4.35508456122523E-4","false","ENSG00000260604.2"
"SNAI3-AS1","SNAI3-AS1","SNAI3-AS1","0.0","0.0","0.0","false","SNAI3-AS1"
"TBC1D22A-DT","TBC1D22A-DT","TBC1D22A-DT","0.004580968334988726","0.00821833501504532","9.43601654932133E-4","false","TBC1D22A-DT"
"ENSG00000260805.2","ENSG00000260805.2","ENSG00000260805.2","7.37552698952208E-4","6.76673228346457E-4","7.98432169557959E-4","false","ENSG00000260805.2"
"CCPG1","CCPG1","CCPG1","0.006850564308161398","0.0131204506748261","5.80677941496697E-4","false","CCPG1"
"EPPK1","EPPK1","EPPK1","2.46062992125984E-4","4.92125984251968E-4","0.0","false","EPPK1"
"PECAM1","PECAM1","PECAM1","3.075787401574805E-4","6.15157480314961E-4","0.0","false","PECAM1"
"TMEM202-AS1","TMEM202-AS1","TMEM202-AS1","0.0021664562967780056","6.15157480314961E-4","0.00371775511324105","false","TMEM202-AS1"
"GAN","GAN","GAN","0.003708089944077263","0.00654516297590948","8.71016912245046E-4","false","GAN"
"ENSG00000263370.1","ENSG00000263370.1","ENSG00000263370.1","2.7926997609275747E-4","1.23031496062992E-4","4.35508456122523E-4","false","ENSG00000263370.1"
"ENSG00000264007.1","ENSG00000264007.1","ENSG00000264007.1","2.903389707483485E-4","0.0","5.80677941496697E-4","false","ENSG00000264007.1"
"OTUD7B","OTUD7B","OTUD7B","9.58392314390238E-4","0.00104576771653543","8.71016912245046E-4","false","OTUD7B"
"ENSG00000264772.6","ENSG00000264772.6","ENSG00000264772.6","0.0","0.0","0.0","false","ENSG00000264772.6"
"SEC22B","SEC22B","SEC22B","0.003572585627866875","0.0","0.00714517125573375","false","SEC22B"
"SNRPGP4","SNRPGP4","SNRPGP4","2.57131986781575E-4","3.69094488188976E-4","1.45169485374174E-4","false","SNRPGP4"
"ENSG00000267385.1","ENSG00000267385.1","ENSG00000267385.1","0.0067530079867088","0.0135060159734176","0.0","false","ENSG00000267385.1"
"S1PR2","S1PR2","S1PR2","3.62923713435436E-4","0.0","7.25847426870872E-4","false","S1PR2"
"LRRC2-AS1","LRRC2-AS1","LRRC2-AS1","4.94575094202994E-4","5.53641732283465E-4","4.35508456122523E-4","false","LRRC2-AS1"
"ZNF587B","ZNF587B","ZNF587B","0.003504490098048361","0.00679122596803546","2.17754228061262E-4","false","ZNF587B"
"ENSG00000269374.1","ENSG00000269374.1","ENSG00000269374.1","3.604746034844105E-4","4.30610236220472E-4","2.90338970748349E-4","false","ENSG00000269374.1"
"SNHG8","SNHG8","SNHG8","0.0041645124808006116","0.00760317753473035","7.25847426870872E-4","false","SNHG8"
"POC1B-AS1","POC1B-AS1","POC1B-AS1","5.530054548577195E-4","3.0757874015748E-4","7.98432169557959E-4","false","POC1B-AS1"
"ENSG00000270504.1","ENSG00000270504.1","ENSG00000270504.1","0.0020275232214775293","0.00376470747220671","2.90338970748349E-4","false","ENSG00000270504.1"
"USP34-DT","USP34-DT","USP34-DT","0.00535109615942945","0.0107021923188589","0.0","false","USP34-DT"
"SRXN1","SRXN1","SRXN1","3.2971672946866253E-4","3.69094488188976E-4","2.90338970748349E-4","false","SRXN1"
"NBPF19","NBPF19","NBPF19",,,"1.45169485374174E-4","false","NBPF19"
"ENSG00000271959.1","ENSG00000271959.1","ENSG00000271959.1","0.00484735648390061","0.00969471296780122","0.0","false","ENSG00000271959.1"
"NFYC-AS1","NFYC-AS1","NFYC-AS1","0.004882557536069875","0.0","0.00976511507213975","false","NFYC-AS1"
"ENSG00000272195.1","ENSG00000272195.1","ENSG00000272195.1","0.0039824617002679665","0.00752941494441341","4.35508456122523E-4","false","ENSG00000272195.1"
"NBPF26","NBPF26","NBPF26","0.0064294345825059405","0.0116249285393314","0.00123394062568048","false","NBPF26"
"TAF9","TAF9","TAF9","0.005731789116872896","1.23031496062992E-4","0.0113405467376828","false","TAF9"
"ENSG00000274080.1","ENSG00000274080.1","ENSG00000274080.1","0.00898594517927085","0.0179718903585417","0.0","false","ENSG00000274080.1"
"HERC2P7","HERC2P7","HERC2P7","5.44385570153155E-4","0.0","0.00108877114030631","false","HERC2P7"
"ENSG00000274828.1","ENSG00000274828.1","ENSG00000274828.1","0.005433252993485987","0.0107213365015978","1.45169485374174E-4","false","ENSG00000274828.1"
"ENSG00000278330.1","ENSG00000278330.1","ENSG00000278330.1","9.190145556699235E-4","6.76673228346457E-4","0.00116135588299339","false","ENSG00000278330.1"
"ENSG00000278576.1","ENSG00000278576.1","ENSG00000278576.1",,,"3.62923713435436E-4","false","ENSG00000278576.1"
"ENSG00000278993.1","ENSG00000278993.1","ENSG00000278993.1","0.0014921345478208046","0.00269393012489326","2.90338970748349E-4","false","ENSG00000278993.1"
"ENSG00000279069.1","ENSG00000279069.1","ENSG00000279069.1","5.647107269390555E-4","9.84251968503937E-4","1.45169485374174E-4","false","ENSG00000279069.1"
"ENSG00000279133.1","ENSG00000279133.1","ENSG00000279133.1","0.0019227447840412745","0.0035551505973342","2.90338970748349E-4","false","ENSG00000279133.1"
"ENSG00000279821.1","ENSG00000279821.1","ENSG00000279821.1","4.27524848843702E-4","4.92125984251968E-4","3.62923713435436E-4","false","ENSG00000279821.1"
"ENSG00000279825.1","ENSG00000279825.1","ENSG00000279825.1","4.27524848843702E-4","4.92125984251968E-4","3.62923713435436E-4","false","ENSG00000279825.1"
"ENSG00000279861.1","ENSG00000279861.1","ENSG00000279861.1","4.441283408270885E-4","3.0757874015748E-4","5.80677941496697E-4","false","ENSG00000279861.1"
"ENSG00000280007.1","ENSG00000280007.1","ENSG00000280007.1","0.0028862472303566285","0.00519181651921656","5.80677941496697E-4","false","ENSG00000280007.1"
"ENSG00000284968.1","ENSG00000284968.1","ENSG00000284968.1","6.1515748031496E-5","1.23031496062992E-4","0.0","false","ENSG00000284968.1"
"ENSG00000285106.2","ENSG00000285106.2","ENSG00000285106.2","9.2273622047244E-5","1.84547244094488E-4","0.0","false","ENSG00000285106.2"
"ENSG00000285756.2","ENSG00000285756.2","ENSG00000285756.2","0.004569899340333135","0.00834136651110831","7.98432169557959E-4","false","ENSG00000285756.2"
"NIPBL-DT","NIPBL-DT","NIPBL-DT","0.001641123328559265","0.0","0.00328224665711853","false","NIPBL-DT"
"ENSG00000286207.1","ENSG00000286207.1","ENSG00000286207.1","7.904485622791391E-4","4.92125984251968E-4","0.00108877114030631","false","ENSG00000286207.1"
"NOTCH2NLC","NOTCH2NLC","NOTCH2NLC","0.01140581179802791","0.0177873431144472","0.00502428048160862","false","NOTCH2NLC"
"ENSG00000286367.1","ENSG00000286367.1","ENSG00000286367.1","0.001882353736103355","0.00376470747220671","0.0","false","ENSG00000286367.1"
"ENSG00000286808.1","ENSG00000286808.1","ENSG00000286808.1","5.22883858267715E-4","0.00104576771653543","0.0","false","ENSG00000286808.1"
"ENSG00000287467.1","ENSG00000287467.1","ENSG00000287467.1","0.009731652722586095","0.00629909998378349","0.0131642054613887","false","ENSG00000287467.1"
"ENSG00000287627.1","ENSG00000287627.1","ENSG00000287627.1","2.0668523340567051E-4","1.23031496062992E-4","2.90338970748349E-4","false","ENSG00000287627.1"
"ENSG00000288818.1","ENSG00000288818.1","ENSG00000288818.1","0.003732724396950288","0.00659443188165553","8.71016912245046E-4","false","ENSG00000288818.1"
"ENSG00000289182.1","ENSG00000289182.1","ENSG00000289182.1","0.001100902070320645","0.00220180414064129","0.0","false","ENSG00000289182.1"
"ENSG00000289234.1","ENSG00000289234.1","ENSG00000289234.1","0.001423369100498","0.0","0.002846738200996","false","ENSG00000289234.1"
"ANKIB1","ANKIB1","ANKIB1","0.00433285478449193","0.00543787951134255","0.00322783005764131","false","ANKIB1"
"KLHL13","KLHL13","KLHL13","0.00241122974487348","0.0","0.00482245948974696","false","KLHL13"
"CAMKK1","CAMKK1","CAMKK1","1.451694853741745E-4","0.0","2.90338970748349E-4","false","CAMKK1"
"MBD3","MBD3","MBD3","0.275053941388436","0.172378125211934","0.377729757564938","false","MBD3"
"HSPB6","HSPB6","HSPB6","0.004722443605048142","0.00929971772472211","1.45169485374174E-4","false","HSPB6"
"NDUFAB1","NDUFAB1","NDUFAB1","0.0034028290432304934","6.76673228346457E-4","0.00612898485811453","false","NDUFAB1"
"TMF1","TMF1","TMF1","0.4872652589520619","0.926100561295637","0.0484299566084868","false","TMF1"
"TRAFD1","TRAFD1","TRAFD1","0.040557805296752","0.0631145944071064","0.0180010161863976","false","TRAFD1"
"FAM214B","FAM214B","FAM214B","3.383366141732285E-4","6.76673228346457E-4","0.0","false","FAM214B"
"RHBDD2","RHBDD2","RHBDD2","0.0018650483313740664","7.38188976377953E-4","0.00299190768637018","false","RHBDD2"
"ZNF579","ZNF579","ZNF579","0.08822232883721","0.0","0.17644465767442","false","ZNF579"
"COX10","COX10","COX10","0.0063248468604393615","0.0122141852647562","4.35508456122523E-4","false","COX10"
"VTA1","VTA1","VTA1","0.0018907358949623873","5.53641732283465E-4","0.00322783005764131","false","VTA1"
"UQCRC1","UQCRC1","UQCRC1","0.0022697989134808387","6.76673228346457E-4","0.00386292459861522","false","UQCRC1"
"LYPLA2","LYPLA2","LYPLA2","6.0898670556142E-4","4.92125984251968E-4","7.25847426870872E-4","false","LYPLA2"
"TSPAN9","TSPAN9","TSPAN9","0.0017898423882105779","6.15157480314961E-5","0.00351816902838966","false","TSPAN9"
"PPP5C","PPP5C","PPP5C","0.00270156871562183","0.0","0.00540313743124366","false","PPP5C"
"SLC25A39","SLC25A39","SLC25A39","1.34100490718583E-4","1.23031496062992E-4","1.45169485374174E-4","false","SLC25A39"
"PGM3","PGM3","PGM3","0.007883926343873112","0.0153323442316237","4.35508456122523E-4","false","PGM3"
"MDH1","MDH1","MDH1","0.0013901621165312282","3.69094488188976E-4","0.00241122974487348","false","MDH1"
"NUDCD3","NUDCD3","NUDCD3","0.008615231466447097","6.15157480314961E-5","0.0171689471848627","false","NUDCD3"
"ZNF687","ZNF687","ZNF687","0.08868548804193596","0.00904281496062992","0.168328161123242","false","ZNF687"
"AGPS","AGPS","AGPS","1.451694853741745E-4","0.0","2.90338970748349E-4","false","AGPS"
"PHLDB1","PHLDB1","PHLDB1","3.62923713435436E-4","0.0","7.25847426870872E-4","false","PHLDB1"
"NCDN","NCDN","NCDN","4.21990351515907E-4","5.53641732283465E-4","2.90338970748349E-4","false","NCDN"
"NDUFS1","NDUFS1","NDUFS1","0.0023423836561679286","6.76673228346457E-4","0.0040080940839894","false","NDUFS1"
"MIPEP","MIPEP","MIPEP","0.001641123328559265","0.0","0.00328224665711853","false","MIPEP"
"BRD9","BRD9","BRD9","0.011573419928249968","0.0227839161430645","3.62923713435436E-4","false","BRD9"
"ANK1","ANK1","ANK1","0.0017431172996371885","9.84251968503937E-4","0.00250198263077044","false","ANK1"
"SPEN","SPEN","SPEN","0.777409100136527","0.850102651983397","0.704715548289657","false","SPEN"
"BAK1","BAK1","BAK1","7.37552698952208E-4","6.76673228346457E-4","7.98432169557959E-4","false","BAK1"
"FAM136A","FAM136A","FAM136A","5.5609084223449E-4","6.76673228346457E-4","4.35508456122523E-4","false","FAM136A"
"AGA","AGA","AGA","0.0018121524680471356","9.22736220472441E-4","0.00270156871562183","false","AGA"
"KATNIP","KATNIP","KATNIP","0.013462951818625106","0.0231173956381122","0.00380850799913801","false","KATNIP"
"LIMA1","LIMA1","LIMA1","0.0014123657411625695","0.00253439251157679","2.90338970748349E-4","false","LIMA1"
"LAMC3","LAMC3","LAMC3","2.0668523340567051E-4","1.23031496062992E-4","2.90338970748349E-4","false","LAMC3"
"ALX4","ALX4","ALX4","0.008932509015846926","0.00281696162095625","0.0150480564107376","false","ALX4"
"AP5M1","AP5M1","AP5M1","0.004726319056040111","1.23031496062992E-4","0.00932960661601723","false","AP5M1"
"DBP","DBP","DBP","0.312299983035395","0.257235815155312","0.367364150915478","false","DBP"
"OPN3","OPN3","OPN3","0.001586857279819071","0.00244786713276727","7.25847426870872E-4","false","OPN3"
"TBC1D22A","TBC1D22A","TBC1D22A","7.2584742687087E-5","0.0","1.45169485374174E-4","false","TBC1D22A"
"HPF1","HPF1","HPF1","0.00492336998567779","0.0","0.00984673997135558","false","HPF1"
"RFX1","RFX1","RFX1","0.24200721289236812","0.479659341223511","0.00435508456122523","false","RFX1"
"MSH4","MSH4","MSH4","0.006566634174133565","0.00415754528915659","0.00897572305911054","false","MSH4"
"GATB","GATB","GATB","7.295690916733896E-4","0.00116879921259843","2.90338970748349E-4","false","GATB"
"MPC1","MPC1","MPC1","0.003066671817921145","0.00232483563670428","0.00380850799913801","false","MPC1"
"MRPS35","MRPS35","MRPS35","0.004567631466059324","6.76673228346457E-4","0.00845858970377219","false","MRPS35"
"ISOC2","ISOC2","ISOC2","0.001525341531787576","0.00232483563670428","7.25847426870872E-4","false","ISOC2"
"SUGP2","SUGP2","SUGP2","0.0013912410410689936","0.00220180414064129","5.80677941496697E-4","false","SUGP2"
"NFYC","NFYC","NFYC","0.004967628975121135","0.0","0.00993525795024227","false","NFYC"
"ZFAT","ZFAT","ZFAT",,,"1.45169485374174E-4","false","ZFAT"
"DHX29","DHX29","DHX29","0.0015302612914779759","1.23031496062992E-4","0.00293749108689296","false","DHX29"
"TP53BP1","TP53BP1","TP53BP1","3.5185471877984453E-4","1.23031496062992E-4","5.80677941496697E-4","false","TP53BP1"
"IDH3G","IDH3G","IDH3G","5.056440888585845E-4","4.30610236220472E-4","5.80677941496697E-4","false","IDH3G"
"ERLEC1","ERLEC1","ERLEC1","0.0037657527566659285","6.76673228346457E-4","0.0068548322849854","false","ERLEC1"
"PPP2R5B","PPP2R5B","PPP2R5B","5.47470957529924E-4","3.69094488188976E-4","7.25847426870872E-4","false","PPP2R5B"
"MAOB","MAOB","MAOB","7.68310572967956E-4","7.38188976377953E-4","7.98432169557959E-4","false","MAOB"
"RNF126","RNF126","RNF126","5.142639735631509E-4","7.38188976377953E-4","2.90338970748349E-4","false","RNF126"
"CAMK2A","CAMK2A","CAMK2A","1.451694853741745E-4","0.0","2.90338970748349E-4","false","CAMK2A"
"RPS6KA2","RPS6KA2","RPS6KA2","0.0035061716599333317","7.38188976377953E-4","0.00627415434348871","false","RPS6KA2"
"ATP6AP1","ATP6AP1","ATP6AP1","0.002472745492904976","1.23031496062992E-4","0.00482245948974696","false","ATP6AP1"
"SPEG","SPEG","SPEG","0.0136899099438938","0.0158476975984294","0.0115321222893582","false","SPEG"
"ALDH3A2","ALDH3A2","ALDH3A2","7.627760756401605E-4","7.99704724409449E-4","7.25847426870872E-4","false","ALDH3A2"
"TFRC","TFRC","TFRC","0.006898177472082974","0.0135060159734176","2.90338970748349E-4","false","TFRC"
"FCGR2B","FCGR2B","FCGR2B","3.0449335278071E-4","2.46062992125984E-4","3.62923713435436E-4","false","FCGR2B"
"ACADVL","ACADVL","ACADVL","0.0063946390990389","0.00453940256583814","0.00824987563223966","false","ACADVL"
"DERL2","DERL2","DERL2","0.00510165488122785","0.0102033097624557","0.0","false","DERL2"
"AP1M1","AP1M1","AP1M1","4.416792308760635E-4","7.38188976377953E-4","1.45169485374174E-4","false","AP1M1"
"PPP2R3A","PPP2R3A","PPP2R3A","0.00323803631381632","0.00290348699976576","0.00357258562786688","false","PPP2R3A"
"TSG101","TSG101","TSG101","0.00116241781835214","0.00232483563670428","0.0","false","TSG101"
"SEMA3C","SEMA3C","SEMA3C","1.23031496062992E-4","2.46062992125984E-4","0.0","false","SEMA3C"
"TTC38","TTC38","TTC38","5.5609084223449E-4","6.76673228346457E-4","4.35508456122523E-4","false","TTC38"
"TIMM21","TIMM21","TIMM21","0.00751077285351594","0.0120296380206617","0.00299190768637018","false","TIMM21"
"PPP1R12B","PPP1R12B","PPP1R12B","0.0042541400869363635","9.84251968503937E-4","0.00752402820536879","false","PPP1R12B"
"DNAJC10","DNAJC10","DNAJC10","0.0062969225758779486","0.0120131672102592","5.80677941496697E-4","false","DNAJC10"
"CAPN6","CAPN6","CAPN6","0.001829220146930891","4.30610236220472E-4","0.00322783005764131","false","CAPN6"
"TIGAR","TIGAR","TIGAR","3.998523622047245E-4","7.99704724409449E-4","0.0","false","TIGAR"
"DUSP13","DUSP13","DUSP13","0.007164843145914879","6.76673228346457E-4","0.0136530130634833","false","DUSP13"
"OSTM1","OSTM1","OSTM1","0.0035403760737845098","7.99704724409449E-4","0.00628104742315957","false","OSTM1"
"JMJD4","JMJD4","JMJD4","6.20055700217011E-4","3.69094488188976E-4","8.71016912245046E-4","false","JMJD4"
"MRPL22","MRPL22","MRPL22","4.83506099547403E-4","6.76673228346457E-4","2.90338970748349E-4","false","MRPL22"
"TUT7","TUT7","TUT7","7.738450702957514E-4","6.76673228346457E-4","8.71016912245046E-4","false","TUT7"
"ITGAE","ITGAE","ITGAE","8.858075717031509E-4","0.00104576771653543","7.25847426870872E-4","false","ITGAE"
"MAPRE3","MAPRE3","MAPRE3","0.010688246116172074","0.0156466795439324","0.00572981268841175","false","MAPRE3"
"CD82","CD82","CD82","0.0066524989594603","0.0133049979189206","0.0","false","CD82"
"MTIF2","MTIF2","MTIF2","0.0020974211283680583","6.76673228346457E-4","0.00351816902838966","false","MTIF2"
"NLK","NLK","NLK","3.62923713435436E-4","0.0","7.25847426870872E-4","false","NLK"
"SF3B2","SF3B2","SF3B2","6.705024535929164E-5","6.15157480314961E-5","7.25847426870872E-5","false","SF3B2"
"ANAPC5","ANAPC5","ANAPC5","0.00707025821828269","0.0101868389520532","0.00395367748451218","false","ANAPC5"
"ERP29","ERP29","ERP29","2.57131986781575E-4","3.69094488188976E-4","1.45169485374174E-4","false","ERP29"
"NOS1","NOS1","NOS1","0.004773680422039245","0.0","0.00954736084407849","false","NOS1"
"SLC9A1","SLC9A1","SLC9A1","3.075787401574805E-5","6.15157480314961E-5","0.0","false","SLC9A1"
"PCBP4","PCBP4","PCBP4","0.001771193904420815","0.00354238780884163","0.0","false","PCBP4"
"MRPS33","MRPS33","MRPS33","6.286755849215771E-4","6.76673228346457E-4","5.80677941496697E-4","false","MRPS33"
"SPAG7","SPAG7","SPAG7","7.738450702957514E-4","6.76673228346457E-4","8.71016912245046E-4","false","SPAG7"
"TBX15","TBX15","TBX15","0.0315633093979165","0.0574650088662402","0.0056616099295928","false","TBX15"
"GPATCH2","GPATCH2","GPATCH2","4.921259842519685E-4","9.84251968503937E-4","0.0","false","GPATCH2"
"COMT","COMT","COMT","7.627760756401605E-4","7.99704724409449E-4","7.25847426870872E-4","false","COMT"
"BCL7C","BCL7C","BCL7C","1.451694853741745E-4","0.0","2.90338970748349E-4","false","BCL7C"
"NDUFB7","NDUFB7","NDUFB7","5.923832135780334E-4","6.76673228346457E-4","5.0809319880961E-4","false","NDUFB7"
"TIMM13","TIMM13","TIMM13","8.021538343604765E-4","0.00116879921259843","4.35508456122523E-4","false","TIMM13"
"DDT","DDT","DDT","0.009869106735062496","0.0122141852647562","0.00752402820536879","false","DDT"
"ANKRD54","ANKRD54","ANKRD54","0.0024581334576979997","0.00462592794464765","2.90338970748349E-4","false","ANKRD54"
"MICALL1","MICALL1","MICALL1","0.0018154698830431784","0.00305026182458966","5.80677941496697E-4","false","MICALL1"
"AP1B1","AP1B1","AP1B1","0.0","0.0","0.0","false","AP1B1"
"ASCC2","ASCC2","ASCC2","6.1515748031496E-5","1.23031496062992E-4","0.0","false","ASCC2"
"PHF5A","PHF5A","PHF5A","0.0030091474557793108","6.15157480314961E-4","0.00540313743124366","false","PHF5A"
"CERK","CERK","CERK","0.0028862472303566285","0.00519181651921656","5.80677941496697E-4","false","CERK"
"EIF5","EIF5","EIF5","7.320182016244126E-4","7.38188976377953E-4","7.25847426870872E-4","false","EIF5"
"GSKIP","GSKIP","GSKIP","8.329117083762215E-4","0.00123031496062992","4.35508456122523E-4","false","GSKIP"
"CINP","CINP","CINP","0.004536873592043576","6.15157480314961E-4","0.00845858970377219","false","CINP"
"PSMA6","PSMA6","PSMA6","0.016780919712617","0.0200539958471249","0.0135078435781091","false","PSMA6"
"PSME2","PSME2","PSME2","4.97024204154019E-4","1.23031496062992E-4","8.71016912245046E-4","false","PSME2"
"UQCC1","UQCC1","UQCC1","0.007919073009899856","0.0120296380206617","0.00380850799913801","false","UQCC1"
"NDUFAF5","NDUFAF5","NDUFAF5","0.008121914147915799","0.0156631503543349","5.80677941496697E-4","false","NDUFAF5"
"IDH3B","IDH3B","IDH3B","0.0019794599427324935","6.76673228346457E-4","0.00328224665711853","false","IDH3B"
"SNTA1","SNTA1","SNTA1","0.007178361250521496","1.23031496062992E-4","0.01423369100498","false","SNTA1"
"ST8SIA5","ST8SIA5","ST8SIA5","0.0","0.0","0.0","false","ST8SIA5"
"ATG4A","ATG4A","ATG4A","9.2273622047244E-5","1.84547244094488E-4","0.0","false","ATG4A"
"SCML2","SCML2","SCML2","0.009591483036511405","0.00985335945700558","0.00932960661601723","false","SCML2"
"SMS","SMS","SMS","0.002252559144071708","6.15157480314961E-5","0.00444360254011192","false","SMS"
"USP11","USP11","USP11","0.001904253999569005","0.0","0.00380850799913801","false","USP11"
"MAGED2","MAGED2","MAGED2","0.00219459297031735","0.0","0.0043891859406347","false","MAGED2"
"MRPS31","MRPS31","MRPS31","5.197984708909465E-4","6.76673228346457E-4","3.62923713435436E-4","false","MRPS31"
"SLC25A15","SLC25A15","SLC25A15","2.177542280612615E-4","0.0","4.35508456122523E-4","false","SLC25A15"
"CLN5","CLN5","CLN5","0.003005328160415025","0.00330908760520822","0.00270156871562183","false","CLN5"
"USB1","USB1","USB1","0.00103323708732396","0.0","0.00206647417464792","false","USB1"
"HCFC1R1","HCFC1R1","HCFC1R1","0.003021295374972665","0.00232483563670428","0.00371775511324105","false","HCFC1R1"
"MLYCD","MLYCD","MLYCD","0.006746837211955286","0.0127678269970397","7.25847426870872E-4","false","MLYCD"
"MPG","MPG","MPG","0.008162083896183012","0.0158886593362435","4.35508456122523E-4","false","MPG"
"HSDL1","HSDL1","HSDL1","0.0015771584705767398","3.0757874015748E-4","0.002846738200996","false","HSDL1"
"HMOX2","HMOX2","HMOX2","0.00821418776996305","0.0158476975984294","5.80677941496697E-4","false","HMOX2"
"DNAJA3","DNAJA3","DNAJA3","0.0014527567891004884","0.00232483563670428","5.80677941496697E-4","false","DNAJA3"
"CSK","CSK","CSK","5.647107269390555E-4","9.84251968503937E-4","1.45169485374174E-4","false","CSK"
"FAH","FAH","FAH","0.016376274012823624","7.99704724409449E-4","0.0319528433012378","false","FAH"
"DECR1","DECR1","DECR1","9.836156910781944E-4","0.00116879921259843","7.98432169557959E-4","false","DECR1"
"ERICH1","ERICH1","ERICH1","0.0017727747093268225","5.53641732283465E-4","0.00299190768637018","false","ERICH1"
"KCTD9","KCTD9","KCTD9","0.0044653032684199125","5.53641732283465E-4","0.00837696480455636","false","KCTD9"
"NUCB1","NUCB1","NUCB1","0.001008839067766146","0.00129183070866142","7.25847426870872E-4","false","NUCB1"
"NFKBIB","NFKBIB","NFKBIB","3.998523622047245E-4","7.99704724409449E-4","0.0","false","NFKBIB"
"PLEKHJ1","PLEKHJ1","PLEKHJ1","4.724371048918115E-4","7.99704724409449E-4","1.45169485374174E-4","false","PLEKHJ1"
"SGTA","SGTA","SGTA","7.738450702957514E-4","6.76673228346457E-4","8.71016912245046E-4","false","SGTA"
"VRK3","VRK3","VRK3","4.83506099547403E-4","6.76673228346457E-4","2.90338970748349E-4","false","VRK3"
"TIMM50","TIMM50","TIMM50","2.903389707483485E-4","0.0","5.80677941496697E-4","false","TIMM50"
"MRPL4","MRPL4","MRPL4","0.006546446636776574","7.99704724409449E-4","0.0122931885491437","false","MRPL4"
"TFPT","TFPT","TFPT","7.82464955000317E-4","9.84251968503937E-4","5.80677941496697E-4","false","TFPT"
"KXD1","KXD1","KXD1","0.004465854810884395","0.00506878502315357","0.00386292459861522","false","KXD1"
"SUGP1","SUGP1","SUGP1","0.0079238487992147","0.0158476975984294","0.0","false","SUGP1"
"OGDH","OGDH","OGDH","0.0057414740454168785","6.76673228346457E-4","0.0108062748624873","false","OGDH"
"ABHD11","ABHD11","ABHD11","0.003884565126505676","0.00755137602495009","2.17754228061262E-4","false","ABHD11"
"NRF1","NRF1","NRF1","0.021244057211876406","0.0392602843661115","0.00322783005764131","false","NRF1"
"GIMAP2","GIMAP2","GIMAP2","6.1515748031496E-4","0.00123031496062992","0.0","false","GIMAP2"
"COA1","COA1","COA1","3.62923713435436E-4","0.0","7.25847426870872E-4","false","COA1"
"YKT6","YKT6","YKT6","4.416792308760635E-4","7.38188976377953E-4","1.45169485374174E-4","false","YKT6"
"PTGR1","PTGR1","PTGR1","1.0334261670283504E-4","6.15157480314961E-5","1.45169485374174E-4","false","PTGR1"
"PLGRKT","PLGRKT","PLGRKT","4.109213568603155E-4","6.76673228346457E-4","1.45169485374174E-4","false","PLGRKT"
"CREB3","CREB3","CREB3","4.35508456122523E-4","0.0","8.71016912245046E-4","false","CREB3"
"LIPA","LIPA","LIPA","3.8569798017236347E-4","5.53641732283465E-4","2.17754228061262E-4","false","LIPA"
"ACBD5","ACBD5","ACBD5","0.0033085336069885963","0.00618155875785467","4.35508456122523E-4","false","ACBD5"
"PPIF","PPIF","PPIF","0.0033302443005434087","6.76673228346457E-4","0.00598381537274036","false","PPIF"
"ASPA","ASPA","ASPA","6.286755849215771E-4","6.76673228346457E-4","5.80677941496697E-4","false","ASPA"
"RNF167","RNF167","RNF167","0.004475357844012079","4.92125984251968E-4","0.00845858970377219","false","RNF167"
"SLC25A11","SLC25A11","SLC25A11","0.001743095759848835","0.00232483563670428","0.00116135588299339","false","SLC25A11"
"C1QBP","C1QBP","C1QBP","0.003930611121400263","8.61220472440945E-4","0.00700000177035958","false","C1QBP"
"SYNGR2","SYNGR2","SYNGR2","0.00934472954117307","0.00487199093677364","0.0138174681455725","false","SYNGR2"
"B9D1","B9D1","B9D1","0.002928121452638785","0.00585624290527757","0.0","false","B9D1"
"MRPL27","MRPL27","MRPL27","0.004598389340075072","7.38188976377953E-4","0.00845858970377219","false","MRPL27"
"OCIAD1","OCIAD1","OCIAD1","6.1697031284024E-4","0.0","0.00123394062568048","false","OCIAD1"
"INPP4B","INPP4B","INPP4B",,,"4.35508456122523E-4","false","INPP4B"
"GRPEL1","GRPEL1","GRPEL1","0.003508351048797205","0.00306302461308223","0.00395367748451218","false","GRPEL1"
"SLC2A9","SLC2A9","SLC2A9","3.690944881889765E-4","7.38188976377953E-4","0.0","false","SLC2A9"
"SH3D19","SH3D19","SH3D19","0.001235213180531973","0.0015994094488189","8.71016912245046E-4","false","SH3D19"
"TECTA","TECTA","TECTA","0.00175908451419483","0.0","0.00351816902838966","false","TECTA"
"SIAE","SIAE","SIAE","0.0018342904573583185","6.76673228346457E-4","0.00299190768637018","false","SIAE"
"ST3GAL4","ST3GAL4","ST3GAL4","0.001887186320685249","4.92125984251968E-4","0.00328224665711853","false","ST3GAL4"
"ELMOD1","ELMOD1","ELMOD1","0.0","0.0","0.0","false","ELMOD1"
"ACSS3","ACSS3","ACSS3","3.690944881889765E-4","7.38188976377953E-4","0.0","false","ACSS3"
"EIF2B1","EIF2B1","EIF2B1","0.006725083702147387","0.0133049979189206","1.45169485374174E-4","false","EIF2B1"
"CHPT1","CHPT1","CHPT1","0.0023005567874965866","7.38188976377953E-4","0.00386292459861522","false","CHPT1"
"USP5","USP5","USP5","0.003267186276573275","0.00170967815638932","0.00482469439675723","false","USP5"
"TPI1","TPI1","TPI1","7.37552698952208E-4","6.76673228346457E-4","7.98432169557959E-4","false","TPI1"
"GOLT1B","GOLT1B","GOLT1B","4.83506099547403E-4","6.76673228346457E-4","2.90338970748349E-4","false","GOLT1B"
"PRKAB1","PRKAB1","PRKAB1","0.00189422540048381","0.00378845080096762","0.0","false","PRKAB1"
"HDDC2","HDDC2","HDDC2","6.286755849215771E-4","6.76673228346457E-4","5.80677941496697E-4","false","HDDC2"
"RIPOR2","RIPOR2","RIPOR2","6.1515748031496E-5","1.23031496062992E-4","0.0","false","RIPOR2"
"MRPL18","MRPL18","MRPL18","0.0166253239926215","0.0135060159734176","0.0197446320118254","false","MRPL18"
"MRPL2","MRPL2","MRPL2","0.001904253999569005","0.0","0.00380850799913801","false","MRPL2"
"EXOC2","EXOC2","EXOC2","3.9368158745118405E-4","6.15157480314961E-5","7.25847426870872E-4","false","EXOC2"
"RAD1","RAD1","RAD1","1.08877114030631E-4","0.0","2.17754228061262E-4","false","RAD1"
"RARS1","RARS1","RARS1","5.45021847578899E-4","7.99704724409449E-4","2.90338970748349E-4","false","RARS1"
"ERGIC1","ERGIC1","ERGIC1","2.0668523340567051E-4","1.23031496062992E-4","2.90338970748349E-4","false","ERGIC1"
"TIMMDC1","TIMMDC1","TIMMDC1","0.0043720797327835795","0.00232483563670428","0.00641932382886288","false","TIMMDC1"
"FGF12","FGF12","FGF12","4.718008274660665E-4","0.0","9.43601654932133E-4","false","FGF12"
"NPRL2","NPRL2","NPRL2","0.004822459489746965","0.0","0.00964491897949393","false","NPRL2"
"NEK11","NEK11","NEK11","4.416792308760635E-4","7.38188976377953E-4","1.45169485374174E-4","false","NEK11"
"DNAH1","DNAH1","DNAH1","0.002150316991694989","4.92125984251968E-4","0.00380850799913801","false","DNAH1"
"SSR3","SSR3","SSR3","0.006253447936584449","0.0019557411485153","0.0105511547246536","false","SSR3"
"SPCS1","SPCS1","SPCS1","3.075787401574805E-4","6.15157480314961E-4","0.0","false","SPCS1"
"ACTR1B","ACTR1B","ACTR1B","4.2443946146693203E-4","1.23031496062992E-4","7.25847426870872E-4","false","ACTR1B"
"PCGF1","PCGF1","PCGF1","7.627760756401605E-4","7.99704724409449E-4","7.25847426870872E-4","false","PCGF1"
"PDCL3","PDCL3","PDCL3","2.7926997609275747E-4","1.23031496062992E-4","4.35508456122523E-4","false","PDCL3"
"PPP1R7","PPP1R7","PPP1R7","0.0014995034174622279","6.15157480314961E-5","0.00293749108689296","false","PPP1R7"
"DARS1","DARS1","DARS1","0.001904253999569005","0.0","0.00380850799913801","false","DARS1"
"SLC1A4","SLC1A4","SLC1A4","9.47323319734651E-4","0.00116879921259843","7.25847426870872E-4","false","SLC1A4"
"AMPD2","AMPD2","AMPD2","0.00168649977150774","0.0","0.00337299954301548","false","AMPD2"
"RAP1A","RAP1A","RAP1A","0.001904253999569005","0.0","0.00380850799913801","false","RAP1A"
"DOCK7","DOCK7","DOCK7","0.0025395044773887693","0.00428057678521958","7.98432169557959E-4","false","DOCK7"
"C1orf21","C1orf21","C1orf21","6.1697031284024E-4","0.0","0.00123394062568048","false","C1orf21"
"KIAA2013","KIAA2013","KIAA2013","0.03066859111186135","0.0481196776163619","0.0132175046073608","false","KIAA2013"
"MFN2","MFN2","MFN2","0.001525341531787576","0.00232483563670428","7.25847426870872E-4","false","MFN2"
"MIIP","MIIP","MIIP","7.320182016244126E-4","7.38188976377953E-4","7.25847426870872E-4","false","MIIP"
"TNNI3K","TNNI3K","TNNI3K","0.00175908451419483","0.0","0.00351816902838966","false","TNNI3K"
"CRYZ","CRYZ","CRYZ","3.604746034844105E-4","4.30610236220472E-4","2.90338970748349E-4","false","CRYZ"
"TTF2","TTF2","TTF2","0.003137077171744355","0.0","0.00627415434348871","false","TTF2"
"SIPA1L2","SIPA1L2","SIPA1L2","2.903389707483485E-4","0.0","5.80677941496697E-4","false","SIPA1L2"
"SDHB","SDHB","SDHB","0.0022425906137422337","6.76673228346457E-4","0.00380850799913801","false","SDHB"
"SSX2IP","SSX2IP","SSX2IP","6.26226474970552E-4","0.00110728346456693","1.45169485374174E-4","false","SSX2IP"
"RAB29","RAB29","RAB29","5.142639735631509E-4","7.38188976377953E-4","2.90338970748349E-4","false","RAB29"
"EBNA1BP2","EBNA1BP2","EBNA1BP2","0.0","0.0","0.0","false","EBNA1BP2"
"MTFR1L","MTFR1L","MTFR1L","5.80677941496695E-4","0.0","0.00116135588299339","false","MTFR1L"
"CASQ2","CASQ2","CASQ2","0.001724043157914425","0.00293999311701924","5.0809319880961E-4","false","CASQ2"
"EEF2KMT","EEF2KMT","EEF2KMT","0.0017775752986671","0.0035551505973342","0.0","false","EEF2KMT"
"NDUFA8","NDUFA8","NDUFA8","0.0014527567891004884","0.00232483563670428","5.80677941496697E-4","false","NDUFA8"
"RBM18","RBM18","RBM18","0.001992978047339106","1.23031496062992E-4","0.00386292459861522","false","RBM18"
"DENND1A","DENND1A","DENND1A","1.451694853741745E-4","0.0","2.90338970748349E-4","false","DENND1A"
"DCAF4","DCAF4","DCAF4","7.2584742687087E-5","0.0","1.45169485374174E-4","false","DCAF4"
"DLST","DLST","DLST","0.0016165362292970584","6.76673228346457E-4","0.00255639923024766","false","DLST"
"GOT1","GOT1","GOT1","0.001904253999569005","0.0","0.00380850799913801","false","GOT1"
"WDR55","WDR55","WDR55","0.0063248468604393615","0.0122141852647562","4.35508456122523E-4","false","WDR55"
"SNX19","SNX19","SNX19","4.7488621484283655E-4","3.69094488188976E-4","5.80677941496697E-4","false","SNX19"
"ARL1","ARL1","ARL1","0.0015253630715759284","9.84251968503937E-4","0.00206647417464792","false","ARL1"
"LYPLA1","LYPLA1","LYPLA1","7.012603276086646E-4","6.76673228346457E-4","7.25847426870872E-4","false","LYPLA1"
"SLC35B1","SLC35B1","SLC35B1","0.002206702360543338","0.00354238780884163","8.71016912245046E-4","false","SLC35B1"
"PLBD1","PLBD1","PLBD1","5.142639735631509E-4","7.38188976377953E-4","2.90338970748349E-4","false","PLBD1"
"PYROXD1","PYROXD1","PYROXD1","4.613681102362205E-4","9.22736220472441E-4","0.0","false","PYROXD1"
"SEC22A","SEC22A","SEC22A",,,"0.0110966138332357","false","SEC22A"
"ADGRB2","ADGRB2","ADGRB2","0.0023041063617737297","7.99704724409449E-4","0.00380850799913801","false","ADGRB2"
"GTDC1","GTDC1","GTDC1","0.00410240780895419","0.00740638344835042","7.98432169557959E-4","false","GTDC1"
"LDB3","LDB3","LDB3","3.66009100812206E-4","3.69094488188976E-4","3.62923713435436E-4","false","LDB3"
"CISD1","CISD1","CISD1","0.0033302443005434087","6.76673228346457E-4","0.00598381537274036","false","CISD1"
"DDX54","DDX54","DDX54","1.7592735938992256E-4","6.15157480314961E-5","2.90338970748349E-4","false","DDX54"
"CCDC91","CCDC91","CCDC91","2.8235536346952756E-4","4.92125984251968E-4","7.25847426870872E-5","false","CCDC91"
"ORMDL2","ORMDL2","ORMDL2","5.86848716250238E-4","7.38188976377953E-4","4.35508456122523E-4","false","ORMDL2"
"DNPEP","DNPEP","DNPEP","8.046029443114994E-4","7.38188976377953E-4","8.71016912245046E-4","false","DNPEP"
"PIGT","PIGT","PIGT","0.005222311851951689","7.99704724409449E-4","0.00964491897949393","false","PIGT"
"PEPD","PEPD","PEPD","0.006397431603126448","0.0122141852647562","5.80677941496697E-4","false","PEPD"
"VAMP7","VAMP7","VAMP7","5.47470957529924E-4","3.69094488188976E-4","7.25847426870872E-4","false","VAMP7"
"KLHL31","KLHL31","KLHL31","0.004338171965916725","0.0","0.00867634393183345","false","KLHL31"
"TMTC4","TMTC4","TMTC4","0.003954739419870925","0.00232483563670428","0.00558464320303757","false","TMTC4"
"TM9SF2","TM9SF2","TM9SF2","3.075787401574805E-4","6.15157480314961E-4","0.0","false","TM9SF2"
"MRPS7","MRPS7","MRPS7","4.35508456122523E-4","0.0","8.71016912245046E-4","false","MRPS7"
"NT5C","NT5C","NT5C","3.690944881889765E-4","7.38188976377953E-4","0.0","false","NT5C"
"PSMF1","PSMF1","PSMF1","7.0679482493646E-4","6.15157480314961E-4","7.98432169557959E-4","false","PSMF1"
"TMX4","TMX4","TMX4","0.007028082925752559","0.00170967815638932","0.0123464876951158","false","TMX4"
"ITPA","ITPA","ITPA","0.001223933566383635","0.00244786713276727","0.0","false","ITPA"
"NECAB3","NECAB3","NECAB3","9.553069270134685E-4","6.76673228346457E-4","0.00123394062568048","false","NECAB3"
"RALY","RALY","RALY","7.18500097017797E-4","0.00129183070866142","1.45169485374174E-4","false","RALY"
"TMEM53","TMEM53","TMEM53","6.594334589373251E-4","7.38188976377953E-4","5.80677941496697E-4","false","TMEM53"
"PPCS","PPCS","PPCS","0.0032001189103731415","0.00596472936462376","4.35508456122523E-4","false","PPCS"
"SLC35E1","SLC35E1","SLC35E1","2.7926997609275747E-4","1.23031496062992E-4","4.35508456122523E-4","false","SLC35E1"
"SMARCA4","SMARCA4","SMARCA4","2.46062992125984E-4","4.92125984251968E-4","0.0","false","SMARCA4"
"AAMP","AAMP","AAMP","0.0048161435681363315","7.38188976377953E-4","0.00889409815989471","false","AAMP"
"STYXL1","STYXL1","STYXL1","0.007451819204366474","0.0146132994379846","2.90338970748349E-4","false","STYXL1"
"CASD1","CASD1","CASD1","0.001613915028820655","0.0","0.00322783005764131","false","CASD1"
"DGCR8","DGCR8","DGCR8","0.0047117865323700716","7.38188976377953E-4","0.00868538408836219","false","DGCR8"
"MRPS12","MRPS12","MRPS12","0.0015505649084755276","0.00244786713276727","6.53262684183785E-4","false","MRPS12"
"MTX2","MTX2","MTX2","0.001904253999569005","0.0","0.00380850799913801","false","MTX2"
"HAT1","HAT1","HAT1","5.142639735631509E-4","7.38188976377953E-4","2.90338970748349E-4","false","HAT1"
"PALLD","PALLD","PALLD","0.013647440763449037","0.0265690341000272","7.25847426870872E-4","false","PALLD"
"MPDU1","MPDU1","MPDU1","7.82464955000317E-4","9.84251968503937E-4","5.80677941496697E-4","false","MPDU1"
"SNX6","SNX6","SNX6","0.00149595384318509","0.0","0.00299190768637018","false","SNX6"
"TEP1","TEP1","TEP1","4.52748225531655E-4","6.15157480314961E-4","2.90338970748349E-4","false","TEP1"
"REEP5","REEP5","REEP5","0.0016766817919152896","0.00306302461308223","2.90338970748349E-4","false","REEP5"
"DOHH","DOHH","DOHH","4.2997395879472753E-4","6.15157480314961E-5","7.98432169557959E-4","false","DOHH"
"ECSIT","ECSIT","ECSIT","6.649679562651209E-4","6.76673228346457E-4","6.53262684183785E-4","false","ECSIT"
"XPO7","XPO7","XPO7","0.00270156871562183","0.0","0.00540313743124366","false","XPO7"
"NSUN5","NSUN5","NSUN5","5.647107269390555E-4","9.84251968503937E-4","1.45169485374174E-4","false","NSUN5"
"DDA1","DDA1","DDA1","3.9368158745118405E-4","6.15157480314961E-5","7.25847426870872E-4","false","DDA1"
"MRPL34","MRPL34","MRPL34","0.00643512041279491","0.00123031496062992","0.0116399258649599","false","MRPL34"
"QRSL1","QRSL1","QRSL1","0.023738540731571747","0.0468964035216468","5.80677941496697E-4","false","QRSL1"
"ATXN10","ATXN10","ATXN10","4.416792308760635E-4","7.38188976377953E-4","1.45169485374174E-4","false","ATXN10"
"ATG4D","ATG4D","ATG4D","0.007919073009899856","0.0120296380206617","0.00380850799913801","false","ATG4D"
"MAP3K10","MAP3K10","MAP3K10","0.00328224665711853","0.0","0.00656449331423706","false","MAP3K10"
"LRP3","LRP3","LRP3","1.451694853741745E-4","0.0","2.90338970748349E-4","false","LRP3"
"FBP2","FBP2","FBP2","2.903389707483485E-4","0.0","5.80677941496697E-4","false","FBP2"
"ATP6V1E1","ATP6V1E1","ATP6V1E1","5.142639735631509E-4","7.38188976377953E-4","2.90338970748349E-4","false","ATP6V1E1"
"CHMP1A","CHMP1A","CHMP1A","1.34100490718583E-4","1.23031496062992E-4","1.45169485374174E-4","false","CHMP1A"
"PPT1","PPT1","PPT1","6.452790769049634E-4","4.92125984251968E-4","7.98432169557959E-4","false","PPT1"
"NR1H2","NR1H2","NR1H2","0.004935711535184875","0.00147637795275591","0.00839504511761384","false","NR1H2"
"TUBG1","TUBG1","TUBG1","0.00661518583118771","0.0122141852647562","0.00101618639761922","false","TUBG1"
"ACLY","ACLY","ACLY","1.0334261670283504E-4","6.15157480314961E-5","1.45169485374174E-4","false","ACLY"
"VPS25","VPS25","VPS25","1.81461856717718E-4","0.0","3.62923713435436E-4","false","VPS25"
"TRAF7","TRAF7","TRAF7","4.613681102362205E-4","9.22736220472441E-4","0.0","false","TRAF7"
"SNRPA1","SNRPA1","SNRPA1","0.00165454380260411","0.00330908760520822","0.0","false","SNRPA1"
"IMMT","IMMT","IMMT","0.0030938801176597502","0.00232483563670428","0.00386292459861522","false","IMMT"
"SCLY","SCLY","SCLY","7.713959603447265E-4","0.00110728346456693","4.35508456122523E-4","false","SCLY"
"EEFSEC","EEFSEC","EEFSEC","7.0988021231323E-4","9.84251968503937E-4","4.35508456122523E-4","false","EEFSEC"
"COQ3","COQ3","COQ3","0.004245078390619275","0.00232483563670428","0.00616532114453427","false","COQ3"
"GRSF1","GRSF1","GRSF1","0.005003139922181843","6.76673228346457E-4","0.00932960661601723","false","GRSF1"
"ERAL1","ERAL1","ERAL1","0.001909324309996432","2.46062992125984E-4","0.00357258562786688","false","ERAL1"
"PPP1R3D","PPP1R3D","PPP1R3D","0.00397976833074566","0.0","0.00795953666149132","false","PPP1R3D"
"XPO4","XPO4","XPO4","0.0018821160102578218","2.46062992125984E-4","0.00351816902838966","false","XPO4"
"PEMT","PEMT","PEMT","2.177542280612615E-4","0.0","4.35508456122523E-4","false","PEMT"
"HSPBP1","HSPBP1","HSPBP1","1.7039286206212698E-4","1.23031496062992E-4","2.17754228061262E-4","false","HSPBP1"
"LARGE1","LARGE1","LARGE1","0.005022354667165921","0.00931886190746097","7.25847426870872E-4","false","LARGE1"
"MYO18B","MYO18B","MYO18B","0.0017933318937319997","0.00329632481671565","2.90338970748349E-4","false","MYO18B"
"GIMAP6","GIMAP6","GIMAP6","0.006422122374311666","0.00744110731737967","0.00540313743124366","false","GIMAP6"
"GIMAP4","GIMAP4","GIMAP4","9.78081193750396E-4","0.00123031496062992","7.25847426870872E-4","false","GIMAP4"
"KRBA1","KRBA1","KRBA1","0.00165454380260411","0.00330908760520822","0.0","false","KRBA1"
"LARS1","LARS1","LARS1","0.003300414800328395","0.0","0.00660082960065679","false","LARS1"
"IMPA1","IMPA1","IMPA1","0.00149595384318509","0.0","0.00299190768637018","false","IMPA1"
"MRPS36","MRPS36","MRPS36","0.009097479582597986","0.0120296380206617","0.00616532114453427","false","MRPS36"
"PPHLN1","PPHLN1","PPHLN1","0.0135517658247859","0.0271035316495718","0.0","false","PPHLN1"
"LDHA","LDHA","LDHA","0.002116009543402098","3.69094488188976E-4","0.00386292459861522","false","LDHA"
"TIMM17A","TIMM17A","TIMM17A","0.003311634345721015","0.00232483563670428","0.00429843305473775","false","TIMM17A"
"FHOD3","FHOD3","FHOD3","0.006268865609735655","0.0120296380206617","5.0809319880961E-4","false","FHOD3"
"TIMM10","TIMM10","TIMM10","3.62923713435436E-4","0.0","7.25847426870872E-4","false","TIMM10"
"RFK","RFK","RFK","0.001525341531787576","0.00232483563670428","7.25847426870872E-4","false","RFK"
"CD36","CD36","CD36","3.62923713435436E-5","0.0","7.25847426870872E-5","false","CD36"
"MTO1","MTO1","MTO1","8.771876869985865E-4","7.38188976377953E-4","0.00101618639761922","false","MTO1"
"COQ10A","COQ10A","COQ10A","1.0334261670283504E-4","6.15157480314961E-5","1.45169485374174E-4","false","COQ10A"
"FAIM2","FAIM2","FAIM2","0.00146874554344648","0.0","0.00293749108689296","false","FAIM2"
"PRADC1","PRADC1","PRADC1","5.5609084223449E-4","6.76673228346457E-4","4.35508456122523E-4","false","PRADC1"
"SMYD5","SMYD5","SMYD5","3.826125927955925E-4","1.84547244094488E-4","5.80677941496697E-4","false","SMYD5"
"MPHOSPH6","MPHOSPH6","MPHOSPH6","0.0081727708112882","0.0","0.0163455416225764","false","MPHOSPH6"
"NTPCR","NTPCR","NTPCR","0.00777390352452568","0.0120296380206617","0.00351816902838966","false","NTPCR"
"DNAJB2","DNAJB2","DNAJB2","0.0018429759773830395","0.00339561298401773","2.90338970748349E-4","false","DNAJB2"
"CAB39","CAB39","CAB39","0.005753441858778855","0.0109987905187481","5.0809319880961E-4","false","CAB39"
"MRPS9","MRPS9","MRPS9","0.002792321601518785","0.0","0.00558464320303757","false","MRPS9"
"ANKRD36","ANKRD36","ANKRD36","1.08877114030631E-4","0.0","2.17754228061262E-4","false","ANKRD36"
"RNASEH2B","RNASEH2B","RNASEH2B","2.0668523340567051E-4","1.23031496062992E-4","2.90338970748349E-4","false","RNASEH2B"
"RCBTB1","RCBTB1","RCBTB1","1.451694853741745E-4","0.0","2.90338970748349E-4","false","RCBTB1"
"DDX56","DDX56","DDX56","4.3305934617149746E-4","4.30610236220472E-4","4.35508456122523E-4","false","DDX56"
"DBNL","DBNL","DBNL","0.00636610600194915","0.0127322120038983","0.0","false","DBNL"
"ZFHX2","ZFHX2","ZFHX2","5.031949789075595E-4","8.61220472440945E-4","1.45169485374174E-4","false","ZFHX2"
"ADAMTS7","ADAMTS7","ADAMTS7","8.605841950152E-4","9.22736220472441E-4","7.98432169557959E-4","false","ADAMTS7"
"TACO1","TACO1","TACO1","6.286755849215771E-4","6.76673228346457E-4","5.80677941496697E-4","false","TACO1"
"IMP4","IMP4","IMP4","6.1515748031496E-5","1.23031496062992E-4","0.0","false","IMP4"
"C9orf78","C9orf78","C9orf78","0.0","0.0","0.0","false","C9orf78"
"RALGPS1","RALGPS1","RALGPS1","0.0034408366165375502","0.00330908760520822","0.00357258562786688","false","RALGPS1"
"ST6GALNAC4","ST6GALNAC4","ST6GALNAC4","2.0668523340567051E-4","1.23031496062992E-4","2.90338970748349E-4","false","ST6GALNAC4"
"DSCC1","DSCC1","DSCC1","1.451694853741745E-4","0.0","2.90338970748349E-4","false","DSCC1"
"DMAC1","DMAC1","DMAC1","7.37552698952208E-4","6.76673228346457E-4","7.98432169557959E-4","false","DMAC1"
"PPIL1","PPIL1","PPIL1","0.00420014901373033","0.00633382385281274","0.00206647417464792","false","PPIL1"
"UQCC2","UQCC2","UQCC2","2.903389707483485E-4","0.0","5.80677941496697E-4","false","UQCC2"
"TPMT","TPMT","TPMT","5.585399521855149E-4","2.46062992125984E-4","8.71016912245046E-4","false","TPMT"
"MRPL15","MRPL15","MRPL15","0.0047853856941205836","6.76673228346457E-4","0.00889409815989471","false","MRPL15"
"ALKBH8","ALKBH8","ALKBH8","3.912324775001585E-4","4.92125984251968E-4","2.90338970748349E-4","false","ALKBH8"
"NDUFAF1","NDUFAF1","NDUFAF1","6.56984348986302E-4","0.00116879921259843","1.45169485374174E-4","false","NDUFAF1"
"TMEM62","TMEM62","TMEM62","2.177542280612615E-4","0.0","4.35508456122523E-4","false","TMEM62"
"CGREF1","CGREF1","CGREF1","2.177542280612615E-4","0.0","4.35508456122523E-4","false","CGREF1"
"DTNB","DTNB","DTNB","4.724371048918115E-4","7.99704724409449E-4","1.45169485374174E-4","false","DTNB"
"ATAD1","ATAD1","ATAD1","0.01212060083529475","0.0120296380206617","0.0122115636499278","false","ATAD1"
"ASCC1","ASCC1","ASCC1","2.4851210207700955E-4","6.15157480314961E-5","4.35508456122523E-4","false","ASCC1"
"ATIC","ATIC","ATIC","2.46062992125984E-4","4.92125984251968E-4","0.0","false","ATIC"
"ARHGAP24","ARHGAP24","ARHGAP24","0.01530970705840157","0.0216436910576926","0.00897572305911054","false","ARHGAP24"
"COPS4","COPS4","COPS4","7.2584742687087E-5","0.0","1.45169485374174E-4","false","COPS4"
"ETNK1","ETNK1","ETNK1","0.0066813370463675","0.0","0.013362674092735","false","ETNK1"
"TMEM117","TMEM117","TMEM117","0.001904253999569005","0.0","0.00380850799913801","false","TMEM117"
"PRICKLE1","PRICKLE1","PRICKLE1","0.0","0.0","0.0","false","PRICKLE1"
"NDUFA9","NDUFA9","NDUFA9","0.0033127348100471304","0.00281696162095625","0.00380850799913801","false","NDUFA9"
"LLPH","LLPH","LLPH","6.705024535929165E-4","6.15157480314961E-4","7.25847426870872E-4","false","LLPH"
"GLTP","GLTP","GLTP","7.012603276086646E-4","6.76673228346457E-4","7.25847426870872E-4","false","GLTP"
"FAM222A","FAM222A","FAM222A","0.00493744814527491","0.00659264963343129","0.00328224665711853","false","FAM222A"
"MYG1","MYG1","MYG1","3.383366141732285E-4","6.76673228346457E-4","0.0","false","MYG1"
"ANKRD52","ANKRD52","ANKRD52","1.451694853741745E-4","0.0","2.90338970748349E-4","false","ANKRD52"
"DENR","DENR","DENR","0.001618985339248082","2.46062992125984E-4","0.00299190768637018","false","DENR"
"STON2","STON2","STON2","0.00601481901033085","0.0120296380206617","0.0","false","STON2"
"NIPA2","NIPA2","NIPA2","3.407857241242535E-4","2.46062992125984E-4","4.35508456122523E-4","false","NIPA2"
"LYSMD2","LYSMD2","LYSMD2","1.64858364734331E-4","1.84547244094488E-4","1.45169485374174E-4","false","LYSMD2"
"ANP32A","ANP32A","ANP32A","2.177542280612615E-4","0.0","4.35508456122523E-4","false","ANP32A"
"MAN2C1","MAN2C1","MAN2C1","0.001008839067766146","0.00129183070866142","7.25847426870872E-4","false","MAN2C1"
"EFL1","EFL1","EFL1","3.9368158745118405E-4","6.15157480314961E-5","7.25847426870872E-4","false","EFL1"
"RHOT2","RHOT2","RHOT2","0.0018342904573583185","6.76673228346457E-4","0.00299190768637018","false","RHOT2"
"PCTP","PCTP","PCTP","5.142639735631509E-4","7.38188976377953E-4","2.90338970748349E-4","false","PCTP"
"SLC16A3","SLC16A3","SLC16A3","0.00168649977150774","0.0","0.00337299954301548","false","SLC16A3"
"CCDC97","CCDC97","CCDC97","8.858075717031509E-4","0.00104576771653543","7.25847426870872E-4","false","CCDC97"
"EVI5L","EVI5L","EVI5L","5.5609084223449E-4","6.76673228346457E-4","4.35508456122523E-4","false","EVI5L"
"TIPRL","TIPRL","TIPRL",,,"7.25847426870872E-4","false","TIPRL"
"MPC2","MPC2","MPC2",,,"4.35508456122523E-4","false","MPC2"
"RXRG","RXRG","RXRG","0.0019858627451053096","0.00317329332065266","7.98432169557959E-4","false","RXRG"
"NR1I3","NR1I3","NR1I3","5.0809319880961E-4","0.0","0.00101618639761922","false","NR1I3"
"METTL25B","METTL25B","METTL25B","0.006470016345813536","0.0122141852647562","7.25847426870872E-4","false","METTL25B"
"MRPL24","MRPL24","MRPL24","0.0068618851007394305","0.0135060159734176","2.17754228061262E-4","false","MRPL24"
"CRABP2","CRABP2","CRABP2",,,"0.00299190768637018","false","CRABP2"
"GABPB2","GABPB2","GABPB2","5.84399606299215E-4","0.00116879921259843","0.0","false","GABPB2"
"SNAPIN","SNAPIN","SNAPIN","0.001904253999569005","0.0","0.00380850799913801","false","SNAPIN"
"SNAP47","SNAP47","SNAP47","0.00204942348494318","0.0","0.00409884696988636","false","SNAP47"
"PDIA6","PDIA6","PDIA6","0.0020102178167482414","7.38188976377953E-4","0.00328224665711853","false","PDIA6"
"ABHD1","ABHD1","ABHD1","0.001706803388505295","0.00232483563670428","0.00108877114030631","false","ABHD1"
"EXOC6B","EXOC6B","EXOC6B","0.0","0.0","0.0","false","EXOC6B"
"GRIP2","GRIP2","GRIP2","0.0037965106306816765","7.38188976377953E-4","0.0068548322849854","false","GRIP2"
"GADL1","GADL1","GADL1","0.005840666230903546","1.23031496062992E-4","0.0115583009657441","false","GADL1"
"LIMD1","LIMD1","LIMD1","0.0117063143491249","0.0","0.0234126286982498","false","LIMD1"
"ATG3","ATG3","ATG3","0.006252262117752275","0.0122141852647562","2.90338970748349E-4","false","ATG3"
"TMEM108","TMEM108","TMEM108","0.010581158525393186","0.0158476975984294","0.00531461945235697","false","TMEM108"
"OSBPL11","OSBPL11","OSBPL11","1.08877114030631E-4","0.0","2.17754228061262E-4","false","OSBPL11"
"CAMK2D","CAMK2D","CAMK2D","0.016894051112362588","0.0330622547978543","7.25847426870872E-4","false","CAMK2D"
"CISD2","CISD2","CISD2","0.001235002561039227","0.00232483563670428","1.45169485374174E-4","false","CISD2"
"CLVS2","CLVS2","CLVS2","0.00216755676110412","0.00110728346456693","0.00322783005764131","false","CLVS2"
"TMEM181","TMEM181","TMEM181","2.903389707483485E-4","0.0","5.80677941496697E-4","false","TMEM181"
"C7orf50","C7orf50","C7orf50","0.00149595384318509","0.0","0.00299190768637018","false","C7orf50"
"CCZ1B","CCZ1B","CCZ1B","0.00866899660198036","0.00129183070866142","0.0160461624952993","false","CCZ1B"
"SNX12","SNX12","SNX12","6.114358155124431E-4","6.15157480314961E-5","0.00116135588299339","false","SNX12"
"BIN3","BIN3","BIN3","0.0","0.0","0.0","false","BIN3"
"SLC25A37","SLC25A37","SLC25A37","4.97024204154019E-4","1.23031496062992E-4","8.71016912245046E-4","false","SLC25A37"
"EBAG9","EBAG9","EBAG9","5.696089468411059E-4","1.23031496062992E-4","0.00101618639761922","false","EBAG9"
"MRRF","MRRF","MRRF","0.0018044008883875914","0.00317329332065266","4.35508456122523E-4","false","MRRF"
"PTGES2","PTGES2","PTGES2","0.0016705110171617498","0.00232483563670428","0.00101618639761922","false","PTGES2"
"MIGA2","MIGA2","MIGA2","5.27782078169767E-4","1.84547244094488E-4","8.71016912245046E-4","false","MIGA2"
"LRSAM1","LRSAM1","LRSAM1","6.20055700217011E-4","3.69094488188976E-4","8.71016912245046E-4","false","LRSAM1"
"PARD3","PARD3","PARD3","0.00307440185779234","0.00141486220472441","0.00473394151086027","false","PARD3"
"POLR3A","POLR3A","POLR3A","0.0","0.0","0.0","false","POLR3A"
"HIKESHI","HIKESHI","HIKESHI","8.353608183272475E-4","7.99704724409449E-4","8.71016912245046E-4","false","HIKESHI"
"TENM4","TENM4","TENM4","0.00419275560954518","0.00568394250346853","0.00270156871562183","false","TENM4"
"LSM14B","LSM14B","LSM14B","0.0031124900724821434","6.76673228346457E-4","0.00554830691661783","false","LSM14B"
"PRSS23","PRSS23","PRSS23","0.0017318161457005046","0.00317329332065266","2.90338970748349E-4","false","PRSS23"
"NOPCHAP1","NOPCHAP1","NOPCHAP1","0.00316691192640637","0.00633382385281274","0.0","false","NOPCHAP1"
"MIPOL1","MIPOL1","MIPOL1","4.94575094202994E-4","5.53641732283465E-4","4.35508456122523E-4","false","MIPOL1"
"VTI1A","VTI1A","VTI1A","3.62923713435436E-4","0.0","7.25847426870872E-4","false","VTI1A"
"RABGAP1L","RABGAP1L","RABGAP1L","5.78228831545672E-4","4.30610236220472E-4","7.25847426870872E-4","false","RABGAP1L"
"TLCD4","TLCD4","TLCD4","0.002499916099175713","0.00463690848491599","3.62923713435436E-4","false","TLCD4"
"GPATCH11","GPATCH11","GPATCH11","0.0","0.0","0.0","false","GPATCH11"
"ATP5F1A","ATP5F1A","ATP5F1A","0.0022425906137422337","6.76673228346457E-4","0.00380850799913801","false","ATP5F1A"
"SPOCK1","SPOCK1","SPOCK1","0.007655942338890115","0.0120296380206617","0.00328224665711853","false","SPOCK1"
"GGPS1","GGPS1","GGPS1","0.011060925970959055","0.0158476975984294","0.00627415434348871","false","GGPS1"
"TMEM87B","TMEM87B","TMEM87B","0.0","0.0","0.0","false","TMEM87B"
"CYRIB","CYRIB","CYRIB","0.008082568157554293","2.46062992125984E-4","0.0159190733229826","false","CYRIB"
"TRIP12","TRIP12","TRIP12","3.075787401574805E-4","6.15157480314961E-4","0.0","false","TRIP12"
"PRKCA","PRKCA","PRKCA","0.006917866351443137","0.0136905632175121","1.45169485374174E-4","false","PRKCA"
"NEIL2","NEIL2","NEIL2","0.0025425898647655413","0.00464967127340856","4.35508456122523E-4","false","NEIL2"
"PGM5","PGM5","PGM5","0.001905294395139397","0.00366541930490462","1.45169485374174E-4","false","PGM5"
"OBSCN","OBSCN","OBSCN","4.718008274660665E-4","0.0","9.43601654932133E-4","false","OBSCN"
"ATP5MC3","ATP5MC3","ATP5MC3","7.37552698952208E-4","6.76673228346457E-4","7.98432169557959E-4","false","ATP5MC3"
"ATP5PF","ATP5PF","ATP5PF","0.0021972141707937536","6.76673228346457E-4","0.00371775511324105","false","ATP5PF"
"PPM1J","PPM1J","PPM1J","0.00149595384318509","0.0","0.00299190768637018","false","PPM1J"
"HEATR3","HEATR3","HEATR3","6.17606590265986E-4","7.99704724409449E-4","4.35508456122523E-4","false","HEATR3"
"OXA1L","OXA1L","OXA1L","0.006087403753017937","0.0120296380206617","1.45169485374174E-4","false","OXA1L"
"SLC26A2","SLC26A2","SLC26A2","2.177542280612615E-4","0.0","4.35508456122523E-4","false","SLC26A2"
"MED7","MED7","MED7","0.0017369465248836468","2.46062992125984E-4","0.00322783005764131","false","MED7"
"PTDSS1","PTDSS1","PTDSS1","0.001826328258206025","0.00365265651641205","0.0","false","PTDSS1"
"AIFM1","AIFM1","AIFM1","0.006444118439137129","6.76673228346457E-4","0.0122115636499278","false","AIFM1"
"NTAQ1","NTAQ1","NTAQ1","9.78081193750396E-5","1.23031496062992E-4","7.25847426870872E-5","false","NTAQ1"
"EXOG","EXOG","EXOG","6.286755849215771E-4","6.76673228346457E-4","5.80677941496697E-4","false","EXOG"
"C12orf43","C12orf43","C12orf43","0.0018342904573583185","6.76673228346457E-4","0.00299190768637018","false","C12orf43"
"MRPL17","MRPL17","MRPL17","3.075787401574805E-4","6.15157480314961E-4","0.0","false","MRPL17"
"CNNM4","CNNM4","CNNM4","6.1515748031496E-5","1.23031496062992E-4","0.0","false","CNNM4"
"KCNB1","KCNB1","KCNB1","3.62923713435436E-4","0.0","7.25847426870872E-4","false","KCNB1"
"TSPAN33","TSPAN33","TSPAN33","0.0","0.0","0.0","false","TSPAN33"
"FAM86C1P","FAM86C1P","FAM86C1P","0.0055973104845166224","8.61220472440945E-4","0.0103334004965923","false","FAM86C1P"
"COPG2","COPG2","COPG2","0.009351276901880874","0.0184122148330134","2.90338970748349E-4","false","COPG2"
"TOMM40L","TOMM40L","TOMM40L","0.0015142725371319835","0.00244786713276727","5.80677941496697E-4","false","TOMM40L"
"ATP5MC1","ATP5MC1","ATP5MC1","0.0023202456668567455","9.22736220472441E-4","0.00371775511324105","false","ATP5MC1"
"SNF8","SNF8","SNF8","8.101374416392951E-4","6.76673228346457E-4","9.43601654932133E-4","false","SNF8"
"CLIC6","CLIC6","CLIC6","0.007936822207200036","0.0151477969875292","7.25847426870872E-4","false","CLIC6"
"CBR1","CBR1","CBR1","0.00842393698261899","0.0138559662788678","0.00299190768637018","false","CBR1"
"ZDHHC1","ZDHHC1","ZDHHC1","0.010395021088745012","0.0203545337213675","4.35508456122523E-4","false","ZDHHC1"
"PSKH1","PSKH1","PSKH1","7.2584742687087E-5","0.0","1.45169485374174E-4","false","PSKH1"
"C19orf47","C19orf47","C19orf47","3.24182232140867E-4","4.30610236220472E-4","2.17754228061262E-4","false","C19orf47"
"SPTBN4","SPTBN4","SPTBN4","4.85955209498428E-4","2.46062992125984E-4","7.25847426870872E-4","false","SPTBN4"
"CHTOP","CHTOP","CHTOP","0.001825736207973908","0.00278045550370277","8.71016912245046E-4","false","CHTOP"
"FLAD1","FLAD1","FLAD1","4.109213568603155E-4","6.76673228346457E-4","1.45169485374174E-4","false","FLAD1"
"PMF1","PMF1","PMF1","0.006618661732415455","0.00141486220472441","0.0118224612601065","false","PMF1"
"FGFR4","FGFR4","FGFR4","0.008889067858434114","0.0150765670012464","0.00270156871562183","false","FGFR4"
"VPS28","VPS28","VPS28","2.4851210207700955E-4","6.15157480314961E-5","4.35508456122523E-4","false","VPS28"
"PPP1R16A","PPP1R16A","PPP1R16A","3.494056088288195E-4","5.53641732283465E-4","1.45169485374174E-4","false","PPP1R16A"
"POLR3K","POLR3K","POLR3K","0.0","0.0","0.0","false","POLR3K"
"SNRNP25","SNRNP25","SNRNP25","8.464298129828385E-4","6.76673228346457E-4","0.00101618639761922","false","SNRNP25"
"PAQR4","PAQR4","PAQR4","0.008011346631947105","0.0122141852647562","0.00380850799913801","false","PAQR4"
"CLPB","CLPB","CLPB","3.62923713435436E-4","0.0","7.25847426870872E-4","false","CLPB"
"ITIH3","ITIH3","ITIH3","1.451694853741745E-4","0.0","2.90338970748349E-4","false","ITIH3"
"RPS6KA4","RPS6KA4","RPS6KA4","0.0012965183090707221","0.00244786713276727","1.45169485374174E-4","false","RPS6KA4"
"OMA1","OMA1","OMA1","4.718008274660665E-4","0.0","9.43601654932133E-4","false","OMA1"
"TM2D1","TM2D1","TM2D1","3.801634828445675E-4","6.15157480314961E-4","1.45169485374174E-4","false","TM2D1"
"BOLA3","BOLA3","BOLA3","0.00198915875197482","0.00281696162095625","0.00116135588299339","false","BOLA3"
"NAXE","NAXE","NAXE","5.86848716250238E-4","7.38188976377953E-4","4.35508456122523E-4","false","NAXE"
"ADORA1","ADORA1","ADORA1","6.1515748031496E-4","0.00123031496062992","0.0","false","ADORA1"
"SERPINI1","SERPINI1","SERPINI1","7.320182016244126E-4","7.38188976377953E-4","7.25847426870872E-4","false","SERPINI1"
"SUCLG1","SUCLG1","SUCLG1","6.286755849215771E-4","6.76673228346457E-4","5.80677941496697E-4","false","SUCLG1"
"APBB2","APBB2","APBB2","0.001911675789385682","0.00367818209339719","1.45169485374174E-4","false","APBB2"
"HPS3","HPS3","HPS3","6.90191332953073E-4","7.99704724409449E-4","5.80677941496697E-4","false","HPS3"
"SLC4A1AP","SLC4A1AP","SLC4A1AP","1.7039286206212698E-4","1.23031496062992E-4","2.17754228061262E-4","false","SLC4A1AP"
"PGRMC2","PGRMC2","PGRMC2","0.0018035325833425705","6.15157480314961E-4","0.00299190768637018","false","PGRMC2"
"SPRY1","SPRY1","SPRY1",,,"0.0","false","SPRY1"
"APEH","APEH","APEH","6.286755849215771E-4","6.76673228346457E-4","5.80677941496697E-4","false","APEH"
"HSPA4L","HSPA4L","HSPA4L","0.00778114631593359","0.00666819447197247","0.00889409815989471","false","HSPA4L"
"ETNPPL","ETNPPL","ETNPPL","0.003064492429057265","0.0","0.00612898485811453","false","ETNPPL"
"NDUFAF2","NDUFAF2","NDUFAF2","3.383366141732285E-4","6.76673228346457E-4","0.0","false","NDUFAF2"
"WDR41","WDR41","WDR41","0.0019179441947009975","5.53641732283465E-4","0.00328224665711853","false","WDR41"
"NDUFS4","NDUFS4","NDUFS4","7.82464955000317E-4","9.84251968503937E-4","5.80677941496697E-4","false","NDUFS4"
"KDM1B","KDM1B","KDM1B","0.001671881202575013","6.15157480314961E-5","0.00328224665711853","false","KDM1B"
"ATP7A","ATP7A","ATP7A",,,"4.35508456122523E-4","false","ATP7A"
"PIGO","PIGO","PIGO","0.0018650483313740664","7.38188976377953E-4","0.00299190768637018","false","PIGO"
"ATP5F1C","ATP5F1C","ATP5F1C","9.553069270134685E-4","6.76673228346457E-4","0.00123394062568048","false","ATP5F1C"
"ISCA2","ISCA2","ISCA2","7.2584742687087E-5","0.0","1.45169485374174E-4","false","ISCA2"
"AVPR1A","AVPR1A","AVPR1A","0.004010892629438183","0.00744110731737967","5.80677941496697E-4","false","AVPR1A"
"MSS51","MSS51","MSS51","3.100278501085055E-4","1.84547244094488E-4","4.35508456122523E-4","false","MSS51"
"COG1","COG1","COG1","5.585399521855149E-4","2.46062992125984E-4","8.71016912245046E-4","false","COG1"
"CIAO2A","CIAO2A","CIAO2A","0.0022697989134808387","6.76673228346457E-4","0.00386292459861522","false","CIAO2A"
"LDHD","LDHD","LDHD","0.001965769747600501","1.23031496062992E-4","0.00380850799913801","false","LDHD"
"MRPL16","MRPL16","MRPL16","1.08877114030631E-4","0.0","2.17754228061262E-4","false","MRPL16"
"CCNDBP1","CCNDBP1","CCNDBP1","6.20055700217011E-4","3.69094488188976E-4","8.71016912245046E-4","false","CCNDBP1"
"MARS1","MARS1","MARS1","0.0","0.0","0.0","false","MARS1"
"PHB","PHB","PHB","0.001829834884568285","0.00257089862883026","0.00108877114030631","false","PHB"
"GOLGA2","GOLGA2","GOLGA2","7.320182016244126E-4","7.38188976377953E-4","7.25847426870872E-4","false","GOLGA2"
"URM1","URM1","URM1","0.0014416877944448965","0.00244786713276727","4.35508456122523E-4","false","URM1"
"ENDOG","ENDOG","ENDOG","9.190145556699235E-4","6.76673228346457E-4","0.00116135588299339","false","ENDOG"
"ATP5MG","ATP5MG","ATP5MG","0.0020102178167482414","7.38188976377953E-4","0.00328224665711853","false","ATP5MG"
"TP53I13","TP53I13","TP53I13","2.6820098143716647E-4","2.46062992125984E-4","2.90338970748349E-4","false","TP53I13"
"RAB4B","RAB4B","RAB4B","0.00253910035924412","0.00141486220472441","0.00366333851376383","false","RAB4B"
"YIF1B","YIF1B","YIF1B","0.0014527567891004884","0.00232483563670428","5.80677941496697E-4","false","YIF1B"
"SPRYD3","SPRYD3","SPRYD3","4.724371048918115E-4","7.99704724409449E-4","1.45169485374174E-4","false","SPRYD3"
"NDUFV1","NDUFV1","NDUFV1","0.0025601378842291887","6.76673228346457E-4","0.00444360254011192","false","NDUFV1"
"NUDT8","NUDT8","NUDT8","0.00292150233254697","0.00232483563670428","0.00351816902838966","false","NUDT8"
"VPS37C","VPS37C","VPS37C","6.286755849215771E-4","6.76673228346457E-4","5.80677941496697E-4","false","VPS37C"
"NKIRAS2","NKIRAS2","NKIRAS2","0.0019969317397608966","0.00305026182458966","9.43601654932133E-4","false","NKIRAS2"
"SERINC2","SERINC2","SERINC2","0.01494540006340215","0.0138751104616066","0.0160156896651977","false","SERINC2"
"CNNM3","CNNM3","CNNM3","0.002297935587020188","6.15157480314961E-5","0.00453435542600888","false","CNNM3"
"LRRC28","LRRC28","LRRC28","4.361447335482681E-4","7.99704724409449E-4","7.25847426870872E-5","false","LRRC28"
"PPIC","PPIC","PPIC","3.266313420918925E-4","0.0","6.53262684183785E-4","false","PPIC"
"UQCRFS1","UQCRFS1","UQCRFS1","0.004761623934217409","6.76673228346457E-4","0.00884657464008836","false","UQCRFS1"
"MAP2K1","MAP2K1","MAP2K1","9.245490529977206E-4","6.15157480314961E-4","0.00123394062568048","false","MAP2K1"
"PUSL1","PUSL1","PUSL1","6.065375956103951E-4","9.22736220472441E-4","2.90338970748349E-4","false","PUSL1"
"SF3B5","SF3B5","SF3B5","0.004826198143728499","6.76673228346457E-4","0.00897572305911054","false","SF3B5"
"ZNF778","ZNF778","ZNF778","0.001568538585872175","0.0","0.00313707717174435","false","ZNF778"
"SLC16A5","SLC16A5","SLC16A5","3.5494010615661495E-4","4.92125984251968E-4","2.17754228061262E-4","false","SLC16A5"
"GON7","GON7","GON7","5.197984708909465E-4","6.76673228346457E-4","3.62923713435436E-4","false","GON7"
"HARS1","HARS1","HARS1","1.81461856717718E-4","0.0","3.62923713435436E-4","false","HARS1"
"NUDT9","NUDT9","NUDT9","0.006486619837796917","0.0120296380206617","9.43601654932133E-4","false","NUDT9"
"NDUFA3","NDUFA3","NDUFA3","0.00607305587233368","0.00819243426015518","0.00395367748451218","false","NDUFA3"
"SOX7","SOX7","SOX7","5.284183555955121E-4","9.84251968503937E-4","7.25847426870872E-5","false","SOX7"
"MTM1","MTM1","MTM1","5.197984708909465E-4","6.76673228346457E-4","3.62923713435436E-4","false","MTM1"
"JAGN1","JAGN1","JAGN1","0.0018378400316354563","7.38188976377953E-4","0.00293749108689296","false","JAGN1"
"TRIM8","TRIM8","TRIM8","0.018236354399878557","0.00821833501504532","0.0282543737847118","false","TRIM8"
"ETFDH","ETFDH","ETFDH","9.836156910781944E-4","0.00116879921259843","7.98432169557959E-4","false","ETFDH"
"NINJ2","NINJ2","NINJ2","3.5494010615661495E-4","4.92125984251968E-4","2.17754228061262E-4","false","NINJ2"
"QARS1","QARS1","QARS1","4.2443946146693203E-4","1.23031496062992E-4","7.25847426870872E-4","false","QARS1"
"ORMDL3","ORMDL3","ORMDL3","0.015068176334139566","0.00354238780884163","0.0265939648594375","false","ORMDL3"
"MRPL13","MRPL13","MRPL13","7.738450702957514E-4","6.76673228346457E-4","8.71016912245046E-4","false","MRPL13"
"BPGM","BPGM","BPGM","2.42977604749214E-4","1.23031496062992E-4","3.62923713435436E-4","false","BPGM"
"C2CD2L","C2CD2L","C2CD2L",,,"1.45169485374174E-4","false","C2CD2L"
"ZMAT3","ZMAT3","ZMAT3","0.001282363927038363","0.00220180414064129","3.62923713435436E-4","false","ZMAT3"
"LCLAT1","LCLAT1","LCLAT1","0.01443065164691575","0.0288613032938315","0.0","false","LCLAT1"
"GRK2","GRK2","GRK2","0.0010168226750449645","7.99704724409449E-4","0.00123394062568048","false","GRK2"
"DMRT2","DMRT2","DMRT2","0.008178086379470905","0.0125476647598038","0.00380850799913801","false","DMRT2"
"ARV1","ARV1","ARV1","3.5185471877984453E-4","1.23031496062992E-4","5.80677941496697E-4","false","ARV1"
"IHO1","IHO1","IHO1","0.003736963652021315","0.00366541930490462","0.00380850799913801","false","IHO1"
"MICOS10","MICOS10","MICOS10","3.5185471877984453E-4","1.23031496062992E-4","5.80677941496697E-4","false","MICOS10"
"PTPRM","PTPRM","PTPRM","0.0017318161457005046","0.00317329332065266","2.90338970748349E-4","false","PTPRM"
"MOB1B","MOB1B","MOB1B","5.45021847578899E-4","7.99704724409449E-4","2.90338970748349E-4","false","MOB1B"
"KICS2","KICS2","KICS2",,,"0.0","false","KICS2"
"TMEM167A","TMEM167A","TMEM167A","0.009445490205988104","0.0156631503543349","0.00322783005764131","false","TMEM167A"
"BRMS1","BRMS1","BRMS1","1.451694853741745E-4","0.0","2.90338970748349E-4","false","BRMS1"
"MICOS13","MICOS13","MICOS13","0.0015142725371319835","0.00244786713276727","5.80677941496697E-4","false","MICOS13"
"PACS1","PACS1","PACS1","7.012603276086646E-4","6.76673228346457E-4","7.25847426870872E-4","false","PACS1"
"SH3BP5L","SH3BP5L","SH3BP5L","0.010578231646671361","0.0207209548372202","4.35508456122523E-4","false","SH3BP5L"
"PCCA","PCCA","PCCA","1.81461856717718E-4","0.0","3.62923713435436E-4","false","PCCA"
"GAL3ST3","GAL3ST3","GAL3ST3","0.00798497604378086","0.00123031496062992","0.0147396371269318","false","GAL3ST3"
"LSM1","LSM1","LSM1","0.006305157981079198","0.0120296380206617","5.80677941496697E-4","false","LSM1"
"TMEM9B","TMEM9B","TMEM9B","9.805303037014196E-4","7.99704724409449E-4","0.00116135588299339","false","TMEM9B"
"LRRC25","LRRC25","LRRC25","0.0032884174318720664","7.38188976377953E-4","0.00583864588736618","false","LRRC25"
"CABP4","CABP4","CABP4","6.255901975448066E-4","3.0757874015748E-4","9.43601654932133E-4","false","CABP4"
"CCDC85B","CCDC85B","CCDC85B","1.0334261670283504E-4","6.15157480314961E-5","1.45169485374174E-4","false","CCDC85B"
"SLC35A4","SLC35A4","SLC35A4","0.0027360652436191116","7.38188976377953E-4","0.00473394151086027","false","SLC35A4"
"HSD11B2","HSD11B2","HSD11B2","4.35508456122523E-4","0.0","8.71016912245046E-4","false","HSD11B2"
"RNPEP","RNPEP","RNPEP","4.85955209498428E-4","2.46062992125984E-4","7.25847426870872E-4","false","RNPEP"
"CLK2","CLK2","CLK2","4.85955209498428E-4","2.46062992125984E-4","7.25847426870872E-4","false","CLK2"
"SLCO3A1","SLCO3A1","SLCO3A1","2.903389707483485E-4","0.0","5.80677941496697E-4","false","SLCO3A1"
"WDR25","WDR25","WDR25","2.768208661417325E-4","5.53641732283465E-4","0.0","false","WDR25"
"CNTD1","CNTD1","CNTD1","6.877422230020469E-4","0.00123031496062992","1.45169485374174E-4","false","CNTD1"
"SCAND2P","SCAND2P","SCAND2P","3.5494010615661495E-4","4.92125984251968E-4","2.17754228061262E-4","false","SCAND2P"
"RBIS","RBIS","RBIS","6.421936895281909E-4","1.23031496062992E-4","0.00116135588299339","false","RBIS"
"NIM1K","NIM1K","NIM1K","3.2971672946866253E-4","3.69094488188976E-4","2.90338970748349E-4","false","NIM1K"
"ARIH2","ARIH2","ARIH2","0.0054203772006527805","6.15157480314961E-4","0.0102255969209906","false","ARIH2"
"RBM44","RBM44","RBM44","2.374431074214185E-4","1.84547244094488E-4","2.90338970748349E-4","false","RBM44"
"RABEP2","RABEP2","RABEP2","0.00116241781835214","0.00232483563670428","0.0","false","RABEP2"
"HASPIN","HASPIN","HASPIN","0.00328224665711853","0.0","0.00656449331423706","false","HASPIN"
"PNPLA2","PNPLA2","PNPLA2","6.286755849215771E-4","6.76673228346457E-4","5.80677941496697E-4","false","PNPLA2"
"AGTRAP","AGTRAP","AGTRAP","5.80677941496695E-4","0.0","0.00116135588299339","false","AGTRAP"
"CHID1","CHID1","CHID1","0.007514831855684112","0.0145941552552457","4.35508456122523E-4","false","CHID1"
"CENPBD1","CENPBD1","CENPBD1","0.0","0.0","0.0","false","CENPBD1"
"MPI","MPI","MPI","0.00273361613366809","0.00116879921259843","0.00429843305473775","false","MPI"
"PFAS","PFAS","PFAS","4.35508456122523E-4","0.0","8.71016912245046E-4","false","PFAS"
"EIF3K","EIF3K","EIF3K","0.002460344841803494","6.76673228346457E-4","0.00424401645526053","false","EIF3K"
"CYC1","CYC1","CYC1","7.37552698952208E-4","6.76673228346457E-4","7.98432169557959E-4","false","CYC1"
"LSMEM2","LSMEM2","LSMEM2","0.0012602259377271787","0.00244786713276727","7.25847426870872E-5","false","LSMEM2"
"ZFPM1","ZFPM1","ZFPM1","3.690944881889765E-4","7.38188976377953E-4","0.0","false","ZFPM1"
"PLD6","PLD6","PLD6","0.004675691066986995","0.00797227202291933","0.00137911011105466","false","PLD6"
"LYNX1","LYNX1","LYNX1","3.5185471877984453E-4","1.23031496062992E-4","5.80677941496697E-4","false","LYNX1"
"FAHD1","FAHD1","FAHD1","0.002515861905606825","0.00116879921259843","0.00386292459861522","false","FAHD1"
"CAPS2","CAPS2","CAPS2","3.407857241242535E-4","2.46062992125984E-4","4.35508456122523E-4","false","CAPS2"
"PJA1","PJA1","PJA1","0.0024492758471479047","7.99704724409449E-4","0.00409884696988636","false","PJA1"
"TMIE","TMIE","TMIE","0.0025922339484165816","0.00474895944071064","4.35508456122523E-4","false","TMIE"
"GPR135","GPR135","GPR135","1.9561623875007897E-4","2.46062992125984E-4","1.45169485374174E-4","false","GPR135"
"YIPF6","YIPF6","YIPF6","0.004565182356108296","0.00110728346456693","0.00802308124764966","false","YIPF6"
"COPG1","COPG1","COPG1","6.877422230020469E-4","0.00123031496062992","1.45169485374174E-4","false","COPG1"
"LSM10","LSM10","LSM10","0.01111382183428598","0.0156631503543349","0.00656449331423706","false","LSM10"
"COA4","COA4","COA4","3.383366141732285E-4","6.76673228346457E-4","0.0","false","COA4"
"MRPL41","MRPL41","MRPL41","0.004094099300721335","0.00330908760520822","0.00487911099623445","false","MRPL41"
"MRPS16","MRPS16","MRPS16","0.00678312958329883","0.0127678269970397","7.98432169557959E-4","false","MRPS16"
"MFSD5","MFSD5","MFSD5","3.998523622047245E-4","7.99704724409449E-4","0.0","false","MFSD5"
"NEB","NEB","NEB","0.0014275334124125376","0.00220180414064129","6.53262684183785E-4","false","NEB"
"TMEM119","TMEM119","TMEM119","4.133704668113405E-4","2.46062992125984E-4","5.80677941496697E-4","false","TMEM119"
"DAZAP2","DAZAP2","DAZAP2","5.75779721594647E-4","8.61220472440945E-4","2.90338970748349E-4","false","DAZAP2"
"SFXN4","SFXN4","SFXN4","9.497724296856715E-4","7.38188976377953E-4","0.00116135588299339","false","SFXN4"
"HMCES","HMCES","HMCES","0.004475357844012079","4.92125984251968E-4","0.00845858970377219","false","HMCES"
"CCR3","CCR3","CCR3","5.86848716250238E-4","7.38188976377953E-4","4.35508456122523E-4","false","CCR3"
"BTBD9","BTBD9","BTBD9","2.84804473420553E-4","6.15157480314961E-5","5.0809319880961E-4","false","BTBD9"
"COA3","COA3","COA3","0.004009156019348145","0.00232483563670428","0.00569347640199201","false","COA3"
"VPS33B","VPS33B","VPS33B","7.82464955000317E-4","9.84251968503937E-4","5.80677941496697E-4","false","VPS33B"
"OLIG1","OLIG1","OLIG1","0.007134953576944179","0.00317329332065266","0.0110966138332357","false","OLIG1"
"HDDC3","HDDC3","HDDC3","2.46062992125984E-4","4.92125984251968E-4","0.0","false","HDDC3"
"KRBA2","KRBA2","KRBA2","0.0061904836169670305","6.15157480314961E-4","0.0117658097536191","false","KRBA2"
"NDUFA6","NDUFA6","NDUFA6","0.0023151753564293184","6.76673228346457E-4","0.00395367748451218","false","NDUFA6"
"DGAT1","DGAT1","DGAT1","3.075787401574805E-5","6.15157480314961E-5","0.0","false","DGAT1"
"HSF1","HSF1","HSF1","0.34313245816155563","0.0517196831115643","0.634545233211547","false","HSF1"
"PRMT3","PRMT3","PRMT3","3.715435981400015E-4","3.0757874015748E-4","4.35508456122523E-4","false","PRMT3"
"CCDC137","CCDC137","CCDC137","4.35508456122523E-4","0.0","8.71016912245046E-4","false","CCDC137"
"HGS","HGS","HGS","0.00264715211614461","0.0","0.00529430423228922","false","HGS"
"TARS3","TARS3","TARS3","0.0011956248023189113","0.0019557411485153","4.35508456122523E-4","false","TARS3"
"UBE2L3","UBE2L3","UBE2L3",,,"0.00845858970377219","false","UBE2L3"
"TRIM69","TRIM69","TRIM69","5.923832135780334E-4","6.76673228346457E-4","5.0809319880961E-4","false","TRIM69"
"TAL2","TAL2","TAL2","0.0048348180284330635","9.84251968503937E-4","0.00868538408836219","false","TAL2"
"CIDECP1","CIDECP1","CIDECP1","7.320182016244126E-4","7.38188976377953E-4","7.25847426870872E-4","false","CIDECP1"
"KRT10","KRT10","KRT10","0.0014638473235444325","8.61220472440945E-4","0.00206647417464792","false","KRT10"
"HPDL","HPDL","HPDL","0.006290435871885281","0.0123631175157093","2.17754228061262E-4","false","HPDL"
"CMC1","CMC1","CMC1","6.286755849215771E-4","6.76673228346457E-4","5.80677941496697E-4","false","CMC1"
"FNBP1","FNBP1","FNBP1","0.01151769038240582","0.0140596577057011","0.00897572305911054","false","FNBP1"
"MAGED4B","MAGED4B","MAGED4B","2.7926997609275747E-4","1.23031496062992E-4","4.35508456122523E-4","false","MAGED4B"
"MAGEH1","MAGEH1","MAGEH1",,,"0.00357258562786688","false","MAGEH1"
"TMEM203","TMEM203","TMEM203","3.62923713435436E-4","0.0","7.25847426870872E-4","false","TMEM203"
"RILPL1","RILPL1","RILPL1","0.0050718492138769646","0.00985335945700558","2.90338970748349E-4","false","RILPL1"
"NCR3LG1","NCR3LG1","NCR3LG1","1.451694853741745E-4","0.0","2.90338970748349E-4","false","NCR3LG1"
"COMMD6","COMMD6","COMMD6","6.735878409696865E-4","9.84251968503937E-4","3.62923713435436E-4","false","COMMD6"
"CIBAR1","CIBAR1","CIBAR1","0.0013801720464134014","0.00232483563670428","4.35508456122523E-4","false","CIBAR1"
"FOCAD","FOCAD","FOCAD","7.2584742687087E-5","0.0","1.45169485374174E-4","false","FOCAD"
"RBM34","RBM34","RBM34","0.0","0.0","0.0","false","RBM34"
"FAM120AOS","FAM120AOS","FAM120AOS","7.849140649513425E-4","5.53641732283465E-4","0.00101618639761922","false","FAM120AOS"
"ADAT2","ADAT2","ADAT2","4.94575094202994E-4","5.53641732283465E-4","4.35508456122523E-4","false","ADAT2"
"TMEM120A","TMEM120A","TMEM120A","0.0029562515924523797","7.99704724409449E-4","0.00511279846049531","false","TMEM120A"
"SRGAP3","SRGAP3","SRGAP3","6.92640442904098E-4","3.69094488188976E-4","0.00101618639761922","false","SRGAP3"
"GIMAP5","GIMAP5","GIMAP5","0.0017949126986380052","3.0757874015748E-4","0.00328224665711853","false","GIMAP5"
"NLGN3","NLGN3","NLGN3","5.5609084223449E-4","6.76673228346457E-4","4.35508456122523E-4","false","NLGN3"
"ANAPC7","ANAPC7","ANAPC7","0.002268007489082092","0.00439084549279001","1.45169485374174E-4","false","ANAPC7"
"TRAPPC4","TRAPPC4","TRAPPC4","5.0809319880961E-4","0.0","0.00101618639761922","false","TRAPPC4"
"ANXA6","ANXA6","ANXA6","0.0056098226646493455","1.23031496062992E-4","0.0110966138332357","false","ANXA6"
"MRPL21","MRPL21","MRPL21","0.003946330154659105","0.00129183070866142","0.00660082960065679","false","MRPL21"
"ADARB1","ADARB1","ADARB1","0.00577915048287205","0.0","0.0115583009657441","false","ADARB1"
"BCO2","BCO2","BCO2","0.0","0.0","0.0","false","BCO2"
"EOLA1","EOLA1","EOLA1","0.002256108718348846","1.23031496062992E-4","0.0043891859406347","false","EOLA1"
"FAM118B","FAM118B","FAM118B","7.320182016244126E-4","7.38188976377953E-4","7.25847426870872E-4","false","FAM118B"
"GPAA1","GPAA1","GPAA1","0.005761088340165198","0.0109414987388337","5.80677941496697E-4","false","GPAA1"
"ZNF335","ZNF335","ZNF335","2.768208661417325E-4","5.53641732283465E-4","0.0","false","ZNF335"
"RPS6KL1","RPS6KL1","RPS6KL1","0.00158664666032633","0.00317329332065266","0.0","false","RPS6KL1"
"WWP2","WWP2","WWP2","7.2584742687087E-5","0.0","1.45169485374174E-4","false","WWP2"
"TCAF1","TCAF1","TCAF1","0.00328468531161629","0.00450289644858466","0.00206647417464792","false","TCAF1"
"ZNF28","ZNF28","ZNF28","0.0032947194772659197","0.00629909998378349","2.90338970748349E-4","false","ZNF28"
"IPO9","IPO9","IPO9","8.71653189670791E-4","7.99704724409449E-4","9.43601654932133E-4","false","IPO9"
"MTOR","MTOR","MTOR","0.0021281790023838063","7.38188976377953E-4","0.00351816902838966","false","MTOR"
"OPA1","OPA1","OPA1","0.002210732275400371","1.23031496062992E-4","0.00429843305473775","false","OPA1"
"SPOUT1","SPOUT1","SPOUT1","0.004505101298964401","6.15157480314961E-4","0.00839504511761384","false","SPOUT1"
"DZIP3","DZIP3","DZIP3","4.85955209498428E-4","2.46062992125984E-4","7.25847426870872E-4","false","DZIP3"
"APRT","APRT","APRT","4.416792308760635E-4","7.38188976377953E-4","1.45169485374174E-4","false","APRT"
"RNF5","RNF5","RNF5","9.190145556699235E-4","6.76673228346457E-4","0.00116135588299339","false","RNF5"
"SDHD","SDHD","SDHD","0.008921324890940975","7.38188976377953E-4","0.017104460805504","false","SDHD"
"HSPA1L","HSPA1L","HSPA1L","0.0","0.0","0.0","false","HSPA1L"
"PRRC2A","PRRC2A","PRRC2A","2.46062992125984E-4","4.92125984251968E-4","0.0","false","PRRC2A"
"DHX16","DHX16","DHX16","0.007919073009899856","0.0120296380206617","0.00380850799913801","false","DHX16"
"C6orf136","C6orf136","C6orf136","0.0014527567891004884","0.00232483563670428","5.80677941496697E-4","false","C6orf136"
"MRPS18B","MRPS18B","MRPS18B","0.0022425906137422337","6.76673228346457E-4","0.00380850799913801","false","MRPS18B"
"FAM216A","FAM216A","FAM216A","2.177542280612615E-4","0.0","4.35508456122523E-4","false","FAM216A"
"ZNF155","ZNF155","ZNF155","0.0070178487523065115","0.0136001890484905","4.35508456122523E-4","false","ZNF155"
"ATP6V0E2-AS1","ATP6V0E2-AS1","ATP6V0E2-AS1","2.903389707483485E-4","0.0","5.80677941496697E-4","false","ATP6V0E2-AS1"
"C12orf73","C12orf73","C12orf73","0.005003139922181843","6.76673228346457E-4","0.00932960661601723","false","C12orf73"
"PSMB10","PSMB10","PSMB10","0.0014527567891004884","0.00232483563670428","5.80677941496697E-4","false","PSMB10"
"SARNP","SARNP","SARNP","0.002558346459830441","0.00439084549279001","7.25847426870872E-4","false","SARNP"
"PRR13","PRR13","PRR13","0.007145737367495161","0.0138559662788678","4.35508456122523E-4","false","PRR13"
"ITSN1","ITSN1","ITSN1","0.0","0.0","0.0","false","ITSN1"
"JPT2","JPT2","JPT2","0.0017775752986671","0.0035551505973342","0.0","false","JPT2"
"CRYGS","CRYGS","CRYGS","0.003736694733258045","0.00747338946651609","0.0","false","CRYGS"
"GIMAP1","GIMAP1","GIMAP1","0.01241273270811275","0.0137288515829898","0.0110966138332357","false","GIMAP1"
"NOC2LP1","NOC2LP1","NOC2LP1","0.002107389658697533","6.15157480314961E-5","0.00415326356936357","false","NOC2LP1"
"C8orf82","C8orf82","C8orf82","5.197984708909465E-4","6.76673228346457E-4","3.62923713435436E-4","false","C8orf82"
"DNASE1","DNASE1","DNASE1","0.0015364105264431681","0.00220180414064129","8.71016912245046E-4","false","DNASE1"
"MRPL23","MRPL23","MRPL23","5.142639735631509E-4","7.38188976377953E-4","2.90338970748349E-4","false","MRPL23"
"KANSL1-AS1","KANSL1-AS1","KANSL1-AS1","0.002921950677885246","0.00511805392889962","7.25847426870872E-4","false","KANSL1-AS1"
"ZSWIM7","ZSWIM7","ZSWIM7","0.0022697989134808387","6.76673228346457E-4","0.00386292459861522","false","ZSWIM7"
"ENSG00000215154.6","ENSG00000215154.6","ENSG00000215154.6","1.451694853741745E-4","0.0","2.90338970748349E-4","false","ENSG00000215154.6"
"RPL17-C18orf32","RPL17-C18orf32","RPL17-C18orf32","3.62923713435436E-4","0.0","7.25847426870872E-4","false","RPL17-C18orf32"
"VAMP2","VAMP2","VAMP2","7.2584742687087E-5","0.0","1.45169485374174E-4","false","VAMP2"
"LINC00205","LINC00205","LINC00205","3.62923713435436E-4","0.0","7.25847426870872E-4","false","LINC00205"
"ENSG00000224884.1","ENSG00000224884.1","ENSG00000224884.1","0.007646483236451687","0.0151477969875292","1.45169485374174E-4","false","ENSG00000224884.1"
"LINC00863","LINC00863","LINC00863","0.003762014102684395","0.0","0.00752402820536879","false","LINC00863"
"PRRT4","PRRT4","PRRT4","2.46062992125984E-4","4.92125984251968E-4","0.0","false","PRRT4"
"NUP50-DT","NUP50-DT","NUP50-DT","0.0014023315755129365","7.38188976377953E-4","0.00206647417464792","false","NUP50-DT"
"TPI1P1","TPI1P1","TPI1P1","5.86848716250238E-4","7.38188976377953E-4","4.35508456122523E-4","false","TPI1P1"
"ENSG00000226833.7","ENSG00000226833.7","ENSG00000226833.7",,,"0.00540313743124366","false","ENSG00000226833.7"
"RPL26P6","RPL26P6","RPL26P6",,,"4.35508456122523E-4","false","RPL26P6"
"LIMD1-AS1","LIMD1-AS1","LIMD1-AS1","0.008761475479834762","0.017087442503547","4.35508456122523E-4","false","LIMD1-AS1"
"ENSG00000230910.5","ENSG00000230910.5","ENSG00000230910.5","2.87889860797323E-4","4.30610236220472E-4","1.45169485374174E-4","false","ENSG00000230910.5"
"TAPBP","TAPBP","TAPBP","0.003854287724731639","1.84547244094488E-4","0.00752402820536879","false","TAPBP"
"AJM1","AJM1","AJM1","0.00149595384318509","0.0","0.00299190768637018","false","AJM1"
"ENSG00000233184.8","ENSG00000233184.8","ENSG00000233184.8","3.690944881889765E-4","7.38188976377953E-4","0.0","false","ENSG00000233184.8"
"LINC01719","LINC01719","LINC01719","0.0015464662318811515","0.00265742400763978","4.35508456122523E-4","false","LINC01719"
"UQCRHL","UQCRHL","UQCRHL","0.00120561487243674","0.0","0.00241122974487348","false","UQCRHL"
"KDM3AP1","KDM3AP1","KDM3AP1","0.003321624415838843","3.69094488188976E-4","0.00627415434348871","false","KDM3AP1"
"ELF3-AS1","ELF3-AS1","ELF3-AS1","7.2584742687087E-5","0.0","1.45169485374174E-4","false","ELF3-AS1"
"SDCBP2-AS1","SDCBP2-AS1","SDCBP2-AS1","4.2443946146693203E-4","1.23031496062992E-4","7.25847426870872E-4","false","SDCBP2-AS1"
"ENSG00000235859.5","ENSG00000235859.5","ENSG00000235859.5","0.0101804241292015","0.0135060159734176","0.0068548322849854","false","ENSG00000235859.5"
"VLDLR-AS1","VLDLR-AS1","VLDLR-AS1",,,"7.25847426870872E-4","false","VLDLR-AS1"
"C10orf143","C10orf143","C10orf143","1.9561623875007897E-4","2.46062992125984E-4","1.45169485374174E-4","false","C10orf143"
"GET4","GET4","GET4","0.0186678865450624","0.0180266495344219","0.0193091235557029","false","GET4"
"ENSG00000240219.1","ENSG00000240219.1","ENSG00000240219.1","7.627760756401605E-4","7.99704724409449E-4","7.25847426870872E-4","false","ENSG00000240219.1"
"NSUN6","NSUN6","NSUN6","1.451694853741745E-4","0.0","2.90338970748349E-4","false","NSUN6"
"ATP5PO","ATP5PO","ATP5PO","0.0022425906137422337","6.76673228346457E-4","0.00380850799913801","false","ATP5PO"
"PI4KA","PI4KA","PI4KA","0.0010285279471263036","0.00147637795275591","5.80677941496697E-4","false","PI4KA"
"MRPL20","MRPL20","MRPL20","0.00314901447144496","0.0024351043442747","0.00386292459861522","false","MRPL20"
"ACY1","ACY1","ACY1","6.649679562651209E-4","6.76673228346457E-4","6.53262684183785E-4","false","ACY1"
"LRRC77P","LRRC77P","LRRC77P","0.0040817407620352296","0.00232483563670428","0.00583864588736618","false","LRRC77P"
"UBE2V1","UBE2V1","UBE2V1","0.0030914524158352566","0.00523930317673838","9.43601654932133E-4","false","UBE2V1"
"ENSG00000245281.8","ENSG00000245281.8","ENSG00000245281.8","3.075787401574805E-4","6.15157480314961E-4","0.0","false","ENSG00000245281.8"
"LINC01184","LINC01184","LINC01184","0.0","0.0","0.0","false","LINC01184"
"OIP5-AS1","OIP5-AS1","OIP5-AS1","0.006363550089171265","0.00116879921259843","0.0115583009657441","false","OIP5-AS1"
"ZNF564","ZNF564","ZNF564","4.35508456122523E-4","0.0","8.71016912245046E-4","false","ZNF564"
"ENSG00000250132.6","ENSG00000250132.6","ENSG00000250132.6","1.451694853741745E-4","0.0","2.90338970748349E-4","false","ENSG00000250132.6"
"ENSG00000250377.2","ENSG00000250377.2","ENSG00000250377.2","4.35508456122523E-4","0.0","8.71016912245046E-4","false","ENSG00000250377.2"
"ENSG00000251364.8","ENSG00000251364.8","ENSG00000251364.8","4.779716022196075E-4","7.38188976377953E-4","2.17754228061262E-4","false","ENSG00000251364.8"
"LINC01151","LINC01151","LINC01151","2.989588554529145E-4","3.0757874015748E-4","2.90338970748349E-4","false","LINC01151"
"BORCS8","BORCS8","BORCS8",,,"2.90338970748349E-4","false","BORCS8"
"LINC02761","LINC02761","LINC02761","0.00978901492643915","0.0","0.0195780298528783","false","LINC02761"
"FAM222A-AS1","FAM222A-AS1","FAM222A-AS1","0.0","0.0","0.0","false","FAM222A-AS1"
"BCDIN3D-AS1","BCDIN3D-AS1","BCDIN3D-AS1","6.649679562651209E-4","6.76673228346457E-4","6.53262684183785E-4","false","BCDIN3D-AS1"
"SPECC1L-ADORA2A","SPECC1L-ADORA2A","SPECC1L-ADORA2A",,,"7.25847426870872E-4","false","SPECC1L-ADORA2A"
"THTPA","THTPA","THTPA","0.0034851125951599103","0.00281696162095625","0.00415326356936357","false","THTPA"
"MRPL46","MRPL46","MRPL46","0.004598389340075072","7.38188976377953E-4","0.00845858970377219","false","MRPL46"
"KDM7A-DT","KDM7A-DT","KDM7A-DT","0.00441527678686818","0.0","0.00883055357373636","false","KDM7A-DT"
"ENSG00000260274.1","ENSG00000260274.1","ENSG00000260274.1","5.5609084223449E-4","6.76673228346457E-4","4.35508456122523E-4","false","ENSG00000260274.1"
"CAPN10-DT","CAPN10-DT","CAPN10-DT","0.01261255879391095","0.0252251175878219","0.0","false","CAPN10-DT"
"ENSG00000261303.6","ENSG00000261303.6","ENSG00000261303.6","0.006936807586860305","0.00672844391798686","0.00714517125573375","false","ENSG00000261303.6"
"OVCA2","OVCA2","OVCA2","5.86848716250238E-4","7.38188976377953E-4","4.35508456122523E-4","false","OVCA2"
"MRPL12","MRPL12","MRPL12","0.0014416877944448965","0.00244786713276727","4.35508456122523E-4","false","MRPL12"
"ZNF213-AS1","ZNF213-AS1","ZNF213-AS1","5.00109591530789E-4","4.92125984251968E-4","5.0809319880961E-4","false","ZNF213-AS1"
"ENSG00000265751.1","ENSG00000265751.1","ENSG00000265751.1","0.0022536596083978224","5.53641732283465E-4","0.00395367748451218","false","ENSG00000265751.1"
"MRPS21","MRPS21","MRPS21","4.6381722018724544E-4","4.92125984251968E-4","4.35508456122523E-4","false","MRPS21"
"MZF1-AS1","MZF1-AS1","MZF1-AS1","1.5378937007874E-4","3.0757874015748E-4","0.0","false","MZF1-AS1"
"ST8SIA5-DT","ST8SIA5-DT","ST8SIA5-DT","0.001235002561039227","0.00232483563670428","1.45169485374174E-4","false","ST8SIA5-DT"
"NCBP2AS2","NCBP2AS2","NCBP2AS2","0.001525341531787576","0.00232483563670428","7.25847426870872E-4","false","NCBP2AS2"
"LPP-AS2","LPP-AS2","LPP-AS2","0.001932562763633724","4.92125984251968E-4","0.00337299954301548","false","LPP-AS2"
"MROH7-TTC4","MROH7-TTC4","MROH7-TTC4","1.7592735938992256E-4","6.15157480314961E-5","2.90338970748349E-4","false","MROH7-TTC4"
"ENSG00000271810.5","ENSG00000271810.5","ENSG00000271810.5",,,"0.0","false","ENSG00000271810.5"
"SYNPO2L-AS1","SYNPO2L-AS1","SYNPO2L-AS1","0.005944420624841046","1.23031496062992E-4","0.0117658097536191","false","SYNPO2L-AS1"
"ENSG00000272505.1","ENSG00000272505.1","ENSG00000272505.1","7.430871962800034E-4","6.15157480314961E-4","8.71016912245046E-4","false","ENSG00000272505.1"
"ENSG00000272909.1","ENSG00000272909.1","ENSG00000272909.1","9.2273622047244E-5","1.84547244094488E-4","0.0","false","ENSG00000272909.1"
"ENSG00000273763.3","ENSG00000273763.3","ENSG00000273763.3","0.005100450876640556","0.00998314752521985","2.17754228061262E-4","false","ENSG00000273763.3"
"ENSG00000274460.1","ENSG00000274460.1","ENSG00000274460.1","6.594334589373251E-4","7.38188976377953E-4","5.80677941496697E-4","false","ENSG00000274460.1"
"LINC02371","LINC02371","LINC02371","7.738450702957514E-4","6.76673228346457E-4","8.71016912245046E-4","false","LINC02371"
"AATF","AATF","AATF","1.23031496062992E-4","2.46062992125984E-4","0.0","false","AATF"
"CISD3","CISD3","CISD3","6.649679562651209E-4","6.76673228346457E-4","6.53262684183785E-4","false","CISD3"
"MYO19","MYO19","MYO19","0.0018059816932935939","1.84547244094488E-4","0.0034274161424927","false","MYO19"
"C11orf98","C11orf98","C11orf98","0.002268007489082092","0.00439084549279001","1.45169485374174E-4","false","C11orf98"
"MRM1","MRM1","MRM1","0.007280790064878573","0.0136905632175121","8.71016912245046E-4","false","MRM1"
"NKILA","NKILA","NKILA","0.0018342904573583185","6.76673228346457E-4","0.00299190768637018","false","NKILA"
"ENSG00000278817.1","ENSG00000278817.1","ENSG00000278817.1","3.407857241242535E-4","2.46062992125984E-4","4.35508456122523E-4","false","ENSG00000278817.1"
"ENSG00000278831.1","ENSG00000278831.1","ENSG00000278831.1","2.26374112765827E-4","3.0757874015748E-4","1.45169485374174E-4","false","ENSG00000278831.1"
"ENSG00000279207.1","ENSG00000279207.1","ENSG00000279207.1","0.004100350716857624","6.76673228346457E-4","0.00752402820536879","false","ENSG00000279207.1"
"GATD3B","GATD3B","GATD3B","1.451694853741745E-4","0.0","2.90338970748349E-4","false","GATD3B"
"ENSG00000280571.2","ENSG00000280571.2","ENSG00000280571.2","2.177542280612615E-4","0.0","4.35508456122523E-4","false","ENSG00000280571.2"
"ENSG00000282556.4","ENSG00000282556.4","ENSG00000282556.4","0.002027285495631997","2.46062992125984E-4","0.00380850799913801","false","ENSG00000282556.4"
"LINC02009","LINC02009","LINC02009","1.9561623875007897E-4","2.46062992125984E-4","1.45169485374174E-4","false","LINC02009"
"HULC","HULC","HULC","0.0050341624657114096","0.00684049487378151","0.00322783005764131","false","HULC"
"ENSG00000286143.1","ENSG00000286143.1","ENSG00000286143.1","1.81461856717718E-4","0.0","3.62923713435436E-4","false","ENSG00000286143.1"
"ENSG00000286162.3","ENSG00000286162.3","ENSG00000286162.3","0.006491586607963161","0.0125476647598038","4.35508456122523E-4","false","ENSG00000286162.3"
"ENSG00000286689.1","ENSG00000286689.1","ENSG00000286689.1","0.0023005567874965866","7.38188976377953E-4","0.00386292459861522","false","ENSG00000286689.1"
"LINC02348","LINC02348","LINC02348","3.2971672946866253E-4","3.69094488188976E-4","2.90338970748349E-4","false","LINC02348"
"ENSG00000286905.1","ENSG00000286905.1","ENSG00000286905.1","4.416792308760635E-4","7.38188976377953E-4","1.45169485374174E-4","false","ENSG00000286905.1"
"ENSG00000288531.1","ENSG00000288531.1","ENSG00000288531.1","3.604746034844105E-4","4.30610236220472E-4","2.90338970748349E-4","false","ENSG00000288531.1"
"DUS4L-BCAP29","DUS4L-BCAP29","DUS4L-BCAP29","0.002798919181822256","0.00487199093677364","7.25847426870872E-4","false","DUS4L-BCAP29"
"ENSG00000288612.1","ENSG00000288612.1","ENSG00000288612.1","4.5519733548268E-4","1.84547244094488E-4","7.25847426870872E-4","false","ENSG00000288612.1"
"FGR","FGR","FGR","0.001613915028820655","0.0","0.00322783005764131","false","FGR"
"PLAUR","PLAUR","PLAUR","0.00799260841754805","0.0","0.0159852168350961","false","PLAUR"
"NCOA1","NCOA1","NCOA1","2.0438301872571802","2.24197144225398","1.84568893226038","false","NCOA1"
"UBR7","UBR7","UBR7","5.142639735631509E-4","7.38188976377953E-4","2.90338970748349E-4","false","UBR7"
"SAMD4A","SAMD4A","SAMD4A","0.0033373434490976844","7.99704724409449E-4","0.00587498217378592","false","SAMD4A"
"RIPOR1","RIPOR1","RIPOR1","1.451694853741745E-4","0.0","2.90338970748349E-4","false","RIPOR1"
"KITLG","KITLG","KITLG","3.62923713435436E-4","0.0","7.25847426870872E-4","false","KITLG"
"SEC61A1","SEC61A1","SEC61A1","0.002122008227630265","0.0","0.00424401645526053","false","SEC61A1"
"DDX3Y","DDX3Y","DDX3Y","0.007190397825620836","0.0136549482243708","7.25847426870872E-4","false","DDX3Y"
"HYAL2","HYAL2","HYAL2","0.00293749108689296","0.0","0.00587498217378592","false","HYAL2"
"RASSF1","RASSF1","RASSF1","0.00526232672359724","0.00464967127340856","0.00587498217378592","false","RASSF1"
"JMJD6","JMJD6","JMJD6","0.001894436019976551","0.00306302461308223","7.25847426870872E-4","false","JMJD6"
"CSNK2A2","CSNK2A2","CSNK2A2","0.01547324239526996","0.0299302983929207","0.00101618639761922","false","CSNK2A2"
"PICALM","PICALM","PICALM","0.00562743062822043","0.00802703119879955","0.00322783005764131","false","PICALM"
"ZNF638","ZNF638","ZNF638",,,"2.90338970748349E-4","false","ZNF638"
"RBM7","RBM7","RBM7","0.003748054186465255","0.00220180414064129","0.00529430423228922","false","RBM7"
"TRAF4","TRAF4","TRAF4","8.827221843263835E-4","6.76673228346457E-4","0.00108877114030631","false","TRAF4"
"MCAM","MCAM","MCAM","5.0809319880961E-4","0.0","0.00101618639761922","false","MCAM"
"PPP1R15A","PPP1R15A","PPP1R15A","0.0056300026568070335","4.92125984251968E-4","0.0107678793293621","false","PPP1R15A"
"UIMC1","UIMC1","UIMC1","0.00370319172417521","0.00740638344835042","0.0","false","UIMC1"
"ICAM1","ICAM1","ICAM1","0.0011312342864033915","7.38188976377953E-4","0.00152427959642883","false","ICAM1"
"OSBPL8","OSBPL8","OSBPL8","0.006336300334598275","0.0123822616984482","2.90338970748349E-4","false","OSBPL8"
"PUS7","PUS7","PUS7","6.145212028892154E-4","4.30610236220472E-4","7.98432169557959E-4","false","PUS7"
"NUP50","NUP50","NUP50","0.005797380711508742","0.0109414987388337","6.53262684183785E-4","false","NUP50"
"SEC22C","SEC22C","SEC22C","0.002986551813293513","0.00561017991315159","3.62923713435436E-4","false","SEC22C"
"SH2D3C","SH2D3C","SH2D3C","7.603269656891345E-4","0.00123031496062992","2.90338970748349E-4","false","SH2D3C"
"ITPR3","ITPR3","ITPR3","0.0036576431907013552","0.00629909998378349","0.00101618639761922","false","ITPR3"
"HSD3B7","HSD3B7","HSD3B7","0.006286608846384536","4.30610236220472E-4","0.0121426074565486","false","HSD3B7"
"CEP170B","CEP170B","CEP170B","0.0091710149902462","0.0","0.0183420299804924","false","CEP170B"
"GADD45B","GADD45B","GADD45B","0.004999067041638827","8.61220472440945E-4","0.00913691361083671","false","GADD45B"
"PRODH","PRODH","PRODH","0.0042008048521441545","0.00760317753473035","7.98432169557959E-4","false","PRODH"
"GTPBP1","GTPBP1","GTPBP1","0.001633205356600598","0.00290348699976576","3.62923713435436E-4","false","GTPBP1"
"HIF1A","HIF1A","HIF1A","0.002566136568457355","3.0757874015748E-4","0.00482469439675723","false","HIF1A"
"TRIB3","TRIB3","TRIB3","0.004043312916904005","0.0","0.00808662583380801","false","TRIB3"
"ELF4","ELF4","ELF4","0.004102379554984477","5.53641732283465E-4","0.00765111737768549","false","ELF4"
"SYTL4","SYTL4","SYTL4","0.0016705110171617498","0.00232483563670428","0.00101618639761922","false","SYTL4"
"SLC39A14","SLC39A14","SLC39A14","9.77444916324651E-4","4.30610236220472E-4","0.00152427959642883","false","SLC39A14"
"TNFRSF10A","TNFRSF10A","TNFRSF10A","7.541561909355939E-4","4.92125984251968E-4","0.00101618639761922","false","TNFRSF10A"
"TUSC3","TUSC3","TUSC3","0.00537897682541395","0.00488297147704198","0.00587498217378592","false","TUSC3"
"CCDC9","CCDC9","CCDC9","7.928976722301631E-4","6.15157480314961E-5","0.00152427959642883","false","CCDC9"
"ERF","ERF","ERF","0.0027471342382747056","6.15157480314961E-4","0.00487911099623445","false","ERF"
"NPTX2","NPTX2","NPTX2","0.0026795619969509597","0.00506878502315357","2.90338970748349E-4","false","NPTX2"
"USP42","USP42","USP42","0.0039178323108899895","1.84547244094488E-4","0.00765111737768549","false","USP42"
"TSPAN13","TSPAN13","TSPAN13","0.002521462038254775","0.00351864448008072","0.00152427959642883","false","TSPAN13"
"ZMIZ1","ZMIZ1","ZMIZ1","9.0730928358859E-4","0.0","0.00181461856717718","false","ZMIZ1"
"GIT1","GIT1","GIT1","0.002482482831114676","4.30610236220472E-4","0.00453435542600888","false","GIT1"
"PMP22","PMP22","PMP22","0.0036444211112108","0.0072888422224216","0.0","false","PMP22"
"KLHL2","KLHL2","KLHL2","3.62923713435436E-4","0.0","7.25847426870872E-4","false","KLHL2"
"FBXW7","FBXW7","FBXW7","7.603269656891345E-4","0.00123031496062992","2.90338970748349E-4","false","FBXW7"
"BIRC2","BIRC2","BIRC2","7.233983169198459E-4","4.30610236220472E-4","0.00101618639761922","false","BIRC2"
"KCTD10","KCTD10","KCTD10","0.004495872062731265","0.0","0.00899174412546253","false","KCTD10"
"MYF6","MYF6","MYF6","0.00830652547237511","0.00330908760520822","0.013303963339542","false","MYF6"
"LTBR","LTBR","LTBR","3.9368158745118405E-4","6.15157480314961E-5","7.25847426870872E-4","false","LTBR"
"MDGA1","MDGA1","MDGA1",,,"0.0103323708732396","false","MDGA1"
"E2F3","E2F3","E2F3","0.014546876090799415","0.02756947258517","0.00152427959642883","false","E2F3"
"TRIM38","TRIM38","TRIM38","2.768208661417325E-4","5.53641732283465E-4","0.0","false","TRIM38"
"SRF","SRF","SRF","0.0990863580239712","0.110208771878929","0.0879639441690134","false","SRF"
"HMGCR","HMGCR","HMGCR","7.320182016244126E-4","7.38188976377953E-4","7.25847426870872E-4","false","HMGCR"
"ODC1","ODC1","ODC1","0.002781441686567592","7.38188976377953E-4","0.00482469439675723","false","ODC1"
"CD58","CD58","CD58","0.001882353736103355","0.00376470747220671","0.0","false","CD58"
"AKT3","AKT3","AKT3","0.003825558688842745","0.0","0.00765111737768549","false","AKT3"
"KDM5B","KDM5B","KDM5B","0.002689168064520348","5.53641732283465E-4","0.00482469439675723","false","KDM5B"
"ID3","ID3","ID3","0.014533588170951827","6.76673228346457E-4","0.0283905031135572","false","ID3"
"SLC19A2","SLC19A2","SLC19A2","0.004472091220958096","0.00821833501504532","7.25847426870872E-4","false","SLC19A2"
"OSBPL9","OSBPL9","OSBPL9","0.005892739720932724","0.0114951404711171","2.90338970748349E-4","false","OSBPL9"
"KLF7","KLF7","KLF7","0.002794959791174209","1.84547244094488E-4","0.00540537233825393","false","KLF7"
"ELL2","ELL2","ELL2","0.005178886045894555","0.00883349249536028","0.00152427959642883","false","ELL2"
"RAB14","RAB14","RAB14","0.002186847088884063","0.00401077046433269","3.62923713435436E-4","false","RAB14"
"ALG2","ALG2","ALG2","0.011605929817720016","0.0178064872971861","0.00540537233825393","false","ALG2"
"RBM25","RBM25","RBM25","0.008180436089374974","0.0160705332080016","2.90338970748349E-4","false","RBM25"
"PPP1R3C","PPP1R3C","PPP1R3C","0.003323825344491065","0.00135334645669291","0.00529430423228922","false","PPP1R3C"
"DUSP1","DUSP1","DUSP1","0.009417077982372183","4.92125984251968E-4","0.0183420299804924","false","DUSP1"
"MYCT1","MYCT1","MYCT1","0.0017061886508678988","1.84547244094488E-4","0.00322783005764131","false","MYCT1"
"EGR1","EGR1","EGR1","0.008498252506406637","4.30610236220472E-4","0.0165658947765928","false","EGR1"
"SERP1","SERP1","SERP1","5.0809319880961E-4","0.0","0.00101618639761922","false","SERP1"
"KCNJ8","KCNJ8","KCNJ8","0.01173385018349632","9.22736220472441E-4","0.0225449641465202","false","KCNJ8"
"ZCCHC17","ZCCHC17","ZCCHC17","0.002245277449538791","0.00376470747220671","7.25847426870872E-4","false","ZCCHC17"
"OCRL","OCRL","OCRL","0.004469005833581325","0.00784924052685634","0.00108877114030631","false","OCRL"
"KIAA1191","KIAA1191","KIAA1191","0.008212164240291787","0.0156984810537127","7.25847426870872E-4","false","KIAA1191"
"HNRNPA2B1","HNRNPA2B1","HNRNPA2B1","0.00716059215826991","0.0133049979189206","0.00101618639761922","false","HNRNPA2B1"
"EGR2","EGR2","EGR2","0.008682799750501125","7.99704724409449E-4","0.0165658947765928","false","EGR2"
"P4HA1","P4HA1","P4HA1","0.00830659407359118","0.0158147559776244","7.98432169557959E-4","false","P4HA1"
"NR4A1","NR4A1","NR4A1","0.0082829473882964","0.0","0.0165658947765928","false","NR4A1"
"LPGAT1","LPGAT1","LPGAT1","3.62923713435436E-4","0.0","7.25847426870872E-4","false","LPGAT1"
"SDC4","SDC4","SDC4","0.001814667213318316","0.00290348699976576","7.25847426870872E-4","false","SDC4"
"SNAI1","SNAI1","SNAI1","0.0031835540790189436","4.92125984251968E-4","0.00587498217378592","false","SNAI1"
"RNF114","RNF114","RNF114","0.005262223853998116","0.00979860028112536","7.25847426870872E-4","false","RNF114"
"DDX27","DDX27","DDX27","3.62923713435436E-4","0.0","7.25847426870872E-4","false","DDX27"
"SH3TC1","SH3TC1","SH3TC1","0.006260663033117445","0.0048702086885494","0.00765111737768549","false","SH3TC1"
"SOX9","SOX9","SOX9","0.006766459442198249","0.00765793671061058","0.00587498217378592","false","SOX9"
"VASP","VASP","VASP","0.004333651887652355","0.0","0.00866730377530471","false","VASP"
"RRBP1","RRBP1","RRBP1","6.680533436418895E-4","0.00104576771653543","2.90338970748349E-4","false","RRBP1"
"BMP2","BMP2","BMP2","0.010271917060566845","0.00220180414064129","0.0183420299804924","false","BMP2"
"ID1","ID1","ID1","0.009417077982372183","4.92125984251968E-4","0.0183420299804924","false","ID1"
"PCID2","PCID2","PCID2","0.007887747408722555","0.0125476647598038","0.00322783005764131","false","PCID2"
"FRMD8","FRMD8","FRMD8","1.5378937007874E-4","3.0757874015748E-4","0.0","false","FRMD8"
"FLRT1","FLRT1","FLRT1","2.374431074214185E-4","1.84547244094488E-4","2.90338970748349E-4","false","FLRT1"
"POR","POR","POR","0.004043312916904005","0.0","0.00808662583380801","false","POR"
"CDC42EP1","CDC42EP1","CDC42EP1","7.541561909355939E-4","4.92125984251968E-4","0.00101618639761922","false","CDC42EP1"
"LDLR","LDLR","LDLR","0.004579714879778339","4.92125984251968E-4","0.00866730377530471","false","LDLR"
"NECTIN2","NECTIN2","NECTIN2","0.002214281849677509","1.84547244094488E-4","0.00424401645526053","false","NECTIN2"
"ZBTB46","ZBTB46","ZBTB46","0.00474726008030923","0.00376470747220671","0.00572981268841175","false","ZBTB46"
"GCH1","GCH1","GCH1","0.0012456458977618185","6.76673228346457E-4","0.00181461856717718","false","GCH1"
"NXT1","NXT1","NXT1","0.0044934229527802405","4.30610236220472E-4","0.00855623566934001","false","NXT1"
"CDK8","CDK8","CDK8","0.0028009414862233497","3.0757874015748E-4","0.00529430423228922","false","CDK8"
"ZFC3H1","ZFC3H1","ZFC3H1","0.004227860160998493","3.69094488188976E-4","0.00808662583380801","false","ZFC3H1"
"STX11","STX11","STX11","0.002677909990160358","6.15157480314961E-5","0.00529430423228922","false","STX11"
"CPM","CPM","CPM","3.690944881889765E-4","7.38188976377953E-4","0.0","false","CPM"
"LRCH1","LRCH1","LRCH1","6.594334589373251E-4","7.38188976377953E-4","5.80677941496697E-4","false","LRCH1"
"EDNRB","EDNRB","EDNRB","0.003534611694638365","0.00605303699165751","0.00101618639761922","false","EDNRB"
"TTYH3","TTYH3","TTYH3","0.002658410190504599","4.92125984251968E-4","0.00482469439675723","false","TTYH3"
"LRRC8A","LRRC8A","LRRC8A","0.004071621680968729","4.92125984251968E-4","0.00765111737768549","false","LRRC8A"
"ODF2","ODF2","ODF2","0.001153372275714574","4.92125984251968E-4","0.00181461856717718","false","ODF2"
"STXBP1","STXBP1","STXBP1","5.388510728253581E-4","6.15157480314961E-5","0.00101618639761922","false","STXBP1"
"MYC","MYC","MYC","9.15929168293155E-4","3.0757874015748E-4","0.00152427959642883","false","MYC"
"IER3","IER3","IER3","0.005271795945367541","0.00981774446386421","7.25847426870872E-4","false","IER3"
"SLCO5A1","SLCO5A1","SLCO5A1","3.992160847789795E-4","0.0","7.98432169557959E-4","false","SLCO5A1"
"TGS1","TGS1","TGS1","0.017218110297262744","0.0273657811583367","0.00707043943618879","false","TGS1"
"FNBP1L","FNBP1L","FNBP1L","0.007497340288352565","0.0134704009802763","0.00152427959642883","false","FNBP1L"
"SELENOI","SELENOI","SELENOI",,,"0.00482469439675723","false","SELENOI"
"DUSP5","DUSP5","DUSP5","0.0072611011855184095","0.0135060159734176","0.00101618639761922","false","DUSP5"
"HNRNPD","HNRNPD","HNRNPD","0.002306793197570286","0.0038877389682697","7.25847426870872E-4","false","HNRNPD"
"GABARAPL1","GABARAPL1","GABARAPL1","0.00556302299146405","0.0111260459829281","0.0","false","GABARAPL1"
"DUSP6","DUSP6","DUSP6","0.00264715211614461","0.0","0.00529430423228922","false","DUSP6"
"SLC15A4","SLC15A4","SLC15A4","0.002958831973043716","0.00519181651921656","7.25847426870872E-4","false","SLC15A4"
"IQGAP1","IQGAP1","IQGAP1","0.0054454123331358455","0.00280419883246368","0.00808662583380801","false","IQGAP1"
"TGFB1I1","TGFB1I1","TGFB1I1","0.00216263700141372","0.00330908760520822","0.00101618639761922","false","TGFB1I1"
"OSGIN1","OSGIN1","OSGIN1","9.46687042308903E-4","3.69094488188976E-4","0.00152427959642883","false","OSGIN1"
"CLTC","CLTC","CLTC","0.001100902070320645","0.00220180414064129","0.0","false","CLTC"
"NPC1","NPC1","NPC1",,,"0.00152427959642883","false","NPC1"
"IFITM3","IFITM3","IFITM3","5.47470957529924E-4","3.69094488188976E-4","7.25847426870872E-4","false","IFITM3"
"SIK1","SIK1","SIK1","0.0016452876404738001","0.00220180414064129","0.00108877114030631","false","SIK1"
"EPHA2","EPHA2","EPHA2","0.008621284002469629","6.76673228346457E-4","0.0165658947765928","false","EPHA2"
"RGS16","RGS16","RGS16","9.15929168293155E-4","3.0757874015748E-4","0.00152427959642883","false","RGS16"
"PIP5K1A","PIP5K1A","PIP5K1A","3.992160847789795E-4","0.0","7.98432169557959E-4","false","PIP5K1A"
"DYRK3","DYRK3","DYRK3","0.00840824045630981","0.0109414987388337","0.00587498217378592","false","DYRK3"
"RPS27A","RPS27A","RPS27A","3.992160847789795E-4","0.0","7.98432169557959E-4","false","RPS27A"
"SLC20A1","SLC20A1","SLC20A1","3.992160847789795E-4","0.0","7.98432169557959E-4","false","SLC20A1"
"AMMECR1L","AMMECR1L","AMMECR1L",,,"0.00841106618396583","false","AMMECR1L"
"CSRNP1","CSRNP1","CSRNP1","0.009509351604419427","6.76673228346457E-4","0.0183420299804924","false","CSRNP1"
"NFKBIZ","NFKBIZ","NFKBIZ","0.004962138392869538","6.15157480314961E-5","0.00986276103770758","false","NFKBIZ"
"NCEH1","NCEH1","NCEH1","0.011842998696631765","0.0221617177968347","0.00152427959642883","false","NCEH1"
"OSMR","OSMR","OSMR","7.320182016244126E-4","7.38188976377953E-4","7.25847426870872E-4","false","OSMR"
"TPBG","TPBG","TPBG","1.81461856717718E-4","0.0","3.62923713435436E-4","false","TPBG"
"SLC25A25","SLC25A25","SLC25A25","6.31124694872602E-4","2.46062992125984E-4","0.00101618639761922","false","SLC25A25"
"PPRC1","PPRC1","PPRC1","0.002521462038254775","0.00351864448008072","0.00152427959642883","false","PPRC1"
"SERPINH1","SERPINH1","SERPINH1","0.0032758277010661884","6.76673228346457E-4","0.00587498217378592","false","SERPINH1"
"MPZL2","MPZL2","MPZL2","0.003982223974422435","0.00401077046433269","0.00395367748451218","false","MPZL2"
"MTMR12","MTMR12","MTMR12","0.00948963579916205","0.0","0.0189792715983241","false","MTMR12"
"GXYLT1","GXYLT1","GXYLT1","0.0028624572342548457","4.30610236220472E-4","0.00529430423228922","false","GXYLT1"
"TADA1","TADA1","TADA1","0.0012764037717775665","7.38188976377953E-4","0.00181461856717718","false","TADA1"
"CHD1","CHD1","CHD1","0.006231175735152925","0.00821833501504532","0.00424401645526053","false","CHD1"
"BTG3","BTG3","BTG3","0.00537901990499065","0.00220180414064129","0.00855623566934001","false","BTG3"
"ADAMTS1","ADAMTS1","ADAMTS1","0.009509351604419427","6.76673228346457E-4","0.0183420299804924","false","ADAMTS1"
"CLDN12","CLDN12","CLDN12","0.001814667213318316","0.00290348699976576","7.25847426870872E-4","false","CLDN12"
"ETS2","ETS2","ETS2","0.008718210007147755","0.0142085899566542","0.00322783005764131","false","ETS2"
"MRAS","MRAS","MRAS","0.02349759819198105","0.0366628255107225","0.0103323708732396","false","MRAS"
"ADAMTS4","ADAMTS4","ADAMTS4","0.009417077982372183","4.92125984251968E-4","0.0183420299804924","false","ADAMTS4"
"CSRP1","CSRP1","CSRP1",,,"0.00587498217378592","false","CSRP1"
"BTG2","BTG2","BTG2",,,"0.00587498217378592","false","BTG2"
"IER2","IER2","IER2","0.023805160638727535","4.92125984251968E-4","0.0471181952932031","false","IER2"
"BCL6B","BCL6B","BCL6B","0.005560056103775379","6.76673228346457E-4","0.0104434389792043","false","BCL6B"
"IER5","IER5","IER5","0.00843673675837514","3.0757874015748E-4","0.0165658947765928","false","IER5"
"CDC42EP3","CDC42EP3","CDC42EP3","0.010737280685615174","0.021184222400482","2.90338970748349E-4","false","CDC42EP3"
"IGFN1","IGFN1","IGFN1","0.0019830095170096313","7.38188976377953E-4","0.00322783005764131","false","IGFN1"
"RYBP","RYBP","RYBP","0.0039178323108899895","1.84547244094488E-4","0.00765111737768549","false","RYBP"
"CCNL1","CCNL1","CCNL1","0.005830924821367965","0.0101375700463071","0.00152427959642883","false","CCNL1"
"TMEM41A","TMEM41A","TMEM41A","0.003020347721075211","0.00531484801527955","7.25847426870872E-4","false","TMEM41A"
"ASB5","ASB5","ASB5","5.78228831545672E-4","4.30610236220472E-4","7.25847426870872E-4","false","ASB5"
"PRMT9","PRMT9","PRMT9","6.98174940231895E-4","3.0757874015748E-4","0.00108877114030631","false","PRMT9"
"YWHAZ","YWHAZ","YWHAZ","0.0030162466043335864","7.38188976377953E-4","0.00529430423228922","false","YWHAZ"
"TAF1D","TAF1D","TAF1D","0.01243618030590056","0.0195780563795119","0.00529430423228922","false","TAF1D"
"WEE1","WEE1","WEE1","0.0022255443429850044","0.00365265651641205","7.98432169557959E-4","false","WEE1"
"NDEL1","NDEL1","NDEL1","0.0131103612937674","0.0129167592479928","0.013303963339542","false","NDEL1"
"NAB2","NAB2","NAB2","0.007737927082421291","0.0109414987388337","0.00453435542600888","false","NAB2"
"TPM4","TPM4","TPM4","0.011642669386784859","0.0179910345412805","0.00529430423228922","false","TPM4"
"MIDN","MIDN","MIDN","0.005414697538696798","6.15157480314961E-5","0.0107678793293621","false","MIDN"
"GATAD2A","GATAD2A","GATAD2A","0.006920139571631486","0.00292723032852667","0.0109130488147363","false","GATAD2A"
"CDC42EP5","CDC42EP5","CDC42EP5","0.0066606677155443845","0.00802703119879955","0.00529430423228922","false","CDC42EP5"
"ZNF598","ZNF598","ZNF598","0.00464028677099163","0.00928057354198326","0.0","false","ZNF598"
"PAFAH1B2","PAFAH1B2","PAFAH1B2","0.002412347198378615","0.0","0.00482469439675723","false","PAFAH1B2"
"VASN","VASN","VASN","0.00573518636000486","0.0061760684877205","0.00529430423228922","false","VASN"
"FAM107A","FAM107A","FAM107A","0.021812848534780504","0.035539071235753","0.00808662583380801","false","FAM107A"
"PXDC1","PXDC1","PXDC1","8.464298129828385E-4","6.76673228346457E-4","0.00101618639761922","false","PXDC1"
"ZBTB43","ZBTB43","ZBTB43","0.00462524431361109","0.00772620903079335","0.00152427959642883","false","ZBTB43"
"ADRB2","ADRB2","ADRB2","0.00539274862909001","9.22736220472441E-4","0.00986276103770758","false","ADRB2"
"HIC2","HIC2","HIC2","0.001882353736103355","0.00376470747220671","0.0","false","HIC2"
"B3GNT2","B3GNT2","B3GNT2","0.006484841735001695","0.00220180414064129","0.0107678793293621","false","B3GNT2"
"FOS","FOS","FOS","0.008529010380422385","4.92125984251968E-4","0.0165658947765928","false","FOS"
"SERPINB9","SERPINB9","SERPINB9","0.00264715211614461","0.0","0.00529430423228922","false","SERPINB9"
"LMOD2","LMOD2","LMOD2","0.002674996561647146","0.00462414569642342","7.25847426870872E-4","false","LMOD2"
"JUNB","JUNB","JUNB","0.008498252506406637","4.30610236220472E-4","0.0165658947765928","false","JUNB"
"RAB33B","RAB33B","RAB33B","5.0809319880961E-4","0.0","0.00101618639761922","false","RAB33B"
"B3GALT1","B3GALT1","B3GALT1","0.0071221024748978","0.0142442049497956","0.0","false","B3GALT1"
"ZBTB21","ZBTB21","ZBTB21","0.002658410190504599","4.92125984251968E-4","0.00482469439675723","false","ZBTB21"
"PLK3","PLK3","PLK3","0.008529010380422385","4.92125984251968E-4","0.0165658947765928","false","PLK3"
"SLC25A30","SLC25A30","SLC25A30","7.627760756401605E-4","7.99704724409449E-4","7.25847426870872E-4","false","SLC25A30"
"MGA","MGA","MGA","0.12700104568980206","0.0702944896224541","0.18370760175715","false","MGA"
"FAM241A","FAM241A","FAM241A","0.002214281849677509","1.84547244094488E-4","0.00424401645526053","false","FAM241A"
"CTBP2","CTBP2","CTBP2","0.004702746375841332","7.38188976377953E-4","0.00866730377530471","false","CTBP2"
"MARCKSL1","MARCKSL1","MARCKSL1","0.003825558688842745","0.0","0.00765111737768549","false","MARCKSL1"
"YES1","YES1","YES1","3.62923713435436E-4","0.0","7.25847426870872E-4","false","YES1"
"KBTBD11","KBTBD11","KBTBD11","7.928976722301631E-4","6.15157480314961E-5","0.00152427959642883","false","KBTBD11"
"TCIM","TCIM","TCIM","0.023546593961058335","4.92125984251968E-4","0.0466010619378647","false","TCIM"
"GPR4","GPR4","GPR4","0.008344463136327897","1.23031496062992E-4","0.0165658947765928","false","GPR4"
"CCDC184","CCDC184","CCDC184","7.62139798214415E-4","0.0","0.00152427959642883","false","CCDC184"
"APOLD1","APOLD1","APOLD1","0.021955925880464484","4.92125984251968E-4","0.043419725776677","false","APOLD1"
"RRS1","RRS1","RRS1","0.005008255457986895","0.00519181651921656","0.00482469439675723","false","RRS1"
"HLA-DQB1","HLA-DQB1","HLA-DQB1","0.0011004764123876435","6.76673228346457E-4","0.00152427959642883","false","HLA-DQB1"
"EGR3","EGR3","EGR3","0.008621284002469629","6.76673228346457E-4","0.0165658947765928","false","EGR3"
"VWA1","VWA1","VWA1","7.320182016244126E-4","7.38188976377953E-4","7.25847426870872E-4","false","VWA1"
"FJX1","FJX1","FJX1","4.21990351515907E-4","5.53641732283465E-4","2.90338970748349E-4","false","FJX1"
"MYADM","MYADM","MYADM","0.00799260841754805","0.0","0.0159852168350961","false","MYADM"
"ACTA2-AS1","ACTA2-AS1","ACTA2-AS1","8.07052054262525E-4","3.0757874015748E-4","0.00130652536836757","false","ACTA2-AS1"
"PITPNB","PITPNB","PITPNB","7.62139798214415E-4","0.0","0.00152427959642883","false","PITPNB"
"TLCD5","TLCD5","TLCD5","0.0074625447693432954","0.00220180414064129","0.0127232853980453","false","TLCD5"
"MEX3D","MEX3D","MEX3D","0.00293749108689296","0.0","0.00587498217378592","false","MEX3D"
"CREB3L2","CREB3L2","CREB3L2","3.912324775001585E-4","4.92125984251968E-4","2.90338970748349E-4","false","CREB3L2"
"FES","FES","FES","0.001904253999569005","0.0","0.00380850799913801","false","FES"
"PAPPA","PAPPA","PAPPA","0.004074070790919753","6.15157480314961E-5","0.00808662583380801","false","PAPPA"
"SPATA13","SPATA13","SPATA13","0.003512473705327181","0.00629909998378349","7.25847426870872E-4","false","SPATA13"
"RFLNB","RFLNB","RFLNB","0.0027086678641761058","1.23031496062992E-4","0.00529430423228922","false","RFLNB"
"TRIM52","TRIM52","TRIM52","5.47470957529924E-4","3.69094488188976E-4","7.25847426870872E-4","false","TRIM52"
"ST6GALNAC3","ST6GALNAC3","ST6GALNAC3",,,"0.00101618639761922","false","ST6GALNAC3"
"PCDH9","PCDH9","PCDH9","0.00367954345416701","0.00253439251157679","0.00482469439675723","false","PCDH9"
"CSF1","CSF1","CSF1","0.002781441686567592","7.38188976377953E-4","0.00482469439675723","false","CSF1"
"MAFF","MAFF","MAFF","0.002328931186881465","0.00364167597614371","0.00101618639761922","false","MAFF"
"NSMCE3","NSMCE3","NSMCE3","0.016592524030617086","0.0324592006343633","7.25847426870872E-4","false","NSMCE3"
"LINC00482","LINC00482","LINC00482","0.0028121995605833398","7.99704724409449E-4","0.00482469439675723","false","LINC00482"
"IFITM2","IFITM2","IFITM2","6.705024535929165E-4","6.15157480314961E-4","7.25847426870872E-4","false","IFITM2"
"GJA4","GJA4","GJA4","0.010897173902596986","0.0176410842358304","0.00415326356936357","false","GJA4"
"IER5L","IER5L","IER5L","0.0031835540790189436","4.92125984251968E-4","0.00587498217378592","false","IER5L"
"ENSG00000188897.9","ENSG00000188897.9","ENSG00000188897.9","0.004295973489333455","0.0053641169210256","0.00322783005764131","false","ENSG00000188897.9"
"ZNF567","ZNF567","ZNF567","0.00345987386711631","0.00691974773423262","0.0","false","ZNF567"
"PNRC2","PNRC2","PNRC2","0.004333651887652355","0.0","0.00866730377530471","false","PNRC2"
"ZNF782","ZNF782","ZNF782","3.604746034844105E-4","4.30610236220472E-4","2.90338970748349E-4","false","ZNF782"
"PSMD12","PSMD12","PSMD12","0.010595020236508112","0.00462414569642342","0.0165658947765928","false","PSMD12"
"SLC22A5","SLC22A5","SLC22A5","0.00296500274779726","0.00593000549559452","0.0","false","SLC22A5"
"ZNF460","ZNF460","ZNF460","3.992160847789795E-4","0.0","7.98432169557959E-4","false","ZNF460"
"ZNF121","ZNF121","ZNF121","0.00994626310364418","0.0190940940377304","7.98432169557959E-4","false","ZNF121"
"TOR4A","TOR4A","TOR4A","0.00293749108689296","0.0","0.00587498217378592","false","TOR4A"
"NRARP","NRARP","NRARP","0.004579714879778339","4.92125984251968E-4","0.00866730377530471","false","NRARP"
"DLL1","DLL1","DLL1","0.025229535663699426","6.76673228346457E-4","0.0497823980990524","false","DLL1"
"PNP","PNP","PNP","0.005833673082852286","0.0109414987388337","7.25847426870872E-4","false","PNP"
"RBM20","RBM20","RBM20","0.005489123367878875","0.00568394250346853","0.00529430423228922","false","RBM20"
"SOX18","SOX18","SOX18","0.025229535663699426","6.76673228346457E-4","0.0497823980990524","false","SOX18"
"ZBTB10","ZBTB10","ZBTB10","2.46062992125984E-4","4.92125984251968E-4","0.0","false","ZBTB10"
"PDE7A","PDE7A","PDE7A","0.011518248737329337","0.0223106500477878","7.25847426870872E-4","false","PDE7A"
"ADGRG1","ADGRG1","ADGRG1","5.696089468411059E-4","1.23031496062992E-4","0.00101618639761922","false","ADGRG1"
"RGL3","RGL3","RGL3","0.00244437762724585","0.00166092519685039","0.00322783005764131","false","RGL3"
"STK38L","STK38L","STK38L","0.0051661854366198","0.0","0.0103323708732396","false","STK38L"
"CLIC1","CLIC1","CLIC1","0.004521608798209385","0.00802703119879955","0.00101618639761922","false","CLIC1"
"DDX3X","DDX3X","DDX3X","0.00576142546605766","0.0105066645344961","0.00101618639761922","false","DDX3X"
"FADS3","FADS3","FADS3","6.0898670556142E-4","4.92125984251968E-4","7.25847426870872E-4","false","FADS3"
"ENSG00000225313.5","ENSG00000225313.5","ENSG00000225313.5","0.00471506882570731","0.00834136651110831","0.00108877114030631","false","ENSG00000225313.5"
"LINC00115","LINC00115","LINC00115","0.002742893703924926","0.00475993998097898","7.25847426870872E-4","false","LINC00115"
"ENSG00000226239.2","ENSG00000226239.2","ENSG00000226239.2",,,"2.90338970748349E-4","false","ENSG00000226239.2"
"CFLAR-AS1","CFLAR-AS1","CFLAR-AS1","0.004495872062731265","0.0","0.00899174412546253","false","CFLAR-AS1"
"ENSG00000228606.3","ENSG00000228606.3","ENSG00000228606.3","5.44385570153155E-4","0.0","0.00108877114030631","false","ENSG00000228606.3"
"SNHG26","SNHG26","SNHG26","6.452790769049634E-4","4.92125984251968E-4","7.98432169557959E-4","false","SNHG26"
"LINC-PINT","LINC-PINT","LINC-PINT","3.9368158745118405E-4","6.15157480314961E-5","7.25847426870872E-4","false","LINC-PINT"
"ENSG00000231881.2","ENSG00000231881.2","ENSG00000231881.2","0.007066856901666804","0.0109058837456923","0.00322783005764131","false","ENSG00000231881.2"
"IDI2-AS1","IDI2-AS1","IDI2-AS1","0.004395167635683851","1.23031496062992E-4","0.00866730377530471","false","IDI2-AS1"
"TRDN-AS1","TRDN-AS1","TRDN-AS1","9.663759216690625E-4","5.53641732283465E-4","0.00137911011105466","false","TRDN-AS1"
"GATA2-AS1","GATA2-AS1","GATA2-AS1",,,"7.98432169557959E-4","false","GATA2-AS1"
"ENSG00000244998.1","ENSG00000244998.1","ENSG00000244998.1","0.0023151753564293184","6.76673228346457E-4","0.00395367748451218","false","ENSG00000244998.1"
"CKMT2-AS1","CKMT2-AS1","CKMT2-AS1","8.74102299621818E-4","3.69094488188976E-4","0.00137911011105466","false","CKMT2-AS1"
"USP51","USP51","USP51","7.0679482493646E-4","6.15157480314961E-4","7.98432169557959E-4","false","USP51"
"PKD2L2-DT","PKD2L2-DT","PKD2L2-DT","0.002689168064520348","5.53641732283465E-4","0.00482469439675723","false","PKD2L2-DT"
"MALAT1","MALAT1","MALAT1","0.005992507426490835","0.00716032045622444","0.00482469439675723","false","MALAT1"
"SHLD3","SHLD3","SHLD3","0.004691488301481347","2.46062992125984E-4","0.00913691361083671","false","SHLD3"
"CA3-AS1","CA3-AS1","CA3-AS1","0.00264715211614461","0.0","0.00529430423228922","false","CA3-AS1"
"ENSG00000255946.2","ENSG00000255946.2","ENSG00000255946.2","0.00723536541487815","0.0","0.0144707308297563","false","ENSG00000255946.2"
"TRAPPC2B","TRAPPC2B","TRAPPC2B","0.003750524836204631","4.30610236220472E-4","0.00707043943618879","false","TRAPPC2B"
"PSMA3-AS1","PSMA3-AS1","PSMA3-AS1","0.001767704398899395","3.0757874015748E-4","0.00322783005764131","false","PSMA3-AS1"
"NR4A1AS","NR4A1AS","NR4A1AS","0.005252477363617898","6.15157480314961E-5","0.0104434389792043","false","NR4A1AS"
"FIGNL2","FIGNL2","FIGNL2","6.31124694872602E-4","2.46062992125984E-4","0.00101618639761922","false","FIGNL2"
"GOLGA4-AS1","GOLGA4-AS1","GOLGA4-AS1","3.62923713435436E-4","0.0","7.25847426870872E-4","false","GOLGA4-AS1"
"ENSG00000271533.1","ENSG00000271533.1","ENSG00000271533.1","0.003842798458251876","6.15157480314961E-4","0.00707043943618879","false","ENSG00000271533.1"
"SMIM32","SMIM32","SMIM32","7.62139798214415E-4","0.0","0.00152427959642883","false","SMIM32"
"ENSG00000272037.1","ENSG00000272037.1","ENSG00000272037.1",,,"0.0121128002308549","false","ENSG00000272037.1"
"ENSG00000272512.1","ENSG00000272512.1","ENSG00000272512.1","0.006915451971222165","0.00306302461308223","0.0107678793293621","false","ENSG00000272512.1"
"DOC2B","DOC2B","DOC2B","0.0028932151082705936","4.92125984251968E-4","0.00529430423228922","false","DOC2B"
"DCP1A","DCP1A","DCP1A","0.004026310873340405","0.00290348699976576","0.00514913474691505","false","DCP1A"
"ENSG00000273373.1","ENSG00000273373.1","ENSG00000273373.1","8.771876869985865E-4","7.38188976377953E-4","0.00101618639761922","false","ENSG00000273373.1"
"ENSG00000276791.1","ENSG00000276791.1","ENSG00000276791.1","0.009126739011623834","4.92125984251968E-4","0.0177613520389957","false","ENSG00000276791.1"
"LINC00624","LINC00624","LINC00624","0.00459102160027946","0.0038877389682697","0.00529430423228922","false","LINC00624"
"ENSG00000279196.1","ENSG00000279196.1","ENSG00000279196.1","0.009467318098106315","0.0179910345412805","9.43601654932133E-4","false","ENSG00000279196.1"
"ENSG00000279500.1","ENSG00000279500.1","ENSG00000279500.1","0.004359322462061655","3.0757874015748E-4","0.00841106618396583","false","ENSG00000279500.1"
"ENSG00000279568.1","ENSG00000279568.1","ENSG00000279568.1","0.0028932151082705936","4.92125984251968E-4","0.00529430423228922","false","ENSG00000279568.1"
"ENSG00000279602.1","ENSG00000279602.1","ENSG00000279602.1","0.00577493998290011","0.00255813584033769","0.00899174412546253","false","ENSG00000279602.1"
"ENSG00000279811.1","ENSG00000279811.1","ENSG00000279811.1","0.004624228584246235","0.00351864448008072","0.00572981268841175","false","ENSG00000279811.1"
"ENSG00000282393.1","ENSG00000282393.1","ENSG00000282393.1","0.00458503990523032","0.00376470747220671","0.00540537233825393","false","ENSG00000282393.1"
"ENSG00000284669.1","ENSG00000284669.1","ENSG00000284669.1","0.009509351604419427","6.76673228346457E-4","0.0183420299804924","false","ENSG00000284669.1"
"ENSG00000285774.4","ENSG00000285774.4","ENSG00000285774.4","5.530054548577195E-4","3.0757874015748E-4","7.98432169557959E-4","false","ENSG00000285774.4"
"ENSG00000287299.1","ENSG00000287299.1","ENSG00000287299.1","1.451694853741745E-4","0.0","2.90338970748349E-4","false","ENSG00000287299.1"
"ENSG00000289009.1","ENSG00000289009.1","ENSG00000289009.1","0.0017783748419747726","0.00290348699976576","6.53262684183785E-4","false","ENSG00000289009.1"
"ENSG00000289272.1","ENSG00000289272.1","ENSG00000289272.1","0.001641991633604281","0.00255813584033769","7.25847426870872E-4","false","ENSG00000289272.1"
"M6PR","M6PR","M6PR","0.0029840553497316675","0.00531484801527955","6.53262684183785E-4","false","M6PR"
"RREB1","RREB1","RREB1","0.392550188014654","0.608056860630041","0.177043515399267","false","RREB1"
"ABCB4","ABCB4","ABCB4","3.5494010615661495E-4","4.92125984251968E-4","2.17754228061262E-4","false","ABCB4"
"SOX8","SOX8","SOX8","5.167130835141761E-4","3.0757874015748E-4","7.25847426870872E-4","false","SOX8"
"MAP3K14","MAP3K14","MAP3K14","6.17606590265986E-4","7.99704724409449E-4","4.35508456122523E-4","false","MAP3K14"
"TNFRSF12A","TNFRSF12A","TNFRSF12A","1.08877114030631E-4","0.0","2.17754228061262E-4","false","TNFRSF12A"
"PSMB1","PSMB1","PSMB1","0.00163629074397737","0.00327258148795474","0.0","false","PSMB1"
"CDKL5","CDKL5","CDKL5","4.779716022196075E-4","7.38188976377953E-4","2.17754228061262E-4","false","CDKL5"
"SPAG9","SPAG9","SPAG9","0.001613915028820655","0.0","0.00322783005764131","false","SPAG9"
"CEBPB","CEBPB","CEBPB","1.658272650207465","2.44151856817049","0.87502673224444","false","CEBPB"
"PAX7","PAX7","PAX7","0.0026432696256074163","0.00506878502315357","2.17754228061262E-4","false","PAX7"
"HHATL","HHATL","HHATL","0.00814206809936823","0.00519181651921656","0.0110923196795199","false","HHATL"
"UTP18","UTP18","UTP18","3.24182232140867E-4","4.30610236220472E-4","2.17754228061262E-4","false","UTP18"
"SLC45A4","SLC45A4","SLC45A4","0.017812436380098724","0.00531484801527955","0.0303100247449179","false","SLC45A4"
"RNH1","RNH1","RNH1","0.0047039998310517165","0.0084643980071713","9.43601654932133E-4","false","RNH1"
"PLEKHO1","PLEKHO1","PLEKHO1","0.003016014445052495","0.00280419883246368","0.00322783005764131","false","PLEKHO1"
"CD44","CD44","CD44","0.00154133028613357","0.0","0.00308266057226714","false","CD44"
"TNFRSF1B","TNFRSF1B","TNFRSF1B","0.007052213501685945","0.00629909998378349","0.0078053270195884","false","TNFRSF1B"
"TFB1M","TFB1M","TFB1M","0.001783843703982411","4.30610236220472E-4","0.00313707717174435","false","TFB1M"
"CHPF2","CHPF2","CHPF2","0.006478384432595667","0.0120131672102592","9.43601654932133E-4","false","CHPF2"
"VCL","VCL","VCL","0.0056540926089240304","0.0110904309897868","2.17754228061262E-4","false","VCL"
"MYOM2","MYOM2","MYOM2","0.003200561689146985","0.00317329332065266","0.00322783005764131","false","MYOM2"
"USP2","USP2","USP2","0.001613915028820655","0.0","0.00322783005764131","false","USP2"
"MSR1","MSR1","MSR1","4.718008274660665E-4","0.0","9.43601654932133E-4","false","MSR1"
"CTNNA1","CTNNA1","CTNNA1","4.779716022196075E-4","7.38188976377953E-4","2.17754228061262E-4","false","CTNNA1"
"HSPA5","HSPA5","HSPA5","3.62923713435436E-4","0.0","7.25847426870872E-4","false","HSPA5"
"USP28","USP28","USP28","9.497724296856715E-4","7.38188976377953E-4","0.00116135588299339","false","USP28"
"NOP16","NOP16","NOP16","0.0033085336069885963","0.00618155875785467","4.35508456122523E-4","false","NOP16"
"FAM120A","FAM120A","FAM120A","6.17606590265986E-4","7.99704724409449E-4","4.35508456122523E-4","false","FAM120A"
"RCN1","RCN1","RCN1","0.001209779184351276","0.00220180414064129","2.17754228061262E-4","false","RCN1"
"HEXB","HEXB","HEXB","1.08877114030631E-4","0.0","2.17754228061262E-4","false","HEXB"
"RRP12","RRP12","RRP12","0.0070152688619216546","0.01033309783067","0.00369743989317331","false","RRP12"
"FNIP2","FNIP2","FNIP2","0.003073879861827891","0.00593000549559452","2.17754228061262E-4","false","FNIP2"
"ZNF280C","ZNF280C","ZNF280C","1.08877114030631E-4","0.0","2.17754228061262E-4","false","ZNF280C"
"GDI2","GDI2","GDI2","0.03184502289625033","0.0634722915644394","2.17754228061262E-4","false","GDI2"
"ATP11B","ATP11B","ATP11B","0.0065515149685691195","0.00364167597614371","0.00946135396099453","false","ATP11B"
"LAMC2","LAMC2","LAMC2","0.002360325338322961","0.00450289644858466","2.17754228061262E-4","false","LAMC2"
"ATP2B4","ATP2B4","ATP2B4","1.08877114030631E-4","0.0","2.17754228061262E-4","false","ATP2B4"
"DNAJC25","DNAJC25","DNAJC25","0.0058386398530185304","0.0114595254779758","2.17754228061262E-4","false","DNAJC25"
"CCAR1","CCAR1","CCAR1","0.0021001079641646166","0.00376470747220671","4.35508456122523E-4","false","CCAR1"
"NCKAP1","NCKAP1","NCKAP1","0.014113775643851531","0.0280097970596418","2.17754228061262E-4","false","NCKAP1"
"ST3GAL6","ST3GAL6","ST3GAL6","0.008340306554549815","0.0125476647598038","0.00413294834929583","false","ST3GAL6"
"WDR3","WDR3","WDR3","0.0033531498379206475","0.00605303699165751","6.53262684183785E-4","false","WDR3"
"IDI1","IDI1","IDI1","0.004758964204773635","0.00183270965245231","0.00768521875709496","false","IDI1"
"PLPP1","PLPP1","PLPP1","0.0","0.0","0.0","false","PLPP1"
"PITX1","PITX1","PITX1","0.010607447945168576","7.38188976377953E-4","0.0204767069139592","false","PITX1"
"KCNAB2","KCNAB2","KCNAB2","0.007480346373985676","7.38188976377953E-4","0.0142225037715934","false","KCNAB2"
"PFN2","PFN2","PFN2","0.0023731415301836765","7.38188976377953E-4","0.0040080940839894","false","PFN2"
"WIPI1","WIPI1","WIPI1","0.006751803982121531","0.0132858537361818","2.17754228061262E-4","false","WIPI1"
"GBA2","GBA2","GBA2","0.002574567373457525","0.0","0.00514913474691505","false","GBA2"
"MAP4K4","MAP4K4","MAP4K4","5.86848716250238E-4","7.38188976377953E-4","4.35508456122523E-4","false","MAP4K4"
"WDR1","WDR1","WDR1","0.001387945034199476","0.00255813584033769","2.17754228061262E-4","false","WDR1"
"VASH1","VASH1","VASH1","5.78228831545672E-4","4.30610236220472E-4","7.25847426870872E-4","false","VASH1"
"LMCD1","LMCD1","LMCD1","0.00833695353861149","0.00642213147984648","0.0102517755973765","false","LMCD1"
"DAZAP1","DAZAP1","DAZAP1","0.001868199354070991","0.00351864448008072","2.17754228061262E-4","false","DAZAP1"
"FAM50A","FAM50A","FAM50A","0.005990354341655865","0.00802703119879955","0.00395367748451218","false","FAM50A"
"FERMT2","FERMT2","FERMT2","0.0042795603695847855","0.00834136651110831","2.17754228061262E-4","false","FERMT2"
"SNCB","SNCB","SNCB","0.010818206059117277","6.76673228346457E-4","0.0209597388898881","false","SNCB"
"ENO1","ENO1","ENO1","1.08877114030631E-4","0.0","2.17754228061262E-4","false","ENO1"
"EIF4G3","EIF4G3","EIF4G3","0.002865714580495175","0.00573142916099035","0.0","false","EIF4G3"
"ACAT1","ACAT1","ACAT1","5.0809319880961E-4","0.0","0.00101618639761922","false","ACAT1"
"RASAL2","RASAL2","RASAL2","0.005371351261947705","0.00629909998378349","0.00444360254011192","false","RASAL2"
"FRYL","FRYL","FRYL","0.003610281824702219","0.00642213147984648","7.98432169557959E-4","false","FRYL"
"RAB7A","RAB7A","RAB7A","4.3305934617149746E-4","4.30610236220472E-4","4.35508456122523E-4","false","RAB7A"
"EXOSC7","EXOSC7","EXOSC7","1.08877114030631E-4","0.0","2.17754228061262E-4","false","EXOSC7"
"REXO2","REXO2","REXO2","0.01130242645813493","0.0218064207467119","7.98432169557959E-4","false","REXO2"
"GTF3C1","GTF3C1","GTF3C1","0.005341192916798486","4.30610236220472E-4","0.0102517755973765","false","GTF3C1"
"DYNC1I2","DYNC1I2","DYNC1I2","0.0","0.0","0.0","false","DYNC1I2"
"MYH7B","MYH7B","MYH7B","0.0025364190900120003","0.00391148229703061","0.00116135588299339","false","MYH7B"
"RAB21","RAB21","RAB21","0.015520855559191537","0.0303158636915122","7.25847426870872E-4","false","RAB21"
"PCNP","PCNP","PCNP",,,"2.17754228061262E-4","false","PCNP"
"MEF2C","MEF2C","MEF2C","0.0","0.0","0.0","false","MEF2C"
"BZW1","BZW1","BZW1","0.00890324364859305","0.0178064872971861","0.0","false","BZW1"
"CYLD","CYLD","CYLD","1.08877114030631E-4","0.0","2.17754228061262E-4","false","CYLD"
"CHMP2B","CHMP2B","CHMP2B","0.0","0.0","0.0","false","CHMP2B"
"SSH1","SSH1","SSH1","0.001572492278293966","0.00292723032852667","2.17754228061262E-4","false","SSH1"
"EIF3I","EIF3I","EIF3I","0.011743810778331101","0.0156822945370738","0.0078053270195884","false","EIF3I"
"CD59","CD59","CD59","5.167130835141761E-4","3.0757874015748E-4","7.25847426870872E-4","false","CD59"
"ABCB1","ABCB1","ABCB1","1.23031496062992E-4","2.46062992125984E-4","0.0","false","ABCB1"
"B4GALT1","B4GALT1","B4GALT1","0.0024076867043220963","0.00437986495252167","4.35508456122523E-4","false","B4GALT1"
"NOP14","NOP14","NOP14","3.24182232140867E-4","4.30610236220472E-4","2.17754228061262E-4","false","NOP14"
"GNAS","GNAS","GNAS","6.010030982825995E-4","9.84251968503937E-4","2.17754228061262E-4","false","GNAS"
"PAPOLA","PAPOLA","PAPOLA","2.4851210207700955E-4","6.15157480314961E-5","4.35508456122523E-4","false","PAPOLA"
"STRN4","STRN4","STRN4","0.004120417737855465","0.0","0.00824083547571093","false","STRN4"
"PLEKHG2","PLEKHG2","PLEKHG2","0.013553963136814515","0.0261643246186969","9.43601654932133E-4","false","PLEKHG2"
"RAPGEF4","RAPGEF4","RAPGEF4","0.0048844663505760045","3.0757874015748E-4","0.00946135396099453","false","RAPGEF4"
"CDV3","CDV3","CDV3",,,"4.35508456122523E-4","false","CDV3"
"EZR","EZR","EZR","0.006398826588565156","0.00913431466336648","0.00366333851376383","false","EZR"
"TGFB2","TGFB2","TGFB2","1.08877114030631E-4","0.0","2.17754228061262E-4","false","TGFB2"
"LRRFIP2","LRRFIP2","LRRFIP2","0.001829220146930891","4.30610236220472E-4","0.00322783005764131","false","LRRFIP2"
"TMEM38B","TMEM38B","TMEM38B","7.37552698952208E-4","6.76673228346457E-4","7.98432169557959E-4","false","TMEM38B"
"NUP188","NUP188","NUP188","0.009674639608937762","0.018913770761753","4.35508456122523E-4","false","NUP188"
"NANS","NANS","NANS","4.306102362204725E-4","8.61220472440945E-4","0.0","false","NANS"
"SORBS1","SORBS1","SORBS1","0.005161037448547437","0.00966881221291109","6.53262684183785E-4","false","SORBS1"
"HSP90AB1","HSP90AB1","HSP90AB1","0.010987381271782832","0.0217570083155044","2.17754228061262E-4","false","HSP90AB1"
"JAK2","JAK2","JAK2","0.004066115437610646","0.00740638344835042","7.25847426870872E-4","false","JAK2"
"NRP1","NRP1","NRP1",,,"2.17754228061262E-4","false","NRP1"
"PSMD8","PSMD8","PSMD8","0.0047722540809983045","0.00874607599243865","7.98432169557959E-4","false","PSMD8"
"ARVCF","ARVCF","ARVCF","4.1645585418811145E-4","6.15157480314961E-4","2.17754228061262E-4","false","ARVCF"
"TIMP3","TIMP3","TIMP3","0.003111988192113906","0.00549812895735694","7.25847426870872E-4","false","TIMP3"
"SBF1","SBF1","SBF1","0.01094732613486031","0.0214591438135981","4.35508456122523E-4","false","SBF1"
"PACSIN2","PACSIN2","PACSIN2","4.779716022196075E-4","7.38188976377953E-4","2.17754228061262E-4","false","PACSIN2"
"MIEF1","MIEF1","MIEF1","3.62923713435436E-4","0.0","7.25847426870872E-4","false","MIEF1"
"MYH9","MYH9","MYH9","7.406380863289765E-4","0.00104576771653543","4.35508456122523E-4","false","MYH9"
"ZC3H7B","ZC3H7B","ZC3H7B","0.005038255720654745","6.15157480314961E-4","0.00946135396099453","false","ZC3H7B"
"PRMT5","PRMT5","PRMT5","2.177542280612615E-4","0.0","4.35508456122523E-4","false","PRMT5"
"AP4S1","AP4S1","AP4S1","0.006492790612550481","0.0127678269970397","2.17754228061262E-4","false","AP4S1"
"TRIM9","TRIM9","TRIM9","6.62518846314096E-4","0.00110728346456693","2.17754228061262E-4","false","TRIM9"
"ATP6V1D","ATP6V1D","ATP6V1D","3.383366141732285E-4","6.76673228346457E-4","0.0","false","ATP6V1D"
"PSMB5","PSMB5","PSMB5","0.0024382068524923103","9.22736220472441E-4","0.00395367748451218","false","PSMB5"
"DNAJC5","DNAJC5","DNAJC5","0.001893185004913411","1.23031496062992E-4","0.00366333851376383","false","DNAJC5"
"PRELID3B","PRELID3B","PRELID3B","7.24034594345591E-4","0.00123031496062992","2.17754228061262E-4","false","PRELID3B"
"DNTTIP1","DNTTIP1","DNTTIP1","0.02315504276586008","0.0460923313036589","2.17754228061262E-4","false","DNTTIP1"
"MAP1LC3A","MAP1LC3A","MAP1LC3A","0.006882077447339355","0.00147637795275591","0.0122877769419228","false","MAP1LC3A"
"APMAP","APMAP","APMAP","5.394873502511035E-4","8.61220472440945E-4","2.17754228061262E-4","false","APMAP"
"ZNF516","ZNF516","ZNF516","3.992160847789795E-4","0.0","7.98432169557959E-4","false","ZNF516"
"MIB1","MIB1","MIB1","3.075787401574805E-4","6.15157480314961E-4","0.0","false","MIB1"
"PBDC1","PBDC1","PBDC1","0.001971751442649647","2.46062992125984E-4","0.00369743989317331","false","PBDC1"
"ARMCX3","ARMCX3","ARMCX3","0.005121909457997424","4.92125984251968E-4","0.00975169293174288","false","ARMCX3"
"FGF9","FGF9","FGF9","0.0020974211283680583","6.76673228346457E-4","0.00351816902838966","false","FGF9"
"FLT1","FLT1","FLT1","4.4721372820385953E-4","6.76673228346457E-4","2.17754228061262E-4","false","FLT1"
"RGCC","RGCC","RGCC","2.46062992125984E-4","4.92125984251968E-4","0.0","false","RGCC"
"INTS6","INTS6","INTS6","1.08877114030631E-4","0.0","2.17754228061262E-4","false","INTS6"
"SLC38A7","SLC38A7","SLC38A7","0.002064025064696891","4.30610236220472E-4","0.00369743989317331","false","SLC38A7"
"CRISPLD2","CRISPLD2","CRISPLD2","3.62923713435436E-4","0.0","7.25847426870872E-4","false","CRISPLD2"
"ABCC1","ABCC1","ABCC1","0.00876108897057928","0.00748014603866736","0.0100420319024912","false","ABCC1"
"CLCN7","CLCN7","CLCN7","1.08877114030631E-4","0.0","2.17754228061262E-4","false","CLCN7"
"PIEZO1","PIEZO1","PIEZO1","0.004438206858789141","0.00865865948951702","2.17754228061262E-4","false","PIEZO1"
"USP31","USP31","USP31","4.718008274660665E-4","0.0","9.43601654932133E-4","false","USP31"
"RAB11A","RAB11A","RAB11A","0.00601481901033085","0.0120296380206617","0.0","false","RAB11A"
"BLOC1S6","BLOC1S6","BLOC1S6","0.01027657188334498","0.0203353895386287","2.17754228061262E-4","false","BLOC1S6"
"POP1","POP1","POP1","2.62666484109371E-4","3.0757874015748E-4","2.17754228061262E-4","false","POP1"
"PPP2CB","PPP2CB","PPP2CB","0.0042795603695847855","0.00834136651110831","2.17754228061262E-4","false","PPP2CB"
"ASAH1","ASAH1","ASAH1","0.0035518514640474966","0.00666819447197247","4.35508456122523E-4","false","ASAH1"
"TIMM44","TIMM44","TIMM44","0.01471950391633645","0.0","0.0294390078326729","false","TIMM44"
"MEIS3","MEIS3","MEIS3","5.78228831545672E-4","4.30610236220472E-4","7.25847426870872E-4","false","MEIS3"
"GRWD1","GRWD1","GRWD1","0.00991748252012505","0.0120296380206617","0.0078053270195884","false","GRWD1"
"GSK3A","GSK3A","GSK3A","5.394873502511035E-4","8.61220472440945E-4","2.17754228061262E-4","false","GSK3A"
"SIPA1L3","SIPA1L3","SIPA1L3","1.08877114030631E-4","0.0","2.17754228061262E-4","false","SIPA1L3"
"CDK6","CDK6","CDK6","6.594334589373251E-4","7.38188976377953E-4","5.80677941496697E-4","false","CDK6"
"GSDME","GSDME","GSDME","0.0017783748419747726","0.00290348699976576","6.53262684183785E-4","false","GSDME"
"STX1A","STX1A","STX1A","0.0021837617015072913","0.00364167597614371","7.25847426870872E-4","false","STX1A"
"PDAP1","PDAP1","PDAP1","5.5609084223449E-4","6.76673228346457E-4","4.35508456122523E-4","false","PDAP1"
"EIF3B","EIF3B","EIF3B","0.005433466538845731","6.15157480314961E-4","0.0102517755973765","false","EIF3B"
"IMPDH1","IMPDH1","IMPDH1","9.393397124558261E-4","0.00166092519685039","2.17754228061262E-4","false","IMPDH1"
"PSMA2","PSMA2","PSMA2","1.7039286206212698E-4","1.23031496062992E-4","2.17754228061262E-4","false","PSMA2"
"URGCP","URGCP","URGCP","0.00674525062901168","0.00834136651110831","0.00514913474691505","false","URGCP"
"STAG3L4","STAG3L4","STAG3L4","0.01113174069737393","0.0220457271666866","2.17754228061262E-4","false","STAG3L4"
"RHEB","RHEB","RHEB","0.004842639481904668","3.69094488188976E-4","0.00931618447562036","false","RHEB"
"CDC37L1","CDC37L1","CDC37L1","0.002846280547821387","0.00474895944071064","9.43601654932133E-4","false","CDC37L1"
"EDF1","EDF1","EDF1","0.006482225085134629","6.76673228346457E-4","0.0122877769419228","false","EDF1"
"BAG1","BAG1","BAG1","0.00554615983975995","0.0","0.0110923196795199","false","BAG1"
"DNMBP","DNMBP","DNMBP",,,"0.00322783005764131","false","DNMBP"
"PLEKHA1","PLEKHA1","PLEKHA1","1.08877114030631E-4","0.0","2.17754228061262E-4","false","PLEKHA1"
"GTPBP4","GTPBP4","GTPBP4","0.010963929626843692","0.0212745965695036","6.53262684183785E-4","false","GTPBP4"
"BCCIP","BCCIP","BCCIP","6.957258302808689E-4","7.38188976377953E-4","6.53262684183785E-4","false","BCCIP"
"DNAJC12","DNAJC12","DNAJC12","0.00392462026342817","0.00784924052685634","0.0","false","DNAJC12"
"GOSR1","GOSR1","GOSR1","0.00772179605829653","0.00519181651921656","0.0102517755973765","false","GOSR1"
"DDX5","DDX5","DDX5","5.394873502511035E-4","8.61220472440945E-4","2.17754228061262E-4","false","DDX5"
"LRRC59","LRRC59","LRRC59","8.101374416392951E-4","6.76673228346457E-4","9.43601654932133E-4","false","LRRC59"
"DUSP3","DUSP3","DUSP3","0.0106277261933824","0.0212554523867648","0.0","false","DUSP3"
"NAT9","NAT9","NAT9","0.004205094244108221","0.00819243426015518","2.17754228061262E-4","false","NAT9"
"CCDC86","CCDC86","CCDC86","4.2443946146693203E-4","1.23031496062992E-4","7.25847426870872E-4","false","CCDC86"
"FBXO3","FBXO3","FBXO3","0.0017168590939432775","0.00278045550370277","6.53262684183785E-4","false","FBXO3"
"CLEC2B","CLEC2B","CLEC2B","0.009837282313203844","0.00789850943260239","0.0117760551938053","false","CLEC2B"
"CSRNP2","CSRNP2","CSRNP2","4.779716022196075E-4","7.38188976377953E-4","2.17754228061262E-4","false","CSRNP2"
"FGF6","FGF6","FGF6","0.002002509316665395","3.0757874015748E-4","0.00369743989317331","false","FGF6"
"SH2B3","SH2B3","SH2B3","1.08877114030631E-4","0.0","2.17754228061262E-4","false","SH2B3"
"VDR","VDR","VDR","0.005464224412861479","6.76673228346457E-4","0.0102517755973765","false","VDR"
"NT5DC3","NT5DC3","NT5DC3","0.005052160334516807","0.00966881221291109","4.35508456122523E-4","false","NT5DC3"
"PAK1IP1","PAK1IP1","PAK1IP1","0.003965640874610472","2.46062992125984E-4","0.00768521875709496","false","PAK1IP1"
"TPD52L1","TPD52L1","TPD52L1","6.34210082249373E-4","6.15157480314961E-4","6.53262684183785E-4","false","TPD52L1"
"RBM24","RBM24","RBM24","4.1645585418811145E-4","6.15157480314961E-4","2.17754228061262E-4","false","RBM24"
"PTP4A1","PTP4A1","PTP4A1","2.1221973073346607E-4","6.15157480314961E-5","3.62923713435436E-4","false","PTP4A1"
"SMAP1","SMAP1","SMAP1","7.24034594345591E-4","0.00123031496062992","2.17754228061262E-4","false","SMAP1"
"PHF1","PHF1","PHF1",,,"2.17754228061262E-4","false","PHF1"
"QKI","QKI","QKI","6.76673228346455E-4","0.00135334645669291","0.0","false","QKI"
"BYSL","BYSL","BYSL","0.0034429743500168663","0.00666819447197247","2.17754228061262E-4","false","BYSL"
"HMGCS1","HMGCS1","HMGCS1","0.00222180127005596","0.0","0.00444360254011192","false","HMGCS1"
"HBEGF","HBEGF","HBEGF","5.087294762353555E-4","7.99704724409449E-4","2.17754228061262E-4","false","HBEGF"
"APBB3","APBB3","APBB3","0.001264913538136486","0.00231207284821171","2.17754228061262E-4","false","APBB3"
"SUB1","SUB1","SUB1","0.006687770573874795","0.0122141852647562","0.00116135588299339","false","SUB1"
"TARS1","TARS1","TARS1","0.001814667213318316","0.00290348699976576","7.25847426870872E-4","false","TARS1"
"HMGXB3","HMGXB3","HMGXB3","0.00566198574983456","0.00351864448008072","0.0078053270195884","false","HMGXB3"
"SELENOK","SELENOK","SELENOK","3.5494010615661495E-4","4.92125984251968E-4","2.17754228061262E-4","false","SELENOK"
"RPL24","RPL24","RPL24","0.007491768026510434","4.92125984251968E-4","0.0144914100687689","false","RPL24"
"GBE1","GBE1","GBE1","0.016763285777191057","0.0245007260495101","0.00902584550487201","false","GBE1"
"EIF1B","EIF1B","EIF1B","0.0020947829387126388","4.92125984251968E-4","0.00369743989317331","false","EIF1B"
"ZBTB47","ZBTB47","ZBTB47","2.768208661417325E-4","5.53641732283465E-4","0.0","false","ZBTB47"
"SLC35F5","SLC35F5","SLC35F5","0.0016231496511626147","0.00244786713276727","7.98432169557959E-4","false","SLC35F5"
"ACTR3","ACTR3","ACTR3","1.08877114030631E-4","0.0","2.17754228061262E-4","false","ACTR3"
"MPV17","MPV17","MPV17","6.932767203298461E-4","0.00116879921259843","2.17754228061262E-4","false","MPV17"
"EIF2B4","EIF2B4","EIF2B4","0.0","0.0","0.0","false","EIF2B4"
"FNDC4","FNDC4","FNDC4","3.62923713435436E-4","0.0","7.25847426870872E-4","false","FNDC4"
"NDUFS7","NDUFS7","NDUFS7","7.879994523281131E-4","9.22736220472441E-4","6.53262684183785E-4","false","NDUFS7"
"SRSF7","SRSF7","SRSF7","0.0056082723734046805","0.0109987905187481","2.17754228061262E-4","false","SRSF7"
"PNO1","PNO1","PNO1","3.383366141732285E-4","6.76673228346457E-4","0.0","false","PNO1"
"RND3","RND3","RND3","6.010030982825995E-4","9.84251968503937E-4","2.17754228061262E-4","false","RND3"
"EPAS1","EPAS1","EPAS1","5.5609084223449E-4","6.76673228346457E-4","4.35508456122523E-4","false","EPAS1"
"ANGPTL1","ANGPTL1","ANGPTL1","0.057500309928715326","0.111482450829041","0.00351816902838966","false","ANGPTL1"
"CNN3","CNN3","CNN3","4.779716022196075E-4","7.38188976377953E-4","2.17754228061262E-4","false","CNN3"
"UTP25","UTP25","UTP25","1.3963498804637906E-4","6.15157480314961E-5","2.17754228061262E-4","false","UTP25"
"RNF146","RNF146","RNF146","6.871059455763025E-4","4.30610236220472E-4","9.43601654932133E-4","false","RNF146"
"MYL12B","MYL12B","MYL12B","0.001893185004913411","1.23031496062992E-4","0.00366333851376383","false","MYL12B"
"CCNI","CCNI","CCNI","0.01093286179821975","0.011613947999063","0.0102517755973765","false","CCNI"
"ITGB1BP1","ITGB1BP1","ITGB1BP1","2.93424358125119E-4","3.69094488188976E-4","2.17754228061262E-4","false","ITGB1BP1"
"PPP6C","PPP6C","PPP6C","0.00594872097163643","0.0116796877152116","2.17754228061262E-4","false","PPP6C"
"TGFB3","TGFB3","TGFB3","3.266313420918925E-4","0.0","6.53262684183785E-4","false","TGFB3"
"KLHL29","KLHL29","KLHL29","0.002052746598165481","0.0038877389682697","2.17754228061262E-4","false","KLHL29"
"SLC17A5","SLC17A5","SLC17A5","0.0039026635097942","0.0","0.0078053270195884","false","SLC17A5"
"PANK3","PANK3","PANK3","0.001463615164263335","0.00292723032852667","0.0","false","PANK3"
"MTHFD1L","MTHFD1L","MTHFD1L","4.1645585418811145E-4","6.15157480314961E-4","2.17754228061262E-4","false","MTHFD1L"
"CENPL","CENPL","CENPL","3.407857241242535E-4","2.46062992125984E-4","4.35508456122523E-4","false","CENPL"
"HSPH1","HSPH1","HSPH1","0.0016813693923245965","0.00292723032852667","4.35508456122523E-4","false","HSPH1"
"ETF1","ETF1","ETF1","0.00782390548714673","0.00784248395470506","0.0078053270195884","false","ETF1"
"FABP3","FABP3","FABP3","0.007830104640683665","0.00116879921259843","0.0144914100687689","false","FABP3"
"CCRL2","CCRL2","CCRL2","0.0061437009329607445","0.0111260459829281","0.00116135588299339","false","CCRL2"
"GPSM2","GPSM2","GPSM2","0.005088702474030653","8.61220472440945E-4","0.00931618447562036","false","GPSM2"
"MYOG","MYOG","MYOG","0.002237293842259966","0.00425683345645867","2.17754228061262E-4","false","MYOG"
"CBX3","CBX3","CBX3","4.3305934617149746E-4","4.30610236220472E-4","4.35508456122523E-4","false","CBX3"
"WIPF3","WIPF3","WIPF3","0.007917810706042066","0.014892019757152","9.43601654932133E-4","false","WIPF3"
"RAMP3","RAMP3","RAMP3","1.08877114030631E-4","0.0","2.17754228061262E-4","false","RAMP3"
"CHST3","CHST3","CHST3","0.009012120762623681","0.0178064872971861","2.17754228061262E-4","false","CHST3"
"CIT","CIT","CIT","0.007245042390156342","0.0138368220961289","6.53262684183785E-4","false","CIT"
"DDX39A","DDX39A","DDX39A","0.0042312698274610365","0.00802703119879955","4.35508456122523E-4","false","DDX39A"
"MORF4L2","MORF4L2","MORF4L2","5.394873502511035E-4","8.61220472440945E-4","2.17754228061262E-4","false","MORF4L2"
"ACSL3","ACSL3","ACSL3","0.002820630365583509","4.92125984251968E-4","0.00514913474691505","false","ACSL3"
"ATP5F1E","ATP5F1E","ATP5F1E","0.00313925656060823","0.00232483563670428","0.00395367748451218","false","ATP5F1E"
"CDKN1A","CDKN1A","CDKN1A","0.005003565580114845","0.00220180414064129","0.0078053270195884","false","CDKN1A"
"GRK4","GRK4","GRK4",,,"5.0809319880961E-4","false","GRK4"
"PAX1","PAX1","PAX1","0.006267661605148386","0.0118094757834259","7.25847426870872E-4","false","PAX1"
"STK35","STK35","STK35","0.003557784512955505","0.0038877389682697","0.00322783005764131","false","STK35"
"FLRT3","FLRT3","FLRT3","3.266313420918925E-4","0.0","6.53262684183785E-4","false","FLRT3"
"HNRNPR","HNRNPR","HNRNPR","0.00889844482873792","0.0147142290852087","0.00308266057226714","false","HNRNPR"
"AMOT","AMOT","AMOT","5.86848716250238E-4","7.38188976377953E-4","4.35508456122523E-4","false","AMOT"
"UBA2","UBA2","UBA2","0.003848950133364311","0.00748014603866736","2.17754228061262E-4","false","UBA2"
"DNAJC8","DNAJC8","DNAJC8","0.005554477691371376","7.38188976377953E-4","0.0103707664063648","false","DNAJC8"
"EMG1","EMG1","EMG1","0.00421024224995168","6.15157480314961E-4","0.0078053270195884","false","EMG1"
"HSPA2","HSPA2","HSPA2","1.5378937007874E-4","3.0757874015748E-4","0.0","false","HSPA2"
"ARMCX1","ARMCX1","ARMCX1","0.003517306289909075","0.00302651849582875","0.0040080940839894","false","ARMCX1"
"IPPK","IPPK","IPPK","5.837633288734675E-4","3.69094488188976E-4","7.98432169557959E-4","false","IPPK"
"RAB3IP","RAB3IP","RAB3IP","0.015494812657419588","0.0302637778879683","7.25847426870872E-4","false","RAB3IP"
"PAICS","PAICS","PAICS","0.0067256283987687","0.0134512567975374","0.0","false","PAICS"
"YWHAH","YWHAH","YWHAH","4.4721372820385953E-4","6.76673228346457E-4","2.17754228061262E-4","false","YWHAH"
"ATP6V1F","ATP6V1F","ATP6V1F","0.008530445071309995","1.23031496062992E-4","0.016937858646557","false","ATP6V1F"
"LRRC4","LRRC4","LRRC4","9.2273622047244E-5","1.84547244094488E-4","0.0","false","LRRC4"
"NDUFA5","NDUFA5","NDUFA5","3.881470901233885E-4","1.23031496062992E-4","6.53262684183785E-4","false","NDUFA5"
"PSMA1","PSMA1","PSMA1","1.7039286206212698E-4","1.23031496062992E-4","2.17754228061262E-4","false","PSMA1"
"SPCS3","SPCS3","SPCS3","6.17606590265986E-4","7.99704724409449E-4","4.35508456122523E-4","false","SPCS3"
"KCNC1","KCNC1","KCNC1","2.177542280612615E-4","0.0","4.35508456122523E-4","false","KCNC1"
"ILF3","ILF3","ILF3","0.007276462908400198","6.15157480314961E-5","0.0144914100687689","false","ILF3"
"CAMSAP1","CAMSAP1","CAMSAP1","0.001848719946586655","0.0","0.00369743989317331","false","CAMSAP1"
"CLIP1","CLIP1","CLIP1","0.01157530131103948","0.0229328483940177","2.17754228061262E-4","false","CLIP1"
"ZNF317","ZNF317","ZNF317","7.627760756401605E-4","7.99704724409449E-4","7.25847426870872E-4","false","ZNF317"
"PPAN","PPAN","PPAN","0.0084689293232785","0.0","0.016937858646557","false","PPAN"
"HABP4","HABP4","HABP4","2.31908610093623E-4","2.46062992125984E-4","2.17754228061262E-4","false","HABP4"
"SYNE1","SYNE1","SYNE1","0.0025387018076639067","0.00413380196039568","9.43601654932133E-4","false","SYNE1"
"LATS1","LATS1","LATS1","0.001647359738632962","0.00314954999189175","1.45169485374174E-4","false","LATS1"
"PDLIM4","PDLIM4","PDLIM4","0.002543981458305331","0.0048702086885494","2.17754228061262E-4","false","PDLIM4"
"DIAPH1","DIAPH1","DIAPH1","0.006034823818930116","0.0111260459829281","9.43601654932133E-4","false","DIAPH1"
"THOC6","THOC6","THOC6","1.08877114030631E-4","0.0","2.17754228061262E-4","false","THOC6"
"NPHP4","NPHP4","NPHP4","0.004536873592043576","6.15157480314961E-4","0.00845858970377219","false","NPHP4"
"CHD1L","CHD1L","CHD1L","4.023014721557495E-4","3.69094488188976E-4","4.35508456122523E-4","false","CHD1L"
"PDHA1","PDHA1","PDHA1","0.00484280702182071","0.00232483563670428","0.00736077840693714","false","PDHA1"
"RAI2","RAI2","RAI2","0.0030580734730049288","6.76673228346457E-4","0.0054394737176634","false","RAI2"
"C19orf12","C19orf12","C19orf12","6.145212028892154E-4","4.30610236220472E-4","7.98432169557959E-4","false","C19orf12"
"PTPRE","PTPRE","PTPRE","7.79379567623547E-4","6.15157480314961E-4","9.43601654932133E-4","false","PTPRE"
"RAN","RAN","RAN","0.0","0.0","0.0","false","RAN"
"WBP2","WBP2","WBP2","0.009700155884324586","0.0186744643417783","7.25847426870872E-4","false","WBP2"
"NIP7","NIP7","NIP7","0.006049165738963142","2.46062992125984E-4","0.0118522684858003","false","NIP7"
"RNF128","RNF128","RNF128","6.932767203298461E-4","0.00116879921259843","2.17754228061262E-4","false","RNF128"
"ACTR3B","ACTR3B","ACTR3B","9.63926811718035E-4","9.84251968503937E-4","9.43601654932133E-4","false","ACTR3B"
"AMPD3","AMPD3","AMPD3","0.008794193588437794","1.84547244094488E-4","0.0174038399327811","false","AMPD3"
"MICAL2","MICAL2","MICAL2","0.006191189148494624","0.00929971772472211","0.00308266057226714","false","MICAL2"
"RRAS2","RRAS2","RRAS2","2.31908610093623E-4","2.46062992125984E-4","2.17754228061262E-4","false","RRAS2"
"ARL8B","ARL8B","ARL8B","1.08877114030631E-4","0.0","2.17754228061262E-4","false","ARL8B"
"SORT1","SORT1","SORT1","0.0016836521099765059","0.00314954999189175","2.17754228061262E-4","false","SORT1"
"NAPG","NAPG","NAPG","1.08877114030631E-4","0.0","2.17754228061262E-4","false","NAPG"
"PLEKHA8P1","PLEKHA8P1","PLEKHA8P1","0.002791524498358362","0.00543787951134255","1.45169485374174E-4","false","PLEKHA8P1"
"LPIN1","LPIN1","LPIN1","4.109213568603155E-4","6.76673228346457E-4","1.45169485374174E-4","false","LPIN1"
"IAH1","IAH1","IAH1","0.00601481901033085","0.0120296380206617","0.0","false","IAH1"
"RTL8C","RTL8C","RTL8C","1.08877114030631E-4","0.0","2.17754228061262E-4","false","RTL8C"
"YARS1","YARS1","YARS1","0.0","0.0","0.0","false","YARS1"
"GNL2","GNL2","GNL2","0.0021734953765765665","0.00391148229703061","4.35508456122523E-4","false","GNL2"
"TMEM165","TMEM165","TMEM165","1.08877114030631E-4","0.0","2.17754228061262E-4","false","TMEM165"
"UBAC2","UBAC2","UBAC2","6.010030982825995E-4","9.84251968503937E-4","2.17754228061262E-4","false","UBAC2"
"ADAMTS8","ADAMTS8","ADAMTS8","1.08877114030631E-4","0.0","2.17754228061262E-4","false","ADAMTS8"
"TMEM60","TMEM60","TMEM60","0.002463877426901615","0.00123031496062992","0.00369743989317331","false","TMEM60"
"KCP","KCP","KCP","0.0039026635097942","0.0","0.0078053270195884","false","KCP"
"DHX9","DHX9","DHX9","0.00621072924444487","0.00339561298401773","0.00902584550487201","false","DHX9"
"TTLL4","TTLL4","TTLL4","0.001390227751851385","0.00278045550370277","0.0","false","TTLL4"
"USP37","USP37","USP37","3.383366141732285E-4","6.76673228346457E-4","0.0","false","USP37"
"TNS3","TNS3","TNS3","0.00465690561433066","0.0048702086885494","0.00444360254011192","false","TNS3"
"ALPK3","ALPK3","ALPK3","4.779716022196075E-4","7.38188976377953E-4","2.17754228061262E-4","false","ALPK3"
"SRSF1","SRSF1","SRSF1","0.004512922752436005","0.0","0.00902584550487201","false","SRSF1"
"TRA2B","TRA2B","TRA2B","4.4721372820385953E-4","6.76673228346457E-4","2.17754228061262E-4","false","TRA2B"
"UGGT1","UGGT1","UGGT1","0.011356475759971781","0.0224951972918823","2.17754228061262E-4","false","UGGT1"
"DNAJC1","DNAJC1","DNAJC1","0.002974591694525806","0.00573142916099035","2.17754228061262E-4","false","DNAJC1"
"SLC2A8","SLC2A8","SLC2A8","0.009468522102693637","0.0182111967785164","7.25847426870872E-4","false","SLC2A8"
"ANGPTL2","ANGPTL2","ANGPTL2","1.08877114030631E-4","0.0","2.17754228061262E-4","false","ANGPTL2"
"MRPL50","MRPL50","MRPL50","0.004080727472817625","0.00290348699976576","0.00525796794586949","false","MRPL50"
"DPM2","DPM2","DPM2","0.004536873592043576","6.15157480314961E-4","0.00845858970377219","false","DPM2"
"GABBR2","GABBR2","GABBR2","0.00858636764552878","0.0169549810629963","2.17754228061262E-4","false","GABBR2"
"DERL1","DERL1","DERL1","0.01258615444317596","0.0241561224887327","0.00101618639761922","false","DERL1"
"FCHSD2","FCHSD2","FCHSD2","0.004297367866155466","0.00837698150424967","2.17754228061262E-4","false","FCHSD2"
"RPLP1","RPLP1","RPLP1","9.860648010292165E-4","7.38188976377953E-4","0.00123394062568048","false","RPLP1"
"BCAR3","BCAR3","BCAR3","2.177542280612615E-4","0.0","4.35508456122523E-4","false","BCAR3"
"RABGGTB","RABGGTB","RABGGTB","0.00242939788808335","0.0","0.0048587957761667","false","RABGGTB"
"PPM1B","PPM1B","PPM1B","0.00527542602936563","0.01033309783067","2.17754228061262E-4","false","PPM1B"
"RAB1A","RAB1A","RAB1A","2.93424358125119E-4","3.69094488188976E-4","2.17754228061262E-4","false","RAB1A"
"PREPL","PREPL","PREPL","0.001613915028820655","0.0","0.00322783005764131","false","PREPL"
"MYPN","MYPN","MYPN","0.011039599756907562","0.0216436910576926","4.35508456122523E-4","false","MYPN"
"SSB","SSB","SSB","0.006099717853037267","0.0112558340511424","9.43601654932133E-4","false","SSB"
"HECW2","HECW2","HECW2","0.006207734341207481","0.0121977144543537","2.17754228061262E-4","false","HECW2"
"WDR12","WDR12","WDR12","4.804207121706325E-4","3.0757874015748E-4","6.53262684183785E-4","false","WDR12"
"SEC31A","SEC31A","SEC31A","1.08877114030631E-4","0.0","2.17754228061262E-4","false","SEC31A"
"VAMP1","VAMP1","VAMP1","0.0","0.0","0.0","false","VAMP1"
"SLC7A1","SLC7A1","SLC7A1","0.0061438884709614","0.0","0.0122877769419228","false","SLC7A1"
"RAB15","RAB15","RAB15","0.0024156703116009165","0.0038877389682697","9.43601654932133E-4","false","RAB15"
"TLE3","TLE3","TLE3",,,"2.17754228061262E-4","false","TLE3"
"DNAJA4","DNAJA4","DNAJA4","0.007838739259362312","0.0152419700626021","4.35508456122523E-4","false","DNAJA4"
"HAPLN3","HAPLN3","HAPLN3","1.08877114030631E-4","0.0","2.17754228061262E-4","false","HAPLN3"
"ABHD2","ABHD2","ABHD2","0.006946725786760105","0.00364167597614371","0.0102517755973765","false","ABHD2"
"MFGE8","MFGE8","MFGE8","0.0038425447591824303","0.00402175100460103","0.00366333851376383","false","MFGE8"
"MBTPS1","MBTPS1","MBTPS1","6.010030982825995E-4","9.84251968503937E-4","2.17754228061262E-4","false","MBTPS1"
"MED9","MED9","MED9","4.718008274660665E-4","0.0","9.43601654932133E-4","false","MED9"
"GFOD2","GFOD2","GFOD2","1.08877114030631E-4","0.0","2.17754228061262E-4","false","GFOD2"
"ARHGDIA","ARHGDIA","ARHGDIA","4.718008274660665E-4","0.0","9.43601654932133E-4","false","ARHGDIA"
"CSNK1D","CSNK1D","CSNK1D","5.167130835141761E-4","3.0757874015748E-4","7.25847426870872E-4","false","CSNK1D"
"TBCD","TBCD","TBCD","3.62923713435436E-4","0.0","7.25847426870872E-4","false","TBCD"
"SOD1","SOD1","SOD1","3.266313420918925E-4","0.0","6.53262684183785E-4","false","SOD1"
"URB1","URB1","URB1","0.001455842176477261","0.00269393012489326","2.17754228061262E-4","false","URB1"
"MAP3K6","MAP3K6","MAP3K6","7.85550342377086E-4","0.00135334645669291","2.17754228061262E-4","false","MAP3K6"
"SERBP1","SERBP1","SERBP1","7.26483704296617E-4","7.99704724409449E-4","6.53262684183785E-4","false","SERBP1"
"MOB3C","MOB3C","MOB3C","0.00448786152955527","0.0","0.00897572305911054","false","MOB3C"
"ATP1B1","ATP1B1","ATP1B1","7.24034594345591E-4","0.00123031496062992","2.17754228061262E-4","false","ATP1B1"
"UCK2","UCK2","UCK2","0.006198162249838081","0.0121785702716149","2.17754228061262E-4","false","UCK2"
"ISG20L2","ISG20L2","ISG20L2","0.00548422514797683","0.00654516297590948","0.00442328732004418","false","ISG20L2"
"XPR1","XPR1","XPR1","1.08877114030631E-4","0.0","2.17754228061262E-4","false","XPR1"
"LYPLAL1","LYPLAL1","LYPLAL1","5.86848716250238E-4","7.38188976377953E-4","4.35508456122523E-4","false","LYPLAL1"
"ENSA","ENSA","ENSA","0.005864388630821395","0.00716032045622444","0.00456845680541835","false","ENSA"
"TP53BP2","TP53BP2","TP53BP2","0.002360325338322961","0.00450289644858466","2.17754228061262E-4","false","TP53BP2"
"UBAP2L","UBAP2L","UBAP2L","0.002175778094228471","0.00413380196039568","2.17754228061262E-4","false","UBAP2L"
"ILF2","ILF2","ILF2","0.002657424007639775","0.00531484801527955","0.0","false","ILF2"
"ARF1","ARF1","ARF1","0.006585064234597731","0.0129523742411342","2.17754228061262E-4","false","ARF1"
"CDC42BPA","CDC42BPA","CDC42BPA","5.530054548577195E-4","3.0757874015748E-4","7.98432169557959E-4","false","CDC42BPA"
"PLEKHA6","PLEKHA6","PLEKHA6","9.08581838440081E-4","0.0015994094488189","2.17754228061262E-4","false","PLEKHA6"
"HSPD1","HSPD1","HSPD1","9.190145556699235E-4","6.76673228346457E-4","0.00116135588299339","false","HSPD1"
"EAF1","EAF1","EAF1","0.002766301121670406","0.00531484801527955","2.17754228061262E-4","false","EAF1"
"GOLGA4","GOLGA4","GOLGA4","0.0","0.0","0.0","false","GOLGA4"
"CAND2","CAND2","CAND2","0.0010728039257486635","9.84251968503937E-4","0.00116135588299339","false","CAND2"
"SRPRB","SRPRB","SRPRB","0.00801612242126195","0.0160322448425239","0.0","false","SRPRB"
"RUBCN","RUBCN","RUBCN","0.004578917776617915","0.00593000549559452","0.00322783005764131","false","RUBCN"
"TM4SF19","TM4SF19","TM4SF19","4.779716022196075E-4","7.38188976377953E-4","2.17754228061262E-4","false","TM4SF19"
"LYAR","LYAR","LYAR","0.004730676980497265","0.0","0.00946135396099453","false","LYAR"
"BTF3","BTF3","BTF3","0.00196393537528687","0.00269393012489326","0.00123394062568048","false","BTF3"
"DAAM2","DAAM2","DAAM2","0.003805898063452302","0.00666819447197247","9.43601654932133E-4","false","DAAM2"
"RPL7L1","RPL7L1","RPL7L1","2.01150736077875E-4","1.84547244094488E-4","2.17754228061262E-4","false","RPL7L1"
"DYNLT1","DYNLT1","DYNLT1","4.921259842519685E-4","9.84251968503937E-4","0.0","false","DYNLT1"
"TIAM2","TIAM2","TIAM2","0.007019052756893831","0.0138203512857264","2.17754228061262E-4","false","TIAM2"
"CREB5","CREB5","CREB5","0.001880071018451446","0.00354238780884163","2.17754228061262E-4","false","CREB5"
"PURB","PURB","PURB","0.2430170885567933","0.44059612819147","0.0454380489221166","false","PURB"
"ZC3HAV1L","ZC3HAV1L","ZC3HAV1L",,,"8.71016912245046E-4","false","ZC3HAV1L"
"NOM1","NOM1","NOM1","0.00381821135898967","0.00129183070866142","0.00634459200931792","false","NOM1"
"MSN","MSN","MSN","0.0024771860596324116","0.00401077046433269","9.43601654932133E-4","false","MSN"
"MFHAS1","MFHAS1","MFHAS1","0.010470691218808881","0.0207236282095565","2.17754228061262E-4","false","MFHAS1"
"TACC1","TACC1","TACC1","1.08877114030631E-4","0.0","2.17754228061262E-4","false","TACC1"
"TRIM55","TRIM55","TRIM55","4.779716022196075E-4","7.38188976377953E-4","2.17754228061262E-4","false","TRIM55"
"SYBU","SYBU","SYBU","0.014225921392917167","0.0275082411309022","9.43601654932133E-4","false","SYBU"
"ANKRD1","ANKRD1","ANKRD1","2.177542280612615E-4","0.0","4.35508456122523E-4","false","ANKRD1"
"HABP2","HABP2","HABP2","1.08877114030631E-4","0.0","2.17754228061262E-4","false","HABP2"
"PDCD11","PDCD11","PDCD11","3.62923713435436E-4","0.0","7.25847426870872E-4","false","PDCD11"
"HSD17B12","HSD17B12","HSD17B12","0.001879477820602403","6.15157480314961E-5","0.00369743989317331","false","HSD17B12"
"DGKZ","DGKZ","DGKZ","0.004941841490053349","0.00593000549559452","0.00395367748451218","false","DGKZ"
"TNKS1BP1","TNKS1BP1","TNKS1BP1","3.075787401574805E-4","6.15157480314961E-4","0.0","false","TNKS1BP1"
"HYOU1","HYOU1","HYOU1","1.08877114030631E-4","0.0","2.17754228061262E-4","false","HYOU1"
"ITGB1","ITGB1","ITGB1","2.177542280612615E-4","0.0","4.35508456122523E-4","false","ITGB1"
"FAM124A","FAM124A","FAM124A","0.001880071018451446","0.00354238780884163","2.17754228061262E-4","false","FAM124A"
"SEC24D","SEC24D","SEC24D","5.640744495133105E-4","1.84547244094488E-4","9.43601654932133E-4","false","SEC24D"
"DLG5","DLG5","DLG5","0.0021837617015072913","0.00364167597614371","7.25847426870872E-4","false","DLG5"
"TWF1","TWF1","TWF1","1.7039286206212698E-4","1.23031496062992E-4","2.17754228061262E-4","false","TWF1"
"EIF4E","EIF4E","EIF4E","0.00213679888708837","0.00104576771653543","0.00322783005764131","false","EIF4E"
"TEX30","TEX30","TEX30","0.003736694733258045","0.00747338946651609","0.0","false","TEX30"
"ADAM17","ADAM17","ADAM17","3.62923713435436E-4","0.0","7.25847426870872E-4","false","ADAM17"
"ACSL1","ACSL1","ACSL1","3.690944881889765E-4","7.38188976377953E-4","0.0","false","ACSL1"
"ZNF385D","ZNF385D","ZNF385D","0.0028624572342548457","4.30610236220472E-4","0.00529430423228922","false","ZNF385D"
"DST","DST","DST","9.2273622047244E-5","1.84547244094488E-4","0.0","false","DST"
"BAG3","BAG3","BAG3","0.004290336465541505","0.00858067293108301","0.0","false","BAG3"
"PTPN14","PTPN14","PTPN14","0.007370339748512131","0.014522925268963","2.17754228061262E-4","false","PTPN14"
"USP12","USP12","USP12","1.08877114030631E-4","0.0","2.17754228061262E-4","false","USP12"
"PANK1","PANK1","PANK1","0.0105367892575033","0.0210735785150066","0.0","false","PANK1"
"TXNDC11","TXNDC11","TXNDC11","0.006748020087149335","0.00979860028112536","0.00369743989317331","false","TXNDC11"
"SMARCA5","SMARCA5","SMARCA5","0.00610983626344172","0.00821157844289404","0.0040080940839894","false","SMARCA5"
"RANBP2","RANBP2","RANBP2","0.006240941325174242","0.0118286199661647","6.53262684183785E-4","false","RANBP2"
"PTPRR","PTPRR","PTPRR","2.62666484109371E-4","3.0757874015748E-4","2.17754228061262E-4","false","PTPRR"
"ASAP1","ASAP1","ASAP1","0.0129909858890616","0.0142059165843179","0.0117760551938053","false","ASAP1"
"TMEM251","TMEM251","TMEM251","0.002064025064696891","4.30610236220472E-4","0.00369743989317331","false","TMEM251"
"ADPRHL1","ADPRHL1","ADPRHL1","2.177542280612615E-4","0.0","4.35508456122523E-4","false","ADPRHL1"
"ZUP1","ZUP1","ZUP1","0.0","0.0","0.0","false","ZUP1"
"ENAH","ENAH","ENAH","3.5494010615661495E-4","4.92125984251968E-4","2.17754228061262E-4","false","ENAH"
"ELOC","ELOC","ELOC","0.0","0.0","0.0","false","ELOC"
"RABGEF1","RABGEF1","RABGEF1","3.62923713435436E-4","0.0","7.25847426870872E-4","false","RABGEF1"
"ACSS1","ACSS1","ACSS1","0.00786188775460888","0.0116249285393314","0.00409884696988636","false","ACSS1"
"AZIN1","AZIN1","AZIN1","0.010998363713198164","0.0178637790771005","0.00413294834929583","false","AZIN1"
"HSPA13","HSPA13","HSPA13","2.31908610093623E-4","2.46062992125984E-4","2.17754228061262E-4","false","HSPA13"
"NIFK","NIFK","NIFK","6.17606590265986E-4","7.99704724409449E-4","4.35508456122523E-4","false","NIFK"
"RPGR","RPGR","RPGR","0.00258071660842272","0.0020787726445783","0.00308266057226714","false","RPGR"
"MTERF3","MTERF3","MTERF3","0.015759236086028368","9.84251968503937E-4","0.0305342202035528","false","MTERF3"
"ZDHHC5","ZDHHC5","ZDHHC5","0.008681660005835624","0.0122141852647562","0.00514913474691505","false","ZDHHC5"
"MED19","MED19","MED19","1.08877114030631E-4","0.0","2.17754228061262E-4","false","MED19"
"VPS8","VPS8","VPS8","2.15305118110236E-4","4.30610236220472E-4","0.0","false","VPS8"
"EIF4A2","EIF4A2","EIF4A2","0.004873397355920416","4.30610236220472E-4","0.00931618447562036","false","EIF4A2"
"KLHL40","KLHL40","KLHL40","0.008646427591050566","0.016349253527169","9.43601654932133E-4","false","KLHL40"
"CABP1","CABP1","CABP1","3.8569798017236347E-4","5.53641732283465E-4","2.17754228061262E-4","false","CABP1"
"PAFAH2","PAFAH2","PAFAH2","0.002759114617552013","3.69094488188976E-4","0.00514913474691505","false","PAFAH2"
"ESYT3","ESYT3","ESYT3","4.4721372820385953E-4","6.76673228346457E-4","2.17754228061262E-4","false","ESYT3"
"GPR153","GPR153","GPR153","0.01021857656827093","0.0202193989084806","2.17754228061262E-4","false","GPR153"
"AUTS2","AUTS2","AUTS2","1.08877114030631E-4","0.0","2.17754228061262E-4","false","AUTS2"
"SHROOM4","SHROOM4","SHROOM4","0.006397431603126448","0.0122141852647562","5.80677941496697E-4","false","SHROOM4"
"FBXW5","FBXW5","FBXW5","0.004943283220486176","0.00966881221291109","2.17754228061262E-4","false","FBXW5"
"RUNX1","RUNX1","RUNX1","0.0031212412278270214","0.00580697399953152","4.35508456122523E-4","false","RUNX1"
"HK2","HK2","HK2","0.0046424840830202214","0.00834136651110831","9.43601654932133E-4","false","HK2"
"ATAD3B","ATAD3B","ATAD3B","0.0068618851007394305","0.0135060159734176","2.17754228061262E-4","false","ATAD3B"
"CPAMD8","CPAMD8","CPAMD8","6.397445795771685E-4","5.53641732283465E-4","7.25847426870872E-4","false","CPAMD8"
"SLC37A1","SLC37A1","SLC37A1","1.08877114030631E-4","0.0","2.17754228061262E-4","false","SLC37A1"
"NDUFV3","NDUFV3","NDUFV3","0.0020110861217932613","0.00329632481671565","7.25847426870872E-4","false","NDUFV3"
"PKNOX1","PKNOX1","PKNOX1","2.15305118110236E-4","4.30610236220472E-4","0.0","false","PKNOX1"
"CSTB","CSTB","CSTB","0.00592613424290015","0.0","0.0118522684858003","false","CSTB"
"PKN3","PKN3","PKN3","0.002187649758608926","0.00415754528915659","2.17754228061262E-4","false","PKN3"
"ORAI2","ORAI2","ORAI2","0.003401286767291855","0.00183270965245231","0.0049698638821314","false","ORAI2"
"MGAT4B","MGAT4B","MGAT4B","0.0077900906045376","0.0","0.0155801812090752","false","MGAT4B"
"MPP3","MPP3","MPP3","4.1645585418811145E-4","6.15157480314961E-4","2.17754228061262E-4","false","MPP3"
"CD300LG","CD300LG","CD300LG","5.97917710905829E-4","6.15157480314961E-4","5.80677941496697E-4","false","CD300LG"
"FMNL3","FMNL3","FMNL3","0.007659221501323465","0.00354238780884163","0.0117760551938053","false","FMNL3"
"COA7","COA7","COA7","0.00487523844241541","0.00605303699165751","0.00369743989317331","false","COA7"
"JAK1","JAK1","JAK1","0.01119797141764923","0.0221781886072372","2.17754228061262E-4","false","JAK1"
"PDPN","PDPN","PDPN","0.004271757997983176","7.38188976377953E-4","0.0078053270195884","false","PDPN"
"NEXN","NEXN","NEXN","3.998523622047245E-4","7.99704724409449E-4","0.0","false","NEXN"
"B3GALNT2","B3GALNT2","B3GALNT2","0.001831669256881915","0.0","0.00366333851376383","false","B3GALNT2"
"NOSTRIN","NOSTRIN","NOSTRIN","6.8955505552733E-4","0.0","0.00137911011105466","false","NOSTRIN"
"IWS1","IWS1","IWS1","0.004116473736599301","0.00779743901707608","4.35508456122523E-4","false","IWS1"
"ATP1A1","ATP1A1","ATP1A1","4.1645585418811145E-4","6.15157480314961E-4","2.17754228061262E-4","false","ATP1A1"
"CCDC141","CCDC141","CCDC141","0.003134358340706185","0.00318605610914523","0.00308266057226714","false","CCDC141"
"SNHG16","SNHG16","SNHG16","0.001848719946586655","0.0","0.00369743989317331","false","SNHG16"
"SLMAP","SLMAP","SLMAP","0.00465809223781018","0.0","0.00931618447562036","false","SLMAP"
"TM4SF18","TM4SF18","TM4SF18","0.001332810680414266","0.00244786713276727","2.17754228061262E-4","false","TM4SF18"
"ZNF513","ZNF513","ZNF513","0.001538881176182541","4.30610236220472E-4","0.00264715211614461","false","ZNF513"
"PLB1","PLB1","PLB1","4.3305934617149746E-4","4.30610236220472E-4","4.35508456122523E-4","false","PLB1"
"CCR1","CCR1","CCR1","3.24182232140867E-4","4.30610236220472E-4","2.17754228061262E-4","false","CCR1"
"SMIM12","SMIM12","SMIM12","0.0","0.0","0.0","false","SMIM12"
"MEAF6","MEAF6","MEAF6","0.00898474117468353","0.0177517281213058","2.17754228061262E-4","false","MEAF6"
"HEYL","HEYL","HEYL","6.48364464281734E-4","8.61220472440945E-4","4.35508456122523E-4","false","HEYL"
"SFMBT1","SFMBT1","SFMBT1","0.004284288609423546","7.38188976377953E-4","0.00783038824246914","false","SFMBT1"
"GNL3","GNL3","GNL3","0.002064025064696891","4.30610236220472E-4","0.00369743989317331","false","GNL3"
"LRPAP1","LRPAP1","LRPAP1","7.54792468361341E-4","0.00129183070866142","2.17754228061262E-4","false","LRPAP1"
"ANXA5","ANXA5","ANXA5","2.177542280612615E-4","0.0","4.35508456122523E-4","false","ANXA5"
"ABCE1","ABCE1","ABCE1","0.0019014063380377675","0.00314954999189175","6.53262684183785E-4","false","ABCE1"
"CASP3","CASP3","CASP3","3.62923713435436E-4","0.0","7.25847426870872E-4","false","CASP3"
"STK17A","STK17A","STK17A","4.4721372820385953E-4","6.76673228346457E-4","2.17754228061262E-4","false","STK17A"
"FABP5","FABP5","FABP5","0.0017168590939432775","0.00278045550370277","6.53262684183785E-4","false","FABP5"
"MICALL2","MICALL2","MICALL2","6.649679562651209E-4","6.76673228346457E-4","6.53262684183785E-4","false","MICALL2"
"DCAF13","DCAF13","DCAF13","0.002344832766118952","2.46062992125984E-4","0.00444360254011192","false","DCAF13"
"FAM219A","FAM219A","FAM219A","0.01943749221534088","0.0386572302026205","2.17754228061262E-4","false","FAM219A"
"DYNLT3","DYNLT3","DYNLT3","0.0020040470419947","0.0","0.0040080940839894","false","DYNLT3"
"SPTSSA","SPTSSA","SPTSSA","0.021966394456783483","0.0437150346855057","2.17754228061262E-4","false","SPTSSA"
"QSOX2","QSOX2","QSOX2","0.007391548561698666","0.0138394954684652","9.43601654932133E-4","false","QSOX2"
"GHITM","GHITM","GHITM","3.266313420918925E-4","0.0","6.53262684183785E-4","false","GHITM"
"PIP4P1","PIP4P1","PIP4P1","0.00931335874796433","0.0109414987388337","0.00768521875709496","false","PIP4P1"
"PACSIN3","PACSIN3","PACSIN3","0.001879477820602403","6.15157480314961E-5","0.00369743989317331","false","PACSIN3"
"MOAP1","MOAP1","MOAP1","0.01273100799931103","0.0252442617705608","2.17754228061262E-4","false","MOAP1"
"HACD1","HACD1","HACD1","4.5519733548268E-4","1.84547244094488E-4","7.25847426870872E-4","false","HACD1"
"SPRED1","SPRED1","SPRED1","0.0018509595846618594","0.00290348699976576","7.98432169557959E-4","false","SPRED1"
"CCT2","CCT2","CCT2","0.0059711960868401165","0.0109987905187481","9.43601654932133E-4","false","CCT2"
"NUDT13","NUDT13","NUDT13","0.008667320474997998","0.0167539630084993","5.80677941496697E-4","false","NUDT13"
"ILK","ILK","ILK","1.08877114030631E-4","0.0","2.17754228061262E-4","false","ILK"
"TPP1","TPP1","TPP1","0.003504490098048361","0.00679122596803546","2.17754228061262E-4","false","TPP1"
"CENPN","CENPN","CENPN","3.5494010615661495E-4","4.92125984251968E-4","2.17754228061262E-4","false","CENPN"
"CCDC68","CCDC68","CCDC68","0.0050687638265001925","0.0094842649688166","6.53262684183785E-4","false","CCDC68"
"RIMKLB","RIMKLB","RIMKLB","0.0021812683643626413","0.00414478250066402","2.17754228061262E-4","false","RIMKLB"
"PPIB","PPIB","PPIB","0.004908634506086575","0.00629909998378349","0.00351816902838966","false","PPIB"
"GPRC5B","GPRC5B","GPRC5B","0.00889246755263628","0.0175671808772113","2.17754228061262E-4","false","GPRC5B"
"FN3K","FN3K","FN3K","0.010324483116114384","0.00506878502315357","0.0155801812090752","false","FN3K"
"GPX4","GPX4","GPX4","0.00463675921345771","0.00561017991315159","0.00366333851376383","false","GPX4"
"TUBA1C","TUBA1C","TUBA1C","5.86848716250238E-4","7.38188976377953E-4","4.35508456122523E-4","false","TUBA1C"
"DAPK3","DAPK3","DAPK3","0.001477365428151045","3.0757874015748E-4","0.00264715211614461","false","DAPK3"
"PRDX2","PRDX2","PRDX2","0.0016705110171617498","0.00232483563670428","0.00101618639761922","false","PRDX2"
"MIS12","MIS12","MIS12","5.253329682187419E-4","6.15157480314961E-4","4.35508456122523E-4","false","MIS12"
"SLC3A2","SLC3A2","SLC3A2","0.003073879861827891","0.00593000549559452","2.17754228061262E-4","false","SLC3A2"
"CTNNB1","CTNNB1","CTNNB1","6.1515748031496E-5","1.23031496062992E-4","0.0","false","CTNNB1"
"HOOK3","HOOK3","HOOK3","1.5378937007874E-4","3.0757874015748E-4","0.0","false","HOOK3"
"MAPK1IP1L","MAPK1IP1L","MAPK1IP1L","5.087294762353555E-4","7.99704724409449E-4","2.17754228061262E-4","false","MAPK1IP1L"
"KIF5C","KIF5C","KIF5C","9.245490529977206E-4","6.15157480314961E-4","0.00123394062568048","false","KIF5C"
"MPLKIP","MPLKIP","MPLKIP","3.407857241242535E-4","2.46062992125984E-4","4.35508456122523E-4","false","MPLKIP"
"POLR3D","POLR3D","POLR3D","0.0042795603695847855","0.00834136651110831","2.17754228061262E-4","false","POLR3D"
"TMEM208","TMEM208","TMEM208","0.01093895804807818","0.0216601618680951","2.17754228061262E-4","false","TMEM208"
"TSPAN5","TSPAN5","TSPAN5","0.0025415494691951486","9.84251968503937E-4","0.00409884696988636","false","TSPAN5"
"LCMT2","LCMT2","LCMT2","3.62923713435436E-4","0.0","7.25847426870872E-4","false","LCMT2"
"ZNF507","ZNF507","ZNF507","0.00556302299146405","0.0111260459829281","0.0","false","ZNF507"
"ZBTB49","ZBTB49","ZBTB49","7.627760756401605E-4","7.99704724409449E-4","7.25847426870872E-4","false","ZBTB49"
"SLC35G2","SLC35G2","SLC35G2","3.24182232140867E-4","4.30610236220472E-4","2.17754228061262E-4","false","SLC35G2"
"LETM1","LETM1","LETM1","7.320182016244126E-4","7.38188976377953E-4","7.25847426870872E-4","false","LETM1"
"HNRNPH1","HNRNPH1","HNRNPH1","1.08877114030631E-4","0.0","2.17754228061262E-4","false","HNRNPH1"
"FAM110B","FAM110B","FAM110B","0.006377001890124265","0.00506878502315357","0.00768521875709496","false","FAM110B"
"PRELID1","PRELID1","PRELID1",,,"4.35508456122523E-4","false","PRELID1"
"ZRSR2","ZRSR2","ZRSR2","0.018880765095680648","0.0371808522498646","5.80677941496697E-4","false","ZRSR2"
"ZEB2","ZEB2","ZEB2","0.00496637341646222","0.00913431466336648","7.98432169557959E-4","false","ZEB2"
"DCXR","DCXR","DCXR","7.012603276086646E-4","6.76673228346457E-4","7.25847426870872E-4","false","DCXR"
"LIMS1","LIMS1","LIMS1","0.00701207965555042","0.0109414987388337","0.00308266057226714","false","LIMS1"
"AVEN","AVEN","AVEN","8.91342069030948E-4","9.84251968503937E-4","7.98432169557959E-4","false","AVEN"
"MYO7B","MYO7B","MYO7B","0.00259590825960828","0.00519181651921656","0.0","false","MYO7B"
"YWHAG","YWHAG","YWHAG","2.177542280612615E-4","0.0","4.35508456122523E-4","false","YWHAG"
"STX8","STX8","STX8","0.001763420916634741","0.00330908760520822","2.17754228061262E-4","false","STX8"
"RNF34","RNF34","RNF34","0.002114262346196976","0.00401077046433269","2.17754228061262E-4","false","RNF34"
"MSANTD4","MSANTD4","MSANTD4",,,"0.0","false","MSANTD4"
"C11orf24","C11orf24","C11orf24","5.53641732283465E-4","0.00110728346456693","0.0","false","C11orf24"
"APLN","APLN","APLN","4.804207121706325E-4","3.0757874015748E-4","6.53262684183785E-4","false","APLN"
"ZNF584","ZNF584","ZNF584","0.0019214937689781353","6.15157480314961E-4","0.00322783005764131","false","ZNF584"
"PWWP2B","PWWP2B","PWWP2B","6.010030982825995E-4","9.84251968503937E-4","2.17754228061262E-4","false","PWWP2B"
"PTEN","PTEN","PTEN","3.5494010615661495E-4","4.92125984251968E-4","2.17754228061262E-4","false","PTEN"
"FRMD3","FRMD3","FRMD3","0.015388675138593","0.0156631503543349","0.0151141999228511","false","FRMD3"
"CERS6","CERS6","CERS6","0.007260271897489144","0.00669015555250915","0.00783038824246914","false","CERS6"
"MCRIP2","MCRIP2","MCRIP2","3.62923713435436E-4","0.0","7.25847426870872E-4","false","MCRIP2"
"TMEM134","TMEM134","TMEM134","0.01427931138678801","0.0281231143174535","4.35508456122523E-4","false","TMEM134"
"MIR4435-2HG","MIR4435-2HG","MIR4435-2HG","0.0021392479970393954","6.15157480314961E-4","0.00366333851376383","false","MIR4435-2HG"
"NOC3L","NOC3L","NOC3L","3.9368158745118405E-4","6.15157480314961E-5","7.25847426870872E-4","false","NOC3L"
"ZNF622","ZNF622","ZNF622","0.004170683255554155","0.00834136651110831","0.0","false","ZNF622"
"LRFN4","LRFN4","LRFN4","1.08877114030631E-4","0.0","2.17754228061262E-4","false","LRFN4"
"HSPB7","HSPB7","HSPB7","6.705024535929165E-4","6.15157480314961E-4","7.25847426870872E-4","false","HSPB7"
"ENSG00000173727.13","ENSG00000173727.13","ENSG00000173727.13","0.01268568823321935","0.0253713764664387","0.0","false","ENSG00000173727.13"
"GOLIM4","GOLIM4","GOLIM4",,,"4.35508456122523E-4","false","GOLIM4"
"C16orf91","C16orf91","C16orf91","0.005464224412861479","6.76673228346457E-4","0.0102517755973765","false","C16orf91"
"CTU2","CTU2","CTU2","0.00225144822429233","0.00450289644858466","0.0","false","CTU2"
"AKIRIN1","AKIRIN1","AKIRIN1","0.0053606682507989","0.0107213365015978","0.0","false","AKIRIN1"
"CMKLR1","CMKLR1","CMKLR1","0.01672761447902195","0.0160513890252628","0.0174038399327811","false","CMKLR1"
"ARHGAP1","ARHGAP1","ARHGAP1","1.08877114030631E-4","0.0","2.17754228061262E-4","false","ARHGAP1"
"CHST1","CHST1","CHST1","0.002591785603078305","0.0019557411485153","0.00322783005764131","false","CHST1"
"LPL","LPL","LPL","0.006751803982121531","0.0132858537361818","2.17754228061262E-4","false","LPL"
"PPP2R2D","PPP2R2D","PPP2R2D","0.005286767822731754","6.76673228346457E-4","0.00989686241711705","false","PPP2R2D"
"TOMM5","TOMM5","TOMM5","0.006482225085134629","6.76673228346457E-4","0.0122877769419228","false","TOMM5"
"DOK7","DOK7","DOK7","0.007326585240105545","0.00519181651921656","0.00946135396099453","false","DOK7"
"TPRN","TPRN","TPRN",,,"0.00736077840693714","false","TPRN"
"WSB2","WSB2","WSB2","0.008953771731779714","0.0142442049497956","0.00366333851376383","false","WSB2"
"PUS1","PUS1","PUS1",,,"2.17754228061262E-4","false","PUS1"
"TRIM72","TRIM72","TRIM72","1.08877114030631E-4","0.0","2.17754228061262E-4","false","TRIM72"
"MIEF2","MIEF2","MIEF2","1.08877114030631E-4","0.0","2.17754228061262E-4","false","MIEF2"
"SRRM3","SRRM3","SRRM3","3.383366141732285E-4","6.76673228346457E-4","0.0","false","SRRM3"
"YIPF7","YIPF7","YIPF7","9.2273622047244E-5","1.84547244094488E-4","0.0","false","YIPF7"
"ENSG00000177788.7","ENSG00000177788.7","ENSG00000177788.7","0.005879361836258145","0.00437986495252167","0.00737885871999462","false","ENSG00000177788.7"
"UBE2N","UBE2N","UBE2N","0.005110100905921846","0.00949435438497282","7.25847426870872E-4","false","UBE2N"
"DDX10","DDX10","DDX10","4.2443946146693203E-4","1.23031496062992E-4","7.25847426870872E-4","false","DDX10"
"ZNF366","ZNF366","ZNF366","0.014163414238591354","0.0246293885840094","0.00369743989317331","false","ZNF366"
"THBD","THBD","THBD","4.4721372820385953E-4","6.76673228346457E-4","2.17754228061262E-4","false","THBD"
"TUFM","TUFM","TUFM","0.0018722980306653714","0.00330908760520822","4.35508456122523E-4","false","TUFM"
"CALR","CALR","CALR","2.15305118110236E-4","4.30610236220472E-4","0.0","false","CALR"
"PTPN11","PTPN11","PTPN11","0.002626032982615475","0.00525206596523095","0.0","false","PTPN11"
"SLITRK4","SLITRK4","SLITRK4","3.9368158745118405E-4","6.15157480314961E-5","7.25847426870872E-4","false","SLITRK4"
"CIITA","CIITA","CIITA","5.530054548577195E-4","3.0757874015748E-4","7.98432169557959E-4","false","CIITA"
"DGKZP1","DGKZP1","DGKZP1","1.34100490718583E-4","1.23031496062992E-4","1.45169485374174E-4","false","DGKZP1"
"PPA1","PPA1","PPA1","0.0022064917410505916","0.00426781399672701","1.45169485374174E-4","false","PPA1"
"MRPL14","MRPL14","MRPL14","8.685678022940209E-4","4.30610236220472E-4","0.00130652536836757","false","MRPL14"
"AEN","AEN","AEN","0.00512588779868825","0.0","0.0102517755973765","false","AEN"
"FKRP","FKRP","FKRP","0.018783733370861005","0.02854162123685","0.00902584550487201","false","FKRP"
"F2R","F2R","F2R","0.006134090589028634","4.92125984251968E-4","0.0117760551938053","false","F2R"
"NPM1","NPM1","NPM1","0.009922811405429725","0.00314954999189175","0.0166960728189677","false","NPM1"
"DDN","DDN","DDN","0.005337893984061955","0.0101676947693143","5.0809319880961E-4","false","DDN"
"IBA57","IBA57","IBA57","8.23655546245911E-4","1.23031496062992E-4","0.00152427959642883","false","IBA57"
"ENSG00000182021.10","ENSG00000182021.10","ENSG00000182021.10","0.00197683874225609","0.0","0.00395367748451218","false","ENSG00000182021.10"
"DEXI","DEXI","DEXI","0.004198062843494265","0.00839612568698853","0.0","false","DEXI"
"ZSCAN22","ZSCAN22","ZSCAN22","0.0057639140678212","0.0","0.0115278281356424","false","ZSCAN22"
"CLN8","CLN8","CLN8","0.0","0.0","0.0","false","CLN8"
"KPNA2","KPNA2","KPNA2","1.08877114030631E-4","0.0","2.17754228061262E-4","false","KPNA2"
"MXRA7","MXRA7","MXRA7","0.013638001353660466","0.0263324010523888","9.43601654932133E-4","false","MXRA7"
"CMC4","CMC4","CMC4","0.004499593727533785","0.00116879921259843","0.00783038824246914","false","CMC4"
"RPL35A","RPL35A","RPL35A","0.00226717771300444","0.0","0.00453435542600888","false","RPL35A"
"PYCR1","PYCR1","PYCR1","0.001831669256881915","0.0","0.00366333851376383","false","PYCR1"
"C2CD4C","C2CD4C","C2CD4C","0.00588802759690265","0.0","0.0117760551938053","false","C2CD4C"
"PTTG1IP","PTTG1IP","PTTG1IP","2.177542280612615E-4","0.0","4.35508456122523E-4","false","PTTG1IP"
"PGPEP1L","PGPEP1L","PGPEP1L","0.0036746452342649545","0.00339561298401773","0.00395367748451218","false","PGPEP1L"
"TANGO2","TANGO2","TANGO2","4.023014721557495E-4","3.69094488188976E-4","4.35508456122523E-4","false","TANGO2"
"TUBA8","TUBA8","TUBA8","0.005932978105513467","0.0109223545560948","9.43601654932133E-4","false","TUBA8"
"DENND5A","DENND5A","DENND5A","3.62923713435436E-4","0.0","7.25847426870872E-4","false","DENND5A"
"EIF3C","EIF3C","EIF3C","0.0019922441393515943","0.00318605610914523","7.98432169557959E-4","false","EIF3C"
"ZDHHC23","ZDHHC23","ZDHHC23","7.2584742687087E-5","0.0","1.45169485374174E-4","false","ZDHHC23"
"SNN","SNN","SNN","0.011460386103836167","0.0219771705527402","9.43601654932133E-4","false","SNN"
"CIB1","CIB1","CIB1",,,"3.62923713435436E-4","false","CIB1"
"MYADML2","MYADML2","MYADML2","0.0014416877944448965","0.00244786713276727","4.35508456122523E-4","false","MYADML2"
"SH3BGR","SH3BGR","SH3BGR","0.0050820243011382195","0.00693621854463513","0.00322783005764131","false","SH3BGR"
"PRKG1","PRKG1","PRKG1","0.0019858627451053096","0.00317329332065266","7.98432169557959E-4","false","PRKG1"
"EP400P1","EP400P1","EP400P1","0.00436403162003042","9.22736220472441E-4","0.0078053270195884","false","EP400P1"
"LAMP1","LAMP1","LAMP1","6.255901975448066E-4","3.0757874015748E-4","9.43601654932133E-4","false","LAMP1"
"KLHL34","KLHL34","KLHL34","0.001267196255788395","0.00253439251157679","0.0","false","KLHL34"
"CLCNKA","CLCNKA","CLCNKA","2.15305118110236E-4","4.30610236220472E-4","0.0","false","CLCNKA"
"MIR22HG","MIR22HG","MIR22HG","1.08877114030631E-4","0.0","2.17754228061262E-4","false","MIR22HG"
"ZFP91","ZFP91","ZFP91","0.0018864524126977309","0.0035551505973342","2.17754228061262E-4","false","ZFP91"
"ZDHHC17","ZDHHC17","ZDHHC17","1.08877114030631E-4","0.0","2.17754228061262E-4","false","ZDHHC17"
"NAP1L1","NAP1L1","NAP1L1","0.015117942741297276","0.0245060727941828","0.00572981268841175","false","NAP1L1"
"ENSG00000187186.15","ENSG00000187186.15","ENSG00000187186.15","0.001880071018451446","0.00354238780884163","2.17754228061262E-4","false","ENSG00000187186.15"
"TRPV2","TRPV2","TRPV2","0.0017572501418811964","0.00257089862883026","9.43601654932133E-4","false","TRPV2"
"TUBB4B","TUBB4B","TUBB4B",,,"9.43601654932133E-4","false","TUBB4B"
"HES4","HES4","HES4","3.075787401574805E-4","6.15157480314961E-4","0.0","false","HES4"
"ZNF669","ZNF669","ZNF669","0.0024492758471479047","7.99704724409449E-4","0.00409884696988636","false","ZNF669"
"GTF2F2","GTF2F2","GTF2F2","5.0809319880961E-4","0.0","0.00101618639761922","false","GTF2F2"
"FAM83G","FAM83G","FAM83G","0.004297367866155466","0.00837698150424967","2.17754228061262E-4","false","FAM83G"
"NOC2L","NOC2L","NOC2L","8.101374416392951E-4","6.76673228346457E-4","9.43601654932133E-4","false","NOC2L"
"ARID2","ARID2","ARID2","0.00259590825960828","0.00519181651921656","0.0","false","ARID2"
"IL1RAP","IL1RAP","IL1RAP","9.528578170624445E-4","0.00110728346456693","7.98432169557959E-4","false","IL1RAP"
"SPATS2L","SPATS2L","SPATS2L","0.01646556169005885","0.0212581257591011","0.0116729976210166","false","SPATS2L"
"IARS1","IARS1","IARS1","9.725466964226024E-4","0.00129183070866142","6.53262684183785E-4","false","IARS1"
"ZNF774","ZNF774","ZNF774","0.0022429947318868817","0.00354238780884163","9.43601654932133E-4","false","ZNF774"
"XRCC6","XRCC6","XRCC6","0.001725877530228058","3.69094488188976E-4","0.00308266057226714","false","XRCC6"
"ARMCX4","ARMCX4","ARMCX4","0.013520777171406945","0.0185829646390417","0.00845858970377219","false","ARMCX4"
"YRDC","YRDC","YRDC","0.002119559117679241","4.30610236220472E-4","0.00380850799913801","false","YRDC"
"HDAC2","HDAC2","HDAC2","0.015979815660253145","0.0307982754375129","0.00116135588299339","false","HDAC2"
"LINC01560","LINC01560","LINC01560","0.0019850600753804418","0.00302651849582875","9.43601654932133E-4","false","LINC01560"
"SNHG17","SNHG17","SNHG17","0.005663447366619335","0.00364167597614371","0.00768521875709496","false","SNHG17"
"CD47","CD47","CD47","0.00959180539667908","0.0189658565652969","2.17754228061262E-4","false","CD47"
"PPTC7","PPTC7","PPTC7","0.005915254327948927","7.38188976377953E-4","0.0110923196795199","false","PPTC7"
"SRGAP1","SRGAP1","SRGAP1","8.242918236716565E-4","9.22736220472441E-4","7.25847426870872E-4","false","SRGAP1"
"LRRC8B","LRRC8B","LRRC8B","0.011039599756907562","0.0216436910576926","4.35508456122523E-4","false","LRRC8B"
"ENTPD4","ENTPD4","ENTPD4","4.4721372820385953E-4","6.76673228346457E-4","2.17754228061262E-4","false","ENTPD4"
"ZNF655","ZNF655","ZNF655","0.00391519412123457","0.0","0.00783038824246914","false","ZNF655"
"HNRNPAB","HNRNPAB","HNRNPAB","0.005525740160892975","7.99704724409449E-4","0.0102517755973765","false","HNRNPAB"
"ENPP1","ENPP1","ENPP1","0.005423317423401388","3.69094488188976E-4","0.0104775403586138","false","ENPP1"
"CYRIA","CYRIA","CYRIA","0.004494032304308807","7.38188976377953E-4","0.00824987563223966","false","CYRIA"
"ERO1A","ERO1A","ERO1A","2.62666484109371E-4","3.0757874015748E-4","2.17754228061262E-4","false","ERO1A"
"C1orf122","C1orf122","C1orf122","0.029993361610315728","0.0591882910510735","7.98432169557959E-4","false","C1orf122"
"MAK16","MAK16","MAK16","1.08877114030631E-4","0.0","2.17754228061262E-4","false","MAK16"
"MARCHF5","MARCHF5","MARCHF5","8.101374416392951E-4","6.76673228346457E-4","9.43601654932133E-4","false","MARCHF5"
"CHSY3","CHSY3","CHSY3","0.001824936664666236","0.00343211910127121","2.17754228061262E-4","false","CHSY3"
"BAZ1A","BAZ1A","BAZ1A","2.62666484109371E-4","3.0757874015748E-4","2.17754228061262E-4","false","BAZ1A"
"CTR9","CTR9","CTR9","0.004334735362799449","9.84251968503937E-4","0.00768521875709496","false","CTR9"
"STYXL2","STYXL2","STYXL2","7.3180758213167E-4","0.00146361516426334","0.0","false","STYXL2"
"SMC5","SMC5","SMC5","0.007949896307762605","0.0126719625578839","0.00322783005764131","false","SMC5"
"PRMT6","PRMT6","PRMT6","0.002127078538057692","2.46062992125984E-4","0.0040080940839894","false","PRMT6"
"LINC00963","LINC00963","LINC00963","3.24182232140867E-4","4.30610236220472E-4","2.17754228061262E-4","false","LINC00963"
"NEU1","NEU1","NEU1","0.006817835371698765","0.00834136651110831","0.00529430423228922","false","NEU1"
"NAP1L4","NAP1L4","NAP1L4","0.0027593036972564087","9.84251968503937E-4","0.00453435542600888","false","NAP1L4"
"ANKRD28","ANKRD28","ANKRD28","0.006102250681994429","6.76673228346457E-4","0.0115278281356424","false","ANKRD28"
"COLQ","COLQ","COLQ","1.08877114030631E-4","0.0","2.17754228061262E-4","false","COLQ"
"DIO2","DIO2","DIO2","5.702452242668515E-4","9.22736220472441E-4","2.17754228061262E-4","false","DIO2"
"SACM1L","SACM1L","SACM1L","3.075787401574805E-5","6.15157480314961E-5","0.0","false","SACM1L"
"ENSG00000213144.2","ENSG00000213144.2","ENSG00000213144.2","0.0018044008883875914","0.00317329332065266","4.35508456122523E-4","false","ENSG00000213144.2"
"DNLZ","DNLZ","DNLZ","0.00716918901243425","0.0143383780248685","0.0","false","DNLZ"
"ANKRD39","ANKRD39","ANKRD39","1.08877114030631E-4","0.0","2.17754228061262E-4","false","ANKRD39"
"SERBP1P1","SERBP1P1","SERBP1P1","0.001279067920168845","0.00255813584033769","0.0","false","SERBP1P1"
"CLDN9","CLDN9","CLDN9","1.08877114030631E-4","0.0","2.17754228061262E-4","false","CLDN9"
"TAX1BP3","TAX1BP3","TAX1BP3","5.22883858267715E-4","0.00104576771653543","0.0","false","TAX1BP3"
"GANC","GANC","GANC","4.94575094202994E-4","5.53641732283465E-4","4.35508456122523E-4","false","GANC"
"IFRD2","IFRD2","IFRD2","0.00453977774374313","0.00907955548748626","0.0","false","IFRD2"
"ENSG00000214776.12","ENSG00000214776.12","ENSG00000214776.12","0.003189260535210295","0.00536233467280137","0.00101618639761922","false","ENSG00000214776.12"
"PPP3R1","PPP3R1","PPP3R1","0.009196561203891236","0.00618155875785467","0.0122115636499278","false","PPP3R1"
"CYTOR","CYTOR","CYTOR","0.006257122085091627","7.38188976377953E-4","0.0117760551938053","false","CYTOR"
"MIR503HG","MIR503HG","MIR503HG","0.0047525652016381465","0.00856152874834416","9.43601654932133E-4","false","MIR503HG"
"SLC25A5-AS1","SLC25A5-AS1","SLC25A5-AS1","3.62923713435436E-4","0.0","7.25847426870872E-4","false","SLC25A5-AS1"
"ATXN1L","ATXN1L","ATXN1L","0.0022501100341206838","4.92125984251968E-4","0.0040080940839894","false","ATXN1L"
"SMIM13","SMIM13","SMIM13","0.001771404523913561","0.00281696162095625","7.25847426870872E-4","false","SMIM13"
"PLEKHM1","PLEKHM1","PLEKHM1","0.0019235443273489465","0.00290348699976576","9.43601654932133E-4","false","PLEKHM1"
"LINCMD1","LINCMD1","LINCMD1","2.62666484109371E-4","3.0757874015748E-4","2.17754228061262E-4","false","LINCMD1"
"SBDSP1","SBDSP1","SBDSP1","0.010807439348891487","0.0208890312709121","7.25847426870872E-4","false","SBDSP1"
"DANCR","DANCR","DANCR","0.006486619837796917","0.0120296380206617","9.43601654932133E-4","false","DANCR"
"ENSG00000227107.1","ENSG00000227107.1","ENSG00000227107.1","0.00242939788808335","0.0","0.0048587957761667","false","ENSG00000227107.1"
"ENSG00000227741.1","ENSG00000227741.1","ENSG00000227741.1","3.62923713435436E-4","0.0","7.25847426870872E-4","false","ENSG00000227741.1"
"ENSG00000227766.1","ENSG00000227766.1","ENSG00000227766.1","0.030973371095427648","0.0410345268207736","0.0209122153700817","false","ENSG00000227766.1"
"IL6R-AS1","IL6R-AS1","IL6R-AS1","2.62666484109371E-4","3.0757874015748E-4","2.17754228061262E-4","false","IL6R-AS1"
"ENSG00000228172.5","ENSG00000228172.5","ENSG00000228172.5","6.76036950920712E-4","5.53641732283465E-4","7.98432169557959E-4","false","ENSG00000228172.5"
"OST4","OST4","OST4","0.011700781917053493","0.0227483011499232","6.53262684183785E-4","false","OST4"
"ENSG00000228748.2","ENSG00000228748.2","ENSG00000228748.2","0.0","0.0","0.0","false","ENSG00000228748.2"
"ANKRD10-IT1","ANKRD10-IT1","ANKRD10-IT1","0.00321106573992324","0.00642213147984648","0.0","false","ANKRD10-IT1"
"KRT8P12","KRT8P12","KRT8P12","0.003837857158773125","0.00415754528915659","0.00351816902838966","false","KRT8P12"
"ENSG00000229368.1","ENSG00000229368.1","ENSG00000229368.1","0.001971751442649647","2.46062992125984E-4","0.00369743989317331","false","ENSG00000229368.1"
"ATXN1-AS1","ATXN1-AS1","ATXN1-AS1",,,"0.0","false","ATXN1-AS1"
"EIF4EP2","EIF4EP2","EIF4EP2","0.001613915028820655","0.0","0.00322783005764131","false","EIF4EP2"
"ENSG00000230479.1","ENSG00000230479.1","ENSG00000230479.1","6.145212028892154E-4","4.30610236220472E-4","7.98432169557959E-4","false","ENSG00000230479.1"
"ENSG00000230606.11","ENSG00000230606.11","ENSG00000230606.11","0.00875705340628978","0.0167156746430216","7.98432169557959E-4","false","ENSG00000230606.11"
"LINC02541","LINC02541","LINC02541","5.0809319880961E-4","0.0","0.00101618639761922","false","LINC02541"
"LINC00689","LINC00689","LINC00689","0.001560620613913511","0.00290348699976576","2.17754228061262E-4","false","LINC00689"
"LRRC8C-DT","LRRC8C-DT","LRRC8C-DT","6.871059455763025E-4","4.30610236220472E-4","9.43601654932133E-4","false","LRRC8C-DT"
"TGFB2-AS1","TGFB2-AS1","TGFB2-AS1","0.006123696124361481","0.0120296380206617","2.17754228061262E-4","false","TGFB2-AS1"
"PRPS1P2","PRPS1P2","PRPS1P2","0.001100902070320645","0.00220180414064129","0.0","false","PRPS1P2"
"ENSG00000233818.1","ENSG00000233818.1","ENSG00000233818.1",,,"0.00322783005764131","false","ENSG00000233818.1"
"KRTAP5-AS1","KRTAP5-AS1","KRTAP5-AS1","0.0","0.0","0.0","false","KRTAP5-AS1"
"ENSG00000234072.1","ENSG00000234072.1","ENSG00000234072.1","0.00708571651076878","0.00636610600194916","0.0078053270195884","false","ENSG00000234072.1"
"RNASEH1-AS1","RNASEH1-AS1","RNASEH1-AS1","0.009551223633371436","0.018376599839872","7.25847426870872E-4","false","RNASEH1-AS1"
"FABP5P7","FABP5P7","FABP5P7","0.0024038994041994245","7.99704724409449E-4","0.0040080940839894","false","FABP5P7"
"NEXN-AS1","NEXN-AS1","NEXN-AS1","0.0018540449720386314","0.00327258148795474","4.35508456122523E-4","false","NEXN-AS1"
"ZBED5","ZBED5","ZBED5","0.0012712949323827709","0.00232483563670428","2.17754228061262E-4","false","ZBED5"
"ZEB1-AS1","ZEB1-AS1","ZEB1-AS1","0.002306793197570286","0.0038877389682697","7.25847426870872E-4","false","ZEB1-AS1"
"NME1","NME1","NME1","0.0","0.0","0.0","false","NME1"
"PEG10","PEG10","PEG10","0.011180881528315055","0.0191339329989888","0.00322783005764131","false","PEG10"
"FLNC-AS1","FLNC-AS1","FLNC-AS1","0.00703686025346453","0.0138559662788678","2.17754228061262E-4","false","FLNC-AS1"
"RAB30-DT","RAB30-DT","RAB30-DT","0.004144870955051272","0.00814457242472837","1.45169485374174E-4","false","RAB30-DT"
"ZBED5-AS1","ZBED5-AS1","ZBED5-AS1",,,"4.35508456122523E-4","false","ZBED5-AS1"
"MARS2","MARS2","MARS2","0.0034429743500168663","0.00666819447197247","2.17754228061262E-4","false","MARS2"
"MEF2C-AS1","MEF2C-AS1","MEF2C-AS1","0.0025601378842291887","6.76673228346457E-4","0.00444360254011192","false","MEF2C-AS1"
"PVT1","PVT1","PVT1","1.23031496062992E-4","2.46062992125984E-4","0.0","false","PVT1"
"SNHG21","SNHG21","SNHG21","3.24182232140867E-4","4.30610236220472E-4","2.17754228061262E-4","false","SNHG21"
"THAP9-AS1","THAP9-AS1","THAP9-AS1","0.002005147506320814","4.92125984251968E-4","0.00351816902838966","false","THAP9-AS1"
"ENSG00000251257.2","ENSG00000251257.2","ENSG00000251257.2","0.014326924550709587","0.028508679616045","1.45169485374174E-4","false","ENSG00000251257.2"
"ENSG00000253227.2","ENSG00000253227.2","ENSG00000253227.2","0.001264913538136486","0.00231207284821171","2.17754228061262E-4","false","ENSG00000253227.2"
"ENSG00000254539.1","ENSG00000254539.1","ENSG00000254539.1","5.0809319880961E-4","0.0","0.00101618639761922","false","ENSG00000254539.1"
"EMSY-DT","EMSY-DT","EMSY-DT","0.00966518501691432","9.22736220472441E-4","0.0184076338133562","false","EMSY-DT"
"ENSG00000255710.2","ENSG00000255710.2","ENSG00000255710.2","6.871059455763025E-4","4.30610236220472E-4","9.43601654932133E-4","false","ENSG00000255710.2"
"PRECSIT","PRECSIT","PRECSIT","4.1645585418811145E-4","6.15157480314961E-4","2.17754228061262E-4","false","PRECSIT"
"ENSG00000257298.1","ENSG00000257298.1","ENSG00000257298.1","1.08877114030631E-4","0.0","2.17754228061262E-4","false","ENSG00000257298.1"
"CUX1","CUX1","CUX1","3.690944881889765E-4","7.38188976377953E-4","0.0","false","CUX1"
"ITGB3","ITGB3","ITGB3","6.705024535929165E-4","6.15157480314961E-4","7.25847426870872E-4","false","ITGB3"
"ENSG00000260121.1","ENSG00000260121.1","ENSG00000260121.1","5.837633288734675E-4","3.69094488188976E-4","7.98432169557959E-4","false","ENSG00000260121.1"
"SCX","SCX","SCX","2.177542280612615E-4","0.0","4.35508456122523E-4","false","SCX"
"ENSG00000260542.1","ENSG00000260542.1","ENSG00000260542.1","4.718008274660665E-4","0.0","9.43601654932133E-4","false","ENSG00000260542.1"
"CEROX1","CEROX1","CEROX1","2.177542280612615E-4","0.0","4.35508456122523E-4","false","CEROX1"
"ENSG00000261101.2","ENSG00000261101.2","ENSG00000261101.2","7.68310572967956E-4","7.38188976377953E-4","7.98432169557959E-4","false","ENSG00000261101.2"
"ENSG00000262050.1","ENSG00000262050.1","ENSG00000262050.1",,,"9.43601654932133E-4","false","ENSG00000262050.1"
"ENSG00000262420.3","ENSG00000262420.3","ENSG00000262420.3","0.013067879048029219","0.0183053698535893","0.00783038824246914","false","ENSG00000262420.3"
"SPON1","SPON1","SPON1","1.08877114030631E-4","0.0","2.17754228061262E-4","false","SPON1"
"MIR133A1HG","MIR133A1HG","MIR133A1HG","0.004481915110249955","0.00874607599243865","2.17754228061262E-4","false","MIR133A1HG"
"RBM8A","RBM8A","RBM8A","0.009331588022520711","0.0182276675889189","4.35508456122523E-4","false","RBM8A"
"ENSG00000265399.1","ENSG00000265399.1","ENSG00000265399.1","7.178638195920505E-4","4.92125984251968E-4","9.43601654932133E-4","false","ENSG00000265399.1"
"RNF115","RNF115","RNF115","3.407857241242535E-4","2.46062992125984E-4","4.35508456122523E-4","false","RNF115"
"RASSF5","RASSF5","RASSF5","0.004271757997983176","7.38188976377953E-4","0.0078053270195884","false","RASSF5"
"MTRNR2L12","MTRNR2L12","MTRNR2L12","0.0053236749317126944","0.00281696162095625","0.00783038824246914","false","MTRNR2L12"
"ENSG00000270060.1","ENSG00000270060.1","ENSG00000270060.1","0.002728356743536265","3.0757874015748E-4","0.00514913474691505","false","ENSG00000270060.1"
"NUDT4P2","NUDT4P2","NUDT4P2","0.0051170543686239415","0.00979860028112536","4.35508456122523E-4","false","NUDT4P2"
"ENSG00000272079.2","ENSG00000272079.2","ENSG00000272079.2","0.007229775584341111","0.0140240427125597","4.35508456122523E-4","false","ENSG00000272079.2"
"ENSG00000272341.1","ENSG00000272341.1","ENSG00000272341.1","6.20055700217011E-4","3.69094488188976E-4","8.71016912245046E-4","false","ENSG00000272341.1"
"ENSG00000272384.1","ENSG00000272384.1","ENSG00000272384.1","0.002256346444194378","0.00364167597614371","8.71016912245046E-4","false","ENSG00000272384.1"
"ENSG00000272447.1","ENSG00000272447.1","ENSG00000272447.1","4.4721372820385953E-4","6.76673228346457E-4","2.17754228061262E-4","false","ENSG00000272447.1"
"ENSG00000272638.1","ENSG00000272638.1","ENSG00000272638.1","6.17606590265986E-4","7.99704724409449E-4","4.35508456122523E-4","false","ENSG00000272638.1"
"ENSG00000272688.1","ENSG00000272688.1","ENSG00000272688.1","2.177542280612615E-4","0.0","4.35508456122523E-4","false","ENSG00000272688.1"
"ATP6V1FNB","ATP6V1FNB","ATP6V1FNB","0.00588802759690265","0.0","0.0117760551938053","false","ATP6V1FNB"
"ENSG00000273270.1","ENSG00000273270.1","ENSG00000273270.1","0.00220321285502192","3.0757874015748E-4","0.00409884696988636","false","ENSG00000273270.1"
"ENSG00000273448.1","ENSG00000273448.1","ENSG00000273448.1","0.004730676980497265","0.0","0.00946135396099453","false","ENSG00000273448.1"
"SOCS7","SOCS7","SOCS7","0.002704785373638911","0.00519181651921656","2.17754228061262E-4","false","SOCS7"
"PDE4DIPP2","PDE4DIPP2","PDE4DIPP2","2.62666484109371E-4","3.0757874015748E-4","2.17754228061262E-4","false","PDE4DIPP2"
"DUSP14","DUSP14","DUSP14","1.08877114030631E-4","0.0","2.17754228061262E-4","false","DUSP14"
"ENSG00000276248.1","ENSG00000276248.1","ENSG00000276248.1","1.5378937007874E-4","3.0757874015748E-4","0.0","false","ENSG00000276248.1"
"ENSG00000277196.4","ENSG00000277196.4","ENSG00000277196.4","0.0011090962970922084","9.84251968503937E-4","0.00123394062568048","false","ENSG00000277196.4"
"GPR179","GPR179","GPR179","0.002636509927038945","0.00425683345645867","0.00101618639761922","false","GPR179"
"ENSG00000278126.1","ENSG00000278126.1","ENSG00000278126.1",,,"0.00715206433540462","false","ENSG00000278126.1"
"DHRS11","DHRS11","DHRS11","0.006470016345813536","0.0122141852647562","7.25847426870872E-4","false","DHRS11"
"ENSG00000278864.1","ENSG00000278864.1","ENSG00000278864.1","2.62666484109371E-4","3.0757874015748E-4","2.17754228061262E-4","false","ENSG00000278864.1"
"ENSG00000279164.1","ENSG00000279164.1","ENSG00000279164.1","3.383366141732285E-4","6.76673228346457E-4","0.0","false","ENSG00000279164.1"
"ENSG00000279551.1","ENSG00000279551.1","ENSG00000279551.1","0.004676034445713871","0.00913431466336648","2.17754228061262E-4","false","ENSG00000279551.1"
"ENSG00000279631.1","ENSG00000279631.1","ENSG00000279631.1","2.54046599404805E-4","0.0","5.0809319880961E-4","false","ENSG00000279631.1"
"ENSG00000281969.1","ENSG00000281969.1","ENSG00000281969.1","0.0030781891579150103","0.00499502243283663","0.00116135588299339","false","ENSG00000281969.1"
"ENSG00000283078.1","ENSG00000283078.1","ENSG00000283078.1","0.0022930373671181357","9.22736220472441E-4","0.00366333851376383","false","ENSG00000283078.1"
"TBCE","TBCE","TBCE","4.718008274660665E-4","0.0","9.43601654932133E-4","false","TBCE"
"ENSG00000285564.2","ENSG00000285564.2","ENSG00000285564.2","0.007476790783131986","0.0142277341393931","7.25847426870872E-4","false","ENSG00000285564.2"
"ENSG00000285847.2","ENSG00000285847.2","ENSG00000285847.2","0.0010728039257486635","9.84251968503937E-4","0.00116135588299339","false","ENSG00000285847.2"
"ENSG00000285928.1","ENSG00000285928.1","ENSG00000285928.1","0.004283631939826375","0.0038877389682697","0.00467952491138305","false","ENSG00000285928.1"
"BMS1P23","BMS1P23","BMS1P23","5.394873502511035E-4","8.61220472440945E-4","2.17754228061262E-4","false","BMS1P23"
"ENSG00000286215.1","ENSG00000286215.1","ENSG00000286215.1","0.00261920452230966","0.00123031496062992","0.0040080940839894","false","ENSG00000286215.1"
"ENSG00000286661.1","ENSG00000286661.1","ENSG00000286661.1","0.0018066836060394958","0.00339561298401773","2.17754228061262E-4","false","ENSG00000286661.1"
"ENSG00000286970.1","ENSG00000286970.1","ENSG00000286970.1","5.80677941496695E-4","0.0","0.00116135588299339","false","ENSG00000286970.1"
"ENSG00000287059.1","ENSG00000287059.1","ENSG00000287059.1","0.005210531995258481","0.0102033097624557","2.17754228061262E-4","false","ENSG00000287059.1"
"ENSG00000287315.1","ENSG00000287315.1","ENSG00000287315.1","0.0058496453249741055","0.00684049487378151","0.0048587957761667","false","ENSG00000287315.1"
"ENSG00000287483.1","ENSG00000287483.1","ENSG00000287483.1","1.08877114030631E-4","0.0","2.17754228061262E-4","false","ENSG00000287483.1"
"ENSG00000287559.1","ENSG00000287559.1","ENSG00000287559.1","4.1645585418811145E-4","6.15157480314961E-4","2.17754228061262E-4","false","ENSG00000287559.1"
"ENSG00000287629.1","ENSG00000287629.1","ENSG00000287629.1","3.5494010615661495E-4","4.92125984251968E-4","2.17754228061262E-4","false","ENSG00000287629.1"
"ENSG00000287955.1","ENSG00000287955.1","ENSG00000287955.1","0.004730676980497265","0.0","0.00946135396099453","false","ENSG00000287955.1"
"ENSG00000287988.1","ENSG00000287988.1","ENSG00000287988.1","0.002052746598165481","0.0038877389682697","2.17754228061262E-4","false","ENSG00000287988.1"
"ENSG00000288634.1","ENSG00000288634.1","ENSG00000288634.1","4.607318328104755E-4","1.23031496062992E-4","7.98432169557959E-4","false","ENSG00000288634.1"
"ENSG00000288852.1","ENSG00000288852.1","ENSG00000288852.1","0.00651830798460235","0.00401077046433269","0.00902584550487201","false","ENSG00000288852.1"
"ENSG00000288891.1","ENSG00000288891.1","ENSG00000288891.1","3.407857241242535E-4","2.46062992125984E-4","4.35508456122523E-4","false","ENSG00000288891.1"
"ENSG00000289196.1","ENSG00000289196.1","ENSG00000289196.1","0.004188490752124835","0.00837698150424967","0.0","false","ENSG00000289196.1"
"C1orf112","C1orf112","C1orf112","8.63033304966224E-4","4.92125984251968E-4","0.00123394062568048","false","C1orf112"
"SNX11","SNX11","SNX11","5.284183555955121E-4","9.84251968503937E-4","7.25847426870872E-5","false","SNX11"
"ICA1","ICA1","ICA1","0.002499324048943595","0.00376470747220671","0.00123394062568048","false","ICA1"
"ARHGAP33","ARHGAP33","ARHGAP33","0.006867714119179825","0.00987250363974443","0.00386292459861522","false","ARHGAP33"
"NOS2","NOS2","NOS2","0.001344090294562605","0.0015994094488189","0.00108877114030631","false","NOS2"
"RPUSD1","RPUSD1","RPUSD1","0.0023510035408724934","9.84251968503937E-4","0.00371775511324105","false","RPUSD1"
"DNAJC11","DNAJC11","DNAJC11","8.99961953735515E-4","0.00129183070866142","5.0809319880961E-4","false","DNAJC11"
"ADAM22","ADAM22","ADAM22",,,"0.0197957840809396","false","ADAM22"
"CYB561","CYB561","CYB561","5.97917710905829E-4","6.15157480314961E-4","5.80677941496697E-4","false","CYB561"
"CELSR3","CELSR3","CELSR3","0.003893056131923387","2.46062992125984E-4","0.00754004927172079","false","CELSR3"
"HEATR5B","HEATR5B","HEATR5B","0.00628693966995362","0.00302651849582875","0.00954736084407849","false","HEATR5B"
"NCAPD2","NCAPD2","NCAPD2","0.020167075539447","0.0267344371613828","0.0135997139175112","false","NCAPD2"
"IFFO1","IFFO1","IFFO1","0.0023731415301836765","7.38188976377953E-4","0.0040080940839894","false","IFFO1"
"LARS2","LARS2","LARS2","0.007817032291669728","6.76673228346457E-4","0.014957391354993","false","LARS2"
"RWDD2A","RWDD2A","RWDD2A","6.03452208233625E-4","5.53641732283465E-4","6.53262684183785E-4","false","RWDD2A"
"POLA2","POLA2","POLA2","0.00112325067912457","0.00123031496062992","0.00101618639761922","false","POLA2"
"ZDHHC6","ZDHHC6","ZDHHC6","0.01397849417908586","0.0269408019605525","0.00101618639761922","false","ZDHHC6"
"ABCC2","ABCC2","ABCC2","3.2109684476409656E-4","6.15157480314961E-5","5.80677941496697E-4","false","ABCC2"
"PROX1","PROX1","PROX1","0.0","0.0","0.0","false","PROX1"
"UBR2","UBR2","UBR2","0.005377522036701245","0.00703728896016144","0.00371775511324105","false","UBR2"
"RANBP3","RANBP3","RANBP3","0.0010838729204042574","8.61220472440945E-4","0.00130652536836757","false","RANBP3"
"ZNF174","ZNF174","ZNF174","0.021445796070002854","0.00147637795275591","0.0414152141872498","false","ZNF174"
"ASTE1","ASTE1","ASTE1","0.00319015165932241","0.0053641169210256","0.00101618639761922","false","ASTE1"
"SH3YL1","SH3YL1","SH3YL1","0.0024038994041994245","7.99704724409449E-4","0.0040080940839894","false","SH3YL1"
"TUBG2","TUBG2","TUBG2","0.005400688321292636","4.30610236220472E-4","0.0103707664063648","false","TUBG2"
"TLL1","TLL1","TLL1","5.27782078169767E-4","1.84547244094488E-4","8.71016912245046E-4","false","TLL1"
"OFD1","OFD1","OFD1","0.008611885543329326","0.0135060159734176","0.00371775511324105","false","OFD1"
"XK","XK","XK",,,"0.00998286930020102","false","XK"
"VAMP3","VAMP3","VAMP3","0.003711086877066778","0.00705925004069812","3.62923713435436E-4","false","VAMP3"
"LTBP1","LTBP1","LTBP1","7.40001808903232E-4","2.46062992125984E-4","0.00123394062568048","false","LTBP1"
"MSMO1","MSMO1","MSMO1","6.05901318184651E-4","1.23031496062992E-4","0.00108877114030631","false","MSMO1"
"LAMA3","LAMA3","LAMA3","7.2584742687087E-4","0.0","0.00145169485374174","false","LAMA3"
"TRAF1","TRAF1","TRAF1","0.009784843646191244","0.0120296380206617","0.00754004927172079","false","TRAF1"
"TARBP1","TARBP1","TARBP1","0.00643435874789227","0.00900579289716932","0.00386292459861522","false","TARBP1"
"PIGV","PIGV","PIGV",,,"2.90338970748349E-4","false","PIGV"
"ZNF112","ZNF112","ZNF112","0.00985346030993872","0.00784924052685634","0.0118576800930211","false","ZNF112"
"MED29","MED29","MED29","5.44385570153155E-4","0.0","0.00108877114030631","false","MED29"
"TM7SF3","TM7SF3","TM7SF3","0.018856294316226187","0.0323979691800954","0.00531461945235697","false","TM7SF3"
"TNPO3","TNPO3","TNPO3","8.347245409015E-4","0.0","0.001669449081803","false","TNPO3"
"RFXANK","RFXANK","RFXANK","0.010835891584119092","2.46062992125984E-4","0.0214257201761122","false","RFXANK"
"TAF11","TAF11","TAF11","0.001538881176182541","4.30610236220472E-4","0.00264715211614461","false","TAF11"
"NTHL1","NTHL1","NTHL1","0.0018076968952571047","0.00281696162095625","7.98432169557959E-4","false","NTHL1"
"ATXN3","ATXN3","ATXN3","0.00175908451419483","0.0","0.00351816902838966","false","ATXN3"
"GOLGA5","GOLGA5","GOLGA5","0.00326735836709865","0.00281696162095625","0.00371775511324105","false","GOLGA5"
"STOML1","STOML1","STOML1","0.002076631784681785","0.0","0.00415326356936357","false","STOML1"
"PMS2P4","PMS2P4","PMS2P4","0.0096137493282435","0.0","0.019227498656487","false","PMS2P4"
"ZBTB17","ZBTB17","ZBTB17","0.18248043752999252","0.338322274493824","0.026638600566161","false","ZBTB17"
"CLTCL1","CLTCL1","CLTCL1","0.0016766817919152896","0.00306302461308223","2.90338970748349E-4","false","CLTCL1"
"FRMPD1","FRMPD1","FRMPD1","0.0022501100341206838","4.92125984251968E-4","0.0040080940839894","false","FRMPD1"
"SEL1L","SEL1L","SEL1L","9.860648010292165E-4","7.38188976377953E-4","0.00123394062568048","false","SEL1L"
"HLTF","HLTF","HLTF","5.80677941496695E-4","0.0","0.00116135588299339","false","HLTF"
"SIDT1","SIDT1","SIDT1","0.0010285279471263036","0.00147637795275591","5.80677941496697E-4","false","SIDT1"
"GSDMB","GSDMB","GSDMB","0.0022697989134808387","6.76673228346457E-4","0.00386292459861522","false","GSDMB"
"MRPS34","MRPS34","MRPS34","0.00470481734415468","0.00116879921259843","0.00824083547571093","false","MRPS34"
"MGLL","MGLL","MGLL","0.00707346855404718","0.0127678269970397","0.00137911011105466","false","MGLL"
"BCS1L","BCS1L","BCS1L","0.0020679142694154484","0.0035551505973342","5.80677941496697E-4","false","BCS1L"
"ARHGEF10L","ARHGEF10L","ARHGEF10L","2.42977604749214E-4","1.23031496062992E-4","3.62923713435436E-4","false","ARHGEF10L"
"VPS9D1","VPS9D1","VPS9D1","0.00239595874483548","0.0024351043442747","0.00235681314539626","false","VPS9D1"
"RARB","RARB","RARB","0.0037027162724841477","3.69094488188976E-4","0.00703633805677932","false","RARB"
"FAM76B","FAM76B","FAM76B","0.00297171692664178","0.00463690848491599","0.00130652536836757","false","FAM76B"
"PMS2P1","PMS2P1","PMS2P1","0.00593800820251444","0.00524108542496261","0.00663493098006627","false","PMS2P1"
"FKBP7","FKBP7","FKBP7","3.604746034844105E-4","4.30610236220472E-4","2.90338970748349E-4","false","FKBP7"
"MKNK1","MKNK1","MKNK1","3.7707809546779695E-4","2.46062992125984E-4","5.0809319880961E-4","false","MKNK1"
"DNM2","DNM2","DNM2","2.31908610093623E-4","2.46062992125984E-4","2.17754228061262E-4","false","DNM2"
"SLC35C2","SLC35C2","SLC35C2","0.00756895141624826","0.0112749782338813","0.00386292459861522","false","SLC35C2"
"ZHX3","ZHX3","ZHX3","0.0","0.0","0.0","false","ZHX3"
"RBL1","RBL1","RBL1","7.904485622791391E-4","4.92125984251968E-4","0.00108877114030631","false","RBL1"
"AP4E1","AP4E1","AP4E1","0.011682674054971124","7.99704724409449E-4","0.0225656433855328","false","AP4E1"
"SEMA5B","SEMA5B","SEMA5B","5.056440888585845E-4","4.30610236220472E-4","5.80677941496697E-4","false","SEMA5B"
"PPIE","PPIE","PPIE","0.0064663862618154905","0.0116988318979505","0.00123394062568048","false","PPIE"
"CAD","CAD","CAD",,,"5.80677941496697E-4","false","CAD"
"OVGP1","OVGP1","OVGP1","0.00241251928890399","0.00110728346456693","0.00371775511324105","false","OVGP1"
"PILRA","PILRA","PILRA","0.007927276482632934","4.92125984251968E-4","0.0153624269810139","false","PILRA"
"MGST2","MGST2","MGST2","3.5494010615661495E-4","4.92125984251968E-4","2.17754228061262E-4","false","MGST2"
"ATXN7L3","ATXN7L3","ATXN7L3",,,"5.80677941496697E-4","false","ATXN7L3"
"ALG6","ALG6","ALG6","2.903389707483485E-4","0.0","5.80677941496697E-4","false","ALG6"
"EDEM2","EDEM2","EDEM2","0.0010475805490607125","8.61220472440945E-4","0.00123394062568048","false","EDEM2"
"EPB41L1","EPB41L1","EPB41L1","3.2109684476409656E-4","6.15157480314961E-5","5.80677941496697E-4","false","EPB41L1"
"C3orf18","C3orf18","C3orf18","0.006123696124361481","0.0120296380206617","2.17754228061262E-4","false","C3orf18"
"COQ9","COQ9","COQ9","7.37552698952208E-4","6.76673228346457E-4","7.98432169557959E-4","false","COQ9"
"ZNF302","ZNF302","ZNF302","0.00912257610975125","0.0138559662788678","0.0043891859406347","false","ZNF302"
"ZBTB25","ZBTB25","ZBTB25","0.00310008942138066","0.00123031496062992","0.0049698638821314","false","ZBTB25"
"SPTLC1","SPTLC1","SPTLC1","0.002438400351144218","0.004513876988853","3.62923713435436E-4","false","SPTLC1"
"USP48","USP48","USP48","0.007031765568849242","2.46062992125984E-4","0.0138174681455725","false","USP48"
"EXOC1","EXOC1","EXOC1","7.26483704296617E-4","7.99704724409449E-4","6.53262684183785E-4","false","EXOC1"
"RNF31","RNF31","RNF31","0.003652656516412055","0.00730531303282411","0.0","false","RNF31"
"SEMA6A","SEMA6A","SEMA6A","0.002106041013072623","9.84251968503937E-4","0.00322783005764131","false","SEMA6A"
"TBC1D2","TBC1D2","TBC1D2","0.01405809558841285","0.012971518423873","0.0151446727529527","false","TBC1D2"
"FBXL19","FBXL19","FBXL19","0.0022193521601049358","4.30610236220472E-4","0.0040080940839894","false","FBXL19"
"SNAP29","SNAP29","SNAP29","6.8955505552733E-4","0.0","0.00137911011105466","false","SNAP29"
"PPIL2","PPIL2","PPIL2","0.004278117834670005","0.0","0.00855623566934001","false","PPIL2"
"GGT1","GGT1","GGT1","0.0048681562830401506","0.00543787951134255","0.00429843305473775","false","GGT1"
"PPM1F","PPM1F","PPM1F","0.00288368383894431","3.0757874015748E-4","0.00545978893773114","false","PPM1F"
"MFNG","MFNG","MFNG","0.002248362836915558","0.00413380196039568","3.62923713435436E-4","false","MFNG"
"GGA1","GGA1","GGA1","5.97917710905829E-4","6.15157480314961E-4","5.80677941496697E-4","false","GGA1"
"DEPDC5","DEPDC5","DEPDC5","0.006189057420668926","7.38188976377953E-4","0.0116399258649599","false","DEPDC5"
"CHKB","CHKB","CHKB","0.0151352957019389","0.0153132000488848","0.014957391354993","false","CHKB"
"THOC5","THOC5","THOC5","0.001642223792885379","4.92125984251968E-4","0.00279232160151879","false","THOC5"
"SYNGR1","SYNGR1","SYNGR1","0.0020615328751691637","0.00354238780884163","5.80677941496697E-4","false","SYNGR1"
"L3MBTL2","L3MBTL2","L3MBTL2","0.0024700051220784545","0.00464967127340856","2.90338970748349E-4","false","L3MBTL2"
"MTHFD1","MTHFD1","MTHFD1","5.751434441689031E-4","6.15157480314961E-5","0.00108877114030631","false","MTHFD1"
"EMC9","EMC9","EMC9","0.0010838729204042574","8.61220472440945E-4","0.00130652536836757","false","EMC9"
"NDRG3","NDRG3","NDRG3","0.0030264042143674616","7.38188976377953E-4","0.00531461945235697","false","NDRG3"
"STK4","STK4","STK4","0.002531829120164469","1.84547244094488E-4","0.00487911099623445","false","STK4"
"PLCB4","PLCB4","PLCB4","1.08877114030631E-4","0.0","2.17754228061262E-4","false","PLCB4"
"POFUT1","POFUT1","POFUT1","0.002195422746395005","0.00439084549279001","0.0","false","POFUT1"
"KIF3B","KIF3B","KIF3B","6.286755849215771E-4","6.76673228346457E-4","5.80677941496697E-4","false","KIF3B"
"PORCN","PORCN","PORCN","0.00758757279152715","0.0","0.0151751455830543","false","PORCN"
"ZNF629","ZNF629","ZNF629","0.0029436618616465017","7.38188976377953E-4","0.00514913474691505","false","ZNF629"
"NUP93","NUP93","NUP93","0.0023423836561679286","6.76673228346457E-4","0.0040080940839894","false","NUP93"
"CENPT","CENPT","CENPT","0.004460433302487577","0.00826760392079137","6.53262684183785E-4","false","CENPT"
"DHODH","DHODH","DHODH","0.006344535739799525","0.0123987325088507","2.90338970748349E-4","false","DHODH"
"ZNF821","ZNF821","ZNF821","0.00554830691661785","0.0","0.0110966138332357","false","ZNF821"
"NDRG4","NDRG4","NDRG4","0.004583058385172066","4.30610236220472E-4","0.00873550653412366","false","NDRG4"
"TAF1C","TAF1C","TAF1C","0.002077732249007899","4.92125984251968E-4","0.00366333851376383","false","TAF1C"
"TSC2","TSC2","TSC2","0.007851606352569096","1.23031496062992E-4","0.0155801812090752","false","TSC2"
"LMF1","LMF1","LMF1","4.023014721557495E-4","3.69094488188976E-4","4.35508456122523E-4","false","LMF1"
"CIAO3","CIAO3","CIAO3",,,"6.53262684183785E-4","false","CIAO3"
"IGDCC4","IGDCC4","IGDCC4","8.101374416392951E-4","6.76673228346457E-4","9.43601654932133E-4","false","IGDCC4"
"DMXL2","DMXL2","DMXL2","6.00366820856854E-4","1.84547244094488E-4","0.00101618639761922","false","DMXL2"
"HMGA1","HMGA1","HMGA1","0.319617405524687","0.632557014722162","0.00667779632721202","false","HMGA1"
"DNAJC17","DNAJC17","DNAJC17","9.054964510633084E-4","0.00123031496062992","5.80677941496697E-4","false","DNAJC17"
"LEPROTL1","LEPROTL1","LEPROTL1","2.1221973073346607E-4","6.15157480314961E-5","3.62923713435436E-4","false","LEPROTL1"
"MCM4","MCM4","MCM4","5.388510728253581E-4","6.15157480314961E-5","0.00101618639761922","false","MCM4"
"ECH1","ECH1","ECH1","0.002848706970367135","0.00305026182458966","0.00264715211614461","false","ECH1"
"CLPTM1","CLPTM1","CLPTM1","4.35508456122523E-4","0.0","8.71016912245046E-4","false","CLPTM1"
"ERCC2","ERCC2","ERCC2","3.5494010615661495E-4","4.92125984251968E-4","2.17754228061262E-4","false","ERCC2"
"STX10","STX10","STX10","0.007952478337303635","0.00404727658158617","0.0118576800930211","false","STX10"
"YJU2B","YJU2B","YJU2B","0.002978119860676415","0.00330908760520822","0.00264715211614461","false","YJU2B"
"FAM32A","FAM32A","FAM32A","0.002096320664041944","1.84547244094488E-4","0.0040080940839894","false","FAM32A"
"ILVBL","ILVBL","ILVBL","0.014161450425572595","1.23031496062992E-4","0.0281998693550822","false","ILVBL"
"POP4","POP4","POP4","1.81461856717718E-4","0.0","3.62923713435436E-4","false","POP4"
"PLD3","PLD3","PLD3","0.005579626483447481","0.0109414987388337","2.17754228061262E-4","false","PLD3"
"YJU2","YJU2","YJU2","7.012603276086646E-4","6.76673228346457E-4","7.25847426870872E-4","false","YJU2"
"ETFB","ETFB","ETFB","0.0012712949323827709","0.00232483563670428","2.17754228061262E-4","false","ETFB"
"CAPS","CAPS","CAPS","4.7488621484283655E-4","3.69094488188976E-4","5.80677941496697E-4","false","CAPS"
"LENG1","LENG1","LENG1","0.00222180127005596","0.0","0.00444360254011192","false","LENG1"
"HOXA6","HOXA6","HOXA6","0.008730228730455284","4.92125984251968E-4","0.0169683314766586","false","HOXA6"
"IQCE","IQCE","IQCE","0.0015917770395094718","2.46062992125984E-4","0.00293749108689296","false","IQCE"
"AGFG2","AGFG2","AGFG2","1.81461856717718E-4","0.0","3.62923713435436E-4","false","AGFG2"
"AP1S1","AP1S1","AP1S1","4.779716022196075E-4","7.38188976377953E-4","2.17754228061262E-4","false","AP1S1"
"TBC1D13","TBC1D13","TBC1D13","5.67159836890081E-4","5.53641732283465E-4","5.80677941496697E-4","false","TBC1D13"
"APBA1","APBA1","APBA1","5.333165754975625E-4","1.23031496062992E-4","9.43601654932133E-4","false","APBA1"
"HPS1","HPS1","HPS1","0.001858877556620525","0.0","0.00371775511324105","false","HPS1"
"GBF1","GBF1","GBF1","0.004915413304296149","9.84251968503937E-4","0.00884657464008836","false","GBF1"
"STN1","STN1","STN1","2.1221973073346607E-4","6.15157480314961E-5","3.62923713435436E-4","false","STN1"
"RAPGEFL1","RAPGEFL1","RAPGEFL1","8.439807030318136E-4","0.00110728346456693","5.80677941496697E-4","false","RAPGEFL1"
"FTSJ3","FTSJ3","FTSJ3",,,"0.00108877114030631","false","FTSJ3"
"C17orf75","C17orf75","C17orf75","0.003009164444958331","1.23031496062992E-4","0.00589529739385367","false","C17orf75"
"KAT2A","KAT2A","KAT2A","0.008312974462805316","0.00104576771653543","0.0155801812090752","false","KAT2A"
"MLX","MLX","MLX","3.2109684476409656E-4","6.15157480314961E-5","5.80677941496697E-4","false","MLX"
"PPP1R9B","PPP1R9B","PPP1R9B",,,"0.00322783005764131","false","PPP1R9B"
"MPP2","MPP2","MPP2","0.0021183610227913565","0.00380121358946019","4.35508456122523E-4","false","MPP2"
"TMEM104","TMEM104","TMEM104","0.0","0.0","0.0","false","TMEM104"
"SC5D","SC5D","SC5D","0.0012712949323827709","0.00232483563670428","2.17754228061262E-4","false","SC5D"
"DNAJC4","DNAJC4","DNAJC4","4.718008274660665E-4","0.0","9.43601654932133E-4","false","DNAJC4"
"DCPS","DCPS","DCPS","0.004730676980497265","0.0","0.00946135396099453","false","DCPS"
"FOXRED1","FOXRED1","FOXRED1","5.284183555955121E-4","9.84251968503937E-4","7.25847426870872E-5","false","FOXRED1"
"NAA40","NAA40","NAA40","0.0024961730262466684","9.84251968503937E-4","0.0040080940839894","false","NAA40"
"PRPF40B","PRPF40B","PRPF40B","5.97917710905829E-4","6.15157480314961E-4","5.80677941496697E-4","false","PRPF40B"
"MVK","MVK","MVK","8.747385770475635E-4","0.00116879921259843","5.80677941496697E-4","false","MVK"
"ACAD10","ACAD10","ACAD10","7.26483704296617E-4","7.99704724409449E-4","6.53262684183785E-4","false","ACAD10"
"ATN1","ATN1","ATN1","0.00497118508312403","0.00450289644858466","0.0054394737176634","false","ATN1"
"LPCAT3","LPCAT3","LPCAT3","0.005457547194049305","0.010407001189289","5.0809319880961E-4","false","LPCAT3"
"ST8SIA1","ST8SIA1","ST8SIA1","4.5828272285945053E-4","5.53641732283465E-4","3.62923713435436E-4","false","ST8SIA1"
"BTN3A3","BTN3A3","BTN3A3","0.00323810194913647","0.00531484801527955","0.00116135588299339","false","BTN3A3"
"TDP2","TDP2","TDP2","0.0027712024679896496","0.00525206596523095","2.90338970748349E-4","false","TDP2"
"RSPH4A","RSPH4A","RSPH4A","6.145212028892154E-4","4.30610236220472E-4","7.98432169557959E-4","false","RSPH4A"
"MCM9","MCM9","MCM9","0.005911224595705618","0.0114595254779758","3.62923713435436E-4","false","MCM9"
"GUCA1B","GUCA1B","GUCA1B","0.013340039723055069","9.84251968503937E-4","0.0256958274776062","false","GUCA1B"
"CUL9","CUL9","CUL9","0.01140681286230705","0.0222329477831174","5.80677941496697E-4","false","CUL9"
"SEMA5A","SEMA5A","SEMA5A","2.903389707483485E-4","0.0","5.80677941496697E-4","false","SEMA5A"
"PFKFB4","PFKFB4","PFKFB4","0.003752973946155655","0.0","0.00750594789231131","false","PFKFB4"
"ACAP2","ACAP2","ACAP2","2.903389707483485E-4","0.0","5.80677941496697E-4","false","ACAP2"
"HEMK1","HEMK1","HEMK1","0.005753548964546377","7.38188976377953E-4","0.0107689089527148","false","HEMK1"
"PEX5L","PEX5L","PEX5L","0.002252559144071708","6.15157480314961E-5","0.00444360254011192","false","PEX5L"
"INO80D","INO80D","INO80D","0.02781617424819535","0.0228999067732127","0.032732441723178","false","INO80D"
"KANSL3","KANSL3","KANSL3","0.007313681119606231","0.0144096080111512","2.17754228061262E-4","false","KANSL3"
"LMAN2L","LMAN2L","LMAN2L","0.002660859300455623","6.15157480314961E-5","0.00526020285287975","false","LMAN2L"
"FAHD2A","FAHD2A","FAHD2A","0.00388830391214903","0.00440360828128258","0.00337299954301548","false","FAHD2A"
"TTC31","TTC31","TTC31","3.5185471877984453E-4","1.23031496062992E-4","5.80677941496697E-4","false","TTC31"
"ELMOD3","ELMOD3","ELMOD3","7.20949206968821E-4","8.61220472440945E-4","5.80677941496697E-4","false","ELMOD3"
"ID2","ID2","ID2","0.00426125622466966","6.15157480314961E-4","0.00790735496902436","false","ID2"
"SLC25A12","SLC25A12","SLC25A12","0.002053145149745695","0.00116879921259843","0.00293749108689296","false","SLC25A12"
"TCEANC2","TCEANC2","TCEANC2","0.005005589032132867","2.46062992125984E-4","0.00976511507213975","false","TCEANC2"
"WRAP73","WRAP73","WRAP73","0.0019487020687167455","6.15157480314961E-4","0.00328224665711853","false","WRAP73"
"HDAC1","HDAC1","HDAC1","0.0032713120595204395","0.00574419194948292","7.98432169557959E-4","false","HDAC1"
"SCAMP3","SCAMP3","SCAMP3","3.998523622047245E-4","7.99704724409449E-4","0.0","false","SCAMP3"
"GON4L","GON4L","GON4L","4.441283408270885E-4","3.0757874015748E-4","5.80677941496697E-4","false","GON4L"
"SMG7","SMG7","SMG7","4.97024204154019E-4","1.23031496062992E-4","8.71016912245046E-4","false","SMG7"
"PIK3R3","PIK3R3","PIK3R3","0.0029562685816314","3.0757874015748E-4","0.00560495842310532","false","PIK3R3"
"ABCD3","ABCD3","ABCD3","4.718008274660665E-4","0.0","9.43601654932133E-4","false","ABCD3"
"DPH5","DPH5","DPH5","0.004598389340075072","7.38188976377953E-4","0.00845858970377219","false","DPH5"
"SLC35A3","SLC35A3","SLC35A3","3.992160847789795E-4","0.0","7.98432169557959E-4","false","SLC35A3"
"MAN1C1","MAN1C1","MAN1C1","4.441283408270885E-4","3.0757874015748E-4","5.80677941496697E-4","false","MAN1C1"
"RPA2","RPA2","RPA2","5.97917710905829E-4","6.15157480314961E-4","5.80677941496697E-4","false","RPA2"
"TXNDC12","TXNDC12","TXNDC12","0.003283114962163545","0.00255813584033769","0.0040080940839894","false","TXNDC12"
"RCN2","RCN2","RCN2","9.836156910781944E-4","0.00116879921259843","7.98432169557959E-4","false","RCN2"
"CA14","CA14","CA14","3.075787401574805E-5","6.15157480314961E-5","0.0","false","CA14"
"USP35","USP35","USP35","0.01575276607043215","0.0266467363646976","0.0048587957761667","false","USP35"
"UBE3D","UBE3D","UBE3D","6.452790769049634E-4","4.92125984251968E-4","7.98432169557959E-4","false","UBE3D"
"PLAGL1","PLAGL1","PLAGL1","0.00520918887816175","0.0","0.0104183777563235","false","PLAGL1"
"ALDH8A1","ALDH8A1","ALDH8A1","0.001139854171107955","0.00104576771653543","0.00123394062568048","false","ALDH8A1"
"GTF3C3","GTF3C3","GTF3C3","0.00291932294368309","0.0","0.00583864588736618","false","GTF3C3"
"CPSF3","CPSF3","CPSF3","3.573892161076405E-4","6.15157480314961E-5","6.53262684183785E-4","false","CPSF3"
"SENP5","SENP5","SENP5","0.00609409339731875","0.00745424528377723","0.00473394151086027","false","SENP5"
"FKBP15","FKBP15","FKBP15","5.333165754975625E-4","1.23031496062992E-4","9.43601654932133E-4","false","FKBP15"
"GLE1","GLE1","GLE1","0.004884655430280401","9.22736220472441E-4","0.00884657464008836","false","GLE1"
"VPS4B","VPS4B","VPS4B","4.718008274660665E-4","0.0","9.43601654932133E-4","false","VPS4B"
"DNMT3A","DNMT3A","DNMT3A","0.00196393537528687","0.00269393012489326","0.00123394062568048","false","DNMT3A"
"GORAB","GORAB","GORAB","0.003607199563742643","0.00685147541404985","3.62923713435436E-4","false","GORAB"
"APAF1","APAF1","APAF1","0.0027410777449824544","0.00519181651921656","2.90338970748349E-4","false","APAF1"
"RNF170","RNF170","RNF170","0.001117079904371029","4.92125984251968E-4","0.00174203382449009","false","RNF170"
"FAM117A","FAM117A","FAM117A","3.2971672946866253E-4","3.69094488188976E-4","2.90338970748349E-4","false","FAM117A"
"ZMYM2","ZMYM2","ZMYM2","0.0010168226750449645","7.99704724409449E-4","0.00123394062568048","false","ZMYM2"
"TNFSF10","TNFSF10","TNFSF10",,,"0.0080161881679788","false","TNFSF10"
"ZSCAN20","ZSCAN20","ZSCAN20","0.004379524700211983","0.00839612568698853","3.62923713435436E-4","false","ZSCAN20"
"MTIF3","MTIF3","MTIF3","3.912324775001585E-4","4.92125984251968E-4","2.90338970748349E-4","false","MTIF3"
"RPAP2","RPAP2","RPAP2","0.010185361629442925","7.38188976377953E-4","0.0196325342825079","false","RPAP2"
"HOXA7","HOXA7","HOXA7","0.002974608815366645","0.00141486220472441","0.00453435542600888","false","HOXA7"
"HVCN1","HVCN1","HVCN1","5.419364602021285E-4","4.30610236220472E-4","6.53262684183785E-4","false","HVCN1"
"HOXC11","HOXC11","HOXC11","0.0","0.0","0.0","false","HOXC11"
"SMUG1","SMUG1","SMUG1","0.00510031176413115","0.0","0.0102006235282623","false","SMUG1"
"G0S2","G0S2","G0S2","0.004662354198057591","4.30610236220472E-4","0.00889409815989471","false","G0S2"
"ZNF576","ZNF576","ZNF576","0.00351864448008072","0.00703728896016144","0.0","false","ZNF576"
"BTN2A2","BTN2A2","BTN2A2","0.00948410639343137","0.00327258148795474","0.015695631298908","false","BTN2A2"
"SIRT5","SIRT5","SIRT5","0.009181542265099355","0.00147637795275591","0.0168867065774428","false","SIRT5"
"MRS2","MRS2","MRS2","0.008128427218710828","6.76673228346457E-4","0.0155801812090752","false","MRS2"
"RRP36","RRP36","RRP36","2.54046599404805E-4","0.0","5.0809319880961E-4","false","RRP36"
"ABCC10","ABCC10","ABCC10","0.011250164075699934","0.0166050307575462","0.00589529739385367","false","ABCC10"
"OARD1","OARD1","OARD1","0.001313332420546855","0.0015378937007874","0.00108877114030631","false","OARD1"
"UNC5CL","UNC5CL","UNC5CL","0.0010143735650939394","0.00123031496062992","7.98432169557959E-4","false","UNC5CL"
"AARS2","AARS2","AARS2","0.0014527567891004884","0.00232483563670428","5.80677941496697E-4","false","AARS2"
"TBCC","TBCC","TBCC","2.515974894537796E-4","4.30610236220472E-4","7.25847426870872E-5","false","TBCC"
"SSR1","SSR1","SSR1","0.014573386254771701","0.0162003212762159","0.0129464512333275","false","SSR1"
"KIF25","KIF25","KIF25","4.7488621484283655E-4","3.69094488188976E-4","5.80677941496697E-4","false","KIF25"
"BMP4","BMP4","BMP4","0.00288368383894431","3.0757874015748E-4","0.00545978893773114","false","BMP4"
"SLC25A35","SLC25A35","SLC25A35","0.006815378417720548","6.15157480314961E-5","0.0135692410874096","false","SLC25A35"
"ARMC7","ARMC7","ARMC7","2.903389707483485E-4","0.0","5.80677941496697E-4","false","ARMC7"
"INSIG2","INSIG2","INSIG2","0.0029845773456961197","7.99704724409449E-4","0.00516944996698279","false","INSIG2"
"GPR108","GPR108","GPR108","0.007648668267734486","4.30610236220472E-4","0.0148667262992485","false","GPR108"
"OPA3","OPA3","OPA3","0.004338171965916725","0.0","0.00867634393183345","false","OPA3"
"MKKS","MKKS","MKKS","0.009423351695447805","0.00929934254681712","0.00954736084407849","false","MKKS"
"TCF15","TCF15","TCF15","0.0020970225767878445","0.00339561298401773","7.98432169557959E-4","false","TCF15"
"IRF3","IRF3","IRF3","0.0100959722749014","0.0161838504658134","0.0040080940839894","false","IRF3"
"AVPR2","AVPR2","AVPR2","3.9368158745118405E-4","6.15157480314961E-5","7.25847426870872E-4","false","AVPR2"
"ZNF484","ZNF484","ZNF484","3.266313420918925E-4","0.0","6.53262684183785E-4","false","ZNF484"
"TMEM175","TMEM175","TMEM175","0.0011177161817967766","0.00129183070866142","9.43601654932133E-4","false","TMEM175"
"WFIKKN1","WFIKKN1","WFIKKN1","3.9676697482795404E-4","4.30610236220472E-4","3.62923713435436E-4","false","WFIKKN1"
"TNFRSF19","TNFRSF19","TNFRSF19","0.01130764493316068","0.013784736292585","0.00883055357373636","false","TNFRSF19"
"MTERF1","MTERF1","MTERF1","0.0026670300752091648","7.99704724409449E-4","0.00453435542600888","false","MTERF1"
"MGAT3","MGAT3","MGAT3","4.921259842519685E-4","9.84251968503937E-4","0.0","false","MGAT3"
"APOL5","APOL5","APOL5","2.6820098143716647E-4","2.46062992125984E-4","2.90338970748349E-4","false","APOL5"
"LSM8","LSM8","LSM8","0.00916069156461374","0.017087442503547","0.00123394062568048","false","LSM8"
"PRKRIP1","PRKRIP1","PRKRIP1","9.663759216690625E-4","5.53641732283465E-4","0.00137911011105466","false","PRKRIP1"
"LRRC17","LRRC17","LRRC17","4.133704668113405E-4","2.46062992125984E-4","5.80677941496697E-4","false","LRRC17"
"HOXD3","HOXD3","HOXD3","6.452790769049634E-4","4.92125984251968E-4","7.98432169557959E-4","false","HOXD3"
"HERC2","HERC2","HERC2","0.00436281196758308","0.00354238780884163","0.00518323612632453","false","HERC2"
"SOX15","SOX15","SOX15","0.00970772738451817","0.00703728896016144","0.0123781658088749","false","SOX15"
"PUS7L","PUS7L","PUS7L","0.00848786701096036","0.00511805392889962","0.0118576800930211","false","PUS7L"
"QRICH2","QRICH2","QRICH2","0.003831540383891891","1.23031496062992E-4","0.00754004927172079","false","QRICH2"
"MAU2","MAU2","MAU2","0.009308789827698671","0.00474895944071064","0.0138686202146867","false","MAU2"
"PUDP","PUDP","PUDP","0.020205513660639933","5.53641732283465E-4","0.0398573855889964","false","PUDP"
"RTN4IP1","RTN4IP1","RTN4IP1","0.0072681996433160406","0.00232483563670428","0.0122115636499278","false","RTN4IP1"
"MTRES1","MTRES1","MTRES1","8.833584617521295E-4","0.00147637795275591","2.90338970748349E-4","false","MTRES1"
"AFDN","AFDN","AFDN","0.002830787975617379","4.92125984251968E-4","0.00516944996698279","false","AFDN"
"HRC","HRC","HRC","0.0024457262728707616","7.38188976377953E-4","0.00415326356936357","false","HRC"
"TRPM4","TRPM4","TRPM4","0.0024961730262466684","9.84251968503937E-4","0.0040080940839894","false","TRPM4"
"TUBGCP2","TUBGCP2","TUBGCP2","0.00606631607788827","0.00585624290527757","0.00627638925049897","false","TUBGCP2"
"CYP2E1","CYP2E1","CYP2E1","0.008784139012845641","2.46062992125984E-4","0.0173222150335653","false","CYP2E1"
"PAK4","PAK4","PAK4","0.02070855295869043","0.0337318871602859","0.00768521875709496","false","PAK4"
"CEP85","CEP85","CEP85","9.134800583421315E-4","7.38188976377953E-4","0.00108877114030631","false","CEP85"
"UBE2M","UBE2M","UBE2M","0.0013549486697254501","0.00220180414064129","5.0809319880961E-4","false","UBE2M"
"MED18","MED18","MED18","0.004503666608076799","9.84251968503937E-4","0.00802308124764966","false","MED18"
"CCDC62","CCDC62","CCDC62","0.0103078244620352","0.0","0.0206156489240704","false","CCDC62"
"MPP1","MPP1","MPP1","6.421936895281909E-4","1.23031496062992E-4","0.00116135588299339","false","MPP1"
"PKDREJ","PKDREJ","PKDREJ","0.0119391536284185","0.0056339232419125","0.0182443840149245","false","PKDREJ"
"RGN","RGN","RGN","8.833584617521295E-4","0.00147637795275591","2.90338970748349E-4","false","RGN"
"POLN","POLN","POLN","0.01132801756837106","0.00123031496062992","0.0214257201761122","false","POLN"
"ZNF341","ZNF341","ZNF341","0.00935778329852345","0.0147074725130575","0.0040080940839894","false","ZNF341"
"GSE1","GSE1","GSE1","7.7075968291898E-4","3.0757874015748E-4","0.00123394062568048","false","GSE1"
"ZCCHC9","ZCCHC9","ZCCHC9","0.005734521846380531","6.15157480314961E-4","0.0108538862124461","false","ZCCHC9"
"PIAS3","PIAS3","PIAS3","0.012740687321261676","7.38188976377953E-4","0.0247431856661454","false","PIAS3"
"ZSCAN5A","ZSCAN5A","ZSCAN5A","6.4591535433071E-4","0.00129183070866142","0.0","false","ZSCAN5A"
"DCAF15","DCAF15","DCAF15","0.013041402739721451","0.0122141852647562","0.0138686202146867","false","DCAF15"
"ENAM","ENAM","ENAM","0.0107128600880561","0.0","0.0214257201761122","false","ENAM"
"MMACHC","MMACHC","MMACHC","8.101374416392951E-4","6.76673228346457E-4","9.43601654932133E-4","false","MMACHC"
"TOE1","TOE1","TOE1","0.0151283950639877","0.0171230574966883","0.0131337326312871","false","TOE1"
"SCO1","SCO1","SCO1","0.0023510035408724934","9.84251968503937E-4","0.00371775511324105","false","SCO1"
"SLC39A11","SLC39A11","SLC39A11","0.002148482619381355","0.00306302461308223","0.00123394062568048","false","SLC39A11"
"ZNF414","ZNF414","ZNF414","0.00473139477034747","0.00429333957371215","0.00516944996698279","false","ZNF414"
"MED10","MED10","MED10","1.81461856717718E-4","0.0","3.62923713435436E-4","false","MED10"
"SLC2A11","SLC2A11","SLC2A11","0.006965067981359098","6.15157480314961E-5","0.0138686202146867","false","SLC2A11"
"C1QTNF6","C1QTNF6","C1QTNF6","0.01244856267745075","0.0208890312709121","0.0040080940839894","false","C1QTNF6"
"HSD17B4","HSD17B4","HSD17B4","1.08877114030631E-4","0.0","2.17754228061262E-4","false","HSD17B4"
"EMC7","EMC7","EMC7","7.54792468361341E-4","0.00129183070866142","2.17754228061262E-4","false","EMC7"
"KCTD1","KCTD1","KCTD1","3.62923713435436E-4","0.0","7.25847426870872E-4","false","KCTD1"
"SPX","SPX","SPX","0.0022089850781952473","0.00376470747220671","6.53262684183785E-4","false","SPX"
"AGO4","AGO4","AGO4","2.903389707483485E-4","0.0","5.80677941496697E-4","false","AGO4"
"DAGLA","DAGLA","DAGLA","0.006486619837796917","0.0120296380206617","9.43601654932133E-4","false","DAGLA"
"ADAM19","ADAM19","ADAM19","4.718008274660665E-4","0.0","9.43601654932133E-4","false","ADAM19"
"DNAJC14","DNAJC14","DNAJC14","0.0022501100341206838","4.92125984251968E-4","0.0040080940839894","false","DNAJC14"
"TFCP2","TFCP2","TFCP2","2.903389707483485E-4","0.0","5.80677941496697E-4","false","TFCP2"
"OS9","OS9","OS9","0.002459244377477379","1.84547244094488E-4","0.00473394151086027","false","OS9"
"TEC","TEC","TEC","2.0668523340567051E-4","1.23031496062992E-4","2.90338970748349E-4","false","TEC"
"CCDC142","CCDC142","CCDC142","1.81461856717718E-4","0.0","3.62923713435436E-4","false","CCDC142"
"KCNMB4","KCNMB4","KCNMB4","2.84804473420553E-4","6.15157480314961E-5","5.0809319880961E-4","false","KCNMB4"
"SLC9A5","SLC9A5","SLC9A5","0.002454346157575325","0.00104576771653543","0.00386292459861522","false","SLC9A5"
"COG2","COG2","COG2","3.7707809546779695E-4","2.46062992125984E-4","5.0809319880961E-4","false","COG2"
"RNASEL","RNASEL","RNASEL","6.286755849215771E-4","6.76673228346457E-4","5.80677941496697E-4","false","RNASEL"
"MFSD9","MFSD9","MFSD9","0.0102925880469844","0.0","0.0205851760939688","false","MFSD9"
"TMEM127","TMEM127","TMEM127","0.005169907101422305","0.00116879921259843","0.00917101499024618","false","TMEM127"
"VILL","VILL","VILL","0.006267176660683779","6.76673228346457E-4","0.0118576800930211","false","VILL"
"THSD1","THSD1","THSD1","0.008841838573993517","9.84251968503937E-4","0.0166994251794831","false","THSD1"
"ZDHHC4","ZDHHC4","ZDHHC4","0.009921522126147704","0.0193349510534858","5.0809319880961E-4","false","ZDHHC4"
"CCDC115","CCDC115","CCDC115","0.008193474109711796","1.23031496062992E-4","0.0162639167233606","false","CCDC115"
"BAAT","BAAT","BAAT","9.77444916324651E-4","4.30610236220472E-4","0.00152427959642883","false","BAAT"
"GARNL3","GARNL3","GARNL3","0.002822168090912814","1.84547244094488E-4","0.00545978893773114","false","GARNL3"
"RABEPK","RABEPK","RABEPK","9.245490529977206E-4","6.15157480314961E-4","0.00123394062568048","false","RABEPK"
"GOLGA1","GOLGA1","GOLGA1","0.00219459297031735","0.0","0.0043891859406347","false","GOLGA1"
"TMEM8B","TMEM8B","TMEM8B","5.67159836890081E-4","5.53641732283465E-4","5.80677941496697E-4","false","TMEM8B"
"HINT2","HINT2","HINT2","5.813142189224426E-4","7.99704724409449E-4","3.62923713435436E-4","false","HINT2"
"LRRC32","LRRC32","LRRC32","0.01383192135842635","0.0216436910576926","0.0060201516591601","false","LRRC32"
"RNF121","RNF121","RNF121","0.0021726927068517034","0.00376470747220671","5.80677941496697E-4","false","RNF121"
"DCUN1D5","DCUN1D5","DCUN1D5","0.01951298448581","0.0102033097624557","0.0288226592091643","false","DCUN1D5"
"PAK6","PAK6","PAK6","0.00196212254276159","0.00392424508552318","0.0","false","PAK6"
"DBR1","DBR1","DBR1","5.505563449066945E-4","7.38188976377953E-4","3.62923713435436E-4","false","DBR1"
"DNAJC13","DNAJC13","DNAJC13","0.005502613236286888","3.69094488188976E-4","0.0106361319843848","false","DNAJC13"
"DNA2","DNA2","DNA2","0.0029341305923202177","5.53641732283465E-4","0.00531461945235697","false","DNA2"
"TMOD3","TMOD3","TMOD3","0.001705790099287685","0.00290348699976576","5.0809319880961E-4","false","TMOD3"
"SHF","SHF","SHF","2.903389707483485E-4","0.0","5.80677941496697E-4","false","SHF"
"PARP16","PARP16","PARP16","8.685678022940209E-4","4.30610236220472E-4","0.00130652536836757","false","PARP16"
"TMEM19","TMEM19","TMEM19",,,"0.00955640100060723","false","TMEM19"
"RITA1","RITA1","RITA1","5.97917710905829E-4","6.15157480314961E-4","5.80677941496697E-4","false","RITA1"
"MMAB","MMAB","MMAB","0.002841856970272973","3.69094488188976E-4","0.00531461945235697","false","MMAB"
"GIT2","GIT2","GIT2","0.002898540133722575","0.00376470747220671","0.00203237279523844","false","GIT2"
"TARBP2","TARBP2","TARBP2","3.66009100812206E-4","3.69094488188976E-4","3.62923713435436E-4","false","TARBP2"
"SORD","SORD","SORD","0.00197683874225609","0.0","0.00395367748451218","false","SORD"
"SCAMP2","SCAMP2","SCAMP2","0.0144485294022137","0.024888964720438","0.0040080940839894","false","SCAMP2"
"RUSF1","RUSF1","RUSF1","0.009164655153559376","7.38188976377953E-4","0.0175911213307408","false","RUSF1"
"NUDT7","NUDT7","NUDT7","1.7592735938992256E-4","6.15157480314961E-5","2.90338970748349E-4","false","NUDT7"
"TCF25","TCF25","TCF25","0.002324032966979417","0.00450289644858466","1.45169485374174E-4","false","TCF25"
"ZNF287","ZNF287","ZNF287","0.002065562790026196","1.23031496062992E-4","0.0040080940839894","false","ZNF287"
"G6PC3","G6PC3","G6PC3","0.004826586108193625","0.00671568112949429","0.00293749108689296","false","G6PC3"
"RNF165","RNF165","RNF165","0.0066936955850535685","9.84251968503937E-4","0.0124031392016032","false","RNF165"
"DOP1B","DOP1B","DOP1B","0.0126620915399042","0.0135060159734176","0.0118181671063908","false","DOP1B"
"KIAA0319L","KIAA0319L","KIAA0319L","5.197984708909465E-4","6.76673228346457E-4","3.62923713435436E-4","false","KIAA0319L"
"NBPF3","NBPF3","NBPF3","0.0020040470419947","0.0","0.0040080940839894","false","NBPF3"
"PRKACB","PRKACB","PRKACB","6.477281868559881E-4","6.15157480314961E-5","0.00123394062568048","false","PRKACB"
"C1orf162","C1orf162","C1orf162","0.01266403325171635","0.0198885927857693","0.0054394737176634","false","C1orf162"
"TMCO1","TMCO1","TMCO1","0.0035821868065474298","0.00600301773010147","0.00116135588299339","false","TMCO1"
"PIGM","PIGM","PIGM","0.002322694776807769","4.92125984251968E-4","0.00415326356936357","false","PIGM"
"SUSD4","SUSD4","SUSD4","2.46062992125984E-4","4.92125984251968E-4","0.0","false","SUSD4"
"CREB3L4","CREB3L4","CREB3L4","0.001201369919139455","0.00116879921259843","0.00123394062568048","false","CREB3L4"
"LYST","LYST","LYST","2.62666484109371E-4","3.0757874015748E-4","2.17754228061262E-4","false","LYST"
"NVL","NVL","NVL",,,"5.0809319880961E-4","false","NVL"
"SYT2","SYT2","SYT2","0.003920621051282435","0.00281696162095625","0.00502428048160862","false","SYT2"
"ETAA1","ETAA1","ETAA1","0.0010955781924855924","0.0015378937007874","6.53262684183785E-4","false","ETAA1"
"MEIS1","MEIS1","MEIS1","0.007021994612813659","0.00123031496062992","0.0128136742649974","false","MEIS1"
"CIAO1","CIAO1","CIAO1",,,"0.00101618639761922","false","CIAO1"
"SFXN5","SFXN5","SFXN5","0.014026460442123856","0.0199662950504397","0.00808662583380801","false","SFXN5"
"TMEM177","TMEM177","TMEM177","0.004134572119887822","2.46062992125984E-4","0.00802308124764966","false","TMEM177"
"TAMM41","TAMM41","TAMM41","8.40895315655043E-4","7.38188976377953E-4","9.43601654932133E-4","false","TAMM41"
"STK11IP","STK11IP","STK11IP","0.009693944922680546","0.00220180414064129","0.0171860857047198","false","STK11IP"
"GMPPA","GMPPA","GMPPA","3.266313420918925E-4","0.0","6.53262684183785E-4","false","GMPPA"
"IGSF11","IGSF11","IGSF11","6.120720929381905E-4","8.61220472440945E-4","3.62923713435436E-4","false","IGSF11"
"MUC4","MUC4","MUC4","0.002825766311331095","0.00314954999189175","0.00250198263077044","false","MUC4"
"FIP1L1","FIP1L1","FIP1L1","0.0010615243116003294","0.00183270965245231","2.90338970748349E-4","false","FIP1L1"
"CYP4V2","CYP4V2","CYP4V2","0.0032844260459824054","0.00232483563670428","0.00424401645526053","false","CYP4V2"
"GIN1","GIN1","GIN1","9.43601654932135E-4","0.0","0.00188720330986427","false","GIN1"
"RMND5B","RMND5B","RMND5B","0.0030000256907065028","0.00512903446916796","8.71016912245046E-4","false","RMND5B"
"KLHL3","KLHL3","KLHL3","0.025694551177001305","0.00364167597614371","0.0477474263778589","false","KLHL3"
"TRIM41","TRIM41","TRIM41","0.001952655761138533","0.00354238780884163","3.62923713435436E-4","false","TRIM41"
"MMS22L","MMS22L","MMS22L","5.056440888585845E-4","4.30610236220472E-4","5.80677941496697E-4","false","MMS22L"
"TRAPPC14","TRAPPC14","TRAPPC14","4.133704668113405E-4","2.46062992125984E-4","5.80677941496697E-4","false","TRAPPC14"
"SLC12A9","SLC12A9","SLC12A9",,,"0.00101618639761922","false","SLC12A9"
"HDAC8","HDAC8","HDAC8","0.00145541651854426","0.00116879921259843","0.00174203382449009","false","HDAC8"
"ZNF182","ZNF182","ZNF182","0.002557688774278165","0.00110728346456693","0.0040080940839894","false","ZNF182"
"GCNA","GCNA","GCNA","9.276344403744915E-4","9.84251968503937E-4","8.71016912245046E-4","false","GCNA"
"PLPBP","PLPBP","PLPBP","0.008609707923950664","0.0110904309897868","0.00612898485811453","false","PLPBP"
"ERLIN2","ERLIN2","ERLIN2","0.006328692408715275","7.99704724409449E-4","0.0118576800930211","false","ERLIN2"
"ARHGAP39","ARHGAP39","ARHGAP39","9.867010784549615E-4","0.0015378937007874","4.35508456122523E-4","false","ARHGAP39"
"CEP78","CEP78","CEP78","0.001962220173323358","6.15157480314961E-5","0.00386292459861522","false","CEP78"
"SHC3","SHC3","SHC3","0.0019204589399721798","0.00253439251157679","0.00130652536836757","false","SHC3"
"SURF2","SURF2","SURF2","7.0988021231323E-4","9.84251968503937E-4","4.35508456122523E-4","false","SURF2"
"MED22","MED22","MED22","0.0010223571723727615","7.38188976377953E-4","0.00130652536836757","false","MED22"
"GPR107","GPR107","GPR107","0.00331057241036227","0.0","0.00662114482072454","false","GPR107"
"COMMD3","COMMD3","COMMD3","0.008916084374997454","0.0173240755511853","5.0809319880961E-4","false","COMMD3"
"CNNM2","CNNM2","CNNM2","0.006730233719971905","0.0129523742411342","5.0809319880961E-4","false","CNNM2"
"LAMTOR1","LAMTOR1","LAMTOR1","0.007873696566951374","0.0120296380206617","0.00371775511324105","false","LAMTOR1"
"SOGA1","SOGA1","SOGA1","0.0021589368763995542","7.99704724409449E-4","0.00351816902838966","false","SOGA1"
"CABLES2","CABLES2","CABLES2","0.0072075476366392","0.010407001189289","0.0040080940839894","false","CABLES2"
"LTO1","LTO1","LTO1","0.010747717768512088","3.69094488188976E-4","0.0211263410488352","false","LTO1"
"NUDT22","NUDT22","NUDT22","0.002376884603112723","0.00439084549279001","3.62923713435436E-4","false","NUDT22"
"MRPL49","MRPL49","MRPL49","7.20949206968821E-4","8.61220472440945E-4","5.80677941496697E-4","false","MRPL49"
"TAOK2","TAOK2","TAOK2","2.903389707483485E-4","0.0","5.80677941496697E-4","false","TAOK2"
"CD226","CD226","CD226","0.024099399814559497","0.0476181216876223","5.80677941496697E-4","false","CD226"
"DLAT","DLAT","DLAT","0.0058741568344268785","6.76673228346457E-4","0.0110716404405073","false","DLAT"
"C4orf33","C4orf33","C4orf33","6.53262684183785E-4","0.0","0.00130652536836757","false","C4orf33"
"VPS26B","VPS26B","VPS26B","0.00821418776996305","0.0158476975984294","5.80677941496697E-4","false","VPS26B"
"ZNF827","ZNF827","ZNF827","2.84804473420553E-4","6.15157480314961E-5","5.0809319880961E-4","false","ZNF827"
"OBI1","OBI1","OBI1","5.364019628743325E-4","4.92125984251968E-4","5.80677941496697E-4","false","OBI1"
"ZNF547","ZNF547","ZNF547","1.81461856717718E-4","0.0","3.62923713435436E-4","false","ZNF547"
"UBP1","UBP1","UBP1","0.0056525674516681446","0.00437986495252167","0.00692526995081462","false","UBP1"
"GTF2E1","GTF2E1","GTF2E1","0.00331057241036227","0.0","0.00662114482072454","false","GTF2E1"
"GDPD1","GDPD1","GDPD1","2.903389707483485E-4","0.0","5.80677941496697E-4","false","GDPD1"
"MIA3","MIA3","MIA3","0.0010112881777171675","8.61220472440945E-4","0.00116135588299339","false","MIA3"
"DISP1","DISP1","DISP1","0.012793298147688","0.0117179760806893","0.0138686202146867","false","DISP1"
"CNTNAP3B","CNTNAP3B","CNTNAP3B","0.0014025206552173248","0.00135334645669291","0.00145169485374174","false","CNTNAP3B"
"CHODL","CHODL","CHODL","0.0130902928306409","0.0123631175157093","0.0138174681455725","false","CHODL"
"AK9","AK9","AK9","0.002620542712481305","0.00524108542496261","0.0","false","AK9"
"MOV10","MOV10","MOV10","6.145212028892154E-4","4.30610236220472E-4","7.98432169557959E-4","false","MOV10"
"KCTD18","KCTD18","KCTD18","0.009990646188034105","0.00834136651110831","0.0116399258649599","false","KCTD18"
"FAM126B","FAM126B","FAM126B","0.0022286297303617765","0.00402175100460103","4.35508456122523E-4","false","FAM126B"
"PPARGC1B","PPARGC1B","PPARGC1B","1.81461856717718E-4","0.0","3.62923713435436E-4","false","PPARGC1B"
"ELMO1","ELMO1","ELMO1",,,"0.001669449081803","false","ELMO1"
"GPR61","GPR61","GPR61","0.00514522402017925","3.0757874015748E-4","0.00998286930020102","false","GPR61"
"DPY19L4","DPY19L4","DPY19L4","2.515974894537796E-4","4.30610236220472E-4","7.25847426870872E-5","false","DPY19L4"
"RWDD2B","RWDD2B","RWDD2B","0.0016619126722455333","6.76673228346457E-4","0.00264715211614461","false","RWDD2B"
"TYSND1","TYSND1","TYSND1",,,"0.0040080940839894","false","TYSND1"
"PHKG2","PHKG2","PHKG2","8.937911789819726E-4","5.53641732283465E-4","0.00123394062568048","false","PHKG2"
"PDE6D","PDE6D","PDE6D","0.008054122741222018","9.84251968503937E-4","0.0151239935139401","false","PDE6D"
"CPT2","CPT2","CPT2","7.96619337032678E-4","0.00123031496062992","3.62923713435436E-4","false","CPT2"
"DHRS1","DHRS1","DHRS1","0.003107511211197345","0.00490849705402712","0.00130652536836757","false","DHRS1"
"RNF111","RNF111","RNF111","0.003411514563255215","0.00339561298401773","0.0034274161424927","false","RNF111"
"NCK1","NCK1","NCK1","8.298263209994519E-4","8.61220472440945E-4","7.98432169557959E-4","false","NCK1"
"RNF207","RNF207","RNF207","4.35508456122523E-4","0.0","8.71016912245046E-4","false","RNF207"
"SLC13A3","SLC13A3","SLC13A3","0.006939662076463616","0.00585624290527757","0.00802308124764966","false","SLC13A3"
"MITD1","MITD1","MITD1","0.005251652024258852","7.38188976377953E-4","0.00976511507213975","false","MITD1"
"ZFAND2B","ZFAND2B","ZFAND2B",,,"6.53262684183785E-4","false","ZFAND2B"
"CCAR2","CCAR2","CCAR2","2.903389707483485E-4","0.0","5.80677941496697E-4","false","CCAR2"
"ALG8","ALG8","ALG8","5.056440888585845E-4","4.30610236220472E-4","5.80677941496697E-4","false","ALG8"
"SYNJ1","SYNJ1","SYNJ1","1.84547244094488E-4","3.69094488188976E-4","0.0","false","SYNJ1"
"LAD1","LAD1","LAD1","0.0273788926892418","0.0395826397954293","0.0151751455830543","false","LAD1"
"DFFA","DFFA","DFFA","0.0021183610227913565","0.00380121358946019","4.35508456122523E-4","false","DFFA"
"ZNF66","ZNF66","ZNF66","0.0011256997890755945","7.99704724409449E-4","0.00145169485374174","false","ZNF66"
"RDH13","RDH13","RDH13","7.904485622791391E-4","4.92125984251968E-4","0.00108877114030631","false","RDH13"
"RUSC1","RUSC1","RUSC1","0.013071134850237146","1.23031496062992E-4","0.0260192382044113","false","RUSC1"
"PTH1R","PTH1R","PTH1R","7.012603276086646E-4","6.76673228346457E-4","7.25847426870872E-4","false","PTH1R"
"CPSF4","CPSF4","CPSF4","1.451694853741745E-4","0.0","2.90338970748349E-4","false","CPSF4"
"ALKBH4","ALKBH4","ALKBH4","0.00868920666638678","0.0159993032217189","0.00137911011105466","false","ALKBH4"
"BDH1","BDH1","BDH1","0.0023459332304450664","7.38188976377953E-4","0.00395367748451218","false","BDH1"
"FLYWCH2","FLYWCH2","FLYWCH2","0.015594386676497306","0.02854162123685","0.00264715211614461","false","FLYWCH2"
"ZFPL1","ZFPL1","ZFPL1","7.82464955000317E-4","9.84251968503937E-4","5.80677941496697E-4","false","ZFPL1"
"ZSWIM5","ZSWIM5","ZSWIM5","6.1697031284024E-4","0.0","0.00123394062568048","false","ZSWIM5"
"LZIC","LZIC","LZIC","0.0024235882835595786","9.84251968503937E-4","0.00386292459861522","false","LZIC"
"SCNN1D","SCNN1D","SCNN1D","7.147784322152809E-4","1.23031496062992E-4","0.00130652536836757","false","SCNN1D"
"FAAP20","FAAP20","FAAP20","5.97917710905829E-4","6.15157480314961E-4","5.80677941496697E-4","false","FAAP20"
"GBP4","GBP4","GBP4","0.01265092360422","0.0124370208743284","0.0128648263341116","false","GBP4"
"EXTL2","EXTL2","EXTL2","8.71016912245045E-4","0.0","0.00174203382449009","false","EXTL2"
"NLRP3","NLRP3","NLRP3","6.114358155124431E-4","6.15157480314961E-5","0.00116135588299339","false","NLRP3"
"BPNT1","BPNT1","BPNT1","2.903389707483485E-4","0.0","5.80677941496697E-4","false","BPNT1"
"PPP1R21","PPP1R21","PPP1R21","0.0013912410410689936","0.00220180414064129","5.80677941496697E-4","false","PPP1R21"
"DUSP19","DUSP19","DUSP19","7.627760756401605E-4","7.99704724409449E-4","7.25847426870872E-4","false","DUSP19"
"SCNM1","SCNM1","SCNM1","0.0034761813339836377","0.00629909998378349","6.53262684183785E-4","false","SCNM1"
"ERCC3","ERCC3","ERCC3","0.0030732909380129596","0.00585624290527757","2.90338970748349E-4","false","ERCC3"
"SLC15A2","SLC15A2","SLC15A2","2.903389707483485E-4","0.0","5.80677941496697E-4","false","SLC15A2"
"RNF25","RNF25","RNF25","3.826125927955925E-4","1.84547244094488E-4","5.80677941496697E-4","false","RNF25"
"AZI2","AZI2","AZI2","3.9676697482795404E-4","4.30610236220472E-4","3.62923713435436E-4","false","AZI2"
"ZMYM6","ZMYM6","ZMYM6","0.004773680422039245","0.0","0.00954736084407849","false","ZMYM6"
"YEATS2","YEATS2","YEATS2","0.00547185536227114","3.0757874015748E-4","0.0106361319843848","false","YEATS2"
"TASOR","TASOR","TASOR","0.0010168226750449645","7.99704724409449E-4","0.00123394062568048","false","TASOR"
"EXO5","EXO5","EXO5","0.004600838450026095","3.0757874015748E-4","0.00889409815989471","false","EXO5"
"ZNF589","ZNF589","ZNF589","0.003870261473015035","0.00364167597614371","0.00409884696988636","false","ZNF589"
"MST1R","MST1R","MST1R","0.002233970729037668","3.69094488188976E-4","0.00409884696988636","false","MST1R"
"ARFIP1","ARFIP1","ARFIP1","0.0022193521601049358","4.30610236220472E-4","0.0040080940839894","false","ARFIP1"
"TMEM184C","TMEM184C","TMEM184C","5.5609084223449E-4","6.76673228346457E-4","4.35508456122523E-4","false","TMEM184C"
"KLKB1","KLKB1","KLKB1","0.003071591577611546","1.23031496062992E-4","0.0060201516591601","false","KLKB1"
"SLC13A4","SLC13A4","SLC13A4","0.002314776804849105","0.00339561298401773","0.00123394062568048","false","SLC13A4"
"PGAM2","PGAM2","PGAM2","4.27524848843702E-4","4.92125984251968E-4","3.62923713435436E-4","false","PGAM2"
"CDK5","CDK5","CDK5","9.497724296856715E-4","7.38188976377953E-4","0.00116135588299339","false","CDK5"
"RPP25L","RPP25L","RPP25L","5.5609084223449E-4","6.76673228346457E-4","4.35508456122523E-4","false","RPP25L"
"MYORG","MYORG","MYORG","0.004487063116093416","0.00116879921259843","0.0078053270195884","false","MYORG"
"FXN","FXN","FXN","0.002965799850957684","4.92125984251968E-4","0.0054394737176634","false","FXN"
"TSHR","TSHR","TSHR","0.00174799397975089","0.00146361516426334","0.00203237279523844","false","TSHR"
"CRYL1","CRYL1","CRYL1","0.011468450969879296","1.23031496062992E-4","0.0228138704436956","false","CRYL1"
"DIPK1B","DIPK1B","DIPK1B","3.35251226796458E-4","3.0757874015748E-4","3.62923713435436E-4","false","DIPK1B"
"ARHGEF40","ARHGEF40","ARHGEF40","0.004196087867919318","3.69094488188976E-4","0.00802308124764966","false","ARHGEF40"
"ZFYVE19","ZFYVE19","ZFYVE19","0.001332810680414266","0.00244786713276727","2.17754228061262E-4","false","ZFYVE19"
"TRIM44","TRIM44","TRIM44","0.001323576058072305","0.0","0.00264715211614461","false","TRIM44"
"TK2","TK2","TK2",,,"0.0040080940839894","false","TK2"
"TMEM135","TMEM135","TMEM135","4.1645585418811145E-4","6.15157480314961E-4","2.17754228061262E-4","false","TMEM135"
"CATSPER2","CATSPER2","CATSPER2","2.7926997609275747E-4","1.23031496062992E-4","4.35508456122523E-4","false","CATSPER2"
"PEX11A","PEX11A","PEX11A","2.0668523340567051E-4","1.23031496062992E-4","2.90338970748349E-4","false","PEX11A"
"PIP4K2C","PIP4K2C","PIP4K2C","8.464298129828385E-4","6.76673228346457E-4","0.00101618639761922","false","PIP4K2C"
"KATNAL2","KATNAL2","KATNAL2","0.016138695677492168","9.84251968503937E-4","0.0312931393864804","false","KATNAL2"
"DUS2","DUS2","DUS2","0.00540531226949821","0.00317329332065266","0.00763733121834376","false","DUS2"
"ENGASE","ENGASE","ENGASE","0.006070074025218095","0.00755137602495009","0.0045887720254861","false","ENGASE"
"TEPSIN","TEPSIN","TEPSIN","0.0010033045704383474","0.00135334645669291","6.53262684183785E-4","false","TEPSIN"
"ZNF23","ZNF23","ZNF23","0.00420585118263599","0.00440360828128258","0.0040080940839894","false","ZNF23"
"ZNF668","ZNF668","ZNF668","0.01029281392636527","0.0191339329989888","0.00145169485374174","false","ZNF668"
"ZNF528","ZNF528","ZNF528","0.001858877556620525","0.0","0.00371775511324105","false","ZNF528"
"ATCAY","ATCAY","ATCAY","6.1697031284024E-4","0.0","0.00123394062568048","false","ATCAY"
"ZNF444","ZNF444","ZNF444","0.0051853832031824","0.0","0.0103707664063648","false","ZNF444"
"GPT","GPT","GPT","0.0032884174318720664","7.38188976377953E-4","0.00583864588736618","false","GPT"
"RCOR2","RCOR2","RCOR2","0.002657309726178485","0.0","0.00531461945235697","false","RCOR2"
"HID1","HID1","HID1","1.81461856717718E-4","0.0","3.62923713435436E-4","false","HID1"
"ABCA3","ABCA3","ABCA3","0.009859722217235925","0.00525206596523095","0.0144673784692409","false","ABCA3"
"POLR2G","POLR2G","POLR2G","0.006742778209787115","0.0102033097624557","0.00328224665711853","false","POLR2G"
"MAP4K2","MAP4K2","MAP4K2","2.54046599404805E-4","0.0","5.0809319880961E-4","false","MAP4K2"
"THAP11","THAP11","THAP11","0.00251214024080431","0.0","0.00502428048160862","false","THAP11"
"COG7","COG7","COG7","0.01003020518243163","6.15157480314961E-4","0.0194452528845483","false","COG7"
"CDC40","CDC40","CDC40","7.123293222642555E-4","5.53641732283465E-4","8.71016912245046E-4","false","CDC40"
"MTCL1","MTCL1","MTCL1","8.18757326343861E-4","9.84251968503937E-4","6.53262684183785E-4","false","MTCL1"
"TMEM223","TMEM223","TMEM223","0.006268865609735655","0.0120296380206617","5.0809319880961E-4","false","TMEM223"
"LRATD2","LRATD2","LRATD2","0.003362291718589665","0.00184547244094488","0.00487911099623445","false","LRATD2"
"SEMA4C","SEMA4C","SEMA4C","0.01600746413377575","0.0180101787240194","0.0140047495435321","false","SEMA4C"
"ANKRD49","ANKRD49","ANKRD49","7.40001808903232E-4","2.46062992125984E-4","0.00123394062568048","false","ANKRD49"
"SPRY3","SPRY3","SPRY3","0.0070325719581655005","0.00474895944071064","0.00931618447562036","false","SPRY3"
"CEP120","CEP120","CEP120","3.992160847789795E-4","0.0","7.98432169557959E-4","false","CEP120"
"CPLX1","CPLX1","CPLX1","0.003893056131923387","2.46062992125984E-4","0.00754004927172079","false","CPLX1"
"CD2BP2","CD2BP2","CD2BP2","0.0023928304095438306","9.22736220472441E-4","0.00386292459861522","false","CD2BP2"
"CA5B","CA5B","CA5B","3.992160847789795E-4","0.0","7.98432169557959E-4","false","CA5B"
"SCN9A","SCN9A","SCN9A","0.0022501100341206838","4.92125984251968E-4","0.0040080940839894","false","SCN9A"
"INO80E","INO80E","INO80E","0.0057407417752527445","0.00747338946651609","0.0040080940839894","false","INO80E"
"LUZP1","LUZP1","LUZP1","0.007434067041004981","6.15157480314961E-4","0.014252976601695","false","LUZP1"
"FRMPD4","FRMPD4","FRMPD4","0.004495872062731265","0.0","0.00899174412546253","false","FRMPD4"
"CNTROB","CNTROB","CNTROB","0.015970145993552","0.018577617894369","0.013362674092735","false","CNTROB"
"PWWP2A","PWWP2A","PWWP2A","0.009765031848195499","0.0189493857548943","5.80677941496697E-4","false","PWWP2A"
"GLB1","GLB1","GLB1","0.00215783641207344","3.0757874015748E-4","0.0040080940839894","false","GLB1"
"RALGAPB","RALGAPB","RALGAPB","0.007762391751096248","0.0149441055606958","5.80677941496697E-4","false","RALGAPB"
"GSTA4","GSTA4","GSTA4","0.002284228402709175","0.0","0.00456845680541835","false","GSTA4"
"GIMAP8","GIMAP8","GIMAP8","0.001358244676594963","0.00184547244094488","8.71016912245046E-4","false","GIMAP8"
"NAIF1","NAIF1","NAIF1","3.881470901233885E-4","1.23031496062992E-4","6.53262684183785E-4","false","NAIF1"
"FAM241B","FAM241B","FAM241B","0.009119978742138934","0.0135060159734176","0.00473394151086027","false","FAM241B"
"SHCBP1","SHCBP1","SHCBP1","0.00794628130963846","0.0120296380206617","0.00386292459861522","false","SHCBP1"
"PLRG1","PLRG1","PLRG1","9.559432044392165E-4","0.00147637795275591","4.35508456122523E-4","false","PLRG1"
"ENC1","ENC1","ENC1","0.002146767417417846","4.30610236220472E-4","0.00386292459861522","false","ENC1"
"P2RY6","P2RY6","P2RY6","0.007711971364522698","6.15157480314961E-5","0.0153624269810139","false","P2RY6"
"RHNO1","RHNO1","RHNO1","2.903389707483485E-4","0.0","5.80677941496697E-4","false","RHNO1"
"METTL18","METTL18","METTL18","0.00140478068546396","3.0757874015748E-4","0.00250198263077044","false","METTL18"
"CFAP53","CFAP53","CFAP53","0.0017420824706312285","0.00290348699976576","5.80677941496697E-4","false","CFAP53"
"AGAP5","AGAP5","AGAP5","8.439807030318136E-4","0.00110728346456693","5.80677941496697E-4","false","AGAP5"
"ZFAND4","ZFAND4","ZFAND4","0.008437087991886765","0.00104576771653543","0.0158284082672381","false","ZFAND4"
"CORO1B","CORO1B","CORO1B","0.00843600595886831","0.00129183070866142","0.0155801812090752","false","CORO1B"
"FUT10","FUT10","FUT10","5.056440888585845E-4","4.30610236220472E-4","5.80677941496697E-4","false","FUT10"
"MUS81","MUS81","MUS81","0.0043771885721783765","7.38188976377953E-4","0.0080161881679788","false","MUS81"
"PSME3IP1","PSME3IP1","PSME3IP1","1.7039286206212698E-4","1.23031496062992E-4","2.17754228061262E-4","false","PSME3IP1"
"METAP1D","METAP1D","METAP1D","0.001920393304652021","1.23031496062992E-4","0.00371775511324105","false","METAP1D"
"EGFL7","EGFL7","EGFL7",,,"0.0108789474353268","false","EGFL7"
"DHCR7","DHCR7","DHCR7","4.97024204154019E-4","1.23031496062992E-4","8.71016912245046E-4","false","DHCR7"
"MAP3K11","MAP3K11","MAP3K11","0.02351170161722875","0.0218447091121896","0.0251786941222679","false","MAP3K11"
"THAP2","THAP2","THAP2","0.007919385973077698","6.15157480314961E-5","0.0157772561981239","false","THAP2"
"PC","PC","PC","0.0024849319410657","0.0","0.0049698638821314","false","PC"
"SCAI","SCAI","SCAI","0.00718626534626341","0.00351864448008072","0.0108538862124461","false","SCAI"
"BCLAF3","BCLAF3","BCLAF3","0.003758536697453166","0.00679122596803546","7.25847426870872E-4","false","BCLAF3"
"WFIKKN2","WFIKKN2","WFIKKN2","0.00117840657269813","0.0","0.00235681314539626","false","WFIKKN2"
"ENDOV","ENDOV","ENDOV","0.0019660074734460294","0.00364167597614371","2.90338970748349E-4","false","ENDOV"
"TMEM81","TMEM81","TMEM81","3.266313420918925E-4","0.0","6.53262684183785E-4","false","TMEM81"
"KCTD13","KCTD13","KCTD13","0.008406330117871019","9.84251968503937E-4","0.0158284082672381","false","KCTD13"
"ZIC4","ZIC4","ZIC4","0.002688067600194233","6.15157480314961E-5","0.00531461945235697","false","ZIC4"
"ATR","ATR","ATR","0.005761088340165198","0.0109414987388337","5.80677941496697E-4","false","ATR"
"SPSB4","SPSB4","SPSB4","0.004309485060214318","3.69094488188976E-4","0.00824987563223966","false","SPSB4"
"DOLK","DOLK","DOLK","0.0027761006878917003","0.00439084549279001","0.00116135588299339","false","DOLK"
"CCDC14","CCDC14","CCDC14","0.0024187556989776838","0.00425683345645867","5.80677941496697E-4","false","CCDC14"
"TOM1L2","TOM1L2","TOM1L2","3.62923713435436E-4","0.0","7.25847426870872E-4","false","TOM1L2"
"B3GNTL1","B3GNTL1","B3GNTL1","0.008391093702820217","9.84251968503937E-4","0.0157979354371365","false","B3GNTL1"
"SLC35E3","SLC35E3","SLC35E3","0.0022279720448095015","7.38188976377953E-4","0.00371775511324105","false","SLC35E3"
"RTTN","RTTN","RTTN","0.011208109224199181","0.0143931372007487","0.00802308124764966","false","RTTN"
"VPS37D","VPS37D","VPS37D","6.988112176576394E-4","0.00110728346456693","2.90338970748349E-4","false","VPS37D"
"RNF152","RNF152","RNF152","0.0011423032810589805","6.15157480314961E-4","0.001669449081803","false","RNF152"
"OR10AB1P","OR10AB1P","OR10AB1P","0.00849858635575376","0.0131342481128923","0.00386292459861522","false","OR10AB1P"
"CDK5R1","CDK5R1","CDK5R1","0.0022200540728508347","0.00364167597614371","7.98432169557959E-4","false","CDK5R1"
"RUFY1","RUFY1","RUFY1","0.0023731415301836765","7.38188976377953E-4","0.0040080940839894","false","RUFY1"
"SEC24C","SEC24C","SEC24C","3.992160847789795E-4","0.0","7.98432169557959E-4","false","SEC24C"
"MTX3","MTX3","MTX3","0.003750212837864659","0.00691974773423262","5.80677941496697E-4","false","MTX3"
"PPFIA3","PPFIA3","PPFIA3","9.805303037014196E-4","7.99704724409449E-4","0.00116135588299339","false","PPFIA3"
"PIDD1","PIDD1","PIDD1","0.007878548039701224","7.99704724409449E-4","0.014957391354993","false","PIDD1"
"GBA","GBA","GBA","7.461725836567735E-4","9.84251968503937E-4","5.0809319880961E-4","false","GBA"
"ZNF518A","ZNF518A","ZNF518A","0.005537163337350373","0.0102033097624557","8.71016912245046E-4","false","ZNF518A"
"SVBP","SVBP","SVBP","0.003646928520432355","0.00377568801247505","0.00351816902838966","false","SVBP"
"ZBTB41","ZBTB41","ZBTB41","0.002806902789101075","0.00437986495252167","0.00123394062568048","false","ZBTB41"
"IMP3","IMP3","IMP3","0.007360756884919904","0.00343211910127121","0.0112893946685686","false","IMP3"
"DMAP1","DMAP1","DMAP1","0.0217284664446799","0.018577617894369","0.0248793149949908","false","DMAP1"
"ALS2CL","ALS2CL","ALS2CL","0.002841856970272973","3.69094488188976E-4","0.00531461945235697","false","ALS2CL"
"GOLGA8Q","GOLGA8Q","GOLGA8Q","0.00594872097163643","0.0116796877152116","2.17754228061262E-4","false","GOLGA8Q"
"KLHL11","KLHL11","KLHL11","5.27782078169767E-4","1.84547244094488E-4","8.71016912245046E-4","false","KLHL11"
"SLC25A20","SLC25A20","SLC25A20","0.001641123328559265","0.0","0.00328224665711853","false","SLC25A20"
"GPR35","GPR35","GPR35","0.00175908451419483","0.0","0.00351816902838966","false","GPR35"
"DHFR2","DHFR2","DHFR2","0.002177525291433594","4.92125984251968E-4","0.00386292459861522","false","DHFR2"
"OPLAH","OPLAH","OPLAH","1.451694853741745E-4","0.0","2.90338970748349E-4","false","OPLAH"
"GIMAP7","GIMAP7","GIMAP7","0.001358244676594963","0.00184547244094488","8.71016912245046E-4","false","GIMAP7"
"FUCA1","FUCA1","FUCA1","0.009322684944097175","0.00281696162095625","0.0158284082672381","false","FUCA1"
"GVQW3","GVQW3","GVQW3","6.92640442904098E-4","3.69094488188976E-4","0.00101618639761922","false","GVQW3"
"ARID3B","ARID3B","ARID3B","0.003775240946415515","0.00354238780884163","0.0040080940839894","false","ARID3B"
"DNHD1","DNHD1","DNHD1","0.002769272227585883","3.69094488188976E-4","0.00516944996698279","false","DNHD1"
"FOXS1","FOXS1","FOXS1","8.27377211048428E-4","0.00129183070866142","3.62923713435436E-4","false","FOXS1"
"MROH1","MROH1","MROH1","0.0019522516429938833","6.76673228346457E-4","0.00322783005764131","false","MROH1"
"DCTPP1","DCTPP1","DCTPP1","0.002370520329707273","6.15157480314961E-5","0.00467952491138305","false","DCTPP1"
"LINC00304","LINC00304","LINC00304","4.718008274660665E-4","0.0","9.43601654932133E-4","false","LINC00304"
"ZNF594","ZNF594","ZNF594","0.00758338384911466","0.00330908760520822","0.0118576800930211","false","ZNF594"
"ZFP3","ZFP3","ZFP3","0.002306793197570286","0.0038877389682697","7.25847426870872E-4","false","ZFP3"
"ZNF792","ZNF792","ZNF792","0.004831320719078773","0.00929971772472211","3.62923713435436E-4","false","ZNF792"
"SLC25A42","SLC25A42","SLC25A42","5.364019628743325E-4","4.92125984251968E-4","5.80677941496697E-4","false","SLC25A42"
"ZNF678","ZNF678","ZNF678",,,"0.0040080940839894","false","ZNF678"
"SGSH","SGSH","SGSH","0.00900271990833846","0.00593000549559452","0.0120754343210824","false","SGSH"
"SLC2A4","SLC2A4","SLC2A4","6.594334589373251E-4","7.38188976377953E-4","5.80677941496697E-4","false","SLC2A4"
"PRKAG1","PRKAG1","PRKAG1","0.005668889302729779","6.76673228346457E-4","0.0106611053771131","false","PRKAG1"
"EXOC7","EXOC7","EXOC7","0.0039316746945823764","0.00691974773423262","9.43601654932133E-4","false","EXOC7"
"FAM104B","FAM104B","FAM104B","0.00876263730096021","0.00129183070866142","0.016233443893259","false","FAM104B"
"PAQR7","PAQR7","PAQR7","0.002490002251493127","2.46062992125984E-4","0.00473394151086027","false","PAQR7"
"CNOT10","CNOT10","CNOT10","0.0010365115544051235","9.84251968503937E-4","0.00108877114030631","false","CNOT10"
"ZNF320","ZNF320","ZNF320","0.0053901104394345764","7.38188976377953E-4","0.0100420319024912","false","ZNF320"
"C12orf60","C12orf60","C12orf60","9.276344403744915E-4","9.84251968503937E-4","8.71016912245046E-4","false","C12orf60"
"ABAT","ABAT","ABAT","0.007804244986569942","2.46062992125984E-4","0.0153624269810139","false","ABAT"
"GJD3","GJD3","GJD3","0.02191475316412122","0.043466582614807","3.62923713435436E-4","false","GJD3"
"FANCF","FANCF","FANCF","0.006489160528552386","0.0122524736302339","7.25847426870872E-4","false","FANCF"
"SF3A3","SF3A3","SF3A3","0.0025293800102134407","6.15157480314961E-4","0.00444360254011192","false","SF3A3"
"GTF2H2C","GTF2H2C","GTF2H2C","7.2584742687087E-4","0.0","0.00145169485374174","false","GTF2H2C"
"BMP8A","BMP8A","BMP8A","0.0015757882851634784","0.00257089862883026","5.80677941496697E-4","false","BMP8A"
"B3GALT5","B3GALT5","B3GALT5","0.0018581436486330076","0.00306302461308223","6.53262684183785E-4","false","B3GALT5"
"ZNF703","ZNF703","ZNF703","8.40895315655043E-4","7.38188976377953E-4","9.43601654932133E-4","false","ZNF703"
"PGP","PGP","PGP","0.006397431603126448","0.0122141852647562","5.80677941496697E-4","false","PGP"
"C22orf46","C22orf46","C22orf46","0.00395898552078514","0.00376470747220671","0.00415326356936357","false","C22orf46"
"TXNRD2","TXNRD2","TXNRD2","0.00303874576387454","0.00221456692913386","0.00386292459861522","false","TXNRD2"
"TMEM255B","TMEM255B","TMEM255B","0.004733315170152684","1.84547244094488E-4","0.00928208309621088","false","TMEM255B"
"MUC6","MUC6","MUC6","0.00427205453107679","0.00439084549279001","0.00415326356936357","false","MUC6"
"ZBTB37","ZBTB37","ZBTB37","0.01061415613812328","0.00950340915155546","0.0117249031246911","false","ZBTB37"
"FAM174B","FAM174B","FAM174B","0.0030768509677433636","9.84251968503937E-4","0.00516944996698279","false","FAM174B"
"ZSWIM9","ZSWIM9","ZSWIM9","8.63033304966224E-4","4.92125984251968E-4","0.00123394062568048","false","ZSWIM9"
"L3MBTL1","L3MBTL1","L3MBTL1","0.0013912410410689936","0.00220180414064129","5.80677941496697E-4","false","L3MBTL1"
"ZBTB3","ZBTB3","ZBTB3","0.0020040470419947","0.0","0.0040080940839894","false","ZBTB3"
"THNSL1","THNSL1","THNSL1","0.004229294851886095","0.0","0.00845858970377219","false","THNSL1"
"SETD4","SETD4","SETD4","0.003572585627866875","0.0","0.00714517125573375","false","SETD4"
"ZNF267","ZNF267","ZNF267","0.0014123657411625695","0.00253439251157679","2.90338970748349E-4","false","ZNF267"
"FAM186A","FAM186A","FAM186A",,,"5.80677941496697E-4","false","FAM186A"
"SDHAP3","SDHAP3","SDHAP3","0.00113431967378016","0.00110728346456693","0.00116135588299339","false","SDHAP3"
"BCL9L","BCL9L","BCL9L","0.002596894442473103","3.69094488188976E-4","0.00482469439675723","false","BCL9L"
"KDM4D","KDM4D","KDM4D","2.1221973073346607E-4","6.15157480314961E-5","3.62923713435436E-4","false","KDM4D"
"TMEM222","TMEM222","TMEM222","0.002214281849677509","1.84547244094488E-4","0.00424401645526053","false","TMEM222"
"LYRM7","LYRM7","LYRM7","0.01432494709948314","0.00232483563670428","0.026325058562262","false","LYRM7"
"PPARA","PPARA","PPARA","3.690944881889765E-4","7.38188976377953E-4","0.0","false","PPARA"
"FOXD3","FOXD3","FOXD3","0.013197181728203035","0.00292723032852667","0.0234671331278794","false","FOXD3"
"RNF220","RNF220","RNF220","6.477281868559881E-4","6.15157480314961E-5","0.00123394062568048","false","RNF220"
"NHLRC1","NHLRC1","NHLRC1","9.356180476533141E-4","4.92125984251968E-4","0.00137911011105466","false","NHLRC1"
"VMAC","VMAC","VMAC","6.1697031284024E-4","0.0","0.00123394062568048","false","VMAC"
"C2orf88","C2orf88","C2orf88","6.010030982825995E-4","9.84251968503937E-4","2.17754228061262E-4","false","C2orf88"
"KLHL17","KLHL17","KLHL17","0.0031936946998737986","9.84251968503937E-4","0.00540313743124366","false","KLHL17"
"AGRN","AGRN","AGRN","0.0013543339320880529","6.15157480314961E-5","0.00264715211614461","false","AGRN"
"C3orf62","C3orf62","C3orf62","9.307198277512599E-4","0.00135334645669291","5.0809319880961E-4","false","C3orf62"
"SBK1","SBK1","SBK1","8.63033304966224E-4","4.92125984251968E-4","0.00123394062568048","false","SBK1"
"BLOC1S5","BLOC1S5","BLOC1S5","0.0058386458873662","0.0","0.0116772917747324","false","BLOC1S5"
"C19orf54","C19orf54","C19orf54","5.80677941496695E-4","0.0","0.00116135588299339","false","C19orf54"
"NDOR1","NDOR1","NDOR1","0.0021726927068517034","0.00376470747220671","5.80677941496697E-4","false","NDOR1"
"FAM78B","FAM78B","FAM78B","0.01139998440200125","0.0182111967785164","0.0045887720254861","false","FAM78B"
"MSANTD1","MSANTD1","MSANTD1","0.00454536435190875","0.00305026182458966","0.00604046687922784","false","MSANTD1"
"KCTD21","KCTD21","KCTD21","0.024623571501381086","0.0439325235504052","0.00531461945235697","false","KCTD21"
"ZKSCAN3","ZKSCAN3","ZKSCAN3","5.97917710905829E-4","6.15157480314961E-4","5.80677941496697E-4","false","ZKSCAN3"
"FAM53B","FAM53B","FAM53B","0.003295943385976275","0.00499502243283663","0.00159686433911592","false","FAM53B"
"RASSF10","RASSF10","RASSF10","0.003540668187930615","0.00147637795275591","0.00560495842310532","false","RASSF10"
"FAT4","FAT4","FAT4","1.23031496062992E-4","2.46062992125984E-4","0.0","false","FAT4"
"ZNF766","ZNF766","ZNF766","0.0020040470419947","0.0","0.0040080940839894","false","ZNF766"
"FAM217B","FAM217B","FAM217B","0.001153372275714574","4.92125984251968E-4","0.00181461856717718","false","FAM217B"
"LCOR","LCOR","LCOR",,,"0.00802308124764966","false","LCOR"
"ZNF493","ZNF493","ZNF493","0.012120399479534685","0.00452663977734557","0.0197141591817238","false","ZNF493"
"CGB7","CGB7","CGB7","3.2109684476409656E-4","6.15157480314961E-5","5.80677941496697E-4","false","CGB7"
"INCA1","INCA1","INCA1","0.00197010615004041","0.00343211910127121","5.0809319880961E-4","false","INCA1"
"EPHB4","EPHB4","EPHB4","0.00351944158324115","0.0015994094488189","0.0054394737176634","false","EPHB4"
"ZNF775","ZNF775","ZNF775","2.903389707483485E-4","0.0","5.80677941496697E-4","false","ZNF775"
"C20orf96","C20orf96","C20orf96","7.68310572967956E-4","7.38188976377953E-4","7.98432169557959E-4","false","C20orf96"
"BORCS6","BORCS6","BORCS6","0.00581996293247995","0.0","0.0116399258649599","false","BORCS6"
"AJAP1","AJAP1","AJAP1","0.002146767417417846","4.30610236220472E-4","0.00386292459861522","false","AJAP1"
"ZFP62","ZFP62","ZFP62",,,"5.80677941496697E-4","false","ZFP62"
"TRPV1","TRPV1","TRPV1","0.00834632319063679","0.00265742400763978","0.0140352223736338","false","TRPV1"
"ZNF431","ZNF431","ZNF431","5.530054548577195E-4","3.0757874015748E-4","7.98432169557959E-4","false","ZNF431"
"LAMB3","LAMB3","LAMB3","2.1221973073346607E-4","6.15157480314961E-5","3.62923713435436E-4","false","LAMB3"
"PCNX3","PCNX3","PCNX3","2.903389707483485E-4","0.0","5.80677941496697E-4","false","PCNX3"
"ABCB8","ABCB8","ABCB8","8.90705791605204E-4","1.84547244094488E-4","0.00159686433911592","false","ABCB8"
"NOL4L","NOL4L","NOL4L","0.002996557724973433","5.53641732283465E-4","0.0054394737176634","false","NOL4L"
"ZNF720","ZNF720","ZNF720","6.840205581995331E-4","6.15157480314961E-5","0.00130652536836757","false","ZNF720"
"FBXL22","FBXL22","FBXL22","0.0012653347771219726","8.61220472440945E-4","0.001669449081803","false","FBXL22"
"GSTK1","GSTK1","GSTK1","0.00607363988483658","6.15157480314961E-4","0.0115321222893582","false","GSTK1"
"HOXA4","HOXA4","HOXA4","0.014766905646454434","0.0282272859245413","0.00130652536836757","false","HOXA4"
"ZNF81","ZNF81","ZNF81","0.0030399053297950587","6.76673228346457E-4","0.00540313743124366","false","ZNF81"
"GOLGA6L9","GOLGA6L9","GOLGA6L9","0.00418780874350199","0.00364167597614371","0.00473394151086027","false","GOLGA6L9"
"SULT1C4","SULT1C4","SULT1C4","2.1221973073346607E-4","6.15157480314961E-5","3.62923713435436E-4","false","SULT1C4"
"NPIPB6","NPIPB6","NPIPB6","0.00154133028613357","0.0","0.00308266057226714","false","NPIPB6"
"ZNF251","ZNF251","ZNF251","0.003925844172138525","0.00654516297590948","0.00130652536836757","false","ZNF251"
"SZT2","SZT2","SZT2","0.00885889710772544","0.00969471296780122","0.00802308124764966","false","SZT2"
"ZNF480","ZNF480","ZNF480","3.604746034844105E-4","4.30610236220472E-4","2.90338970748349E-4","false","ZNF480"
"ZNF808","ZNF808","ZNF808","7.904485622791391E-4","4.92125984251968E-4","0.00108877114030631","false","ZNF808"
"CNGA1","CNGA1","CNGA1","0.0023877600991164087","6.76673228346457E-4","0.00409884696988636","false","CNGA1"
"CTNND1","CTNND1","CTNND1",,,"0.00293749108689296","false","CTNND1"
"C6orf89","C6orf89","C6orf89","7.7075968291898E-4","3.0757874015748E-4","0.00123394062568048","false","C6orf89"
"MT-ND6","MT-ND6","MT-ND6","0.00787963695190901","0.0147430875061988","0.00101618639761922","false","MT-ND6"
"MSRB1","MSRB1","MSRB1","0.001720979310326005","0.00123031496062992","0.00221164366002209","false","MSRB1"
"MT-ND5","MT-ND5","MT-ND5","0.007915929323252555","0.0147430875061988","0.00108877114030631","false","MT-ND5"
"RUNDC1","RUNDC1","RUNDC1","6.34210082249373E-4","6.15157480314961E-4","6.53262684183785E-4","false","RUNDC1"
"ITPRIPL1","ITPRIPL1","ITPRIPL1","0.010025249222353868","0.0196875747312723","3.62923713435436E-4","false","ITPRIPL1"
"MT-ND1","MT-ND1","MT-ND1","4.441283408270885E-4","3.0757874015748E-4","5.80677941496697E-4","false","MT-ND1"
"TATDN3","TATDN3","TATDN3","0.0","0.0","0.0","false","TATDN3"
"C6orf163","C6orf163","C6orf163","0.00401154062382483","0.0","0.00802308124764966","false","C6orf163"
"CCDC160","CCDC160","CCDC160","9.50408707111418E-4","0.0015378937007874","3.62923713435436E-4","false","CCDC160"
"HLA-DOA","HLA-DOA","HLA-DOA","0.0048587957761667","0.0","0.0097175915523334","false","HLA-DOA"
"PPP1R10","PPP1R10","PPP1R10","1.81461856717718E-4","0.0","3.62923713435436E-4","false","PPP1R10"
"STARD7-AS1","STARD7-AS1","STARD7-AS1","0.0019922441393515943","0.00318605610914523","7.98432169557959E-4","false","STARD7-AS1"
"ODAD4","ODAD4","ODAD4","0.007487951839626816","0.00110728346456693","0.0138686202146867","false","ODAD4"
"UQCC3","UQCC3","UQCC3","0.001008839067766146","0.00129183070866142","7.25847426870872E-4","false","UQCC3"
"FBXO48","FBXO48","FBXO48","0.001211802636369302","2.46062992125984E-4","0.00217754228061262","false","FBXO48"
"TRIQK","TRIQK","TRIQK","0.0022193521601049358","4.30610236220472E-4","0.0040080940839894","false","TRIQK"
"SDHAF1","SDHAF1","SDHAF1","0.003909450152030955","0.00339561298401773","0.00442328732004418","false","SDHAF1"
"SNX2","SNX2","SNX2","0.0042873470709031405","6.15157480314961E-4","0.00795953666149132","false","SNX2"
"TECPR1","TECPR1","TECPR1","0.0010057536803893756","9.22736220472441E-4","0.00108877114030631","false","TECPR1"
"CNEP1R1","CNEP1R1","CNEP1R1","4.2443946146693203E-4","1.23031496062992E-4","7.25847426870872E-4","false","CNEP1R1"
"ATP6AP1L","ATP6AP1L","ATP6AP1L","0.01551969122454375","0.0120296380206617","0.0190097444284258","false","ATP6AP1L"
"CCDC85C","CCDC85C","CCDC85C","0.00193146229930761","0.0","0.00386292459861522","false","CCDC85C"
"RP9P","RP9P","RP9P","0.0","0.0","0.0","false","RP9P"
"PLPP6","PLPP6","PLPP6","0.002076631784681785","0.0","0.00415326356936357","false","PLPP6"
"C21orf62-AS1","C21orf62-AS1","C21orf62-AS1","0.006674252469268198","0.0127678269970397","5.80677941496697E-4","false","C21orf62-AS1"
"NYNRIN","NYNRIN","NYNRIN","0.002842768354894692","2.46062992125984E-4","0.0054394737176634","false","NYNRIN"
"CFAP44","CFAP44","CFAP44","0.005097862654180111","4.30610236220472E-4","0.00976511507213975","false","CFAP44"
"ENSG00000206549.13","ENSG00000206549.13","ENSG00000206549.13","0.002830787975617379","4.92125984251968E-4","0.00516944996698279","false","ENSG00000206549.13"
"MT-TC","MT-TC","MT-TC","0.0020022998447895733","0.00364167597614371","3.62923713435436E-4","false","MT-TC"
"TSN","TSN","TSN","0.0040078459026906","0.00141486220472441","0.00660082960065679","false","TSN"
"ZNF611","ZNF611","ZNF611",,,"0.0146884850578175","false","ZNF611"
"ASIC3","ASIC3","ASIC3","5.364019628743325E-4","4.92125984251968E-4","5.80677941496697E-4","false","ASIC3"
"ZNF337-AS1","ZNF337-AS1","ZNF337-AS1","0.0026856184902432087","4.92125984251968E-4","0.00487911099623445","false","ZNF337-AS1"
"GTF2H4","GTF2H4","GTF2H4","0.011630468206808145","0.00789850943260239","0.0153624269810139","false","GTF2H4"
"LTB4R","LTB4R","LTB4R","0.002060730205444301","0.00339561298401773","7.25847426870872E-4","false","LTB4R"
"SCART1","SCART1","SCART1","0.01236424550321961","0.00129183070866142","0.0234366602977778","false","SCART1"
"NUTM2D","NUTM2D","NUTM2D","0.0021478678817439603","9.22736220472441E-4","0.00337299954301548","false","NUTM2D"
"TTC3P1","TTC3P1","TTC3P1","0.011486705158351878","6.76673228346457E-4","0.0222967370883573","false","TTC3P1"
"PEX26","PEX26","PEX26","0.0023691116153266435","0.00415754528915659","5.80677941496697E-4","false","PEX26"
"MIR99AHG","MIR99AHG","MIR99AHG","0.0043816777850469455","0.00752941494441341","0.00123394062568048","false","MIR99AHG"
"ENSG00000215493.3","ENSG00000215493.3","ENSG00000215493.3","5.813142189224426E-4","7.99704724409449E-4","3.62923713435436E-4","false","ENSG00000215493.3"
"LINC01356","LINC01356","LINC01356","0.00401154062382483","0.0","0.00802308124764966","false","LINC01356"
"LINC00339","LINC00339","LINC00339","0.0013912410410689936","0.00220180414064129","5.80677941496697E-4","false","LINC00339"
"NBPF1","NBPF1","NBPF1","0.0021042066407589923","0.0035551505973342","6.53262684183785E-4","false","NBPF1"
"TIGD1","TIGD1","TIGD1","1.81461856717718E-4","0.0","3.62923713435436E-4","false","TIGD1"
"TCAF1P1","TCAF1P1","TCAF1P1","3.266313420918925E-4","0.0","6.53262684183785E-4","false","TCAF1P1"
"LINC01422","LINC01422","LINC01422","0.017488484129351348","0.0102033097624557","0.024773658496247","false","LINC01422"
"LINP1","LINP1","LINP1","0.004460344848100325","0.00841259649739104","5.0809319880961E-4","false","LINP1"
"EDRF1-DT","EDRF1-DT","EDRF1-DT","6.1697031284024E-4","0.0","0.00123394062568048","false","EDRF1-DT"
"CPTP","CPTP","CPTP","0.00761753225208101","0.00123031496062992","0.0140047495435321","false","CPTP"
"FGGY-DT","FGGY-DT","FGGY-DT","3.62923713435436E-4","0.0","7.25847426870872E-4","false","FGGY-DT"
"RTCA-AS1","RTCA-AS1","RTCA-AS1","0.0023313146615123346","7.99704724409449E-4","0.00386292459861522","false","RTCA-AS1"
"MUC20P1","MUC20P1","MUC20P1","0.002737165707945225","0.00123031496062992","0.00424401645526053","false","MUC20P1"
"ENSG00000224848.3","ENSG00000224848.3","ENSG00000224848.3","0.007958034356648682","5.53641732283465E-4","0.0153624269810139","false","ENSG00000224848.3"
"GRTP1-AS1","GRTP1-AS1","GRTP1-AS1","0.00970739002722335","0.0","0.0194147800544467","false","GRTP1-AS1"
"JPX","JPX","JPX","0.007322046079971191","0.0134101515342619","0.00123394062568048","false","JPX"
"MTND2P28","MTND2P28","MTND2P28","0.00154133028613357","0.0","0.00308266057226714","false","MTND2P28"
"TRAM2-AS1","TRAM2-AS1","TRAM2-AS1","6.48364464281734E-4","8.61220472440945E-4","4.35508456122523E-4","false","TRAM2-AS1"
"KIF9-AS1","KIF9-AS1","KIF9-AS1","0.0020063985213839538","0.00343211910127121","5.80677941496697E-4","false","KIF9-AS1"
"ENSG00000228366.1","ENSG00000228366.1","ENSG00000228366.1","0.006328692408715275","7.99704724409449E-4","0.0118576800930211","false","ENSG00000228366.1"
"NUTM2E","NUTM2E","NUTM2E","6.988112176576394E-4","0.00110728346456693","2.90338970748349E-4","false","NUTM2E"
"VDAC1P8","VDAC1P8","VDAC1P8","1.451694853741745E-4","0.0","2.90338970748349E-4","false","VDAC1P8"
"ZNF688","ZNF688","ZNF688","2.7926997609275747E-4","1.23031496062992E-4","4.35508456122523E-4","false","ZNF688"
"KHDC1-AS1","KHDC1-AS1","KHDC1-AS1","5.364019628743325E-4","4.92125984251968E-4","5.80677941496697E-4","false","KHDC1-AS1"
"TMEM254-AS1","TMEM254-AS1","TMEM254-AS1","4.66266330138271E-4","6.15157480314961E-5","8.71016912245046E-4","false","TMEM254-AS1"
"GOLGA6L5P","GOLGA6L5P","GOLGA6L5P","0.00673589210077309","3.0757874015748E-4","0.0131642054613887","false","GOLGA6L5P"
"ENSG00000231324.1","ENSG00000231324.1","ENSG00000231324.1","0.0024021079798006747","0.004513876988853","2.90338970748349E-4","false","ENSG00000231324.1"
"LINC02613","LINC02613","LINC02613","0.008037666856337545","0.0109058837456923","0.00516944996698279","false","LINC02613"
"PCAT7","PCAT7","PCAT7","1.81461856717718E-4","0.0","3.62923713435436E-4","false","PCAT7"
"FAAHP1","FAAHP1","FAAHP1","0.0023731415301836765","7.38188976377953E-4","0.0040080940839894","false","FAAHP1"
"ENSG00000232098.3","ENSG00000232098.3","ENSG00000232098.3","0.007877439639880444","0.0156822945370738","7.25847426870872E-5","false","ENSG00000232098.3"
"MCTS1","MCTS1","MCTS1","0.009839023535778035","0.0149441055606958","0.00473394151086027","false","MCTS1"
"MFAP1P1","MFAP1P1","MFAP1P1","2.903389707483485E-4","0.0","5.80677941496697E-4","false","MFAP1P1"
"LINC01137","LINC01137","LINC01137","0.009577293367977656","0.00987250363974443","0.00928208309621088","false","LINC01137"
"TRIM26","TRIM26","TRIM26","2.177542280612615E-4","0.0","4.35508456122523E-4","false","TRIM26"
"SLC25A25-AS1","SLC25A25-AS1","SLC25A25-AS1","0.0023116257821521806","6.15157480314961E-4","0.0040080940839894","false","SLC25A25-AS1"
"HGH1","HGH1","HGH1","0.0030264042143674616","7.38188976377953E-4","0.00531461945235697","false","HGH1"
"ACTG1P4","ACTG1P4","ACTG1P4","2.903389707483485E-4","0.0","5.80677941496697E-4","false","ACTG1P4"
"ZBTB22","ZBTB22","ZBTB22",,,"7.98432169557959E-4","false","ZBTB22"
"DDX11L2","DDX11L2","DDX11L2","0.0026151746074526286","0.00464967127340856","5.80677941496697E-4","false","DDX11L2"
"PKMP1","PKMP1","PKMP1","0.00569489721666283","0.00593000549559452","0.00545978893773114","false","PKMP1"
"ENSG00000236833.1","ENSG00000236833.1","ENSG00000236833.1","0.001901804889617976","4.30610236220472E-4","0.00337299954301548","false","ENSG00000236833.1"
"LINC01409","LINC01409","LINC01409","4.133704668113405E-4","2.46062992125984E-4","5.80677941496697E-4","false","LINC01409"
"LINC00707","LINC00707","LINC00707","0.013224045029162496","1.23031496062992E-4","0.026325058562262","false","LINC00707"
"SCARNA7","SCARNA7","SCARNA7","0.015493455871263075","0.0210900493254091","0.00989686241711705","false","SCARNA7"
"ALKBH6","ALKBH6","ALKBH6","8.32275430950476E-4","4.30610236220472E-4","0.00123394062568048","false","ALKBH6"
"C1orf226","C1orf226","C1orf226",,,"2.90338970748349E-4","false","C1orf226"
"COX19","COX19","COX19","0.0038026983946142386","9.84251968503937E-4","0.00662114482072454","false","COX19"
"INMT","INMT","INMT","0.006058420458964796","1.23031496062992E-4","0.0119938094218666","false","INMT"
"HLA-DMB","HLA-DMB","HLA-DMB","5.44385570153155E-4","0.0","0.00108877114030631","false","HLA-DMB"
"NFS1","NFS1","NFS1","0.00448786152955527","0.0","0.00897572305911054","false","NFS1"
"ENSG00000244055.2","ENSG00000244055.2","ENSG00000244055.2","0.023313915225912796","0.0414583804848428","0.00516944996698279","false","ENSG00000244055.2"
"PDCL3P4","PDCL3P4","PDCL3P4","0.013544595311662525","0.0173240755511853","0.00976511507213975","false","PDCL3P4"
"ENSG00000244480.1","ENSG00000244480.1","ENSG00000244480.1","6.1697031284024E-4","0.0","0.00123394062568048","false","ENSG00000244480.1"
"PTCHD4","PTCHD4","PTCHD4","0.006267176660683779","6.76673228346457E-4","0.0118576800930211","false","PTCHD4"
"ALDH1L1-AS2","ALDH1L1-AS2","ALDH1L1-AS2","0.006687770573874795","0.0122141852647562","0.00116135588299339","false","ALDH1L1-AS2"
"RRN3P1","RRN3P1","RRN3P1","7.96619337032678E-4","0.00123031496062992","3.62923713435436E-4","false","RRN3P1"
"SRP14-DT","SRP14-DT","SRP14-DT","0.0019448827733524585","0.00330908760520822","5.80677941496697E-4","false","SRP14-DT"
"ENSG00000249626.1","ENSG00000249626.1","ENSG00000249626.1","0.0022697989134808387","6.76673228346457E-4","0.00386292459861522","false","ENSG00000249626.1"
"HS3ST5","HS3ST5","HS3ST5","8.63033304966224E-4","4.92125984251968E-4","0.00123394062568048","false","HS3ST5"
"YJEFN3","YJEFN3","YJEFN3","0.002584724983491395","0.0","0.00516944996698279","false","YJEFN3"
"GLI4","GLI4","GLI4","0.00901331489343165","0.0","0.0180266297868633","false","GLI4"
"ZBED3-AS1","ZBED3-AS1","ZBED3-AS1","0.002366970755430135","0.0","0.00473394151086027","false","ZBED3-AS1"
"LINC01301","LINC01301","LINC01301","0.008844571303501155","0.00147637795275591","0.0162127646542464","false","LINC01301"
"TUG1","TUG1","TUG1","0.005633315833311175","0.00339561298401773","0.00787101868260462","false","TUG1"
"NPIPB11","NPIPB11","NPIPB11","0.00194386948413485","0.0038877389682697","0.0","false","NPIPB11"
"ENSG00000254363.6","ENSG00000254363.6","ENSG00000254363.6","0.0040658777117651155","0.0038877389682697","0.00424401645526053","false","ENSG00000254363.6"
"HOXA-AS3","HOXA-AS3","HOXA-AS3","5.364019628743325E-4","4.92125984251968E-4","5.80677941496697E-4","false","HOXA-AS3"
"ENSG00000254469.9","ENSG00000254469.9","ENSG00000254469.9","0.00193146229930761","0.0","0.00386292459861522","false","ENSG00000254469.9"
"WAC-AS1","WAC-AS1","WAC-AS1","0.0022697989134808387","6.76673228346457E-4","0.00386292459861522","false","WAC-AS1"
"ENSG00000254833.1","ENSG00000254833.1","ENSG00000254833.1","8.685678022940209E-4","4.30610236220472E-4","0.00130652536836757","false","ENSG00000254833.1"
"TMEM9B-AS1","TMEM9B-AS1","TMEM9B-AS1","0.0036522094503525252","0.00329632481671565","0.0040080940839894","false","TMEM9B-AS1"
"ENSG00000255426.1","ENSG00000255426.1","ENSG00000255426.1","0.002460344841803494","6.76673228346457E-4","0.00424401645526053","false","ENSG00000255426.1"
"TRIL","TRIL","TRIL","3.075787401574805E-5","6.15157480314961E-5","0.0","false","TRIL"
"HMBS","HMBS","HMBS","0.0105638151825421","0.0064696181373683","0.0146580122277159","false","HMBS"
"ENSG00000256591.5","ENSG00000256591.5","ENSG00000256591.5","0.001954700752944907","2.46062992125984E-4","0.00366333851376383","false","ENSG00000256591.5"
"MIRLET7IHG","MIRLET7IHG","MIRLET7IHG","0.013202055431497895","0.00166092519685039","0.0247431856661454","false","MIRLET7IHG"
"RPAP3-DT","RPAP3-DT","RPAP3-DT","0.0025687577689337535","9.84251968503937E-4","0.00415326356936357","false","RPAP3-DT"
"ENSG00000257497.2","ENSG00000257497.2","ENSG00000257497.2","4.133704668113405E-4","2.46062992125984E-4","5.80677941496697E-4","false","ENSG00000257497.2"
"ENSG00000258634.3","ENSG00000258634.3","ENSG00000258634.3","0.009293950522099423","7.99704724409449E-4","0.0177881963197894","false","ENSG00000258634.3"
"LINC00930","LINC00930","LINC00930","0.006290329069058388","3.69094488188976E-4","0.0122115636499278","false","LINC00930"
"ENSG00000258768.2","ENSG00000258768.2","ENSG00000258768.2","0.00229438601274305","0.0","0.0045887720254861","false","ENSG00000258768.2"
"ADAM20P1","ADAM20P1","ADAM20P1","0.00960221418582381","0.00511805392889962","0.014086374442748","false","ADAM20P1"
"ENSG00000259972.3","ENSG00000259972.3","ENSG00000259972.3","0.01513265695318865","0.0","0.0302653139063773","false","ENSG00000259972.3"
"ENSG00000260261.2","ENSG00000260261.2","ENSG00000260261.2","0.00242096708308318","3.0757874015748E-4","0.00453435542600888","false","ENSG00000260261.2"
"ENSG00000260279.4","ENSG00000260279.4","ENSG00000260279.4","0.0127741216552666","0.0136905632175121","0.0118576800930211","false","ENSG00000260279.4"
"LCMT1-AS1","LCMT1-AS1","LCMT1-AS1","5.419364602021285E-4","4.30610236220472E-4","6.53262684183785E-4","false","LCMT1-AS1"
"LINC01963","LINC01963","LINC01963","0.01064396823640269","0.0200539958471249","0.00123394062568048","false","LINC01963"
"ENSG00000260917.1","ENSG00000260917.1","ENSG00000260917.1","2.903389707483485E-4","0.0","5.80677941496697E-4","false","ENSG00000260917.1"
"ENSG00000260948.1","ENSG00000260948.1","ENSG00000260948.1","0.007349973490949775","0.0144096080111512","2.90338970748349E-4","false","ENSG00000260948.1"
"ENSG00000261211.2","ENSG00000261211.2","ENSG00000261211.2","0.0024098980884275857","4.30610236220472E-4","0.0043891859406347","false","ENSG00000261211.2"
"ENSG00000261512.2","ENSG00000261512.2","ENSG00000261512.2","3.715435981400015E-4","3.0757874015748E-4","4.35508456122523E-4","false","ENSG00000261512.2"
"ENSG00000261613.2","ENSG00000261613.2","ENSG00000261613.2","0.006911037891137331","0.00966881221291109","0.00415326356936357","false","ENSG00000261613.2"
"ENSG00000262370.6","ENSG00000262370.6","ENSG00000262370.6","0.001022993449798505","0.0015378937007874","5.0809319880961E-4","false","ENSG00000262370.6"
"ENSG00000262691.1","ENSG00000262691.1","ENSG00000262691.1","0.006297934534699527","7.38188976377953E-4","0.0118576800930211","false","ENSG00000262691.1"
"MYZAP","MYZAP","MYZAP","1.451694853741745E-4","0.0","2.90338970748349E-4","false","MYZAP"
"ZNF407-AS1","ZNF407-AS1","ZNF407-AS1","0.00720013497889334","0.00232483563670428","0.0120754343210824","false","ZNF407-AS1"
"MYH4","MYH4","MYH4","0.004795028347735229","0.00929971772472211","2.90338970748349E-4","false","MYH4"
"ENSG00000265298.1","ENSG00000265298.1","ENSG00000265298.1","0.00401154062382483","0.0","0.00802308124764966","false","ENSG00000265298.1"
"CYP4F35P","CYP4F35P","CYP4F35P","0.009245223503525243","2.46062992125984E-4","0.0182443840149245","false","CYP4F35P"
"HSD17B1-AS1","HSD17B1-AS1","HSD17B1-AS1","0.002526930900262415","0.00104576771653543","0.0040080940839894","false","HSD17B1-AS1"
"ENSG00000267127.7","ENSG00000267127.7","ENSG00000267127.7","0.009155024811542664","0.00318605610914523","0.0151239935139401","false","ENSG00000267127.7"
"ENSG00000268119.7","ENSG00000268119.7","ENSG00000268119.7","0.01199623304804909","3.0757874015748E-4","0.0236848873559407","false","ENSG00000268119.7"
"ENSG00000268912.1","ENSG00000268912.1","ENSG00000268912.1","0.001809531267570732","2.46062992125984E-4","0.00337299954301548","false","ENSG00000268912.1"
"RAB11B-AS1","RAB11B-AS1","RAB11B-AS1","0.0030718293034570753","0.00364167597614371","0.00250198263077044","false","RAB11B-AS1"
"TMEM185A","TMEM185A","TMEM185A","4.4721372820385953E-4","6.76673228346457E-4","2.17754228061262E-4","false","TMEM185A"
"KCNQ1OT1","KCNQ1OT1","KCNQ1OT1","0.002875063954239745","0.0","0.00575012790847949","false","KCNQ1OT1"
"ENSG00000269937.1","ENSG00000269937.1","ENSG00000269937.1","0.002793551076793575","0.00428057678521958","0.00130652536836757","false","ENSG00000269937.1"
"ENSG00000270127.2","ENSG00000270127.2","ENSG00000270127.2","0.0085228411473726","0.0114951404711171","0.0055505418236281","false","ENSG00000270127.2"
"PFN1P2","PFN1P2","PFN1P2","0.011405196519232216","0.00339561298401773","0.0194147800544467","false","PFN1P2"
"ENSG00000271254.7","ENSG00000271254.7","ENSG00000271254.7","0.00272989446886557","0.0","0.00545978893773114","false","ENSG00000271254.7"
"MMP28","MMP28","MMP28","3.826125927955925E-4","1.84547244094488E-4","5.80677941496697E-4","false","MMP28"
"ENSG00000272140.2","ENSG00000272140.2","ENSG00000272140.2","0.0010002191830615786","9.84251968503937E-4","0.00101618639761922","false","ENSG00000272140.2"
"ENSG00000272356.1","ENSG00000272356.1","ENSG00000272356.1","0.009802546294362549","0.0190244146472284","5.80677941496697E-4","false","ENSG00000272356.1"
"ENSG00000272668.2","ENSG00000272668.2","ENSG00000272668.2","9.442379323578796E-4","7.99704724409449E-4","0.00108877114030631","false","ENSG00000272668.2"
"ENSG00000272848.2","ENSG00000272848.2","ENSG00000272848.2","6.1697031284024E-4","0.0","0.00123394062568048","false","ENSG00000272848.2"
"ENSG00000273007.2","ENSG00000273007.2","ENSG00000273007.2","0.007577844507001798","0.0145750110725069","5.80677941496697E-4","false","ENSG00000273007.2"
"ENSG00000273108.1","ENSG00000273108.1","ENSG00000273108.1","9.079455610143344E-4","7.99704724409449E-4","0.00101618639761922","false","ENSG00000273108.1"
"ENSG00000273230.1","ENSG00000273230.1","ENSG00000273230.1",,,"2.90338970748349E-4","false","ENSG00000273230.1"
"SFTPD-AS1","SFTPD-AS1","SFTPD-AS1","0.00450821361223835","0.00147637795275591","0.00754004927172079","false","SFTPD-AS1"
"RN7SL2","RN7SL2","RN7SL2","0.001105821830011045","0.0","0.00221164366002209","false","RN7SL2"
"ENSG00000274265.5","ENSG00000274265.5","ENSG00000274265.5","0.0071426519801183795","0.0134868717906788","7.98432169557959E-4","false","ENSG00000274265.5"
"ENSG00000274776.1","ENSG00000274776.1","ENSG00000274776.1","2.903389707483485E-4","0.0","5.80677941496697E-4","false","ENSG00000274776.1"
"UHRF1","UHRF1","UHRF1","0.008703570662879726","7.38188976377953E-4","0.0166689523493815","false","UHRF1"
"ENSG00000276728.1","ENSG00000276728.1","ENSG00000276728.1","2.177542280612615E-4","0.0","4.35508456122523E-4","false","ENSG00000276728.1"
"ENSG00000276805.2","ENSG00000276805.2","ENSG00000276805.2","0.005022192524116258","6.15157480314961E-5","0.00998286930020102","false","ENSG00000276805.2"
"STAG3L2","STAG3L2","STAG3L2","0.0022229017343820736","4.92125984251968E-4","0.00395367748451218","false","STAG3L2"
"ENSG00000277476.1","ENSG00000277476.1","ENSG00000277476.1","3.62923713435436E-5","0.0","7.25847426870872E-5","false","ENSG00000277476.1"
"GLIDR","GLIDR","GLIDR","7.57241578312365E-4","8.61220472440945E-4","6.53262684183785E-4","false","GLIDR"
"BEND3P3","BEND3P3","BEND3P3","3.35251226796458E-4","3.0757874015748E-4","3.62923713435436E-4","false","BEND3P3"
"ENSG00000278934.1","ENSG00000278934.1","ENSG00000278934.1","0.005095232308551876","0.00895652399142327","0.00123394062568048","false","ENSG00000278934.1"
"ENSG00000278948.1","ENSG00000278948.1","ENSG00000278948.1","7.320182016244126E-4","7.38188976377953E-4","7.25847426870872E-4","false","ENSG00000278948.1"
"ENSG00000279145.2","ENSG00000279145.2","ENSG00000279145.2","0.0027090946697260303","0.00425683345645867","0.00116135588299339","false","ENSG00000279145.2"
"TSTD3","TSTD3","TSTD3","0.003317465490033135","0.0","0.00663493098006627","false","TSTD3"
"ENSG00000279456.1","ENSG00000279456.1","ENSG00000279456.1","0.00305296578122706","0.00487199093677364","0.00123394062568048","false","ENSG00000279456.1"
"ENSG00000279762.3","ENSG00000279762.3","ENSG00000279762.3",,,"0.0138686202146867","false","ENSG00000279762.3"
"ENSG00000279789.1","ENSG00000279789.1","ENSG00000279789.1","0.01373715405377085","0.0122141852647562","0.0152601228427855","false","ENSG00000279789.1"
"ENSG00000279792.1","ENSG00000279792.1","ENSG00000279792.1","1.08877114030631E-4","0.0","2.17754228061262E-4","false","ENSG00000279792.1"
"ENSG00000280614.1","ENSG00000280614.1","ENSG00000280614.1","3.604746034844105E-4","4.30610236220472E-4","2.90338970748349E-4","false","ENSG00000280614.1"
"CCDC163","CCDC163","CCDC163","0.0010586495437163064","7.38188976377953E-4","0.00137911011105466","false","CCDC163"
"TMEM272","TMEM272","TMEM272","0.00592884004651055","0.0","0.0118576800930211","false","TMEM272"
"ENSG00000281181.1","ENSG00000281181.1","ENSG00000281181.1","3.604746034844105E-4","4.30610236220472E-4","2.90338970748349E-4","false","ENSG00000281181.1"
"RN7SK","RN7SK","RN7SK","0.00392789229036209","0.00404727658158617","0.00380850799913801","false","RN7SK"
"TEX52","TEX52","TEX52","0.002065562790026196","1.23031496062992E-4","0.0040080940839894","false","TEX52"
"EXOC3L2","EXOC3L2","EXOC3L2",,,"7.25847426870872E-4","false","EXOC3L2"
"ENSG00000283662.1","ENSG00000283662.1","ENSG00000283662.1","8.63033304966224E-4","4.92125984251968E-4","0.00123394062568048","false","ENSG00000283662.1"
"PRSS50","PRSS50","PRSS50","0.002582275873540371","4.30610236220472E-4","0.00473394151086027","false","PRSS50"
"LINC02767","LINC02767","LINC02767","4.85955209498428E-4","2.46062992125984E-4","7.25847426870872E-4","false","LINC02767"
"ENSG00000284672.1","ENSG00000284672.1","ENSG00000284672.1","0.006283780152667184","4.92125984251968E-4","0.0120754343210824","false","ENSG00000284672.1"
"SMIM38","SMIM38","SMIM38","1.451694853741745E-4","0.0","2.90338970748349E-4","false","SMIM38"
"ENSG00000285413.1","ENSG00000285413.1","ENSG00000285413.1","0.001962220173323358","6.15157480314961E-5","0.00386292459861522","false","ENSG00000285413.1"
"ENSG00000285796.1","ENSG00000285796.1","ENSG00000285796.1","0.0072953289264142684","0.0142277341393931","3.62923713435436E-4","false","ENSG00000285796.1"
"ENSG00000285799.1","ENSG00000285799.1","ENSG00000285799.1",,,"0.0102255969209906","false","ENSG00000285799.1"
"ENSG00000285886.1","ENSG00000285886.1","ENSG00000285886.1","0.0053809994419324915","2.46062992125984E-4","0.010515935891739","false","ENSG00000285886.1"
"ENSG00000286112.1","ENSG00000286112.1","ENSG00000286112.1","0.0021798767708228516","0.00392424508552318","4.35508456122523E-4","false","ENSG00000286112.1"
"ENSG00000286388.1","ENSG00000286388.1","ENSG00000286388.1","0.00117840657269813","0.0","0.00235681314539626","false","ENSG00000286388.1"
"PRSS43P","PRSS43P","PRSS43P","0.0025417871950406787","0.00450289644858466","5.80677941496697E-4","false","PRSS43P"
"ENSG00000286658.1","ENSG00000286658.1","ENSG00000286658.1","0.0014527567891004884","0.00232483563670428","5.80677941496697E-4","false","ENSG00000286658.1"
"ENSG00000286861.1","ENSG00000286861.1","ENSG00000286861.1","0.017018130235647827","0.00768717030950565","0.02634909016179","false","ENSG00000286861.1"
"ENSG00000287047.1","ENSG00000287047.1","ENSG00000287047.1","0.0034792667213604097","0.00666819447197247","2.90338970748349E-4","false","ENSG00000287047.1"
"ENSG00000287077.1","ENSG00000287077.1","ENSG00000287077.1","3.992160847789795E-4","0.0","7.98432169557959E-4","false","ENSG00000287077.1"
"ENSG00000287737.2","ENSG00000287737.2","ENSG00000287737.2","5.056440888585845E-4","4.30610236220472E-4","5.80677941496697E-4","false","ENSG00000287737.2"
"ENSG00000288187.1","ENSG00000288187.1","ENSG00000288187.1","0.0034900108150619598","0.0019557411485153","0.00502428048160862","false","ENSG00000288187.1"
"ENSG00000288597.1","ENSG00000288597.1","ENSG00000288597.1","0.002688067600194233","6.15157480314961E-5","0.00531461945235697","false","ENSG00000288597.1"
"F8A1","F8A1","F8A1","0.0010002191830615786","9.84251968503937E-4","0.00101618639761922","false","F8A1"
"ENSG00000288924.1","ENSG00000288924.1","ENSG00000288924.1","0.0010285279471263036","0.00147637795275591","5.80677941496697E-4","false","ENSG00000288924.1"
"UPF1","UPF1","UPF1","3.998523622047245E-4","7.99704724409449E-4","0.0","false","UPF1"
"AQR","AQR","AQR","0.001390227751851385","0.00278045550370277","0.0","false","AQR"
"RTEL1-TNFRSF6B","RTEL1-TNFRSF6B","RTEL1-TNFRSF6B","0.002620542712481305","0.00524108542496261","0.0","false","RTEL1-TNFRSF6B"
"ALG1","ALG1","ALG1","6.72951563543939E-4","1.84547244094488E-4","0.00116135588299339","false","ALG1"
"CYP46A1","CYP46A1","CYP46A1","0.00149479427726457","0.0015378937007874","0.00145169485374174","false","CYP46A1"
"POLR2B","POLR2B","POLR2B","5.505563449066945E-4","7.38188976377953E-4","3.62923713435436E-4","false","POLR2B"
"QSER1","QSER1","QSER1","4.5519733548268E-4","1.84547244094488E-4","7.25847426870872E-4","false","QSER1"
"PRDM6","PRDM6","PRDM6",,,"3.62923713435436E-4","false","PRDM6"
"ZNF76","ZNF76","ZNF76","9.528578170624445E-4","0.00110728346456693","7.98432169557959E-4","false","ZNF76"
"GRIPAP1","GRIPAP1","GRIPAP1","0.001820837988071855","0.00364167597614371","0.0","false","GRIPAP1"
"PRR11","PRR11","PRR11","0.00178629281393344","0.0","0.00357258562786688","false","PRR11"
"CLEC2D","CLEC2D","CLEC2D","5.80677941496695E-4","0.0","0.00116135588299339","false","CLEC2D"
"DRD4","DRD4","DRD4","0.0011619921604191395","7.99704724409449E-4","0.00152427959642883","false","DRD4"
"MGAT4A","MGAT4A","MGAT4A",,,"4.35508456122523E-4","false","MGAT4A"
"SMARCE1","SMARCE1","SMARCE1","8.574988076384274E-4","5.53641732283465E-4","0.00116135588299339","false","SMARCE1"
"ZNF510","ZNF510","ZNF510","0.004379524700211983","0.00839612568698853","3.62923713435436E-4","false","ZNF510"
"ATRN","ATRN","ATRN","7.03709437559687E-4","2.46062992125984E-4","0.00116135588299339","false","ATRN"
"AAAS","AAAS","AAAS","7.37552698952208E-4","6.76673228346457E-4","7.98432169557959E-4","false","AAAS"
"SLC35E4","SLC35E4","SLC35E4","0.01089189120319164","0.0182111967785164","0.00357258562786688","false","SLC35E4"
"CARD10","CARD10","CARD10","0.001937698709381311","0.00314954999189175","7.25847426870872E-4","false","CARD10"
"IL2RB","IL2RB","IL2RB","0.0037579477736382396","0.00671746337771852","7.98432169557959E-4","false","IL2RB"
"C14orf93","C14orf93","C14orf93","4.2443946146693203E-4","1.23031496062992E-4","7.25847426870872E-4","false","C14orf93"
"DCAF11","DCAF11","DCAF11","1.81461856717718E-4","0.0","3.62923713435436E-4","false","DCAF11"
"KLF8","KLF8","KLF8","5.47470957529924E-4","3.69094488188976E-4","7.25847426870872E-4","false","KLF8"
"RAB3D","RAB3D","RAB3D","6.79122338297482E-4","9.22736220472441E-4","4.35508456122523E-4","false","RAB3D"
"PTCD1","PTCD1","PTCD1","0.001223933566383635","0.00244786713276727","0.0","false","PTCD1"
"ZNF862","ZNF862","ZNF862","0.020932538290527894","0.0407037206980624","0.00116135588299339","false","ZNF862"
"CNTNAP1","CNTNAP1","CNTNAP1","1.81461856717718E-4","0.0","3.62923713435436E-4","false","CNTNAP1"
"SNX15","SNX15","SNX15","0.003020347721075211","0.00531484801527955","7.25847426870872E-4","false","SNX15"
"UNC93B1","UNC93B1","UNC93B1","0.001909324309996432","2.46062992125984E-4","0.00357258562786688","false","UNC93B1"
"CEP164","CEP164","CEP164","0.0","0.0","0.0","false","CEP164"
"MADD","MADD","MADD","0.014438887052117","0.028877774104234","0.0","false","MADD"
"FBXO9","FBXO9","FBXO9","0.00548032146078625","0.0109606429215725","0.0","false","FBXO9"
"TIA1","TIA1","TIA1","0.008613879915049812","0.0167922513739771","4.35508456122523E-4","false","TIA1"
"S100PBP","S100PBP","S100PBP","5.44385570153155E-4","0.0","0.00108877114030631","false","S100PBP"
"KIF17","KIF17","KIF17","9.836156910781944E-4","0.00116879921259843","7.98432169557959E-4","false","KIF17"
"ABCD4","ABCD4","ABCD4","7.03709437559687E-4","2.46062992125984E-4","0.00116135588299339","false","ABCD4"
"WDR11","WDR11","WDR11","0.01419352446873343","0.0275886167679089","7.98432169557959E-4","false","WDR11"
"MTRF1","MTRF1","MTRF1","0.0025183110155578515","7.38188976377953E-4","0.00429843305473775","false","MTRF1"
"EXOSC8","EXOSC8","EXOSC8","8.88892959079923E-4","0.00141486220472441","3.62923713435436E-4","false","EXOSC8"
"SPOP","SPOP","SPOP","0.00701202135627985","0.0140240427125597","0.0","false","SPOP"
"CEP89","CEP89","CEP89","0.00106726942842087","0.00104576771653543","0.00108877114030631","false","CEP89"
"COQ8B","COQ8B","COQ8B","9.19650833095673E-4","0.00147637795275591","3.62923713435436E-4","false","COQ8B"
"OBSL1","OBSL1","OBSL1","5.505563449066945E-4","7.38188976377953E-4","3.62923713435436E-4","false","OBSL1"
"AGO3","AGO3","AGO3","9.77444916324651E-4","4.30610236220472E-4","0.00152427959642883","false","AGO3"
"ZNF384","ZNF384","ZNF384","4.94575094202994E-4","5.53641732283465E-4","4.35508456122523E-4","false","ZNF384"
"ABHD8","ABHD8","ABHD8","5.78228831545672E-4","4.30610236220472E-4","7.25847426870872E-4","false","ABHD8"
"METTL25","METTL25","METTL25",,,"4.35508456122523E-4","false","METTL25"
"PEX1","PEX1","PEX1","8.574988076384274E-4","5.53641732283465E-4","0.00116135588299339","false","PEX1"
"OSGEPL1","OSGEPL1","OSGEPL1","2.42977604749214E-4","1.23031496062992E-4","3.62923713435436E-4","false","OSGEPL1"
"TPH1","TPH1","TPH1","8.23655546245911E-4","1.23031496062992E-4","0.00152427959642883","false","TPH1"
"ATP1B2","ATP1B2","ATP1B2","1.81461856717718E-4","0.0","3.62923713435436E-4","false","ATP1B2"
"ZNF236","ZNF236","ZNF236","0.001697806492008865","0.00339561298401773","0.0","false","ZNF236"
"ARHGEF9","ARHGEF9","ARHGEF9","3.690944881889765E-4","7.38188976377953E-4","0.0","false","ARHGEF9"
"STARD3","STARD3","STARD3","0.0021837617015072913","0.00364167597614371","7.25847426870872E-4","false","STARD3"
"FIGNL1","FIGNL1","FIGNL1","0.0010143735650939394","0.00123031496062992","7.98432169557959E-4","false","FIGNL1"
"PCBD2","PCBD2","PCBD2","2.46062992125984E-4","4.92125984251968E-4","0.0","false","PCBD2"
"MKRN1","MKRN1","MKRN1","0.0011312342864033915","7.38188976377953E-4","0.00152427959642883","false","MKRN1"
"PHF21A","PHF21A","PHF21A","0.00601481901033085","0.0120296380206617","0.0","false","PHF21A"
"PIGC","PIGC","PIGC","5.222475808419715E-4","2.46062992125984E-4","7.98432169557959E-4","false","PIGC"
"WDR33","WDR33","WDR33",,,"7.25847426870872E-4","false","WDR33"
"YIPF3","YIPF3","YIPF3","0.002210732275400371","1.23031496062992E-4","0.00429843305473775","false","YIPF3"
"MDC1","MDC1","MDC1","0.005148764449304551","0.00957168147173823","7.25847426870872E-4","false","MDC1"
"ARRB1","ARRB1","ARRB1","6.397445795771685E-4","5.53641732283465E-4","7.25847426870872E-4","false","ARRB1"
"SEMA6D","SEMA6D","SEMA6D","7.627760756401605E-4","7.99704724409449E-4","7.25847426870872E-4","false","SEMA6D"
"DBT","DBT","DBT","0.01302550368044255","0.0260510073608851","0.0","false","DBT"
"KHK","KHK","KHK","0.004104747056391435","0.00463690848491599","0.00357258562786688","false","KHK"
"ARL3","ARL3","ARL3","0.001525341531787576","0.00232483563670428","7.25847426870872E-4","false","ARL3"
"FASTKD1","FASTKD1","FASTKD1","0.001768108517044048","0.00317329332065266","3.62923713435436E-4","false","FASTKD1"
"ESR2","ESR2","ESR2","8.26740933622679E-4","4.92125984251968E-4","0.00116135588299339","false","ESR2"
"HMG20A","HMG20A","HMG20A","0.00494575352709058","0.00989150705418116","0.0","false","HMG20A"
"TIMM29","TIMM29","TIMM29","0.0024966200923062","0.0049932401846124","0.0","false","TIMM29"
"PIGK","PIGK","PIGK","0.002272248023431867","2.46062992125984E-4","0.00429843305473775","false","PIGK"
"INTS3","INTS3","INTS3","0.01419218778256528","0.0275859433955726","7.98432169557959E-4","false","INTS3"
"SCRN3","SCRN3","SCRN3","0.00770060279701579","0.0118286199661647","0.00357258562786688","false","SCRN3"
"COPS7B","COPS7B","COPS7B","9.19650833095673E-4","0.00147637795275591","3.62923713435436E-4","false","COPS7B"
"IQSEC1","IQSEC1","IQSEC1","7.904485622791391E-4","4.92125984251968E-4","0.00108877114030631","false","IQSEC1"
"LANCL3","LANCL3","LANCL3","3.690944881889765E-4","7.38188976377953E-4","0.0","false","LANCL3"
"ZNF41","ZNF41","ZNF41","0.007386265862293319","0.0144096080111512","3.62923713435436E-4","false","ZNF41"
"ZMYM3","ZMYM3","ZMYM3","7.0988021231323E-4","9.84251968503937E-4","4.35508456122523E-4","false","ZMYM3"
"SPATA25","SPATA25","SPATA25","6.705024535929165E-4","6.15157480314961E-4","7.25847426870872E-4","false","SPATA25"
"TBX6","TBX6","TBX6","0.0011312342864033915","7.38188976377953E-4","0.00152427959642883","false","TBX6"
"DCP1B","DCP1B","DCP1B","2.177542280612615E-4","0.0","4.35508456122523E-4","false","DCP1B"
"GPR180","GPR180","GPR180","4.94575094202994E-4","5.53641732283465E-4","4.35508456122523E-4","false","GPR180"
"C16orf87","C16orf87","C16orf87","3.992160847789795E-4","0.0","7.98432169557959E-4","false","C16orf87"
"CFAP418","CFAP418","CFAP418","5.167130835141761E-4","3.0757874015748E-4","7.25847426870872E-4","false","CFAP418"
"TMED4","TMED4","TMED4","7.320182016244126E-4","7.38188976377953E-4","7.25847426870872E-4","false","TMED4"
"STARD9","STARD9","STARD9","3.62923713435436E-4","0.0","7.25847426870872E-4","false","STARD9"
"ZNF333","ZNF333","ZNF333","5.505563449066945E-4","7.38188976377953E-4","3.62923713435436E-4","false","ZNF333"
"ZNF75A","ZNF75A","ZNF75A","0.0012542657824663834","9.84251968503937E-4","0.00152427959642883","false","ZNF75A"
"ELP6","ELP6","ELP6","0.0035023523645690453","0.00343211910127121","0.00357258562786688","false","ELP6"
"ERMAP","ERMAP","ERMAP","5.253329682187419E-4","6.15157480314961E-4","4.35508456122523E-4","false","ERMAP"
"RAD54L2","RAD54L2","RAD54L2","0.011990937640143568","0.0236189515668517","3.62923713435436E-4","false","RAD54L2"
"CCDC112","CCDC112","CCDC112","0.0022200540728508347","0.00364167597614371","7.98432169557959E-4","false","CCDC112"
"BMT2","BMT2","BMT2","0.002149216527368875","0.0","0.00429843305473775","false","BMT2"
"SLU7","SLU7","SLU7","5.86848716250238E-4","7.38188976377953E-4","4.35508456122523E-4","false","SLU7"
"TRMT10B","TRMT10B","TRMT10B","3.715435981400015E-4","3.0757874015748E-4","4.35508456122523E-4","false","TRMT10B"
"PCF11","PCF11","PCF11","5.167130835141761E-4","3.0757874015748E-4","7.25847426870872E-4","false","PCF11"
"METTL17","METTL17","METTL17","0.0037610331610150064","0.00708655786590749","4.35508456122523E-4","false","METTL17"
"SALL2","SALL2","SALL2","0.010381686231796637","0.0200375250367224","7.25847426870872E-4","false","SALL2"
"GOLM2","GOLM2","GOLM2","0.0","0.0","0.0","false","GOLM2"
"JMJD7-PLA2G4B","JMJD7-PLA2G4B","JMJD7-PLA2G4B","0.00394827818656576","0.00673520049013813","0.00116135588299339","false","JMJD7-PLA2G4B"
"SH3TC2","SH3TC2","SH3TC2","2.177542280612615E-4","0.0","4.35508456122523E-4","false","SH3TC2"
"PCDH7","PCDH7","PCDH7","5.44385570153155E-4","0.0","0.00108877114030631","false","PCDH7"
"CDCA4","CDCA4","CDCA4","3.35251226796458E-4","3.0757874015748E-4","3.62923713435436E-4","false","CDCA4"
"ZNF440","ZNF440","ZNF440","4.921259842519685E-4","9.84251968503937E-4","0.0","false","ZNF440"
"TMEM51","TMEM51","TMEM51","1.81461856717718E-4","0.0","3.62923713435436E-4","false","TMEM51"
"ZNF596","ZNF596","ZNF596","3.62923713435436E-4","0.0","7.25847426870872E-4","false","ZNF596"
"SNHG11","SNHG11","SNHG11","7.043457149854329E-4","0.00104576771653543","3.62923713435436E-4","false","SNHG11"
"ZNF613","ZNF613","ZNF613","5.44385570153155E-4","0.0","0.00108877114030631","false","ZNF613"
"MBLAC2","MBLAC2","MBLAC2","0.002368308945601781","0.00401077046433269","7.25847426870872E-4","false","MBLAC2"
"ATAD5","ATAD5","ATAD5","2.15305118110236E-4","4.30610236220472E-4","0.0","false","ATAD5"
"CHD9","CHD9","CHD9","5.78228831545672E-4","4.30610236220472E-4","7.25847426870872E-4","false","CHD9"
"BOLA1","BOLA1","BOLA1","0.0021837617015072913","0.00364167597614371","7.25847426870872E-4","false","BOLA1"
"NT5DC1","NT5DC1","NT5DC1","0.002441696358013731","0.00415754528915659","7.25847426870872E-4","false","NT5DC1"
"DTX3","DTX3","DTX3","5.167130835141761E-4","3.0757874015748E-4","7.25847426870872E-4","false","DTX3"
"SMIM10L2A","SMIM10L2A","SMIM10L2A","5.505563449066945E-4","7.38188976377953E-4","3.62923713435436E-4","false","SMIM10L2A"
"MAB21L1","MAB21L1","MAB21L1","0.0","0.0","0.0","false","MAB21L1"
"ZNF443","ZNF443","ZNF443","7.96619337032678E-4","0.00123031496062992","3.62923713435436E-4","false","ZNF443"
"MRPS23","MRPS23","MRPS23","2.42977604749214E-4","1.23031496062992E-4","3.62923713435436E-4","false","MRPS23"
"GDPGP1","GDPGP1","GDPGP1",,,"0.00116135588299339","false","GDPGP1"
"SMTN","SMTN","SMTN","4.27524848843702E-4","4.92125984251968E-4","3.62923713435436E-4","false","SMTN"
"OAF","OAF","OAF","3.9368158745118405E-4","6.15157480314961E-5","7.25847426870872E-4","false","OAF"
"TMEM186","TMEM186","TMEM186","2.177542280612615E-4","0.0","4.35508456122523E-4","false","TMEM186"
"BRF1","BRF1","BRF1","0.0011896646470581189","4.92125984251968E-4","0.00188720330986427","false","BRF1"
"CXorf38","CXorf38","CXorf38","0.002539715096881515","0.0035551505973342","0.00152427959642883","false","CXorf38"
"GSAP","GSAP","GSAP","7.95983059606931E-4","4.30610236220472E-4","0.00116135588299339","false","GSAP"
"CENATAC","CENATAC","CENATAC","0.001380382665906145","0.0015994094488189","0.00116135588299339","false","CENATAC"
"CYP4F12","CYP4F12","CYP4F12","0.003428819967984501","0.00642213147984648","4.35508456122523E-4","false","CYP4F12"
"GOLGA8R","GOLGA8R","GOLGA8R","5.47470957529924E-4","3.69094488188976E-4","7.25847426870872E-4","false","GOLGA8R"
"TPCN1","TPCN1","TPCN1","1.81461856717718E-4","0.0","3.62923713435436E-4","false","TPCN1"
"AGAP4","AGAP4","AGAP4","0.007559492313809786","0.0143931372007487","7.25847426870872E-4","false","AGAP4"
"NOXA1","NOXA1","NOXA1","0.001528426919164348","0.00269393012489326","3.62923713435436E-4","false","NOXA1"
"LIN54","LIN54","LIN54","0.0033057884719215115","0.0061760684877205","4.35508456122523E-4","false","LIN54"
"MRTFA","MRTFA","MRTFA","0.00178629281393344","0.0","0.00357258562786688","false","MRTFA"
"TTC30B","TTC30B","TTC30B","7.96619337032678E-4","0.00123031496062992","3.62923713435436E-4","false","TTC30B"
"SMIM10L2B","SMIM10L2B","SMIM10L2B",,,"3.62923713435436E-4","false","SMIM10L2B"
"ZNF138","ZNF138","ZNF138","3.9676697482795404E-4","4.30610236220472E-4","3.62923713435436E-4","false","ZNF138"
"NOL8","NOL8","NOL8","0.002257149113919246","0.00378845080096762","7.25847426870872E-4","false","NOL8"
"ZNF568","ZNF568","ZNF568","0.00267280229838249","0.00425683345645867","0.00108877114030631","false","ZNF568"
"SSBP3-AS1","SSBP3-AS1","SSBP3-AS1","0.0021616237121961117","0.0038877389682697","4.35508456122523E-4","false","SSBP3-AS1"
"LIME1","LIME1","LIME1","0.0020022998447895733","0.00364167597614371","3.62923713435436E-4","false","LIME1"
"ZDBF2","ZDBF2","ZDBF2","1.23031496062992E-4","2.46062992125984E-4","0.0","false","ZDBF2"
"SPIN3","SPIN3","SPIN3","6.735878409696865E-4","9.84251968503937E-4","3.62923713435436E-4","false","SPIN3"
"AKT1S1","AKT1S1","AKT1S1","0.0062359745550079945","0.0113105932270226","0.00116135588299339","false","AKT1S1"
"SCGB2B2","SCGB2B2","SCGB2B2","7.68310572967956E-4","7.38188976377953E-4","7.98432169557959E-4","false","SCGB2B2"
"KCTD11","KCTD11","KCTD11","2.768208661417325E-4","5.53641732283465E-4","0.0","false","KCTD11"
"COLCA2","COLCA2","COLCA2","0.001408480810478125","0.00281696162095625","0.0","false","COLCA2"
"NPEPL1","NPEPL1","NPEPL1","2.177542280612615E-4","0.0","4.35508456122523E-4","false","NPEPL1"
"TMEM242","TMEM242","TMEM242","2.7926997609275747E-4","1.23031496062992E-4","4.35508456122523E-4","false","TMEM242"
"CCNL2","CCNL2","CCNL2","0.01169200181523093","0.0225855714609039","7.98432169557959E-4","false","CCNL2"
"MT-ATP8","MT-ATP8","MT-ATP8","1.81461856717718E-4","0.0","3.62923713435436E-4","false","MT-ATP8"
"OR2S1P","OR2S1P","OR2S1P","2.4851210207700955E-4","6.15157480314961E-5","4.35508456122523E-4","false","OR2S1P"
"ENSG00000228463.10","ENSG00000228463.10","ENSG00000228463.10","2.15305118110236E-4","4.30610236220472E-4","0.0","false","ENSG00000228463.10"
"PROB1","PROB1","PROB1","0.00209393718941107","0.00302651849582875","0.00116135588299339","false","PROB1"
"WEE2-AS1","WEE2-AS1","WEE2-AS1","0.002266615895542298","0.00417030807764916","3.62923713435436E-4","false","WEE2-AS1"
"DIRC3","DIRC3","DIRC3","0.002202014760134031","0.00367818209339719","7.25847426870872E-4","false","DIRC3"
"ENSG00000234338.1","ENSG00000234338.1","ENSG00000234338.1","5.197984708909465E-4","6.76673228346457E-4","3.62923713435436E-4","false","ENSG00000234338.1"
"HNRNPUL2-BSCL2","HNRNPUL2-BSCL2","HNRNPUL2-BSCL2","6.79122338297482E-4","9.22736220472441E-4","4.35508456122523E-4","false","HNRNPUL2-BSCL2"
"LINC01119","LINC01119","LINC01119","0.001955951768008051","0.00318605610914523","7.25847426870872E-4","false","LINC01119"
"RUFY1-AS1","RUFY1-AS1","RUFY1-AS1","0.004588363018452615","0.0076524464404764","0.00152427959642883","false","RUFY1-AS1"
"MOCS2-DT","MOCS2-DT","MOCS2-DT","7.012603276086646E-4","6.76673228346457E-4","7.25847426870872E-4","false","MOCS2-DT"
"SEMA6A-AS1","SEMA6A-AS1","SEMA6A-AS1","7.012603276086646E-4","6.76673228346457E-4","7.25847426870872E-4","false","SEMA6A-AS1"
"HAUS5","HAUS5","HAUS5","0.0078233397719662","0.0156466795439324","0.0","false","HAUS5"
"ENSG00000251615.3","ENSG00000251615.3","ENSG00000251615.3","8.882566816541754E-4","6.15157480314961E-4","0.00116135588299339","false","ENSG00000251615.3"
"HOXA-AS2","HOXA-AS2","HOXA-AS2","0.007297393556861955","0.0135060159734176","0.00108877114030631","false","HOXA-AS2"
"UTP14C","UTP14C","UTP14C","0.0016452876404738001","0.00220180414064129","0.00108877114030631","false","UTP14C"
"CSPG4P12","CSPG4P12","CSPG4P12","4.306102362204725E-4","8.61220472440945E-4","0.0","false","CSPG4P12"
"CSPG4P13","CSPG4P13","CSPG4P13","0.0010112881777171675","8.61220472440945E-4","0.00116135588299339","false","CSPG4P13"
"ENSG00000260855.1","ENSG00000260855.1","ENSG00000260855.1","0.0075086610809305945","0.0138559662788678","0.00116135588299339","false","ENSG00000260855.1"
"ZNNT1","ZNNT1","ZNNT1","5.53641732283465E-4","0.00110728346456693","0.0","false","ZNNT1"
"ENSG00000261123.1","ENSG00000261123.1","ENSG00000261123.1","0.0021253313408525682","0.0038877389682697","3.62923713435436E-4","false","ENSG00000261123.1"
"ZNF594-DT","ZNF594-DT","ZNF594-DT","9.220999430466945E-4","0.00104576771653543","7.98432169557959E-4","false","ZNF594-DT"
"AGAP12P","AGAP12P","AGAP12P","0.00178629281393344","0.0","0.00357258562786688","false","AGAP12P"
"ZNF850","ZNF850","ZNF850","0.008273387089624419","0.0161838504658134","3.62923713435436E-4","false","ZNF850"
"RNFT1-DT","RNFT1-DT","RNFT1-DT","7.627760756401605E-4","7.99704724409449E-4","7.25847426870872E-4","false","RNFT1-DT"
"ZNF566-AS1","ZNF566-AS1","ZNF566-AS1","5.22883858267715E-4","0.00104576771653543","0.0","false","ZNF566-AS1"
"UPK3BL1","UPK3BL1","UPK3BL1","0.005556852216710536","0.0103878570065502","7.25847426870872E-4","false","UPK3BL1"
"ENSG00000267784.1","ENSG00000267784.1","ENSG00000267784.1","0.0","0.0","0.0","false","ENSG00000267784.1"
"ENSG00000267904.1","ENSG00000267904.1","ENSG00000267904.1","4.921259842519685E-4","9.84251968503937E-4","0.0","false","ENSG00000267904.1"
"NBPF12","NBPF12","NBPF12","1.81461856717718E-4","0.0","3.62923713435436E-4","false","NBPF12"
"ENSG00000274220.1","ENSG00000274220.1","ENSG00000274220.1","7.627760756401605E-4","7.99704724409449E-4","7.25847426870872E-4","false","ENSG00000274220.1"
"ZNF658","ZNF658","ZNF658","3.62923713435436E-4","0.0","7.25847426870872E-4","false","ZNF658"
"FRG1HP","FRG1HP","FRG1HP","0.010061541593697411","0.0196875747312723","4.35508456122523E-4","false","FRG1HP"
"ENSG00000276449.1","ENSG00000276449.1","ENSG00000276449.1","0.004283123525732379","0.00426781399672701","0.00429843305473775","false","ENSG00000276449.1"
"RAB7B","RAB7B","RAB7B","0.010861197460492546","0.0165529449540023","0.00516944996698279","false","RAB7B"
"RNA5-8SN1","RNA5-8SN1","RNA5-8SN1","7.713959603447265E-4","0.00110728346456693","4.35508456122523E-4","false","RNA5-8SN1"
"ENSG00000278931.1","ENSG00000278931.1","ENSG00000278931.1","5.44385570153155E-4","0.0","0.00108877114030631","false","ENSG00000278931.1"
"ENSG00000279232.2","ENSG00000279232.2","ENSG00000279232.2","0.0016198536442931014","0.00280419883246368","4.35508456122523E-4","false","ENSG00000279232.2"
"ENSG00000285803.1","ENSG00000285803.1","ENSG00000285803.1","7.012603276086646E-4","6.76673228346457E-4","7.25847426870872E-4","false","ENSG00000285803.1"
"ENSG00000286786.1","ENSG00000286786.1","ENSG00000286786.1","8.85171294277407E-4","2.46062992125984E-4","0.00152427959642883","false","ENSG00000286786.1"
"ENSG00000289444.1","ENSG00000289444.1","ENSG00000289444.1","5.80677941496695E-4","0.0","0.00116135588299339","false","ENSG00000289444.1"
"SCYL3","SCYL3","SCYL3","0.005233622191234525","0.00966881221291109","7.98432169557959E-4","false","SCYL3"
"SARM1","SARM1","SARM1","0.0038787788312554475","0.00710429497832711","6.53262684183785E-4","false","SARM1"
"MEF2A","MEF2A","MEF2A","0.9604050183263835","1.33975422021103","0.581055816441737","false","MEF2A"
"OSBPL7","OSBPL7","OSBPL7","0.005227135487241861","0.0100187625183612","4.35508456122523E-4","false","OSBPL7"
"BRCA1","BRCA1","BRCA1","3.62923713435436E-4","0.0","7.25847426870872E-4","false","BRCA1"
"STAT5B","STAT5B","STAT5B","1.1155112499890767","2.18674580693903","0.0442766930391232","false","STAT5B"
"HEBP1","HEBP1","HEBP1","0.001525341531787576","0.00232483563670428","7.25847426870872E-4","false","HEBP1"
"XYLT2","XYLT2","XYLT2","0.0018761173260296554","6.15157480314961E-4","0.00313707717174435","false","XYLT2"
"NCAPH2","NCAPH2","NCAPH2","0.025622442526866122","0.0434144968112631","0.00783038824246914","false","NCAPH2"
"SLC39A9","SLC39A9","SLC39A9","4.2997395879472753E-4","6.15157480314961E-5","7.98432169557959E-4","false","SLC39A9"
"IKZF2","IKZF2","IKZF2","4.69351717515041E-4","4.30610236220472E-4","5.0809319880961E-4","false","IKZF2"
"ZZZ3","ZZZ3","ZZZ3","3.7707809546779695E-4","2.46062992125984E-4","5.0809319880961E-4","false","ZZZ3"
"MRI1","MRI1","MRI1","0.00225144822429233","0.00450289644858466","0.0","false","MRI1"
"HOXC8","HOXC8","HOXC8","9.448742097836246E-4","0.0015994094488189","2.90338970748349E-4","false","HOXC8"
"PHF23","PHF23","PHF23","0.004016087627986379","4.92125984251968E-4","0.00754004927172079","false","PHF23"
"PARP3","PARP3","PARP3","0.0017344974149326236","6.76673228346457E-4","0.00279232160151879","false","PARP3"
"SPATA7","SPATA7","SPATA7","5.813142189224426E-4","7.99704724409449E-4","3.62923713435436E-4","false","SPATA7"
"ATP6V1H","ATP6V1H","ATP6V1H","9.860648010292165E-4","7.38188976377953E-4","0.00123394062568048","false","ATP6V1H"
"DTNBP1","DTNBP1","DTNBP1","0.019269434881290008","0.0321942777532621","0.00634459200931792","false","DTNBP1"
"JKAMP","JKAMP","JKAMP","0.001396160800759395","0.0","0.00279232160151879","false","JKAMP"
"CROCC","CROCC","CROCC","0.001492345167313545","0.00196850393700787","0.00101618639761922","false","CROCC"
"CS","CS","CS","0.00175908451419483","0.0","0.00351816902838966","false","CS"
"SPHK2","SPHK2","SPHK2","7.627760756401605E-4","7.99704724409449E-4","7.25847426870872E-4","false","SPHK2"
"PDE4A","PDE4A","PDE4A","5.0809319880961E-4","0.0","0.00101618639761922","false","PDE4A"
"ROGDI","ROGDI","ROGDI","0.006123696124361481","0.0120296380206617","2.17754228061262E-4","false","ROGDI"
"TTC7A","TTC7A","TTC7A","1.08877114030631E-4","0.0","2.17754228061262E-4","false","TTC7A"
"TMEM260","TMEM260","TMEM260","0.0023731415301836765","7.38188976377953E-4","0.0040080940839894","false","TMEM260"
"AP3M2","AP3M2","AP3M2","0.010686431382499799","0.0207921848235029","5.80677941496697E-4","false","AP3M2"
"KDM5A","KDM5A","KDM5A","0.00589844136408973","0.00425683345645867","0.00754004927172079","false","KDM5A"
"MAP3K13","MAP3K13","MAP3K13","0.0087630537129317","0.0131369214852287","0.0043891859406347","false","MAP3K13"
"SLC24A1","SLC24A1","SLC24A1","0.001568538585872175","0.0","0.00313707717174435","false","SLC24A1"
"RBMS2","RBMS2","RBMS2","0.001882353736103355","0.00376470747220671","0.0","false","RBMS2"
"MBNL3","MBNL3","MBNL3","8.47066090408586E-4","0.00147637795275591","2.17754228061262E-4","false","MBNL3"
"TNRC6C","TNRC6C","TNRC6C","0.0033227905154851103","0.00327258148795474","0.00337299954301548","false","TNRC6C"
"RUNX1T1","RUNX1T1","RUNX1T1","0.002284228402709175","0.0","0.00456845680541835","false","RUNX1T1"
"IGSF9B","IGSF9B","IGSF9B","0.0015212428551932","0.00253439251157679","5.0809319880961E-4","false","IGSF9B"
"CROCCP3","CROCCP3","CROCCP3","0.00193146229930761","0.0","0.00386292459861522","false","CROCCP3"
"SMARCD3","SMARCD3","SMARCD3","0.009043446363800979","0.017288460558044","7.98432169557959E-4","false","SMARCD3"
"DOP1A","DOP1A","DOP1A","0.003048870231049871","0.00587998623403848","2.17754228061262E-4","false","DOP1A"
"PDS5B","PDS5B","PDS5B","1.451694853741745E-4","0.0","2.90338970748349E-4","false","PDS5B"
"BCORL1","BCORL1","BCORL1","0.0027259076335852416","7.38188976377953E-4","0.00471362629079253","false","BCORL1"
"ZNF213","ZNF213","ZNF213","0.003585666471470302","2.46062992125984E-4","0.00692526995081462","false","ZNF213"
"ALG9","ALG9","ALG9","6.6188256888835E-4","3.0757874015748E-4","0.00101618639761922","false","ALG9"
"MAPKAPK5","MAPKAPK5","MAPKAPK5","0.0033562352252974144","0.00642213147984648","2.90338970748349E-4","false","MAPKAPK5"
"ZNF268","ZNF268","ZNF268","0.01500913227638383","0.0298005103247064","2.17754228061262E-4","false","ZNF268"
"ENSG00000093100.13","ENSG00000093100.13","ENSG00000093100.13","1.7039286206212698E-4","1.23031496062992E-4","2.17754228061262E-4","false","ENSG00000093100.13"
"CBX5","CBX5","CBX5","0.003017784329662896","4.30610236220472E-4","0.00560495842310532","false","CBX5"
"SUCO","SUCO","SUCO","0.0052492311505064355","0.00593000549559452","0.00456845680541835","false","SUCO"
"MACROH2A2","MACROH2A2","MACROH2A2","0.015017711580111105","0.00524108542496261","0.0247943377352596","false","MACROH2A2"
"MTAP","MTAP","MTAP","0.0014158496801195488","1.84547244094488E-4","0.00264715211614461","false","MTAP"
"CDHR5","CDHR5","CDHR5","0.00730544571440498","0.0143931372007487","2.17754228061262E-4","false","CDHR5"
"KLHL22","KLHL22","KLHL22","1.08877114030631E-4","0.0","2.17754228061262E-4","false","KLHL22"
"UPB1","UPB1","UPB1","2.177542280612615E-4","0.0","4.35508456122523E-4","false","UPB1"
"RHBDD3","RHBDD3","RHBDD3","7.99068446983704E-4","7.99704724409449E-4","7.98432169557959E-4","false","RHBDD3"
"ARSA","ARSA","ARSA","7.461725836567735E-4","9.84251968503937E-4","5.0809319880961E-4","false","ARSA"
"IFT27","IFT27","IFT27","0.01286459132894541","0.0252936742017683","4.35508456122523E-4","false","IFT27"
"CHD8","CHD8","CHD8","0.016572025091473847","0.032563372241451","5.80677941496697E-4","false","CHD8"
"REC8","REC8","REC8","0.011661881620575276","0.00429333957371215","0.0190304236674384","false","REC8"
"RAE1","RAE1","RAE1","4.35508456122523E-4","0.0","8.71016912245046E-4","false","RAE1"
"MTG2","MTG2","MTG2","0.0016262350385393865","0.00281696162095625","4.35508456122523E-4","false","MTG2"
"SNPH","SNPH","SNPH","0.0032301183418576526","0.00580697399953152","6.53262684183785E-4","false","SNPH"
"ACOT8","ACOT8","ACOT8","3.9368158745118405E-4","6.15157480314961E-5","7.25847426870872E-4","false","ACOT8"
"AMMECR1","AMMECR1","AMMECR1","0.00868668355133975","0.0","0.0173733671026795","false","AMMECR1"
"MMP15","MMP15","MMP15","3.604746034844105E-4","4.30610236220472E-4","2.90338970748349E-4","false","MMP15"
"WDR59","WDR59","WDR59","1.7039286206212698E-4","1.23031496062992E-4","2.17754228061262E-4","false","WDR59"
"MTHFSD","MTHFSD","MTHFSD","2.46062992125984E-4","4.92125984251968E-4","0.0","false","MTHFSD"
"VPS35L","VPS35L","VPS35L","0.006399206183089038","3.69094488188976E-4","0.0124293178779891","false","VPS35L"
"DTWD1","DTWD1","DTWD1","0.001008839067766146","0.00129183070866142","7.25847426870872E-4","false","DTWD1"
"TRPS1","TRPS1","TRPS1","5.530054548577195E-4","3.0757874015748E-4","7.98432169557959E-4","false","TRPS1"
"ARHGEF18","ARHGEF18","ARHGEF18",,,"5.0809319880961E-4","false","ARHGEF18"
"AKAP8","AKAP8","AKAP8","4.38593843499293E-4","3.69094488188976E-4","5.0809319880961E-4","false","AKAP8"
"PRKD2","PRKD2","PRKD2","0.016146639924785704","0.00752941494441341","0.024763864905158","false","PRKD2"
"MEGF8","MEGF8","MEGF8","0.0019633206376494725","5.53641732283465E-4","0.00337299954301548","false","MEGF8"
"DNASE2","DNASE2","DNASE2","5.253329682187419E-4","6.15157480314961E-4","4.35508456122523E-4","false","DNASE2"
"HOXA3","HOXA3","HOXA3","0.0020393948858579846","0.00378845080096762","2.90338970748349E-4","false","HOXA3"
"CASP2","CASP2","CASP2","0.00272994311500671","0.00290348699976576","0.00255639923024766","false","CASP2"
"ZKSCAN1","ZKSCAN1","ZKSCAN1","6.50813574232759E-4","4.30610236220472E-4","8.71016912245046E-4","false","ZKSCAN1"
"NMRK1","NMRK1","NMRK1","2.31908610093623E-4","2.46062992125984E-4","2.17754228061262E-4","false","NMRK1"
"PALD1","PALD1","PALD1","0.0028095613709279207","6.15157480314961E-4","0.00500396526154088","false","PALD1"
"TUBD1","TUBD1","TUBD1",,,"3.62923713435436E-4","false","TUBD1"
"PIGL","PIGL","PIGL","0.01100110260672259","3.0757874015748E-4","0.0216946264732877","false","PIGL"
"AKAP10","AKAP10","AKAP10","5.197984708909465E-4","6.76673228346457E-4","3.62923713435436E-4","false","AKAP10"
"CACNG1","CACNG1","CACNG1","5.44385570153155E-4","0.0","0.00108877114030631","false","CACNG1"
"TMEM97","TMEM97","TMEM97","0.015088623471297195","0.0273849253410756","0.00279232160151879","false","TMEM97"
"AADAT","AADAT","AADAT","2.31908610093623E-4","2.46062992125984E-4","2.17754228061262E-4","false","AADAT"
"TMEM109","TMEM109","TMEM109","0.001901804889617976","4.30610236220472E-4","0.00337299954301548","false","TMEM109"
"IL10RA","IL10RA","IL10RA","0.00363036925564259","0.0038877389682697","0.00337299954301548","false","IL10RA"
"COQ5","COQ5","COQ5","0.0016446729028364029","6.15157480314961E-5","0.00322783005764131","false","COQ5"
"PPM1H","PPM1H","PPM1H","0.008990550500474004","0.0174730078021384","5.0809319880961E-4","false","PPM1H"
"ITFG2","ITFG2","ITFG2","0.002256346444194378","0.00364167597614371","8.71016912245046E-4","false","ITFG2"
"FOXM1","FOXM1","FOXM1","1.7592735938992256E-4","6.15157480314961E-5","2.90338970748349E-4","false","FOXM1"
"PARP11","PARP11","PARP11","8.747385770475635E-4","0.00116879921259843","5.80677941496697E-4","false","PARP11"
"MDM1","MDM1","MDM1","0.003009213091099465","0.00302651849582875","0.00299190768637018","false","MDM1"
"C2CD5","C2CD5","C2CD5","4.4721372820385953E-4","6.76673228346457E-4","2.17754228061262E-4","false","C2CD5"
"PHACTR1","PHACTR1","PHACTR1","0.005142774910228222","7.38188976377953E-4","0.00954736084407849","false","PHACTR1"
"FAM120B","FAM120B","FAM120B","8.218427137206294E-4","0.00135334645669291","2.90338970748349E-4","false","FAM120B"
"BICRAL","BICRAL","BICRAL","0.0032159639598252927","0.00556091100740554","8.71016912245046E-4","false","BICRAL"
"HARS2","HARS2","HARS2","0.002322694776807769","4.92125984251968E-4","0.00415326356936357","false","HARS2"
"WNT5A","WNT5A","WNT5A","0.00203322411110444","0.00305026182458966","0.00101618639761922","false","WNT5A"
"PCSK4","PCSK4","PCSK4","0.002965799850957684","4.92125984251968E-4","0.0054394737176634","false","PCSK4"
"FANCL","FANCL","FANCL","5.923832135780334E-4","6.76673228346457E-4","5.0809319880961E-4","false","FANCL"
"ORC2","ORC2","ORC2","0.008191077902164926","0.00477270276947155","0.0116094530348583","false","ORC2"
"GBP1","GBP1","GBP1","0.0020666632543523103","6.15157480314961E-4","0.00351816902838966","false","GBP1"
"NSL1","NSL1","NSL1","3.46320221452049E-4","1.84547244094488E-4","5.0809319880961E-4","false","NSL1"
"ARID1A","ARID1A","ARID1A","0.004767605629266555","7.99704724409449E-4","0.00873550653412366","false","ARID1A"
"MTARC2","MTARC2","MTARC2","0.001531512306541115","0.00306302461308223","0.0","false","MTARC2"
"ZNF430","ZNF430","ZNF430",,,"0.00413294834929583","false","ZNF430"
"MLH3","MLH3","MLH3","8.40895315655043E-4","7.38188976377953E-4","9.43601654932133E-4","false","MLH3"
"NRDE2","NRDE2","NRDE2","0.020514150374404874","7.99704724409449E-4","0.0402285960244003","false","NRDE2"
"ATAD2B","ATAD2B","ATAD2B","0.00808545762855511","0.010407001189289","0.00576391406782122","false","ATAD2B"
"PLXDC2","PLXDC2","PLXDC2","3.24182232140867E-4","4.30610236220472E-4","2.17754228061262E-4","false","PLXDC2"
"DNAJC15","DNAJC15","DNAJC15","0.003735971902592055","0.00290348699976576","0.00456845680541835","false","DNAJC15"
"PROSER1","PROSER1","PROSER1","0.0026063883304489463","0.00499502243283663","2.17754228061262E-4","false","PROSER1"
"ALG5","ALG5","ALG5","6.231410875937814E-4","7.38188976377953E-4","5.0809319880961E-4","false","ALG5"
"PMS2","PMS2","PMS2","0.00339561298401773","0.00679122596803546","0.0","false","PMS2"
"DCAF10","DCAF10","DCAF10","0.001630119969223831","0.00253439251157679","7.25847426870872E-4","false","DCAF10"
"NFE2","NFE2","NFE2","0.001602846034165066","1.23031496062992E-4","0.00308266057226714","false","NFE2"
"KCNJ2","KCNJ2","KCNJ2","0.00195983669869249","0.00290348699976576","0.00101618639761922","false","KCNJ2"
"STX16","STX16","STX16","0.01284190270013275","0.0127678269970397","0.0129159784032258","false","STX16"
"HIF3A","HIF3A","HIF3A","1.08877114030631E-4","0.0","2.17754228061262E-4","false","HIF3A"
"TTF1","TTF1","TTF1","4.890405968751985E-4","6.15157480314961E-4","3.62923713435436E-4","false","TTF1"
"RHOJ","RHOJ","RHOJ",,,"0.00917101499024618","false","RHOJ"
"ZBTB1","ZBTB1","ZBTB1","0.002012666926699265","3.0757874015748E-4","0.00371775511324105","false","ZBTB1"
"FAM78A","FAM78A","FAM78A","1.451694853741745E-4","0.0","2.90338970748349E-4","false","FAM78A"
"TMOD2","TMOD2","TMOD2",,,"0.00235681314539626","false","TMOD2"
"THAP10","THAP10","THAP10","3.62923713435436E-4","0.0","7.25847426870872E-4","false","THAP10"
"PLD2","PLD2","PLD2","0.01385790596092773","0.0247783208349625","0.00293749108689296","false","PLD2"
"RAB2B","RAB2B","RAB2B","3.266313420918925E-4","0.0","6.53262684183785E-4","false","RAB2B"
"ASH2L","ASH2L","ASH2L","0.002679775742860896","0.00514179725766053","2.17754228061262E-4","false","ASH2L"
"ERMARD","ERMARD","ERMARD","0.0016805010872795781","3.69094488188976E-4","0.00299190768637018","false","ERMARD"
"GTPBP3","GTPBP3","GTPBP3","0.0024689647265080583","9.84251968503937E-4","0.00395367748451218","false","GTPBP3"
"USHBP1","USHBP1","USHBP1","0.0010900436951577985","0.0015994094488189","5.80677941496697E-4","false","USHBP1"
"IQCN","IQCN","IQCN","0.002197916083539655","0.0038877389682697","5.0809319880961E-4","false","IQCN"
"HELZ2","HELZ2","HELZ2","0.003633475035190785","3.0757874015748E-4","0.00695937133022409","false","HELZ2"
"UCK1","UCK1","UCK1","0.007410979811090245","0.0120296380206617","0.00279232160151879","false","UCK1"
"YIPF2","YIPF2","YIPF2","3.62923713435436E-4","0.0","7.25847426870872E-4","false","YIPF2"
"DNAJB1","DNAJB1","DNAJB1","0.005549820816096555","0.0105915484333835","5.0809319880961E-4","false","DNAJB1"
"NUP210","NUP210","NUP210","0.005507968476737735","0.00659264963343129","0.00442328732004418","false","NUP210"
"KDM6B","KDM6B","KDM6B","0.0051987843971305295","0.00568394250346853","0.00471362629079253","false","KDM6B"
"PIK3C2B","PIK3C2B","PIK3C2B","4.52748225531655E-4","6.15157480314961E-4","2.90338970748349E-4","false","PIK3C2B"
"ZNF767P","ZNF767P","ZNF767P","7.68310572967956E-4","7.38188976377953E-4","7.98432169557959E-4","false","ZNF767P"
"ERG28","ERG28","ERG28","0.005566424308079936","0.010407001189289","7.25847426870872E-4","false","ERG28"
"TMEM106C","TMEM106C","TMEM106C","0.001582758603224695","0.00265742400763978","5.0809319880961E-4","false","TMEM106C"
"USP30","USP30","USP30","0.012213658638371074","0.0241369783059938","2.90338970748349E-4","false","USP30"
"CCDC146","CCDC146","CCDC146","1.7039286206212698E-4","1.23031496062992E-4","2.17754228061262E-4","false","CCDC146"
"SNX14","SNX14","SNX14","0.0031294385810157776","0.00538786024978651","8.71016912245046E-4","false","SNX14"
"FAM186B","FAM186B","FAM186B","3.912324775001585E-4","4.92125984251968E-4","2.90338970748349E-4","false","FAM186B"
"AGAP2","AGAP2","AGAP2","3.2109684476409656E-4","6.15157480314961E-5","5.80677941496697E-4","false","AGAP2"
"KIAA1614","KIAA1614","KIAA1614","0.007098124203573586","0.0134704009802763","7.25847426870872E-4","false","KIAA1614"
"PAX3","PAX3","PAX3","5.80677941496695E-4","0.0","0.00116135588299339","false","PAX3"
"CKAP2","CKAP2","CKAP2","0.00127819961512383","0.0","0.00255639923024766","false","CKAP2"
"TEX2","TEX2","TEX2","0.00976678054940413","0.019315806870747","2.17754228061262E-4","false","TEX2"
"VPS45","VPS45","VPS45","0.0026227540965868","0.00129183070866142","0.00395367748451218","false","VPS45"
"RNF38","RNF38","RNF38","0.00765526714056825","0.00748014603866736","0.00783038824246914","false","RNF38"
"FRS3","FRS3","FRS3","6.1697031284024E-4","0.0","0.00123394062568048","false","FRS3"
"PGBD1","PGBD1","PGBD1",,,"0.00328224665711853","false","PGBD1"
"TAF8","TAF8","TAF8","4.613681102362205E-4","9.22736220472441E-4","0.0","false","TAF8"
"DDX60","DDX60","DDX60","4.69351717515041E-4","4.30610236220472E-4","5.0809319880961E-4","false","DDX60"
"MAPKBP1","MAPKBP1","MAPKBP1","0.001416464417756945","0.00232483563670428","5.0809319880961E-4","false","MAPKBP1"
"CARF","CARF","CARF","0.0017223279559509148","3.0757874015748E-4","0.00313707717174435","false","CARF"
"SLC35A5","SLC35A5","SLC35A5","2.54046599404805E-4","0.0","5.0809319880961E-4","false","SLC35A5"
"GLCE","GLCE","GLCE","4.5519733548268E-4","1.84547244094488E-4","7.25847426870872E-4","false","GLCE"
"PPCDC","PPCDC","PPCDC","0.0027037696442740585","9.84251968503937E-4","0.00442328732004418","false","PPCDC"
"SEMA7A","SEMA7A","SEMA7A","0.0017369465248836468","2.46062992125984E-4","0.00322783005764131","false","SEMA7A"
"ZGRF1","ZGRF1","ZGRF1","0.00220978774792011","0.00391148229703061","5.0809319880961E-4","false","ZGRF1"
"RHOF","RHOF","RHOF","0.01285115886226305","0.0138751104616066","0.0118272072629195","false","RHOF"
"GRTP1","GRTP1","GRTP1","0.0038984677106156046","0.0072888422224216","5.0809319880961E-4","false","GRTP1"
"JDP2","JDP2","JDP2","0.014150936218170955","0.00752941494441341","0.0207724574919285","false","JDP2"
"CRTC3","CRTC3","CRTC3",,,"2.17754228061262E-4","false","CRTC3"
"PARN","PARN","PARN","0.001694721104632093","0.00302651849582875","3.62923713435436E-4","false","PARN"
"TTYH2","TTYH2","TTYH2","5.837633288734675E-4","3.69094488188976E-4","7.98432169557959E-4","false","TTYH2"
"CBX8","CBX8","CBX8","3.992160847789795E-4","0.0","7.98432169557959E-4","false","CBX8"
"ZFP14","ZFP14","ZFP14",,,"0.00357258562786688","false","ZFP14"
"CACNG8","CACNG8","CACNG8","0.0042148935988563655","0.00543787951134255","0.00299190768637018","false","CACNG8"
"ITGB3BP","ITGB3BP","ITGB3BP","0.001228853326074037","2.46062992125984E-4","0.00221164366002209","false","ITGB3BP"
"AZIN2","AZIN2","AZIN2","0.004321568473933339","1.84547244094488E-4","0.00845858970377219","false","AZIN2"
"PPOX","PPOX","PPOX","0.002899385883024135","0.00123031496062992","0.00456845680541835","false","PPOX"
"USP21","USP21","USP21","3.2109684476409656E-4","6.15157480314961E-5","5.80677941496697E-4","false","USP21"
"HMCN1","HMCN1","HMCN1","0.0016735964045385225","0.00269393012489326","6.53262684183785E-4","false","HMCN1"
"SLC27A3","SLC27A3","SLC27A3","0.0016165362292970584","6.76673228346457E-4","0.00255639923024766","false","SLC27A3"
"FAHD2B","FAHD2B","FAHD2B","3.62923713435436E-4","0.0","7.25847426870872E-4","false","FAHD2B"
"AFF3","AFF3","AFF3",,,"2.17754228061262E-4","false","AFF3"
"ANKMY1","ANKMY1","ANKMY1","0.00224219206216202","0.00339561298401773","0.00108877114030631","false","ANKMY1"
"TMEM44","TMEM44","TMEM44","1.7039286206212698E-4","1.23031496062992E-4","2.17754228061262E-4","false","TMEM44"
"PPIP5K2","PPIP5K2","PPIP5K2","8.827221843263835E-4","6.76673228346457E-4","0.00108877114030631","false","PPIP5K2"
"DOK3","DOK3","DOK3","2.177542280612615E-4","0.0","4.35508456122523E-4","false","DOK3"
"SLC18B1","SLC18B1","SLC18B1","0.001105821830011045","0.0","0.00221164366002209","false","SLC18B1"
"TMEM209","TMEM209","TMEM209","0.00318216805204359","0.00585624290527757","5.0809319880961E-4","false","TMEM209"
"DIPK2B","DIPK2B","DIPK2B","0.0066757434296742","0.0","0.0133514868593484","false","DIPK2B"
"EBP","EBP","EBP","0.001350784357810915","0.0","0.00270156871562183","false","EBP"
"SIGMAR1","SIGMAR1","SIGMAR1","3.992160847789795E-4","0.0","7.98432169557959E-4","false","SIGMAR1"
"IDNK","IDNK","IDNK","0.00117840657269813","0.0","0.00235681314539626","false","IDNK"
"INCENP","INCENP","INCENP","2.903389707483485E-4","0.0","5.80677941496697E-4","false","INCENP"
"CLEC1A","CLEC1A","CLEC1A","0.00288728205936259","0.00327258148795474","0.00250198263077044","false","CLEC1A"
"PRSS53","PRSS53","PRSS53","0.004764926655268285","0.00851366691291735","0.00101618639761922","false","PRSS53"
"VIPAS39","VIPAS39","VIPAS39","0.003770024635860395","0.0","0.00754004927172079","false","VIPAS39"
"NCAPD3","NCAPD3","NCAPD3","0.005790855754953379","6.76673228346457E-4","0.0109050382815603","false","NCAPD3"
"POC5","POC5","POC5","0.01057943565125863","0.020941117074456","2.17754228061262E-4","false","POC5"
"FBXO36","FBXO36","FBXO36","1.7039286206212698E-4","1.23031496062992E-4","2.17754228061262E-4","false","FBXO36"
"ANKRD29","ANKRD29","ANKRD29","1.08877114030631E-4","0.0","2.17754228061262E-4","false","ANKRD29"
"APCDD1","APCDD1","APCDD1","4.07835969483545E-4","3.0757874015748E-4","5.0809319880961E-4","false","APCDD1"
"MPPE1","MPPE1","MPPE1","3.715435981400015E-4","3.0757874015748E-4","4.35508456122523E-4","false","MPPE1"
"FBXL18","FBXL18","FBXL18","0.001105821830011045","0.0","0.00221164366002209","false","FBXL18"
"CDK19","CDK19","CDK19","0.012692851820886437","0.00931886190746097","0.0160668417343119","false","CDK19"
"RMND1","RMND1","RMND1","6.0898670556142E-4","4.92125984251968E-4","7.25847426870872E-4","false","RMND1"
"DRAM2","DRAM2","DRAM2","6.932767203298461E-4","0.00116879921259843","2.17754228061262E-4","false","DRAM2"
"CDK20","CDK20","CDK20","6.428299669539385E-4","9.22736220472441E-4","3.62923713435436E-4","false","CDK20"
"KAT6B","KAT6B","KAT6B","2.54046599404805E-4","0.0","5.0809319880961E-4","false","KAT6B"
"RAB11FIP1","RAB11FIP1","RAB11FIP1","0.00226717771300444","0.0","0.00453435542600888","false","RAB11FIP1"
"SLC6A1","SLC6A1","SLC6A1","4.914897068262235E-4","1.84547244094488E-4","7.98432169557959E-4","false","SLC6A1"
"IL34","IL34","IL34","2.54046599404805E-4","0.0","5.0809319880961E-4","false","IL34"
"PWWP3B","PWWP3B","PWWP3B","0.003794829068796709","0.00679122596803546","7.98432169557959E-4","false","PWWP3B"
"LCA5L","LCA5L","LCA5L",,,"0.0","false","LCA5L"
"ZNF618","ZNF618","ZNF618","5.0809319880961E-4","0.0","0.00101618639761922","false","ZNF618"
"ELK4","ELK4","ELK4","0.00288195703391061","0.0","0.00576391406782122","false","ELK4"
"CIART","CIART","CIART","0.002628526319760125","0.00474895944071064","5.0809319880961E-4","false","CIART"
"THEM4","THEM4","THEM4","0.0042030839820318905","4.30610236220472E-4","0.00797555772784331","false","THEM4"
"IQCC","IQCC","IQCC","0.00162253491352522","3.0757874015748E-4","0.00293749108689296","false","IQCC"
"ZNF714","ZNF714","ZNF714","6.231410875937814E-4","7.38188976377953E-4","5.0809319880961E-4","false","ZNF714"
"NAPEPLD","NAPEPLD","NAPEPLD","1.451694853741745E-4","0.0","2.90338970748349E-4","false","NAPEPLD"
"U2AF1L4","U2AF1L4","U2AF1L4","0.0027037696442740585","9.84251968503937E-4","0.00442328732004418","false","U2AF1L4"
"THAP8","THAP8","THAP8","0.0033264464133056495","0.00585446065705334","7.98432169557959E-4","false","THAP8"
"CYGB","CYGB","CYGB",,,"2.17754228061262E-4","false","CYGB"
"TBC1D24","TBC1D24","TBC1D24","0.00242939788808335","0.0","0.0048587957761667","false","TBC1D24"
"PPP1R32","PPP1R32","PPP1R32","0.010690194148078723","0.0210900493254091","2.90338970748349E-4","false","PPP1R32"
"TTC9C","TTC9C","TTC9C","0.002950848365764896","0.00568394250346853","2.17754228061262E-4","false","TTC9C"
"DIRAS3","DIRAS3","DIRAS3","2.1221973073346607E-4","6.15157480314961E-5","3.62923713435436E-4","false","DIRAS3"
"ATXN7L2","ATXN7L2","ATXN7L2","2.903389707483485E-4","0.0","5.80677941496697E-4","false","ATXN7L2"
"HFM1","HFM1","HFM1","0.01349485729910459","0.022566427278165","0.00442328732004418","false","HFM1"
"NIPAL1","NIPAL1","NIPAL1","0.0019830095170096313","7.38188976377953E-4","0.00322783005764131","false","NIPAL1"
"GPR155","GPR155","GPR155","7.012603276086646E-4","6.76673228346457E-4","7.25847426870872E-4","false","GPR155"
"CLDN1","CLDN1","CLDN1","1.451694853741745E-4","0.0","2.90338970748349E-4","false","CLDN1"
"LRRC58","LRRC58","LRRC58","6.065375956103951E-4","9.22736220472441E-4","2.90338970748349E-4","false","LRRC58"
"CCDC191","CCDC191","CCDC191","0.0015302612914779759","1.23031496062992E-4","0.00293749108689296","false","CCDC191"
"ARHGEF3","ARHGEF3","ARHGEF3","0.00162253491352522","3.0757874015748E-4","0.00293749108689296","false","ARHGEF3"
"CCDC51","CCDC51","CCDC51","0.0046312235685129904","0.00306302461308223","0.00619942252394375","false","CCDC51"
"CITED2","CITED2","CITED2","0.0030939672927682597","0.00339561298401773","0.00279232160151879","false","CITED2"
"USP49","USP49","USP49","0.027975513006671768","0.0522876874995797","0.00366333851376383","false","USP49"
"SYTL3","SYTL3","SYTL3","0.001462746859218318","3.69094488188976E-4","0.00255639923024766","false","SYTL3"
"ADCY1","ADCY1","ADCY1","0.002187649758608926","0.00415754528915659","2.17754228061262E-4","false","ADCY1"
"GPR146","GPR146","GPR146","0.010677651280677236","0.0206294551344836","7.25847426870872E-4","false","GPR146"
"GBX1","GBX1","GBX1","5.923832135780334E-4","6.76673228346457E-4","5.0809319880961E-4","false","GBX1"
"MAMDC2","MAMDC2","MAMDC2",,,"0.0122627157190421","false","MAMDC2"
"C9orf64","C9orf64","C9orf64","2.54046599404805E-4","0.0","5.0809319880961E-4","false","C9orf64"
"ANKS6","ANKS6","ANKS6","2.768208661417325E-4","5.53641732283465E-4","0.0","false","ANKS6"
"DEPP1","DEPP1","DEPP1","0.00662556134581209","0.00585624290527757","0.00739487978634661","false","DEPP1"
"NSD1","NSD1","NSD1",,,"5.80677941496697E-4","false","NSD1"
"TRUB1","TRUB1","TRUB1","0.007137501962293861","0.0138394954684652","4.35508456122523E-4","false","TRUB1"
"LARGE2","LARGE2","LARGE2","9.47323319734651E-4","0.00116879921259843","7.25847426870872E-4","false","LARGE2"
"CEP295","CEP295","CEP295","0.010439548865289805","0.02037100453177","5.0809319880961E-4","false","CEP295"
"CEP57","CEP57","CEP57","0.008383468208242319","0.0164040127030492","3.62923713435436E-4","false","CEP57"
"ADAMTS15","ADAMTS15","ADAMTS15","0.00925664515605","0.0","0.0185132903121","false","ADAMTS15"
"RAB8B","RAB8B","RAB8B","5.640744495133105E-4","1.84547244094488E-4","9.43601654932133E-4","false","RAB8B"
"ALKBH3","ALKBH3","ALKBH3","7.3180758213167E-4","0.00146361516426334","0.0","false","ALKBH3"
"STXBP4","STXBP4","STXBP4","0.0067963258157861285","6.76673228346457E-4","0.0129159784032258","false","STXBP4"
"WBP1L","WBP1L","WBP1L","8.353608183272475E-4","7.99704724409449E-4","8.71016912245046E-4","false","WBP1L"
"ZMAT1","ZMAT1","ZMAT1","0.008178028080200387","0.0156302087335299","7.25847426870872E-4","false","ZMAT1"
"CNPY4","CNPY4","CNPY4","0.00472841695025063","0.00104576771653543","0.00841106618396583","false","CNPY4"
"TEF","TEF","TEF","7.76294180246777E-4","2.46062992125984E-4","0.00130652536836757","false","TEF"
"ISLR2","ISLR2","ISLR2","0.00603273093451271","0.00499502243283663","0.00707043943618879","false","ISLR2"
"SP2","SP2","SP2","0.001829220146930891","4.30610236220472E-4","0.00322783005764131","false","SP2"
"ZNF91","ZNF91","ZNF91","0.00580472651742915","0.0","0.0116094530348583","false","ZNF91"
"TRIM68","TRIM68","TRIM68","0.005991500046972642","0.0113297374097615","6.53262684183785E-4","false","TRIM68"
"TMEM68","TMEM68","TMEM68","5.923832135780334E-4","6.76673228346457E-4","5.0809319880961E-4","false","TMEM68"
"GHDC","GHDC","GHDC","0.00199388943196083","0.0","0.00398777886392166","false","GHDC"
"C2CD3","C2CD3","C2CD3","0.003786418655967965","0.00314954999189175","0.00442328732004418","false","C2CD3"
"BATF2","BATF2","BATF2","0.00510165488122785","0.0102033097624557","0.0","false","BATF2"
"ANKS3","ANKS3","ANKS3","5.111785861863805E-4","3.69094488188976E-4","6.53262684183785E-4","false","ANKS3"
"LMBRD1","LMBRD1","LMBRD1","0.001618985339248082","2.46062992125984E-4","0.00299190768637018","false","LMBRD1"
"DTYMK","DTYMK","DTYMK","0.001457676548790891","1.23031496062992E-4","0.00279232160151879","false","DTYMK"
"REEP4","REEP4","REEP4","0.002149216527368875","0.0","0.00429843305473775","false","REEP4"
"TMUB2","TMUB2","TMUB2","5.47470957529924E-4","3.69094488188976E-4","7.25847426870872E-4","false","TMUB2"
"ZNF30","ZNF30","ZNF30","0.01554489212978627","0.0280071236873054","0.00308266057226714","false","ZNF30"
"STX18","STX18","STX18","0.002116009543402098","3.69094488188976E-4","0.00386292459861522","false","STX18"
"CSNK1G1","CSNK1G1","CSNK1G1","0.00149595384318509","0.0","0.00299190768637018","false","CSNK1G1"
"RAB24","RAB24","RAB24","0.004461968600921205","0.00656712405644615","0.00235681314539626","false","RAB24"
"SLC33A1","SLC33A1","SLC33A1","0.0021281790023838063","7.38188976377953E-4","0.00351816902838966","false","SLC33A1"
"TRIM56","TRIM56","TRIM56","0.006494897458210785","0.00474895944071064","0.00824083547571093","false","TRIM56"
"EMX2","EMX2","EMX2","5.47470957529924E-4","3.69094488188976E-4","7.25847426870872E-4","false","EMX2"
"FOXN2","FOXN2","FOXN2","3.62923713435436E-4","0.0","7.25847426870872E-4","false","FOXN2"
"CEL","CEL","CEL","2.54046599404805E-4","0.0","5.0809319880961E-4","false","CEL"
"C1GALT1C1","C1GALT1C1","C1GALT1C1","1.08877114030631E-4","0.0","2.17754228061262E-4","false","C1GALT1C1"
"ZNF692","ZNF692","ZNF692","0.01159539960159019","0.0187675118831362","0.00442328732004418","false","ZNF692"
"PDE7B","PDE7B","PDE7B","0.0038432252638018003","0.00474895944071064","0.00293749108689296","false","PDE7B"
"MTBP","MTBP","MTBP","2.93424358125119E-4","3.69094488188976E-4","2.17754228061262E-4","false","MTBP"
"POP7","POP7","POP7","0.0015475010608871063","7.38188976377953E-4","0.00235681314539626","false","POP7"
"CARNS1","CARNS1","CARNS1","0.004010892629438183","0.00744110731737967","5.80677941496697E-4","false","CARNS1"
"DCP2","DCP2","DCP2","0.00836005220924785","0.0","0.0167201044184957","false","DCP2"
"AHSA2P","AHSA2P","AHSA2P","0.00373016229806829","0.0038877389682697","0.00357258562786688","false","AHSA2P"
"NMNAT1","NMNAT1","NMNAT1","0.010973369036632262","0.021511229617142","4.35508456122523E-4","false","NMNAT1"
"XXYLT1","XXYLT1","XXYLT1","0.004120417737855465","0.0","0.00824083547571093","false","XXYLT1"
"CD34","CD34","CD34","5.892978262012629E-4","3.0757874015748E-4","8.71016912245046E-4","false","CD34"
"CYB561D1","CYB561D1","CYB561D1","2.0668523340567051E-4","1.23031496062992E-4","2.90338970748349E-4","false","CYB561D1"
"ZDHHC24","ZDHHC24","ZDHHC24","0.0027041964498239848","0.00511805392889962","2.90338970748349E-4","false","ZDHHC24"
"ZNF497","ZNF497","ZNF497","0.0015056741922157696","7.99704724409449E-4","0.00221164366002209","false","ZNF497"
"FBXW8","FBXW8","FBXW8","7.603269656891345E-4","0.00123031496062992","2.90338970748349E-4","false","FBXW8"
"GK5","GK5","GK5","0.014802882088558823","0.0293154252063693","2.90338970748349E-4","false","GK5"
"PDIK1L","PDIK1L","PDIK1L","3.7707809546779695E-4","2.46062992125984E-4","5.0809319880961E-4","false","PDIK1L"
"TVP23C","TVP23C","TVP23C",,,"5.0809319880961E-4","false","TVP23C"
"TMEM51-AS1","TMEM51-AS1","TMEM51-AS1","1.451694853741745E-4","0.0","2.90338970748349E-4","false","TMEM51-AS1"
"C1orf127","C1orf127","C1orf127","6.649679562651209E-4","6.76673228346457E-4","6.53262684183785E-4","false","C1orf127"
"ALG10B","ALG10B","ALG10B","2.31908610093623E-4","2.46062992125984E-4","2.17754228061262E-4","false","ALG10B"
"PAAF1","PAAF1","PAAF1","0.004412731684178755","0.00802703119879955","7.98432169557959E-4","false","PAAF1"
"MRPL48","MRPL48","MRPL48","3.912324775001585E-4","4.92125984251968E-4","2.90338970748349E-4","false","MRPL48"
"ERCC4","ERCC4","ERCC4","0.0049497699244788335","0.00931886190746097","5.80677941496697E-4","false","ERCC4"
"LINC00476","LINC00476","LINC00476","0.005566424308079936","0.010407001189289","7.25847426870872E-4","false","LINC00476"
"ZNF77","ZNF77","ZNF77","1.451694853741745E-4","0.0","2.90338970748349E-4","false","ZNF77"
"ZNF169","ZNF169","ZNF169","2.903389707483485E-4","0.0","5.80677941496697E-4","false","ZNF169"
"CCDC57","CCDC57","CCDC57","0.002950848365764896","0.00568394250346853","2.17754228061262E-4","false","CCDC57"
"PHLDB3","PHLDB3","PHLDB3","4.69351717515041E-4","4.30610236220472E-4","5.0809319880961E-4","false","PHLDB3"
"ACSF3","ACSF3","ACSF3","6.957258302808689E-4","7.38188976377953E-4","6.53262684183785E-4","false","ACSF3"
"MAMSTR","MAMSTR","MAMSTR","0.006288009792474505","0.0120679263861394","5.0809319880961E-4","false","MAMSTR"
"MUC20","MUC20","MUC20","4.07835969483545E-4","3.0757874015748E-4","5.0809319880961E-4","false","MUC20"
"MTHFR","MTHFR","MTHFR","0.00215627714695578","0.0019557411485153","0.00235681314539626","false","MTHFR"
"SLC38A9","SLC38A9","SLC38A9","2.903389707483485E-4","0.0","5.80677941496697E-4","false","SLC38A9"
"CCDC71","CCDC71","CCDC71","0.0019227447840412745","0.0035551505973342","2.90338970748349E-4","false","CCDC71"
"ZNF620","ZNF620","ZNF620","5.44385570153155E-4","0.0","0.00108877114030631","false","ZNF620"
"ERN1","ERN1","ERN1","0.002024647305976578","6.15157480314961E-5","0.00398777886392166","false","ERN1"
"NSUN3","NSUN3","NSUN3","2.6820098143716647E-4","2.46062992125984E-4","2.90338970748349E-4","false","NSUN3"
"SNX18","SNX18","SNX18","0.0018960382330090852","0.00255813584033769","0.00123394062568048","false","SNX18"
"ELMOD2","ELMOD2","ELMOD2","2.54046599404805E-4","0.0","5.0809319880961E-4","false","ELMOD2"
"WDR97","WDR97","WDR97","0.00401133540821202","0.00464967127340856","0.00337299954301548","false","WDR97"
"PCBP1-AS1","PCBP1-AS1","PCBP1-AS1","0.003073879861827891","0.00593000549559452","2.17754228061262E-4","false","PCBP1-AS1"
"PLD5","PLD5","PLD5","0.00317229600465896","0.0","0.00634459200931792","false","PLD5"
"TIGD2","TIGD2","TIGD2","0.001782473518569153","0.00269393012489326","8.71016912245046E-4","false","TIGD2"
"LSMEM1","LSMEM1","LSMEM1","6.705024535929165E-4","6.15157480314961E-4","7.25847426870872E-4","false","LSMEM1"
"ZNF707","ZNF707","ZNF707","0.0027176703272369742","0.00463690848491599","7.98432169557959E-4","false","ZNF707"
"GET1","GET1","GET1","3.24182232140867E-4","4.30610236220472E-4","2.17754228061262E-4","false","GET1"
"ERCC6L2","ERCC6L2","ERCC6L2",,,"0.00981626714125397","false","ERCC6L2"
"LIMK2","LIMK2","LIMK2","0.0066757434296742","0.0","0.0133514868593484","false","LIMK2"
"BRICD5","BRICD5","BRICD5","8.69204079719765E-4","0.00123031496062992","5.0809319880961E-4","false","BRICD5"
"HOXB4","HOXB4","HOXB4","0.00427133903646043","0.00531484801527955","0.00322783005764131","false","HOXB4"
"TMEM198B","TMEM198B","TMEM198B","0.00127819961512383","0.0","0.00255639923024766","false","TMEM198B"
"ZNF721","ZNF721","ZNF721","0.001778773393554984","1.84547244094488E-4","0.00337299954301548","false","ZNF721"
"SPNS2","SPNS2","SPNS2","0.00699087084236383","0.0116249285393314","0.00235681314539626","false","SPNS2"
"AP2A2","AP2A2","AP2A2","2.54046599404805E-4","0.0","5.0809319880961E-4","false","AP2A2"
"CEP57L1","CEP57L1","CEP57L1","2.7926997609275747E-4","1.23031496062992E-4","4.35508456122523E-4","false","CEP57L1"
"PRR14L","PRR14L","PRR14L","0.0159950840884821","0.0274013961514781","0.0045887720254861","false","PRR14L"
"GUSBP1","GUSBP1","GUSBP1","5.056440888585845E-4","4.30610236220472E-4","5.80677941496697E-4","false","GUSBP1"
"GPR173","GPR173","GPR173","0.00171370807124635","0.0","0.0034274161424927","false","GPR173"
"KNTC1","KNTC1","KNTC1","0.0029526643247073676","0.00525206596523095","6.53262684183785E-4","false","KNTC1"
"ZBTB40","ZBTB40","ZBTB40","0.010276269598915143","2.46062992125984E-4","0.0203064762057043","false","ZBTB40"
"UBOX5","UBOX5","UBOX5","0.002136609807383976","4.30610236220472E-4","0.00384260937854748","false","UBOX5"
"SEMA4B","SEMA4B","SEMA4B","0.003268458831424765","0.00330908760520822","0.00322783005764131","false","SEMA4B"
"CDNF","CDNF","CDNF","0.006492790612550481","0.0127678269970397","2.17754228061262E-4","false","CDNF"
"IFNLR1","IFNLR1","IFNLR1","0.002216169142166395","0.00392424508552318","5.0809319880961E-4","false","IFNLR1"
"OLFML2A","OLFML2A","OLFML2A","5.726943342178765E-4","4.92125984251968E-4","6.53262684183785E-4","false","OLFML2A"
"ZNF829","ZNF829","ZNF829","0.001613915028820655","0.0","0.00322783005764131","false","ZNF829"
"ZBTB6","ZBTB6","ZBTB6","0.00752169910828094","0.00913431466336648","0.0059090835531954","false","ZBTB6"
"PLCD1","PLCD1","PLCD1","0.001804633047668685","0.00110728346456693","0.00250198263077044","false","PLCD1"
"ENTPD5","ENTPD5","ENTPD5","0.002448077752260016","0.00417030807764916","7.25847426870872E-4","false","ENTPD5"
"ZNF546","ZNF546","ZNF546","0.00403267072779834","0.00425683345645867","0.00380850799913801","false","ZNF546"
"IFT140","IFT140","IFT140","0.0035524594875035306","6.15157480314961E-4","0.0064897614946921","false","IFT140"
"ZNF490","ZNF490","ZNF490","5.75779721594647E-4","8.61220472440945E-4","2.90338970748349E-4","false","ZNF490"
"ZNF626","ZNF626","ZNF626","0.00168649977150774","0.0","0.00337299954301548","false","ZNF626"
"C15orf62","C15orf62","C15orf62","0.00836005220924785","0.0","0.0167201044184957","false","C15orf62"
"SLC38A3","SLC38A3","SLC38A3","3.690944881889765E-4","7.38188976377953E-4","0.0","false","SLC38A3"
"CLN3","CLN3","CLN3","4.07835969483545E-4","3.0757874015748E-4","5.0809319880961E-4","false","CLN3"
"GOLGA8M","GOLGA8M","GOLGA8M","7.738450702957514E-4","6.76673228346457E-4","8.71016912245046E-4","false","GOLGA8M"
"TMEM201","TMEM201","TMEM201","0.00149595384318509","0.0","0.00299190768637018","false","TMEM201"
"SLX4","SLX4","SLX4","0.0019522516429938833","6.76673228346457E-4","0.00322783005764131","false","SLX4"
"ZNF563","ZNF563","ZNF563","0.006819421954642373","0.0127678269970397","8.71016912245046E-4","false","ZNF563"
"GSPT2","GSPT2","GSPT2","0.00703686025346453","0.0138559662788678","2.17754228061262E-4","false","GSPT2"
"GTF2IRD2","GTF2IRD2","GTF2IRD2","6.705024535929165E-4","6.15157480314961E-4","7.25847426870872E-4","false","GTF2IRD2"
"GARS1-DT","GARS1-DT","GARS1-DT","0.011692831533343159","0.00462414569642342","0.0187615173702629","false","GARS1-DT"
"ZKSCAN7","ZKSCAN7","ZKSCAN7",,,"8.71016912245046E-4","false","ZKSCAN7"
"ZNF846","ZNF846","ZNF846","2.31908610093623E-4","2.46062992125984E-4","2.17754228061262E-4","false","ZNF846"
"ZKSCAN5","ZKSCAN5","ZKSCAN5","3.992160847789795E-4","0.0","7.98432169557959E-4","false","ZKSCAN5"
"GM2A","GM2A","GM2A","0.0020938715540909205","6.15157480314961E-4","0.00357258562786688","false","GM2A"
"ADA","ADA","ADA","0.0018651139666942234","0.00314954999189175","5.80677941496697E-4","false","ADA"
"ZNF252P","ZNF252P","ZNF252P","6.649679562651209E-4","6.76673228346457E-4","6.53262684183785E-4","false","ZNF252P"
"ZNF429","ZNF429","ZNF429","0.00242939788808335","0.0","0.0048587957761667","false","ZNF429"
"ZNF441","ZNF441","ZNF441","0.00560630851085889","3.0757874015748E-4","0.0109050382815603","false","ZNF441"
"ZNF786","ZNF786","ZNF786","1.08877114030631E-4","0.0","2.17754228061262E-4","false","ZNF786"
"CPLANE1","CPLANE1","CPLANE1","0.002066474174647915","0.0","0.00413294834929583","false","CPLANE1"
"ZNF461","ZNF461","ZNF461","5.923832135780334E-4","6.76673228346457E-4","5.0809319880961E-4","false","ZNF461"
"SLC9A8","SLC9A8","SLC9A8","8.40895315655043E-4","7.38188976377953E-4","9.43601654932133E-4","false","SLC9A8"
"ZNF790","ZNF790","ZNF790","1.451694853741745E-4","0.0","2.90338970748349E-4","false","ZNF790"
"ZNF544","ZNF544","ZNF544",,,"2.17754228061262E-4","false","ZNF544"
"ZNF442","ZNF442","ZNF442","4.441283408270885E-4","3.0757874015748E-4","5.80677941496697E-4","false","ZNF442"
"ZNF789","ZNF789","ZNF789","0.001641123328559265","0.0","0.00328224665711853","false","ZNF789"
"TLK1","TLK1","TLK1","3.62923713435436E-4","0.0","7.25847426870872E-4","false","TLK1"
"C3orf35","C3orf35","C3orf35","0.002910222718398635","0.00317329332065266","0.00264715211614461","false","C3orf35"
"NCOA6","NCOA6","NCOA6","0.0172220690260136","0.0152775850557434","0.0191665529962838","false","NCOA6"
"MT-ND2","MT-ND2","MT-ND2","2.989588554529145E-4","3.0757874015748E-4","2.90338970748349E-4","false","MT-ND2"
"GPRASP1","GPRASP1","GPRASP1","3.100278501085055E-4","1.84547244094488E-4","4.35508456122523E-4","false","GPRASP1"
"ZFP2","ZFP2","ZFP2","0.001904253999569005","0.0","0.00380850799913801","false","ZFP2"
"INF2","INF2","INF2","9.276344403744915E-4","9.84251968503937E-4","8.71016912245046E-4","false","INF2"
"GGTA1","GGTA1","GGTA1","0.00127819961512383","0.0","0.00255639923024766","false","GGTA1"
"TMEM273","TMEM273","TMEM273","0.0","0.0","0.0","false","TMEM273"
"AGAP9","AGAP9","AGAP9","0.011585550780611074","0.0228807625904738","2.90338970748349E-4","false","AGAP9"
"BMS1P1","BMS1P1","BMS1P1","0.0017176617636681401","0.00292723032852667","5.0809319880961E-4","false","BMS1P1"
"ATXN2","ATXN2","ATXN2","2.54046599404805E-4","0.0","5.0809319880961E-4","false","ATXN2"
"ZNF425","ZNF425","ZNF425","0.011341857545096999","0.0122141852647562","0.0104695298254378","false","ZNF425"
"SAMD9","SAMD9","SAMD9","0.0035915835471544","0.00439084549279001","0.00279232160151879","false","SAMD9"
"HCP5","HCP5","HCP5","0.008375608324081029","0.0143944035027658","0.00235681314539626","false","HCP5"
"MT-TN","MT-TN","MT-TN","5.5609084223449E-4","6.76673228346457E-4","4.35508456122523E-4","false","MT-TN"
"ZNF254","ZNF254","ZNF254","0.010278597314163281","0.0165694157644049","0.00398777886392166","false","ZNF254"
"LTC4S","LTC4S","LTC4S","0.002603302943072174","0.00462592794464765","5.80677941496697E-4","false","LTC4S"
"SYNJ2BP","SYNJ2BP","SYNJ2BP","6.286755849215771E-4","6.76673228346457E-4","5.80677941496697E-4","false","SYNJ2BP"
"SMIM7","SMIM7","SMIM7","1.08877114030631E-4","0.0","2.17754228061262E-4","false","SMIM7"
"ARL16","ARL16","ARL16","0.006733869778600885","0.00278045550370277","0.010687284053499","false","ARL16"
"POLR2J4","POLR2J4","POLR2J4","0.008938991323315281","0.0176602284185693","2.17754228061262E-4","false","POLR2J4"
"ENSG00000215022.8","ENSG00000215022.8","ENSG00000215022.8","1.08877114030631E-4","0.0","2.17754228061262E-4","false","ENSG00000215022.8"
"CD27-AS1","CD27-AS1","CD27-AS1","0.001351884822137029","4.92125984251968E-4","0.00221164366002209","false","CD27-AS1"
"ZNF603P","ZNF603P","ZNF603P","0.008433273229360674","7.99704724409449E-4","0.0160668417343119","false","ZNF603P"
"ZGLP1","ZGLP1","ZGLP1","0.009761274825845184","4.92125984251968E-4","0.0190304236674384","false","ZGLP1"
"FXYD7","FXYD7","FXYD7","0.00604295190240399","0.00428057678521958","0.0078053270195884","false","FXYD7"
"AFG3L1P","AFG3L1P","AFG3L1P","2.93424358125119E-4","3.69094488188976E-4","2.17754228061262E-4","false","AFG3L1P"
"SH3BP5-AS1","SH3BP5-AS1","SH3BP5-AS1","0.0015212428551932","0.00253439251157679","5.0809319880961E-4","false","SH3BP5-AS1"
"SATB2-AS1","SATB2-AS1","SATB2-AS1","0.00324488074734605","0.0","0.0064897614946921","false","SATB2-AS1"
"LINC01772","LINC01772","LINC01772","2.903389707483485E-4","0.0","5.80677941496697E-4","false","LINC01772"
"MRPL23-AS1","MRPL23-AS1","MRPL23-AS1","6.03452208233625E-4","5.53641732283465E-4","6.53262684183785E-4","false","MRPL23-AS1"
"ZNF717","ZNF717","ZNF717","0.001231917173662455","0.0019557411485153","5.0809319880961E-4","false","ZNF717"
"ENSG00000227252.2","ENSG00000227252.2","ENSG00000227252.2","5.142639735631509E-4","7.38188976377953E-4","2.90338970748349E-4","false","ENSG00000227252.2"
"LINC01341","LINC01341","LINC01341","0.008934569249770348","0.017288460558044","5.80677941496697E-4","false","LINC01341"
"GUSBP11","GUSBP11","GUSBP11","0.007281334761499886","0.0138368220961289","7.25847426870872E-4","false","GUSBP11"
"ENSG00000228327.4","ENSG00000228327.4","ENSG00000228327.4","0.01382858669092765","0.0276571733818553","0.0","false","ENSG00000228327.4"
"ENSG00000228434.1","ENSG00000228434.1","ENSG00000228434.1","8.747385770475635E-4","0.00116879921259843","5.80677941496697E-4","false","ENSG00000228434.1"
"ENSG00000228506.3","ENSG00000228506.3","ENSG00000228506.3","0.008371757481329178","6.76673228346457E-4","0.0160668417343119","false","ENSG00000228506.3"
"HNRNPCP7","HNRNPCP7","HNRNPCP7","6.372954696261431E-4","9.84251968503937E-4","2.90338970748349E-4","false","HNRNPCP7"
"ZFAND2A-DT","ZFAND2A-DT","ZFAND2A-DT","0.001424469564824114","4.92125984251968E-4","0.00235681314539626","false","ZFAND2A-DT"
"PDC-AS1","PDC-AS1","PDC-AS1","0.009016784383097356","0.0142250607670567","0.00380850799913801","false","PDC-AS1"
"SERPINB9P1","SERPINB9P1","SERPINB9P1","0.00406159308188353","0.00428057678521958","0.00384260937854748","false","SERPINB9P1"
"AGAP10P","AGAP10P","AGAP10P","1.08877114030631E-4","0.0","2.17754228061262E-4","false","AGAP10P"
"FAHD2CP","FAHD2CP","FAHD2CP","0.007404676243921838","3.69094488188976E-4","0.0144402579996547","false","FAHD2CP"
"GOLGA8N","GOLGA8N","GOLGA8N","2.6820098143716647E-4","2.46062992125984E-4","2.90338970748349E-4","false","GOLGA8N"
"LINC00342","LINC00342","LINC00342","2.62666484109371E-4","3.0757874015748E-4","2.17754228061262E-4","false","LINC00342"
"DIRC3-AS1","DIRC3-AS1","DIRC3-AS1","7.99068446983704E-4","7.99704724409449E-4","7.98432169557959E-4","false","DIRC3-AS1"
"ZNF879","ZNF879","ZNF879","0.0018070821576197083","6.76673228346457E-4","0.00293749108689296","false","ZNF879"
"ZNF736","ZNF736","ZNF736","0.003917860564859699","0.00703728896016144","7.98432169557959E-4","false","ZNF736"
"TSPY26P","TSPY26P","TSPY26P","0.002468775646803663","3.69094488188976E-4","0.00456845680541835","false","TSPY26P"
"ZNF815P","ZNF815P","ZNF815P","1.08877114030631E-4","0.0","2.17754228061262E-4","false","ZNF815P"
"TTC28-AS1","TTC28-AS1","TTC28-AS1","0.00397096590006245","0.00351864448008072","0.00442328732004418","false","TTC28-AS1"
"CNTFR-AS1","CNTFR-AS1","CNTFR-AS1","0.0032774797078567878","0.00568394250346853","8.71016912245046E-4","false","CNTFR-AS1"
"ENSG00000238035.8","ENSG00000238035.8","ENSG00000238035.8","0.008405221718050216","0.0158668417811683","9.43601654932133E-4","false","ENSG00000238035.8"
"PSMD6-AS2","PSMD6-AS2","PSMD6-AS2","5.142639735631509E-4","7.38188976377953E-4","2.90338970748349E-4","false","PSMD6-AS2"
"PARGP1","PARGP1","PARGP1","8.298263209994519E-4","8.61220472440945E-4","7.98432169557959E-4","false","PARGP1"
"YAE1","YAE1","YAE1","0.00358989103259616","0.00302651849582875","0.00415326356936357","false","YAE1"
"ENSG00000242282.6","ENSG00000242282.6","ENSG00000242282.6","6.846568356252775E-4","8.61220472440945E-4","5.0809319880961E-4","false","ENSG00000242282.6"
"ERVW-1","ERVW-1","ERVW-1","0.0018882867850113635","9.84251968503937E-4","0.00279232160151879","false","ERVW-1"
"MRPS31P5","MRPS31P5","MRPS31P5","0.00427273503569616","0.00511805392889962","0.0034274161424927","false","MRPS31P5"
"TICAM2","TICAM2","TICAM2","6.00366820856854E-4","1.84547244094488E-4","0.00101618639761922","false","TICAM2"
"PPIEL","PPIEL","PPIEL","0.004468712934882456","0.00821157844289404","7.25847426870872E-4","false","PPIEL"
"ZNF585B","ZNF585B","ZNF585B","0.0025293800102134407","6.15157480314961E-4","0.00444360254011192","false","ZNF585B"
"RAD51-AS1","RAD51-AS1","RAD51-AS1","0.0041321230099367985","6.76673228346457E-4","0.00758757279152714","false","RAD51-AS1"
"UBAP1L","UBAP1L","UBAP1L","0.0022507677196729613","0.00377568801247505","7.25847426870872E-4","false","UBAP1L"
"STX18-AS1","STX18-AS1","STX18-AS1","0.001694721104632093","0.00302651849582875","3.62923713435436E-4","false","STX18-AS1"
"FAM13A-AS1","FAM13A-AS1","FAM13A-AS1","0.00749486977027499","0.0114171539126831","0.00357258562786688","false","FAM13A-AS1"
"NNT-AS1","NNT-AS1","NNT-AS1","0.007664968111224531","0.0151121819943878","2.17754228061262E-4","false","NNT-AS1"
"STIMATE-MUSTN1","STIMATE-MUSTN1","STIMATE-MUSTN1","1.7592735938992256E-4","6.15157480314961E-5","2.90338970748349E-4","false","STIMATE-MUSTN1"
"NAIP","NAIP","NAIP","0.0035902724633355403","0.00462414569642342","0.00255639923024766","false","NAIP"
"RPL32P3","RPL32P3","RPL32P3",,,"0.0","false","RPL32P3"
"ABCA11P","ABCA11P","ABCA11P","3.62923713435436E-4","0.0","7.25847426870872E-4","false","ABCA11P"
"ENSG00000253636.1","ENSG00000253636.1","ENSG00000253636.1","4.07835969483545E-4","3.0757874015748E-4","5.0809319880961E-4","false","ENSG00000253636.1"
"VIRMA-DT","VIRMA-DT","VIRMA-DT","0.00496070813870056","0.00549812895735694","0.00442328732004418","false","VIRMA-DT"
"ENSG00000256028.2","ENSG00000256028.2","ENSG00000256028.2","3.992160847789795E-4","0.0","7.98432169557959E-4","false","ENSG00000256028.2"
"CTSO","CTSO","CTSO","0.00127819961512383","0.0","0.00255639923024766","false","CTSO"
"KLRA1P","KLRA1P","KLRA1P","4.52748225531655E-4","6.15157480314961E-4","2.90338970748349E-4","false","KLRA1P"
"ENSG00000258559.2","ENSG00000258559.2","ENSG00000258559.2","3.715435981400015E-4","3.0757874015748E-4","4.35508456122523E-4","false","ENSG00000258559.2"
"ENSG00000260316.2","ENSG00000260316.2","ENSG00000260316.2","0.002574567373457525","0.0","0.00514913474691505","false","ENSG00000260316.2"
"ENSG00000260793.3","ENSG00000260793.3","ENSG00000260793.3","0.0023461709562905965","0.00425683345645867","4.35508456122523E-4","false","ENSG00000260793.3"
"ENSG00000261098.1","ENSG00000261098.1","ENSG00000261098.1","4.35508456122523E-4","0.0","8.71016912245046E-4","false","ENSG00000261098.1"
"SMG1P7","SMG1P7","SMG1P7","0.00977793205556679","0.00642213147984648","0.0131337326312871","false","SMG1P7"
"PRSS46P","PRSS46P","PRSS46P","0.00870943742590523","0.00450289644858466","0.0129159784032258","false","PRSS46P"
"CCER2","CCER2","CCER2","0.01180778190545626","0.00330908760520822","0.0203064762057043","false","CCER2"
"ENSG00000262728.6","ENSG00000262728.6","ENSG00000262728.6","0.0039026635097942","0.0","0.0078053270195884","false","ENSG00000262728.6"
"ENSG00000267317.2","ENSG00000267317.2","ENSG00000267317.2","0.001396160800759395","0.0","0.00279232160151879","false","ENSG00000267317.2"
"ENSG00000267724.1","ENSG00000267724.1","ENSG00000267724.1","5.167130835141761E-4","3.0757874015748E-4","7.25847426870872E-4","false","ENSG00000267724.1"
"ENSG00000267934.1","ENSG00000267934.1","ENSG00000267934.1","0.007307220782415946","1.23031496062992E-4","0.0144914100687689","false","ENSG00000267934.1"
"PTOV1-AS1","PTOV1-AS1","PTOV1-AS1","2.374431074214185E-4","1.84547244094488E-4","2.90338970748349E-4","false","PTOV1-AS1"
"ENSG00000268107.6","ENSG00000268107.6","ENSG00000268107.6","0.0019307283913200944","0.00306302461308223","7.98432169557959E-4","false","ENSG00000268107.6"
"ENSG00000269068.1","ENSG00000269068.1","ENSG00000269068.1","0.002736976628240831","6.15157480314961E-4","0.0048587957761667","false","ENSG00000269068.1"
"PTOV1-AS2","PTOV1-AS2","PTOV1-AS2",,,"0.0","false","PTOV1-AS2"
"ATP6V0D1-DT","ATP6V0D1-DT","ATP6V0D1-DT","0.007950622407430556","0.00586722344554591","0.0100340213693152","false","ATP6V0D1-DT"
"BMS1P4","BMS1P4","BMS1P4","0.00836005220924785","0.0","0.0167201044184957","false","BMS1P4"
"ENSG00000272078.1","ENSG00000272078.1","ENSG00000272078.1","0.00297194908592287","0.00257089862883026","0.00337299954301548","false","ENSG00000272078.1"
"LYRM4-AS1","LYRM4-AS1","LYRM4-AS1","6.594334589373251E-4","7.38188976377953E-4","5.80677941496697E-4","false","LYRM4-AS1"
"ENSG00000272144.1","ENSG00000272144.1","ENSG00000272144.1","0.00641174959417572","0.00901499118921343","0.00380850799913801","false","ENSG00000272144.1"
"ENSG00000273295.1","ENSG00000273295.1","ENSG00000273295.1","1.3963498804637906E-4","6.15157480314961E-5","2.17754228061262E-4","false","ENSG00000273295.1"
"ENSG00000273576.1","ENSG00000273576.1","ENSG00000273576.1",,,"4.35508456122523E-4","false","ENSG00000273576.1"
"WHAMMP3","WHAMMP3","WHAMMP3","0.01616959867093043","0.0299823841964646","0.00235681314539626","false","WHAMMP3"
"RN7SL1","RN7SL1","RN7SL1","0.001350784357810915","0.0","0.00270156871562183","false","RN7SL1"
"ENSG00000276570.1","ENSG00000276570.1","ENSG00000276570.1","0.0019014063380377675","0.00314954999189175","6.53262684183785E-4","false","ENSG00000276570.1"
"RPPH1","RPPH1","RPPH1","6.846568356252775E-4","8.61220472440945E-4","5.0809319880961E-4","false","RPPH1"
"ENSG00000277758.6","ENSG00000277758.6","ENSG00000277758.6","0.006159988495705025","0.0120296380206617","2.90338970748349E-4","false","ENSG00000277758.6"
"BACE1-AS","BACE1-AS","BACE1-AS","0.005157952061170664","0.00929971772472211","0.00101618639761922","false","BACE1-AS"
"ENSG00000278959.1","ENSG00000278959.1","ENSG00000278959.1","7.79379567623547E-4","6.15157480314961E-4","9.43601654932133E-4","false","ENSG00000278959.1"
"ENSG00000279088.1","ENSG00000279088.1","ENSG00000279088.1","0.008534146343941056","0.00524108542496261","0.0118272072629195","false","ENSG00000279088.1"
"ENSG00000279278.1","ENSG00000279278.1","ENSG00000279278.1","0.002270899377806955","0.00116879921259843","0.00337299954301548","false","ENSG00000279278.1"
"ENSG00000279382.1","ENSG00000279382.1","ENSG00000279382.1","0.0028975299709221576","0.00514179725766053","6.53262684183785E-4","false","ENSG00000279382.1"
"ENSG00000279495.1","ENSG00000279495.1","ENSG00000279495.1","1.81461856717718E-4","0.0","3.62923713435436E-4","false","ENSG00000279495.1"
"ENSG00000279608.1","ENSG00000279608.1","ENSG00000279608.1","0.00117840657269813","0.0","0.00235681314539626","false","ENSG00000279608.1"
"ENSG00000279759.1","ENSG00000279759.1","ENSG00000279759.1","0.011704487640382856","0.00752941494441341","0.0158795603363523","false","ENSG00000279759.1"
"RN7SKP23","RN7SKP23","RN7SKP23","5.00109591530789E-4","4.92125984251968E-4","5.0809319880961E-4","false","RN7SKP23"
"ENSG00000280138.1","ENSG00000280138.1","ENSG00000280138.1","0.001778773393554984","1.84547244094488E-4","0.00337299954301548","false","ENSG00000280138.1"
"ENSG00000280145.3","ENSG00000280145.3","ENSG00000280145.3","5.505563449066945E-4","7.38188976377953E-4","3.62923713435436E-4","false","ENSG00000280145.3"
"EIF1B-AS1","EIF1B-AS1","EIF1B-AS1","2.0668523340567051E-4","1.23031496062992E-4","2.90338970748349E-4","false","EIF1B-AS1"
"ENSG00000282034.1","ENSG00000282034.1","ENSG00000282034.1","6.50813574232759E-4","4.30610236220472E-4","8.71016912245046E-4","false","ENSG00000282034.1"
"ENSG00000283294.1","ENSG00000283294.1","ENSG00000283294.1","0.004264817063737495","0.00802154092866538","5.0809319880961E-4","false","ENSG00000283294.1"
"PRR33","PRR33","PRR33","5.00109591530789E-4","4.92125984251968E-4","5.0809319880961E-4","false","PRR33"
"ENSG00000284431.1","ENSG00000284431.1","ENSG00000284431.1",,,"2.17754228061262E-4","false","ENSG00000284431.1"
"POLR2J3","POLR2J3","POLR2J3","0.006666017064066949","0.0127513561866372","5.80677941496697E-4","false","POLR2J3"
"ENSG00000285979.1","ENSG00000285979.1","ENSG00000285979.1","3.15562347436301E-4","1.23031496062992E-4","5.0809319880961E-4","false","ENSG00000285979.1"
"ENSG00000286379.1","ENSG00000286379.1","ENSG00000286379.1","0.00768121349050695","0.0","0.0153624269810139","false","ENSG00000286379.1"
"ENSG00000286724.1","ENSG00000286724.1","ENSG00000286724.1","0.0053629527644719795","0.00104576771653543","0.00968013781240853","false","ENSG00000286724.1"
"ENSG00000287868.1","ENSG00000287868.1","ENSG00000287868.1","2.989588554529145E-4","3.0757874015748E-4","2.90338970748349E-4","false","ENSG00000287868.1"
"ENSG00000287878.1","ENSG00000287878.1","ENSG00000287878.1","1.451694853741745E-4","0.0","2.90338970748349E-4","false","ENSG00000287878.1"
"ENSG00000288538.1","ENSG00000288538.1","ENSG00000288538.1","5.056440888585845E-4","4.30610236220472E-4","5.80677941496697E-4","false","ENSG00000288538.1"
"ENSG00000288961.1","ENSG00000288961.1","ENSG00000288961.1","0.001531512306541115","0.00306302461308223","0.0","false","ENSG00000288961.1"
"ENSG00000288984.1","ENSG00000288984.1","ENSG00000288984.1","4.83506099547403E-4","6.76673228346457E-4","2.90338970748349E-4","false","ENSG00000288984.1"
"FUCA2","FUCA2","FUCA2","8.439807030318136E-4","0.00110728346456693","5.80677941496697E-4","false","FUCA2"
"ENPP4","ENPP4","ENPP4","1.81461856717718E-4","0.0","3.62923713435436E-4","false","ENPP4"
"ARX","ARX","ARX","0.0028136624876695412","0.00519181651921656","4.35508456122523E-4","false","ARX"
"HCCS","HCCS","HCCS","5.5609084223449E-4","6.76673228346457E-4","4.35508456122523E-4","false","HCCS"
"COPZ2","COPZ2","COPZ2","6.735878409696865E-4","9.84251968503937E-4","3.62923713435436E-4","false","COPZ2"
"MSL3","MSL3","MSL3","5.505563449066945E-4","7.38188976377953E-4","3.62923713435436E-4","false","MSL3"
"NFATC4","NFATC4","NFATC4","0.0111958661417323","0.0223917322834646","0.0","false","NFATC4"
"GGCT","GGCT","GGCT","0.00116241781835214","0.00232483563670428","0.0","false","GGCT"
"RHBDF1","RHBDF1","RHBDF1","0.0013737906521671165","0.00231207284821171","4.35508456122523E-4","false","RHBDF1"
"SYT7","SYT7","SYT7","0.0013186562983819065","0.00220180414064129","4.35508456122523E-4","false","SYT7"
"PSMC4","PSMC4","PSMC4","5.813142189224426E-4","7.99704724409449E-4","3.62923713435436E-4","false","PSMC4"
"DDX11","DDX11","DDX11","0.004891632462522973","0.00920258698354925","5.80677941496697E-4","false","DDX11"
"ZC3H3","ZC3H3","ZC3H3","6.255901975448066E-4","3.0757874015748E-4","9.43601654932133E-4","false","ZC3H3"
"YAF2","YAF2","YAF2","2.42977604749214E-4","1.23031496062992E-4","3.62923713435436E-4","false","YAF2"
"RNF10","RNF10","RNF10","0.010652020393945718","0.020941117074456","3.62923713435436E-4","false","RNF10"
"TOMM34","TOMM34","TOMM34","0.00783157517716745","0.0156631503543349","0.0","false","TOMM34"
"RABEP1","RABEP1","RABEP1","0.016435768389503117","0.0325086130655708","3.62923713435436E-4","false","RABEP1"
"SARS1","SARS1","SARS1","1.81461856717718E-4","0.0","3.62923713435436E-4","false","SARS1"
"MAP2K3","MAP2K3","MAP2K3","2.1221973073346607E-4","6.15157480314961E-5","3.62923713435436E-4","false","MAP2K3"
"NSUN2","NSUN2","NSUN2","0.0062885544890958186","0.0122141852647562","3.62923713435436E-4","false","NSUN2"
"TRIO","TRIO","TRIO","3.62923713435436E-5","0.0","7.25847426870872E-5","false","TRIO"
"PSMA4","PSMA4","PSMA4","1.81461856717718E-4","0.0","3.62923713435436E-4","false","PSMA4"
"AP2S1","AP2S1","AP2S1","3.690944881889765E-4","7.38188976377953E-4","0.0","false","AP2S1"
"ARHGAP6","ARHGAP6","ARHGAP6","0.007412441445646148","0.0142442049497956","5.80677941496697E-4","false","ARHGAP6"
"MAP4","MAP4","MAP4","1.9008174142228358E-4","3.0757874015748E-4","7.25847426870872E-5","false","MAP4"
"CLPTM1L","CLPTM1L","CLPTM1L","6.286755849215771E-4","6.76673228346457E-4","5.80677941496697E-4","false","CLPTM1L"
"PPP1R3F","PPP1R3F","PPP1R3F","5.813142189224426E-4","7.99704724409449E-4","3.62923713435436E-4","false","PPP1R3F"
"MCUR1","MCUR1","MCUR1","0.0020978252465127076","0.00354238780884163","6.53262684183785E-4","false","MCUR1"
"MRTO4","MRTO4","MRTO4","0.0016957343938497015","0.00244786713276727","9.43601654932133E-4","false","MRTO4"
"ITIH4","ITIH4","ITIH4","8.27377211048428E-4","0.00129183070866142","3.62923713435436E-4","false","ITIH4"
"ZFR","ZFR","ZFR","0.0013217416857586736","0.00257089862883026","7.25847426870872E-5","false","ZFR"
"WNK1","WNK1","WNK1","0.008695244759559411","0.0169549810629963","4.35508456122523E-4","false","WNK1"
"MON2","MON2","MON2","0.0043865561008259385","0.00819243426015518","5.80677941496697E-4","false","MON2"
"ISOC1","ISOC1","ISOC1","0.003956649399765089","0.00733262085803348","5.80677941496697E-4","false","ISOC1"
"METTL22","METTL22","METTL22","0.007109444996151618","0.0138559662788678","3.62923713435436E-4","false","METTL22"
"HSD17B10","HSD17B10","HSD17B10","0.004380635112013807","7.38188976377953E-4","0.00802308124764966","false","HSD17B10"
"PDE8A","PDE8A","PDE8A","0.001463615164263335","0.00292723032852667","0.0","false","PDE8A"
"SLC25A3","SLC25A3","SLC25A3","6.286755849215771E-4","6.76673228346457E-4","5.80677941496697E-4","false","SLC25A3"
"NFKB2","NFKB2","NFKB2","0.00416532999390357","3.0757874015748E-4","0.00802308124764966","false","NFKB2"
"ACTN2","ACTN2","ACTN2",,,"3.62923713435436E-4","false","ACTN2"
"ITM2A","ITM2A","ITM2A",,,"4.35508456122523E-4","false","ITM2A"
"SDF4","SDF4","SDF4","0.00843194199802431","0.0158476975984294","0.00101618639761922","false","SDF4"
"HSP90AA1","HSP90AA1","HSP90AA1","5.197984708909465E-4","6.76673228346457E-4","3.62923713435436E-4","false","HSP90AA1"
"PLOD1","PLOD1","PLOD1","0.004511176080979539","0.00894976741927199","7.25847426870872E-5","false","PLOD1"
"P2RX5","P2RX5","P2RX5","2.73735478764962E-4","1.84547244094488E-4","3.62923713435436E-4","false","P2RX5"
"CTTN","CTTN","CTTN","4.718008274660665E-4","0.0","9.43601654932133E-4","false","CTTN"
"MUL1","MUL1","MUL1","5.5609084223449E-4","6.76673228346457E-4","4.35508456122523E-4","false","MUL1"
"THPO","THPO","THPO","2.8235536346952756E-4","4.92125984251968E-4","7.25847426870872E-5","false","THPO"
"FH","FH","FH","7.51707080984569E-4","9.22736220472441E-4","5.80677941496697E-4","false","FH"
"OSGEP","OSGEP","OSGEP","5.364019628743325E-4","4.92125984251968E-4","5.80677941496697E-4","false","OSGEP"
"G2E3","G2E3","G2E3","2.177542280612615E-4","0.0","4.35508456122523E-4","false","G2E3"
"HOOK2","HOOK2","HOOK2","9.78081193750396E-5","1.23031496062992E-4","7.25847426870872E-5","false","HOOK2"
"MYO9B","MYO9B","MYO9B","7.82464955000317E-4","9.84251968503937E-4","5.80677941496697E-4","false","MYO9B"
"TRMU","TRMU","TRMU","0.015490372513638466","0.0300371433723448","9.43601654932133E-4","false","TRMU"
"DESI1","DESI1","DESI1","0.006051111381674394","0.0120296380206617","7.25847426870872E-5","false","DESI1"
"PSMA3","PSMA3","PSMA3","5.86848716250238E-4","7.38188976377953E-4","4.35508456122523E-4","false","PSMA3"
"GSS","GSS","GSS","1.9008174142228358E-4","3.0757874015748E-4","7.25847426870872E-5","false","GSS"
"ABHD12","ABHD12","ABHD12","5.197984708909465E-4","6.76673228346457E-4","3.62923713435436E-4","false","ABHD12"
"DOK5","DOK5","DOK5","0.0018769856310746785","0.00317329332065266","5.80677941496697E-4","false","DOK5"
"HM13","HM13","HM13","6.563480715605545E-4","3.69094488188976E-4","9.43601654932133E-4","false","HM13"
"MYOM1","MYOM1","MYOM1","4.6381722018724544E-4","4.92125984251968E-4","4.35508456122523E-4","false","MYOM1"
"MYL12A","MYL12A","MYL12A","4.27524848843702E-4","4.92125984251968E-4","3.62923713435436E-4","false","MYL12A"
"CMC2","CMC2","CMC2","0.0012602259377271787","0.00244786713276727","7.25847426870872E-5","false","CMC2"
"STX4","STX4","STX4","6.563480715605545E-4","3.69094488188976E-4","9.43601654932133E-4","false","STX4"
"HOMER2","HOMER2","HOMER2","5.813142189224426E-4","7.99704724409449E-4","3.62923713435436E-4","false","HOMER2"
"ZNF106","ZNF106","ZNF106","1.81461856717718E-4","0.0","3.62923713435436E-4","false","ZNF106"
"TJP1","TJP1","TJP1","5.284183555955121E-4","9.84251968503937E-4","7.25847426870872E-5","false","TJP1"
"LAPTM4B","LAPTM4B","LAPTM4B","0.002555941577073038","0.00474895944071064","3.62923713435436E-4","false","LAPTM4B"
"IKBKB","IKBKB","IKBKB","0.011393972135902644","0.0227153595291182","7.25847426870872E-5","false","IKBKB"
"GYS1","GYS1","GYS1","6.1515748031496E-5","1.23031496062992E-4","0.0","false","GYS1"
"PPP1R13L","PPP1R13L","PPP1R13L",,,"3.62923713435436E-4","false","PPP1R13L"
"C19orf44","C19orf44","C19orf44","0.005853361962212398","0.0111260459829281","5.80677941496697E-4","false","C19orf44"
"NAPA","NAPA","NAPA","5.505563449066945E-4","7.38188976377953E-4","3.62923713435436E-4","false","NAPA"
"PPP2R1A","PPP2R1A","PPP2R1A","3.62923713435436E-5","0.0","7.25847426870872E-5","false","PPP2R1A"
"TAX1BP1","TAX1BP1","TAX1BP1","2.1221973073346607E-4","6.15157480314961E-5","3.62923713435436E-4","false","TAX1BP1"
"SNX8","SNX8","SNX8","0.004412731684178755","0.00802703119879955","7.98432169557959E-4","false","SNX8"
"PRUNE2","PRUNE2","PRUNE2","0.008558443360967368","0.0167539630084993","3.62923713435436E-4","false","PRUNE2"
"KAZALD1","KAZALD1","KAZALD1","4.607318328104755E-4","1.23031496062992E-4","7.98432169557959E-4","false","KAZALD1"
"PFN1","PFN1","PFN1","2.4851210207700955E-4","6.15157480314961E-5","4.35508456122523E-4","false","PFN1"
"RAB5C","RAB5C","RAB5C","2.903389707483485E-4","0.0","5.80677941496697E-4","false","RAB5C"
"ZPR1","ZPR1","ZPR1","0.0033137720792003316","0.00568394250346853","9.43601654932133E-4","false","ZPR1"
"HSPA8","HSPA8","HSPA8","4.7488621484283655E-4","3.69094488188976E-4","5.80677941496697E-4","false","HSPA8"
"DTX4","DTX4","DTX4","6.255901975448066E-4","3.0757874015748E-4","9.43601654932133E-4","false","DTX4"
"PANX1","PANX1","PANX1","2.1221973073346607E-4","6.15157480314961E-5","3.62923713435436E-4","false","PANX1"
"PITPNM1","PITPNM1","PITPNM1","0.0013801720464134014","0.00232483563670428","4.35508456122523E-4","false","PITPNM1"
"ATP5F1B","ATP5F1B","ATP5F1B","0.004349877237998059","6.76673228346457E-4","0.00802308124764966","false","ATP5F1B"
"GPN3","GPN3","GPN3","7.26483704296617E-4","7.99704724409449E-4","6.53262684183785E-4","false","GPN3"
"UHRF1BP1L","UHRF1BP1L","UHRF1BP1L","0.019408231244611267","0.0384535387757871","3.62923713435436E-4","false","UHRF1BP1L"
"SPSB2","SPSB2","SPSB2","5.813142189224426E-4","7.99704724409449E-4","3.62923713435436E-4","false","SPSB2"
"MTRF1L","MTRF1L","MTRF1L","0.0061962808670485685","0.0120296380206617","3.62923713435436E-4","false","MTRF1L"
"ARSB","ARSB","ARSB","5.505563449066945E-4","7.38188976377953E-4","3.62923713435436E-4","false","ARSB"
"ATP6V0E1","ATP6V0E1","ATP6V0E1","0.006377742723766286","0.0120296380206617","7.25847426870872E-4","false","ATP6V0E1"
"FAM162A","FAM162A","FAM162A","0.0","0.0","0.0","false","FAM162A"
"CEP70","CEP70","CEP70","3.62923713435436E-5","0.0","7.25847426870872E-5","false","CEP70"
"PPM1G","PPM1G","PPM1G","9.19650833095673E-4","0.00147637795275591","3.62923713435436E-4","false","PPM1G"
"IGFBP2","IGFBP2","IGFBP2","0.0063248468604393615","0.0122141852647562","4.35508456122523E-4","false","IGFBP2"
"MARK1","MARK1","MARK1","7.96619337032678E-4","0.00123031496062992","3.62923713435436E-4","false","MARK1"
"ATP5PB","ATP5PB","ATP5PB","5.5609084223449E-4","6.76673228346457E-4","4.35508456122523E-4","false","ATP5PB"
"HPCAL4","HPCAL4","HPCAL4","3.66009100812206E-4","3.69094488188976E-4","3.62923713435436E-4","false","HPCAL4"
"UCHL3","UCHL3","UCHL3","0.0014527567891004884","0.00232483563670428","5.80677941496697E-4","false","UCHL3"
"SATB2","SATB2","SATB2","0.005391993851976198","0.0102033097624557","5.80677941496697E-4","false","SATB2"
"EIF2B2","EIF2B2","EIF2B2","0.007323797907596994","0.0145750110725069","7.25847426870872E-5","false","EIF2B2"
"TMEM214","TMEM214","TMEM214","2.903389707483485E-4","0.0","5.80677941496697E-4","false","TMEM214"
"CUTC","CUTC","CUTC","2.903389707483485E-4","0.0","5.80677941496697E-4","false","CUTC"
"TCTN3","TCTN3","TCTN3","7.20949206968821E-4","8.61220472440945E-4","5.80677941496697E-4","false","TCTN3"
"CYSTM1","CYSTM1","CYSTM1",,,"3.62923713435436E-4","false","CYSTM1"
"ENY2","ENY2","ENY2","2.903389707483485E-4","0.0","5.80677941496697E-4","false","ENY2"
"KIAA1217","KIAA1217","KIAA1217","0.0069255751302592615","0.013415641804396","4.35508456122523E-4","false","KIAA1217"
"MYOT","MYOT","MYOT","2.177542280612615E-4","0.0","4.35508456122523E-4","false","MYOT"
"GTF3A","GTF3A","GTF3A","5.197984708909465E-4","6.76673228346457E-4","3.62923713435436E-4","false","GTF3A"
"COPA","COPA","COPA","4.0538685953252007E-4","7.38188976377953E-4","7.25847426870872E-5","false","COPA"
"ANXA11","ANXA11","ANXA11","5.025587014818145E-4","6.15157480314961E-5","9.43601654932133E-4","false","ANXA11"
"NDUFAF4","NDUFAF4","NDUFAF4","0.004380635112013807","7.38188976377953E-4","0.00802308124764966","false","NDUFAF4"
"RAB9B","RAB9B","RAB9B","0.0016988197812264736","0.00281696162095625","5.80677941496697E-4","false","RAB9B"
"SLC12A4","SLC12A4","SLC12A4","8.944274564077165E-4","0.00135334645669291","4.35508456122523E-4","false","SLC12A4"
"WRNIP1","WRNIP1","WRNIP1","4.0538685953252007E-4","7.38188976377953E-4","7.25847426870872E-5","false","WRNIP1"
"NQO2","NQO2","NQO2","3.992160847789795E-4","0.0","7.98432169557959E-4","false","NQO2"
"SNRPB","SNRPB","SNRPB","1.81461856717718E-4","0.0","3.62923713435436E-4","false","SNRPB"
"DYNLRB1","DYNLRB1","DYNLRB1","0.0014353064001986114","0.0024351043442747","4.35508456122523E-4","false","DYNLRB1"
"KTN1","KTN1","KTN1","0.0061962808670485685","0.0120296380206617","3.62923713435436E-4","false","KTN1"
"TIMM8A","TIMM8A","TIMM8A","0.0013801720464134014","0.00232483563670428","4.35508456122523E-4","false","TIMM8A"
"HIVEP3","HIVEP3","HIVEP3","8.40895315655043E-4","7.38188976377953E-4","9.43601654932133E-4","false","HIVEP3"
"PKMYT1","PKMYT1","PKMYT1","3.2109684476409656E-4","6.15157480314961E-5","5.80677941496697E-4","false","PKMYT1"
"TUBA4A","TUBA4A","TUBA4A","0.001826328258206025","0.00365265651641205","0.0","false","TUBA4A"
"FLNC","FLNC","FLNC","0.01966724461418232","0.0389715655149292","3.62923713435436E-4","false","FLNC"
"CSRP3","CSRP3","CSRP3",,,"3.62923713435436E-4","false","CSRP3"
"EGLN3","EGLN3","EGLN3","7.0679482493646E-4","6.15157480314961E-4","7.98432169557959E-4","false","EGLN3"
"MAP7D3","MAP7D3","MAP7D3","1.81461856717718E-4","0.0","3.62923713435436E-4","false","MAP7D3"
"PGAP6","PGAP6","PGAP6","6.428299669539385E-4","9.22736220472441E-4","3.62923713435436E-4","false","PGAP6"
"STARD8","STARD8","STARD8","0.004379524700211983","0.00839612568698853","3.62923713435436E-4","false","STARD8"
"ADRM1","ADRM1","ADRM1","5.505563449066945E-4","7.38188976377953E-4","3.62923713435436E-4","false","ADRM1"
"EXOSC2","EXOSC2","EXOSC2","0.007079639328800692","0.0135060159734176","6.53262684183785E-4","false","EXOSC2"
"UBA1","UBA1","UBA1","0.0061962808670485685","0.0120296380206617","3.62923713435436E-4","false","UBA1"
"ACSS2","ACSS2","ACSS2",,,"3.62923713435436E-4","false","ACSS2"
"EMC8","EMC8","EMC8","3.690944881889765E-4","7.38188976377953E-4","0.0","false","EMC8"
"CKMT2","CKMT2","CKMT2","0.0013801720464134014","0.00232483563670428","4.35508456122523E-4","false","CKMT2"
"MRPL35","MRPL35","MRPL35","2.177542280612615E-4","0.0","4.35508456122523E-4","false","MRPL35"
"DPH2","DPH2","DPH2","0.0063808281111430686","0.0123987325088507","3.62923713435436E-4","false","DPH2"
"MYBPH","MYBPH","MYBPH","1.81461856717718E-4","0.0","3.62923713435436E-4","false","MYBPH"
"RTN3","RTN3","RTN3","5.505563449066945E-4","7.38188976377953E-4","3.62923713435436E-4","false","RTN3"
"THUMPD3","THUMPD3","THUMPD3","2.903389707483485E-4","0.0","5.80677941496697E-4","false","THUMPD3"
"LAMTOR5","LAMTOR5","LAMTOR5","6.594334589373251E-4","7.38188976377953E-4","5.80677941496697E-4","false","LAMTOR5"
"SPIRE1","SPIRE1","SPIRE1","6.514498516585036E-4","0.00123031496062992","7.25847426870872E-5","false","SPIRE1"
"NARS1","NARS1","NARS1","0.00601481901033085","0.0120296380206617","0.0","false","NARS1"
"CYP2J2","CYP2J2","CYP2J2","2.42977604749214E-4","1.23031496062992E-4","3.62923713435436E-4","false","CYP2J2"
"LTV1","LTV1","LTV1","4.94575094202994E-4","5.53641732283465E-4","4.35508456122523E-4","false","LTV1"
"CCT7","CCT7","CCT7","0.001651458415227338","0.00293999311701924","3.62923713435436E-4","false","CCT7"
"BZW2","BZW2","BZW2","6.1515748031496E-4","0.00123031496062992","0.0","false","BZW2"
"PSMB7","PSMB7","PSMB7","7.51707080984569E-4","9.22736220472441E-4","5.80677941496697E-4","false","PSMB7"
"APTX","APTX","APTX","0.0014890491604440325","0.00232483563670428","6.53262684183785E-4","false","APTX"
"GRHPR","GRHPR","GRHPR","6.286755849215771E-4","6.76673228346457E-4","5.80677941496697E-4","false","GRHPR"
"FDX1","FDX1","FDX1","0.006305157981079198","0.0120296380206617","5.80677941496697E-4","false","FDX1"
"TTLL7","TTLL7","TTLL7","0.004827031327114707","0.00871046099929728","9.43601654932133E-4","false","TTLL7"
"ABI2","ABI2","ABI2","0.007115931700144236","0.0135060159734176","7.25847426870872E-4","false","ABI2"
"ITGAV","ITGAV","ITGAV",,,"3.62923713435436E-4","false","ITGAV"
"FAM13A","FAM13A","FAM13A","1.81461856717718E-4","0.0","3.62923713435436E-4","false","FAM13A"
"ENPEP","ENPEP","ENPEP","2.177542280612615E-4","0.0","4.35508456122523E-4","false","ENPEP"
"SNRPF","SNRPF","SNRPF","2.903389707483485E-4","0.0","5.80677941496697E-4","false","SNRPF"
"SRP14","SRP14","SRP14","2.903389707483485E-4","0.0","5.80677941496697E-4","false","SRP14"
"KIFC3","KIFC3","KIFC3","0.004847924211062158","0.00911517048062762","5.80677941496697E-4","false","KIFC3"
"RMC1","RMC1","RMC1","3.62923713435436E-5","0.0","7.25847426870872E-5","false","RMC1"
"SLC14A1","SLC14A1","SLC14A1","6.514498516585036E-4","0.00123031496062992","7.25847426870872E-5","false","SLC14A1"
"MIEN1","MIEN1","MIEN1","5.923832135780334E-4","6.76673228346457E-4","5.0809319880961E-4","false","MIEN1"
"PRDM15","PRDM15","PRDM15","0.012570622274198969","0.0247783208349625","3.62923713435436E-4","false","PRDM15"
"AKT1","AKT1","AKT1","2.903389707483485E-4","0.0","5.80677941496697E-4","false","AKT1"
"MYOM3","MYOM3","MYOM3","0.002014171509170028","0.00366541930490462","3.62923713435436E-4","false","MYOM3"
"PPFIA4","PPFIA4","PPFIA4","6.428299669539385E-4","9.22736220472441E-4","3.62923713435436E-4","false","PPFIA4"
"ARL6IP5","ARL6IP5","ARL6IP5","3.407857241242535E-4","2.46062992125984E-4","4.35508456122523E-4","false","ARL6IP5"
"ADAMTS19","ADAMTS19","ADAMTS19","4.27524848843702E-4","4.92125984251968E-4","3.62923713435436E-4","false","ADAMTS19"
"DCDC2","DCDC2","DCDC2","3.746289855167721E-4","6.76673228346457E-4","7.25847426870872E-5","false","DCDC2"
"ARHGAP36","ARHGAP36","ARHGAP36","0.01427974442038768","0.0205364075931257","0.00802308124764966","false","ARHGAP36"
"MRPS28","MRPS28","MRPS28","0.0014527567891004884","0.00232483563670428","5.80677941496697E-4","false","MRPS28"
"LRP12","LRP12","LRP12","4.5828272285945053E-4","5.53641732283465E-4","3.62923713435436E-4","false","LRP12"
"TATDN1","TATDN1","TATDN1","4.27524848843702E-4","4.92125984251968E-4","3.62923713435436E-4","false","TATDN1"
"VLDLR","VLDLR","VLDLR","5.419364602021285E-4","4.30610236220472E-4","6.53262684183785E-4","false","VLDLR"
"AOPEP","AOPEP","AOPEP","3.2109684476409656E-4","6.15157480314961E-5","5.80677941496697E-4","false","AOPEP"
"PDSS1","PDSS1","PDSS1","3.075787401574805E-5","6.15157480314961E-5","0.0","false","PDSS1"
"ENDOD1","ENDOD1","ENDOD1","4.5828272285945053E-4","5.53641732283465E-4","3.62923713435436E-4","false","ENDOD1"
"CNKSR2","CNKSR2","CNKSR2","2.177542280612615E-4","0.0","4.35508456122523E-4","false","CNKSR2"
"FAM177A1","FAM177A1","FAM177A1",,,"7.98432169557959E-4","false","FAM177A1"
"SLC25A4","SLC25A4","SLC25A4","0.004349877237998059","6.76673228346457E-4","0.00802308124764966","false","SLC25A4"
"C18orf25","C18orf25","C18orf25","6.255901975448066E-4","3.0757874015748E-4","9.43601654932133E-4","false","C18orf25"
"ADGRF4","ADGRF4","ADGRF4","2.903389707483485E-4","0.0","5.80677941496697E-4","false","ADGRF4"
"RPIA","RPIA","RPIA","0.0","0.0","0.0","false","RPIA"
"DDAH1","DDAH1","DDAH1","6.34210082249373E-4","6.15157480314961E-4","6.53262684183785E-4","false","DDAH1"
"CEP112","CEP112","CEP112","0.0013606937865459899","0.00141486220472441","0.00130652536836757","false","CEP112"
"GRAMD2B","GRAMD2B","GRAMD2B","5.222475808419715E-4","2.46062992125984E-4","7.98432169557959E-4","false","GRAMD2B"
"SLC16A1","SLC16A1","SLC16A1","0.008013037033885168","0.0156631503543349","3.62923713435436E-4","false","SLC16A1"
"PXYLP1","PXYLP1","PXYLP1","0.005540585850619617","0.0101375700463071","9.43601654932133E-4","false","PXYLP1"
"MAP3K7CL","MAP3K7CL","MAP3K7CL","0.025405242758371468","0.0504475618033075","3.62923713435436E-4","false","MAP3K7CL"
"NPTN","NPTN","NPTN","8.71653189670791E-4","7.99704724409449E-4","9.43601654932133E-4","false","NPTN"
"ABHD3","ABHD3","ABHD3","2.177542280612615E-4","0.0","4.35508456122523E-4","false","ABHD3"
"EIF5B","EIF5B","EIF5B","5.197984708909465E-4","6.76673228346457E-4","3.62923713435436E-4","false","EIF5B"
"PPP1R9A","PPP1R9A","PPP1R9A","3.66009100812206E-4","3.69094488188976E-4","3.62923713435436E-4","false","PPP1R9A"
"ACTC1","ACTC1","ACTC1","0.006824388724808618","0.0132858537361818","3.62923713435436E-4","false","ACTC1"
"CHCHD6","CHCHD6","CHCHD6","2.177542280612615E-4","0.0","4.35508456122523E-4","false","CHCHD6"
"MIX23","MIX23","MIX23","2.903389707483485E-4","0.0","5.80677941496697E-4","false","MIX23"
"KALRN","KALRN","KALRN","5.364019628743325E-4","4.92125984251968E-4","5.80677941496697E-4","false","KALRN"
"SHKBP1","SHKBP1","SHKBP1","2.903389707483485E-4","0.0","5.80677941496697E-4","false","SHKBP1"
"SLC25A44","SLC25A44","SLC25A44","5.197984708909465E-4","6.76673228346457E-4","3.62923713435436E-4","false","SLC25A44"
"PRKAA2","PRKAA2","PRKAA2","0.0013034886271319386","0.00253439251157679","7.25847426870872E-5","false","PRKAA2"
"SELENON","SELENON","SELENON","5.5609084223449E-4","6.76673228346457E-4","4.35508456122523E-4","false","SELENON"
"OBSCN-AS1","OBSCN-AS1","OBSCN-AS1",,,"3.62923713435436E-4","false","OBSCN-AS1"
"XIRP2","XIRP2","XIRP2","0.001768108517044048","0.00317329332065266","3.62923713435436E-4","false","XIRP2"
"PDLIM5","PDLIM5","PDLIM5","0.0016908361739476536","0.00330908760520822","7.25847426870872E-5","false","PDLIM5"
"ANKRD23","ANKRD23","ANKRD23","1.81461856717718E-4","0.0","3.62923713435436E-4","false","ANKRD23"
"VPS72","VPS72","VPS72","3.998523622047245E-4","7.99704724409449E-4","0.0","false","VPS72"
"STT3B","STT3B","STT3B","6.649679562651209E-4","6.76673228346457E-4","6.53262684183785E-4","false","STT3B"
"CHCHD4","CHCHD4","CHCHD4","0.006051111381674394","0.0120296380206617","7.25847426870872E-5","false","CHCHD4"
"GYG1","GYG1","GYG1","0.027871727611195087","0.0550176077955193","7.25847426870872E-4","false","GYG1"
"ZDHHC3","ZDHHC3","ZDHHC3","0.002022155116448853","0.00317329332065266","8.71016912245046E-4","false","ZDHHC3"
"BSN","BSN","BSN","3.131132374852761E-4","5.53641732283465E-4","7.25847426870872E-5","false","BSN"
"IL31RA","IL31RA","IL31RA","5.197984708909465E-4","6.76673228346457E-4","3.62923713435436E-4","false","IL31RA"
"COG5","COG5","COG5",,,"5.80677941496697E-4","false","COG5"
"BRI3","BRI3","BRI3","0.005015867963173264","0.00966881221291109","3.62923713435436E-4","false","BRI3"
"CTSB","CTSB","CTSB","8.40895315655043E-4","7.38188976377953E-4","9.43601654932133E-4","false","CTSB"
"NOL6","NOL6","NOL6","0.005239792965988044","0.010407001189289","7.25847426870872E-5","false","NOL6"
"RPL36AL","RPL36AL","RPL36AL","0.004042298497840578","6.15157480314961E-5","0.00802308124764966","false","RPL36AL"
"VDAC2","VDAC2","VDAC2","0.0","0.0","0.0","false","VDAC2"
"RET","RET","RET","0.00803097721203675","0.0154812764825768","5.80677941496697E-4","false","RET"
"FUNDC2","FUNDC2","FUNDC2","0.01367007591767655","0.0171395283070908","0.0102006235282623","false","FUNDC2"
"ANKRD2","ANKRD2","ANKRD2","3.35251226796458E-4","3.0757874015748E-4","3.62923713435436E-4","false","ANKRD2"
"PSMC3","PSMC3","PSMC3",,,"4.35508456122523E-4","false","PSMC3"
"RAPSN","RAPSN","RAPSN","0.009482605922480774","0.00985335945700558","0.00911185238795597","false","RAPSN"
"SMCO4","SMCO4","SMCO4","0.003269496100577968","0.0061760684877205","3.62923713435436E-4","false","SMCO4"
"ABTB2","ABTB2","ABTB2","0.0091935826193414","0.0178064872971861","5.80677941496697E-4","false","ABTB2"
"LARP6","LARP6","LARP6","3.62923713435436E-5","0.0","7.25847426870872E-5","false","LARP6"
"SCN3B","SCN3B","SCN3B","0.018168207006034217","0.0353928123571363","9.43601654932133E-4","false","SCN3B"
"SMPD1","SMPD1","SMPD1","6.120720929381905E-4","8.61220472440945E-4","3.62923713435436E-4","false","SMPD1"
"APBB1","APBB1","APBB1","3.2109684476409656E-4","6.15157480314961E-5","5.80677941496697E-4","false","APBB1"
"SYNPO2L","SYNPO2L","SYNPO2L","8.550496976874045E-4","9.84251968503937E-4","7.25847426870872E-4","false","SYNPO2L"
"TRPV3","TRPV3","TRPV3","0.0053849624513622185","0.010407001189289","3.62923713435436E-4","false","TRPV3"
"DNAJC7","DNAJC7","DNAJC7","2.177542280612615E-4","0.0","4.35508456122523E-4","false","DNAJC7"
"BMP1","BMP1","BMP1","5.813142189224426E-4","7.99704724409449E-4","3.62923713435436E-4","false","BMP1"
"CSGALNACT2","CSGALNACT2","CSGALNACT2","4.5828272285945053E-4","5.53641732283465E-4","3.62923713435436E-4","false","CSGALNACT2"
"ELP5","ELP5","ELP5","2.8235536346952756E-4","4.92125984251968E-4","7.25847426870872E-5","false","ELP5"
"LRRN2","LRRN2","LRRN2","1.81461856717718E-4","0.0","3.62923713435436E-4","false","LRRN2"
"TMEM43","TMEM43","TMEM43","0.006756953999945998","0.0129332300583953","5.80677941496697E-4","false","TMEM43"
"CLCN5","CLCN5","CLCN5","1.81461856717718E-4","0.0","3.62923713435436E-4","false","CLCN5"
"DSEL","DSEL","DSEL","1.81461856717718E-4","0.0","3.62923713435436E-4","false","DSEL"
"TBCA","TBCA","TBCA","2.42977604749214E-4","1.23031496062992E-4","3.62923713435436E-4","false","TBCA"
"THOP1","THOP1","THOP1","5.86848716250238E-4","7.38188976377953E-4","4.35508456122523E-4","false","THOP1"
"MYOZ2","MYOZ2","MYOZ2","8.91342069030948E-4","9.84251968503937E-4","7.98432169557959E-4","false","MYOZ2"
"CES3","CES3","CES3","0.0022231394602276063","0.00401077046433269","4.35508456122523E-4","false","CES3"
"CES2","CES2","CES2","2.42977604749214E-4","1.23031496062992E-4","3.62923713435436E-4","false","CES2"
"FAM222B","FAM222B","FAM222B","2.73735478764962E-4","1.84547244094488E-4","3.62923713435436E-4","false","FAM222B"
"ESRRA","ESRRA","ESRRA","0.0063248468604393615","0.0122141852647562","4.35508456122523E-4","false","ESRRA"
"EHBP1L1","EHBP1L1","EHBP1L1","6.76036950920712E-4","5.53641732283465E-4","7.98432169557959E-4","false","EHBP1L1"
"FKBP2","FKBP2","FKBP2","4.2997395879472753E-4","6.15157480314961E-5","7.98432169557959E-4","false","FKBP2"
"CSPG4","CSPG4","CSPG4","1.81461856717718E-4","0.0","3.62923713435436E-4","false","CSPG4"
"UQCRH","UQCRH","UQCRH","6.286755849215771E-4","6.76673228346457E-4","5.80677941496697E-4","false","UQCRH"
"SPTBN2","SPTBN2","SPTBN2","2.903389707483485E-4","0.0","5.80677941496697E-4","false","SPTBN2"
"ATP5MK","ATP5MK","ATP5MK","0.006305157981079198","0.0120296380206617","5.80677941496697E-4","false","ATP5MK"
"NRROS","NRROS","NRROS","0.0035376970820151323","0.00642213147984648","6.53262684183785E-4","false","NRROS"
"PHLDA3","PHLDA3","PHLDA3",,,"3.62923713435436E-4","false","PHLDA3"
"YIF1A","YIF1A","YIF1A","5.505563449066945E-4","7.38188976377953E-4","3.62923713435436E-4","false","YIF1A"
"KLC2","KLC2","KLC2","2.7926997609275747E-4","1.23031496062992E-4","4.35508456122523E-4","false","KLC2"
"MRPS22","MRPS22","MRPS22","0.00401154062382483","0.0","0.00802308124764966","false","MRPS22"
"DRAP1","DRAP1","DRAP1","0.004555926193977985","0.0","0.00911185238795597","false","DRAP1"
"B3GALT6","B3GALT6","B3GALT6","3.2109684476409656E-4","6.15157480314961E-5","5.80677941496697E-4","false","B3GALT6"
"FAM210A","FAM210A","FAM210A","0.010026359634155681","0.0120296380206617","0.00802308124764966","false","FAM210A"
"TIMM22","TIMM22","TIMM22","7.406380863289765E-4","0.00104576771653543","4.35508456122523E-4","false","TIMM22"
"MAMDC4","MAMDC4","MAMDC4","2.903389707483485E-4","0.0","5.80677941496697E-4","false","MAMDC4"
"PLEC","PLEC","PLEC","2.1221973073346607E-4","6.15157480314961E-5","3.62923713435436E-4","false","PLEC"
"GRINA","GRINA","GRINA","3.62923713435436E-5","0.0","7.25847426870872E-5","false","GRINA"
"COX5A","COX5A","COX5A","6.286755849215771E-4","6.76673228346457E-4","5.80677941496697E-4","false","COX5A"
"ZBTB42","ZBTB42","ZBTB42","5.364019628743325E-4","4.92125984251968E-4","5.80677941496697E-4","false","ZBTB42"
"C14orf119","C14orf119","C14orf119","0.005209327990671186","0.00998314752521985","4.35508456122523E-4","false","C14orf119"
"HIGD1A","HIGD1A","HIGD1A","0.0","0.0","0.0","false","HIGD1A"
"NPLOC4","NPLOC4","NPLOC4","3.62923713435436E-5","0.0","7.25847426870872E-5","false","NPLOC4"
"TRAK1","TRAK1","TRAK1","8.71653189670791E-4","7.99704724409449E-4","9.43601654932133E-4","false","TRAK1"
"MAFA","MAFA","MAFA","5.67159836890081E-4","5.53641732283465E-4","5.80677941496697E-4","false","MAFA"
"SLC25A18","SLC25A18","SLC25A18","6.563480715605545E-4","3.69094488188976E-4","9.43601654932133E-4","false","SLC25A18"
"BEGAIN","BEGAIN","BEGAIN","5.505563449066945E-4","7.38188976377953E-4","3.62923713435436E-4","false","BEGAIN"
"PI4KAP2","PI4KAP2","PI4KAP2","1.5378937007874E-4","3.0757874015748E-4","0.0","false","PI4KAP2"
"UTP11","UTP11","UTP11","3.9676697482795404E-4","4.30610236220472E-4","3.62923713435436E-4","false","UTP11"
"NOC4L","NOC4L","NOC4L","6.90191332953073E-4","7.99704724409449E-4","5.80677941496697E-4","false","NOC4L"
"PSMD13","PSMD13","PSMD13","2.42977604749214E-4","1.23031496062992E-4","3.62923713435436E-4","false","PSMD13"
"ADAMTSL5","ADAMTSL5","ADAMTSL5","0.0020978252465127076","0.00354238780884163","6.53262684183785E-4","false","ADAMTSL5"
"FSD2","FSD2","FSD2","7.79379567623547E-4","6.15157480314961E-4","9.43601654932133E-4","false","FSD2"
"CHP1","CHP1","CHP1","0.0061962808670485685","0.0120296380206617","3.62923713435436E-4","false","CHP1"
"KBTBD12","KBTBD12","KBTBD12","0.003761622084829938","0.00716032045622444","3.62923713435436E-4","false","KBTBD12"
"PAQR9","PAQR9","PAQR9","4.5828272285945053E-4","5.53641732283465E-4","3.62923713435436E-4","false","PAQR9"
"DUSP29","DUSP29","DUSP29","4.361447335482681E-4","7.99704724409449E-4","7.25847426870872E-5","false","DUSP29"
"TMEM198","TMEM198","TMEM198","0.004379524700211983","0.00839612568698853","3.62923713435436E-4","false","TMEM198"
"C15orf61","C15orf61","C15orf61","0.008121914147915799","0.0156631503543349","5.80677941496697E-4","false","C15orf61"
"RRP7A","RRP7A","RRP7A","7.65861463016933E-4","0.00116879921259843","3.62923713435436E-4","false","RRP7A"
"MYO18A","MYO18A","MYO18A","0.005365818268623369","0.0103687128238113","3.62923713435436E-4","false","MYO18A"
"SLC39A10","SLC39A10","SLC39A10","3.35251226796458E-4","3.0757874015748E-4","3.62923713435436E-4","false","SLC39A10"
"WDR45","WDR45","WDR45","5.197984708909465E-4","6.76673228346457E-4","3.62923713435436E-4","false","WDR45"
"MIRLET7BHG","MIRLET7BHG","MIRLET7BHG","1.81461856717718E-4","0.0","3.62923713435436E-4","false","MIRLET7BHG"
"NRAP","NRAP","NRAP","1.81461856717718E-4","0.0","3.62923713435436E-4","false","NRAP"
"ENTPD7","ENTPD7","ENTPD7","2.903389707483485E-4","0.0","5.80677941496697E-4","false","ENTPD7"
"GFPT1","GFPT1","GFPT1","0.00841667519220908","0.0160349182148602","7.98432169557959E-4","false","GFPT1"
"PLN","PLN","PLN","2.8235536346952756E-4","4.92125984251968E-4","7.25847426870872E-5","false","PLN"
"EIF1AY","EIF1AY","EIF1AY","0.0015616339031311196","0.00232483563670428","7.98432169557959E-4","false","EIF1AY"
"GK","GK","GK","4.27524848843702E-4","4.92125984251968E-4","3.62923713435436E-4","false","GK"
"DENND4B","DENND4B","DENND4B","0.00804932940522871","0.0156631503543349","4.35508456122523E-4","false","DENND4B"
"KIAA1671-AS1","KIAA1671-AS1","KIAA1671-AS1","0.007570153798421812","0.0147047991407211","4.35508456122523E-4","false","KIAA1671-AS1"
"GDI1","GDI1","GDI1","2.903389707483485E-4","0.0","5.80677941496697E-4","false","GDI1"
"ARRDC1-AS1","ARRDC1-AS1","ARRDC1-AS1","2.1221973073346607E-4","6.15157480314961E-5","3.62923713435436E-4","false","ARRDC1-AS1"
"SNHG32","SNHG32","SNHG32","0.005467663982040068","0.0105724042506447","3.62923713435436E-4","false","SNHG32"
"VWA7","VWA7","VWA7","0.002216169142166395","0.00392424508552318","5.0809319880961E-4","false","VWA7"
"SLC35B4","SLC35B4","SLC35B4",,,"5.80677941496697E-4","false","SLC35B4"
"LCAT","LCAT","LCAT","5.0809319880961E-4","0.0","0.00101618639761922","false","LCAT"
"SRA1","SRA1","SRA1","5.86848716250238E-4","7.38188976377953E-4","4.35508456122523E-4","false","SRA1"
"TMX2","TMX2","TMX2","3.690944881889765E-4","7.38188976377953E-4","0.0","false","TMX2"
"NDUFS3","NDUFS3","NDUFS3","5.5609084223449E-4","6.76673228346457E-4","4.35508456122523E-4","false","NDUFS3"
"SLC35F6","SLC35F6","SLC35F6","2.903389707483485E-4","0.0","5.80677941496697E-4","false","SLC35F6"
"ALG3","ALG3","ALG3","0.0065653753552375686","0.0127678269970397","3.62923713435436E-4","false","ALG3"
"PLIN5","PLIN5","PLIN5","4.0538685953252007E-4","7.38188976377953E-4","7.25847426870872E-5","false","PLIN5"
"PPME1","PPME1","PPME1","6.735878409696865E-4","9.84251968503937E-4","3.62923713435436E-4","false","PPME1"
"GTF2IRD2P1","GTF2IRD2P1","GTF2IRD2P1","1.81461856717718E-4","0.0","3.62923713435436E-4","false","GTF2IRD2P1"
"ZBED1","ZBED1","ZBED1","0.001589942667195843","0.00281696162095625","3.62923713435436E-4","false","ZBED1"
"SMTNL1","SMTNL1","SMTNL1","0.0015647192905078914","0.00269393012489326","4.35508456122523E-4","false","SMTNL1"
"CRPPA","CRPPA","CRPPA","2.177542280612615E-4","0.0","4.35508456122523E-4","false","CRPPA"
"PHB2","PHB2","PHB2","0.0014527567891004884","0.00232483563670428","5.80677941496697E-4","false","PHB2"
"ENSG00000215861.7","ENSG00000215861.7","ENSG00000215861.7","0.0021837617015072913","0.00364167597614371","7.25847426870872E-4","false","ENSG00000215861.7"
"CEBPZOS","CEBPZOS","CEBPZOS","0.0","0.0","0.0","false","CEBPZOS"
"NUTM2A-AS1","NUTM2A-AS1","NUTM2A-AS1","7.37552698952208E-4","6.76673228346457E-4","7.98432169557959E-4","false","NUTM2A-AS1"
"ENSG00000224163.4","ENSG00000224163.4","ENSG00000224163.4","1.81461856717718E-4","0.0","3.62923713435436E-4","false","ENSG00000224163.4"
"AKR1B15","AKR1B15","AKR1B15","5.813142189224426E-4","7.99704724409449E-4","3.62923713435436E-4","false","AKR1B15"
"ENSG00000227496.3","ENSG00000227496.3","ENSG00000227496.3","5.86848716250238E-4","7.38188976377953E-4","4.35508456122523E-4","false","ENSG00000227496.3"
"LINC00702","LINC00702","LINC00702","0.0071107816823197684","0.0138586396512041","3.62923713435436E-4","false","LINC00702"
"GTF2IP4","GTF2IP4","GTF2IP4","3.992160847789795E-4","0.0","7.98432169557959E-4","false","GTF2IP4"
"RNF217-AS1","RNF217-AS1","RNF217-AS1","2.177542280612615E-4","0.0","4.35508456122523E-4","false","RNF217-AS1"
"KLHL41","KLHL41","KLHL41","0.004902701457178566","0.00907955548748626","7.25847426870872E-4","false","KLHL41"
"ITIH4-AS1","ITIH4-AS1","ITIH4-AS1","0.002202014760134031","0.00367818209339719","7.25847426870872E-4","false","ITIH4-AS1"
"RPL13P5","RPL13P5","RPL13P5","0.0017775752986671","0.0035551505973342","0.0","false","RPL13P5"
"AQP1","AQP1","AQP1","0.00296500274779726","0.00593000549559452","0.0","false","AQP1"
"PEDS1","PEDS1","PEDS1","6.120720929381905E-4","8.61220472440945E-4","3.62923713435436E-4","false","PEDS1"
"PLCXD2","PLCXD2","PLCXD2","3.992160847789795E-4","0.0","7.98432169557959E-4","false","PLCXD2"
"ARPC4","ARPC4","ARPC4","4.718008274660665E-4","0.0","9.43601654932133E-4","false","ARPC4"
"ENSG00000243696.5","ENSG00000243696.5","ENSG00000243696.5","5.197984708909465E-4","6.76673228346457E-4","3.62923713435436E-4","false","ENSG00000243696.5"
"RPLP0P2","RPLP0P2","RPLP0P2","7.48621693607799E-4","5.53641732283465E-4","9.43601654932133E-4","false","RPLP0P2"
"MGC16275","MGC16275","MGC16275","4.718008274660665E-4","0.0","9.43601654932133E-4","false","MGC16275"
"TWF2","TWF2","TWF2","0.0015915448802283781","0.00231207284821171","8.71016912245046E-4","false","TWF2"
"ENSG00000248538.9","ENSG00000248538.9","ENSG00000248538.9","0.0031938259705141087","0.00580697399953152","5.80677941496697E-4","false","ENSG00000248538.9"
"DSTNP2","DSTNP2","DSTNP2","0.0024370087576044237","0.00429333957371215","5.80677941496697E-4","false","DSTNP2"
"ADAMTS19-AS1","ADAMTS19-AS1","ADAMTS19-AS1","0.003471405279187078","0.00657988684493872","3.62923713435436E-4","false","ADAMTS19-AS1"
"ENSG00000249679.3","ENSG00000249679.3","ENSG00000249679.3","7.713959603447265E-4","0.00110728346456693","4.35508456122523E-4","false","ENSG00000249679.3"
"TMEM158","TMEM158","TMEM158","0.0016988197812264736","0.00281696162095625","5.80677941496697E-4","false","TMEM158"
"GJD2-DT","GJD2-DT","GJD2-DT","0.01904870884779172","0.037734493982148","3.62923713435436E-4","false","GJD2-DT"
"ENSG00000251602.7","ENSG00000251602.7","ENSG00000251602.7","3.62923713435436E-5","0.0","7.25847426870872E-5","false","ENSG00000251602.7"
"ENSG00000252690.3","ENSG00000252690.3","ENSG00000252690.3","0.002017467516039546","0.00330908760520822","7.25847426870872E-4","false","ENSG00000252690.3"
"MPV17L2","MPV17L2","MPV17L2","3.9676697482795404E-4","4.30610236220472E-4","3.62923713435436E-4","false","MPV17L2"
"COA8","COA8","COA8","4.6381722018724544E-4","4.92125984251968E-4","4.35508456122523E-4","false","COA8"
"ENSG00000257252.6","ENSG00000257252.6","ENSG00000257252.6","0.006305157981079198","0.0120296380206617","5.80677941496697E-4","false","ENSG00000257252.6"
"ST20-AS1","ST20-AS1","ST20-AS1","3.407857241242535E-4","2.46062992125984E-4","4.35508456122523E-4","false","ST20-AS1"
"ERVK13-1","ERVK13-1","ERVK13-1","5.056440888585845E-4","4.30610236220472E-4","5.80677941496697E-4","false","ERVK13-1"
"BOP1","BOP1","BOP1","0.004457936838925732","0.00797227202291933","9.43601654932133E-4","false","BOP1"
"BOLA2-SMG1P6","BOLA2-SMG1P6","BOLA2-SMG1P6","8.993256763097689E-4","4.92125984251968E-4","0.00130652536836757","false","BOLA2-SMG1P6"
"LINC02185","LINC02185","LINC02185","6.255901975448066E-4","3.0757874015748E-4","9.43601654932133E-4","false","LINC02185"
"CCNQ","CCNQ","CCNQ","2.42977604749214E-4","1.23031496062992E-4","3.62923713435436E-4","false","CCNQ"
"NFE2L1-DT","NFE2L1-DT","NFE2L1-DT","2.903389707483485E-4","0.0","5.80677941496697E-4","false","NFE2L1-DT"
"MYL12-AS1","MYL12-AS1","MYL12-AS1","3.66009100812206E-4","3.69094488188976E-4","3.62923713435436E-4","false","MYL12-AS1"
"TIMM23","TIMM23","TIMM23","6.286755849215771E-4","6.76673228346457E-4","5.80677941496697E-4","false","TIMM23"
"NCOA4","NCOA4","NCOA4","5.86848716250238E-4","7.38188976377953E-4","4.35508456122523E-4","false","NCOA4"
"ENSG00000269934.3","ENSG00000269934.3","ENSG00000269934.3","0.011011542790765268","0.0216601618680951","3.62923713435436E-4","false","ENSG00000269934.3"
"ENSG00000270110.2","ENSG00000270110.2","ENSG00000270110.2","3.9676697482795404E-4","4.30610236220472E-4","3.62923713435436E-4","false","ENSG00000270110.2"
"ANKRD34A","ANKRD34A","ANKRD34A","4.5828272285945053E-4","5.53641732283465E-4","3.62923713435436E-4","false","ANKRD34A"
"MUSTN1","MUSTN1","MUSTN1","0.002752360485547983","0.00514179725766053","3.62923713435436E-4","false","MUSTN1"
"ENSG00000272789.1","ENSG00000272789.1","ENSG00000272789.1","0.00858328225815205","0.0165858865748074","5.80677941496697E-4","false","ENSG00000272789.1"
"ENSG00000272918.1","ENSG00000272918.1","ENSG00000272918.1","2.903389707483485E-4","0.0","5.80677941496697E-4","false","ENSG00000272918.1"
"CYFIP1","CYFIP1","CYFIP1","3.2109684476409656E-4","6.15157480314961E-5","5.80677941496697E-4","false","CYFIP1"
"NATD1","NATD1","NATD1","0.008105310655932419","0.0158476975984294","3.62923713435436E-4","false","NATD1"
"ORAI1","ORAI1","ORAI1","0.0011177161817967766","0.00129183070866142","9.43601654932133E-4","false","ORAI1"
"ENSG00000279118.1","ENSG00000279118.1","ENSG00000279118.1","4.2997395879472753E-4","6.15157480314961E-5","7.98432169557959E-4","false","ENSG00000279118.1"
"ENSG00000280852.2","ENSG00000280852.2","ENSG00000280852.2","0.003960912634771714","0.00784924052685634","7.25847426870872E-5","false","ENSG00000280852.2"
"ENSG00000284747.1","ENSG00000284747.1","ENSG00000284747.1","0.009116031106488065","0.017288460558044","9.43601654932133E-4","false","ENSG00000284747.1"
"ABCF2-H2BE1","ABCF2-H2BE1","ABCF2-H2BE1","3.62923713435436E-5","0.0","7.25847426870872E-5","false","ABCF2-H2BE1"
"ENSG00000286067.1","ENSG00000286067.1","ENSG00000286067.1","8.101374416392951E-4","6.76673228346457E-4","9.43601654932133E-4","false","ENSG00000286067.1"
"ENSG00000288832.1","ENSG00000288832.1","ENSG00000288832.1","0.0017389970832544614","0.00253439251157679","9.43601654932133E-4","false","ENSG00000288832.1"
"ENSG00000289236.1","ENSG00000289236.1","ENSG00000289236.1","3.66009100812206E-4","3.69094488188976E-4","3.62923713435436E-4","false","ENSG00000289236.1"
"SEMA3F","SEMA3F","SEMA3F","0.01318966800605087","0.00487199093677364","0.0215073450753281","false","SEMA3F"
"SP3","SP3","SP3","0.3231175642437445","0.332838769203284","0.313396359284205","false","SP3"
"DBNDD1","DBNDD1","DBNDD1","2.54046599404805E-4","0.0","5.0809319880961E-4","false","DBNDD1"
"TSC22D1","TSC22D1","TSC22D1","7.689468503937E-4","0.0015378937007874","0.0","false","TSC22D1"
"RBM5","RBM5","RBM5","0.009300617122944346","0.00253439251157679","0.0160668417343119","false","RBM5"
"ZNF608","ZNF608","ZNF608","0.0262912957891133","0.0525825915782266","0.0","false","ZNF608"
"KDM1A","KDM1A","KDM1A","0.005162918831336911","0.00981774446386421","5.0809319880961E-4","false","KDM1A"
"RBM6","RBM6","RBM6","0.0023153688550812228","0.00426781399672701","3.62923713435436E-4","false","RBM6"
"CENPB","CENPB","CENPB","0.0","0.0","0.0","false","CENPB"
"CREBBP","CREBBP","CREBBP","0.00416567075419081","0.0038877389682697","0.00444360254011192","false","CREBBP"
"FBXL3","FBXL3","FBXL3","0.012355742736368516","0.0237678838178049","9.43601654932133E-4","false","FBXL3"
"MYPOP","MYPOP","MYPOP","0.0","0.0","0.0","false","MYPOP"
"ZFX","ZFX","ZFX","0.00602164284021603","0.0112448535108741","7.98432169557959E-4","false","ZFX"
"ZNF768","ZNF768","ZNF768","0.00169168307086614","0.00338336614173228","0.0","false","ZNF768"
"AP2B1","AP2B1","AP2B1","5.00109591530789E-4","4.92125984251968E-4","5.0809319880961E-4","false","AP2B1"
"GTF2IRD1","GTF2IRD1","GTF2IRD1","0.004812811309762195","0.00605303699165751","0.00357258562786688","false","GTF2IRD1"
"ARHGAP44","ARHGAP44","ARHGAP44","0.0035629204587030888","0.00654516297590948","5.80677941496697E-4","false","ARHGAP44"
"CYTH3","CYTH3","CYTH3","0.00517080005473634","3.0757874015748E-4","0.0100340213693152","false","CYTH3"
"AASS","AASS","AASS","0.015692706124910364","0.0272524639005249","0.00413294834929583","false","AASS"
"RANBP9","RANBP9","RANBP9","0.005326329143385815","0.00365265651641205","0.00700000177035958","false","RANBP9"
"PHF7","PHF7","PHF7","7.9843216955796E-4","0.0","0.00159686433911592","false","PHF7"
"FUZ","FUZ","FUZ","0.002379377940257373","0.0038877389682697","8.71016912245046E-4","false","FUZ"
"ANOS1","ANOS1","ANOS1","8.132228290160634E-4","0.00104576771653543","5.80677941496697E-4","false","ANOS1"
"LDAF1","LDAF1","LDAF1","0.0054617753029104505","0.00110728346456693","0.00981626714125397","false","LDAF1"
"KDM5D","KDM5D","KDM5D","0.01067699197271123","0.0205555517758645","7.98432169557959E-4","false","KDM5D"
"CALCOCO1","CALCOCO1","CALCOCO1","0.01214259382951041","0.0232690012614016","0.00101618639761922","false","CALCOCO1"
"DNASE1L1","DNASE1L1","DNASE1L1","0.00225144822429233","0.00450289644858466","0.0","false","DNASE1L1"
"ZMYND11","ZMYND11","ZMYND11","3.992160847789795E-4","0.0","7.98432169557959E-4","false","ZMYND11"
"MATR3","MATR3","MATR3","0.004216183142886875","0.00654516297590948","0.00188720330986427","false","MATR3"
"VEZT","VEZT","VEZT","5.00109591530789E-4","4.92125984251968E-4","5.0809319880961E-4","false","VEZT"
"NUP160","NUP160","NUP160","9.63926811718035E-4","9.84251968503937E-4","9.43601654932133E-4","false","NUP160"
"ATP6V0A1","ATP6V0A1","ATP6V0A1","0.001935205372236656","0.00365265651641205","2.17754228061262E-4","false","ATP6V0A1"
"PIAS1","PIAS1","PIAS1","0.006301730837389285","0.0072888422224216","0.00531461945235697","false","PIAS1"
"LCP2","LCP2","LCP2","0.001767704398899395","3.0757874015748E-4","0.00322783005764131","false","LCP2"
"FAM184B","FAM184B","FAM184B","0.003680816009018495","0.00413380196039568","0.00322783005764131","false","FAM184B"
"ROS1","ROS1","ROS1","0.004385352096238645","0.00797227202291933","7.98432169557959E-4","false","ROS1"
"VPS13D","VPS13D","VPS13D","3.992160847789795E-4","0.0","7.98432169557959E-4","false","VPS13D"
"ARID1B","ARID1B","ARID1B","0.0024187556989776838","0.00425683345645867","5.80677941496697E-4","false","ARID1B"
"NEDD4L","NEDD4L","NEDD4L","2.87889860797323E-4","4.30610236220472E-4","1.45169485374174E-4","false","NEDD4L"
"PIK3CB","PIK3CB","PIK3CB","0.0029840553497316675","0.00531484801527955","6.53262684183785E-4","false","PIK3CB"
"THOC3","THOC3","THOC3","0.017022205090712946","0.0328830542984325","0.00116135588299339","false","THOC3"
"NNAT","NNAT","NNAT","3.66009100812206E-4","3.69094488188976E-4","3.62923713435436E-4","false","NNAT"
"SDCCAG8","SDCCAG8","SDCCAG8","6.1515748031496E-5","1.23031496062992E-4","0.0","false","SDCCAG8"
"KMT2C","KMT2C","KMT2C","0.0130874450087538","0.0255942120760109","5.80677941496697E-4","false","KMT2C"
"CDK17","CDK17","CDK17","4.441283408270885E-4","3.0757874015748E-4","5.80677941496697E-4","false","CDK17"
"OGFR","OGFR","OGFR","0.003026518495828755","0.00605303699165751","0.0","false","OGFR"
"GPBP1","GPBP1","GPBP1","0.0","0.0","0.0","false","GPBP1"
"WAPL","WAPL","WAPL","0.0028967273011972945","0.00499502243283663","7.98432169557959E-4","false","WAPL"
"BICRA","BICRA","BICRA","0.00505887430188818","0.00654516297590948","0.00357258562786688","false","BICRA"
"LIMCH1","LIMCH1","LIMCH1","0.01093072264287693","0.0216436910576926","2.17754228061262E-4","false","LIMCH1"
"CTSA","CTSA","CTSA","0.00232886555156131","0.00123031496062992","0.0034274161424927","false","CTSA"
"PKN2","PKN2","PKN2","0.0","0.0","0.0","false","PKN2"
"FOXJ2","FOXJ2","FOXJ2","0.004254336992896834","0.00821833501504532","2.90338970748349E-4","false","FOXJ2"
"TNFRSF1A","TNFRSF1A","TNFRSF1A","2.46062992125984E-4","4.92125984251968E-4","0.0","false","TNFRSF1A"
"VPS35","VPS35","VPS35","0.0012210587984996099","0.00135334645669291","0.00108877114030631","false","VPS35"
"TGFBR3","TGFBR3","TGFBR3","0.009868303902653114","0.010407001189289","0.00932960661601723","false","TGFBR3"
"PHRF1","PHRF1","PHRF1","0.002328931186881465","0.00364167597614371","0.00101618639761922","false","PHRF1"
"OSBPL3","OSBPL3","OSBPL3","0.002043424800715013","3.69094488188976E-4","0.00371775511324105","false","OSBPL3"
"NCK2","NCK2","NCK2","0.00278045550370277","0.00556091100740554","0.0","false","NCK2"
"ZFYVE26","ZFYVE26","ZFYVE26","0.003383157153049355","0.0","0.00676631430609871","false","ZFYVE26"
"UBE2D1","UBE2D1","UBE2D1","0.0021553873021224164","7.38188976377953E-4","0.00357258562786688","false","UBE2D1"
"NUAK1","NUAK1","NUAK1","0.00762838524113505","0.0","0.0152567704822701","false","NUAK1"
"GRAMD4","GRAMD4","GRAMD4","0.00849478897739217","9.22736220472441E-4","0.0160668417343119","false","GRAMD4"
"MARK3","MARK3","MARK3","3.992160847789795E-4","0.0","7.98432169557959E-4","false","MARK3"
"NT5C2","NT5C2","NT5C2","0.00341518758191659","0.00166092519685039","0.00516944996698279","false","NT5C2"
"TOP2B","TOP2B","TOP2B","0.006674252469268198","0.0127678269970397","5.80677941496697E-4","false","TOP2B"
"AMPH","AMPH","AMPH","2.903389707483485E-4","0.0","5.80677941496697E-4","false","AMPH"
"MCCC1","MCCC1","MCCC1","0.0177923142502805","0.0162003212762159","0.0193843072243451","false","MCCC1"
"ADCY2","ADCY2","ADCY2","2.903389707483485E-4","0.0","5.80677941496697E-4","false","ADCY2"
"PPP2R5C","PPP2R5C","PPP2R5C","0.00178629281393344","0.0","0.00357258562786688","false","PPP2R5C"
"RBFOX1","RBFOX1","RBFOX1","0.008149426417436779","0.0155004206653156","7.98432169557959E-4","false","RBFOX1"
"EDN1","EDN1","EDN1","0.001100902070320645","0.00220180414064129","0.0","false","EDN1"
"ITCH","ITCH","ITCH","6.8955505552733E-4","0.0","0.00137911011105466","false","ITCH"
"SAR1A","SAR1A","SAR1A","0.0013912410410689936","0.00220180414064129","5.80677941496697E-4","false","SAR1A"
"ARG2","ARG2","ARG2","3.18647734813071E-4","4.92125984251968E-4","1.45169485374174E-4","false","ARG2"
"PKP1","PKP1","PKP1","0.002438017772787915","3.0757874015748E-4","0.00456845680541835","false","PKP1"
"PHLPP1","PHLPP1","PHLPP1","2.903389707483485E-4","0.0","5.80677941496697E-4","false","PHLPP1"
"NFE2L1","NFE2L1","NFE2L1","0.01623452156762396","0.030872178796132","0.00159686433911592","false","NFE2L1"
"ULK2","ULK2","ULK2","0.0031323102224826136","0.00568394250346853","5.80677941496697E-4","false","ULK2"
"APLP2","APLP2","APLP2","4.5519733548268E-4","1.84547244094488E-4","7.25847426870872E-4","false","APLP2"
"WBP11","WBP11","WBP11","0.005637066384874638","3.69094488188976E-4","0.0109050382815603","false","WBP11"
"RAB10","RAB10","RAB10","0.011799417294705655","0.02037100453177","0.00322783005764131","false","RAB10"
"HADHA","HADHA","HADHA","6.1515748031496E-5","1.23031496062992E-4","0.0","false","HADHA"
"ATRX","ATRX","ATRX","3.912324775001585E-4","4.92125984251968E-4","2.90338970748349E-4","false","ATRX"
"CHERP","CHERP","CHERP","0.002398430542191785","0.00327258148795474","0.00152427959642883","false","CHERP"
"NOX4","NOX4","NOX4","0.006746837211955286","0.0127678269970397","7.25847426870872E-4","false","NOX4"
"AAMDC","AAMDC","AAMDC","1.81461856717718E-4","0.0","3.62923713435436E-4","false","AAMDC"
"KHSRP","KHSRP","KHSRP","0.019141994876921396","0.0306328723761573","0.00765111737768549","false","KHSRP"
"ASAP3","ASAP3","ASAP3","3.912324775001585E-4","4.92125984251968E-4","2.90338970748349E-4","false","ASAP3"
"MAVS","MAVS","MAVS","5.142639735631509E-4","7.38188976377953E-4","2.90338970748349E-4","false","MAVS"
"SNX5","SNX5","SNX5","0.00437911881258214","0.00562116045341993","0.00313707717174435","false","SNX5"
"CFAP61","CFAP61","CFAP61","0.002631611707136897","0.00511805392889962","1.45169485374174E-4","false","CFAP61"
"CCNK","CCNK","CCNK","0.002551517999524623","3.69094488188976E-4","0.00473394151086027","false","CCNK"
"GLG1","GLG1","GLG1","8.91342069030948E-4","9.84251968503937E-4","7.98432169557959E-4","false","GLG1"
"SNAP23","SNAP23","SNAP23","0.00364033778597207","0.00327258148795474","0.0040080940839894","false","SNAP23"
"RFFL","RFFL","RFFL","0.01695379675105894","0.030335007874251","0.00357258562786688","false","RFFL"
"IKZF5","IKZF5","IKZF5","0.00367971554469238","0.00364167597614371","0.00371775511324105","false","IKZF5"
"WAC","WAC","WAC","0.0024661170649768194","0.00413380196039568","7.98432169557959E-4","false","WAC"
"IFT74","IFT74","IFT74","5.80677941496695E-4","0.0","0.00116135588299339","false","IFT74"
"ABL1","ABL1","ABL1","6.255901975448066E-4","3.0757874015748E-4","9.43601654932133E-4","false","ABL1"
"WASHC2A","WASHC2A","WASHC2A","6.286755849215771E-4","6.76673228346457E-4","5.80677941496697E-4","false","WASHC2A"
"IZUMO4","IZUMO4","IZUMO4","0.005324589424815081","6.15157480314961E-4","0.0100340213693152","false","IZUMO4"
"CRKL","CRKL","CRKL","0.0","0.0","0.0","false","CRKL"
"SF3A1","SF3A1","SF3A1","0.0011816810397792985","9.84251968503937E-4","0.00137911011105466","false","SF3A1"
"SNRPD3","SNRPD3","SNRPD3","5.837633288734675E-4","3.69094488188976E-4","7.98432169557959E-4","false","SNRPD3"
"TFIP11","TFIP11","TFIP11","0.00725704218335029","0.0109414987388337","0.00357258562786688","false","TFIP11"
"SLC5A1","SLC5A1","SLC5A1","3.075787401574805E-5","6.15157480314961E-5","0.0","false","SLC5A1"
"DDX17","DDX17","DDX17","0.00821552445613125","0.0158503709707658","5.80677941496697E-4","false","DDX17"
"RASL10A","RASL10A","RASL10A","2.374431074214185E-4","1.84547244094488E-4","2.90338970748349E-4","false","RASL10A"
"TOM1","TOM1","TOM1","0.009477132113618884","4.92125984251968E-4","0.0184621382429858","false","TOM1"
"HMOX1","HMOX1","HMOX1","5.364019628743325E-4","4.92125984251968E-4","5.80677941496697E-4","false","HMOX1"
"BRD1","BRD1","BRD1","0.006573743442019699","0.0125668089425427","5.80677941496697E-4","false","BRD1"
"SNW1","SNW1","SNW1","0.012358828123745249","0.0241369783059938","5.80677941496697E-4","false","SNW1"
"DHRS7","DHRS7","DHRS7","0.005585118654728635","0.00703728896016144","0.00413294834929583","false","DHRS7"
"DICER1","DICER1","DICER1","0.011897460013509048","0.0232142420855214","5.80677941496697E-4","false","DICER1"
"ZFYVE21","ZFYVE21","ZFYVE21","1.81461856717718E-4","0.0","3.62923713435436E-4","false","ZFYVE21"
"DIDO1","DIDO1","DIDO1","0.004776584573738805","0.0084643980071713","0.00108877114030631","false","DIDO1"
"MYLK2","MYLK2","MYLK2","0.008385349591031781","0.0165529449540023","2.17754228061262E-4","false","MYLK2"
"CST3","CST3","CST3","0.004936251819872215","0.00987250363974443","0.0","false","CST3"
"CEP76","CEP76","CEP76","1.08877114030631E-4","0.0","2.17754228061262E-4","false","CEP76"
"ANKRD12","ANKRD12","ANKRD12","2.768208661417325E-4","5.53641732283465E-4","0.0","false","ANKRD12"
"TBL1X","TBL1X","TBL1X","0.002201001470916422","0.00425683345645867","1.45169485374174E-4","false","TBL1X"
"POLA1","POLA1","POLA1","0.00701476336492978","0.0132310945603016","7.98432169557959E-4","false","POLA1"
"ATP1B4","ATP1B4","ATP1B4","0.0028292502502880747","7.99704724409449E-4","0.0048587957761667","false","ATP1B4"
"SMARCA1","SMARCA1","SMARCA1","0.010297780696531516","0.0196519597381309","9.43601654932133E-4","false","SMARCA1"
"MGRN1","MGRN1","MGRN1","0.006621356605941275","0.0129523742411342","2.90338970748349E-4","false","MGRN1"
"ZNF423","ZNF423","ZNF423","0.00537636376331105","0.0107527275266221","0.0","false","ZNF423"
"SETD6","SETD6","SETD6","1.34100490718583E-4","1.23031496062992E-4","1.45169485374174E-4","false","SETD6"
"SLC7A6","SLC7A6","SLC7A6","0.017772030735632702","0.0181947259681139","0.0173493355031515","false","SLC7A6"
"COTL1","COTL1","COTL1","2.54046599404805E-4","0.0","5.0809319880961E-4","false","COTL1"
"FBXO31","FBXO31","FBXO31","0.005416863046862325","7.99704724409449E-4","0.0100340213693152","false","FBXO31"
"CRYM","CRYM","CRYM","0.0183733508974869","0.0338999635939778","0.002846738200996","false","CRYM"
"CHRAC1","CHRAC1","CHRAC1","3.5494010615661495E-4","4.92125984251968E-4","2.17754228061262E-4","false","CHRAC1"
"NCALD","NCALD","NCALD","0.00374007301933368","0.00748014603866736","0.0","false","NCALD"
"SNRNP70","SNRNP70","SNRNP70","4.914897068262235E-4","1.84547244094488E-4","7.98432169557959E-4","false","SNRNP70"
"MED25","MED25","MED25","0.0014220204548730906","9.22736220472441E-4","0.00192130468927374","false","MED25"
"MED26","MED26","MED26","0.00416567075419081","0.0038877389682697","0.00444360254011192","false","MED26"
"ANKRD27","ANKRD27","ANKRD27","6.255901975448066E-4","3.0757874015748E-4","9.43601654932133E-4","false","ANKRD27"
"AKT2","AKT2","AKT2","0.001390227751851385","0.00278045550370277","0.0","false","AKT2"
"PIAS4","PIAS4","PIAS4","5.505563449066945E-4","7.38188976377953E-4","3.62923713435436E-4","false","PIAS4"
"BBC3","BBC3","BBC3","0.00966971161113332","0.00327258148795474","0.0160668417343119","false","BBC3"
"BABAM1","BABAM1","BABAM1","0.0015858439906014622","0.00302651849582875","1.45169485374174E-4","false","BABAM1"
"KDELR1","KDELR1","KDELR1","9.2273622047244E-5","1.84547244094488E-4","0.0","false","KDELR1"
"HPN","HPN","HPN","0.010812550167086564","0.0174921519848773","0.00413294834929583","false","HPN"
"SCN1B","SCN1B","SCN1B","3.992160847789795E-4","0.0","7.98432169557959E-4","false","SCN1B"
"HBP1","HBP1","HBP1","0.0031961438098248225","5.53641732283465E-4","0.00583864588736618","false","HBP1"
"PALS2","PALS2","PALS2","0.008702047392791184","0.0155168914757181","0.00188720330986427","false","PALS2"
"H2AZ2","H2AZ2","H2AZ2","3.2109684476409656E-4","6.15157480314961E-5","5.80677941496697E-4","false","H2AZ2"
"WASL","WASL","WASL","0.0019266297147257185","0.00327258148795474","5.80677941496697E-4","false","WASL"
"EIF4H","EIF4H","EIF4H","0.0019307283913200944","0.00306302461308223","7.98432169557959E-4","false","EIF4H"
"UBE2R2","UBE2R2","UBE2R2","0.0133482688824355","0.0106296960305591","0.0160668417343119","false","UBE2R2"
"PDLIM1","PDLIM1","PDLIM1","0.001847808561964936","1.23031496062992E-4","0.00357258562786688","false","PDLIM1"
"GATA3","GATA3","GATA3","3.992160847789795E-4","0.0","7.98432169557959E-4","false","GATA3"
"ARHGAP21","ARHGAP21","ARHGAP21","3.18647734813071E-4","4.92125984251968E-4","1.45169485374174E-4","false","ARHGAP21"
"TASOR2","TASOR2","TASOR2","0.005856763278828285","0.010407001189289","0.00130652536836757","false","TASOR2"
"CSF3","CSF3","CSF3","7.461725836567735E-4","9.84251968503937E-4","5.0809319880961E-4","false","CSF3"
"MED13","MED13","MED13","0.00965729745564923","0.00928057354198326","0.0100340213693152","false","MED13"
"PRKAR1A","PRKAR1A","PRKAR1A","0.008769480283766925","0.0172486215967855","2.90338970748349E-4","false","PRKAR1A"
"SUPT6H","SUPT6H","SUPT6H","7.37552698952208E-4","6.76673228346457E-4","7.98432169557959E-4","false","SUPT6H"
"CLCN3","CLCN3","CLCN3","1.5378937007874E-4","3.0757874015748E-4","0.0","false","CLCN3"
"ANAPC15","ANAPC15","ANAPC15","2.374431074214185E-4","1.84547244094488E-4","2.90338970748349E-4","false","ANAPC15"
"GALNT18","GALNT18","GALNT18","0.0","0.0","0.0","false","GALNT18"
"HIPK3","HIPK3","HIPK3","6.286755849215771E-4","6.76673228346457E-4","5.80677941496697E-4","false","HIPK3"
"NUP98","NUP98","NUP98","0.004119307326053638","0.00765793671061058","5.80677941496697E-4","false","NUP98"
"PTGES3","PTGES3","PTGES3","0.00993251983910737","0.00556091100740554","0.0143041286708092","false","PTGES3"
"ALDH2","ALDH2","ALDH2","0.014001430564087824","0.0234344043227573","0.00456845680541835","false","ALDH2"
"CEP85L","CEP85L","CEP85L","0.00584501356808019","0.00797227202291933","0.00371775511324105","false","CEP85L"
"SERINC1","SERINC1","SERINC1","4.890405968751985E-4","6.15157480314961E-4","3.62923713435436E-4","false","SERINC1"
"SASH1","SASH1","SASH1","0.00154133028613357","0.0","0.00308266057226714","false","SASH1"
"FBXL4","FBXL4","FBXL4","2.26374112765827E-4","3.0757874015748E-4","1.45169485374174E-4","false","FBXL4"
"SLC16A10","SLC16A10","SLC16A10","5.142639735631509E-4","7.38188976377953E-4","2.90338970748349E-4","false","SLC16A10"
"PRPF4B","PRPF4B","PRPF4B","0.0034114489279350583","9.84251968503937E-4","0.00583864588736618","false","PRPF4B"
"ERBIN","ERBIN","ERBIN","0.00858638733817869","0.0136001890484905","0.00357258562786688","false","ERBIN"
"CEP72","CEP72","CEP72","2.903389707483485E-4","0.0","5.80677941496697E-4","false","CEP72"
"MAN2A1","MAN2A1","MAN2A1","0.004380635112013807","7.38188976377953E-4","0.00802308124764966","false","MAN2A1"
"GHR","GHR","GHR","0.0026766903554841237","0.00477270276947155","5.80677941496697E-4","false","GHR"
"CERT1","CERT1","CERT1","0.00813148623928525","0.0156822945370738","5.80677941496697E-4","false","CERT1"
"TCERG1","TCERG1","TCERG1","0.008525546851407918","9.84251968503937E-4","0.0160668417343119","false","TCERG1"
"AMOTL2","AMOTL2","AMOTL2","3.992160847789795E-4","0.0","7.98432169557959E-4","false","AMOTL2"
"XRN1","XRN1","XRN1","3.826125927955925E-4","1.84547244094488E-4","5.80677941496697E-4","false","XRN1"
"KAT2B","KAT2B","KAT2B","0.006261834209121724","0.0122333294474951","2.90338970748349E-4","false","KAT2B"
"ECT2","ECT2","ECT2","1.81461856717718E-4","0.0","3.62923713435436E-4","false","ECT2"
"CBLB","CBLB","CBLB","0.0019385013791061736","0.00329632481671565","5.80677941496697E-4","false","CBLB"
"KLHL24","KLHL24","KLHL24","1.5378937007874E-4","3.0757874015748E-4","0.0","false","KLHL24"
"ADAM23","ADAM23","ADAM23","0.014592291942692424","0.0288942449146365","2.90338970748349E-4","false","ADAM23"
"NCL","NCL","NCL","0.008279483859281934","4.92125984251968E-4","0.0160668417343119","false","NCL"
"CLIP4","CLIP4","CLIP4","0.008173566807026016","0.0122141852647562","0.00413294834929583","false","CLIP4"
"SF3B1","SF3B1","SF3B1","0.0019511511786677689","1.84547244094488E-4","0.00371775511324105","false","SF3B1"
"FHL2","FHL2","FHL2","0.00803342086715595","0.0","0.0160668417343119","false","FHL2"
"BIRC6","BIRC6","BIRC6","0.00818721023723469","3.0757874015748E-4","0.0160668417343119","false","BIRC6"
"PRKD3","PRKD3","PRKD3","0.00410035725058338","0.00511805392889962","0.00308266057226714","false","PRKD3"
"QSOX1","QSOX1","QSOX1","0.0051014030833054155","0.00969471296780122","5.0809319880961E-4","false","QSOX1"
"SRSF4","SRSF4","SRSF4","0.009261826995508649","6.15157480314961E-5","0.0184621382429858","false","SRSF4"
"RNF19B","RNF19B","RNF19B","0.00614152331358208","0.00871046099929728","0.00357258562786688","false","RNF19B"
"CTH","CTH","CTH","6.8955505552733E-4","0.0","0.00137911011105466","false","CTH"
"MTR","MTR","MTR","0.015327882598441839","0.00654516297590948","0.0241106022209742","false","MTR"
"UAP1","UAP1","UAP1","2.73735478764962E-4","1.84547244094488E-4","3.62923713435436E-4","false","UAP1"
"PRPF3","PRPF3","PRPF3","0.005768820149521564","0.00994077595992721","0.00159686433911592","false","PRPF3"
"PRDX6","PRDX6","PRDX6","7.96619337032678E-4","0.00123031496062992","3.62923713435436E-4","false","PRDX6"
"CTSD","CTSD","CTSD","0.0031038701877775777","3.69094488188976E-4","0.00583864588736618","false","CTSD"
"PHF3","PHF3","PHF3","3.383366141732285E-4","6.76673228346457E-4","0.0","false","PHF3"
"MED28","MED28","MED28","0.01413468659803515","0.0282693731960703","0.0","false","MED28"
"SLC16A7","SLC16A7","SLC16A7","0.018394294347511726","0.0336515115232791","0.00313707717174435","false","SLC16A7"
"GDA","GDA","GDA","7.20949206968821E-4","8.61220472440945E-4","5.80677941496697E-4","false","GDA"
"KLF9","KLF9","KLF9","0.002366970755430135","0.0","0.00473394151086027","false","KLF9"
"HSDL2","HSDL2","HSDL2","0.009626448921728566","0.00318605610914523","0.0160668417343119","false","HSDL2"
"NPC2","NPC2","NPC2","5.923832135780334E-4","6.76673228346457E-4","5.0809319880961E-4","false","NPC2"
"ALDH6A1","ALDH6A1","ALDH6A1","0.014368893566262723","0.0284474481617771","2.90338970748349E-4","false","ALDH6A1"
"YPEL5","YPEL5","YPEL5","9.2273622047244E-5","1.84547244094488E-4","0.0","false","YPEL5"
"MXI1","MXI1","MXI1","7.596906882633911E-4","4.30610236220472E-4","0.00108877114030631","false","MXI1"
"AVPI1","AVPI1","AVPI1","0.01641997446277505","0.0167731071912382","0.0160668417343119","false","AVPI1"
"PCDHB12","PCDHB12","PCDHB12","0.001175957462747106","4.30610236220472E-4","0.00192130468927374","false","PCDHB12"
"MTERF2","MTERF2","MTERF2","0.00326332532582443","0.00543787951134255","0.00108877114030631","false","MTERF2"
"TNFRSF8","TNFRSF8","TNFRSF8",,,"0.0104695298254378","false","TNFRSF8"
"AKAP1","AKAP1","AKAP1","0.014821832113975846","1.23031496062992E-4","0.0295206327318887","false","AKAP1"
"COIL","COIL","COIL","0.01039609241175145","0.0207921848235029","0.0","false","COIL"
"ZNF211","ZNF211","ZNF211","0.030424415002524352","0.0436932171304305","0.0171556128746182","false","ZNF211"
"ZC3H7A","ZC3H7A","ZC3H7A","0.004580675436289853","0.00858067293108301","5.80677941496697E-4","false","ZC3H7A"
"ZNF644","ZNF644","ZNF644","0.0019044917254145346","0.00351864448008072","2.90338970748349E-4","false","ZNF644"
"EEPD1","EEPD1","EEPD1","0.009963458645859688","0.0197817478063452","1.45169485374174E-4","false","EEPD1"
"HERPUD2","HERPUD2","HERPUD2","9.63926811718035E-4","9.84251968503937E-4","9.43601654932133E-4","false","HERPUD2"
"FAM126A","FAM126A","FAM126A","0.02118914365092436","0.0407814229627328","0.00159686433911592","false","FAM126A"
"NT5C3A","NT5C3A","NT5C3A","2.903389707483485E-4","0.0","5.80677941496697E-4","false","NT5C3A"
"SMU1","SMU1","SMU1","7.20949206968821E-4","8.61220472440945E-4","5.80677941496697E-4","false","SMU1"
"BICC1","BICC1","BICC1","0.001878566435980684","1.84547244094488E-4","0.00357258562786688","false","BICC1"
"IFT81","IFT81","IFT81","6.594334589373251E-4","7.38188976377953E-4","5.80677941496697E-4","false","IFT81"
"NLN","NLN","NLN","5.44385570153155E-4","0.0","0.00108877114030631","false","NLN"
"FAM124B","FAM124B","FAM124B","0.008142512417687755","0.0105915484333835","0.00569347640199201","false","FAM124B"
"FAM210B","FAM210B","FAM210B","9.836156910781944E-4","0.00116879921259843","7.98432169557959E-4","false","FAM210B"
"MED20","MED20","MED20","0.0010728039257486635","9.84251968503937E-4","0.00116135588299339","false","MED20"
"DEK","DEK","DEK","0.006449167689059695","0.011736979495126","0.00116135588299339","false","DEK"
"AHNAK","AHNAK","AHNAK","0.008622133390487249","0.0166635888394778","5.80677941496697E-4","false","AHNAK"
"MT2A","MT2A","MT2A","0.001513259247914375","0.00302651849582875","0.0","false","MT2A"
"ABCC4","ABCC4","ABCC4","7.233983169198459E-4","4.30610236220472E-4","0.00101618639761922","false","ABCC4"
"NUP85","NUP85","NUP85","8.91342069030948E-4","9.84251968503937E-4","7.98432169557959E-4","false","NUP85"
"SLC25A23","SLC25A23","SLC25A23",,,"7.98432169557959E-4","false","SLC25A23"
"TBC1D20","TBC1D20","TBC1D20","3.992160847789795E-4","0.0","7.98432169557959E-4","false","TBC1D20"
"MAX","MAX","MAX","0.007235241319931575","0.0107527275266221","0.00371775511324105","false","MAX"
"SLC10A3","SLC10A3","SLC10A3","1.451694853741745E-4","0.0","2.90338970748349E-4","false","SLC10A3"
"TSPAN8","TSPAN8","TSPAN8","0.002869010587364688","0.00537509746129394","3.62923713435436E-4","false","TSPAN8"
"EPS15L1","EPS15L1","EPS15L1","0.00735373625652875","0.0147074725130575","0.0","false","EPS15L1"
"DOCK4","DOCK4","DOCK4","0.012393637724660327","6.76673228346457E-4","0.0241106022209742","false","DOCK4"
"DLL4","DLL4","DLL4","2.0668523340567051E-4","1.23031496062992E-4","2.90338970748349E-4","false","DLL4"
"E2F8","E2F8","E2F8","0.001613915028820655","0.0","0.00322783005764131","false","E2F8"
"MTUS1","MTUS1","MTUS1","6.065375956103951E-4","9.22736220472441E-4","2.90338970748349E-4","false","MTUS1"
"SEC14L1","SEC14L1","SEC14L1","3.992160847789795E-4","0.0","7.98432169557959E-4","false","SEC14L1"
"FGF13","FGF13","FGF13","5.616253395622855E-4","6.15157480314961E-4","5.0809319880961E-4","false","FGF13"
"PNPLA7","PNPLA7","PNPLA7","0.007806295562711875","0.00462592794464765","0.0109866631807761","false","PNPLA7"
"TRIM28","TRIM28","TRIM28","0.01081387637085872","0.00556091100740554","0.0160668417343119","false","TRIM28"
"EIF2S3","EIF2S3","EIF2S3","0.00481596233245912","0.00883349249536028","7.98432169557959E-4","false","EIF2S3"
"ZC3H4","ZC3H4","ZC3H4",,,"9.43601654932133E-4","false","ZC3H4"
"SESN2","SESN2","SESN2","6.90191332953073E-4","7.99704724409449E-4","5.80677941496697E-4","false","SESN2"
"UBE4B","UBE4B","UBE4B","0.01429403349598193","0.0277896348224059","7.98432169557959E-4","false","UBE4B"
"PRRG1","PRRG1","PRRG1","0.00145174349988288","0.00290348699976576","0.0","false","PRRG1"
"SLC6A6","SLC6A6","SLC6A6","0.00937812986343585","0.018175581785375","5.80677941496697E-4","false","SLC6A6"
"IL13RA1","IL13RA1","IL13RA1","0.003261931437050785","0.0","0.00652386287410157","false","IL13RA1"
"PRKAA1","PRKAA1","PRKAA1","0.008854627303450833","5.53641732283465E-4","0.0171556128746182","false","PRKAA1"
"UBE2G1","UBE2G1","UBE2G1","0.002681167336400685","0.00536233467280137","0.0","false","UBE2G1"
"BTBD3","BTBD3","BTBD3","0.001716059550635605","0.00343211910127121","0.0","false","BTBD3"
"KHDC4","KHDC4","KHDC4","7.28932814247643E-4","3.69094488188976E-4","0.00108877114030631","false","KHDC4"
"SERINC3","SERINC3","SERINC3","1.451694853741745E-4","0.0","2.90338970748349E-4","false","SERINC3"
"SLC41A1","SLC41A1","SLC41A1","0.002499533520819411","4.30610236220472E-4","0.00456845680541835","false","SLC41A1"
"BTG1","BTG1","BTG1","2.903389707483485E-4","0.0","5.80677941496697E-4","false","BTG1"
"ARNTL","ARNTL","ARNTL","5.056440888585845E-4","4.30610236220472E-4","5.80677941496697E-4","false","ARNTL"
"PEBP4","PEBP4","PEBP4","1.81461856717718E-4","0.0","3.62923713435436E-4","false","PEBP4"
"IL6ST","IL6ST","IL6ST","0.0209525886188511","0.0419051772377022","0.0","false","IL6ST"
"RBM17","RBM17","RBM17","3.801634828445675E-4","6.15157480314961E-4","1.45169485374174E-4","false","RBM17"
"PUM1","PUM1","PUM1","0.004119307326053638","0.00765793671061058","5.80677941496697E-4","false","PUM1"
"RNF138","RNF138","RNF138","0.002237293842259966","0.00425683345645867","2.17754228061262E-4","false","RNF138"
"PDGFRA","PDGFRA","PDGFRA","0.0019266297147257185","0.00327258148795474","5.80677941496697E-4","false","PDGFRA"
"WDR36","WDR36","WDR36","0.021242927589599447","0.0419051772377022","5.80677941496697E-4","false","WDR36"
"DMTF1","DMTF1","DMTF1","0.00922933029406363","0.0176602284185693","7.98432169557959E-4","false","DMTF1"
"AMHR2","AMHR2","AMHR2","0.002148271999888615","0.00378845080096762","5.0809319880961E-4","false","AMHR2"
"AHI1","AHI1","AHI1","4.921259842519685E-4","9.84251968503937E-4","0.0","false","AHI1"
"KLHL36","KLHL36","KLHL36","0.002887233413221453","3.69094488188976E-4","0.00540537233825393","false","KLHL36"
"DYNC1LI2","DYNC1LI2","DYNC1LI2","0.0010254425597495316","0.00110728346456693","9.43601654932133E-4","false","DYNC1LI2"
"RC3H1","RC3H1","RC3H1","0.00818721023723469","3.0757874015748E-4","0.0160668417343119","false","RC3H1"
"C2orf49","C2orf49","C2orf49","0.002328931186881465","0.00364167597614371","0.00101618639761922","false","C2orf49"
"EPC2","EPC2","EPC2","0.0020741826747307608","4.30610236220472E-4","0.00371775511324105","false","EPC2"
"PWP1","PWP1","PWP1","0.011555745113260199","0.0225308122850237","5.80677941496697E-4","false","PWP1"
"TBC1D4","TBC1D4","TBC1D4","0.007302360327028198","0.0140240427125597","5.80677941496697E-4","false","TBC1D4"
"NUDT15","NUDT15","NUDT15","0.005555898506042195","0.00666819447197247","0.00444360254011192","false","NUDT15"
"RAC1","RAC1","RAC1","8.91342069030948E-4","9.84251968503937E-4","7.98432169557959E-4","false","RAC1"
"DGKB","DGKB","DGKB","0.0012905581538099286","9.84251968503937E-4","0.00159686433911592","false","DGKB"
"TM6SF1","TM6SF1","TM6SF1","0.00803342086715595","0.0","0.0160668417343119","false","TM6SF1"
"ZNF189","ZNF189","ZNF189","0.00472425935251746","0.00703728896016144","0.00241122974487348","false","ZNF189"
"PRPF4","PRPF4","PRPF4","5.837633288734675E-4","3.69094488188976E-4","7.98432169557959E-4","false","PRPF4"
"ANP32B","ANP32B","ANP32B","0.02695846434842545","0.0324400564516244","0.0214768722452265","false","ANP32B"
"KIF13A","KIF13A","KIF13A","0.0049165629405120564","0.00968795639564994","1.45169485374174E-4","false","KIF13A"
"TMEM63B","TMEM63B","TMEM63B","5.44385570153155E-4","0.0","0.00108877114030631","false","TMEM63B"
"CREBZF","CREBZF","CREBZF","0.005278827345981502","0.00961405303703087","9.43601654932133E-4","false","CREBZF"
"YAP1","YAP1","YAP1","0.0","0.0","0.0","false","YAP1"
"UNC13C","UNC13C","UNC13C","8.12586551590322E-4","2.46062992125984E-4","0.00137911011105466","false","UNC13C"
"UACA","UACA","UACA","0.0073506508691519685","0.0143383780248685","3.62923713435436E-4","false","UACA"
"ADAM10","ADAM10","ADAM10","0.0015857783552813104","6.15157480314961E-4","0.00255639923024766","false","ADAM10"
"SLC44A5","SLC44A5","SLC44A5","0.0052347649127189","0.0","0.0104695298254378","false","SLC44A5"
"LOXL4","LOXL4","LOXL4","0.0028352115531657994","0.00487199093677364","7.98432169557959E-4","false","LOXL4"
"PLCE1","PLCE1","PLCE1","0.0157644870170749","0.0154621322998379","0.0160668417343119","false","PLCE1"
"ASNSD1","ASNSD1","ASNSD1","0.009489434679290976","0.0152611142453409","0.00371775511324105","false","ASNSD1"
"CHRNA1","CHRNA1","CHRNA1","6.366591922003991E-4","1.84547244094488E-4","0.00108877114030631","false","CHRNA1"
"SLC40A1","SLC40A1","SLC40A1","0.006650954702563348","0.01272123146363","5.80677941496697E-4","false","SLC40A1"
"NUP54","NUP54","NUP54","5.44385570153155E-4","0.0","0.00108877114030631","false","NUP54"
"CNOT6L","CNOT6L","CNOT6L","0.00595232522856046","0.00673520049013813","0.00516944996698279","false","CNOT6L"
"EGF","EGF","EGF","0.0054095707472778115","0.0103836330384331","4.35508456122523E-4","false","EGF"
"SEC24B","SEC24B","SEC24B","2.93424358125119E-4","3.69094488188976E-4","2.17754228061262E-4","false","SEC24B"
"PPP3CA","PPP3CA","PPP3CA","0.0028139585127856","0.0056279170255712","0.0","false","PPP3CA"
"GUCD1","GUCD1","GUCD1","0.00715222407148778","0.0135060159734176","7.98432169557959E-4","false","GUCD1"
"RNF185","RNF185","RNF185","0.022446276878476716","0.0407596054076576","0.00413294834929583","false","RNF185"
"B4GALNT3","B4GALNT3","B4GALNT3","0.007629497166111965","0.0111260459829281","0.00413294834929583","false","B4GALNT3"
"FGD4","FGD4","FGD4","0.0020063985213839538","0.00343211910127121","5.80677941496697E-4","false","FGD4"
"C1RL","C1RL","C1RL","2.15305118110236E-4","4.30610236220472E-4","0.0","false","C1RL"
"METTL21C","METTL21C","METTL21C","0.013595998987155215","0.0216436910576926","0.00554830691661783","false","METTL21C"
"RAB20","RAB20","RAB20","0.004814717227095387","0.0094842649688166","1.45169485374174E-4","false","RAB20"
"CUL4A","CUL4A","CUL4A","0.008064178741171699","6.15157480314961E-5","0.0160668417343119","false","CUL4A"
"PTGR2","PTGR2","PTGR2","0.01257114577506556","0.00366541930490462","0.0214768722452265","false","PTGR2"
"FAM181A","FAM181A","FAM181A","0.0114225737986662","0.0228451475973324","0.0","false","FAM181A"
"WDR20","WDR20","WDR20","3.992160847789795E-4","0.0","7.98432169557959E-4","false","WDR20"
"FGF7","FGF7","FGF7","1.84547244094488E-4","3.69094488188976E-4","0.0","false","FGF7"
"IGF1R","IGF1R","IGF1R","3.2109684476409656E-4","6.15157480314961E-5","5.80677941496697E-4","false","IGF1R"
"MYLK3","MYLK3","MYLK3","0.0023432950407896477","5.53641732283465E-4","0.00413294834929583","false","MYLK3"
"CDH13","CDH13","CDH13","0.01318267133659695","0.0263653426731939","0.0","false","CDH13"
"ZCCHC14","ZCCHC14","ZCCHC14","0.003366558080013485","0.00316053053216009","0.00357258562786688","false","ZCCHC14"
"RANBP10","RANBP10","RANBP10","0.013865799479052655","0.00364167597614371","0.0240899229819616","false","RANBP10"
"UNC45B","UNC45B","UNC45B","0.001604097049228202","0.00306302461308223","1.45169485374174E-4","false","UNC45B"
"SSH2","SSH2","SSH2","5.197984708909465E-4","6.76673228346457E-4","3.62923713435436E-4","false","SSH2"
"RAB40B","RAB40B","RAB40B","0.005276694165269595","0.00895652399142327","0.00159686433911592","false","RAB40B"
"SLC2A5","SLC2A5","SLC2A5","0.007588434228883075","0.0148865294870178","2.90338970748349E-4","false","SLC2A5"
"WDTC1","WDTC1","WDTC1","0.00694612625789358","0.00944864997567524","0.00444360254011192","false","WDTC1"
"TOR1AIP1","TOR1AIP1","TOR1AIP1","0.0020679142694154484","0.0035551505973342","5.80677941496697E-4","false","TOR1AIP1"
"RORC","RORC","RORC","5.505563449066945E-4","7.38188976377953E-4","3.62923713435436E-4","false","RORC"
"SNX27","SNX27","SNX27","6.452790769049634E-4","4.92125984251968E-4","7.98432169557959E-4","false","SNX27"
"MCL1","MCL1","MCL1","5.364019628743325E-4","4.92125984251968E-4","5.80677941496697E-4","false","MCL1"
"ARNT","ARNT","ARNT","0.001613915028820655","0.0","0.00322783005764131","false","ARNT"
"PARP1","PARP1","PARP1","2.54046599404805E-4","0.0","5.0809319880961E-4","false","PARP1"
"RHOB","RHOB","RHOB","0.016675166678679087","4.30610236220472E-4","0.0329197231211377","false","RHOB"
"LNPK","LNPK","LNPK","0.004243267998241242","0.00834136651110831","1.45169485374174E-4","false","LNPK"
"CDCA7","CDCA7","CDCA7","6.452790769049634E-4","4.92125984251968E-4","7.98432169557959E-4","false","CDCA7"
"HES6","HES6","HES6","0.002684673962762945","0.00428057678521958","0.00108877114030631","false","HES6"
"RETREG2","RETREG2","RETREG2","6.452790769049634E-4","4.92125984251968E-4","7.98432169557959E-4","false","RETREG2"
"NXPE3","NXPE3","NXPE3","7.37552698952208E-4","6.76673228346457E-4","7.98432169557959E-4","false","NXPE3"
"CENPC","CENPC","CENPC","0.00660767876525145","0.0","0.0132153575305029","false","CENPC"
"USP53","USP53","USP53","0.0022735862136035096","0.00425683345645867","2.90338970748349E-4","false","USP53"
"NAF1","NAF1","NAF1","7.203129295430781E-4","6.15157480314961E-5","0.00137911011105466","false","NAF1"
"PDGFC","PDGFC","PDGFC","0.0085778064373091","0.0","0.0171556128746182","false","PDGFC"
"MARCHF6","MARCHF6","MARCHF6","0.0130874450087538","0.0255942120760109","5.80677941496697E-4","false","MARCHF6"
"BDP1","BDP1","BDP1","1.84547244094488E-4","3.69094488188976E-4","0.0","false","BDP1"
"MEGF10","MEGF10","MEGF10","0.01372258426712778","0.0266467363646976","7.98432169557959E-4","false","MEGF10"
"CDKAL1","CDKAL1","CDKAL1","0.0026506643090713094","0.00450289644858466","7.98432169557959E-4","false","CDKAL1"
"PNRC1","PNRC1","PNRC1","0.002777370116325998","0.00519181651921656","3.62923713435436E-4","false","PNRC1"
"PM20D2","PM20D2","PM20D2","0.0092449585488419","0.0184899170976838","0.0","false","PM20D2"
"RNF217","RNF217","RNF217","0.0","0.0","0.0","false","RNF217"
"SLC22A3","SLC22A3","SLC22A3","3.992160847789795E-4","0.0","7.98432169557959E-4","false","SLC22A3"
"NIPSNAP2","NIPSNAP2","NIPSNAP2",,,"0.0160668417343119","false","NIPSNAP2"
"MEPCE","MEPCE","MEPCE","0.003986021729998375","0.00265742400763978","0.00531461945235697","false","MEPCE"
"SH3KBP1","SH3KBP1","SH3KBP1","0.00178629281393344","0.0","0.00357258562786688","false","SH3KBP1"
"KDM6A","KDM6A","KDM6A","0.0031796715884817492","0.00556091100740554","7.98432169557959E-4","false","KDM6A"
"NONO","NONO","NONO","0.004055046442955053","0.00752941494441341","5.80677941496697E-4","false","NONO"
"CETN2","CETN2","CETN2","0.0019307283913200944","0.00306302461308223","7.98432169557959E-4","false","CETN2"
"ATP6V1B2","ATP6V1B2","ATP6V1B2","5.505563449066945E-4","7.38188976377953E-4","3.62923713435436E-4","false","ATP6V1B2"
"DOCK5","DOCK5","DOCK5","2.46062992125984E-4","4.92125984251968E-4","0.0","false","DOCK5"
"GSDMC","GSDMC","GSDMC","0.01207212360266204","0.00475993998097898","0.0193843072243451","false","GSDMC"
"INPP5E","INPP5E","INPP5E","0.002066474174647915","0.0","0.00413294834929583","false","INPP5E"
"NOTCH1","NOTCH1","NOTCH1","0.004348994089574945","0.00556091100740554","0.00313707717174435","false","NOTCH1"
"TAF5","TAF5","TAF5","0.002657309726178485","0.0","0.00531461945235697","false","TAF5"
"CELF1","CELF1","CELF1","4.133704668113405E-4","2.46062992125984E-4","5.80677941496697E-4","false","CELF1"
"SESN3","SESN3","SESN3","0.00985610146565548","0.018913770761753","7.98432169557959E-4","false","SESN3"
"PAK1","PAK1","PAK1","2.903389707483485E-4","0.0","5.80677941496697E-4","false","PAK1"
"NPAT","NPAT","NPAT","5.142639735631509E-4","7.38188976377953E-4","2.90338970748349E-4","false","NPAT"
"CPSF7","CPSF7","CPSF7","0.0237474689926533","0.0260180657400801","0.0214768722452265","false","CPSF7"
"JPH2","JPH2","JPH2","0.0019266297147257185","0.00327258148795474","5.80677941496697E-4","false","JPH2"
"PDCD4","PDCD4","PDCD4","3.46320221452049E-4","1.84547244094488E-4","5.0809319880961E-4","false","PDCD4"
"ANK3","ANK3","ANK3","0.01268260446825629","0.0217926233086457","0.00357258562786688","false","ANK3"
"FHIP2A","FHIP2A","FHIP2A","0.0011816810397792985","9.84251968503937E-4","0.00137911011105466","false","FHIP2A"
"NR3C2","NR3C2","NR3C2","0.0","0.0","0.0","false","NR3C2"
"INPP1","INPP1","INPP1","1.5378937007874E-4","3.0757874015748E-4","0.0","false","INPP1"
"SACS","SACS","SACS","3.690944881889765E-4","7.38188976377953E-4","0.0","false","SACS"
"PSTPIP2","PSTPIP2","PSTPIP2","0.01360981943913047","0.0241369783059938","0.00308266057226714","false","PSTPIP2"
"CWF19L2","CWF19L2","CWF19L2","0.00365455780332459","0.00593000549559452","0.00137911011105466","false","CWF19L2"
"CCDC50","CCDC50","CCDC50","0.004454785816228804","0.00519181651921656","0.00371775511324105","false","CCDC50"
"MBNL1","MBNL1","MBNL1","0.012680723085466826","0.0216436910576926","0.00371775511324105","false","MBNL1"
"NADK2","NADK2","NADK2","2.903389707483485E-4","0.0","5.80677941496697E-4","false","NADK2"
"ACOXL","ACOXL","ACOXL","0.0022200540728508347","0.00364167597614371","7.98432169557959E-4","false","ACOXL"
"PDE1C","PDE1C","PDE1C","7.24034594345591E-4","0.00123031496062992","2.17754228061262E-4","false","PDE1C"
"USP25","USP25","USP25","0.01209861074958693","0.0233987893296159","7.98432169557959E-4","false","USP25"
"DEPTOR","DEPTOR","DEPTOR","0.0022279720448095015","7.38188976377953E-4","0.00371775511324105","false","DEPTOR"
"ART3","ART3","ART3","0.0010365115544051235","9.84251968503937E-4","0.00108877114030631","false","ART3"
"SAMD8","SAMD8","SAMD8","3.075787401574805E-5","6.15157480314961E-5","0.0","false","SAMD8"
"ZFYVE9","ZFYVE9","ZFYVE9","8.91342069030948E-4","9.84251968503937E-4","7.98432169557959E-4","false","ZFYVE9"
"FCHO2","FCHO2","FCHO2","2.903389707483485E-4","0.0","5.80677941496697E-4","false","FCHO2"
"CACNA2D3","CACNA2D3","CACNA2D3","0.00626770583234198","0.011736979495126","7.98432169557959E-4","false","CACNA2D3"
"TMEM164","TMEM164","TMEM164","4.441283408270885E-4","3.0757874015748E-4","5.80677941496697E-4","false","TMEM164"
"GAREM2","GAREM2","GAREM2","0.00422798917194717","0.00415754528915659","0.00429843305473775","false","GAREM2"
"SPPL3","SPPL3","SPPL3","2.62666484109371E-4","3.0757874015748E-4","2.17754228061262E-4","false","SPPL3"
"SKI","SKI","SKI","5.0809319880961E-4","0.0","0.00101618639761922","false","SKI"
"SLC30A2","SLC30A2","SLC30A2","0.00502530614769163","0.00519181651921656","0.0048587957761667","false","SLC30A2"
"H2BC5","H2BC5","H2BC5","0.0036717975727337195","0.00654516297590948","7.98432169557959E-4","false","H2BC5"
"H4C8","H4C8","H4C8","6.1515748031496E-5","1.23031496062992E-4","0.0","false","H4C8"
"ALDH4A1","ALDH4A1","ALDH4A1","0.01347729969930935","0.0269545993986187","0.0","false","ALDH4A1"
"CALM3","CALM3","CALM3","3.9676697482795404E-4","4.30610236220472E-4","3.62923713435436E-4","false","CALM3"
"LSS","LSS","LSS","0.017964252978203483","0.026112238815153","0.00981626714125397","false","LSS"
"MRNIP","MRNIP","MRNIP","0.005233397835786294","1.84547244094488E-4","0.0102822484274781","false","MRNIP"
"MAML1","MAML1","MAML1","0.001858877556620525","0.0","0.00371775511324105","false","MAML1"
"ACOX1","ACOX1","ACOX1","0.003009278726419624","0.00543787951134255","5.80677941496697E-4","false","ACOX1"
"PLCD3","PLCD3","PLCD3","0.0019881454627572134","0.00339561298401773","5.80677941496697E-4","false","PLCD3"
"AMDHD2","AMDHD2","AMDHD2","2.54046599404805E-4","0.0","5.0809319880961E-4","false","AMDHD2"
"ADCY9","ADCY9","ADCY9","0.005108141585220508","0.00985335945700558","3.62923713435436E-4","false","ADCY9"
"NXF1","NXF1","NXF1","0.011277834042380334","0.00585624290527757","0.0166994251794831","false","NXF1"
"KLHL21","KLHL21","KLHL21","5.78228831545672E-4","4.30610236220472E-4","7.25847426870872E-4","false","KLHL21"
"SNED1","SNED1","SNED1","0.004662382434256195","0.00519181651921656","0.00413294834929583","false","SNED1"
"CNST","CNST","CNST","0.002571908791630685","0.00376470747220671","0.00137911011105466","false","CNST"
"H3-3A","H3-3A","H3-3A","0.009223704215931381","0.0170682983208081","0.00137911011105466","false","H3-3A"
"COQ8A","COQ8A","COQ8A","8.91342069030948E-4","9.84251968503937E-4","7.98432169557959E-4","false","COQ8A"
"SGCB","SGCB","SGCB","2.903389707483485E-4","0.0","5.80677941496697E-4","false","SGCB"
"INHBB","INHBB","INHBB","0.008241270107516924","0.0107527275266221","0.00572981268841175","false","INHBB"
"BBS5","BBS5","BBS5","3.35251226796458E-4","3.0757874015748E-4","3.62923713435436E-4","false","BBS5"
"DCAF16","DCAF16","DCAF16","0.0065819299896066556","0.00784924052685634","0.00531461945235697","false","DCAF16"
"YY1AP1","YY1AP1","YY1AP1","0.0018185552704199509","0.00341935631277864","2.17754228061262E-4","false","YY1AP1"
"LMOD3","LMOD3","LMOD3","0.001894436019976551","0.00306302461308223","7.25847426870872E-4","false","LMOD3"
"CWC22","CWC22","CWC22","0.0017814602293515446","0.00327258148795474","2.90338970748349E-4","false","CWC22"
"PPM1L","PPM1L","PPM1L","0.007678802145070285","0.0134704009802763","0.00188720330986427","false","PPM1L"
"PPM1K","PPM1K","PPM1K","0.007010139973490387","0.0138751104616066","1.45169485374174E-4","false","PPM1K"
"DTX3L","DTX3L","DTX3L","0.007098668900194848","0.013616659858893","5.80677941496697E-4","false","DTX3L"
"SLBP","SLBP","SLBP","2.903389707483485E-4","0.0","5.80677941496697E-4","false","SLBP"
"ABLIM2","ABLIM2","ABLIM2","0.006198055447011144","1.84547244094488E-4","0.0122115636499278","false","ABLIM2"
"HMGB2","HMGB2","HMGB2","0.0155631732086518","0.0156822945370738","0.0154440518802298","false","HMGB2"
"ICE1","ICE1","ICE1","0.003794829068796709","0.00679122596803546","7.98432169557959E-4","false","ICE1"
"LSM6","LSM6","LSM6","0.002809307671858475","0.00402175100460103","0.00159686433911592","false","LSM6"
"CMBL","CMBL","CMBL","0.02321290539935325","0.0464258107987065","0.0","false","CMBL"
"RHOBTB3","RHOBTB3","RHOBTB3","0.00957928059951373","0.0183601290294695","7.98432169557959E-4","false","RHOBTB3"
"ZNF704","ZNF704","ZNF704","0.001273954661826545","0.00116879921259843","0.00137911011105466","false","ZNF704"
"TMEM184A","TMEM184A","TMEM184A","0.002312963972323825","0.00462592794464765","0.0","false","TMEM184A"
"ALDH7A1","ALDH7A1","ALDH7A1","0.001593028054572615","0.00318605610914523","0.0","false","ALDH7A1"
"ALDH1A1","ALDH1A1","ALDH1A1","3.992160847789795E-4","0.0","7.98432169557959E-4","false","ALDH1A1"
"HNRNPK","HNRNPK","HNRNPK","0.0022342084548831985","0.0038877389682697","5.80677941496697E-4","false","HNRNPK"
"ENSG00000165121.12","ENSG00000165121.12","ENSG00000165121.12","0.008835006038045694","1.84547244094488E-4","0.0174854648319969","false","ENSG00000165121.12"
"WNK2","WNK2","WNK2","0.0021230486232006584","0.00366541930490462","5.80677941496697E-4","false","WNK2"
"NLGN4Y","NLGN4Y","NLGN4Y","0.01178293875110998","0.022767445332662","7.98432169557959E-4","false","NLGN4Y"
"PKNOX2","PKNOX2","PKNOX2","0.014473975418873224","0.0286576118669981","2.90338970748349E-4","false","PKNOX2"
"DACT1","DACT1","DACT1","0.00707006913857829","0.00957168147173823","0.00456845680541835","false","DACT1"
"ENOX2","ENOX2","ENOX2","5.75779721594647E-4","8.61220472440945E-4","2.90338970748349E-4","false","ENOX2"
"NSMF","NSMF","NSMF","0.00784642996794225","0.0151121819943878","5.80677941496697E-4","false","NSMF"
"ZFYVE1","ZFYVE1","ZFYVE1","0.005942550196882917","0.0109414987388337","9.43601654932133E-4","false","ZFYVE1"
"ARHGAP42","ARHGAP42","ARHGAP42","4.133704668113405E-4","2.46062992125984E-4","5.80677941496697E-4","false","ARHGAP42"
"ATP9B","ATP9B","ATP9B",,,"0.00531461945235697","false","ATP9B"
"PPFIBP2","PPFIBP2","PPFIBP2","0.002251021418742403","3.69094488188976E-4","0.00413294834929583","false","PPFIBP2"
"CYB5R2","CYB5R2","CYB5R2","6.680533436418895E-4","0.00104576771653543","2.90338970748349E-4","false","CYB5R2"
"GARRE1","GARRE1","GARRE1","0.0033224927208838602","0.00292723032852667","0.00371775511324105","false","GARRE1"
"ZNF143","ZNF143","ZNF143","0.0034257345806077344","0.00605303699165751","7.98432169557959E-4","false","ZNF143"
"MTMR10","MTMR10","MTMR10","0.0020648288820386816","0.00318605610914523","9.43601654932133E-4","false","MTMR10"
"ACAA2","ACAA2","ACAA2","0.0026594505860749896","0.00415754528915659","0.00116135588299339","false","ACAA2"
"RAB8A","RAB8A","RAB8A","4.718008274660665E-4","0.0","9.43601654932133E-4","false","RAB8A"
"ANKRD11","ANKRD11","ANKRD11","2.15305118110236E-4","4.30610236220472E-4","0.0","false","ANKRD11"
"NFKBID","NFKBID","NFKBID","0.00817239805575938","0.00269393012489326","0.0136508659866255","false","NFKBID"
"RILP","RILP","RILP","7.37552698952208E-4","6.76673228346457E-4","7.98432169557959E-4","false","RILP"
"WDR81","WDR81","WDR81","0.00805701839833205","0.00969471296780122","0.00641932382886288","false","WDR81"
"SRRM2","SRRM2","SRRM2",,,"7.98432169557959E-4","false","SRRM2"
"RBPJ","RBPJ","RBPJ","0.0032522563311688365","0.00556091100740554","9.43601654932133E-4","false","RBPJ"
"TAP1","TAP1","TAP1","0.00237447972035532","0.00474895944071064","0.0","false","TAP1"
"KLHL30","KLHL30","KLHL30","1.81461856717718E-4","0.0","3.62923713435436E-4","false","KLHL30"
"LRP1B","LRP1B","LRP1B","0.00387634507266007","0.00330908760520822","0.00444360254011192","false","LRP1B"
"AHCYL1","AHCYL1","AHCYL1","6.4591535433071E-4","0.00129183070866142","0.0","false","AHCYL1"
"GFM1","GFM1","GFM1","0.00244946934579981","0.00439084549279001","5.0809319880961E-4","false","GFM1"
"PLA2G4F","PLA2G4F","PLA2G4F","0.016575742732314352","0.019282865249942","0.0138686202146867","false","PLA2G4F"
"HSPBAP1","HSPBAP1","HSPBAP1","0.004239969551224481","0.00391148229703061","0.00456845680541835","false","HSPBAP1"
"PARM1","PARM1","PARM1","0.002680785905661315","0.00376470747220671","0.00159686433911592","false","PARM1"
"MT1E","MT1E","MT1E","0.0","0.0","0.0","false","MT1E"
"ROBO1","ROBO1","ROBO1","0.0059622390762430295","0.0111260459829281","7.98432169557959E-4","false","ROBO1"
"USP38","USP38","USP38","0.01184080138460315","0.0231009248277096","5.80677941496697E-4","false","USP38"
"SIX2","SIX2","SIX2","2.54046599404805E-4","0.0","5.0809319880961E-4","false","SIX2"
"USP32","USP32","USP32","0.002642232356454215","0.00220180414064129","0.00308266057226714","false","USP32"
"TSEN34","TSEN34","TSEN34","1.5378937007874E-4","3.0757874015748E-4","0.0","false","TSEN34"
"TMEM126B","TMEM126B","TMEM126B","0.004830116714491478","0.00907955548748626","5.80677941496697E-4","false","TMEM126B"
"NPTX1","NPTX1","NPTX1",,,"0.00516944996698279","false","NPTX1"
"ASXL1","ASXL1","ASXL1","0.00694612625789358","0.00944864997567524","0.00444360254011192","false","ASXL1"
"CAMTA1","CAMTA1","CAMTA1","0.002229072509135615","0.00123031496062992","0.00322783005764131","false","CAMTA1"
"CXCR6","CXCR6","CXCR6","0.012026572325934876","0.0203353895386287","0.00371775511324105","false","CXCR6"
"ZNF131","ZNF131","ZNF131","0.0043112019000012","0.00673520049013813","0.00188720330986427","false","ZNF131"
"TADA2B","TADA2B","TADA2B","0.0010278916697005584","6.76673228346457E-4","0.00137911011105466","false","TADA2B"
"HECTD4","HECTD4","HECTD4","0.001878566435980684","1.84547244094488E-4","0.00357258562786688","false","HECTD4"
"RHOD","RHOD","RHOD","0.002376502024756419","1.84547244094488E-4","0.00456845680541835","false","RHOD"
"GOLGB1","GOLGB1","GOLGB1","6.145212028892154E-4","4.30610236220472E-4","7.98432169557959E-4","false","GOLGB1"
"C9orf131","C9orf131","C9orf131","6.145212028892154E-4","4.30610236220472E-4","7.98432169557959E-4","false","C9orf131"
"ATP2A2","ATP2A2","ATP2A2","0.005000407192674229","1.84547244094488E-4","0.00981626714125397","false","ATP2A2"
"UCP3","UCP3","UCP3","7.68310572967956E-4","7.38188976377953E-4","7.98432169557959E-4","false","UCP3"
"PNMA1","PNMA1","PNMA1","0.00250012671866846","0.00391148229703061","0.00108877114030631","false","PNMA1"
"ANKLE2","ANKLE2","ANKLE2","6.8955505552733E-4","0.0","0.00137911011105466","false","ANKLE2"
"SMCR8","SMCR8","SMCR8","0.00359304205529309","0.00580697399953152","0.00137911011105466","false","SMCR8"
"ZBTB34","ZBTB34","ZBTB34","0.0010278916697005584","6.76673228346457E-4","0.00137911011105466","false","ZBTB34"
"ULK1","ULK1","ULK1","0.015325575232355485","0.00895652399142327","0.0216946264732877","false","ULK1"
"ZBTB38","ZBTB38","ZBTB38","5.923832135780334E-4","6.76673228346457E-4","5.0809319880961E-4","false","ZBTB38"
"TBL1XR1","TBL1XR1","TBL1XR1","4.133704668113405E-4","2.46062992125984E-4","5.80677941496697E-4","false","TBL1XR1"
"GRAMD1C","GRAMD1C","GRAMD1C","2.42977604749214E-4","1.23031496062992E-4","3.62923713435436E-4","false","GRAMD1C"
"WDR6","WDR6","WDR6","0.01063300889278775","0.0206853398440788","5.80677941496697E-4","false","WDR6"
"GLDC","GLDC","GLDC","4.416792308760635E-4","7.38188976377953E-4","1.45169485374174E-4","false","GLDC"
"CA8","CA8","CA8","4.607318328104755E-4","1.23031496062992E-4","7.98432169557959E-4","false","CA8"
"ERBB4","ERBB4","ERBB4","8.605841950152E-4","9.22736220472441E-4","7.98432169557959E-4","false","ERBB4"
"PER1","PER1","PER1","2.15305118110236E-4","4.30610236220472E-4","0.0","false","PER1"
"GEMIN4","GEMIN4","GEMIN4","0.004360128719550693","0.00784924052685634","8.71016912245046E-4","false","GEMIN4"
"MED14","MED14","MED14","6.452790769049634E-4","4.92125984251968E-4","7.98432169557959E-4","false","MED14"
"MCFD2","MCFD2","MCFD2","0.006390017624156195","0.00821157844289404","0.00456845680541835","false","MCFD2"
"C11orf71","C11orf71","C11orf71","8.827221843263835E-4","6.76673228346457E-4","0.00108877114030631","false","C11orf71"
"TMEM64","TMEM64","TMEM64","0.0","0.0","0.0","false","TMEM64"
"FRAT2","FRAT2","FRAT2","0.007850061674354064","0.0124178766915896","0.00328224665711853","false","FRAT2"
"NME9","NME9","NME9","1.7592735938992256E-4","6.15157480314961E-5","2.90338970748349E-4","false","NME9"
"SIAH2","SIAH2","SIAH2","1.81461856717718E-4","0.0","3.62923713435436E-4","false","SIAH2"
"RNF41","RNF41","RNF41","2.73735478764962E-4","1.84547244094488E-4","3.62923713435436E-4","false","RNF41"
"ADI1","ADI1","ADI1","0.0019307283913200944","0.00306302461308223","7.98432169557959E-4","false","ADI1"
"ACBD3","ACBD3","ACBD3","5.837633288734675E-4","3.69094488188976E-4","7.98432169557959E-4","false","ACBD3"
"C16orf72","C16orf72","C16orf72","0.010458033740062699","0.0203353895386287","5.80677941496697E-4","false","C16orf72"
"GJC1","GJC1","GJC1","0.008433273229360674","7.99704724409449E-4","0.0160668417343119","false","GJC1"
"JRKL","JRKL","JRKL","0.008615511977523015","0.00306302461308223","0.0141679993419638","false","JRKL"
"KMT5A","KMT5A","KMT5A","0.002137203005233023","0.00391148229703061","3.62923713435436E-4","false","KMT5A"
"TSPYL2","TSPYL2","TSPYL2","0.018569901358715037","0.0318251832650731","0.00531461945235697","false","TSPYL2"
"NELFA","NELFA","NELFA","1.81461856717718E-4","0.0","3.62923713435436E-4","false","NELFA"
"ARL17A","ARL17A","ARL17A","0.01256827100718153","0.00257089862883026","0.0225656433855328","false","ARL17A"
"BICD2","BICD2","BICD2","7.818286775745741E-4","1.84547244094488E-4","0.00137911011105466","false","BICD2"
"RASA3","RASA3","RASA3","0.00163629074397737","0.00327258148795474","0.0","false","RASA3"
"LRCH3","LRCH3","LRCH3","0.00541388004336495","0.00944864997567524","0.00137911011105466","false","LRCH3"
"UBE2H","UBE2H","UBE2H","2.15305118110236E-4","4.30610236220472E-4","0.0","false","UBE2H"
"EFCAB6","EFCAB6","EFCAB6","5.53641732283465E-4","0.00110728346456693","0.0","false","EFCAB6"
"MITF","MITF","MITF","0.00960237079548978","0.0178256314799249","0.00137911011105466","false","MITF"
"MT1X","MT1X","MT1X","0.00839007231309994","0.0109414987388337","0.00583864588736618","false","MT1X"
"EPOR","EPOR","EPOR","1.84547244094488E-4","3.69094488188976E-4","0.0","false","EPOR"
"PLEKHN1","PLEKHN1","PLEKHN1",,,"2.17754228061262E-4","false","PLEKHN1"
"TPRG1","TPRG1","TPRG1","0.00602164284021603","0.0112448535108741","7.98432169557959E-4","false","TPRG1"
"UBQLN2","UBQLN2","UBQLN2","0.0023549572332942845","0.00391148229703061","7.98432169557959E-4","false","UBQLN2"
"CHM","CHM","CHM","0.0021111769588202036","0.00364167597614371","5.80677941496697E-4","false","CHM"
"MTF1","MTF1","MTF1","0.005835554465641748","0.0110904309897868","5.80677941496697E-4","false","MTF1"
"MSL1","MSL1","MSL1","2.73735478764962E-4","1.84547244094488E-4","3.62923713435436E-4","false","MSL1"
"BTBD8","BTBD8","BTBD8","1.08877114030631E-4","0.0","2.17754228061262E-4","false","BTBD8"
"TOGARAM2","TOGARAM2","TOGARAM2","0.00415868508477395","0.00802703119879955","2.90338970748349E-4","false","TOGARAM2"
"MYBPC1","MYBPC1","MYBPC1",,,"7.98432169557959E-4","false","MYBPC1"
"MFSD14C","MFSD14C","MFSD14C","3.35251226796458E-4","3.0757874015748E-4","3.62923713435436E-4","false","MFSD14C"
"SLC35F1","SLC35F1","SLC35F1","0.029048459864994946","0.0575162417884932","5.80677941496697E-4","false","SLC35F1"
"ILRUN","ILRUN","ILRUN","0.005025440054542688","0.00968795639564994","3.62923713435436E-4","false","ILRUN"
"PCBP2","PCBP2","PCBP2","0.0025417871950406787","0.00450289644858466","5.80677941496697E-4","false","PCBP2"
"SLC25A29","SLC25A29","SLC25A29","0.005386105172846577","7.38188976377953E-4","0.0100340213693152","false","SLC25A29"
"KANK2","KANK2","KANK2","3.494056088288195E-4","5.53641732283465E-4","1.45169485374174E-4","false","KANK2"
"PCDHB11","PCDHB11","PCDHB11","0.009339956109302843","0.0180266495344219","6.53262684183785E-4","false","PCDHB11"
"SIRPA","SIRPA","SIRPA","0.0051235410726166","0.00944864997567524","7.98432169557959E-4","false","SIRPA"
"DDX42","DDX42","DDX42","0.00178629281393344","0.0","0.00357258562786688","false","DDX42"
"HELZ","HELZ","HELZ","0.003750212837864659","0.00691974773423262","5.80677941496697E-4","false","HELZ"
"UVRAG","UVRAG","UVRAG","0.007839395440911095","0.0145174349988288","0.00116135588299339","false","UVRAG"
"TXNRD1","TXNRD1","TXNRD1","0.0040802698196430055","0.0076524464404764","5.0809319880961E-4","false","TXNRD1"
"ZXDB","ZXDB","ZXDB","0.0077355236525500646","0.00339561298401773","0.0120754343210824","false","ZXDB"
"ALPK2","ALPK2","ALPK2","0.017599843164556796","0.0346190083876169","5.80677941496697E-4","false","ALPK2"
"HMGN2","HMGN2","HMGN2","0.015689476689504798","0.0307982754375129","5.80677941496697E-4","false","HMGN2"
"DMD","DMD","DMD","0.0","0.0","0.0","false","DMD"
"SGMS1","SGMS1","SGMS1","0.00441674624768014","0.00883349249536028","0.0","false","SGMS1"
"MIR29B2CHG","MIR29B2CHG","MIR29B2CHG","0.00580630720844443","0.00292723032852667","0.00868538408836219","false","MIR29B2CHG"
"GIGYF2","GIGYF2","GIGYF2","0.0022815698208823345","0.00376470747220671","7.98432169557959E-4","false","GIGYF2"
"LAYN","LAYN","LAYN","9.2273622047244E-5","1.84547244094488E-4","0.0","false","LAYN"
"RAB12","RAB12","RAB12","0.0036364528552876247","0.0035551505973342","0.00371775511324105","false","RAB12"
"MT-RNR1","MT-RNR1","MT-RNR1","3.992160847789795E-4","0.0","7.98432169557959E-4","false","MT-RNR1"
"CEP43","CEP43","CEP43","5.84399606299215E-4","0.00116879921259843","0.0","false","CEP43"
"SCAF8","SCAF8","SCAF8","0.0041090532260613655","0.00290348699976576","0.00531461945235697","false","SCAF8"
"KLHL23","KLHL23","KLHL23","1.23031496062992E-4","2.46062992125984E-4","0.0","false","KLHL23"
"ARL2","ARL2","ARL2","0.0026684930022953667","0.00519181651921656","1.45169485374174E-4","false","ARL2"
"ZSWIM8","ZSWIM8","ZSWIM8","0.02117578253747625","0.0132871200381989","0.0290644450367536","false","ZSWIM8"
"ENSG00000214942.6","ENSG00000214942.6","ENSG00000214942.6","0.006674252469268198","0.0127678269970397","5.80677941496697E-4","false","ENSG00000214942.6"
"FAM240C","FAM240C","FAM240C","0.003090779378927335","0.00618155875785467","0.0","false","FAM240C"
"CEBPD","CEBPD","CEBPD","0.028043276759980897","0.0445282525542177","0.0115583009657441","false","CEBPD"
"EXOSC6","EXOSC6","EXOSC6","0.005273185098760085","0.00525206596523095","0.00529430423228922","false","EXOSC6"
"ZNF844","ZNF844","ZNF844","0.012301364102613083","4.92125984251968E-4","0.0241106022209742","false","ZNF844"
"OSER1-DT","OSER1-DT","OSER1-DT",,,"1.45169485374174E-4","false","OSER1-DT"
"ENSG00000225032.5","ENSG00000225032.5","ENSG00000225032.5",,,"2.17754228061262E-4","false","ENSG00000225032.5"
"LINC00390","LINC00390","LINC00390","0.00387634507266007","0.00330908760520822","0.00444360254011192","false","LINC00390"
"MRLN","MRLN","MRLN","1.81461856717718E-4","0.0","3.62923713435436E-4","false","MRLN"
"ENSG00000229425.4","ENSG00000229425.4","ENSG00000229425.4","0.00339434042916624","0.00519181651921656","0.00159686433911592","false","ENSG00000229425.4"
"ENSG00000229618.3","ENSG00000229618.3","ENSG00000229618.3","9.2273622047244E-5","1.84547244094488E-4","0.0","false","ENSG00000229618.3"
"DLEU2","DLEU2","DLEU2","0.00869215937218268","0.0165858865748074","7.98432169557959E-4","false","DLEU2"
"SNHG7","SNHG7","SNHG7","0.004198062843494265","0.00839612568698853","0.0","false","SNHG7"
"ENSG00000234175.1","ENSG00000234175.1","ENSG00000234175.1","4.27524848843702E-4","4.92125984251968E-4","3.62923713435436E-4","false","ENSG00000234175.1"
"LINC01505","LINC01505","LINC01505","8.605841950152E-4","9.22736220472441E-4","7.98432169557959E-4","false","LINC01505"
"SNHG20","SNHG20","SNHG20","0.002220263544726655","3.0757874015748E-4","0.00413294834929583","false","SNHG20"
"ENSG00000235070.3","ENSG00000235070.3","ENSG00000235070.3","7.79379567623547E-4","6.15157480314961E-4","9.43601654932133E-4","false","ENSG00000235070.3"
"PPP1R3E","PPP1R3E","PPP1R3E","0.0034368035752633266","0.00593000549559452","9.43601654932133E-4","false","PPP1R3E"
"LINC00957","LINC00957","LINC00957","0.002314986276724923","6.15157480314961E-5","0.00456845680541835","false","LINC00957"
"LINC00649","LINC00649","LINC00649","4.921259842519685E-4","9.84251968503937E-4","0.0","false","LINC00649"
"ENSG00000238273.3","ENSG00000238273.3","ENSG00000238273.3","0.02211515817408015","0.0113105932270226","0.0329197231211377","false","ENSG00000238273.3"
"ASB14","ASB14","ASB14",,,"3.62923713435436E-4","false","ASB14"
"CASTOR3","CASTOR3","CASTOR3","3.992160847789795E-4","0.0","7.98432169557959E-4","false","CASTOR3"
"PCDHGC5","PCDHGC5","PCDHGC5","0.01073843612261325","0.0","0.0214768722452265","false","PCDHGC5"
"ENSG00000242588.6","ENSG00000242588.6","ENSG00000242588.6","0.01829329232946995","0.0265525632896247","0.0100340213693152","false","ENSG00000242588.6"
"ENSG00000245330.4","ENSG00000245330.4","ENSG00000245330.4","0.0","0.0","0.0","false","ENSG00000245330.4"
"SLC41A3-AS1","SLC41A3-AS1","SLC41A3-AS1","3.075787401574805E-4","6.15157480314961E-4","0.0","false","SLC41A3-AS1"
"ENSG00000253115.1","ENSG00000253115.1","ENSG00000253115.1","0.00701476336492978","0.0132310945603016","7.98432169557959E-4","false","ENSG00000253115.1"
"ENSG00000254343.2","ENSG00000254343.2","ENSG00000254343.2","6.1515748031496E-4","0.00123031496062992","0.0","false","ENSG00000254343.2"
"ZBED6","ZBED6","ZBED6","0.0038852425047078546","0.00748014603866736","2.90338970748349E-4","false","ZBED6"
"ENSG00000258168.6","ENSG00000258168.6","ENSG00000258168.6","0.004301109435081038","0.00802154092866538","5.80677941496697E-4","false","ENSG00000258168.6"
"PDF","PDF","PDF","5.142639735631509E-4","7.38188976377953E-4","2.90338970748349E-4","false","PDF"
"DIO3OS","DIO3OS","DIO3OS","0.003736694733258045","0.00747338946651609","0.0","false","DIO3OS"
"FAM181A-AS1","FAM181A-AS1","FAM181A-AS1","0.00321106573992324","0.00642213147984648","0.0","false","FAM181A-AS1"
"ENSG00000258987.2","ENSG00000258987.2","ENSG00000258987.2","1.5378937007874E-4","3.0757874015748E-4","0.0","false","ENSG00000258987.2"
"NORAD","NORAD","NORAD","5.97917710905829E-4","6.15157480314961E-4","5.80677941496697E-4","false","NORAD"
"ENSG00000261054.1","ENSG00000261054.1","ENSG00000261054.1","0.0","0.0","0.0","false","ENSG00000261054.1"
"ENSG00000264151.6","ENSG00000264151.6","ENSG00000264151.6","0.009318385847153216","0.0176931700393743","9.43601654932133E-4","false","ENSG00000264151.6"
"DYNLL2","DYNLL2","DYNLL2","1.23031496062992E-4","2.46062992125984E-4","0.0","false","DYNLL2"
"LRRC37A7P","LRRC37A7P","LRRC37A7P","5.923832135780334E-4","6.76673228346457E-4","5.0809319880961E-4","false","LRRC37A7P"
"SH3GL1P1","SH3GL1P1","SH3GL1P1","0.002678081949023918","0.0049932401846124","3.62923713435436E-4","false","SH3GL1P1"
"ILF3-DT","ILF3-DT","ILF3-DT","6.8955505552733E-4","0.0","0.00137911011105466","false","ILF3-DT"
"ENSG00000267364.3","ENSG00000267364.3","ENSG00000267364.3","0.00651061780177106","0.00944864997567524","0.00357258562786688","false","ENSG00000267364.3"
"RASL10B","RASL10B","RASL10B","5.22883858267715E-4","0.00104576771653543","0.0","false","RASL10B"
"ENSG00000272106.1","ENSG00000272106.1","ENSG00000272106.1","0.008740851969518156","0.00141486220472441","0.0160668417343119","false","ENSG00000272106.1"
"MRPL20-DT","MRPL20-DT","MRPL20-DT","2.46062992125984E-4","4.92125984251968E-4","0.0","false","MRPL20-DT"
"ENSG00000272941.1","ENSG00000272941.1","ENSG00000272941.1","1.81461856717718E-4","0.0","3.62923713435436E-4","false","ENSG00000272941.1"
"ENSG00000273151.1","ENSG00000273151.1","ENSG00000273151.1","3.690944881889765E-4","7.38188976377953E-4","0.0","false","ENSG00000273151.1"
"PAXIP1-DT","PAXIP1-DT","PAXIP1-DT","2.903389707483485E-4","0.0","5.80677941496697E-4","false","PAXIP1-DT"
"CASTOR2","CASTOR2","CASTOR2","0.0029044731826305837","9.84251968503937E-4","0.00482469439675723","false","CASTOR2"
"MLLT6","MLLT6","MLLT6","3.826125927955925E-4","1.84547244094488E-4","5.80677941496697E-4","false","MLLT6"
"ENSG00000275185.1","ENSG00000275185.1","ENSG00000275185.1","3.690944881889765E-4","7.38188976377953E-4","0.0","false","ENSG00000275185.1"
"GGNBP2","GGNBP2","GGNBP2","0.014903313100242234","0.0279194228906202","0.00188720330986427","false","GGNBP2"
"ENSG00000279026.1","ENSG00000279026.1","ENSG00000279026.1","0.00885066371450523","0.0169028952594525","7.98432169557959E-4","false","ENSG00000279026.1"
"KLHL30-AS1","KLHL30-AS1","KLHL30-AS1","0.011353390372595","0.0221261028036933","5.80677941496697E-4","false","KLHL30-AS1"
"ENSG00000280152.1","ENSG00000280152.1","ENSG00000280152.1","0.004385352096238645","0.00797227202291933","7.98432169557959E-4","false","ENSG00000280152.1"
"UCKL1-AS1","UCKL1-AS1","UCKL1-AS1","4.5519733548268E-4","1.84547244094488E-4","7.25847426870872E-4","false","UCKL1-AS1"
"ENSG00000280287.1","ENSG00000280287.1","ENSG00000280287.1","0.007398127327530583","4.92125984251968E-4","0.0143041286708092","false","ENSG00000280287.1"
"N4BP2L2-IT2","N4BP2L2-IT2","N4BP2L2-IT2","0.00803342086715595","0.0","0.0160668417343119","false","N4BP2L2-IT2"
"ENSG00000283064.1","ENSG00000283064.1","ENSG00000283064.1","6.428299669539385E-4","9.22736220472441E-4","3.62923713435436E-4","false","ENSG00000283064.1"
"ENSG00000285336.1","ENSG00000285336.1","ENSG00000285336.1","0.001909324309996432","2.46062992125984E-4","0.00357258562786688","false","ENSG00000285336.1"
"GABPB1-IT1","GABPB1-IT1","GABPB1-IT1","0.00505887430188818","0.00654516297590948","0.00357258562786688","false","GABPB1-IT1"
"KCNQ5-DT","KCNQ5-DT","KCNQ5-DT","0.002841971251734265","0.00568394250346853","0.0","false","KCNQ5-DT"
"ENSG00000286952.1","ENSG00000286952.1","ENSG00000286952.1","4.83506099547403E-4","6.76673228346457E-4","2.90338970748349E-4","false","ENSG00000286952.1"
"ENSG00000287570.1","ENSG00000287570.1","ENSG00000287570.1","0.0024048107888211437","6.76673228346457E-4","0.00413294834929583","false","ENSG00000287570.1"
"ENSG00000287809.1","ENSG00000287809.1","ENSG00000287809.1","2.903389707483485E-4","0.0","5.80677941496697E-4","false","ENSG00000287809.1"
"ENSG00000288656.1","ENSG00000288656.1","ENSG00000288656.1","0.011669588997457073","0.0230488390241658","2.90338970748349E-4","false","ENSG00000288656.1"
"PRRC2B","PRRC2B","PRRC2B","0.03634642929921355","0.048034650192013","0.0246582084064141","false","PRRC2B"
"ENSG00000288980.1","ENSG00000288980.1","ENSG00000288980.1","0.003159138938620296","0.00610052364917933","2.17754228061262E-4","false","ENSG00000288980.1"
"ENSG00000289293.1","ENSG00000289293.1","ENSG00000289293.1","0.0031961438098248225","5.53641732283465E-4","0.00583864588736618","false","ENSG00000289293.1"
"ENSG00000289345.1","ENSG00000289345.1","ENSG00000289345.1","3.992160847789795E-4","0.0","7.98432169557959E-4","false","ENSG00000289345.1"
"TOMM22","TOMM22","TOMM22",,"0.0",,"false","TOMM22"
"WBP4","WBP4","WBP4",,"0.0",,"false","WBP4"
"SNRPG","SNRPG","SNRPG",,"0.0",,"false","SNRPG"
"CAPN2","CAPN2","CAPN2",,"0.0",,"false","CAPN2"
"WDR46","WDR46","WDR46",,"0.0",,"false","WDR46"
"ALS2","ALS2","ALS2",,"0.0",,"false","ALS2"
"KLHL12","KLHL12","KLHL12",,"0.0",,"false","KLHL12"
"PCDHGA12","PCDHGA12","PCDHGA12",,"0.0",,"false","PCDHGA12"
"Phosphocreatine","Phosphocreatine","Phosphocreatine",,"0.0499989301609038",,"false","Phosphocreatine"
"TAB1","TAB1","TAB1",,"0.0",,"false","TAB1"
"MPRIP","MPRIP","MPRIP",,"0.0",,"false","MPRIP"
"MDH1B","MDH1B","MDH1B",,"0.0",,"false","MDH1B"
"BIRC3","BIRC3","BIRC3",,"0.0",,"false","BIRC3"
"FUT11","FUT11","FUT11",,"0.0",,"false","FUT11"
"WDR89","WDR89","WDR89",,"0.0",,"false","WDR89"
"GABPA","GABPA","GABPA",,"0.0",,"false","GABPA"
"MZF1","MZF1","MZF1",,"0.0",,"false","MZF1"
"FZD3","FZD3","FZD3",,"0.0",,"false","FZD3"
"C11orf58","C11orf58","C11orf58",,"0.0",,"false","C11orf58"
"PHACTR2","PHACTR2","PHACTR2",,"0.0",,"false","PHACTR2"
"MMP14","MMP14","MMP14",,"0.0",,"false","MMP14"
"WDR4","WDR4","WDR4",,"0.0",,"false","WDR4"
"CHRNB1","CHRNB1","CHRNB1",,"0.0",,"false","CHRNB1"
"ENSG00000255197.7","ENSG00000255197.7","ENSG00000255197.7",,"0.0",,"false","ENSG00000255197.7"
"TUBGCP5","TUBGCP5","TUBGCP5",,"0.0",,"false","TUBGCP5"
"CDC42-AS1","CDC42-AS1","CDC42-AS1",,"0.0",,"false","CDC42-AS1"
"RRP9","RRP9","RRP9",,"0.0",,"false","RRP9"
"TCHP","TCHP","TCHP",,"0.0",,"false","TCHP"
"BMPR2","BMPR2","BMPR2",,"0.0",,"false","BMPR2"
"EIPR1","EIPR1","EIPR1",,"0.0",,"false","EIPR1"
"INPP4A","INPP4A","INPP4A",,"0.0",,"false","INPP4A"
"CHMP4B","CHMP4B","CHMP4B",,"0.0",,"false","CHMP4B"
"TTL","TTL","TTL",,"0.0",,"false","TTL"
"UXS1","UXS1","UXS1",,"0.0",,"false","UXS1"
"FASTKD3","FASTKD3","FASTKD3",,"0.0",,"false","FASTKD3"
"PDCD2L","PDCD2L","PDCD2L",,"0.0",,"false","PDCD2L"
"CNDP2","CNDP2","CNDP2",,"0.0",,"false","CNDP2"
"MRPL47","MRPL47","MRPL47",,"0.0",,"false","MRPL47"
"ALG10","ALG10","ALG10",,"0.0",,"false","ALG10"
"UBR1","UBR1","UBR1",,"0.0",,"false","UBR1"
"CDK2AP2","CDK2AP2","CDK2AP2",,"0.0",,"false","CDK2AP2"
"SLX1B","SLX1B","SLX1B",,"0.0",,"false","SLX1B"
"ATAD3A","ATAD3A","ATAD3A",,"0.0",,"false","ATAD3A"
"TSEN15","TSEN15","TSEN15",,"0.0",,"false","TSEN15"
"ENSG00000235296.1","ENSG00000235296.1","ENSG00000235296.1",,"0.0",,"false","ENSG00000235296.1"
"FAM86DP","FAM86DP","FAM86DP",,"0.0",,"false","FAM86DP"
"ENSG00000261130.5","ENSG00000261130.5","ENSG00000261130.5",,"0.0",,"false","ENSG00000261130.5"
"Acetaminophen..metab..blood","Acetaminophen..metab..blood","Acetaminophen..metab..blood",,"0.0",,"false","Acetaminophen..metab..blood"
"Alanine..metab..blood","Alanine..metab..blood","Alanine..metab..blood",,"0.0",,"false","Alanine..metab..blood"
"Citrulline..metab..blood","Citrulline..metab..blood","Citrulline..metab..blood",,"0.0",,"false","Citrulline..metab..blood"
"DMGV..metab..blood","DMGV..metab..blood","DMGV..metab..blood",,"0.0",,"false","DMGV..metab..blood"
"Lenticin..metab..blood","Lenticin..metab..blood","Lenticin..metab..blood",,"0.0",,"false","Lenticin..metab..blood"
"Pyridoxal..metab..blood","Pyridoxal..metab..blood","Pyridoxal..metab..blood",,"0.0",,"false","Pyridoxal..metab..blood"
"Arginine..metab..blood","Arginine..metab..blood","Arginine..metab..blood",,"0.0",,"false","Arginine..metab..blood"
"Cytidine..metab..blood","Cytidine..metab..blood","Cytidine..metab..blood",,"0.0",,"false","Cytidine..metab..blood"
"Theobromine..metab..blood","Theobromine..metab..blood","Theobromine..metab..blood",,"0.0",,"false","Theobromine..metab..blood"
"U2AF2","U2AF2","U2AF2",,"0.00339561298401773",,"false","U2AF2"
"SHB","SHB","SHB",,"0.00391148229703061",,"false","SHB"
"CCT4","CCT4","CCT4",,"6.76673228346457E-4",,"false","CCT4"
"FYTTD1","FYTTD1","FYTTD1",,"7.38188976377953E-4",,"false","FYTTD1"
"CAST","CAST","CAST",,"0.0",,"false","CAST"
"MRPL32","MRPL32","MRPL32",,"3.0757874015748E-4",,"false","MRPL32"
"NUP88","NUP88","NUP88",,"0.0326437478784578",,"false","NUP88"
"MSANTD2","MSANTD2","MSANTD2",,"0.0455578337541142",,"false","MSANTD2"
"MACF1","MACF1","MACF1",,"5.53641732283465E-4",,"false","MACF1"
"RNF6","RNF6","RNF6",,"5.53641732283465E-4",,"false","RNF6"
"PCNA","PCNA","PCNA",,"0.00123031496062992",,"false","PCNA"
"ABI1","ABI1","ABI1",,"5.53641732283465E-4",,"false","ABI1"
"PDLIM3","PDLIM3","PDLIM3",,"0.0110904309897868",,"false","PDLIM3"
"C9orf85","C9orf85","C9orf85",,"0.0114951404711171",,"false","C9orf85"
"PLK1","PLK1","PLK1",,"0.00104576771653543",,"false","PLK1"
"CANT1","CANT1","CANT1",,"0.00716032045622444",,"false","CANT1"
"PJA2","PJA2","PJA2",,"5.53641732283465E-4",,"false","PJA2"
"ENSG00000256029.6","ENSG00000256029.6","ENSG00000256029.6",,"4.30610236220472E-4",,"false","ENSG00000256029.6"
"NBPF11","NBPF11","NBPF11",,"7.38188976377953E-4",,"false","NBPF11"
"ENSG00000278464.2","ENSG00000278464.2","ENSG00000278464.2",,"1.84547244094488E-4",,"false","ENSG00000278464.2"
"TMEM67","TMEM67","TMEM67",,"0.0",,"false","TMEM67"
"ENSG00000260772.1","ENSG00000260772.1","ENSG00000260772.1",,"0.0",,"false","ENSG00000260772.1"
"CRY1","CRY1","CRY1",,"0.00414478250066402",,"false","CRY1"
"METTL1","METTL1","METTL1",,"0.00290348699976576",,"false","METTL1"
"CTNS","CTNS","CTNS",,"0.0",,"false","CTNS"
"PDCD2","PDCD2","PDCD2",,"0.010407001189289",,"false","PDCD2"
"EXOSC5","EXOSC5","EXOSC5",,"0.00543787951134255",,"false","EXOSC5"
"UBE2A","UBE2A","UBE2A",,"0.0038877389682697",,"false","UBE2A"
"SESN1","SESN1","SESN1",,"0.00797227202291933",,"false","SESN1"
"DOCK9","DOCK9","DOCK9",,"0.00568394250346853",,"false","DOCK9"
"AHSA1","AHSA1","AHSA1",,"7.99704724409449E-4",,"false","AHSA1"
"LIPG","LIPG","LIPG",,"0.00942950579293638",,"false","LIPG"
"DNAJB6","DNAJB6","DNAJB6",,"0.0072888422224216",,"false","DNAJB6"
"ABI3","ABI3","ABI3",,"0.00506878502315357",,"false","ABI3"
"CARS1","CARS1","CARS1",,"0.00253439251157679",,"false","CARS1"
"LIFR","LIFR","LIFR",,"0.0",,"false","LIFR"
"PLXNA1","PLXNA1","PLXNA1",,"0.00278045550370277",,"false","PLXNA1"
"PLEKHB2","PLEKHB2","PLEKHB2",,"0.0",,"false","PLEKHB2"
"UBIAD1","UBIAD1","UBIAD1",,"4.30610236220472E-4",,"false","UBIAD1"
"LRRFIP1","LRRFIP1","LRRFIP1",,"6.76673228346457E-4",,"false","LRRFIP1"
"SBDS","SBDS","SBDS",,"4.92125984251968E-4",,"false","SBDS"
"TRAF2","TRAF2","TRAF2",,"0.00220180414064129",,"false","TRAF2"
"GNL3L","GNL3L","GNL3L",,"3.69094488188976E-4",,"false","GNL3L"
"HIP1R","HIP1R","HIP1R",,"0.0149084905675545",,"false","HIP1R"
"ZNF428","ZNF428","ZNF428",,"0.00123031496062992",,"false","ZNF428"
"SETDB2","SETDB2","SETDB2",,"0.0141346865980351",,"false","SETDB2"
"DYNC1LI1","DYNC1LI1","DYNC1LI1",,"0.0114403812952369",,"false","DYNC1LI1"
"ANO7","ANO7","ANO7",,"9.84251968503937E-4",,"false","ANO7"
"PPP4C","PPP4C","PPP4C",,"0.00104576771653543",,"false","PPP4C"
"CCT5","CCT5","CCT5",,"3.69094488188976E-4",,"false","CCT5"
"NOCT","NOCT","NOCT",,"0.00654516297590948",,"false","NOCT"
"CCT8","CCT8","CCT8",,"6.15157480314961E-5",,"false","CCT8"
"PCGF6","PCGF6","PCGF6",,"3.69094488188976E-4",,"false","PCGF6"
"CNOT11","CNOT11","CNOT11",,"0.0118642349593061",,"false","CNOT11"
"AMFR","AMFR","AMFR",,"0.00425683345645867",,"false","AMFR"
"UBE2Q1","UBE2Q1","UBE2Q1",,"3.69094488188976E-4",,"false","UBE2Q1"
"ASRGL1","ASRGL1","ASRGL1",,"4.92125984251968E-4",,"false","ASRGL1"
"MEMO1","MEMO1","MEMO1",,"0.0205502050311918",,"false","MEMO1"
"CCT3","CCT3","CCT3",,"0.0084643980071713",,"false","CCT3"
"CDYL2","CDYL2","CDYL2",,"8.61220472440945E-4",,"false","CDYL2"
"FADD","FADD","FADD",,"0.00401077046433269",,"false","FADD"
"STIP1","STIP1","STIP1",,"0.00666819447197247",,"false","STIP1"
"TANC2","TANC2","TANC2",,"0.0121977144543537",,"false","TANC2"
"PPID","PPID","PPID",,"0.02192241137686",,"false","PPID"
"TVP23B","TVP23B","TVP23B",,"0.00110728346456693",,"false","TVP23B"
"STOX2","STOX2","STOX2",,"0.00135334645669291",,"false","STOX2"
"DDIT3","DDIT3","DDIT3",,"0.00748014603866736",,"false","DDIT3"
"CLCF1","CLCF1","CLCF1",,"6.15157480314961E-4",,"false","CLCF1"
"EID2","EID2","EID2",,"7.38188976377953E-4",,"false","EID2"
"FARSA","FARSA","FARSA",,"3.69094488188976E-4",,"false","FARSA"
"AP1S2","AP1S2","AP1S2",,"0.0151477969875292",,"false","AP1S2"
"IRAK1","IRAK1","IRAK1",,"0.0154621322998379",,"false","IRAK1"
"ARMCX2","ARMCX2","ARMCX2",,"0.0221946594176397",,"false","ARMCX2"
"MAPT","MAPT","MAPT",,"0.00985335945700558",,"false","MAPT"
"KIAA1671","KIAA1671","KIAA1671",,"0.0205555517758645",,"false","KIAA1671"
"ENTPD6","ENTPD6","ENTPD6",,"3.0757874015748E-4",,"false","ENTPD6"
"SMG5","SMG5","SMG5",,"6.15157480314961E-4",,"false","SMG5"
"LINC01128","LINC01128","LINC01128",,"0.0226797445359768",,"false","LINC01128"
"SCIRT","SCIRT","SCIRT",,"3.0757874015748E-4",,"false","SCIRT"
"EIF6","EIF6","EIF6",,"2.46062992125984E-4",,"false","EIF6"
"SMIM15-AS1","SMIM15-AS1","SMIM15-AS1",,"0.00302651849582875",,"false","SMIM15-AS1"
"MAP1LC3B2","MAP1LC3B2","MAP1LC3B2",,"3.0757874015748E-4",,"false","MAP1LC3B2"
"GJA5","GJA5","GJA5",,"0.00987250363974443",,"false","GJA5"
"ENSG00000275454.1","ENSG00000275454.1","ENSG00000275454.1",,"0.00895652399142327",,"false","ENSG00000275454.1"
"ENSG00000279622.2","ENSG00000279622.2","ENSG00000279622.2",,"0.00950340915155546",,"false","ENSG00000279622.2"
"ENSG00000289164.1","ENSG00000289164.1","ENSG00000289164.1",,"0.00907955548748626",,"false","ENSG00000289164.1"
"KLF5","KLF5","KLF5",,"1.84547244094488E-4",,"false","KLF5"
"SMG9","SMG9","SMG9",,"1.84547244094488E-4",,"false","SMG9"
"STK38","STK38","STK38",,"1.84547244094488E-4",,"false","STK38"
"ENSG00000232533.2","ENSG00000232533.2","ENSG00000232533.2",,"4.92125984251968E-4",,"false","ENSG00000232533.2"
"WASH5P","WASH5P","WASH5P",,"3.0757874015748E-4",,"false","WASH5P"
"CIAPIN1","CIAPIN1","CIAPIN1",,"7.38188976377953E-4",,"false","CIAPIN1"
"ALAS1","ALAS1","ALAS1",,"0.0120296380206617",,"false","ALAS1"
"STRAP","STRAP","STRAP",,"6.76673228346457E-4",,"false","STRAP"
"ACSL4","ACSL4","ACSL4",,"6.15157480314961E-5",,"false","ACSL4"
"SMAP2","SMAP2","SMAP2",,"0.0120296380206617",,"false","SMAP2"
"SMPX","SMPX","SMPX",,"6.76673228346457E-4",,"false","SMPX"
"MRPS18A","MRPS18A","MRPS18A",,"7.38188976377953E-4",,"false","MRPS18A"
"SNU13","SNU13","SNU13",,"7.38188976377953E-4",,"false","SNU13"
"CA2","CA2","CA2",,"0.00232483563670428",,"false","CA2"
"GARS1","GARS1","GARS1",,"1.23031496062992E-4",,"false","GARS1"
"MTCH2","MTCH2","MTCH2",,"0.00232483563670428",,"false","MTCH2"
"MRPL3","MRPL3","MRPL3",,"7.99704724409449E-4",,"false","MRPL3"
"PSMD14","PSMD14","PSMD14",,"6.15157480314961E-5",,"false","PSMD14"
"DHCR24","DHCR24","DHCR24",,"6.15157480314961E-5",,"false","DHCR24"
"ICMT","ICMT","ICMT",,"7.38188976377953E-4",,"false","ICMT"
"RPF1","RPF1","RPF1",,"0.0120296380206617",,"false","RPF1"
"TCP1","TCP1","TCP1",,"6.76673228346457E-4",,"false","TCP1"
"ACOT9","ACOT9","ACOT9",,"6.15157480314961E-5",,"false","ACOT9"
"MTRR","MTRR","MTRR",,"0.0120296380206617",,"false","MTRR"
"CALU","CALU","CALU",,"6.15157480314961E-5",,"false","CALU"
"FXR2","FXR2","FXR2",,"1.23031496062992E-4",,"false","FXR2"
"ARHGEF6","ARHGEF6","ARHGEF6",,"4.92125984251968E-4",,"false","ARHGEF6"
"TOMM40","TOMM40","TOMM40",,"0.0122141852647562",,"false","TOMM40"
"TRAF3","TRAF3","TRAF3",,"7.38188976377953E-4",,"false","TRAF3"
"PSME3","PSME3","PSME3",,"0.0122141852647562",,"false","PSME3"
"ARPC5L","ARPC5L","ARPC5L",,"1.23031496062992E-4",,"false","ARPC5L"
"ALDH1B1","ALDH1B1","ALDH1B1",,"6.15157480314961E-5",,"false","ALDH1B1"
"ACTR2","ACTR2","ACTR2",,"6.15157480314961E-5",,"false","ACTR2"
"SLC5A6","SLC5A6","SLC5A6",,"0.00317329332065266",,"false","SLC5A6"
"DPP9","DPP9","DPP9",,"0.0120296380206617",,"false","DPP9"
"ZNF787","ZNF787","ZNF787",,"0.0123987325088507",,"false","ZNF787"
"ZNF593","ZNF593","ZNF593",,"6.15157480314961E-5",,"false","ZNF593"
"MGST3","MGST3","MGST3",,"1.23031496062992E-4",,"false","MGST3"
"MRPS5","MRPS5","MRPS5",,"0.00232483563670428",,"false","MRPS5"
"CCT6A","CCT6A","CCT6A",,"7.99704724409449E-4",,"false","CCT6A"
"GSTO1","GSTO1","GSTO1",,"6.15157480314961E-5",,"false","GSTO1"
"EI24","EI24","EI24",,"0.00129183070866142",,"false","EI24"
"DPH3","DPH3","DPH3",,"0.0122141852647562",,"false","DPH3"
"DUSP23","DUSP23","DUSP23",,"6.15157480314961E-5",,"false","DUSP23"
"COMTD1","COMTD1","COMTD1",,"6.15157480314961E-5",,"false","COMTD1"
"SLC39A13","SLC39A13","SLC39A13",,"1.84547244094488E-4",,"false","SLC39A13"
"NDUFB8","NDUFB8","NDUFB8",,"0.00232483563670428",,"false","NDUFB8"
"YWHAB","YWHAB","YWHAB",,"6.15157480314961E-5",,"false","YWHAB"
"MFF","MFF","MFF",,"6.76673228346457E-4",,"false","MFF"
"CTPS1","CTPS1","CTPS1",,"7.99704724409449E-4",,"false","CTPS1"
"SWSAP1","SWSAP1","SWSAP1",,"4.92125984251968E-4",,"false","SWSAP1"
"CKAP5","CKAP5","CKAP5",,"6.76673228346457E-4",,"false","CKAP5"
"CLTB","CLTB","CLTB",,"6.76673228346457E-4",,"false","CLTB"
"CSTF3","CSTF3","CSTF3",,"6.76673228346457E-4",,"false","CSTF3"
"TALDO1","TALDO1","TALDO1",,"0.0122141852647562",,"false","TALDO1"
"ENSG00000177359.21","ENSG00000177359.21","ENSG00000177359.21",,"0.00244786713276727",,"false","ENSG00000177359.21"
"MRFAP1","MRFAP1","MRFAP1",,"0.0120296380206617",,"false","MRFAP1"
"FAF1","FAF1","FAF1",,"6.15157480314961E-5",,"false","FAF1"
"SEMA4A","SEMA4A","SEMA4A",,"6.76673228346457E-4",,"false","SEMA4A"
"TAF13","TAF13","TAF13",,"0.0120296380206617",,"false","TAF13"
"NELFE","NELFE","NELFE",,"7.38188976377953E-4",,"false","NELFE"
"VARS1","VARS1","VARS1",,"1.23031496062992E-4",,"false","VARS1"
"E2F4","E2F4","E2F4",,"7.99704724409449E-4",,"false","E2F4"
"ENSG00000235288.3","ENSG00000235288.3","ENSG00000235288.3",,"7.38188976377953E-4",,"false","ENSG00000235288.3"
"MTFP1","MTFP1","MTFP1",,"7.99704724409449E-4",,"false","MTFP1"
"PGAM5","PGAM5","PGAM5",,"0.0122141852647562",,"false","PGAM5"
"ENSG00000273486.1","ENSG00000273486.1","ENSG00000273486.1",,"0.00123031496062992",,"false","ENSG00000273486.1"
"ENSG00000281571.2","ENSG00000281571.2","ENSG00000281571.2",,"0.00116879921259843",,"false","ENSG00000281571.2"
"ENSG00000283175.1","ENSG00000283175.1","ENSG00000283175.1",,"0.00232483563670428",,"false","ENSG00000283175.1"
"STPG1","STPG1","STPG1",,"4.92125984251968E-4",,"false","STPG1"
"FBXO42","FBXO42","FBXO42",,"9.22736220472441E-4",,"false","FBXO42"
"RIPOR3","RIPOR3","RIPOR3",,"0.00401077046433269",,"false","RIPOR3"
"HIPK2","HIPK2","HIPK2",,"6.15157480314961E-4",,"false","HIPK2"
"SLC46A1","SLC46A1","SLC46A1",,"6.15157480314961E-4",,"false","SLC46A1"
"IL12RB2","IL12RB2","IL12RB2",,"6.15157480314961E-5",,"false","IL12RB2"
"C1QTNF3","C1QTNF3","C1QTNF3",,"3.0757874015748E-4",,"false","C1QTNF3"
"RBBP9","RBBP9","RBBP9",,"0.00281696162095625",,"false","RBBP9"
"SIRT4","SIRT4","SIRT4",,"0.0",,"false","SIRT4"
"TNRC6A","TNRC6A","TNRC6A",,"0.0210735785150066",,"false","TNRC6A"
"SLC35A2","SLC35A2","SLC35A2",,"0.00135334645669291",,"false","SLC35A2"
"PEX11G","PEX11G","PEX11G",,"3.0757874015748E-4",,"false","PEX11G"
"DMPK","DMPK","DMPK",,"0.0234344043227573",,"false","DMPK"
"GTPBP10","GTPBP10","GTPBP10",,"9.84251968503937E-4",,"false","GTPBP10"
"PLCL1","PLCL1","PLCL1",,"0.0293601858502347",,"false","PLCL1"
"FAM20B","FAM20B","FAM20B",,"0.0",,"false","FAM20B"
"CTNNAL1","CTNNAL1","CTNNAL1",,"6.15157480314961E-4",,"false","CTNNAL1"
"GALNT12","GALNT12","GALNT12",,"8.61220472440945E-4",,"false","GALNT12"
"DNAL1","DNAL1","DNAL1",,"1.23031496062992E-4",,"false","DNAL1"
"PARD6B","PARD6B","PARD6B",,"1.84547244094488E-4",,"false","PARD6B"
"PRR12","PRR12","PRR12",,"0.00531484801527955",,"false","PRR12"
"NUP214","NUP214","NUP214",,"4.92125984251968E-4",,"false","NUP214"
"EPSTI1","EPSTI1","EPSTI1",,"3.69094488188976E-4",,"false","EPSTI1"
"KIAA0513","KIAA0513","KIAA0513",,"4.92125984251968E-4",,"false","KIAA0513"
"CCDC90B","CCDC90B","CCDC90B",,"3.0757874015748E-4",,"false","CCDC90B"
"GIPC2","GIPC2","GIPC2",,"0.00401077046433269",,"false","GIPC2"
"APH1B","APH1B","APH1B",,"5.53641732283465E-4",,"false","APH1B"
"INTS14","INTS14","INTS14",,"0.0",,"false","INTS14"
"MAP3K12","MAP3K12","MAP3K12",,"0.00450289644858466",,"false","MAP3K12"
"GLYR1","GLYR1","GLYR1",,"0.00755137602495009",,"false","GLYR1"
"TTC13","TTC13","TTC13",,"0.0142442049497956",,"false","TTC13"
"RABL2A","RABL2A","RABL2A",,"7.99704724409449E-4",,"false","RABL2A"
"RARS2","RARS2","RARS2",,"0.00511627168067539",,"false","RARS2"
"LUC7L2","LUC7L2","LUC7L2",,"0.054485783618311",,"false","LUC7L2"
"ZNF214","ZNF214","ZNF214",,"4.92125984251968E-4",,"false","ZNF214"
"CENPJ","CENPJ","CENPJ",,"6.15157480314961E-5",,"false","CENPJ"
"FAM161B","FAM161B","FAM161B",,"3.69094488188976E-4",,"false","FAM161B"
"DHX57","DHX57","DHX57",,"0.00605303699165751",,"false","DHX57"
"TMEM79","TMEM79","TMEM79",,"0.0015994094488189",,"false","TMEM79"
"KIAA1958","KIAA1958","KIAA1958",,"4.92125984251968E-4",,"false","KIAA1958"
"DDIAS","DDIAS","DDIAS",,"6.76673228346457E-4",,"false","DDIAS"
"NUDT5","NUDT5","NUDT5",,"9.84251968503937E-4",,"false","NUDT5"
"RGS14","RGS14","RGS14",,"0.0154621322998379",,"false","RGS14"
"C15orf40","C15orf40","C15orf40",,"0.00269393012489326",,"false","C15orf40"
"LDB2","LDB2","LDB2",,"0.00104576771653543",,"false","LDB2"
"LGALS4","LGALS4","LGALS4",,"0.0116796877152116",,"false","LGALS4"
"ALG14","ALG14","ALG14",,"3.69094488188976E-4",,"false","ALG14"
"HOXD8","HOXD8","HOXD8",,"5.53641732283465E-4",,"false","HOXD8"
"GEN1","GEN1","GEN1",,"0.0",,"false","GEN1"
"UNC5C","UNC5C","UNC5C",,"1.23031496062992E-4",,"false","UNC5C"
"FBXL7","FBXL7","FBXL7",,"7.38188976377953E-4",,"false","FBXL7"
"USP18","USP18","USP18",,"4.92125984251968E-4",,"false","USP18"
"KPNA4","KPNA4","KPNA4",,"0.00343211910127121",,"false","KPNA4"
"ZSCAN30","ZSCAN30","ZSCAN30",,"6.76673228346457E-4",,"false","ZSCAN30"
"XRCC2","XRCC2","XRCC2",,"0.0",,"false","XRCC2"
"NHLRC2","NHLRC2","NHLRC2",,"3.0757874015748E-4",,"false","NHLRC2"
"GRIN3A","GRIN3A","GRIN3A",,"7.99704724409449E-4",,"false","GRIN3A"
"MT-CO1","MT-CO1","MT-CO1",,"6.15157480314961E-5",,"false","MT-CO1"
"RUSC2","RUSC2","RUSC2",,"0.00931886190746097",,"false","RUSC2"
"LINC02210","LINC02210","LINC02210",,"0.00364167597614371",,"false","LINC02210"
"TRIM13","TRIM13","TRIM13",,"1.84547244094488E-4",,"false","TRIM13"
"ENSG00000206567.10","ENSG00000206567.10","ENSG00000206567.10",,"3.0757874015748E-4",,"false","ENSG00000206567.10"
"ZKSCAN8P1","ZKSCAN8P1","ZKSCAN8P1",,"0.0015994094488189",,"false","ZKSCAN8P1"
"RBM26-AS1","RBM26-AS1","RBM26-AS1",,"0.00401077046433269",,"false","RBM26-AS1"
"SCAMP4","SCAMP4","SCAMP4",,"0.00531484801527955",,"false","SCAMP4"
"ZNF737","ZNF737","ZNF737",,"0.0",,"false","ZNF737"
"TNFSF12","TNFSF12","TNFSF12",,"0.0",,"false","TNFSF12"
"TMEM150C","TMEM150C","TMEM150C",,"1.23031496062992E-4",,"false","TMEM150C"
"ZNF253","ZNF253","ZNF253",,"0.00104576771653543",,"false","ZNF253"
"ENSG00000260400.1","ENSG00000260400.1","ENSG00000260400.1",,"6.76673228346457E-4",,"false","ENSG00000260400.1"
"ENSG00000262223.9","ENSG00000262223.9","ENSG00000262223.9",,"3.69094488188976E-4",,"false","ENSG00000262223.9"
"SNORD3A","SNORD3A","SNORD3A",,"0.00166092519685039",,"false","SNORD3A"
"ENSG00000264112.1","ENSG00000264112.1","ENSG00000264112.1",,"0.00123031496062992",,"false","ENSG00000264112.1"
"RMRP","RMRP","RMRP",,"9.84251968503937E-4",,"false","RMRP"
"ENSG00000272779.1","ENSG00000272779.1","ENSG00000272779.1",,"0.00367818209339719",,"false","ENSG00000272779.1"
"ENSG00000275496.4","ENSG00000275496.4","ENSG00000275496.4",,"3.69094488188976E-4",,"false","ENSG00000275496.4"
"ENSG00000284391.1","ENSG00000284391.1","ENSG00000284391.1",,"0.0053641169210256",,"false","ENSG00000284391.1"
"ENSG00000288700.2","ENSG00000288700.2","ENSG00000288700.2",,"0.0035551505973342",,"false","ENSG00000288700.2"
"USP13","USP13","USP13",,"4.30610236220472E-4",,"false","USP13"
"PTPN21","PTPN21","PTPN21",,"1.23031496062992E-4",,"false","PTPN21"
"ZNF37A","ZNF37A","ZNF37A",,"0.0",,"false","ZNF37A"
"TMEM87A","TMEM87A","TMEM87A",,"7.99704724409449E-4",,"false","TMEM87A"
"SUFU","SUFU","SUFU",,"7.99704724409449E-4",,"false","SUFU"
"GRPEL2","GRPEL2","GRPEL2",,"0.00929971772472211",,"false","GRPEL2"
"DMWD","DMWD","DMWD",,"4.30610236220472E-4",,"false","DMWD"
"ENSG00000273432.1","ENSG00000273432.1","ENSG00000273432.1",,"7.99704724409449E-4",,"false","ENSG00000273432.1"
"COX15","COX15","COX15",,"4.92125984251968E-4",,"false","COX15"
"FHL1","FHL1","FHL1",,"1.23031496062992E-4",,"false","FHL1"
"ABCF2","ABCF2","ABCF2",,"7.99704724409449E-4",,"false","ABCF2"
"OGFOD1","OGFOD1","OGFOD1",,"9.84251968503937E-4",,"false","OGFOD1"
"LZTS3","LZTS3","LZTS3",,"6.15157480314961E-4",,"false","LZTS3"
"RTCB","RTCB","RTCB",,"0.0",,"false","RTCB"
"NKAP","NKAP","NKAP",,"0.00354238780884163",,"false","NKAP"
"MTPN","MTPN","MTPN",,"1.23031496062992E-4",,"false","MTPN"
"HOXA2","HOXA2","HOXA2",,"7.38188976377953E-4",,"false","HOXA2"
"KLHL18","KLHL18","KLHL18",,"0.00220180414064129",,"false","KLHL18"
"ABHD14B","ABHD14B","ABHD14B",,"9.84251968503937E-4",,"false","ABHD14B"
"RPN2","RPN2","RPN2",,"9.84251968503937E-4",,"false","RPN2"
"CCDC18","CCDC18","CCDC18",,"9.22736220472441E-4",,"false","CCDC18"
"AP5S1","AP5S1","AP5S1",,"0.00415754528915659",,"false","AP5S1"
"CCDC136","CCDC136","CCDC136",,"3.69094488188976E-4",,"false","CCDC136"
"DCTD","DCTD","DCTD",,"6.76673228346457E-4",,"false","DCTD"
"LSM7","LSM7","LSM7",,"0.00318605610914523",,"false","LSM7"
"ITGA7","ITGA7","ITGA7",,"7.99704724409449E-4",,"false","ITGA7"
"SPTBN5","SPTBN5","SPTBN5",,"0.0",,"false","SPTBN5"
"CNIH4","CNIH4","CNIH4",,"6.15157480314961E-4",,"false","CNIH4"
"PLK2","PLK2","PLK2",,"9.84251968503937E-4",,"false","PLK2"
"FADS1","FADS1","FADS1",,"4.92125984251968E-4",,"false","FADS1"
"SAP18","SAP18","SAP18",,"7.38188976377953E-4",,"false","SAP18"
"DHX37","DHX37","DHX37",,"0.0035551505973342",,"false","DHX37"
"SRP19","SRP19","SRP19",,"0.0",,"false","SRP19"
"SH2B2","SH2B2","SH2B2",,"0.00657988684493872",,"false","SH2B2"
"COX18","COX18","COX18",,"0.0129523742411342",,"false","COX18"
"AIMP1","AIMP1","AIMP1",,"0.0019557411485153",,"false","AIMP1"
"CFL2","CFL2","CFL2",,"0.0",,"false","CFL2"
"USP19","USP19","USP19",,"1.23031496062992E-4",,"false","USP19"
"PSMD1","PSMD1","PSMD1",,"0.0",,"false","PSMD1"
"RHOG","RHOG","RHOG",,"6.76673228346457E-4",,"false","RHOG"
"SIVA1","SIVA1","SIVA1",,"0.0246129177736069",,"false","SIVA1"
"GALT","GALT","GALT",,"0.0",,"false","GALT"
"LCNL1","LCNL1","LCNL1",,"6.76673228346457E-4",,"false","LCNL1"
"HOMEZ","HOMEZ","HOMEZ",,"0.0",,"false","HOMEZ"
"ENSG00000245498.7","ENSG00000245498.7","ENSG00000245498.7",,"9.84251968503937E-4",,"false","ENSG00000245498.7"
"HOXA10","HOXA10","HOXA10",,"0.00318605610914523",,"false","HOXA10"
"HAUS4","HAUS4","HAUS4",,"1.84547244094488E-4",,"false","HAUS4"
"YY1","YY1","YY1",,"0.0",,"false","YY1"
"STK24","STK24","STK24",,"6.76673228346457E-4",,"false","STK24"
"BTN2A1","BTN2A1","BTN2A1",,"0.00437986495252167",,"false","BTN2A1"
"NCOA5","NCOA5","NCOA5",,"0.00907955548748626",,"false","NCOA5"
"SYT11","SYT11","SYT11",,"0.00605303699165751",,"false","SYT11"
"YTHDF1","YTHDF1","YTHDF1",,"0.0",,"false","YTHDF1"
"WASF2","WASF2","WASF2",,"4.92125984251968E-4",,"false","WASF2"
"ARL5A","ARL5A","ARL5A",,"0.00499502243283663",,"false","ARL5A"
"PTK2","PTK2","PTK2",,"0.00654516297590948",,"false","PTK2"
"POLH","POLH","POLH",,"4.92125984251968E-4",,"false","POLH"
"TTLL11","TTLL11","TTLL11",,"5.53641732283465E-4",,"false","TTLL11"
"GCC1","GCC1","GCC1",,"0.00110728346456693",,"false","GCC1"
"JPT1","JPT1","JPT1",,"6.15157480314961E-4",,"false","JPT1"
"ENSG00000283341.3","ENSG00000283341.3","ENSG00000283341.3",,"9.84251968503937E-4",,"false","ENSG00000283341.3"
"LMBR1","LMBR1","LMBR1",,"0.0179868105731635",,"false","LMBR1"
"TTI2","TTI2","TTI2",,"0.0112448535108741",,"false","TTI2"
"ZSCAN29","ZSCAN29","ZSCAN29",,"0.00391148229703061",,"false","ZSCAN29"
"BRD4","BRD4","BRD4",,"0.0217570083155044",,"false","BRD4"
"ARL5B","ARL5B","ARL5B",,"4.30610236220472E-4",,"false","ARL5B"
"HSP90AA2P","HSP90AA2P","HSP90AA2P",,"0.0114595254779758",,"false","HSP90AA2P"
