contrast,collection,database,set_id,set,set_short,set_size,set_size_DB,size_ratio,set_size_in_input,input_size,background_size,p_value,adj_p_value
Muscle_only,PTMSIGDB,PTMSIGDB_KINASE-iKiP,15276,PTMSIGDB_KINASE-iKiP_MAPK3.ERK1,PTMSIGDB_KINASE-iKiP_MAPK3.ERK1,120,304,0.395,67,3836,15818,1.0771E-13,5.22394E-11
Muscle_only,PTMSIGDB,PTMSIGDB_KINASE-iKiP,15273,PTMSIGDB_KINASE-iKiP_MAPK13,PTMSIGDB_KINASE-iKiP_MAPK13,158,413,0.383,78,3836,15818,5.85748E-12,1.42044E-09
Muscle_only,PTMSIGDB,PTMSIGDB_KINASE-iKiP,15279,PTMSIGDB_KINASE-iKiP_MAPK9.JNK2,PTMSIGDB_KINASE-iKiP_MAPK9.JNK2,98,258,0.38,54,3836,15818,5.16404E-11,8.34853E-09
Muscle_only,PTMSIGDB,PTMSIGDB_KINASE-iKiP,15269,PTMSIGDB_KINASE-iKiP_MAPK1.ERK2,PTMSIGDB_KINASE-iKiP_MAPK1.ERK2,174,448,0.388,79,3836,15818,7.56249E-10,9.16952E-08
Muscle_only,PTMSIGDB,PTMSIGDB_PERT-P100-DIA2,15580,PTMSIGDB_PERT-P100-DIA2_TRETINOIN,PTMSIGDB_PERT-P100-DIA2_TRETINOIN,108,225,0.48,55,3836,15818,1.76476E-09,1.71182E-07
Muscle_only,PTMSIGDB,PTMSIGDB_KINASE-PSP,14925,PTMSIGDB_KINASE-PSP_ERK1/MAPK3,PTMSIGDB_KINASE-PSP_ERK1/MAPK3,68,384,0.177,39,3836,15818,5.24688E-09,4.24123E-07
Muscle_only,PTMSIGDB,PTMSIGDB_KINASE-iKiP,15272,PTMSIGDB_KINASE-iKiP_MAPK12,PTMSIGDB_KINASE-iKiP_MAPK12,153,430,0.356,69,3836,15818,1.23766E-08,8.57519E-07
Muscle_only,PTMSIGDB,PTMSIGDB_KINASE-PSP,14946,PTMSIGDB_KINASE-PSP_GSK3B,PTMSIGDB_KINASE-PSP_GSK3B,55,363,0.152,33,3836,15818,1.68675E-08,1.02259E-06
Muscle_only,PTMSIGDB,PTMSIGDB_KINASE-PSP,14926,PTMSIGDB_KINASE-PSP_ERK2/MAPK1,PTMSIGDB_KINASE-PSP_ERK2/MAPK1,79,441,0.179,41,3836,15818,1.02058E-07,5.24631E-06
Muscle_only,PTMSIGDB,PTMSIGDB_KINASE-iKiP,15278,PTMSIGDB_KINASE-iKiP_MAPK8.JNK1,PTMSIGDB_KINASE-iKiP_MAPK8.JNK1,136,380,0.358,61,3836,15818,1.08171E-07,5.24631E-06
Muscle_only,PTMSIGDB,PTMSIGDB_KINASE-iKiP,15274,PTMSIGDB_KINASE-iKiP_MAPK14,PTMSIGDB_KINASE-iKiP_MAPK14,112,294,0.381,49,3836,15818,4.45485E-06,0.000196418
Muscle_only,PTMSIGDB,PTMSIGDB_PERT-P100-DIA2,15573,PTMSIGDB_PERT-P100-DIA2_STAUROSPORINE,PTMSIGDB_PERT-P100-DIA2_STAUROSPORINE,252,597,0.422,92,3836,15818,7.98228E-06,0.000322617
Muscle_only,PTMSIGDB,PTMSIGDB_KINASE-iKiP,15270,PTMSIGDB_KINASE-iKiP_MAPK10.JNK3,PTMSIGDB_KINASE-iKiP_MAPK10.JNK3,72,164,0.439,34,3836,15818,1.79785E-05,0.000670735
Muscle_only,PTMSIGDB,PTMSIGDB_PATH-BI,15425,PTMSIGDB_PATH-BI_ISCHEMIA,PTMSIGDB_PATH-BI_ISCHEMIA,87,163,0.534,39,3836,15818,2.06427E-05,0.000715121
Muscle_only,PTMSIGDB,PTMSIGDB_PERT-P100-DIA2,15548,PTMSIGDB_PERT-P100-DIA2_OLMESARTAN,PTMSIGDB_PERT-P100-DIA2_OLMESARTAN,83,192,0.432,37,3836,15818,3.86914E-05,0.001198487
Muscle_only,PTMSIGDB,PTMSIGDB_KINASE-PSP,14895,PTMSIGDB_KINASE-PSP_CDK5,PTMSIGDB_KINASE-PSP_CDK5,38,157,0.242,21,3836,15818,3.95377E-05,0.001198487
Muscle_only,PTMSIGDB,PTMSIGDB_KINASE-PSP,14892,PTMSIGDB_KINASE-PSP_CDK2,PTMSIGDB_KINASE-PSP_CDK2,60,420,0.143,29,3836,15818,4.26116E-05,0.001215685
Muscle_only,PTMSIGDB,PTMSIGDB_PERT-P100-DIA2,15542,PTMSIGDB_PERT-P100-DIA2_MOMELOTINIB,PTMSIGDB_PERT-P100-DIA2_MOMELOTINIB,85,181,0.47,37,3836,15818,7.22995E-05,0.00194807
Muscle_only,PTMSIGDB,PTMSIGDB_DISEASE-PSP,14792,PTMSIGDB_DISEASE-PSP_PSP,PTMSIGDB_DISEASE-PSP_PSP,9,14,0.643,8,3836,15818,8.40238E-05,0.002144817
Muscle_only,PTMSIGDB,PTMSIGDB_PERT-P100-DIA2,15520,PTMSIGDB_PERT-P100-DIA2_GEFITINIB,PTMSIGDB_PERT-P100-DIA2_GEFITINIB,95,205,0.463,40,3836,15818,9.2654E-05,0.002239908
Muscle_only,PTMSIGDB,PTMSIGDB_KINASE-PSP,15018,PTMSIGDB_KINASE-PSP_P38D/MAPK13,PTMSIGDB_KINASE-PSP_P38D/MAPK13,11,20,0.55,9,3836,15818,9.69857E-05,0.002239908
Muscle_only,PTMSIGDB,PTMSIGDB_DISEASE-PSP,14793,PTMSIGDB_DISEASE-PSP_Parkinsons_disease,PTMSIGDB_DISEASE-PSP_Parkinsons_disease,18,47,0.383,12,3836,15818,0.000167656,0.003570172
Muscle_only,PTMSIGDB,PTMSIGDB_KINASE-iKiP,15184,PTMSIGDB_KINASE-iKiP_DYRK2,PTMSIGDB_KINASE-iKiP_DYRK2,129,402,0.321,50,3836,15818,0.000169307,0.003570172
Muscle_only,PTMSIGDB,PTMSIGDB_KINASE-PSP,15016,PTMSIGDB_KINASE-PSP_P38A/MAPK14,PTMSIGDB_KINASE-PSP_P38A/MAPK14,28,220,0.127,16,3836,15818,0.000195964,0.003960102
Muscle_only,PTMSIGDB,PTMSIGDB_PERT-P100-DIA2,15534,PTMSIGDB_PERT-P100-DIA2_KN-93,PTMSIGDB_PERT-P100-DIA2_KN-93,65,141,0.461,29,3836,15818,0.000252853,0.004750431
Muscle_only,PTMSIGDB,PTMSIGDB_PERT-P100-DIA2,15507,PTMSIGDB_PERT-P100-DIA2_DMSO,PTMSIGDB_PERT-P100-DIA2_DMSO,242,588,0.412,83,3836,15818,0.000254662,0.004750431
Muscle_only,PTMSIGDB,PTMSIGDB_KINASE-PSP,14945,PTMSIGDB_KINASE-PSP_GSK3A,PTMSIGDB_KINASE-PSP_GSK3A,12,73,0.164,9,3836,15818,0.000303898,0.005458901
Muscle_only,PTMSIGDB,PTMSIGDB_PERT-P100-DIA2,15508,PTMSIGDB_PERT-P100-DIA2_DOXORUBICIN,PTMSIGDB_PERT-P100-DIA2_DOXORUBICIN,107,245,0.437,42,3836,15818,0.000396555,0.006868905
Muscle_only,PTMSIGDB,PTMSIGDB_PERT-P100-DIA2,15567,PTMSIGDB_PERT-P100-DIA2_SEMAGACESTAT,PTMSIGDB_PERT-P100-DIA2_SEMAGACESTAT,82,178,0.461,34,3836,15818,0.00042567,0.00703954
Muscle_only,PTMSIGDB,PTMSIGDB_KINASE-PSP,14888,PTMSIGDB_KINASE-PSP_CDK1,PTMSIGDB_KINASE-PSP_CDK1,101,660,0.153,40,3836,15818,0.000435435,0.00703954
Muscle_only,PTMSIGDB,PTMSIGDB_PERT-P100-DIA2,15488,PTMSIGDB_PERT-P100-DIA2_C646_(CHEMBL1797936),PTMSIGDB_PERT-P100-DIA2_C646_(CHEMBL1797936),67,146,0.459,29,3836,15818,0.000472226,0.007388059
Muscle_only,PTMSIGDB,PTMSIGDB_PERT-P100-DIA2,15574,PTMSIGDB_PERT-P100-DIA2_TACROLIMUS,PTMSIGDB_PERT-P100-DIA2_TACROLIMUS,89,198,0.449,36,3836,15818,0.000515781,0.007817301
Muscle_only,PTMSIGDB,PTMSIGDB_KINASE-PSP,15108,PTMSIGDB_KINASE-PSP_mTOR/MTOR,PTMSIGDB_KINASE-PSP_mTOR/MTOR,41,124,0.331,20,3836,15818,0.000554803,0.008153924
Muscle_only,PTMSIGDB,PTMSIGDB_KINASE-iKiP,15309,PTMSIGDB_KINASE-iKiP_NLK,PTMSIGDB_KINASE-iKiP_NLK,44,131,0.336,21,3836,15818,0.000588706,0.008397717
Muscle_only,PTMSIGDB,PTMSIGDB_KINASE-PSP,15109,PTMSIGDB_KINASE-PSP_p70S6K/RPS6KB1,PTMSIGDB_KINASE-PSP_p70S6K/RPS6KB1,15,52,0.288,10,3836,15818,0.000608529,0.008432472
Muscle_only,PTMSIGDB,PTMSIGDB_KINASE-PSP,14976,PTMSIGDB_KINASE-PSP_MAPKAPK2,PTMSIGDB_KINASE-PSP_MAPKAPK2,20,76,0.263,12,3836,15818,0.000690968,0.009308875
Muscle_only,PTMSIGDB,PTMSIGDB_PERT-P100-DIA2,15589,PTMSIGDB_PERT-P100-DIA2_VORINOSTAT,PTMSIGDB_PERT-P100-DIA2_VORINOSTAT,222,556,0.399,75,3836,15818,0.000805545,0.010496848
Muscle_only,PTMSIGDB,PTMSIGDB_KINASE-PSP,14978,PTMSIGDB_KINASE-PSP_MARK1,PTMSIGDB_KINASE-PSP_MARK1,5,13,0.385,5,3836,15818,0.0008371,0.010496848
Muscle_only,PTMSIGDB,PTMSIGDB_PERT-P100-DIA2,15576,PTMSIGDB_PERT-P100-DIA2_TBB,PTMSIGDB_PERT-P100-DIA2_TBB,69,146,0.473,29,3836,15818,0.000844076,0.010496848
Muscle_only,PTMSIGDB,PTMSIGDB_PERT-P100-DIA2,15533,PTMSIGDB_PERT-P100-DIA2_KN-62,PTMSIGDB_PERT-P100-DIA2_KN-62,60,200,0.3,26,3836,15818,0.000890927,0.010802488
Muscle_only,PTMSIGDB,PTMSIGDB_PERT-P100-DIA2,15497,PTMSIGDB_PERT-P100-DIA2_CPI-169,PTMSIGDB_PERT-P100-DIA2_CPI-169,92,170,0.541,36,3836,15818,0.001065037,0.012598608
Muscle_only,PTMSIGDB,PTMSIGDB_DISEASE-PSP,14780,PTMSIGDB_DISEASE-PSP_DLB,PTMSIGDB_DISEASE-PSP_DLB,9,15,0.6,7,3836,15818,0.001099619,0.012687641
Muscle_only,PTMSIGDB,PTMSIGDB_KINASE-PSP,15017,PTMSIGDB_KINASE-PSP_P38B/MAPK11,PTMSIGDB_KINASE-PSP_P38B/MAPK11,7,34,0.206,6,3836,15818,0.001124884,0.012687641
Muscle_only,PTMSIGDB,PTMSIGDB_DISEASE-PSP,14776,PTMSIGDB_DISEASE-PSP_Alzheimers_disease,PTMSIGDB_DISEASE-PSP_Alzheimers_disease,43,135,0.319,20,3836,15818,0.00118653,0.013078794
Muscle_only,PTMSIGDB,PTMSIGDB_PERT-P100-DIA2,15546,PTMSIGDB_PERT-P100-DIA2_OKADAIC_ACID,PTMSIGDB_PERT-P100-DIA2_OKADAIC_ACID,84,185,0.454,33,3836,15818,0.001559125,0.016803898
Muscle_only,PTMSIGDB,PTMSIGDB_PERT-P100-DIA2,15487,PTMSIGDB_PERT-P100-DIA2_BYL719,PTMSIGDB_PERT-P100-DIA2_BYL719,59,141,0.418,25,3836,15818,0.001633337,0.016885513
Muscle_only,PTMSIGDB,PTMSIGDB_PERT-P100-DIA2,15530,PTMSIGDB_PERT-P100-DIA2_IPI145,PTMSIGDB_PERT-P100-DIA2_IPI145,81,202,0.401,32,3836,15818,0.001636328,0.016885513
Muscle_only,PTMSIGDB,PTMSIGDB_PERT-P100-DIA2,15587,PTMSIGDB_PERT-P100-DIA2_VERAPAMIL,PTMSIGDB_PERT-P100-DIA2_VERAPAMIL,78,169,0.462,31,3836,15818,0.001714572,0.017324325
Muscle_only,PTMSIGDB,PTMSIGDB_PERT-P100-DIA2,15536,PTMSIGDB_PERT-P100-DIA2_LAPATINIB,PTMSIGDB_PERT-P100-DIA2_LAPATINIB,85,208,0.409,33,3836,15818,0.001963992,0.019439508
Muscle_only,PTMSIGDB,PTMSIGDB_KINASE-iKiP,15282,PTMSIGDB_KINASE-iKiP_MAPKAPK5,PTMSIGDB_KINASE-iKiP_MAPKAPK5,60,141,0.426,25,3836,15818,0.002163629,0.020693482
Muscle_only,PTMSIGDB,PTMSIGDB_PERT-P100-DIA2,15509,PTMSIGDB_PERT-P100-DIA2_ENDOTHELIN,PTMSIGDB_PERT-P100-DIA2_ENDOTHELIN,79,204,0.387,31,3836,15818,0.002176016,0.020693482
Muscle_only,PTMSIGDB,PTMSIGDB_PERT-P100-DIA2,15519,PTMSIGDB_PERT-P100-DIA2_FLECAINIDE,PTMSIGDB_PERT-P100-DIA2_FLECAINIDE,89,204,0.436,34,3836,15818,0.002322132,0.021658346
Muscle_only,PTMSIGDB,PTMSIGDB_PERT-P100-DIA2,15575,PTMSIGDB_PERT-P100-DIA2_TAXOL,PTMSIGDB_PERT-P100-DIA2_TAXOL,70,183,0.383,28,3836,15818,0.002507892,0.022949581
Muscle_only,PTMSIGDB,PTMSIGDB_PERT-P100-DIA2,15586,PTMSIGDB_PERT-P100-DIA2_VEMURAFENIB,PTMSIGDB_PERT-P100-DIA2_VEMURAFENIB,64,150,0.427,26,3836,15818,0.002728048,0.024501909
Muscle_only,PTMSIGDB,PTMSIGDB_PERT-P100-DIA2,15503,PTMSIGDB_PERT-P100-DIA2_DAUNORUBICIN,PTMSIGDB_PERT-P100-DIA2_DAUNORUBICIN,100,262,0.382,37,3836,15818,0.002934359,0.025875708
Muscle_only,PTMSIGDB,PTMSIGDB_KINASE-iKiP,15153,PTMSIGDB_KINASE-iKiP_CDK5-CDK5R1p25,PTMSIGDB_KINASE-iKiP_CDK5-CDK5R1p25,74,190,0.389,29,3836,15818,0.003041624,0.026342634
Muscle_only,PTMSIGDB,PTMSIGDB_KINASE-iKiP,15281,PTMSIGDB_KINASE-iKiP_MAPKAPK3,PTMSIGDB_KINASE-iKiP_MAPKAPK3,52,167,0.311,22,3836,15818,0.003107116,0.026437739
Muscle_only,PTMSIGDB,PTMSIGDB_KINASE-iKiP,15271,PTMSIGDB_KINASE-iKiP_MAPK11,PTMSIGDB_KINASE-iKiP_MAPK11,81,212,0.382,31,3836,15818,0.003424468,0.02863564
Muscle_only,PTMSIGDB,PTMSIGDB_PERT-P100-DIA2,15588,PTMSIGDB_PERT-P100-DIA2_VERTEPORFIN,PTMSIGDB_PERT-P100-DIA2_VERTEPORFIN,88,195,0.451,33,3836,15818,0.003764075,0.030941976
Muscle_only,PTMSIGDB,PTMSIGDB_PERT-PSP,15644,PTMSIGDB_PERT-PSP_EGF,PTMSIGDB_PERT-PSP_EGF,56,165,0.339,23,3836,15818,0.003974142,0.032124314
Muscle_only,PTMSIGDB,PTMSIGDB_PERT-P100-DIA2,15572,PTMSIGDB_PERT-P100-DIA2_SP600125,PTMSIGDB_PERT-P100-DIA2_SP600125,72,158,0.456,28,3836,15818,0.004040953,0.03212889
Muscle_only,PTMSIGDB,PTMSIGDB_PERT-P100-DIA2,15571,PTMSIGDB_PERT-P100-DIA2_SOTRASTAURIN,PTMSIGDB_PERT-P100-DIA2_SOTRASTAURIN,82,170,0.482,31,3836,15818,0.004248577,0.033234835
Muscle_only,PTMSIGDB,PTMSIGDB_PERT-P100-DIA2,15490,PTMSIGDB_PERT-P100-DIA2_CALPAIN_INHIBITOR_II,PTMSIGDB_PERT-P100-DIA2_CALPAIN_INHIBITOR_II,66,139,0.475,26,3836,15818,0.004481658,0.033904381
Muscle_only,PTMSIGDB,PTMSIGDB_PERT-P100-DIA2,15561,PTMSIGDB_PERT-P100-DIA2_ROLIPRAM,PTMSIGDB_PERT-P100-DIA2_ROLIPRAM,79,164,0.482,30,3836,15818,0.004508757,0.033904381
Muscle_only,PTMSIGDB,PTMSIGDB_KINASE-PSP,14920,PTMSIGDB_KINASE-PSP_DYRK1A,PTMSIGDB_KINASE-PSP_DYRK1A,13,39,0.333,8,3836,15818,0.004601625,0.033904381
Muscle_only,PTMSIGDB,PTMSIGDB_PERT-P100-DIA2,15498,PTMSIGDB_PERT-P100-DIA2_CRIZOTINIB,PTMSIGDB_PERT-P100-DIA2_CRIZOTINIB,89,234,0.38,33,3836,15818,0.004613792,0.033904381
Muscle_only,PTMSIGDB,PTMSIGDB_KINASE-iKiP,15146,PTMSIGDB_KINASE-iKiP_CDK1-CCNB1,PTMSIGDB_KINASE-iKiP_CDK1-CCNB1,93,253,0.368,34,3836,15818,0.005261908,0.038089931
Muscle_only,PTMSIGDB,PTMSIGDB_KINASE-iKiP,15148,PTMSIGDB_KINASE-iKiP_CDK2-CCNA2,PTMSIGDB_KINASE-iKiP_CDK2-CCNA2,48,151,0.318,20,3836,15818,0.005780984,0.041232016
Muscle_only,PTMSIGDB,PTMSIGDB_PERT-PSP,15723,PTMSIGDB_PERT-PSP_UV,PTMSIGDB_PERT-PSP_UV,16,84,0.19,9,3836,15818,0.006002393,0.042190732
Muscle_only,PTMSIGDB,PTMSIGDB_KINASE-PSP,14965,PTMSIGDB_KINASE-PSP_JNK2/MAPK9,PTMSIGDB_KINASE-PSP_JNK2/MAPK9,11,62,0.177,7,3836,15818,0.006297379,0.043631841
Muscle_only,PTMSIGDB,PTMSIGDB_PERT-P100-DIA2,15486,PTMSIGDB_PERT-P100-DIA2_BOSUTINIB,PTMSIGDB_PERT-P100-DIA2_BOSUTINIB,111,259,0.429,39,3836,15818,0.006413754,0.04381226
Muscle_only,PTMSIGDB,PTMSIGDB_PERT-P100-DIA2,15541,PTMSIGDB_PERT-P100-DIA2_MILRINONE,PTMSIGDB_PERT-P100-DIA2_MILRINONE,91,211,0.431,33,3836,15818,0.006803296,0.045827757
Muscle_only,PTMSIGDB,PTMSIGDB_PERT-P100-DIA2,15583,PTMSIGDB_PERT-P100-DIA2_UNC-0646,PTMSIGDB_PERT-P100-DIA2_UNC-0646,65,145,0.448,25,3836,15818,0.007514743,0.049926718
Muscle_only,PTMSIGDB,PTMSIGDB_PERT-P100-DIA2,15480,PTMSIGDB_PERT-P100-DIA2_BELINOSTAT,PTMSIGDB_PERT-P100-DIA2_BELINOSTAT,46,111,0.414,19,3836,15818,0.007875512,0.051616531
Muscle_only,PTMSIGDB,PTMSIGDB_PERT-P100-DIA2,15528,PTMSIGDB_PERT-P100-DIA2_IBRUTINIB,PTMSIGDB_PERT-P100-DIA2_IBRUTINIB,82,207,0.396,30,3836,15818,0.008322407,0.053614303
Muscle_only,PTMSIGDB,PTMSIGDB_PERT-P100-DIA2,15557,PTMSIGDB_PERT-P100-DIA2_REGORAFENIB,PTMSIGDB_PERT-P100-DIA2_REGORAFENIB,99,253,0.391,35,3836,15818,0.008505891,0.053614303
Muscle_only,PTMSIGDB,PTMSIGDB_PERT-PSP,15720,PTMSIGDB_PERT-PSP_TORIN1,PTMSIGDB_PERT-PSP_TORIN1,9,12,0.75,6,3836,15818,0.008511961,0.053614303
Muscle_only,PTMSIGDB,PTMSIGDB_PERT-P100-DIA2,15523,PTMSIGDB_PERT-P100-DIA2_GOSSYPETIN,PTMSIGDB_PERT-P100-DIA2_GOSSYPETIN,69,155,0.445,26,3836,15818,0.008804166,0.05474385
Muscle_only,PTMSIGDB,PTMSIGDB_PERT-P100-DIA2,15570,PTMSIGDB_PERT-P100-DIA2_SORAFENIB,PTMSIGDB_PERT-P100-DIA2_SORAFENIB,80,209,0.383,29,3836,15818,0.010787175,0.065549938
Muscle_only,PTMSIGDB,PTMSIGDB_PERT-P100-DIA2,15500,PTMSIGDB_PERT-P100-DIA2_CYCLOSPORINE,PTMSIGDB_PERT-P100-DIA2_CYCLOSPORINE,104,240,0.433,36,3836,15818,0.01108867,0.065549938
Muscle_only,PTMSIGDB,PTMSIGDB_PERT-P100-DIA2,15485,PTMSIGDB_PERT-P100-DIA2_BORTEZOMIB,PTMSIGDB_PERT-P100-DIA2_BORTEZOMIB,57,141,0.404,22,3836,15818,0.011198144,0.065549938
Muscle_only,PTMSIGDB,PTMSIGDB_DISEASE-PSP,14811,PTMSIGDB_DISEASE-PSP_clear_cell_kidney_cancer,PTMSIGDB_DISEASE-PSP_clear_cell_kidney_cancer,7,10,0.7,5,3836,15818,0.011217824,0.065549938
Muscle_only,PTMSIGDB,PTMSIGDB_PERT-P100-PRM,15615,PTMSIGDB_PERT-P100-PRM_VORINOSTAT,PTMSIGDB_PERT-P100-PRM_VORINOSTAT,7,8,0.875,5,3836,15818,0.011217824,0.065549938
Muscle_only,PTMSIGDB,PTMSIGDB_KINASE-iKiP,15154,PTMSIGDB_KINASE-iKiP_CDK5-CDK5R1p35,PTMSIGDB_KINASE-iKiP_CDK5-CDK5R1p35,67,186,0.36,25,3836,15818,0.011567316,0.066001746
Muscle_only,PTMSIGDB,PTMSIGDB_PERT-P100-DIA2,15529,PTMSIGDB_PERT-P100-DIA2_IMATINIB,PTMSIGDB_PERT-P100-DIA2_IMATINIB,67,170,0.394,25,3836,15818,0.011567316,0.066001746
Muscle_only,PTMSIGDB,PTMSIGDB_PERT-P100-DIA2,15478,PTMSIGDB_PERT-P100-DIA2_AXITINIB,PTMSIGDB_PERT-P100-DIA2_AXITINIB,112,279,0.401,38,3836,15818,0.01312998,0.072616631
Muscle_only,PTMSIGDB,PTMSIGDB_KINASE-PSP,14902,PTMSIGDB_KINASE-PSP_CK1D/CSNK1D,PTMSIGDB_KINASE-PSP_CK1D/CSNK1D,5,81,0.062,4,3836,15818,0.013924426,0.072616631
Muscle_only,PTMSIGDB,PTMSIGDB_KINASE-PSP,14989,PTMSIGDB_KINASE-PSP_MKK6/MAP2K6,PTMSIGDB_KINASE-PSP_MKK6/MAP2K6,5,10,0.5,4,3836,15818,0.013924426,0.072616631
Muscle_only,PTMSIGDB,PTMSIGDB_KINASE-PSP,15019,PTMSIGDB_KINASE-PSP_P38G/MAPK12,PTMSIGDB_KINASE-PSP_P38G/MAPK12,5,27,0.185,4,3836,15818,0.013924426,0.072616631
Muscle_only,PTMSIGDB,PTMSIGDB_PATH-NP,15455,PTMSIGDB_PATH-NP_TNF_ALPHA_PATHWAY,PTMSIGDB_PATH-NP_TNF_ALPHA_PATHWAY,5,13,0.385,4,3836,15818,0.013924426,0.072616631
Muscle_only,PTMSIGDB,PTMSIGDB_PATH-NP,15456,PTMSIGDB_PATH-NP_TSH_PATHWAY,PTMSIGDB_PATH-NP_TSH_PATHWAY,5,13,0.385,4,3836,15818,0.013924426,0.072616631
Muscle_only,PTMSIGDB,PTMSIGDB_PERT-P100-PRM,15606,PTMSIGDB_PERT-P100-PRM_KN-93,PTMSIGDB_PERT-P100-PRM_KN-93,5,5,1,4,3836,15818,0.013924426,0.072616631
Muscle_only,PTMSIGDB,PTMSIGDB_PERT-PSP,15629,PTMSIGDB_PERT-PSP_ARSENITE,PTMSIGDB_PERT-PSP_ARSENITE,5,9,0.556,4,3836,15818,0.013924426,0.072616631
Muscle_only,PTMSIGDB,PTMSIGDB_PERT-P100-DIA2,15544,PTMSIGDB_PERT-P100-DIA2_NICLOSAMIDE,PTMSIGDB_PERT-P100-DIA2_NICLOSAMIDE,55,118,0.466,21,3836,15818,0.01488676,0.076809347
Muscle_only,PTMSIGDB,PTMSIGDB_PERT-P100-DIA2,15559,PTMSIGDB_PERT-P100-DIA2_RGFP966,PTMSIGDB_PERT-P100-DIA2_RGFP966,82,161,0.509,29,3836,15818,0.01554854,0.079379388
Muscle_only,PTMSIGDB,PTMSIGDB_PERT-P100-DIA2,15489,PTMSIGDB_PERT-P100-DIA2_CABOZANTINIB,PTMSIGDB_PERT-P100-DIA2_CABOZANTINIB,86,188,0.457,30,3836,15818,0.017180387,0.08571938
Muscle_only,PTMSIGDB,PTMSIGDB_PERT-P100-DIA2,15494,PTMSIGDB_PERT-P100-DIA2_CHIR99021,PTMSIGDB_PERT-P100-DIA2_CHIR99021,59,148,0.399,22,3836,15818,0.017320617,0.08571938
Muscle_only,PTMSIGDB,PTMSIGDB_PERT-P100-DIA2,15532,PTMSIGDB_PERT-P100-DIA2_JQ1-S,PTMSIGDB_PERT-P100-DIA2_JQ1-S,59,131,0.45,22,3836,15818,0.017320617,0.08571938
Muscle_only,PTMSIGDB,PTMSIGDB_PERT-P100-DIA2,15569,PTMSIGDB_PERT-P100-DIA2_SMER-3,PTMSIGDB_PERT-P100-DIA2_SMER-3,76,157,0.484,27,3836,15818,0.017965103,0.088010857
Muscle_only,PTMSIGDB,PTMSIGDB_PERT-P100-DIA2,15535,PTMSIGDB_PERT-P100-DIA2_KU-55933,PTMSIGDB_PERT-P100-DIA2_KU-55933,56,110,0.509,21,3836,15818,0.018498686,0.089718627
Muscle_only,PTMSIGDB,PTMSIGDB_PERT-PSP,15691,PTMSIGDB_PERT-PSP_OKADAIC_ACID,PTMSIGDB_PERT-PSP_OKADAIC_ACID,13,41,0.317,7,3836,15818,0.020563813,0.098747023
Muscle_only,PTMSIGDB,PTMSIGDB_PERT-P100-DIA2,15505,PTMSIGDB_PERT-P100-DIA2_DEXAMETHASONE,PTMSIGDB_PERT-P100-DIA2_DEXAMETHASONE,50,115,0.435,19,3836,15818,0.02104852,0.099019924
Muscle_only,PTMSIGDB,PTMSIGDB_PERT-P100-DIA2,15547,PTMSIGDB_PERT-P100-DIA2_OLAPARIB,PTMSIGDB_PERT-P100-DIA2_OLAPARIB,50,103,0.485,19,3836,15818,0.02104852,0.099019924
Muscle_only,PTMSIGDB,PTMSIGDB_PATH-NP,15457,PTMSIGDB_PATH-NP_TSLP_PATHWAY,PTMSIGDB_PATH-NP_TSLP_PATHWAY,60,182,0.33,22,3836,15818,0.021233138,0.099019924
Muscle_only,PTMSIGDB,PTMSIGDB_KINASE-PSP,14964,PTMSIGDB_KINASE-PSP_JNK1/MAPK8,PTMSIGDB_KINASE-PSP_JNK1/MAPK8,19,161,0.118,9,3836,15818,0.023688843,0.108776757
Muscle_only,PTMSIGDB,PTMSIGDB_KINASE-iKiP,15289,PTMSIGDB_KINASE-iKiP_MELK,PTMSIGDB_KINASE-iKiP_MELK,8,25,0.32,5,3836,15818,0.023963532,0.108776757
Muscle_only,PTMSIGDB,PTMSIGDB_KINASE-iKiP,15227,PTMSIGDB_KINASE-iKiP_HIPK3,PTMSIGDB_KINASE-iKiP_HIPK3,22,37,0.595,10,3836,15818,0.023998171,0.108776757
Muscle_only,PTMSIGDB,PTMSIGDB_PERT-P100-DIA2,15524,PTMSIGDB_PERT-P100-DIA2_GSK-J4,PTMSIGDB_PERT-P100-DIA2_GSK-J4,41,80,0.512,16,3836,15818,0.025306604,0.112977582
Muscle_only,PTMSIGDB,PTMSIGDB_KINASE-iKiP,15182,PTMSIGDB_KINASE-iKiP_DYRK1A,PTMSIGDB_KINASE-iKiP_DYRK1A,78,154,0.506,27,3836,15818,0.025390838,0.112977582
Muscle_only,PTMSIGDB,PTMSIGDB_PERT-P100-DIA2,15493,PTMSIGDB_PERT-P100-DIA2_CERITINIB,PTMSIGDB_PERT-P100-DIA2_CERITINIB,85,215,0.395,29,3836,15818,0.025682438,0.113236202
Muscle_only,PTMSIGDB,PTMSIGDB_KINASE-iKiP,15356,PTMSIGDB_KINASE-iKiP_PRKD3,PTMSIGDB_KINASE-iKiP_PRKD3,32,112,0.286,13,3836,15818,0.029790621,0.129546946
Muscle_only,PTMSIGDB,PTMSIGDB_PERT-P100-DIA2,15565,PTMSIGDB_PERT-P100-DIA2_SCH_900776,PTMSIGDB_PERT-P100-DIA2_SCH_900776,93,201,0.463,31,3836,15818,0.029915996,0.129546946
Muscle_only,PTMSIGDB,PTMSIGDB_DISEASE-PSP,14775,PTMSIGDB_DISEASE-PSP_ALS,PTMSIGDB_DISEASE-PSP_ALS,6,17,0.353,4,3836,15818,0.033756117,0.142349177
Muscle_only,PTMSIGDB,PTMSIGDB_KINASE-PSP,15096,PTMSIGDB_KINASE-PSP_ULK1,PTMSIGDB_KINASE-PSP_ULK1,6,71,0.085,4,3836,15818,0.033756117,0.142349177
Muscle_only,PTMSIGDB,PTMSIGDB_KINASE-iKiP,15217,PTMSIGDB_KINASE-iKiP_GRK1,PTMSIGDB_KINASE-iKiP_GRK1,6,25,0.24,4,3836,15818,0.033756117,0.142349177
Muscle_only,PTMSIGDB,PTMSIGDB_PERT-PSP,15678,PTMSIGDB_PERT-PSP_INSULIN,PTMSIGDB_PERT-PSP_INSULIN,39,77,0.506,15,3836,15818,0.034046401,0.142349177
Muscle_only,PTMSIGDB,PTMSIGDB_PERT-P100-DIA2,15496,PTMSIGDB_PERT-P100-DIA2_COMPOUND_E,PTMSIGDB_PERT-P100-DIA2_COMPOUND_E,87,194,0.448,29,3836,15818,0.034869782,0.144545676
Muscle_only,PTMSIGDB,PTMSIGDB_PERT-P100-DIA2,15531,PTMSIGDB_PERT-P100-DIA2_ISOPROTERENOL,PTMSIGDB_PERT-P100-DIA2_ISOPROTERENOL,84,185,0.454,28,3836,15818,0.037666866,0.154817204
Muscle_only,PTMSIGDB,PTMSIGDB_KINASE-PSP,14851,PTMSIGDB_KINASE-PSP_AMPKA1/PRKAA1,PTMSIGDB_KINASE-PSP_AMPKA1/PRKAA1,33,161,0.205,13,3836,15818,0.038530233,0.157034983
Muscle_only,PTMSIGDB,PTMSIGDB_PERT-P100-DIA2,15491,PTMSIGDB_PERT-P100-DIA2_CARFILZOMIB,PTMSIGDB_PERT-P100-DIA2_CARFILZOMIB,81,190,0.426,27,3836,15818,0.040704528,0.162279496
Muscle_only,PTMSIGDB,PTMSIGDB_PERT-P100-DIA2,15554,PTMSIGDB_PERT-P100-DIA2_PRAVASTATIN,PTMSIGDB_PERT-P100-DIA2_PRAVASTATIN,81,194,0.418,27,3836,15818,0.040704528,0.162279496
Muscle_only,PTMSIGDB,PTMSIGDB_KINASE-PSP,15110,PTMSIGDB_KINASE-PSP_p90RSK/RPS6KA1,PTMSIGDB_KINASE-PSP_p90RSK/RPS6KA1,30,73,0.411,12,3836,15818,0.040820822,0.162279496
Muscle_only,PTMSIGDB,PTMSIGDB_PERT-P100-DIA2,15553,PTMSIGDB_PERT-P100-DIA2_PONATINIB,PTMSIGDB_PERT-P100-DIA2_PONATINIB,99,215,0.46,32,3836,15818,0.042080033,0.165925335
Muscle_only,PTMSIGDB,PTMSIGDB_PERT-P100-DIA2,15562,PTMSIGDB_PERT-P100-DIA2_ROSCOVITINE,PTMSIGDB_PERT-P100-DIA2_ROSCOVITINE,85,169,0.503,28,3836,15818,0.043553954,0.168142386
Muscle_only,PTMSIGDB,PTMSIGDB_PERT-P100-DIA2,15585,PTMSIGDB_PERT-P100-DIA2_VANDETANIB,PTMSIGDB_PERT-P100-DIA2_VANDETANIB,85,213,0.399,28,3836,15818,0.043553954,0.168142386
Muscle_only,PTMSIGDB,PTMSIGDB_KINASE-iKiP,15159,PTMSIGDB_KINASE-iKiP_CDK9-CCNK,PTMSIGDB_KINASE-iKiP_CDK9-CCNK,64,115,0.557,22,3836,15818,0.043984829,0.168142386
Muscle_only,PTMSIGDB,PTMSIGDB_KINASE-iKiP,15186,PTMSIGDB_KINASE-iKiP_DYRK4,PTMSIGDB_KINASE-iKiP_DYRK4,121,272,0.445,38,3836,15818,0.044029037,0.168142386
Muscle_only,PTMSIGDB,PTMSIGDB_PERT-P100-DIA2,15564,PTMSIGDB_PERT-P100-DIA2_SALERMIDE,PTMSIGDB_PERT-P100-DIA2_SALERMIDE,54,118,0.458,19,3836,15818,0.046788173,0.177283311
Muscle_only,PTMSIGDB,PTMSIGDB_PERT-P100-DIA2,15495,PTMSIGDB_PERT-P100-DIA2_CI-994,PTMSIGDB_PERT-P100-DIA2_CI-994,61,153,0.399,21,3836,15818,0.047576674,0.178873543
Muscle_only,PTMSIGDB,PTMSIGDB_PERT-P100-DIA2,15582,PTMSIGDB_PERT-P100-DIA2_UNC-0321,PTMSIGDB_PERT-P100-DIA2_UNC-0321,44,84,0.524,16,3836,15818,0.048769072,0.181946152
Muscle_only,PTMSIGDB,PTMSIGDB_KINASE-iKiP,15137,PTMSIGDB_KINASE-iKiP_CAMK2B,PTMSIGDB_KINASE-iKiP_CAMK2B,51,103,0.495,18,3836,15818,0.050582495,0.18727107
Muscle_only,PTMSIGDB,PTMSIGDB_PERT-PSP,15708,PTMSIGDB_PERT-PSP_SII_ANGIOTENSIN_2,PTMSIGDB_PERT-PSP_SII_ANGIOTENSIN_2,31,36,0.861,12,3836,15818,0.052339574,0.192308283
Muscle_only,PTMSIGDB,PTMSIGDB_PERT-P100-DIA2,15579,PTMSIGDB_PERT-P100-DIA2_TRAMETINIB,PTMSIGDB_PERT-P100-DIA2_TRAMETINIB,108,215,0.502,34,3836,15818,0.052736966,0.192311493
Muscle_only,PTMSIGDB,PTMSIGDB_PERT-P100-DIA2,15556,PTMSIGDB_PERT-P100-DIA2_PS-1145,PTMSIGDB_PERT-P100-DIA2_PS-1145,80,181,0.442,26,3836,15818,0.058602087,0.212104568
Muscle_only,PTMSIGDB,PTMSIGDB_KINASE-iKiP,15275,PTMSIGDB_KINASE-iKiP_MAPK15.ERK7,PTMSIGDB_KINASE-iKiP_MAPK15.ERK7,22,65,0.338,9,3836,15818,0.062957853,0.224249847
Muscle_only,PTMSIGDB,PTMSIGDB_KINASE-PSP,14894,PTMSIGDB_KINASE-PSP_CDK4,PTMSIGDB_KINASE-PSP_CDK4,7,78,0.09,4,3836,15818,0.063807173,0.224249847
Muscle_only,PTMSIGDB,PTMSIGDB_KINASE-iKiP,15183,PTMSIGDB_KINASE-iKiP_DYRK1B,PTMSIGDB_KINASE-iKiP_DYRK1B,7,15,0.467,4,3836,15818,0.063807173,0.224249847
Muscle_only,PTMSIGDB,PTMSIGDB_PERT-PSP,15663,PTMSIGDB_PERT-PSP_H2O2,PTMSIGDB_PERT-PSP_H2O2,7,27,0.259,4,3836,15818,0.063807173,0.224249847
Muscle_only,PTMSIGDB,PTMSIGDB_PERT-P100-DIA2,15499,PTMSIGDB_PERT-P100-DIA2_CURCUMIN,PTMSIGDB_PERT-P100-DIA2_CURCUMIN,56,114,0.491,19,3836,15818,0.065847034,0.229477334
Muscle_only,PTMSIGDB,PTMSIGDB_DISEASE-PSP,14849,PTMSIGDB_DISEASE-PSP_type_2_diabetes,PTMSIGDB_DISEASE-PSP_type_2_diabetes,19,32,0.594,8,3836,15818,0.06624088,0.229477334
Muscle_only,PTMSIGDB,PTMSIGDB_PERT-PSP,15703,PTMSIGDB_PERT-PSP_RAPAMYCIN,PTMSIGDB_PERT-PSP_RAPAMYCIN,16,37,0.432,7,3836,15818,0.068950859,0.237171393
Muscle_only,PTMSIGDB,PTMSIGDB_PERT-P100-DIA2,15521,PTMSIGDB_PERT-P100-DIA2_GELDANAMYCIN,PTMSIGDB_PERT-P100-DIA2_GELDANAMYCIN,46,111,0.414,16,3836,15818,0.071041668,0.242642317
Muscle_only,PTMSIGDB,PTMSIGDB_PERT-P100-DIA2,15502,PTMSIGDB_PERT-P100-DIA2_DASATINIB,PTMSIGDB_PERT-P100-DIA2_DASATINIB,93,193,0.482,29,3836,15818,0.077190554,0.26180013
Muscle_only,PTMSIGDB,PTMSIGDB_KINASE-PSP,15021,PTMSIGDB_KINASE-PSP_PAK1,PTMSIGDB_KINASE-PSP_PAK1,23,77,0.299,9,3836,15818,0.081935423,0.272182741
Muscle_only,PTMSIGDB,PTMSIGDB_KINASE-iKiP,15229,PTMSIGDB_KINASE-iKiP_ICK,PTMSIGDB_KINASE-iKiP_ICK,23,96,0.24,9,3836,15818,0.081935423,0.272182741
Muscle_only,PTMSIGDB,PTMSIGDB_KINASE-iKiP,15354,PTMSIGDB_KINASE-iKiP_PRKD1,PTMSIGDB_KINASE-iKiP_PRKD1,23,66,0.348,9,3836,15818,0.081935423,0.272182741
Muscle_only,PTMSIGDB,PTMSIGDB_PERT-P100-DIA2,15540,PTMSIGDB_PERT-P100-DIA2_METHYLSTAT,PTMSIGDB_PERT-P100-DIA2_METHYLSTAT,40,95,0.421,14,3836,15818,0.083812304,0.27652359
Muscle_only,PTMSIGDB,PTMSIGDB_PERT-P100-DIA2,15511,PTMSIGDB_PERT-P100-DIA2_EPZ-5687,PTMSIGDB_PERT-P100-DIA2_EPZ-5687,44,108,0.407,15,3836,15818,0.091800705,0.300833393
Muscle_only,PTMSIGDB,PTMSIGDB_PERT-P100-DIA2,15513,PTMSIGDB_PERT-P100-DIA2_ERLOTINIB,PTMSIGDB_PERT-P100-DIA2_ERLOTINIB,102,224,0.455,31,3836,15818,0.092932778,0.30151836
Muscle_only,PTMSIGDB,PTMSIGDB_PERT-P100-DIA2,15482,PTMSIGDB_PERT-P100-DIA2_BIX-01338,PTMSIGDB_PERT-P100-DIA2_BIX-01338,62,132,0.47,20,3836,15818,0.0950884,0.30151836
Muscle_only,PTMSIGDB,PTMSIGDB_PERT-P100-DIA2,15591,PTMSIGDB_PERT-P100-DIA2_VX-970,PTMSIGDB_PERT-P100-DIA2_VX-970,62,175,0.354,20,3836,15818,0.0950884,0.30151836
Muscle_only,PTMSIGDB,PTMSIGDB_PATH-NP,15445,PTMSIGDB_PATH-NP_IL6_PATHWAY,PTMSIGDB_PATH-NP_IL6_PATHWAY,5,13,0.385,3,3836,15818,0.09573985,0.30151836
Muscle_only,PTMSIGDB,PTMSIGDB_PERT-P100-DIA,15599,PTMSIGDB_PERT-P100-DIA_STAUROSPORINE,PTMSIGDB_PERT-P100-DIA_STAUROSPORINE,5,8,0.625,3,3836,15818,0.09573985,0.30151836
Muscle_only,PTMSIGDB,PTMSIGDB_PERT-PSP,15623,PTMSIGDB_PERT-PSP_AMINO_ACIDS,PTMSIGDB_PERT-PSP_AMINO_ACIDS,5,8,0.625,3,3836,15818,0.09573985,0.30151836
Muscle_only,PTMSIGDB,PTMSIGDB_DISEASE-PSP,14844,PTMSIGDB_DISEASE-PSP_prostate_cancer,PTMSIGDB_DISEASE-PSP_prostate_cancer,14,58,0.241,6,3836,15818,0.098838574,0.304490059
Muscle_only,PTMSIGDB,PTMSIGDB_KINASE-iKiP,15260,PTMSIGDB_KINASE-iKiP_MAP3K2,PTMSIGDB_KINASE-iKiP_MAP3K2,14,40,0.35,6,3836,15818,0.098838574,0.304490059
Muscle_only,PTMSIGDB,PTMSIGDB_KINASE-iKiP,15373,PTMSIGDB_KINASE-iKiP_RPS6KB1,PTMSIGDB_KINASE-iKiP_RPS6KB1,48,180,0.267,16,3836,15818,0.0991947,0.304490059
Muscle_only,PTMSIGDB,PTMSIGDB_PERT-P100-DIA2,15545,PTMSIGDB_PERT-P100-DIA2_NILOTINIB,PTMSIGDB_PERT-P100-DIA2_NILOTINIB,48,118,0.407,16,3836,15818,0.0991947,0.304490059
Muscle_only,PTMSIGDB,PTMSIGDB_PERT-P100-DIA2,15552,PTMSIGDB_PERT-P100-DIA2_PD0325901,PTMSIGDB_PERT-P100-DIA2_PD0325901,59,122,0.484,19,3836,15818,0.103334795,0.311309908
Muscle_only,PTMSIGDB,PTMSIGDB_KINASE-PSP,14988,PTMSIGDB_KINASE-PSP_MKK4/MAP2K4,PTMSIGDB_KINASE-PSP_MKK4/MAP2K4,8,16,0.5,4,3836,15818,0.103650814,0.311309908
Muscle_only,PTMSIGDB,PTMSIGDB_PERT-PSP,15695,PTMSIGDB_PERT-PSP_PD98059,PTMSIGDB_PERT-PSP_PD98059,8,11,0.727,4,3836,15818,0.103650814,0.311309908
Muscle_only,PTMSIGDB,PTMSIGDB_PATH-NP,15454,PTMSIGDB_PATH-NP_TIE2_PATHWAY,PTMSIGDB_PATH-NP_TIE2_PATHWAY,24,83,0.289,9,3836,15818,0.103983928,0.311309908
Muscle_only,PTMSIGDB,PTMSIGDB_KINASE-iKiP,15277,PTMSIGDB_KINASE-iKiP_MAPK7.ERK5,PTMSIGDB_KINASE-iKiP_MAPK7.ERK5,31,115,0.27,11,3836,15818,0.108179624,0.321884157
Muscle_only,PTMSIGDB,PTMSIGDB_KINASE-iKiP,15367,PTMSIGDB_KINASE-iKiP_RPS6KA1,PTMSIGDB_KINASE-iKiP_RPS6KA1,49,128,0.383,16,3836,15818,0.115539637,0.341687343
Muscle_only,PTMSIGDB,PTMSIGDB_PERT-PSP,15697,PTMSIGDB_PERT-PSP_PHORBOL_ESTER,PTMSIGDB_PERT-PSP_PHORBOL_ESTER,35,113,0.31,12,3836,15818,0.119136731,0.350189784
Muscle_only,PTMSIGDB,PTMSIGDB_PERT-P100-DIA2,15476,PTMSIGDB_PERT-P100-DIA2_AMIODARONE,PTMSIGDB_PERT-P100-DIA2_AMIODARONE,109,248,0.44,32,3836,15818,0.1288666,0.363954722
Muscle_only,PTMSIGDB,PTMSIGDB_PERT-P100-DIA2,15479,PTMSIGDB_PERT-P100-DIA2_BAFILOMYCIN_A1,PTMSIGDB_PERT-P100-DIA2_BAFILOMYCIN_A1,39,75,0.52,13,3836,15818,0.128914479,0.363954722
Muscle_only,PTMSIGDB,PTMSIGDB_KINASE-iKiP,15116,PTMSIGDB_KINASE-iKiP_AKT1,PTMSIGDB_KINASE-iKiP_AKT1,25,73,0.342,9,3836,15818,0.129042918,0.363954722
Muscle_only,PTMSIGDB,PTMSIGDB_KINASE-iKiP,15222,PTMSIGDB_KINASE-iKiP_GSK3B,PTMSIGDB_KINASE-iKiP_GSK3B,25,87,0.287,9,3836,15818,0.129042918,0.363954722
Muscle_only,PTMSIGDB,PTMSIGDB_KINASE-iKiP,15369,PTMSIGDB_KINASE-iKiP_RPS6KA3,PTMSIGDB_KINASE-iKiP_RPS6KA3,25,59,0.424,9,3836,15818,0.129042918,0.363954722
Muscle_only,PTMSIGDB,PTMSIGDB_PERT-PSP,15690,PTMSIGDB_PERT-PSP_NOCODAZOLE,PTMSIGDB_PERT-PSP_NOCODAZOLE,25,112,0.223,9,3836,15818,0.129042918,0.363954722
Muscle_only,PTMSIGDB,PTMSIGDB_KINASE-iKiP,15139,PTMSIGDB_KINASE-iKiP_CAMK2G,PTMSIGDB_KINASE-iKiP_CAMK2G,94,212,0.443,28,3836,15818,0.129072602,0.363954722
Muscle_only,PTMSIGDB,PTMSIGDB_PATH-NP,15449,PTMSIGDB_PATH-NP_NOTCH_PATHWAY,PTMSIGDB_PATH-NP_NOTCH_PATHWAY,15,34,0.441,6,3836,15818,0.132266196,0.370804074
Muscle_only,PTMSIGDB,PTMSIGDB_PERT-P100-DIA2,15484,PTMSIGDB_PERT-P100-DIA2_BMS-906024,PTMSIGDB_PERT-P100-DIA2_BMS-906024,87,213,0.408,26,3836,15818,0.135527433,0.377763246
Muscle_only,PTMSIGDB,PTMSIGDB_KINASE-iKiP,15138,PTMSIGDB_KINASE-iKiP_CAMK2D,PTMSIGDB_KINASE-iKiP_CAMK2D,65,193,0.337,20,3836,15818,0.139888771,0.386083157
Muscle_only,PTMSIGDB,PTMSIGDB_PERT-P100-DIA2,15590,PTMSIGDB_PERT-P100-DIA2_VU0155056,PTMSIGDB_PERT-P100-DIA2_VU0155056,54,110,0.491,17,3836,15818,0.140104403,0.386083157
Muscle_only,PTMSIGDB,PTMSIGDB_PATH-NP,15458,PTMSIGDB_PATH-NP_TWEAK_PATHWAY,PTMSIGDB_PATH-NP_TWEAK_PATHWAY,12,20,0.6,5,3836,15818,0.142483193,0.390420049
Muscle_only,PTMSIGDB,PTMSIGDB_PATH-NP,15426,PTMSIGDB_PATH-NP_AGE_RAGE_PATHWAY,PTMSIGDB_PATH-NP_AGE_RAGE_PATHWAY,9,30,0.3,4,3836,15818,0.151949069,0.406893288
Muscle_only,PTMSIGDB,PTMSIGDB_PERT-PSP,15674,PTMSIGDB_PERT-PSP_IL_1B,PTMSIGDB_PERT-PSP_IL_1B,9,15,0.6,4,3836,15818,0.151949069,0.406893288
Muscle_only,PTMSIGDB,PTMSIGDB_KINASE-iKiP,15225,PTMSIGDB_KINASE-iKiP_HIPK1,PTMSIGDB_KINASE-iKiP_HIPK1,33,47,0.702,11,3836,15818,0.154768007,0.406893288
Muscle_only,PTMSIGDB,PTMSIGDB_PERT-P100-DIA2,15563,PTMSIGDB_PERT-P100-DIA2_RUXOLITINIB,PTMSIGDB_PERT-P100-DIA2_RUXOLITINIB,66,170,0.388,20,3836,15818,0.157125206,0.406893288
Muscle_only,PTMSIGDB,PTMSIGDB_DISEASE-PSP,14834,PTMSIGDB_DISEASE-PSP_neuroblastoma,PTMSIGDB_DISEASE-PSP_neuroblastoma,6,59,0.102,3,3836,15818,0.157723584,0.406893288
Muscle_only,PTMSIGDB,PTMSIGDB_KINASE-PSP,14896,PTMSIGDB_KINASE-PSP_CDK6,PTMSIGDB_KINASE-PSP_CDK6,6,48,0.125,3,3836,15818,0.157723584,0.406893288
Muscle_only,PTMSIGDB,PTMSIGDB_KINASE-PSP,15050,PTMSIGDB_KINASE-PSP_PKG1_iso2/PRKG1,PTMSIGDB_KINASE-PSP_PKG1_iso2/PRKG1,6,8,0.75,3,3836,15818,0.157723584,0.406893288
Muscle_only,PTMSIGDB,PTMSIGDB_KINASE-PSP,15074,PTMSIGDB_KINASE-PSP_Ret/RET,PTMSIGDB_KINASE-PSP_Ret/RET,6,31,0.194,3,3836,15818,0.157723584,0.406893288
Muscle_only,PTMSIGDB,PTMSIGDB_KINASE-iKiP,15392,PTMSIGDB_KINASE-iKiP_STK38,PTMSIGDB_KINASE-iKiP_STK38,6,14,0.429,3,3836,15818,0.157723584,0.406893288
Muscle_only,PTMSIGDB,PTMSIGDB_PATH-NP,15435,PTMSIGDB_PATH-NP_FSH_PATHWAY,PTMSIGDB_PATH-NP_FSH_PATHWAY,6,18,0.333,3,3836,15818,0.157723584,0.406893288
Muscle_only,PTMSIGDB,PTMSIGDB_PERT-PSP,15686,PTMSIGDB_PERT-PSP_LPS,PTMSIGDB_PERT-PSP_LPS,6,12,0.5,3,3836,15818,0.157723584,0.406893288
Muscle_only,PTMSIGDB,PTMSIGDB_PERT-P100-DIA2,15551,PTMSIGDB_PERT-P100-DIA2_PD-0332991,PTMSIGDB_PERT-P100-DIA2_PD-0332991,44,112,0.393,14,3836,15818,0.159089706,0.408246071
Muscle_only,PTMSIGDB,PTMSIGDB_PERT-P100-DIA2,15517,PTMSIGDB_PERT-P100-DIA2_EXIFONE,PTMSIGDB_PERT-P100-DIA2_EXIFONE,70,174,0.402,21,3836,15818,0.161941015,0.411211479
Muscle_only,PTMSIGDB,PTMSIGDB_PERT-P100-DIA2,15525,PTMSIGDB_PERT-P100-DIA2_GSK1210151A,PTMSIGDB_PERT-P100-DIA2_GSK1210151A,70,148,0.473,21,3836,15818,0.161941015,0.411211479
Muscle_only,PTMSIGDB,PTMSIGDB_KINASE-iKiP,15280,PTMSIGDB_KINASE-iKiP_MAPKAPK2,PTMSIGDB_KINASE-iKiP_MAPKAPK2,74,159,0.465,22,3836,15818,0.16640155,0.419863082
Muscle_only,PTMSIGDB,PTMSIGDB_DISEASE-PSP,14839,PTMSIGDB_DISEASE-PSP_ovarian_cancer,PTMSIGDB_DISEASE-PSP_ovarian_cancer,16,62,0.258,6,3836,15818,0.170255398,0.419863082
Muscle_only,PTMSIGDB,PTMSIGDB_KINASE-iKiP,15157,PTMSIGDB_KINASE-iKiP_CDK7-CCNH-MNAT1,PTMSIGDB_KINASE-iKiP_CDK7-CCNH-MNAT1,16,33,0.485,6,3836,15818,0.170255398,0.419863082
Muscle_only,PTMSIGDB,PTMSIGDB_KINASE-iKiP,15293,PTMSIGDB_KINASE-iKiP_MKNK2,PTMSIGDB_KINASE-iKiP_MKNK2,16,66,0.242,6,3836,15818,0.170255398,0.419863082
Muscle_only,PTMSIGDB,PTMSIGDB_PERT-P100-DIA2,15506,PTMSIGDB_PERT-P100-DIA2_DINACICLIB,PTMSIGDB_PERT-P100-DIA2_DINACICLIB,63,151,0.417,19,3836,15818,0.170506736,0.419863082
Muscle_only,PTMSIGDB,PTMSIGDB_PERT-P100-DIA2,15539,PTMSIGDB_PERT-P100-DIA2_LY-294002,PTMSIGDB_PERT-P100-DIA2_LY-294002,78,163,0.479,23,3836,15818,0.170542324,0.419863082
Muscle_only,PTMSIGDB,PTMSIGDB_KINASE-iKiP,15136,PTMSIGDB_KINASE-iKiP_CAMK2A,PTMSIGDB_KINASE-iKiP_CAMK2A,67,178,0.376,20,3836,15818,0.175465936,0.429802925
Muscle_only,PTMSIGDB,PTMSIGDB_PERT-P100-DIA2,15550,PTMSIGDB_PERT-P100-DIA2_PAZOPANIB,PTMSIGDB_PERT-P100-DIA2_PAZOPANIB,94,195,0.482,27,3836,15818,0.184472711,0.44574299
Muscle_only,PTMSIGDB,PTMSIGDB_KINASE-PSP,15085,PTMSIGDB_KINASE-PSP_TBK1,PTMSIGDB_KINASE-PSP_TBK1,13,78,0.167,5,3836,15818,0.187487773,0.44574299
Muscle_only,PTMSIGDB,PTMSIGDB_KINASE-iKiP,15121,PTMSIGDB_KINASE-iKiP_AMPKA2,PTMSIGDB_KINASE-iKiP_AMPKA2,13,41,0.317,5,3836,15818,0.187487773,0.44574299
Muscle_only,PTMSIGDB,PTMSIGDB_PATH-NP,15437,PTMSIGDB_PATH-NP_GLP1_PATHWAY,PTMSIGDB_PATH-NP_GLP1_PATHWAY,13,35,0.371,5,3836,15818,0.187487773,0.44574299
Muscle_only,PTMSIGDB,PTMSIGDB_PATH-NP,15451,PTMSIGDB_PATH-NP_OXYTOCIN_PATHWAY,PTMSIGDB_PATH-NP_OXYTOCIN_PATHWAY,13,29,0.448,5,3836,15818,0.187487773,0.44574299
Muscle_only,PTMSIGDB,PTMSIGDB_PERT-PSP,15719,PTMSIGDB_PERT-PSP_TNF,PTMSIGDB_PERT-PSP_TNF,13,34,0.382,5,3836,15818,0.187487773,0.44574299
Muscle_only,PTMSIGDB,PTMSIGDB_KINASE-iKiP,15160,PTMSIGDB_KINASE-iKiP_CDK9-CCNT1,PTMSIGDB_KINASE-iKiP_CDK9-CCNT1,38,105,0.362,12,3836,15818,0.190949627,0.44995015
Muscle_only,PTMSIGDB,PTMSIGDB_KINASE-PSP,15076,PTMSIGDB_KINASE-PSP_SGK1,PTMSIGDB_KINASE-PSP_SGK1,20,53,0.377,7,3836,15818,0.191112847,0.44995015
Muscle_only,PTMSIGDB,PTMSIGDB_PERT-PSP,15707,PTMSIGDB_PERT-PSP_SERUM,PTMSIGDB_PERT-PSP_SERUM,10,44,0.227,4,3836,15818,0.206835671,0.484614978
Muscle_only,PTMSIGDB,PTMSIGDB_PERT-P100-DIA2,15526,PTMSIGDB_PERT-P100-DIA2_GSK126,PTMSIGDB_PERT-P100-DIA2_GSK126,84,181,0.464,24,3836,15818,0.209939683,0.4873664
Muscle_only,PTMSIGDB,PTMSIGDB_PERT-P100-DIA2,15510,PTMSIGDB_PERT-P100-DIA2_EPZ-5676,PTMSIGDB_PERT-P100-DIA2_EPZ-5676,65,146,0.445,19,3836,15818,0.211024627,0.4873664
Muscle_only,PTMSIGDB,PTMSIGDB_PERT-P100-DIA2,15516,PTMSIGDB_PERT-P100-DIA2_EX527,PTMSIGDB_PERT-P100-DIA2_EX527,65,148,0.439,19,3836,15818,0.211024627,0.4873664
Muscle_only,PTMSIGDB,PTMSIGDB_PATH-WP,15470,PTMSIGDB_PATH-WP_Translation_inhibitors_in_chronically_activated_PDGFRA_cells,PTMSIGDB_PATH-WP_Translation_inhibitors_in...(15470),17,22,0.773,6,3836,15818,0.212119533,0.487573333
Muscle_only,PTMSIGDB,PTMSIGDB_PERT-P100-DIA2,15581,PTMSIGDB_PERT-P100-DIA2_TRICHOSTATIN_A,PTMSIGDB_PERT-P100-DIA2_TRICHOSTATIN_A,92,194,0.474,26,3836,15818,0.215875482,0.493866078
Muscle_only,PTMSIGDB,PTMSIGDB_PERT-P100-DIA2,15577,PTMSIGDB_PERT-P100-DIA2_TG101348,PTMSIGDB_PERT-P100-DIA2_TG101348,73,150,0.487,21,3836,15818,0.219130634,0.498959426
Muscle_only,PTMSIGDB,PTMSIGDB_KINASE-iKiP,15226,PTMSIGDB_KINASE-iKiP_HIPK2,PTMSIGDB_KINASE-iKiP_HIPK2,28,53,0.528,9,3836,15818,0.220421497,0.499515681
Muscle_only,PTMSIGDB,PTMSIGDB_PERT-P100-DIA2,15592,PTMSIGDB_PERT-P100-DIA2_ZEBULARINE,PTMSIGDB_PERT-P100-DIA2_ZEBULARINE,58,133,0.436,17,3836,15818,0.224023239,0.499515681
Muscle_only,PTMSIGDB,PTMSIGDB_KINASE-PSP,14973,PTMSIGDB_KINASE-PSP_LRRK2,PTMSIGDB_KINASE-PSP_LRRK2,7,85,0.082,3,3836,15818,0.228160892,0.499515681
Muscle_only,PTMSIGDB,PTMSIGDB_KINASE-iKiP,15333,PTMSIGDB_KINASE-iKiP_PIM2,PTMSIGDB_KINASE-iKiP_PIM2,7,27,0.259,3,3836,15818,0.228160892,0.499515681
Muscle_only,PTMSIGDB,PTMSIGDB_KINASE-iKiP,15335,PTMSIGDB_KINASE-iKiP_PKN1,PTMSIGDB_KINASE-iKiP_PKN1,7,28,0.25,3,3836,15818,0.228160892,0.499515681
Muscle_only,PTMSIGDB,PTMSIGDB_PERT-PSP,15673,PTMSIGDB_PERT-PSP_IL_1A,PTMSIGDB_PERT-PSP_IL_1A,7,12,0.583,3,3836,15818,0.228160892,0.499515681
Muscle_only,PTMSIGDB,PTMSIGDB_PERT-PSP,15698,PTMSIGDB_PERT-PSP_PHORBOL_ESTER_IONOMYCIN,PTMSIGDB_PERT-PSP_PHORBOL_ESTER_IONOMYCIN,7,11,0.636,3,3836,15818,0.228160892,0.499515681
Muscle_only,PTMSIGDB,PTMSIGDB_PERT-P100-DIA2,15512,PTMSIGDB_PERT-P100-DIA2_EPZ004777,PTMSIGDB_PERT-P100-DIA2_EPZ004777,62,126,0.492,18,3836,15818,0.228644291,0.499515681
Muscle_only,PTMSIGDB,PTMSIGDB_PERT-P100-DIA2,15558,PTMSIGDB_PERT-P100-DIA2_RESVERATROL,PTMSIGDB_PERT-P100-DIA2_RESVERATROL,62,130,0.477,18,3836,15818,0.228644291,0.499515681
Muscle_only,PTMSIGDB,PTMSIGDB_PATH-NP,15442,PTMSIGDB_PATH-NP_IL33_PATHWAY,PTMSIGDB_PATH-NP_IL33_PATHWAY,21,52,0.404,7,3836,15818,0.230273607,0.500420602
Muscle_only,PTMSIGDB,PTMSIGDB_KINASE-iKiP,15143,PTMSIGDB_KINASE-iKiP_CDC2-CCNB1,PTMSIGDB_KINASE-iKiP_CDC2-CCNB1,32,86,0.372,10,3836,15818,0.231122092,0.500420602
Muscle_only,PTMSIGDB,PTMSIGDB_KINASE-iKiP,15155,PTMSIGDB_KINASE-iKiP_CDK6-CCND1,PTMSIGDB_KINASE-iKiP_CDK6-CCND1,14,28,0.5,5,3836,15818,0.236737328,0.510300462
Muscle_only,PTMSIGDB,PTMSIGDB_KINASE-iKiP,15176,PTMSIGDB_KINASE-iKiP_CSNK2A1.CK2A1,PTMSIGDB_KINASE-iKiP_CSNK2A1.CK2A1,51,100,0.51,15,3836,15818,0.238296097,0.511387641
Muscle_only,PTMSIGDB,PTMSIGDB_PERT-P100-DIA2,15483,PTMSIGDB_PERT-P100-DIA2_BMS-345541,PTMSIGDB_PERT-P100-DIA2_BMS-345541,55,124,0.444,16,3836,15818,0.243365524,0.51727137
Muscle_only,PTMSIGDB,PTMSIGDB_KINASE-iKiP,15334,PTMSIGDB_KINASE-iKiP_PIM3,PTMSIGDB_KINASE-iKiP_PIM3,25,96,0.26,8,3836,15818,0.24423741,0.51727137
Muscle_only,PTMSIGDB,PTMSIGDB_KINASE-iKiP,15376,PTMSIGDB_KINASE-iKiP_SGK2,PTMSIGDB_KINASE-iKiP_SGK2,25,63,0.397,8,3836,15818,0.24423741,0.51727137
Muscle_only,PTMSIGDB,PTMSIGDB_KINASE-iKiP,15308,PTMSIGDB_KINASE-iKiP_NIM1K,PTMSIGDB_KINASE-iKiP_NIM1K,40,185,0.216,12,3836,15818,0.247616716,0.518181201
Muscle_only,PTMSIGDB,PTMSIGDB_KINASE-iKiP,15409,PTMSIGDB_KINASE-iKiP_TSSK1,PTMSIGDB_KINASE-iKiP_TSSK1,59,233,0.253,17,3836,15818,0.247872245,0.518181201
Muscle_only,PTMSIGDB,PTMSIGDB_PERT-P100-DIA2,15549,PTMSIGDB_PERT-P100-DIA2_OSI-027,PTMSIGDB_PERT-P100-DIA2_OSI-027,59,131,0.45,17,3836,15818,0.247872245,0.518181201
Muscle_only,PTMSIGDB,PTMSIGDB_PATH-NP,15447,PTMSIGDB_PATH-NP_KIT_RECEPTOR_PATHWAY,PTMSIGDB_PATH-NP_KIT_RECEPTOR_PATHWAY,18,50,0.36,6,3836,15818,0.257051523,0.532777729
Muscle_only,PTMSIGDB,PTMSIGDB_PATH-WP,15467,PTMSIGDB_PATH-WP_PI3K-Akt_signaling_pathway,PTMSIGDB_PATH-WP_PI3K-Akt_signaling_pathway,18,52,0.346,6,3836,15818,0.257051523,0.532777729
Muscle_only,PTMSIGDB,PTMSIGDB_KINASE-PSP,14979,PTMSIGDB_KINASE-PSP_MARK2,PTMSIGDB_KINASE-PSP_MARK2,11,25,0.44,4,3836,15818,0.266237958,0.542543739
Muscle_only,PTMSIGDB,PTMSIGDB_KINASE-iKiP,15300,PTMSIGDB_KINASE-iKiP_MYLK2,PTMSIGDB_KINASE-iKiP_MYLK2,11,36,0.306,4,3836,15818,0.266237958,0.542543739
Muscle_only,PTMSIGDB,PTMSIGDB_PATH-NP,15432,PTMSIGDB_PATH-NP_CRH_PATHWAY,PTMSIGDB_PATH-NP_CRH_PATHWAY,11,18,0.611,4,3836,15818,0.266237958,0.542543739
Muscle_only,PTMSIGDB,PTMSIGDB_PERT-PSP,15722,PTMSIGDB_PERT-PSP_U0126,PTMSIGDB_PERT-PSP_U0126,11,24,0.458,4,3836,15818,0.266237958,0.542543739
Muscle_only,PTMSIGDB,PTMSIGDB_PERT-P100-DIA2,15514,PTMSIGDB_PERT-P100-DIA2_ETOPOSIDE,PTMSIGDB_PERT-P100-DIA2_ETOPOSIDE,56,117,0.479,16,3836,15818,0.268875069,0.54562514
Muscle_only,PTMSIGDB,PTMSIGDB_PERT-P100-DIA2,15501,PTMSIGDB_PERT-P100-DIA2_DACTOLISIB,PTMSIGDB_PERT-P100-DIA2_DACTOLISIB,64,160,0.4,18,3836,15818,0.276030365,0.557811363
Muscle_only,PTMSIGDB,PTMSIGDB_KINASE-iKiP,15372,PTMSIGDB_KINASE-iKiP_RPS6KA6,PTMSIGDB_KINASE-iKiP_RPS6KA6,41,108,0.38,12,3836,15818,0.278022435,0.559215316
Muscle_only,PTMSIGDB,PTMSIGDB_PERT-P100-DIA2,15555,PTMSIGDB_PERT-P100-DIA2_PRI-724,PTMSIGDB_PERT-P100-DIA2_PRI-724,68,151,0.45,19,3836,15818,0.279031147,0.559215316
Muscle_only,PTMSIGDB,PTMSIGDB_PERT-P100-DIA2,15477,PTMSIGDB_PERT-P100-DIA2_AR_A014418,PTMSIGDB_PERT-P100-DIA2_AR_A014418,72,159,0.453,20,3836,15818,0.281717178,0.562275026
Muscle_only,PTMSIGDB,PTMSIGDB_KINASE-PSP,14914,PTMSIGDB_KINASE-PSP_Chk1/CHEK1,PTMSIGDB_KINASE-PSP_Chk1/CHEK1,26,196,0.133,8,3836,15818,0.283025399,0.562570977
Muscle_only,PTMSIGDB,PTMSIGDB_PERT-P100-DIA2,15527,PTMSIGDB_PERT-P100-DIA2_GSK525762A,PTMSIGDB_PERT-P100-DIA2_GSK525762A,49,116,0.422,14,3836,15818,0.28789575,0.568322071
Muscle_only,PTMSIGDB,PTMSIGDB_PERT-P100-DIA2,15537,PTMSIGDB_PERT-P100-DIA2_LENALIDOMIDE,PTMSIGDB_PERT-P100-DIA2_LENALIDOMIDE,84,188,0.447,23,3836,15818,0.288262329,0.568322071
Muscle_only,PTMSIGDB,PTMSIGDB_DISEASE-PSP,14803,PTMSIGDB_DISEASE-PSP_breast_cancer,PTMSIGDB_DISEASE-PSP_breast_cancer,30,138,0.217,9,3836,15818,0.291827244,0.573021107
Muscle_only,PTMSIGDB,PTMSIGDB_DISEASE-PSP,14827,PTMSIGDB_DISEASE-PSP_lung_cancer,PTMSIGDB_DISEASE-PSP_lung_cancer,8,47,0.17,3,3836,15818,0.302866939,0.582898673
Muscle_only,PTMSIGDB,PTMSIGDB_KINASE-iKiP,15126,PTMSIGDB_KINASE-iKiP_BMPR1A,PTMSIGDB_KINASE-iKiP_BMPR1A,8,20,0.4,3,3836,15818,0.302866939,0.582898673
Muscle_only,PTMSIGDB,PTMSIGDB_KINASE-iKiP,15234,PTMSIGDB_KINASE-iKiP_IRAK1,PTMSIGDB_KINASE-iKiP_IRAK1,8,69,0.116,3,3836,15818,0.302866939,0.582898673
Muscle_only,PTMSIGDB,PTMSIGDB_KINASE-iKiP,15385,PTMSIGDB_KINASE-iKiP_STK11,PTMSIGDB_KINASE-iKiP_STK11,8,30,0.267,3,3836,15818,0.302866939,0.582898673
Muscle_only,PTMSIGDB,PTMSIGDB_PERT-PSP,15625,PTMSIGDB_PERT-PSP_ANISOMYCIN,PTMSIGDB_PERT-PSP_ANISOMYCIN,8,17,0.471,3,3836,15818,0.302866939,0.582898673
Muscle_only,PTMSIGDB,PTMSIGDB_PERT-P100-DIA2,15584,PTMSIGDB_PERT-P100-DIA2_UNC1215,PTMSIGDB_PERT-P100-DIA2_UNC1215,46,113,0.407,13,3836,15818,0.313546724,0.601067831
Muscle_only,PTMSIGDB,PTMSIGDB_KINASE-PSP,14906,PTMSIGDB_KINASE-PSP_CK2A1/CSNK2A1,PTMSIGDB_KINASE-PSP_CK2A1/CSNK2A1,58,571,0.102,16,3836,15818,0.322415996,0.612383459
Muscle_only,PTMSIGDB,PTMSIGDB_KINASE-iKiP,15149,PTMSIGDB_KINASE-iKiP_CDK2-CCNE1,PTMSIGDB_KINASE-iKiP_CDK2-CCNE1,58,140,0.414,16,3836,15818,0.322415996,0.612383459
Muscle_only,PTMSIGDB,PTMSIGDB_KINASE-PSP,15055,PTMSIGDB_KINASE-PSP_PLK1,PTMSIGDB_KINASE-PSP_PLK1,27,302,0.089,8,3836,15818,0.323237455,0.612383459
Muscle_only,PTMSIGDB,PTMSIGDB_KINASE-PSP,15062,PTMSIGDB_KINASE-PSP_Pim1/PIM1,PTMSIGDB_KINASE-PSP_Pim1/PIM1,12,67,0.179,4,3836,15818,0.328115341,0.61680597
Muscle_only,PTMSIGDB,PTMSIGDB_KINASE-iKiP,15242,PTMSIGDB_KINASE-iKiP_LATS1,PTMSIGDB_KINASE-iKiP_LATS1,12,42,0.286,4,3836,15818,0.328115341,0.61680597
Muscle_only,PTMSIGDB,PTMSIGDB_KINASE-iKiP,15375,PTMSIGDB_KINASE-iKiP_SGK1,PTMSIGDB_KINASE-iKiP_SGK1,31,82,0.378,9,3836,15818,0.329544943,0.617101534
Muscle_only,PTMSIGDB,PTMSIGDB_DISEASE-PSP,14822,PTMSIGDB_DISEASE-PSP_hepatocellular_carcinoma,PTMSIGDB_DISEASE-PSP_hepatocellular_carcinoma,5,39,0.128,2,3836,15818,0.351386376,0.624204406
Muscle_only,PTMSIGDB,PTMSIGDB_DISEASE-PSP,14830,PTMSIGDB_DISEASE-PSP_melanoma_skin_cancer,PTMSIGDB_DISEASE-PSP_melanoma_skin_cancer,5,25,0.2,2,3836,15818,0.351386376,0.624204406
Muscle_only,PTMSIGDB,PTMSIGDB_DISEASE-PSP,14836,PTMSIGDB_DISEASE-PSP_non-small_cell_lung_cancer,PTMSIGDB_DISEASE-PSP_non-small_cell_lung_cancer,5,26,0.192,2,3836,15818,0.351386376,0.624204406
Muscle_only,PTMSIGDB,PTMSIGDB_KINASE-PSP,14923,PTMSIGDB_KINASE-PSP_EEF2K,PTMSIGDB_KINASE-PSP_EEF2K,5,13,0.385,2,3836,15818,0.351386376,0.624204406
Muscle_only,PTMSIGDB,PTMSIGDB_KINASE-PSP,15041,PTMSIGDB_KINASE-PSP_PKCB_iso2/PRKCB,PTMSIGDB_KINASE-PSP_PKCB_iso2/PRKCB,5,52,0.096,2,3836,15818,0.351386376,0.624204406
Muscle_only,PTMSIGDB,PTMSIGDB_KINASE-iKiP,15163,PTMSIGDB_KINASE-iKiP_CHEK2,PTMSIGDB_KINASE-iKiP_CHEK2,5,34,0.147,2,3836,15818,0.351386376,0.624204406
Muscle_only,PTMSIGDB,PTMSIGDB_KINASE-iKiP,15187,PTMSIGDB_KINASE-iKiP_EEF2K,PTMSIGDB_KINASE-iKiP_EEF2K,5,30,0.167,2,3836,15818,0.351386376,0.624204406
Muscle_only,PTMSIGDB,PTMSIGDB_KINASE-iKiP,15287,PTMSIGDB_KINASE-iKiP_MAST2,PTMSIGDB_KINASE-iKiP_MAST2,5,12,0.417,2,3836,15818,0.351386376,0.624204406
Muscle_only,PTMSIGDB,PTMSIGDB_KINASE-iKiP,15380,PTMSIGDB_KINASE-iKiP_SPHK2,PTMSIGDB_KINASE-iKiP_SPHK2,5,28,0.179,2,3836,15818,0.351386376,0.624204406
Muscle_only,PTMSIGDB,PTMSIGDB_KINASE-iKiP,15398,PTMSIGDB_KINASE-iKiP_TAOK2,PTMSIGDB_KINASE-iKiP_TAOK2,5,65,0.077,2,3836,15818,0.351386376,0.624204406
Muscle_only,PTMSIGDB,PTMSIGDB_PERT-P100-PRM,15607,PTMSIGDB_PERT-P100-PRM_LENALIDOMIDE,PTMSIGDB_PERT-P100-PRM_LENALIDOMIDE,5,10,0.5,2,3836,15818,0.351386376,0.624204406
Muscle_only,PTMSIGDB,PTMSIGDB_PERT-P100-PRM,15608,PTMSIGDB_PERT-P100-PRM_LOSMAPIMOD,PTMSIGDB_PERT-P100-PRM_LOSMAPIMOD,5,9,0.556,2,3836,15818,0.351386376,0.624204406
Muscle_only,PTMSIGDB,PTMSIGDB_PERT-PSP,15659,PTMSIGDB_PERT-PSP_GEFITINIB,PTMSIGDB_PERT-PSP_GEFITINIB,5,26,0.192,2,3836,15818,0.351386376,0.624204406
Muscle_only,PTMSIGDB,PTMSIGDB_PERT-PSP,15712,PTMSIGDB_PERT-PSP_SU11274,PTMSIGDB_PERT-PSP_SU11274,5,10,0.5,2,3836,15818,0.351386376,0.624204406
Muscle_only,PTMSIGDB,PTMSIGDB_KINASE-iKiP,15162,PTMSIGDB_KINASE-iKiP_CHEK1,PTMSIGDB_KINASE-iKiP_CHEK1,20,107,0.187,6,3836,15818,0.352643314,0.624204406
Muscle_only,PTMSIGDB,PTMSIGDB_PERT-P100-DIA2,15560,PTMSIGDB_PERT-P100-DIA2_RO4929097,PTMSIGDB_PERT-P100-DIA2_RO4929097,87,198,0.439,23,3836,15818,0.355688657,0.626262086
Muscle_only,PTMSIGDB,PTMSIGDB_KINASE-PSP,15037,PTMSIGDB_KINASE-PSP_PKACA/PRKACA,PTMSIGDB_KINASE-PSP_PKACA/PRKACA,99,607,0.163,26,3836,15818,0.356388321,0.626262086
Muscle_only,PTMSIGDB,PTMSIGDB_KINASE-iKiP,15285,PTMSIGDB_KINASE-iKiP_MARK3,PTMSIGDB_KINASE-iKiP_MARK3,32,110,0.291,9,3836,15818,0.368058232,0.642115981
Muscle_only,PTMSIGDB,PTMSIGDB_PERT-P100-DIA2,15522,PTMSIGDB_PERT-P100-DIA2_GINKGETIN,PTMSIGDB_PERT-P100-DIA2_GINKGETIN,32,81,0.395,9,3836,15818,0.368058232,0.642115981
Muscle_only,PTMSIGDB,PTMSIGDB_KINASE-iKiP,15368,PTMSIGDB_KINASE-iKiP_RPS6KA2,PTMSIGDB_KINASE-iKiP_RPS6KA2,52,212,0.245,14,3836,15818,0.377012717,0.647483611
Muscle_only,PTMSIGDB,PTMSIGDB_PERT-P100-DIA2,15481,PTMSIGDB_PERT-P100-DIA2_BIX-01294,PTMSIGDB_PERT-P100-DIA2_BIX-01294,52,118,0.441,14,3836,15818,0.377012717,0.647483611
Muscle_only,PTMSIGDB,PTMSIGDB_KINASE-PSP,14857,PTMSIGDB_KINASE-PSP_ATM,PTMSIGDB_KINASE-PSP_ATM,9,291,0.031,3,3836,15818,0.378325875,0.647483611
Muscle_only,PTMSIGDB,PTMSIGDB_KINASE-PSP,15043,PTMSIGDB_KINASE-PSP_PKCE/PRKCE,PTMSIGDB_KINASE-PSP_PKCE/PRKCE,9,66,0.136,3,3836,15818,0.378325875,0.647483611
Muscle_only,PTMSIGDB,PTMSIGDB_PERT-PSP,15687,PTMSIGDB_PERT-PSP_LY294002,PTMSIGDB_PERT-PSP_LY294002,9,19,0.474,3,3836,15818,0.378325875,0.647483611
Muscle_only,PTMSIGDB,PTMSIGDB_KINASE-PSP,14862,PTMSIGDB_KINASE-PSP_Akt1/AKT1,PTMSIGDB_KINASE-PSP_Akt1/AKT1,72,356,0.202,19,3836,15818,0.379145042,0.647483611
Muscle_only,PTMSIGDB,PTMSIGDB_KINASE-PSP,15049,PTMSIGDB_KINASE-PSP_PKG1/PRKG1,PTMSIGDB_KINASE-PSP_PKG1/PRKG1,13,50,0.26,4,3836,15818,0.390616482,0.66240907
Muscle_only,PTMSIGDB,PTMSIGDB_KINASE-iKiP,15151,PTMSIGDB_KINASE-iKiP_CDK4-CCND1,PTMSIGDB_KINASE-iKiP_CDK4-CCND1,13,32,0.406,4,3836,15818,0.390616482,0.66240907
Muscle_only,PTMSIGDB,PTMSIGDB_KINASE-iKiP,15150,PTMSIGDB_KINASE-iKiP_CDK3-CCNE1,PTMSIGDB_KINASE-iKiP_CDK3-CCNE1,17,73,0.233,5,3836,15818,0.397442001,0.671635436
Muscle_only,PTMSIGDB,PTMSIGDB_KINASE-PSP,15042,PTMSIGDB_KINASE-PSP_PKCD/PRKCD,PTMSIGDB_KINASE-PSP_PKCD/PRKCD,21,135,0.156,6,3836,15818,0.401591197,0.672861344
Muscle_only,PTMSIGDB,PTMSIGDB_KINASE-iKiP,15117,PTMSIGDB_KINASE-iKiP_AKT2,PTMSIGDB_KINASE-iKiP_AKT2,25,72,0.347,7,3836,15818,0.404221403,0.672861344
Muscle_only,PTMSIGDB,PTMSIGDB_KINASE-iKiP,15156,PTMSIGDB_KINASE-iKiP_CDK6-CCND3,PTMSIGDB_KINASE-iKiP_CDK6-CCND3,29,68,0.426,8,3836,15818,0.405905218,0.672861344
Muscle_only,PTMSIGDB,PTMSIGDB_PERT-P100-DIA2,15474,PTMSIGDB_PERT-P100-DIA2_1271738-62-5,PTMSIGDB_PERT-P100-DIA2_1271738-62-5,49,101,0.485,13,3836,15818,0.407835408,0.672861344
Muscle_only,PTMSIGDB,PTMSIGDB_KINASE-iKiP,15204,PTMSIGDB_KINASE-iKiP_ERBB2,PTMSIGDB_KINASE-iKiP_ERBB2,41,84,0.488,11,3836,15818,0.407878835,0.672861344
Muscle_only,PTMSIGDB,PTMSIGDB_KINASE-iKiP,15286,PTMSIGDB_KINASE-iKiP_MARK4,PTMSIGDB_KINASE-iKiP_MARK4,41,173,0.237,11,3836,15818,0.407878835,0.672861344
Muscle_only,PTMSIGDB,PTMSIGDB_KINASE-iKiP,15411,PTMSIGDB_KINASE-iKiP_TTBK1,PTMSIGDB_KINASE-iKiP_TTBK1,41,268,0.153,11,3836,15818,0.407878835,0.672861344
Muscle_only,PTMSIGDB,PTMSIGDB_KINASE-iKiP,15185,PTMSIGDB_KINASE-iKiP_DYRK3,PTMSIGDB_KINASE-iKiP_DYRK3,106,320,0.331,27,3836,15818,0.421092269,0.692304239
Muscle_only,PTMSIGDB,PTMSIGDB_KINASE-iKiP,15318,PTMSIGDB_KINASE-iKiP_PAK2,PTMSIGDB_KINASE-iKiP_PAK2,54,152,0.355,14,3836,15818,0.438278253,0.707424354
Muscle_only,PTMSIGDB,PTMSIGDB_KINASE-iKiP,15165,PTMSIGDB_KINASE-iKiP_CLK1,PTMSIGDB_KINASE-iKiP_CLK1,34,68,0.5,9,3836,15818,0.445861181,0.707424354
Muscle_only,PTMSIGDB,PTMSIGDB_PATH-NP,15448,PTMSIGDB_PATH-NP_LEPTIN_PATHWAY,PTMSIGDB_PATH-NP_LEPTIN_PATHWAY,30,44,0.682,8,3836,15818,0.447388118,0.707424354
Muscle_only,PTMSIGDB,PTMSIGDB_DISEASE-PSP,14845,PTMSIGDB_DISEASE-PSP_psoriasis,PTMSIGDB_DISEASE-PSP_psoriasis,6,10,0.6,2,3836,15818,0.448217772,0.707424354
Muscle_only,PTMSIGDB,PTMSIGDB_KINASE-PSP,14858,PTMSIGDB_KINASE-PSP_ATR,PTMSIGDB_KINASE-PSP_ATR,6,117,0.051,2,3836,15818,0.448217772,0.707424354
Muscle_only,PTMSIGDB,PTMSIGDB_KINASE-iKiP,15298,PTMSIGDB_KINASE-iKiP_MTOR,PTMSIGDB_KINASE-iKiP_MTOR,6,17,0.353,2,3836,15818,0.448217772,0.707424354
Muscle_only,PTMSIGDB,PTMSIGDB_PATH-NP,15436,PTMSIGDB_PATH-NP_GASTRIN_PATHWAY,PTMSIGDB_PATH-NP_GASTRIN_PATHWAY,6,18,0.333,2,3836,15818,0.448217772,0.707424354
Muscle_only,PTMSIGDB,PTMSIGDB_PERT-PSP,15631,PTMSIGDB_PERT-PSP_BACTERIAL_INFECTION,PTMSIGDB_PERT-PSP_BACTERIAL_INFECTION,6,6,1,2,3836,15818,0.448217772,0.707424354
Muscle_only,PTMSIGDB,PTMSIGDB_PERT-PSP,15638,PTMSIGDB_PERT-PSP_CISPLATIN,PTMSIGDB_PERT-PSP_CISPLATIN,6,14,0.429,2,3836,15818,0.448217772,0.707424354
Muscle_only,PTMSIGDB,PTMSIGDB_PERT-PSP,15675,PTMSIGDB_PERT-PSP_IL_2,PTMSIGDB_PERT-PSP_IL_2,6,17,0.353,2,3836,15818,0.448217772,0.707424354
Muscle_only,PTMSIGDB,PTMSIGDB_PERT-PSP,15694,PTMSIGDB_PERT-PSP_PAR2_ACTIVATING_PEPTIDE,PTMSIGDB_PERT-PSP_PAR2_ACTIVATING_PEPTIDE,6,6,1,2,3836,15818,0.448217772,0.707424354
Muscle_only,PTMSIGDB,PTMSIGDB_KINASE-iKiP,15127,PTMSIGDB_KINASE-iKiP_BMPR1B,PTMSIGDB_KINASE-iKiP_BMPR1B,22,91,0.242,6,3836,15818,0.450259241,0.707424354
Muscle_only,PTMSIGDB,PTMSIGDB_KINASE-iKiP,15228,PTMSIGDB_KINASE-iKiP_HIPK4,PTMSIGDB_KINASE-iKiP_HIPK4,18,55,0.327,5,3836,15818,0.451438338,0.707424354
Muscle_only,PTMSIGDB,PTMSIGDB_PERT-PSP,15679,PTMSIGDB_PERT-PSP_IONIZING_RADIATION,PTMSIGDB_PERT-PSP_IONIZING_RADIATION,10,85,0.118,3,3836,15818,0.451821676,0.707424354
Muscle_only,PTMSIGDB,PTMSIGDB_PERT-PSP,15718,PTMSIGDB_PERT-PSP_THROMBIN,PTMSIGDB_PERT-PSP_THROMBIN,14,24,0.583,4,3836,15818,0.452168144,0.707424354
Muscle_only,PTMSIGDB,PTMSIGDB_KINASE-iKiP,15284,PTMSIGDB_KINASE-iKiP_MARK2,PTMSIGDB_KINASE-iKiP_MARK2,51,167,0.305,13,3836,15818,0.471581171,0.735424013
Muscle_only,PTMSIGDB,PTMSIGDB_KINASE-iKiP,15317,PTMSIGDB_KINASE-iKiP_PAK1,PTMSIGDB_KINASE-iKiP_PAK1,43,145,0.297,11,3836,15818,0.477492681,0.74225625
Muscle_only,PTMSIGDB,PTMSIGDB_KINASE-iKiP,15341,PTMSIGDB_KINASE-iKiP_PRKACA,PTMSIGDB_KINASE-iKiP_PRKACA,72,190,0.379,18,3836,15818,0.486250385,0.75345507
Muscle_only,PTMSIGDB,PTMSIGDB_KINASE-iKiP,15332,PTMSIGDB_KINASE-iKiP_PIM1,PTMSIGDB_KINASE-iKiP_PIM1,31,141,0.22,8,3836,15818,0.488377048,0.754037073
Muscle_only,PTMSIGDB,PTMSIGDB_KINASE-PSP,15039,PTMSIGDB_KINASE-PSP_PKCA/PRKCA,PTMSIGDB_KINASE-PSP_PKCA/PRKCA,27,468,0.058,7,3836,15818,0.49284485,0.754037073
Muscle_only,PTMSIGDB,PTMSIGDB_KINASE-iKiP,15123,PTMSIGDB_KINASE-iKiP_AURKB,PTMSIGDB_KINASE-iKiP_AURKB,27,128,0.211,7,3836,15818,0.49284485,0.754037073
Muscle_only,PTMSIGDB,PTMSIGDB_KINASE-iKiP,15288,PTMSIGDB_KINASE-iKiP_MATK.CTK,PTMSIGDB_KINASE-iKiP_MATK.CTK,27,83,0.325,7,3836,15818,0.49284485,0.754037073
Muscle_only,PTMSIGDB,PTMSIGDB_KINASE-iKiP,15177,PTMSIGDB_KINASE-iKiP_CSNK2A2.CK2A2,PTMSIGDB_KINASE-iKiP_CSNK2A2.CK2A2,122,323,0.378,30,3836,15818,0.500088415,0.762713463
Muscle_only,PTMSIGDB,PTMSIGDB_KINASE-iKiP,15253,PTMSIGDB_KINASE-iKiP_MAP2K4,PTMSIGDB_KINASE-iKiP_MAP2K4,19,41,0.463,5,3836,15818,0.504029111,0.763919122
Muscle_only,PTMSIGDB,PTMSIGDB_PATH-NP,15452,PTMSIGDB_PATH-NP_PROLACTIN_PATHWAY,PTMSIGDB_PATH-NP_PROLACTIN_PATHWAY,19,167,0.114,5,3836,15818,0.504029111,0.763919122
Muscle_only,PTMSIGDB,PTMSIGDB_KINASE-iKiP,15250,PTMSIGDB_KINASE-iKiP_MAP2K1,PTMSIGDB_KINASE-iKiP_MAP2K1,15,26,0.577,4,3836,15818,0.511511871,0.770444899
Muscle_only,PTMSIGDB,PTMSIGDB_PATH-NP,15431,PTMSIGDB_PATH-NP_CCR7_PATHWAY,PTMSIGDB_PATH-NP_CCR7_PATHWAY,15,31,0.484,4,3836,15818,0.511511871,0.770444899
Muscle_only,PTMSIGDB,PTMSIGDB_DISEASE-PSP,14813,PTMSIGDB_DISEASE-PSP_colorectal_cancer,PTMSIGDB_DISEASE-PSP_colorectal_cancer,11,68,0.162,3,3836,15818,0.52141557,0.772213612
Muscle_only,PTMSIGDB,PTMSIGDB_KINASE-PSP,14852,PTMSIGDB_KINASE-PSP_AMPKA2/PRKAA2,PTMSIGDB_KINASE-PSP_AMPKA2/PRKAA2,11,41,0.268,3,3836,15818,0.52141557,0.772213612
Muscle_only,PTMSIGDB,PTMSIGDB_KINASE-iKiP,15238,PTMSIGDB_KINASE-iKiP_JAK2,PTMSIGDB_KINASE-iKiP_JAK2,11,98,0.112,3,3836,15818,0.52141557,0.772213612
Muscle_only,PTMSIGDB,PTMSIGDB_KINASE-iKiP,15365,PTMSIGDB_KINASE-iKiP_ROCK2,PTMSIGDB_KINASE-iKiP_ROCK2,11,33,0.333,3,3836,15818,0.52141557,0.772213612
Muscle_only,PTMSIGDB,PTMSIGDB_KINASE-iKiP,15393,PTMSIGDB_KINASE-iKiP_STK38L,PTMSIGDB_KINASE-iKiP_STK38L,11,25,0.44,3,3836,15818,0.52141557,0.772213612
Muscle_only,PTMSIGDB,PTMSIGDB_KINASE-iKiP,15120,PTMSIGDB_KINASE-iKiP_AMPKA1,PTMSIGDB_KINASE-iKiP_AMPKA1,36,88,0.409,9,3836,15818,0.522239309,0.772213612
Muscle_only,PTMSIGDB,PTMSIGDB_PATH-NP,15433,PTMSIGDB_PATH-NP_EGFR1_PATHWAY,PTMSIGDB_PATH-NP_EGFR1_PATHWAY,61,495,0.123,15,3836,15818,0.524705731,0.773502369
Muscle_only,PTMSIGDB,PTMSIGDB_KINASE-iKiP,15319,PTMSIGDB_KINASE-iKiP_PAK3,PTMSIGDB_KINASE-iKiP_PAK3,32,147,0.218,8,3836,15818,0.52848332,0.774037662
Muscle_only,PTMSIGDB,PTMSIGDB_KINASE-iKiP,15218,PTMSIGDB_KINASE-iKiP_GRK2,PTMSIGDB_KINASE-iKiP_GRK2,28,124,0.226,7,3836,15818,0.535671854,0.774037662
Muscle_only,PTMSIGDB,PTMSIGDB_KINASE-PSP,14872,PTMSIGDB_KINASE-PSP_BRAF,PTMSIGDB_KINASE-PSP_BRAF,7,17,0.412,2,3836,15818,0.536240524,0.774037662
Muscle_only,PTMSIGDB,PTMSIGDB_KINASE-PSP,14901,PTMSIGDB_KINASE-PSP_CK1A/CSNK1A1,PTMSIGDB_KINASE-PSP_CK1A/CSNK1A1,7,143,0.049,2,3836,15818,0.536240524,0.774037662
Muscle_only,PTMSIGDB,PTMSIGDB_KINASE-iKiP,15252,PTMSIGDB_KINASE-iKiP_MAP2K3,PTMSIGDB_KINASE-iKiP_MAP2K3,7,14,0.5,2,3836,15818,0.536240524,0.774037662
Muscle_only,PTMSIGDB,PTMSIGDB_KINASE-iKiP,15294,PTMSIGDB_KINASE-iKiP_MLCK,PTMSIGDB_KINASE-iKiP_MLCK,7,8,0.875,2,3836,15818,0.536240524,0.774037662
Muscle_only,PTMSIGDB,PTMSIGDB_PATH-NP,15439,PTMSIGDB_PATH-NP_IL11_PATHWAY,PTMSIGDB_PATH-NP_IL11_PATHWAY,7,17,0.412,2,3836,15818,0.536240524,0.774037662
Muscle_only,PTMSIGDB,PTMSIGDB_PERT-P100-DIA2,15492,PTMSIGDB_PERT-P100-DIA2_CC-401,PTMSIGDB_PERT-P100-DIA2_CC-401,70,154,0.455,17,3836,15818,0.543446094,0.780809595
Muscle_only,PTMSIGDB,PTMSIGDB_KINASE-iKiP,15118,PTMSIGDB_KINASE-iKiP_AKT3,PTMSIGDB_KINASE-iKiP_AKT3,24,58,0.414,6,3836,15818,0.544151841,0.780809595
Muscle_only,PTMSIGDB,PTMSIGDB_PERT-P100-DIA2,15504,PTMSIGDB_PERT-P100-DIA2_DECITABINE,PTMSIGDB_PERT-P100-DIA2_DECITABINE,58,150,0.387,14,3836,15818,0.558651187,0.799250223
Muscle_only,PTMSIGDB,PTMSIGDB_PERT-P100-DIA2,15578,PTMSIGDB_PERT-P100-DIA2_TOFACITINIB,PTMSIGDB_PERT-P100-DIA2_TOFACITINIB,54,117,0.462,13,3836,15818,0.564544074,0.802730189
Muscle_only,PTMSIGDB,PTMSIGDB_KINASE-iKiP,15243,PTMSIGDB_KINASE-iKiP_LATS2,PTMSIGDB_KINASE-iKiP_LATS2,33,94,0.351,8,3836,15818,0.567370703,0.802730189
Muscle_only,PTMSIGDB,PTMSIGDB_KINASE-iKiP,15167,PTMSIGDB_KINASE-iKiP_CLK3,PTMSIGDB_KINASE-iKiP_CLK3,16,45,0.356,4,3836,15818,0.567704031,0.802730189
Muscle_only,PTMSIGDB,PTMSIGDB_PERT-PSP,15672,PTMSIGDB_PERT-PSP_IGF_1,PTMSIGDB_PERT-PSP_IGF_1,16,36,0.444,4,3836,15818,0.567704031,0.802730189
Muscle_only,PTMSIGDB,PTMSIGDB_KINASE-iKiP,15131,PTMSIGDB_KINASE-iKiP_BRSK2,PTMSIGDB_KINASE-iKiP_BRSK2,12,32,0.375,3,3836,15818,0.58584898,0.823584798
Muscle_only,PTMSIGDB,PTMSIGDB_KINASE-iKiP,15175,PTMSIGDB_KINASE-iKiP_CSNK1G3,PTMSIGDB_KINASE-iKiP_CSNK1G3,12,82,0.146,3,3836,15818,0.58584898,0.823584798
Muscle_only,PTMSIGDB,PTMSIGDB_KINASE-iKiP,15370,PTMSIGDB_KINASE-iKiP_RPS6KA4.MSK2,PTMSIGDB_KINASE-iKiP_RPS6KA4.MSK2,25,64,0.391,6,3836,15818,0.588340401,0.824696804
Muscle_only,PTMSIGDB,PTMSIGDB_KINASE-iKiP,15389,PTMSIGDB_KINASE-iKiP_STK26,PTMSIGDB_KINASE-iKiP_STK26,21,149,0.141,5,3836,15818,0.602272246,0.84179262
Muscle_only,PTMSIGDB,PTMSIGDB_KINASE-iKiP,15292,PTMSIGDB_KINASE-iKiP_MINK1,PTMSIGDB_KINASE-iKiP_MINK1,8,118,0.068,2,3836,15818,0.61403172,0.850872526
Muscle_only,PTMSIGDB,PTMSIGDB_PATH-NP,15459,PTMSIGDB_PATH-NP_T_CELL_RECEPTOR_PATHWAY,PTMSIGDB_PATH-NP_T_CELL_RECEPTOR_PATHWAY,8,44,0.182,2,3836,15818,0.61403172,0.850872526
Muscle_only,PTMSIGDB,PTMSIGDB_PERT-PSP,15724,PTMSIGDB_PERT-PSP_VANADATE,PTMSIGDB_PERT-PSP_VANADATE,8,30,0.267,2,3836,15818,0.61403172,0.850872526
Muscle_only,PTMSIGDB,PTMSIGDB_KINASE-iKiP,15180,PTMSIGDB_KINASE-iKiP_DCLK2,PTMSIGDB_KINASE-iKiP_DCLK2,26,86,0.302,6,3836,15818,0.630180752,0.86828882
Muscle_only,PTMSIGDB,PTMSIGDB_PERT-PSP,15626,PTMSIGDB_PERT-PSP_ANTI_CD3,PTMSIGDB_PERT-PSP_ANTI_CD3,26,74,0.351,6,3836,15818,0.630180752,0.86828882
Muscle_only,PTMSIGDB,PTMSIGDB_KINASE-iKiP,15135,PTMSIGDB_KINASE-iKiP_CAMK1D,PTMSIGDB_KINASE-iKiP_CAMK1D,13,30,0.433,3,3836,15818,0.64441873,0.881422042
Muscle_only,PTMSIGDB,PTMSIGDB_KINASE-iKiP,15363,PTMSIGDB_KINASE-iKiP_RIPK5,PTMSIGDB_KINASE-iKiP_RIPK5,13,124,0.105,3,3836,15818,0.64441873,0.881422042
Muscle_only,PTMSIGDB,PTMSIGDB_KINASE-iKiP,15295,PTMSIGDB_KINASE-iKiP_MOK,PTMSIGDB_KINASE-iKiP_MOK,22,79,0.278,5,3836,15818,0.646981953,0.881422042
Muscle_only,PTMSIGDB,PTMSIGDB_KINASE-iKiP,15355,PTMSIGDB_KINASE-iKiP_PRKD2,PTMSIGDB_KINASE-iKiP_PRKD2,22,61,0.361,5,3836,15818,0.646981953,0.881422042
Muscle_only,PTMSIGDB,PTMSIGDB_KINASE-iKiP,15379,PTMSIGDB_KINASE-iKiP_SIK2,PTMSIGDB_KINASE-iKiP_SIK2,57,195,0.292,13,3836,15818,0.6504813,0.883707088
Muscle_only,PTMSIGDB,PTMSIGDB_KINASE-iKiP,15161,PTMSIGDB_KINASE-iKiP_CGK2,PTMSIGDB_KINASE-iKiP_CGK2,31,83,0.373,7,3836,15818,0.653735553,0.885647327
Muscle_only,PTMSIGDB,PTMSIGDB_KINASE-iKiP,15315,PTMSIGDB_KINASE-iKiP_NUAK2,PTMSIGDB_KINASE-iKiP_NUAK2,18,79,0.228,4,3836,15818,0.668279208,0.900456348
Muscle_only,PTMSIGDB,PTMSIGDB_PERT-P100-DIA2,15566,PTMSIGDB_PERT-P100-DIA2_SELUMETINIB,PTMSIGDB_PERT-P100-DIA2_SELUMETINIB,84,197,0.426,19,3836,15818,0.677280516,0.900456348
Muscle_only,PTMSIGDB,PTMSIGDB_KINASE-PSP,14916,PTMSIGDB_KINASE-PSP_Cot/MAP3K8,PTMSIGDB_KINASE-PSP_Cot/MAP3K8,9,25,0.36,2,3836,15818,0.681376247,0.900456348
Muscle_only,PTMSIGDB,PTMSIGDB_KINASE-PSP,14949,PTMSIGDB_KINASE-PSP_HIPK2,PTMSIGDB_KINASE-PSP_HIPK2,9,60,0.15,2,3836,15818,0.681376247,0.900456348
Muscle_only,PTMSIGDB,PTMSIGDB_KINASE-PSP,15046,PTMSIGDB_KINASE-PSP_PKCI/PRKCI,PTMSIGDB_KINASE-PSP_PKCI/PRKCI,9,47,0.191,2,3836,15818,0.681376247,0.900456348
Muscle_only,PTMSIGDB,PTMSIGDB_KINASE-iKiP,15119,PTMSIGDB_KINASE-iKiP_ALK,PTMSIGDB_KINASE-iKiP_ALK,9,120,0.075,2,3836,15818,0.681376247,0.900456348
Muscle_only,PTMSIGDB,PTMSIGDB_KINASE-iKiP,15346,PTMSIGDB_KINASE-iKiP_PRKCB2.PRKCB,PTMSIGDB_KINASE-iKiP_PRKCB2.PRKCB,9,33,0.273,2,3836,15818,0.681376247,0.900456348
Muscle_only,PTMSIGDB,PTMSIGDB_KINASE-iKiP,15387,PTMSIGDB_KINASE-iKiP_STK24,PTMSIGDB_KINASE-iKiP_STK24,9,116,0.078,2,3836,15818,0.681376247,0.900456348
Muscle_only,PTMSIGDB,PTMSIGDB_PERT-PSP,15726,PTMSIGDB_PERT-PSP_VIRUS_INFECTION,PTMSIGDB_PERT-PSP_VIRUS_INFECTION,9,30,0.3,2,3836,15818,0.681376247,0.900456348
Muscle_only,PTMSIGDB,PTMSIGDB_KINASE-iKiP,15410,PTMSIGDB_KINASE-iKiP_TSSK2,PTMSIGDB_KINASE-iKiP_TSSK2,23,73,0.315,5,3836,15818,0.688374064,0.902143555
Muscle_only,PTMSIGDB,PTMSIGDB_KINASE-iKiP,15415,PTMSIGDB_KINASE-iKiP_ULK3,PTMSIGDB_KINASE-iKiP_ULK3,23,123,0.187,5,3836,15818,0.688374064,0.902143555
Muscle_only,PTMSIGDB,PTMSIGDB_PERT-P100-DIA2,15538,PTMSIGDB_PERT-P100-DIA2_LOSMAPIMOD,PTMSIGDB_PERT-P100-DIA2_LOSMAPIMOD,76,179,0.425,17,3836,15818,0.691648833,0.902143555
Muscle_only,PTMSIGDB,PTMSIGDB_PERT-P100-DIA2,15568,PTMSIGDB_PERT-P100-DIA2_SIROLIMUS,PTMSIGDB_PERT-P100-DIA2_SIROLIMUS,41,100,0.41,9,3836,15818,0.692292351,0.902143555
Muscle_only,PTMSIGDB,PTMSIGDB_KINASE-iKiP,15256,PTMSIGDB_KINASE-iKiP_MAP2K7,PTMSIGDB_KINASE-iKiP_MAP2K7,14,28,0.5,3,3836,15818,0.696850707,0.902143555
Muscle_only,PTMSIGDB,PTMSIGDB_KINASE-iKiP,15266,PTMSIGDB_KINASE-iKiP_MAP4K2,PTMSIGDB_KINASE-iKiP_MAP4K2,14,106,0.132,3,3836,15818,0.696850707,0.902143555
Muscle_only,PTMSIGDB,PTMSIGDB_KINASE-iKiP,15397,PTMSIGDB_KINASE-iKiP_TAOK1,PTMSIGDB_KINASE-iKiP_TAOK1,14,72,0.194,3,3836,15818,0.696850707,0.902143555
Muscle_only,PTMSIGDB,PTMSIGDB_KINASE-iKiP,15189,PTMSIGDB_KINASE-iKiP_EIF2AK1,PTMSIGDB_KINASE-iKiP_EIF2AK1,24,64,0.375,5,3836,15818,0.726327281,0.902143555
Muscle_only,PTMSIGDB,PTMSIGDB_PERT-P100-DIA2,15518,PTMSIGDB_PERT-P100-DIA2_FLAVOPIRIDOL,PTMSIGDB_PERT-P100-DIA2_FLAVOPIRIDOL,91,193,0.472,20,3836,15818,0.731348462,0.902143555
Muscle_only,PTMSIGDB,PTMSIGDB_KINASE-iKiP,15219,PTMSIGDB_KINASE-iKiP_GRK5,PTMSIGDB_KINASE-iKiP_GRK5,38,169,0.225,8,3836,15818,0.735595478,0.902143555
Muscle_only,PTMSIGDB,PTMSIGDB_KINASE-iKiP,15283,PTMSIGDB_KINASE-iKiP_MARK1,PTMSIGDB_KINASE-iKiP_MARK1,38,138,0.275,8,3836,15818,0.735595478,0.902143555
Muscle_only,PTMSIGDB,PTMSIGDB_KINASE-iKiP,15377,PTMSIGDB_KINASE-iKiP_SGK3,PTMSIGDB_KINASE-iKiP_SGK3,38,143,0.266,8,3836,15818,0.735595478,0.902143555
Muscle_only,PTMSIGDB,PTMSIGDB_KINASE-PSP,15040,PTMSIGDB_KINASE-PSP_PKCB/PRKCB,PTMSIGDB_KINASE-PSP_PKCB/PRKCB,10,65,0.154,2,3836,15818,0.738764889,0.902143555
Muscle_only,PTMSIGDB,PTMSIGDB_KINASE-iKiP,15383,PTMSIGDB_KINASE-iKiP_SRPK3,PTMSIGDB_KINASE-iKiP_SRPK3,10,24,0.417,2,3836,15818,0.738764889,0.902143555
Muscle_only,PTMSIGDB,PTMSIGDB_PERT-PSP,15665,PTMSIGDB_PERT-PSP_HGF,PTMSIGDB_PERT-PSP_HGF,10,24,0.417,2,3836,15818,0.738764889,0.902143555
Muscle_only,PTMSIGDB,PTMSIGDB_PERT-PSP,15685,PTMSIGDB_PERT-PSP_LPA,PTMSIGDB_PERT-PSP_LPA,10,18,0.556,2,3836,15818,0.738764889,0.902143555
Muscle_only,PTMSIGDB,PTMSIGDB_KINASE-iKiP,15221,PTMSIGDB_KINASE-iKiP_GSK3A,PTMSIGDB_KINASE-iKiP_GSK3A,15,31,0.484,3,3836,15818,0.743185416,0.902143555
Muscle_only,PTMSIGDB,PTMSIGDB_KINASE-iKiP,15331,PTMSIGDB_KINASE-iKiP_PIK3R5,PTMSIGDB_KINASE-iKiP_PIK3R5,15,32,0.469,3,3836,15818,0.743185416,0.902143555
Muscle_only,PTMSIGDB,PTMSIGDB_KINASE-iKiP,15423,PTMSIGDB_KINASE-iKiP_ZAK,PTMSIGDB_KINASE-iKiP_ZAK,15,96,0.156,3,3836,15818,0.743185416,0.902143555
Muscle_only,PTMSIGDB,PTMSIGDB_DISEASE-PSP,14795,PTMSIGDB_DISEASE-PSP_SLE,PTMSIGDB_DISEASE-PSP_SLE,5,9,0.556,1,3836,15818,0.750654921,0.902143555
Muscle_only,PTMSIGDB,PTMSIGDB_DISEASE-PSP,14829,PTMSIGDB_DISEASE-PSP_medullary_thyroid_carcinoma,PTMSIGDB_DISEASE-PSP_medullary_thyroid_carcinoma,5,5,1,1,3836,15818,0.750654921,0.902143555
Muscle_only,PTMSIGDB,PTMSIGDB_DISEASE-PSP,14843,PTMSIGDB_DISEASE-PSP_pancreatic_ductal_adenocarcinoma,PTMSIGDB_DISEASE-PSP_pancreatic_ductal...(14843),5,36,0.139,1,3836,15818,0.750654921,0.902143555
Muscle_only,PTMSIGDB,PTMSIGDB_DISEASE-PSP,14846,PTMSIGDB_DISEASE-PSP_schizophrenia,PTMSIGDB_DISEASE-PSP_schizophrenia,5,7,0.714,1,3836,15818,0.750654921,0.902143555
Muscle_only,PTMSIGDB,PTMSIGDB_KINASE-PSP,15030,PTMSIGDB_KINASE-PSP_PDHK1/PDK1,PTMSIGDB_KINASE-PSP_PDHK1/PDK1,5,6,0.833,1,3836,15818,0.750654921,0.902143555
Muscle_only,PTMSIGDB,PTMSIGDB_KINASE-PSP,15031,PTMSIGDB_KINASE-PSP_PDHK2/PDK2,PTMSIGDB_KINASE-PSP_PDHK2/PDK2,5,5,1,1,3836,15818,0.750654921,0.902143555
Muscle_only,PTMSIGDB,PTMSIGDB_KINASE-PSP,15032,PTMSIGDB_KINASE-PSP_PDHK4/PDK4,PTMSIGDB_KINASE-PSP_PDHK4/PDK4,5,5,1,1,3836,15818,0.750654921,0.902143555
Muscle_only,PTMSIGDB,PTMSIGDB_KINASE-PSP,15044,PTMSIGDB_KINASE-PSP_PKCG/PRKCG,PTMSIGDB_KINASE-PSP_PKCG/PRKCG,5,35,0.143,1,3836,15818,0.750654921,0.902143555
Muscle_only,PTMSIGDB,PTMSIGDB_KINASE-PSP,15051,PTMSIGDB_KINASE-PSP_PKG2/PRKG2,PTMSIGDB_KINASE-PSP_PKG2/PRKG2,5,15,0.333,1,3836,15818,0.750654921,0.902143555
Muscle_only,PTMSIGDB,PTMSIGDB_KINASE-PSP,15111,PTMSIGDB_KINASE-PSP_smMLCK/MYLK,PTMSIGDB_KINASE-PSP_smMLCK/MYLK,5,5,1,1,3836,15818,0.750654921,0.902143555
Muscle_only,PTMSIGDB,PTMSIGDB_KINASE-iKiP,15235,PTMSIGDB_KINASE-iKiP_IRAK4,PTMSIGDB_KINASE-iKiP_IRAK4,5,56,0.089,1,3836,15818,0.750654921,0.902143555
Muscle_only,PTMSIGDB,PTMSIGDB_KINASE-iKiP,15322,PTMSIGDB_KINASE-iKiP_PAK6,PTMSIGDB_KINASE-iKiP_PAK6,5,22,0.227,1,3836,15818,0.750654921,0.902143555
Muscle_only,PTMSIGDB,PTMSIGDB_KINASE-iKiP,15362,PTMSIGDB_KINASE-iKiP_RET,PTMSIGDB_KINASE-iKiP_RET,5,106,0.047,1,3836,15818,0.750654921,0.902143555
Muscle_only,PTMSIGDB,PTMSIGDB_KINASE-iKiP,15366,PTMSIGDB_KINASE-iKiP_ROS1,PTMSIGDB_KINASE-iKiP_ROS1,5,76,0.066,1,3836,15818,0.750654921,0.902143555
Muscle_only,PTMSIGDB,PTMSIGDB_KINASE-iKiP,15386,PTMSIGDB_KINASE-iKiP_STK16,PTMSIGDB_KINASE-iKiP_STK16,5,20,0.25,1,3836,15818,0.750654921,0.902143555
Muscle_only,PTMSIGDB,PTMSIGDB_PERT-PSP,15621,PTMSIGDB_PERT-PSP_AG1478,PTMSIGDB_PERT-PSP_AG1478,5,7,0.714,1,3836,15818,0.750654921,0.902143555
Muscle_only,PTMSIGDB,PTMSIGDB_KINASE-iKiP,15220,PTMSIGDB_KINASE-iKiP_GRK7,PTMSIGDB_KINASE-iKiP_GRK7,20,109,0.183,4,3836,15818,0.751476281,0.902143555
Muscle_only,PTMSIGDB,PTMSIGDB_KINASE-iKiP,15268,PTMSIGDB_KINASE-iKiP_MAP4K5.KHS1,PTMSIGDB_KINASE-iKiP_MAP4K5.KHS1,20,152,0.132,4,3836,15818,0.751476281,0.902143555
Muscle_only,PTMSIGDB,PTMSIGDB_KINASE-iKiP,15344,PTMSIGDB_KINASE-iKiP_PRKCB,PTMSIGDB_KINASE-iKiP_PRKCB,53,159,0.333,11,3836,15818,0.771241247,0.922044439
Muscle_only,PTMSIGDB,PTMSIGDB_KINASE-iKiP,15345,PTMSIGDB_KINASE-iKiP_PRKCB1.PRKCB,PTMSIGDB_KINASE-iKiP_PRKCB1.PRKCB,16,46,0.348,3,3836,15818,0.783681121,0.922044439
Muscle_only,PTMSIGDB,PTMSIGDB_KINASE-iKiP,15405,PTMSIGDB_KINASE-iKiP_TLK1,PTMSIGDB_KINASE-iKiP_TLK1,16,184,0.087,3,3836,15818,0.783681121,0.922044439
Muscle_only,PTMSIGDB,PTMSIGDB_KINASE-iKiP,15140,PTMSIGDB_KINASE-iKiP_CAMK4,PTMSIGDB_KINASE-iKiP_CAMK4,21,48,0.438,4,3836,15818,0.786583113,0.922044439
Muscle_only,PTMSIGDB,PTMSIGDB_KINASE-PSP,15033,PTMSIGDB_KINASE-PSP_PDK1/PDPK1,PTMSIGDB_KINASE-PSP_PDK1/PDPK1,11,33,0.333,2,3836,15818,0.787064738,0.922044439
Muscle_only,PTMSIGDB,PTMSIGDB_KINASE-iKiP,15179,PTMSIGDB_KINASE-iKiP_DCLK1,PTMSIGDB_KINASE-iKiP_DCLK1,11,26,0.423,2,3836,15818,0.787064738,0.922044439
Muscle_only,PTMSIGDB,PTMSIGDB_KINASE-iKiP,15244,PTMSIGDB_KINASE-iKiP_LCK,PTMSIGDB_KINASE-iKiP_LCK,11,101,0.109,2,3836,15818,0.787064738,0.922044439
Muscle_only,PTMSIGDB,PTMSIGDB_KINASE-iKiP,15313,PTMSIGDB_KINASE-iKiP_NTRK3,PTMSIGDB_KINASE-iKiP_NTRK3,11,166,0.066,2,3836,15818,0.787064738,0.922044439
Muscle_only,PTMSIGDB,PTMSIGDB_KINASE-iKiP,15321,PTMSIGDB_KINASE-iKiP_PAK5,PTMSIGDB_KINASE-iKiP_PAK5,11,35,0.314,2,3836,15818,0.787064738,0.922044439
Muscle_only,PTMSIGDB,PTMSIGDB_KINASE-iKiP,15364,PTMSIGDB_KINASE-iKiP_ROCK1,PTMSIGDB_KINASE-iKiP_ROCK1,11,39,0.282,2,3836,15818,0.787064738,0.922044439
Muscle_only,PTMSIGDB,PTMSIGDB_DISEASE-PSP,14816,PTMSIGDB_DISEASE-PSP_endometrial_cancer,PTMSIGDB_DISEASE-PSP_endometrial_cancer,6,20,0.3,1,3836,15818,0.81114235,0.930033191
Muscle_only,PTMSIGDB,PTMSIGDB_KINASE-PSP,14919,PTMSIGDB_KINASE-PSP_DNAPK/PRKDC,PTMSIGDB_KINASE-PSP_DNAPK/PRKDC,6,138,0.043,1,3836,15818,0.81114235,0.930033191
Muscle_only,PTMSIGDB,PTMSIGDB_KINASE-PSP,14922,PTMSIGDB_KINASE-PSP_DYRK2,PTMSIGDB_KINASE-PSP_DYRK2,6,46,0.13,1,3836,15818,0.81114235,0.930033191
Muscle_only,PTMSIGDB,PTMSIGDB_KINASE-iKiP,15130,PTMSIGDB_KINASE-iKiP_BRSK1,PTMSIGDB_KINASE-iKiP_BRSK1,6,18,0.333,1,3836,15818,0.81114235,0.930033191
Muscle_only,PTMSIGDB,PTMSIGDB_KINASE-iKiP,15188,PTMSIGDB_KINASE-iKiP_EGFR,PTMSIGDB_KINASE-iKiP_EGFR,6,91,0.066,1,3836,15818,0.81114235,0.930033191
Muscle_only,PTMSIGDB,PTMSIGDB_KINASE-iKiP,15421,PTMSIGDB_KINASE-iKiP_WNK3,PTMSIGDB_KINASE-iKiP_WNK3,6,36,0.167,1,3836,15818,0.81114235,0.930033191
Muscle_only,PTMSIGDB,PTMSIGDB_PERT-PSP,15651,PTMSIGDB_PERT-PSP_FGF1,PTMSIGDB_PERT-PSP_FGF1,6,10,0.6,1,3836,15818,0.81114235,0.930033191
Muscle_only,PTMSIGDB,PTMSIGDB_PERT-PSP,15671,PTMSIGDB_PERT-PSP_IFN_GAMMA,PTMSIGDB_PERT-PSP_IFN_GAMMA,6,9,0.667,1,3836,15818,0.81114235,0.930033191
Muscle_only,PTMSIGDB,PTMSIGDB_PERT-PSP,15682,PTMSIGDB_PERT-PSP_LAPATINIB,PTMSIGDB_PERT-PSP_LAPATINIB,6,9,0.667,1,3836,15818,0.81114235,0.930033191
Muscle_only,PTMSIGDB,PTMSIGDB_KINASE-iKiP,15114,PTMSIGDB_KINASE-iKiP_ACVR1.ALK2,PTMSIGDB_KINASE-iKiP_ACVR1.ALK2,46,157,0.293,9,3836,15818,0.818650004,0.932128852
Muscle_only,PTMSIGDB,PTMSIGDB_KINASE-iKiP,15164,PTMSIGDB_KINASE-iKiP_CHUK.IKKA,PTMSIGDB_KINASE-iKiP_CHUK.IKKA,17,82,0.207,3,3836,15818,0.818735858,0.932128852
Muscle_only,PTMSIGDB,PTMSIGDB_KINASE-iKiP,15267,PTMSIGDB_KINASE-iKiP_MAP4K4.HGK,PTMSIGDB_KINASE-iKiP_MAP4K4.HGK,17,154,0.11,3,3836,15818,0.818735858,0.932128852
Muscle_only,PTMSIGDB,PTMSIGDB_KINASE-iKiP,15115,PTMSIGDB_KINASE-iKiP_ACVR2A,PTMSIGDB_KINASE-iKiP_ACVR2A,12,45,0.267,2,3836,15818,0.82730789,0.937486744
Muscle_only,PTMSIGDB,PTMSIGDB_KINASE-iKiP,15343,PTMSIGDB_KINASE-iKiP_PRKCA,PTMSIGDB_KINASE-iKiP_PRKCA,12,74,0.162,2,3836,15818,0.82730789,0.937486744
Muscle_only,PTMSIGDB,PTMSIGDB_KINASE-iKiP,15378,PTMSIGDB_KINASE-iKiP_SIK1,PTMSIGDB_KINASE-iKiP_SIK1,61,185,0.33,12,3836,15818,0.837841106,0.937914214
Muscle_only,PTMSIGDB,PTMSIGDB_KINASE-iKiP,15371,PTMSIGDB_KINASE-iKiP_RPS6KA5.MSK1,PTMSIGDB_KINASE-iKiP_RPS6KA5.MSK1,89,198,0.449,18,3836,15818,0.844687038,0.937914214
Muscle_only,PTMSIGDB,PTMSIGDB_KINASE-iKiP,15328,PTMSIGDB_KINASE-iKiP_PHKG2,PTMSIGDB_KINASE-iKiP_PHKG2,18,71,0.254,3,3836,15818,0.848827188,0.937914214
Muscle_only,PTMSIGDB,PTMSIGDB_PERT-P100-DIA2,15515,PTMSIGDB_PERT-P100-DIA2_EVEROLIMUS,PTMSIGDB_PERT-P100-DIA2_EVEROLIMUS,38,106,0.358,7,3836,15818,0.849080012,0.937914214
Muscle_only,PTMSIGDB,PTMSIGDB_KINASE-PSP,15067,PTMSIGDB_KINASE-PSP_RAF1,PTMSIGDB_KINASE-PSP_RAF1,7,13,0.538,1,3836,15818,0.856959321,0.937914214
Muscle_only,PTMSIGDB,PTMSIGDB_KINASE-PSP,15084,PTMSIGDB_KINASE-PSP_TAK1/MAP3K7,PTMSIGDB_KINASE-PSP_TAK1/MAP3K7,7,38,0.184,1,3836,15818,0.856959321,0.937914214
Muscle_only,PTMSIGDB,PTMSIGDB_KINASE-iKiP,15206,PTMSIGDB_KINASE-iKiP_FER,PTMSIGDB_KINASE-iKiP_FER,7,133,0.053,1,3836,15818,0.856959321,0.937914214
Muscle_only,PTMSIGDB,PTMSIGDB_KINASE-iKiP,15239,PTMSIGDB_KINASE-iKiP_JAK3,PTMSIGDB_KINASE-iKiP_JAK3,7,106,0.066,1,3836,15818,0.856959321,0.937914214
Muscle_only,PTMSIGDB,PTMSIGDB_KINASE-iKiP,15246,PTMSIGDB_KINASE-iKiP_LRRK2,PTMSIGDB_KINASE-iKiP_LRRK2,7,14,0.5,1,3836,15818,0.856959321,0.937914214
Muscle_only,PTMSIGDB,PTMSIGDB_KINASE-iKiP,15255,PTMSIGDB_KINASE-iKiP_MAP2K6,PTMSIGDB_KINASE-iKiP_MAP2K6,7,16,0.438,1,3836,15818,0.856959321,0.937914214
Muscle_only,PTMSIGDB,PTMSIGDB_KINASE-iKiP,15263,PTMSIGDB_KINASE-iKiP_MAP3K7,PTMSIGDB_KINASE-iKiP_MAP3K7,7,51,0.137,1,3836,15818,0.856959321,0.937914214
Muscle_only,PTMSIGDB,PTMSIGDB_KINASE-iKiP,15422,PTMSIGDB_KINASE-iKiP_YES1,PTMSIGDB_KINASE-iKiP_YES1,7,90,0.078,1,3836,15818,0.856959321,0.937914214
Muscle_only,PTMSIGDB,PTMSIGDB_PERT-P100-PRM,15601,PTMSIGDB_PERT-P100-PRM_DACTOLISIB,PTMSIGDB_PERT-P100-PRM_DACTOLISIB,7,10,0.7,1,3836,15818,0.856959321,0.937914214
Muscle_only,PTMSIGDB,PTMSIGDB_PERT-PSP,15727,PTMSIGDB_PERT-PSP_WORTMANNIN,PTMSIGDB_PERT-PSP_WORTMANNIN,7,12,0.583,1,3836,15818,0.856959321,0.937914214
Muscle_only,PTMSIGDB,PTMSIGDB_DISEASE-PSP,14784,PTMSIGDB_DISEASE-PSP_HNSCC,PTMSIGDB_DISEASE-PSP_HNSCC,13,44,0.295,2,3836,15818,0.860560464,0.937914214
Muscle_only,PTMSIGDB,PTMSIGDB_KINASE-PSP,15073,PTMSIGDB_KINASE-PSP_RSK2/RPS6KA3,PTMSIGDB_KINASE-PSP_RSK2/RPS6KA3,13,54,0.241,2,3836,15818,0.860560464,0.937914214
Muscle_only,PTMSIGDB,PTMSIGDB_KINASE-iKiP,15251,PTMSIGDB_KINASE-iKiP_MAP2K2,PTMSIGDB_KINASE-iKiP_MAP2K2,13,24,0.542,2,3836,15818,0.860560464,0.937914214
Muscle_only,PTMSIGDB,PTMSIGDB_KINASE-iKiP,15124,PTMSIGDB_KINASE-iKiP_AURKC,PTMSIGDB_KINASE-iKiP_AURKC,34,161,0.211,6,3836,15818,0.866485314,0.942254209
Muscle_only,PTMSIGDB,PTMSIGDB_KINASE-iKiP,15172,PTMSIGDB_KINASE-iKiP_CSNK1E.CK1E,PTMSIGDB_KINASE-iKiP_CSNK1E.CK1E,19,114,0.167,3,3836,15818,0.874467429,0.948806942
Muscle_only,PTMSIGDB,PTMSIGDB_KINASE-iKiP,15174,PTMSIGDB_KINASE-iKiP_CSNK1G2,PTMSIGDB_KINASE-iKiP_CSNK1G2,30,155,0.194,5,3836,15818,0.885620372,0.958763126
Muscle_only,PTMSIGDB,PTMSIGDB_KINASE-iKiP,15178,PTMSIGDB_KINASE-iKiP_DAPK1,PTMSIGDB_KINASE-iKiP_DAPK1,14,47,0.298,2,3836,15818,0.887845424,0.959031248
Muscle_only,PTMSIGDB,PTMSIGDB_KINASE-iKiP,15245,PTMSIGDB_KINASE-iKiP_LIMK1,PTMSIGDB_KINASE-iKiP_LIMK1,8,43,0.186,1,3836,15818,0.891663264,0.961014851
Muscle_only,PTMSIGDB,PTMSIGDB_KINASE-iKiP,15357,PTMSIGDB_KINASE-iKiP_PRKG1,PTMSIGDB_KINASE-iKiP_PRKG1,36,86,0.419,6,3836,15818,0.900343326,0.968218433
Muscle_only,PTMSIGDB,PTMSIGDB_KINASE-iKiP,15303,PTMSIGDB_KINASE-iKiP_NEK2,PTMSIGDB_KINASE-iKiP_NEK2,26,199,0.131,4,3836,15818,0.906673629,0.969946261
Muscle_only,PTMSIGDB,PTMSIGDB_KINASE-iKiP,15307,PTMSIGDB_KINASE-iKiP_NEK9,PTMSIGDB_KINASE-iKiP_NEK9,26,183,0.142,4,3836,15818,0.906673629,0.969946261
Muscle_only,PTMSIGDB,PTMSIGDB_KINASE-PSP,15071,PTMSIGDB_KINASE-PSP_ROCK1,PTMSIGDB_KINASE-PSP_ROCK1,15,67,0.224,2,3836,15818,0.910100809,0.969946261
Muscle_only,PTMSIGDB,PTMSIGDB_PERT-PSP,15650,PTMSIGDB_PERT-PSP_EXERCISE,PTMSIGDB_PERT-PSP_EXERCISE,15,21,0.714,2,3836,15818,0.910100809,0.969946261
Muscle_only,PTMSIGDB,PTMSIGDB_KINASE-iKiP,15249,PTMSIGDB_KINASE-iKiP_LYNB.LYN,PTMSIGDB_KINASE-iKiP_LYNB.LYN,9,133,0.068,1,3836,15818,0.917949141,0.969946261
Muscle_only,PTMSIGDB,PTMSIGDB_KINASE-iKiP,15257,PTMSIGDB_KINASE-iKiP_MAP3K1,PTMSIGDB_KINASE-iKiP_MAP3K1,9,82,0.11,1,3836,15818,0.917949141,0.969946261
Muscle_only,PTMSIGDB,PTMSIGDB_KINASE-iKiP,15336,PTMSIGDB_KINASE-iKiP_PKN2,PTMSIGDB_KINASE-iKiP_PKN2,9,23,0.391,1,3836,15818,0.917949141,0.969946261
Muscle_only,PTMSIGDB,PTMSIGDB_KINASE-iKiP,15395,PTMSIGDB_KINASE-iKiP_STK4,PTMSIGDB_KINASE-iKiP_STK4,9,138,0.065,1,3836,15818,0.917949141,0.969946261
Muscle_only,PTMSIGDB,PTMSIGDB_KINASE-iKiP,15339,PTMSIGDB_KINASE-iKiP_PLK3,PTMSIGDB_KINASE-iKiP_PLK3,48,233,0.206,8,3836,15818,0.923907247,0.972896276
Muscle_only,PTMSIGDB,PTMSIGDB_KINASE-iKiP,15171,PTMSIGDB_KINASE-iKiP_CSNK1D.CK1D,PTMSIGDB_KINASE-iKiP_CSNK1D.CK1D,43,206,0.209,7,3836,15818,0.924752955,0.972896276
Muscle_only,PTMSIGDB,PTMSIGDB_KINASE-PSP,15059,PTMSIGDB_KINASE-PSP_PRKD1,PTMSIGDB_KINASE-PSP_PRKD1,22,78,0.282,3,3836,15818,0.929725616,0.976010658
Muscle_only,PTMSIGDB,PTMSIGDB_KINASE-PSP,14863,PTMSIGDB_KINASE-PSP_Akt2/AKT2,PTMSIGDB_KINASE-PSP_Akt2/AKT2,10,73,0.137,1,3836,15818,0.937858503,0.980304685
Muscle_only,PTMSIGDB,PTMSIGDB_KINASE-PSP,15048,PTMSIGDB_KINASE-PSP_PKCZ/PRKCZ,PTMSIGDB_KINASE-PSP_PKCZ/PRKCZ,10,94,0.106,1,3836,15818,0.937858503,0.980304685
Muscle_only,PTMSIGDB,PTMSIGDB_PERT-P100-DIA2,15543,PTMSIGDB_PERT-P100-DIA2_MS-275,PTMSIGDB_PERT-P100-DIA2_MS-275,55,124,0.444,9,3836,15818,0.94184564,0.982355129
Muscle_only,PTMSIGDB,PTMSIGDB_KINASE-PSP,14867,PTMSIGDB_KINASE-PSP_AurB/AURKB,PTMSIGDB_KINASE-PSP_AurB/AURKB,29,215,0.135,4,3836,15818,0.94558489,0.98413878
Muscle_only,PTMSIGDB,PTMSIGDB_KINASE-iKiP,15406,PTMSIGDB_KINASE-iKiP_TLK2,PTMSIGDB_KINASE-iKiP_TLK2,11,126,0.087,1,3836,15818,0.952937879,0.987383682
Muscle_only,PTMSIGDB,PTMSIGDB_KINASE-PSP,14879,PTMSIGDB_KINASE-PSP_CAMK2A,PTMSIGDB_KINASE-PSP_CAMK2A,18,145,0.124,2,3836,15818,0.954491198,0.987383682
Muscle_only,PTMSIGDB,PTMSIGDB_KINASE-iKiP,15358,PTMSIGDB_KINASE-iKiP_PRKX,PTMSIGDB_KINASE-iKiP_PRKX,30,67,0.448,4,3836,15818,0.9548102,0.987383682
Muscle_only,PTMSIGDB,PTMSIGDB_PERT-P100-DIA2,15475,PTMSIGDB_PERT-P100-DIA2_AFURESERTIB,PTMSIGDB_PERT-P100-DIA2_AFURESERTIB,73,161,0.453,12,3836,15818,0.960211163,0.990342798
Muscle_only,PTMSIGDB,PTMSIGDB_KINASE-iKiP,15122,PTMSIGDB_KINASE-iKiP_AURKA,PTMSIGDB_KINASE-iKiP_AURKA,25,113,0.221,3,3836,15818,0.961755583,0.990342798
Muscle_only,PTMSIGDB,PTMSIGDB_KINASE-iKiP,15404,PTMSIGDB_KINASE-iKiP_TGFBR1,PTMSIGDB_KINASE-iKiP_TGFBR1,19,73,0.26,2,3836,15818,0.963905759,0.990454011
Muscle_only,PTMSIGDB,PTMSIGDB_KINASE-iKiP,15337,PTMSIGDB_KINASE-iKiP_PLK1,PTMSIGDB_KINASE-iKiP_PLK1,20,156,0.128,2,3836,15818,0.97143176,0.991829723
Muscle_only,PTMSIGDB,PTMSIGDB_PATH-WP,15466,PTMSIGDB_PATH-WP_Non-small_cell_lung_cancer,PTMSIGDB_PATH-WP_Non-small_cell_lung_cancer,13,20,0.65,1,3836,15818,0.973008648,0.991829723
Muscle_only,PTMSIGDB,PTMSIGDB_KINASE-iKiP,15231,PTMSIGDB_KINASE-iKiP_IKBKE.IKKE,PTMSIGDB_KINASE-iKiP_IKBKE.IKKE,39,237,0.165,5,3836,15818,0.975366654,0.991829723
Muscle_only,PTMSIGDB,PTMSIGDB_KINASE-iKiP,15173,PTMSIGDB_KINASE-iKiP_CSNK1G1,PTMSIGDB_KINASE-iKiP_CSNK1G1,21,129,0.163,2,3836,15818,0.977431259,0.991829723
Muscle_only,PTMSIGDB,PTMSIGDB_KINASE-iKiP,15400,PTMSIGDB_KINASE-iKiP_TBK1,PTMSIGDB_KINASE-iKiP_TBK1,21,157,0.134,2,3836,15818,0.977431259,0.991829723
Muscle_only,PTMSIGDB,PTMSIGDB_KINASE-iKiP,15390,PTMSIGDB_KINASE-iKiP_STK3,PTMSIGDB_KINASE-iKiP_STK3,14,150,0.093,1,3836,15818,0.979559665,0.991829723
Muscle_only,PTMSIGDB,PTMSIGDB_KINASE-iKiP,15407,PTMSIGDB_KINASE-iKiP_TNIK,PTMSIGDB_KINASE-iKiP_TNIK,14,162,0.086,1,3836,15818,0.979559665,0.991829723
Muscle_only,PTMSIGDB,PTMSIGDB_KINASE-iKiP,15388,PTMSIGDB_KINASE-iKiP_STK25,PTMSIGDB_KINASE-iKiP_STK25,15,117,0.128,1,3836,15818,0.984521012,0.994776439
Muscle_only,PTMSIGDB,PTMSIGDB_KINASE-PSP,15082,PTMSIGDB_KINASE-PSP_Src/SRC,PTMSIGDB_KINASE-PSP_Src/SRC,16,554,0.029,1,3836,15818,0.988278362,0.996496893
Muscle_only,PTMSIGDB,PTMSIGDB_KINASE-iKiP,15301,PTMSIGDB_KINASE-iKiP_NEK1,PTMSIGDB_KINASE-iKiP_NEK1,17,140,0.121,1,3836,15818,0.991123837,0.997292658
Muscle_only,PTMSIGDB,PTMSIGDB_KINASE-iKiP,15305,PTMSIGDB_KINASE-iKiP_NEK6,PTMSIGDB_KINASE-iKiP_NEK6,28,196,0.143,2,3836,15818,0.99584501,0.999684949
Muscle_only,PTMSIGDB,PTMSIGDB_KINASE-iKiP,15306,PTMSIGDB_KINASE-iKiP_NEK7,PTMSIGDB_KINASE-iKiP_NEK7,32,197,0.162,2,3836,15818,0.998459384,0.999684949
Muscle_only,PTMSIGDB,PTMSIGDB_KINASE-iKiP,15265,PTMSIGDB_KINASE-iKiP_MAP3K9.MLK1,PTMSIGDB_KINASE-iKiP_MAP3K9.MLK1,29,211,0.137,1,3836,15818,0.999684949,0.999684949
Adipose_only,PTMSIGDB,PTMSIGDB_KINASE-iKiP,15251,PTMSIGDB_KINASE-iKiP_MAP2K2,PTMSIGDB_KINASE-iKiP_MAP2K2,12,24,0.5,3,225,7217,0.005340081,0.765093876
Adipose_only,PTMSIGDB,PTMSIGDB_PERT-P100-DIA2,15570,PTMSIGDB_PERT-P100-DIA2_SORAFENIB,PTMSIGDB_PERT-P100-DIA2_SORAFENIB,60,209,0.287,6,225,7217,0.010563282,0.765093876
Adipose_only,PTMSIGDB,PTMSIGDB_PERT-P100-DIA2,15538,PTMSIGDB_PERT-P100-DIA2_LOSMAPIMOD,PTMSIGDB_PERT-P100-DIA2_LOSMAPIMOD,61,179,0.341,6,225,7217,0.011419312,0.765093876
Adipose_only,PTMSIGDB,PTMSIGDB_PERT-P100-DIA2,15513,PTMSIGDB_PERT-P100-DIA2_ERLOTINIB,PTMSIGDB_PERT-P100-DIA2_ERLOTINIB,74,224,0.33,6,225,7217,0.027349366,0.877411977
Adipose_only,PTMSIGDB,PTMSIGDB_PERT-P100-DIA2,15543,PTMSIGDB_PERT-P100-DIA2_MS-275,PTMSIGDB_PERT-P100-DIA2_MS-275,38,124,0.306,4,225,7217,0.02963763,0.877411977
Adipose_only,PTMSIGDB,PTMSIGDB_KINASE-iKiP,15250,PTMSIGDB_KINASE-iKiP_MAP2K1,PTMSIGDB_KINASE-iKiP_MAP2K1,10,26,0.385,2,225,7217,0.03692365,0.877411977
Adipose_only,PTMSIGDB,PTMSIGDB_KINASE-iKiP,15256,PTMSIGDB_KINASE-iKiP_MAP2K7,PTMSIGDB_KINASE-iKiP_MAP2K7,10,28,0.357,2,225,7217,0.03692365,0.877411977
Adipose_only,PTMSIGDB,PTMSIGDB_PERT-P100-DIA2,15541,PTMSIGDB_PERT-P100-DIA2_MILRINONE,PTMSIGDB_PERT-P100-DIA2_MILRINONE,65,211,0.308,5,225,7217,0.051363481,0.877411977
Adipose_only,PTMSIGDB,PTMSIGDB_KINASE-iKiP,15154,PTMSIGDB_KINASE-iKiP_CDK5-CDK5R1p35,PTMSIGDB_KINASE-iKiP_CDK5-CDK5R1p35,46,186,0.247,4,225,7217,0.054149331,0.877411977
Adipose_only,PTMSIGDB,PTMSIGDB_PERT-P100-DIA2,15531,PTMSIGDB_PERT-P100-DIA2_ISOPROTERENOL,PTMSIGDB_PERT-P100-DIA2_ISOPROTERENOL,50,185,0.27,4,225,7217,0.069522574,0.877411977
Adipose_only,PTMSIGDB,PTMSIGDB_KINASE-iKiP,15253,PTMSIGDB_KINASE-iKiP_MAP2K4,PTMSIGDB_KINASE-iKiP_MAP2K4,16,41,0.39,2,225,7217,0.087198181,0.877411977
Adipose_only,PTMSIGDB,PTMSIGDB_KINASE-iKiP,15318,PTMSIGDB_KINASE-iKiP_PAK2,PTMSIGDB_KINASE-iKiP_PAK2,36,152,0.237,3,225,7217,0.100769389,0.877411977
Adipose_only,PTMSIGDB,PTMSIGDB_PERT-P100-DIA2,15585,PTMSIGDB_PERT-P100-DIA2_VANDETANIB,PTMSIGDB_PERT-P100-DIA2_VANDETANIB,57,213,0.268,4,225,7217,0.101173575,0.877411977
Adipose_only,PTMSIGDB,PTMSIGDB_KINASE-iKiP,15332,PTMSIGDB_KINASE-iKiP_PIM1,PTMSIGDB_KINASE-iKiP_PIM1,19,141,0.135,2,225,7217,0.117022097,0.877411977
Adipose_only,PTMSIGDB,PTMSIGDB_PERT-P100-DIA2,15569,PTMSIGDB_PERT-P100-DIA2_SMER-3,PTMSIGDB_PERT-P100-DIA2_SMER-3,61,157,0.389,4,225,7217,0.121766834,0.877411977
Adipose_only,PTMSIGDB,PTMSIGDB_PERT-P100-DIA2,15557,PTMSIGDB_PERT-P100-DIA2_REGORAFENIB,PTMSIGDB_PERT-P100-DIA2_REGORAFENIB,65,253,0.257,4,225,7217,0.143992949,0.877411977
Adipose_only,PTMSIGDB,PTMSIGDB_PERT-P100-DIA2,15559,PTMSIGDB_PERT-P100-DIA2_RGFP966,PTMSIGDB_PERT-P100-DIA2_RGFP966,65,161,0.404,4,225,7217,0.143992949,0.877411977
Adipose_only,PTMSIGDB,PTMSIGDB_KINASE-iKiP,15335,PTMSIGDB_KINASE-iKiP_PKN1,PTMSIGDB_KINASE-iKiP_PKN1,5,28,0.179,1,225,7217,0.146498677,0.877411977
Adipose_only,PTMSIGDB,PTMSIGDB_KINASE-iKiP,15346,PTMSIGDB_KINASE-iKiP_PRKCB2.PRKCB,PTMSIGDB_KINASE-iKiP_PRKCB2.PRKCB,5,33,0.152,1,225,7217,0.146498677,0.877411977
Adipose_only,PTMSIGDB,PTMSIGDB_PERT-P100-DIA2,15520,PTMSIGDB_PERT-P100-DIA2_GEFITINIB,PTMSIGDB_PERT-P100-DIA2_GEFITINIB,69,205,0.337,4,225,7217,0.167676613,0.877411977
Adipose_only,PTMSIGDB,PTMSIGDB_KINASE-PSP,15062,PTMSIGDB_KINASE-PSP_Pim1/PIM1,PTMSIGDB_KINASE-PSP_Pim1/PIM1,6,67,0.09,1,225,7217,0.173126214,0.877411977
Adipose_only,PTMSIGDB,PTMSIGDB_KINASE-iKiP,15155,PTMSIGDB_KINASE-iKiP_CDK6-CCND1,PTMSIGDB_KINASE-iKiP_CDK6-CCND1,6,28,0.214,1,225,7217,0.173126214,0.877411977
Adipose_only,PTMSIGDB,PTMSIGDB_KINASE-iKiP,15166,PTMSIGDB_KINASE-iKiP_CLK2,PTMSIGDB_KINASE-iKiP_CLK2,6,26,0.231,1,225,7217,0.173126214,0.877411977
Adipose_only,PTMSIGDB,PTMSIGDB_KINASE-iKiP,15304,PTMSIGDB_KINASE-iKiP_NEK4,PTMSIGDB_KINASE-iKiP_NEK4,6,116,0.052,1,225,7217,0.173126214,0.877411977
Adipose_only,PTMSIGDB,PTMSIGDB_KINASE-iKiP,15407,PTMSIGDB_KINASE-iKiP_TNIK,PTMSIGDB_KINASE-iKiP_TNIK,6,162,0.037,1,225,7217,0.173126214,0.877411977
Adipose_only,PTMSIGDB,PTMSIGDB_KINASE-iKiP,15159,PTMSIGDB_KINASE-iKiP_CDK9-CCNK,PTMSIGDB_KINASE-iKiP_CDK9-CCNK,48,115,0.417,3,225,7217,0.18777178,0.877411977
Adipose_only,PTMSIGDB,PTMSIGDB_PERT-P100-DIA2,15591,PTMSIGDB_PERT-P100-DIA2_VX-970,PTMSIGDB_PERT-P100-DIA2_VX-970,48,175,0.274,3,225,7217,0.18777178,0.877411977
Adipose_only,PTMSIGDB,PTMSIGDB_KINASE-PSP,14888,PTMSIGDB_KINASE-PSP_CDK1,PTMSIGDB_KINASE-PSP_CDK1,73,660,0.111,4,225,7217,0.192630354,0.877411977
Adipose_only,PTMSIGDB,PTMSIGDB_KINASE-iKiP,15321,PTMSIGDB_KINASE-iKiP_PAK5,PTMSIGDB_KINASE-iKiP_PAK5,7,35,0.2,1,225,7217,0.198926602,0.877411977
Adipose_only,PTMSIGDB,PTMSIGDB_KINASE-iKiP,15393,PTMSIGDB_KINASE-iKiP_STK38L,PTMSIGDB_KINASE-iKiP_STK38L,7,25,0.28,1,225,7217,0.198926602,0.877411977
Adipose_only,PTMSIGDB,PTMSIGDB_KINASE-iKiP,15153,PTMSIGDB_KINASE-iKiP_CDK5-CDK5R1p25,PTMSIGDB_KINASE-iKiP_CDK5-CDK5R1p25,50,190,0.263,3,225,7217,0.203803651,0.877411977
Adipose_only,PTMSIGDB,PTMSIGDB_KINASE-iKiP,15377,PTMSIGDB_KINASE-iKiP_SGK3,PTMSIGDB_KINASE-iKiP_SGK3,27,143,0.189,2,225,7217,0.205208308,0.877411977
Adipose_only,PTMSIGDB,PTMSIGDB_PERT-P100-DIA2,15579,PTMSIGDB_PERT-P100-DIA2_TRAMETINIB,PTMSIGDB_PERT-P100-DIA2_TRAMETINIB,75,215,0.349,4,225,7217,0.205522957,0.877411977
Adipose_only,PTMSIGDB,PTMSIGDB_KINASE-iKiP,15305,PTMSIGDB_KINASE-iKiP_NEK6,PTMSIGDB_KINASE-iKiP_NEK6,28,196,0.143,2,225,7217,0.216743049,0.877411977
Adipose_only,PTMSIGDB,PTMSIGDB_KINASE-iKiP,15293,PTMSIGDB_KINASE-iKiP_MKNK2,PTMSIGDB_KINASE-iKiP_MKNK2,8,66,0.121,1,225,7217,0.223925425,0.877411977
Adipose_only,PTMSIGDB,PTMSIGDB_KINASE-iKiP,15391,PTMSIGDB_KINASE-iKiP_STK33,PTMSIGDB_KINASE-iKiP_STK33,8,22,0.364,1,225,7217,0.223925425,0.877411977
Adipose_only,PTMSIGDB,PTMSIGDB_PERT-P100-DIA2,15582,PTMSIGDB_PERT-P100-DIA2_UNC-0321,PTMSIGDB_PERT-P100-DIA2_UNC-0321,29,84,0.345,2,225,7217,0.228333947,0.877411977
Adipose_only,PTMSIGDB,PTMSIGDB_KINASE-iKiP,15328,PTMSIGDB_KINASE-iKiP_PHKG2,PTMSIGDB_KINASE-iKiP_PHKG2,9,71,0.127,1,225,7217,0.248147478,0.877411977
Adipose_only,PTMSIGDB,PTMSIGDB_KINASE-iKiP,15423,PTMSIGDB_KINASE-iKiP_ZAK,PTMSIGDB_KINASE-iKiP_ZAK,9,96,0.094,1,225,7217,0.248147478,0.877411977
Adipose_only,PTMSIGDB,PTMSIGDB_KINASE-iKiP,15160,PTMSIGDB_KINASE-iKiP_CDK9-CCNT1,PTMSIGDB_KINASE-iKiP_CDK9-CCNT1,31,105,0.295,2,225,7217,0.251626527,0.877411977
Adipose_only,PTMSIGDB,PTMSIGDB_PERT-P100-DIA2,15540,PTMSIGDB_PERT-P100-DIA2_METHYLSTAT,PTMSIGDB_PERT-P100-DIA2_METHYLSTAT,32,95,0.337,2,225,7217,0.263301452,0.877411977
Adipose_only,PTMSIGDB,PTMSIGDB_PERT-P100-DIA2,15475,PTMSIGDB_PERT-P100-DIA2_AFURESERTIB,PTMSIGDB_PERT-P100-DIA2_AFURESERTIB,58,161,0.36,3,225,7217,0.270492123,0.877411977
Adipose_only,PTMSIGDB,PTMSIGDB_KINASE-iKiP,15115,PTMSIGDB_KINASE-iKiP_ACVR2A,PTMSIGDB_KINASE-iKiP_ACVR2A,10,45,0.222,1,225,7217,0.271616793,0.877411977
Adipose_only,PTMSIGDB,PTMSIGDB_PERT-P100-DIA2,15562,PTMSIGDB_PERT-P100-DIA2_ROSCOVITINE,PTMSIGDB_PERT-P100-DIA2_ROSCOVITINE,59,169,0.349,3,225,7217,0.279022641,0.877411977
Adipose_only,PTMSIGDB,PTMSIGDB_PERT-P100-DIA2,15524,PTMSIGDB_PERT-P100-DIA2_GSK-J4,PTMSIGDB_PERT-P100-DIA2_GSK-J4,35,80,0.438,2,225,7217,0.298296513,0.877411977
Adipose_only,PTMSIGDB,PTMSIGDB_PERT-P100-DIA2,15519,PTMSIGDB_PERT-P100-DIA2_FLECAINIDE,PTMSIGDB_PERT-P100-DIA2_FLECAINIDE,62,204,0.304,3,225,7217,0.30474721,0.877411977
Adipose_only,PTMSIGDB,PTMSIGDB_PERT-P100-DIA2,15556,PTMSIGDB_PERT-P100-DIA2_PS-1145,PTMSIGDB_PERT-P100-DIA2_PS-1145,62,181,0.343,3,225,7217,0.30474721,0.877411977
Adipose_only,PTMSIGDB,PTMSIGDB_KINASE-iKiP,15308,PTMSIGDB_KINASE-iKiP_NIM1K,PTMSIGDB_KINASE-iKiP_NIM1K,36,185,0.195,2,225,7217,0.309915755,0.877411977
Adipose_only,PTMSIGDB,PTMSIGDB_KINASE-iKiP,15182,PTMSIGDB_KINASE-iKiP_DYRK1A,PTMSIGDB_KINASE-iKiP_DYRK1A,63,154,0.409,3,225,7217,0.313350252,0.877411977
Adipose_only,PTMSIGDB,PTMSIGDB_KINASE-iKiP,15260,PTMSIGDB_KINASE-iKiP_MAP3K2,PTMSIGDB_KINASE-iKiP_MAP3K2,12,40,0.3,1,225,7217,0.316389653,0.877411977
Adipose_only,PTMSIGDB,PTMSIGDB_KINASE-iKiP,15268,PTMSIGDB_KINASE-iKiP_MAP4K5.KHS1,PTMSIGDB_KINASE-iKiP_MAP4K5.KHS1,12,152,0.079,1,225,7217,0.316389653,0.877411977
Adipose_only,PTMSIGDB,PTMSIGDB_PERT-P100-DIA2,15528,PTMSIGDB_PERT-P100-DIA2_IBRUTINIB,PTMSIGDB_PERT-P100-DIA2_IBRUTINIB,65,207,0.314,3,225,7217,0.330570932,0.877411977
Adipose_only,PTMSIGDB,PTMSIGDB_PERT-P100-DIA2,15553,PTMSIGDB_PERT-P100-DIA2_PONATINIB,PTMSIGDB_PERT-P100-DIA2_PONATINIB,65,215,0.302,3,225,7217,0.330570932,0.877411977
Adipose_only,PTMSIGDB,PTMSIGDB_KINASE-iKiP,15363,PTMSIGDB_KINASE-iKiP_RIPK5,PTMSIGDB_KINASE-iKiP_RIPK5,13,124,0.105,1,225,7217,0.337737651,0.877411977
Adipose_only,PTMSIGDB,PTMSIGDB_PATH-BI,15425,PTMSIGDB_PATH-BI_ISCHEMIA,PTMSIGDB_PATH-BI_ISCHEMIA,66,163,0.405,3,225,7217,0.339179816,0.877411977
Adipose_only,PTMSIGDB,PTMSIGDB_PERT-P100-DIA2,15508,PTMSIGDB_PERT-P100-DIA2_DOXORUBICIN,PTMSIGDB_PERT-P100-DIA2_DOXORUBICIN,66,245,0.269,3,225,7217,0.339179816,0.877411977
Adipose_only,PTMSIGDB,PTMSIGDB_KINASE-iKiP,15184,PTMSIGDB_KINASE-iKiP_DYRK2,PTMSIGDB_KINASE-iKiP_DYRK2,96,402,0.239,4,225,7217,0.351079176,0.877411977
Adipose_only,PTMSIGDB,PTMSIGDB_PERT-P100-DIA2,15544,PTMSIGDB_PERT-P100-DIA2_NICLOSAMIDE,PTMSIGDB_PERT-P100-DIA2_NICLOSAMIDE,40,118,0.339,2,225,7217,0.355915799,0.877411977
Adipose_only,PTMSIGDB,PTMSIGDB_PERT-P100-DIA2,15560,PTMSIGDB_PERT-P100-DIA2_RO4929097,PTMSIGDB_PERT-P100-DIA2_RO4929097,68,198,0.343,3,225,7217,0.356373791,0.877411977
Adipose_only,PTMSIGDB,PTMSIGDB_KINASE-PSP,15042,PTMSIGDB_KINASE-PSP_PKCD/PRKCD,PTMSIGDB_KINASE-PSP_PKCD/PRKCD,14,135,0.104,1,225,7217,0.358421859,0.877411977
Adipose_only,PTMSIGDB,PTMSIGDB_KINASE-iKiP,15334,PTMSIGDB_KINASE-iKiP_PIM3,PTMSIGDB_KINASE-iKiP_PIM3,14,96,0.146,1,225,7217,0.358421859,0.877411977
Adipose_only,PTMSIGDB,PTMSIGDB_KINASE-iKiP,15376,PTMSIGDB_KINASE-iKiP_SGK2,PTMSIGDB_KINASE-iKiP_SGK2,14,63,0.222,1,225,7217,0.358421859,0.877411977
Adipose_only,PTMSIGDB,PTMSIGDB_KINASE-iKiP,15149,PTMSIGDB_KINASE-iKiP_CDK2-CCNE1,PTMSIGDB_KINASE-iKiP_CDK2-CCNE1,41,140,0.293,2,225,7217,0.367256708,0.877411977
Adipose_only,PTMSIGDB,PTMSIGDB_PERT-P100-DIA2,15535,PTMSIGDB_PERT-P100-DIA2_KU-55933,PTMSIGDB_PERT-P100-DIA2_KU-55933,41,110,0.373,2,225,7217,0.367256708,0.877411977
Adipose_only,PTMSIGDB,PTMSIGDB_PERT-P100-DIA2,15493,PTMSIGDB_PERT-P100-DIA2_CERITINIB,PTMSIGDB_PERT-P100-DIA2_CERITINIB,70,215,0.326,3,225,7217,0.373509776,0.877411977
Adipose_only,PTMSIGDB,PTMSIGDB_PERT-P100-DIA2,15503,PTMSIGDB_PERT-P100-DIA2_DAUNORUBICIN,PTMSIGDB_PERT-P100-DIA2_DAUNORUBICIN,70,262,0.267,3,225,7217,0.373509776,0.877411977
Adipose_only,PTMSIGDB,PTMSIGDB_PERT-P100-DIA2,15474,PTMSIGDB_PERT-P100-DIA2_1271738-62-5,PTMSIGDB_PERT-P100-DIA2_1271738-62-5,42,101,0.416,2,225,7217,0.378519901,0.877411977
Adipose_only,PTMSIGDB,PTMSIGDB_KINASE-PSP,14892,PTMSIGDB_KINASE-PSP_CDK2,PTMSIGDB_KINASE-PSP_CDK2,43,420,0.102,2,225,7217,0.389699207,0.877411977
Adipose_only,PTMSIGDB,PTMSIGDB_PERT-P100-DIA2,15589,PTMSIGDB_PERT-P100-DIA2_VORINOSTAT,PTMSIGDB_PERT-P100-DIA2_VORINOSTAT,163,556,0.293,6,225,7217,0.398691647,0.877411977
Adipose_only,PTMSIGDB,PTMSIGDB_PERT-P100-DIA2,15494,PTMSIGDB_PERT-P100-DIA2_CHIR99021,PTMSIGDB_PERT-P100-DIA2_CHIR99021,44,148,0.297,2,225,7217,0.400788909,0.877411977
Adipose_only,PTMSIGDB,PTMSIGDB_PERT-P100-DIA2,15550,PTMSIGDB_PERT-P100-DIA2_PAZOPANIB,PTMSIGDB_PERT-P100-DIA2_PAZOPANIB,74,195,0.379,3,225,7217,0.407491282,0.877411977
Adipose_only,PTMSIGDB,PTMSIGDB_PERT-P100-DIA2,15505,PTMSIGDB_PERT-P100-DIA2_DEXAMETHASONE,PTMSIGDB_PERT-P100-DIA2_DEXAMETHASONE,45,115,0.391,2,225,7217,0.411783728,0.877411977
Adipose_only,PTMSIGDB,PTMSIGDB_KINASE-iKiP,15122,PTMSIGDB_KINASE-iKiP_AURKA,PTMSIGDB_KINASE-iKiP_AURKA,17,113,0.15,1,225,7217,0.41669409,0.877411977
Adipose_only,PTMSIGDB,PTMSIGDB_KINASE-iKiP,15275,PTMSIGDB_KINASE-iKiP_MAPK15.ERK7,PTMSIGDB_KINASE-iKiP_MAPK15.ERK7,17,65,0.262,1,225,7217,0.41669409,0.877411977
Adipose_only,PTMSIGDB,PTMSIGDB_KINASE-iKiP,15277,PTMSIGDB_KINASE-iKiP_MAPK7.ERK5,PTMSIGDB_KINASE-iKiP_MAPK7.ERK5,17,115,0.148,1,225,7217,0.41669409,0.877411977
Adipose_only,PTMSIGDB,PTMSIGDB_KINASE-iKiP,15307,PTMSIGDB_KINASE-iKiP_NEK9,PTMSIGDB_KINASE-iKiP_NEK9,17,183,0.093,1,225,7217,0.41669409,0.877411977
Adipose_only,PTMSIGDB,PTMSIGDB_PERT-P100-DIA2,15478,PTMSIGDB_PERT-P100-DIA2_AXITINIB,PTMSIGDB_PERT-P100-DIA2_AXITINIB,76,279,0.272,3,225,7217,0.424283786,0.877411977
Adipose_only,PTMSIGDB,PTMSIGDB_PERT-P100-DIA2,15499,PTMSIGDB_PERT-P100-DIA2_CURCUMIN,PTMSIGDB_PERT-P100-DIA2_CURCUMIN,47,114,0.412,2,225,7217,0.43346964,0.877411977
Adipose_only,PTMSIGDB,PTMSIGDB_KINASE-iKiP,15124,PTMSIGDB_KINASE-iKiP_AURKC,PTMSIGDB_KINASE-iKiP_AURKC,18,161,0.112,1,225,7217,0.4349224,0.877411977
Adipose_only,PTMSIGDB,PTMSIGDB_KINASE-iKiP,15143,PTMSIGDB_KINASE-iKiP_CDC2-CCNB1,PTMSIGDB_KINASE-iKiP_CDC2-CCNB1,18,86,0.209,1,225,7217,0.4349224,0.877411977
Adipose_only,PTMSIGDB,PTMSIGDB_KINASE-iKiP,15259,PTMSIGDB_KINASE-iKiP_MAP3K11.MLK3,PTMSIGDB_KINASE-iKiP_MAP3K11.MLK3,18,155,0.116,1,225,7217,0.4349224,0.877411977
Adipose_only,PTMSIGDB,PTMSIGDB_KINASE-iKiP,15295,PTMSIGDB_KINASE-iKiP_MOK,PTMSIGDB_KINASE-iKiP_MOK,18,79,0.228,1,225,7217,0.4349224,0.877411977
Adipose_only,PTMSIGDB,PTMSIGDB_KINASE-iKiP,15370,PTMSIGDB_KINASE-iKiP_RPS6KA4.MSK2,PTMSIGDB_KINASE-iKiP_RPS6KA4.MSK2,18,64,0.281,1,225,7217,0.4349224,0.877411977
Adipose_only,PTMSIGDB,PTMSIGDB_KINASE-iKiP,15409,PTMSIGDB_KINASE-iKiP_TSSK1,PTMSIGDB_KINASE-iKiP_TSSK1,48,233,0.206,2,225,7217,0.444152155,0.877411977
Adipose_only,PTMSIGDB,PTMSIGDB_PERT-P100-DIA2,15507,PTMSIGDB_PERT-P100-DIA2_DMSO,PTMSIGDB_PERT-P100-DIA2_DMSO,172,588,0.293,6,225,7217,0.449039006,0.877411977
Adipose_only,PTMSIGDB,PTMSIGDB_KINASE-iKiP,15117,PTMSIGDB_KINASE-iKiP_AKT2,PTMSIGDB_KINASE-iKiP_AKT2,19,72,0.264,1,225,7217,0.452583528,0.877411977
Adipose_only,PTMSIGDB,PTMSIGDB_PERT-P100-DIA2,15482,PTMSIGDB_PERT-P100-DIA2_BIX-01338,PTMSIGDB_PERT-P100-DIA2_BIX-01338,50,132,0.379,2,225,7217,0.465177553,0.877411977
Adipose_only,PTMSIGDB,PTMSIGDB_PERT-P100-DIA2,15534,PTMSIGDB_PERT-P100-DIA2_KN-93,PTMSIGDB_PERT-P100-DIA2_KN-93,50,141,0.355,2,225,7217,0.465177553,0.877411977
Adipose_only,PTMSIGDB,PTMSIGDB_PERT-P100-DIA2,15583,PTMSIGDB_PERT-P100-DIA2_UNC-0646,PTMSIGDB_PERT-P100-DIA2_UNC-0646,50,145,0.345,2,225,7217,0.465177553,0.877411977
Adipose_only,PTMSIGDB,PTMSIGDB_KINASE-iKiP,15116,PTMSIGDB_KINASE-iKiP_AKT1,PTMSIGDB_KINASE-iKiP_AKT1,20,73,0.274,1,225,7217,0.469695046,0.877411977
Adipose_only,PTMSIGDB,PTMSIGDB_KINASE-iKiP,15303,PTMSIGDB_KINASE-iKiP_NEK2,PTMSIGDB_KINASE-iKiP_NEK2,20,199,0.101,1,225,7217,0.469695046,0.877411977
Adipose_only,PTMSIGDB,PTMSIGDB_KINASE-iKiP,15319,PTMSIGDB_KINASE-iKiP_PAK3,PTMSIGDB_KINASE-iKiP_PAK3,20,147,0.136,1,225,7217,0.469695046,0.877411977
Adipose_only,PTMSIGDB,PTMSIGDB_KINASE-iKiP,15337,PTMSIGDB_KINASE-iKiP_PLK1,PTMSIGDB_KINASE-iKiP_PLK1,20,156,0.128,1,225,7217,0.469695046,0.877411977
Adipose_only,PTMSIGDB,PTMSIGDB_PERT-P100-DIA2,15477,PTMSIGDB_PERT-P100-DIA2_AR_A014418,PTMSIGDB_PERT-P100-DIA2_AR_A014418,51,159,0.321,2,225,7217,0.475513932,0.877411977
Adipose_only,PTMSIGDB,PTMSIGDB_PERT-P100-DIA2,15487,PTMSIGDB_PERT-P100-DIA2_BYL719,PTMSIGDB_PERT-P100-DIA2_BYL719,51,141,0.362,2,225,7217,0.475513932,0.877411977
Adipose_only,PTMSIGDB,PTMSIGDB_PERT-P100-DIA2,15516,PTMSIGDB_PERT-P100-DIA2_EX527,PTMSIGDB_PERT-P100-DIA2_EX527,51,148,0.345,2,225,7217,0.475513932,0.877411977
Adipose_only,PTMSIGDB,PTMSIGDB_PERT-P100-DIA2,15523,PTMSIGDB_PERT-P100-DIA2_GOSSYPETIN,PTMSIGDB_PERT-P100-DIA2_GOSSYPETIN,51,155,0.329,2,225,7217,0.475513932,0.877411977
Adipose_only,PTMSIGDB,PTMSIGDB_KINASE-iKiP,15156,PTMSIGDB_KINASE-iKiP_CDK6-CCND3,PTMSIGDB_KINASE-iKiP_CDK6-CCND3,21,68,0.309,1,225,7217,0.486273984,0.877411977
Adipose_only,PTMSIGDB,PTMSIGDB_KINASE-iKiP,15405,PTMSIGDB_KINASE-iKiP_TLK1,PTMSIGDB_KINASE-iKiP_TLK1,21,184,0.114,1,225,7217,0.486273984,0.877411977
Adipose_only,PTMSIGDB,PTMSIGDB_PATH-NP,15457,PTMSIGDB_PATH-NP_TSLP_PATHWAY,PTMSIGDB_PATH-NP_TSLP_PATHWAY,53,182,0.291,2,225,7217,0.495820094,0.877411977
Adipose_only,PTMSIGDB,PTMSIGDB_PERT-P100-DIA2,15548,PTMSIGDB_PERT-P100-DIA2_OLMESARTAN,PTMSIGDB_PERT-P100-DIA2_OLMESARTAN,53,192,0.276,2,225,7217,0.495820094,0.877411977
Adipose_only,PTMSIGDB,PTMSIGDB_KINASE-iKiP,15161,PTMSIGDB_KINASE-iKiP_CGK2,PTMSIGDB_KINASE-iKiP_CGK2,22,83,0.265,1,225,7217,0.502336846,0.877411977
Adipose_only,PTMSIGDB,PTMSIGDB_PERT-P100-DIA2,15576,PTMSIGDB_PERT-P100-DIA2_TBB,PTMSIGDB_PERT-P100-DIA2_TBB,54,146,0.37,2,225,7217,0.505785146,0.877411977
Adipose_only,PTMSIGDB,PTMSIGDB_PATH-NP,15433,PTMSIGDB_PATH-NP_EGFR1_PATHWAY,PTMSIGDB_PATH-NP_EGFR1_PATHWAY,55,495,0.111,2,225,7217,0.51562213,0.877411977
Adipose_only,PTMSIGDB,PTMSIGDB_PERT-P100-DIA2,15491,PTMSIGDB_PERT-P100-DIA2_CARFILZOMIB,PTMSIGDB_PERT-P100-DIA2_CARFILZOMIB,55,190,0.289,2,225,7217,0.51562213,0.877411977
Adipose_only,PTMSIGDB,PTMSIGDB_PERT-P100-DIA2,15525,PTMSIGDB_PERT-P100-DIA2_GSK1210151A,PTMSIGDB_PERT-P100-DIA2_GSK1210151A,55,148,0.372,2,225,7217,0.51562213,0.877411977
Adipose_only,PTMSIGDB,PTMSIGDB_KINASE-PSP,15055,PTMSIGDB_KINASE-PSP_PLK1,PTMSIGDB_KINASE-PSP_PLK1,23,302,0.076,1,225,7217,0.517899627,0.877411977
Adipose_only,PTMSIGDB,PTMSIGDB_KINASE-iKiP,15288,PTMSIGDB_KINASE-iKiP_MATK.CTK,PTMSIGDB_KINASE-iKiP_MATK.CTK,23,83,0.277,1,225,7217,0.517899627,0.877411977
Adipose_only,PTMSIGDB,PTMSIGDB_KINASE-iKiP,15357,PTMSIGDB_KINASE-iKiP_PRKG1,PTMSIGDB_KINASE-iKiP_PRKG1,23,86,0.267,1,225,7217,0.517899627,0.877411977
Adipose_only,PTMSIGDB,PTMSIGDB_KINASE-iKiP,15186,PTMSIGDB_KINASE-iKiP_DYRK4,PTMSIGDB_KINASE-iKiP_DYRK4,88,272,0.324,3,225,7217,0.520905083,0.877411977
Adipose_only,PTMSIGDB,PTMSIGDB_PERT-P100-DIA2,15536,PTMSIGDB_PERT-P100-DIA2_LAPATINIB,PTMSIGDB_PERT-P100-DIA2_LAPATINIB,56,208,0.269,2,225,7217,0.525329318,0.877411977
Adipose_only,PTMSIGDB,PTMSIGDB_KINASE-iKiP,15358,PTMSIGDB_KINASE-iKiP_PRKX,PTMSIGDB_KINASE-iKiP_PRKX,24,67,0.358,1,225,7217,0.532977828,0.877411977
Adipose_only,PTMSIGDB,PTMSIGDB_PERT-PSP,15708,PTMSIGDB_PERT-PSP_SII_ANGIOTENSIN_2,PTMSIGDB_PERT-PSP_SII_ANGIOTENSIN_2,24,36,0.667,1,225,7217,0.532977828,0.877411977
Adipose_only,PTMSIGDB,PTMSIGDB_PERT-P100-DIA2,15492,PTMSIGDB_PERT-P100-DIA2_CC-401,PTMSIGDB_PERT-P100-DIA2_CC-401,57,154,0.37,2,225,7217,0.534905214,0.877411977
Adipose_only,PTMSIGDB,PTMSIGDB_KINASE-iKiP,15276,PTMSIGDB_KINASE-iKiP_MAPK3.ERK1,PTMSIGDB_KINASE-iKiP_MAPK3.ERK1,90,304,0.296,3,225,7217,0.536161348,0.877411977
Adipose_only,PTMSIGDB,PTMSIGDB_PERT-P100-DIA2,15490,PTMSIGDB_PERT-P100-DIA2_CALPAIN_INHIBITOR_II,PTMSIGDB_PERT-P100-DIA2_CALPAIN_INHIBITOR_II,58,139,0.417,2,225,7217,0.544348539,0.877411977
Adipose_only,PTMSIGDB,PTMSIGDB_KINASE-iKiP,15306,PTMSIGDB_KINASE-iKiP_NEK7,PTMSIGDB_KINASE-iKiP_NEK7,25,197,0.127,1,225,7217,0.547586474,0.877411977
Adipose_only,PTMSIGDB,PTMSIGDB_PERT-P100-DIA2,15509,PTMSIGDB_PERT-P100-DIA2_ENDOTHELIN,PTMSIGDB_PERT-P100-DIA2_ENDOTHELIN,59,204,0.289,2,225,7217,0.553658219,0.877411977
Adipose_only,PTMSIGDB,PTMSIGDB_PERT-P100-DIA2,15573,PTMSIGDB_PERT-P100-DIA2_STAUROSPORINE,PTMSIGDB_PERT-P100-DIA2_STAUROSPORINE,192,597,0.322,6,225,7217,0.556674359,0.877411977
Adipose_only,PTMSIGDB,PTMSIGDB_KINASE-iKiP,15225,PTMSIGDB_KINASE-iKiP_HIPK1,PTMSIGDB_KINASE-iKiP_HIPK1,26,47,0.553,1,225,7217,0.561740123,0.877411977
Adipose_only,PTMSIGDB,PTMSIGDB_KINASE-iKiP,15317,PTMSIGDB_KINASE-iKiP_PAK1,PTMSIGDB_KINASE-iKiP_PAK1,26,145,0.179,1,225,7217,0.561740123,0.877411977
Adipose_only,PTMSIGDB,PTMSIGDB_KINASE-PSP,15037,PTMSIGDB_KINASE-PSP_PKACA/PRKACA,PTMSIGDB_KINASE-PSP_PKACA/PRKACA,60,607,0.099,2,225,7217,0.562833378,0.877411977
Adipose_only,PTMSIGDB,PTMSIGDB_KINASE-iKiP,15269,PTMSIGDB_KINASE-iKiP_MAPK1.ERK2,PTMSIGDB_KINASE-iKiP_MAPK1.ERK2,127,448,0.283,4,225,7217,0.563213719,0.877411977
Adipose_only,PTMSIGDB,PTMSIGDB_KINASE-PSP,14926,PTMSIGDB_KINASE-PSP_ERK2/MAPK1,PTMSIGDB_KINASE-PSP_ERK2/MAPK1,61,441,0.138,2,225,7217,0.571873319,0.877411977
Adipose_only,PTMSIGDB,PTMSIGDB_KINASE-iKiP,15139,PTMSIGDB_KINASE-iKiP_CAMK2G,PTMSIGDB_KINASE-iKiP_CAMK2G,61,212,0.288,2,225,7217,0.571873319,0.877411977
Adipose_only,PTMSIGDB,PTMSIGDB_PERT-P100-DIA2,15567,PTMSIGDB_PERT-P100-DIA2_SEMAGACESTAT,PTMSIGDB_PERT-P100-DIA2_SEMAGACESTAT,61,178,0.343,2,225,7217,0.571873319,0.877411977
Adipose_only,PTMSIGDB,PTMSIGDB_KINASE-iKiP,15120,PTMSIGDB_KINASE-iKiP_AMPKA1,PTMSIGDB_KINASE-iKiP_AMPKA1,27,88,0.307,1,225,7217,0.575452885,0.877411977
Adipose_only,PTMSIGDB,PTMSIGDB_KINASE-iKiP,15165,PTMSIGDB_KINASE-iKiP_CLK1,PTMSIGDB_KINASE-iKiP_CLK1,27,68,0.397,1,225,7217,0.575452885,0.877411977
Adipose_only,PTMSIGDB,PTMSIGDB_PERT-P100-DIA2,15502,PTMSIGDB_PERT-P100-DIA2_DASATINIB,PTMSIGDB_PERT-P100-DIA2_DASATINIB,62,193,0.321,2,225,7217,0.580777523,0.877411977
Adipose_only,PTMSIGDB,PTMSIGDB_KINASE-iKiP,15373,PTMSIGDB_KINASE-iKiP_RPS6KB1,PTMSIGDB_KINASE-iKiP_RPS6KB1,28,180,0.156,1,225,7217,0.588738435,0.877411977
Adipose_only,PTMSIGDB,PTMSIGDB_PERT-P100-DIA2,15479,PTMSIGDB_PERT-P100-DIA2_BAFILOMYCIN_A1,PTMSIGDB_PERT-P100-DIA2_BAFILOMYCIN_A1,28,75,0.373,1,225,7217,0.588738435,0.877411977
Adipose_only,PTMSIGDB,PTMSIGDB_PERT-P100-DIA2,15518,PTMSIGDB_PERT-P100-DIA2_FLAVOPIRIDOL,PTMSIGDB_PERT-P100-DIA2_FLAVOPIRIDOL,64,193,0.332,2,225,7217,0.598177437,0.877411977
Adipose_only,PTMSIGDB,PTMSIGDB_PERT-P100-DIA2,15565,PTMSIGDB_PERT-P100-DIA2_SCH_900776,PTMSIGDB_PERT-P100-DIA2_SCH_900776,64,201,0.318,2,225,7217,0.598177437,0.877411977
Adipose_only,PTMSIGDB,PTMSIGDB_PERT-P100-DIA2,15522,PTMSIGDB_PERT-P100-DIA2_GINKGETIN,PTMSIGDB_PERT-P100-DIA2_GINKGETIN,29,81,0.358,1,225,7217,0.601610024,0.877411977
Adipose_only,PTMSIGDB,PTMSIGDB_PERT-P100-DIA2,15526,PTMSIGDB_PERT-P100-DIA2_GSK126,PTMSIGDB_PERT-P100-DIA2_GSK126,65,181,0.359,2,225,7217,0.606672881,0.877411977
Adipose_only,PTMSIGDB,PTMSIGDB_KINASE-iKiP,15309,PTMSIGDB_KINASE-iKiP_NLK,PTMSIGDB_KINASE-iKiP_NLK,30,131,0.229,1,225,7217,0.614080494,0.877411977
Adipose_only,PTMSIGDB,PTMSIGDB_KINASE-iKiP,15146,PTMSIGDB_KINASE-iKiP_CDK1-CCNB1,PTMSIGDB_KINASE-iKiP_CDK1-CCNB1,66,253,0.261,2,225,7217,0.615032039,0.877411977
Adipose_only,PTMSIGDB,PTMSIGDB_PERT-P100-DIA2,15484,PTMSIGDB_PERT-P100-DIA2_BMS-906024,PTMSIGDB_PERT-P100-DIA2_BMS-906024,66,213,0.31,2,225,7217,0.615032039,0.877411977
Adipose_only,PTMSIGDB,PTMSIGDB_PERT-P100-DIA2,15530,PTMSIGDB_PERT-P100-DIA2_IPI145,PTMSIGDB_PERT-P100-DIA2_IPI145,66,202,0.327,2,225,7217,0.615032039,0.877411977
Adipose_only,PTMSIGDB,PTMSIGDB_KINASE-iKiP,15137,PTMSIGDB_KINASE-iKiP_CAMK2B,PTMSIGDB_KINASE-iKiP_CAMK2B,31,103,0.301,1,225,7217,0.626162293,0.877411977
Adipose_only,PTMSIGDB,PTMSIGDB_KINASE-iKiP,15204,PTMSIGDB_KINASE-iKiP_ERBB2,PTMSIGDB_KINASE-iKiP_ERBB2,31,84,0.369,1,225,7217,0.626162293,0.877411977
Adipose_only,PTMSIGDB,PTMSIGDB_KINASE-iKiP,15219,PTMSIGDB_KINASE-iKiP_GRK5,PTMSIGDB_KINASE-iKiP_GRK5,31,169,0.183,1,225,7217,0.626162293,0.877411977
Adipose_only,PTMSIGDB,PTMSIGDB_PERT-P100-DIA2,15485,PTMSIGDB_PERT-P100-DIA2_BORTEZOMIB,PTMSIGDB_PERT-P100-DIA2_BORTEZOMIB,31,141,0.22,1,225,7217,0.626162293,0.877411977
Adipose_only,PTMSIGDB,PTMSIGDB_KINASE-iKiP,15114,PTMSIGDB_KINASE-iKiP_ACVR1.ALK2,PTMSIGDB_KINASE-iKiP_ACVR1.ALK2,32,157,0.204,1,225,7217,0.637867482,0.877411977
Adipose_only,PTMSIGDB,PTMSIGDB_KINASE-iKiP,15283,PTMSIGDB_KINASE-iKiP_MARK1,PTMSIGDB_KINASE-iKiP_MARK1,32,138,0.232,1,225,7217,0.637867482,0.877411977
Adipose_only,PTMSIGDB,PTMSIGDB_PERT-P100-DIA2,15515,PTMSIGDB_PERT-P100-DIA2_EVEROLIMUS,PTMSIGDB_PERT-P100-DIA2_EVEROLIMUS,32,106,0.302,1,225,7217,0.637867482,0.877411977
Adipose_only,PTMSIGDB,PTMSIGDB_KINASE-iKiP,15372,PTMSIGDB_KINASE-iKiP_RPS6KA6,PTMSIGDB_KINASE-iKiP_RPS6KA6,33,108,0.306,1,225,7217,0.649207749,0.877411977
Adipose_only,PTMSIGDB,PTMSIGDB_PERT-P100-DIA2,15554,PTMSIGDB_PERT-P100-DIA2_PRAVASTATIN,PTMSIGDB_PERT-P100-DIA2_PRAVASTATIN,71,194,0.366,2,225,7217,0.654794648,0.877411977
Adipose_only,PTMSIGDB,PTMSIGDB_PERT-P100-DIA2,15588,PTMSIGDB_PERT-P100-DIA2_VERTEPORFIN,PTMSIGDB_PERT-P100-DIA2_VERTEPORFIN,72,195,0.369,2,225,7217,0.662344263,0.877411977
Adipose_only,PTMSIGDB,PTMSIGDB_KINASE-iKiP,15279,PTMSIGDB_KINASE-iKiP_MAPK9.JNK2,PTMSIGDB_KINASE-iKiP_MAPK9.JNK2,73,258,0.283,2,225,7217,0.669761264,0.877411977
Adipose_only,PTMSIGDB,PTMSIGDB_KINASE-iKiP,15411,PTMSIGDB_KINASE-iKiP_TTBK1,PTMSIGDB_KINASE-iKiP_TTBK1,35,268,0.131,1,225,7217,0.670838477,0.877411977
Adipose_only,PTMSIGDB,PTMSIGDB_PERT-P100-DIA2,15481,PTMSIGDB_PERT-P100-DIA2_BIX-01294,PTMSIGDB_PERT-P100-DIA2_BIX-01294,35,118,0.297,1,225,7217,0.670838477,0.877411977
Adipose_only,PTMSIGDB,PTMSIGDB_PERT-P100-DIA2,15527,PTMSIGDB_PERT-P100-DIA2_GSK525762A,PTMSIGDB_PERT-P100-DIA2_GSK525762A,35,116,0.302,1,225,7217,0.670838477,0.877411977
Adipose_only,PTMSIGDB,PTMSIGDB_PERT-P100-DIA2,15500,PTMSIGDB_PERT-P100-DIA2_CYCLOSPORINE,PTMSIGDB_PERT-P100-DIA2_CYCLOSPORINE,74,240,0.308,2,225,7217,0.677046541,0.877411977
Adipose_only,PTMSIGDB,PTMSIGDB_KINASE-iKiP,15367,PTMSIGDB_KINASE-iKiP_RPS6KA1,PTMSIGDB_KINASE-iKiP_RPS6KA1,36,128,0.281,1,225,7217,0.681150555,0.877411977
Adipose_only,PTMSIGDB,PTMSIGDB_KINASE-iKiP,15185,PTMSIGDB_KINASE-iKiP_DYRK3,PTMSIGDB_KINASE-iKiP_DYRK3,75,320,0.234,2,225,7217,0.684201059,0.877411977
Adipose_only,PTMSIGDB,PTMSIGDB_KINASE-iKiP,15138,PTMSIGDB_KINASE-iKiP_CAMK2D,PTMSIGDB_KINASE-iKiP_CAMK2D,37,193,0.192,1,225,7217,0.691140964,0.877411977
Adipose_only,PTMSIGDB,PTMSIGDB_KINASE-iKiP,15148,PTMSIGDB_KINASE-iKiP_CDK2-CCNA2,PTMSIGDB_KINASE-iKiP_CDK2-CCNA2,37,151,0.245,1,225,7217,0.691140964,0.877411977
Adipose_only,PTMSIGDB,PTMSIGDB_KINASE-iKiP,15281,PTMSIGDB_KINASE-iKiP_MAPKAPK3,PTMSIGDB_KINASE-iKiP_MAPKAPK3,38,167,0.228,1,225,7217,0.700819694,0.877411977
Adipose_only,PTMSIGDB,PTMSIGDB_KINASE-iKiP,15339,PTMSIGDB_KINASE-iKiP_PLK3,PTMSIGDB_KINASE-iKiP_PLK3,39,233,0.167,1,225,7217,0.710196427,0.877411977
Adipose_only,PTMSIGDB,PTMSIGDB_KINASE-iKiP,15378,PTMSIGDB_KINASE-iKiP_SIK1,PTMSIGDB_KINASE-iKiP_SIK1,39,185,0.211,1,225,7217,0.710196427,0.877411977
Adipose_only,PTMSIGDB,PTMSIGDB_PERT-P100-DIA2,15551,PTMSIGDB_PERT-P100-DIA2_PD-0332991,PTMSIGDB_PERT-P100-DIA2_PD-0332991,39,112,0.348,1,225,7217,0.710196427,0.877411977
Adipose_only,PTMSIGDB,PTMSIGDB_KINASE-iKiP,15274,PTMSIGDB_KINASE-iKiP_MAPK14,PTMSIGDB_KINASE-iKiP_MAPK14,79,294,0.269,2,225,7217,0.711533096,0.877411977
Adipose_only,PTMSIGDB,PTMSIGDB_KINASE-iKiP,15282,PTMSIGDB_KINASE-iKiP_MAPKAPK5,PTMSIGDB_KINASE-iKiP_MAPKAPK5,41,141,0.291,1,225,7217,0.728081142,0.878647788
Adipose_only,PTMSIGDB,PTMSIGDB_PERT-P100-DIA2,15533,PTMSIGDB_PERT-P100-DIA2_KN-62,PTMSIGDB_PERT-P100-DIA2_KN-62,41,200,0.205,1,225,7217,0.728081142,0.878647788
Adipose_only,PTMSIGDB,PTMSIGDB_PERT-P100-DIA2,15545,PTMSIGDB_PERT-P100-DIA2_NILOTINIB,PTMSIGDB_PERT-P100-DIA2_NILOTINIB,42,118,0.356,1,225,7217,0.736607026,0.878647788
Adipose_only,PTMSIGDB,PTMSIGDB_PERT-P100-DIA2,15558,PTMSIGDB_PERT-P100-DIA2_RESVERATROL,PTMSIGDB_PERT-P100-DIA2_RESVERATROL,42,130,0.323,1,225,7217,0.736607026,0.878647788
Adipose_only,PTMSIGDB,PTMSIGDB_PERT-P100-DIA2,15476,PTMSIGDB_PERT-P100-DIA2_AMIODARONE,PTMSIGDB_PERT-P100-DIA2_AMIODARONE,83,248,0.335,2,225,7217,0.736865732,0.878647788
Adipose_only,PTMSIGDB,PTMSIGDB_KINASE-PSP,14906,PTMSIGDB_KINASE-PSP_CK2A1/CSNK2A1,PTMSIGDB_KINASE-PSP_CK2A1/CSNK2A1,44,571,0.077,1,225,7217,0.752868546,0.878647788
Adipose_only,PTMSIGDB,PTMSIGDB_KINASE-iKiP,15136,PTMSIGDB_KINASE-iKiP_CAMK2A,PTMSIGDB_KINASE-iKiP_CAMK2A,44,178,0.247,1,225,7217,0.752868546,0.878647788
Adipose_only,PTMSIGDB,PTMSIGDB_PERT-P100-DIA2,15578,PTMSIGDB_PERT-P100-DIA2_TOFACITINIB,PTMSIGDB_PERT-P100-DIA2_TOFACITINIB,44,117,0.376,1,225,7217,0.752868546,0.878647788
Adipose_only,PTMSIGDB,PTMSIGDB_PERT-P100-DIA2,15590,PTMSIGDB_PERT-P100-DIA2_VU0155056,PTMSIGDB_PERT-P100-DIA2_VU0155056,44,110,0.4,1,225,7217,0.752868546,0.878647788
Adipose_only,PTMSIGDB,PTMSIGDB_PERT-P100-DIA2,15495,PTMSIGDB_PERT-P100-DIA2_CI-994,PTMSIGDB_PERT-P100-DIA2_CI-994,45,153,0.294,1,225,7217,0.760620474,0.878647788
Adipose_only,PTMSIGDB,PTMSIGDB_PERT-P100-DIA2,15529,PTMSIGDB_PERT-P100-DIA2_IMATINIB,PTMSIGDB_PERT-P100-DIA2_IMATINIB,45,170,0.265,1,225,7217,0.760620474,0.878647788
Adipose_only,PTMSIGDB,PTMSIGDB_PERT-P100-DIA2,15483,PTMSIGDB_PERT-P100-DIA2_BMS-345541,PTMSIGDB_PERT-P100-DIA2_BMS-345541,46,124,0.371,1,225,7217,0.768130289,0.882252503
Adipose_only,PTMSIGDB,PTMSIGDB_PERT-P100-DIA2,15575,PTMSIGDB_PERT-P100-DIA2_TAXOL,PTMSIGDB_PERT-P100-DIA2_TAXOL,47,183,0.257,1,225,7217,0.77540552,0.88554835
Adipose_only,PTMSIGDB,PTMSIGDB_PERT-P100-DIA2,15504,PTMSIGDB_PERT-P100-DIA2_DECITABINE,PTMSIGDB_PERT-P100-DIA2_DECITABINE,48,150,0.32,1,225,7217,0.782453464,0.888548849
Adipose_only,PTMSIGDB,PTMSIGDB_PERT-P100-DIA2,15510,PTMSIGDB_PERT-P100-DIA2_EPZ-5676,PTMSIGDB_PERT-P100-DIA2_EPZ-5676,52,146,0.356,1,225,7217,0.808510521,0.894640893
Adipose_only,PTMSIGDB,PTMSIGDB_PERT-P100-DIA2,15586,PTMSIGDB_PERT-P100-DIA2_VEMURAFENIB,PTMSIGDB_PERT-P100-DIA2_VEMURAFENIB,52,150,0.347,1,225,7217,0.808510521,0.894640893
Adipose_only,PTMSIGDB,PTMSIGDB_PERT-P100-DIA2,15587,PTMSIGDB_PERT-P100-DIA2_VERAPAMIL,PTMSIGDB_PERT-P100-DIA2_VERAPAMIL,52,169,0.308,1,225,7217,0.808510521,0.894640893
Adipose_only,PTMSIGDB,PTMSIGDB_KINASE-PSP,14925,PTMSIGDB_KINASE-PSP_ERK1/MAPK3,PTMSIGDB_KINASE-PSP_ERK1/MAPK3,53,384,0.138,1,225,7217,0.814523798,0.894640893
Adipose_only,PTMSIGDB,PTMSIGDB_KINASE-iKiP,15280,PTMSIGDB_KINASE-iKiP_MAPKAPK2,PTMSIGDB_KINASE-iKiP_MAPKAPK2,53,159,0.333,1,225,7217,0.814523798,0.894640893
Adipose_only,PTMSIGDB,PTMSIGDB_PERT-P100-DIA2,15488,PTMSIGDB_PERT-P100-DIA2_C646_(CHEMBL1797936),PTMSIGDB_PERT-P100-DIA2_C646_(CHEMBL1797936),53,146,0.363,1,225,7217,0.814523798,0.894640893
Adipose_only,PTMSIGDB,PTMSIGDB_PERT-P100-DIA2,15552,PTMSIGDB_PERT-P100-DIA2_PD0325901,PTMSIGDB_PERT-P100-DIA2_PD0325901,54,122,0.443,1,225,7217,0.820349056,0.896142175
Adipose_only,PTMSIGDB,PTMSIGDB_PERT-P100-DIA2,15517,PTMSIGDB_PERT-P100-DIA2_EXIFONE,PTMSIGDB_PERT-P100-DIA2_EXIFONE,55,174,0.316,1,225,7217,0.825992147,0.897429306
Adipose_only,PTMSIGDB,PTMSIGDB_KINASE-iKiP,15371,PTMSIGDB_KINASE-iKiP_RPS6KA5.MSK1,PTMSIGDB_KINASE-iKiP_RPS6KA5.MSK1,57,198,0.288,1,225,7217,0.836754343,0.899399053
Adipose_only,PTMSIGDB,PTMSIGDB_PERT-P100-DIA2,15555,PTMSIGDB_PERT-P100-DIA2_PRI-724,PTMSIGDB_PERT-P100-DIA2_PRI-724,57,151,0.377,1,225,7217,0.836754343,0.899399053
Adipose_only,PTMSIGDB,PTMSIGDB_PERT-P100-DIA2,15539,PTMSIGDB_PERT-P100-DIA2_LY-294002,PTMSIGDB_PERT-P100-DIA2_LY-294002,58,163,0.356,1,225,7217,0.841884269,0.900099671
Adipose_only,PTMSIGDB,PTMSIGDB_KINASE-iKiP,15271,PTMSIGDB_KINASE-iKiP_MAPK11,PTMSIGDB_KINASE-iKiP_MAPK11,60,212,0.283,1,225,7217,0.851667587,0.900974658
Adipose_only,PTMSIGDB,PTMSIGDB_PERT-P100-DIA2,15489,PTMSIGDB_PERT-P100-DIA2_CABOZANTINIB,PTMSIGDB_PERT-P100-DIA2_CABOZANTINIB,60,188,0.319,1,225,7217,0.851667587,0.900974658
Adipose_only,PTMSIGDB,PTMSIGDB_PERT-P100-DIA2,15577,PTMSIGDB_PERT-P100-DIA2_TG101348,PTMSIGDB_PERT-P100-DIA2_TG101348,61,150,0.407,1,225,7217,0.856330825,0.9011649
Adipose_only,PTMSIGDB,PTMSIGDB_PERT-P100-DIA2,15571,PTMSIGDB_PERT-P100-DIA2_SOTRASTAURIN,PTMSIGDB_PERT-P100-DIA2_SOTRASTAURIN,63,170,0.371,1,225,7217,0.865223938,0.905502679
Adipose_only,PTMSIGDB,PTMSIGDB_PERT-P100-DIA2,15574,PTMSIGDB_PERT-P100-DIA2_TACROLIMUS,PTMSIGDB_PERT-P100-DIA2_TACROLIMUS,64,198,0.323,1,225,7217,0.869462772,0.905502679
Adipose_only,PTMSIGDB,PTMSIGDB_PERT-P100-DIA2,15496,PTMSIGDB_PERT-P100-DIA2_COMPOUND_E,PTMSIGDB_PERT-P100-DIA2_COMPOUND_E,66,194,0.34,1,225,7217,0.877546353,0.906792311
Adipose_only,PTMSIGDB,PTMSIGDB_PERT-P100-DIA2,15537,PTMSIGDB_PERT-P100-DIA2_LENALIDOMIDE,PTMSIGDB_PERT-P100-DIA2_LENALIDOMIDE,67,188,0.356,1,225,7217,0.881399251,0.906792311
Adipose_only,PTMSIGDB,PTMSIGDB_KINASE-iKiP,15273,PTMSIGDB_KINASE-iKiP_MAPK13,PTMSIGDB_KINASE-iKiP_MAPK13,117,413,0.283,2,225,7217,0.884877406,0.906792311
Adipose_only,PTMSIGDB,PTMSIGDB_PERT-P100-DIA2,15542,PTMSIGDB_PERT-P100-DIA2_MOMELOTINIB,PTMSIGDB_PERT-P100-DIA2_MOMELOTINIB,69,181,0.381,1,225,7217,0.888746693,0.906792311
Adipose_only,PTMSIGDB,PTMSIGDB_PERT-P100-DIA2,15486,PTMSIGDB_PERT-P100-DIA2_BOSUTINIB,PTMSIGDB_PERT-P100-DIA2_BOSUTINIB,80,259,0.309,1,225,7217,0.921763055,0.935729162
Adipose_only,PTMSIGDB,PTMSIGDB_PERT-P100-DIA2,15580,PTMSIGDB_PERT-P100-DIA2_TRETINOIN,PTMSIGDB_PERT-P100-DIA2_TRETINOIN,83,225,0.369,1,225,7217,0.928932664,0.938268671
Adipose_only,PTMSIGDB,PTMSIGDB_KINASE-iKiP,15278,PTMSIGDB_KINASE-iKiP_MAPK8.JNK1,PTMSIGDB_KINASE-iKiP_MAPK8.JNK1,109,380,0.287,1,225,7217,0.969156871,0.970133194
Adipose_only,PTMSIGDB,PTMSIGDB_KINASE-iKiP,15272,PTMSIGDB_KINASE-iKiP_MAPK12,PTMSIGDB_KINASE-iKiP_MAPK12,110,430,0.256,1,225,7217,0.970133194,0.970133194
Adipose_Muscle,PTMSIGDB,PTMSIGDB_PERT-P100-DIA2,15487,PTMSIGDB_PERT-P100-DIA2_BYL719,PTMSIGDB_PERT-P100-DIA2_BYL719,59,141,0.418,4,40,15818,1.44307E-05,0.002179038
Adipose_Muscle,PTMSIGDB,PTMSIGDB_PERT-P100-DIA2,15560,PTMSIGDB_PERT-P100-DIA2_RO4929097,PTMSIGDB_PERT-P100-DIA2_RO4929097,87,198,0.439,4,40,15818,6.70707E-05,0.005063836
Adipose_Muscle,PTMSIGDB,PTMSIGDB_KINASE-iKiP,15251,PTMSIGDB_KINASE-iKiP_MAP2K2,PTMSIGDB_KINASE-iKiP_MAP2K2,13,24,0.542,2,40,15818,0.00047785,0.024051767
Adipose_Muscle,PTMSIGDB,PTMSIGDB_KINASE-iKiP,15185,PTMSIGDB_KINASE-iKiP_DYRK3,PTMSIGDB_KINASE-iKiP_DYRK3,106,320,0.331,3,40,15818,0.002413408,0.091106142
Adipose_Muscle,PTMSIGDB,PTMSIGDB_PERT-P100-DIA2,15590,PTMSIGDB_PERT-P100-DIA2_VU0155056,PTMSIGDB_PERT-P100-DIA2_VU0155056,54,110,0.491,2,40,15818,0.008211637,0.104431439
Adipose_Muscle,PTMSIGDB,PTMSIGDB_PERT-P100-DIA2,15499,PTMSIGDB_PERT-P100-DIA2_CURCUMIN,PTMSIGDB_PERT-P100-DIA2_CURCUMIN,56,114,0.491,2,40,15818,0.008809066,0.104431439
Adipose_Muscle,PTMSIGDB,PTMSIGDB_PERT-P100-DIA2,15591,PTMSIGDB_PERT-P100-DIA2_VX-970,PTMSIGDB_PERT-P100-DIA2_VX-970,62,175,0.354,2,40,15818,0.010714216,0.104431439
Adipose_Muscle,PTMSIGDB,PTMSIGDB_PATH-NP,15455,PTMSIGDB_PATH-NP_TNF_ALPHA_PATHWAY,PTMSIGDB_PATH-NP_TNF_ALPHA_PATHWAY,5,13,0.385,1,40,15818,0.012581621,0.104431439
Adipose_Muscle,PTMSIGDB,PTMSIGDB_PATH-NP,15456,PTMSIGDB_PATH-NP_TSH_PATHWAY,PTMSIGDB_PATH-NP_TSH_PATHWAY,5,13,0.385,1,40,15818,0.012581621,0.104431439
Adipose_Muscle,PTMSIGDB,PTMSIGDB_PERT-PSP,15640,PTMSIGDB_PERT-PSP_CYCLIC_STRETCH,PTMSIGDB_PERT-PSP_CYCLIC_STRETCH,5,7,0.714,1,40,15818,0.012581621,0.104431439
Adipose_Muscle,PTMSIGDB,PTMSIGDB_PERT-PSP,15653,PTMSIGDB_PERT-PSP_FIBRONECTIN,PTMSIGDB_PERT-PSP_FIBRONECTIN,5,10,0.5,1,40,15818,0.012581621,0.104431439
Adipose_Muscle,PTMSIGDB,PTMSIGDB_PERT-PSP,15725,PTMSIGDB_PERT-PSP_VEGF,PTMSIGDB_PERT-PSP_VEGF,5,25,0.2,1,40,15818,0.012581621,0.104431439
Adipose_Muscle,PTMSIGDB,PTMSIGDB_PERT-P100-DIA2,15576,PTMSIGDB_PERT-P100-DIA2_TBB,PTMSIGDB_PERT-P100-DIA2_TBB,69,146,0.473,2,40,15818,0.013145333,0.104431439
Adipose_Muscle,PTMSIGDB,PTMSIGDB_KINASE-iKiP,15280,PTMSIGDB_KINASE-iKiP_MAPKAPK2,PTMSIGDB_KINASE-iKiP_MAPKAPK2,74,159,0.465,2,40,15818,0.015014985,0.104431439
Adipose_Muscle,PTMSIGDB,PTMSIGDB_KINASE-PSP,15074,PTMSIGDB_KINASE-PSP_Ret/RET,PTMSIGDB_KINASE-PSP_Ret/RET,6,31,0.194,1,40,15818,0.01507936,0.104431439
Adipose_Muscle,PTMSIGDB,PTMSIGDB_PERT-P100-DIA2,15538,PTMSIGDB_PERT-P100-DIA2_LOSMAPIMOD,PTMSIGDB_PERT-P100-DIA2_LOSMAPIMOD,76,179,0.425,2,40,15818,0.015793146,0.104431439
Adipose_Muscle,PTMSIGDB,PTMSIGDB_KINASE-iKiP,15182,PTMSIGDB_KINASE-iKiP_DYRK1A,PTMSIGDB_KINASE-iKiP_DYRK1A,78,154,0.506,2,40,15818,0.016588344,0.104431439
Adipose_Muscle,PTMSIGDB,PTMSIGDB_PERT-P100-DIA2,15561,PTMSIGDB_PERT-P100-DIA2_ROLIPRAM,PTMSIGDB_PERT-P100-DIA2_ROLIPRAM,79,164,0.482,2,40,15818,0.016992275,0.104431439
Adipose_Muscle,PTMSIGDB,PTMSIGDB_KINASE-iKiP,15183,PTMSIGDB_KINASE-iKiP_DYRK1B,PTMSIGDB_KINASE-iKiP_DYRK1B,7,15,0.467,1,40,15818,0.017570937,0.104431439
Adipose_Muscle,PTMSIGDB,PTMSIGDB_KINASE-iKiP,15255,PTMSIGDB_KINASE-iKiP_MAP2K6,PTMSIGDB_KINASE-iKiP_MAP2K6,7,16,0.438,1,40,15818,0.017570937,0.104431439
Adipose_Muscle,PTMSIGDB,PTMSIGDB_PERT-PSP,15711,PTMSIGDB_PERT-PSP_SPHINGOSINE_1_PHOSPHATE,PTMSIGDB_PERT-PSP_SPHINGOSINE_1_PHOSPHATE,7,9,0.778,1,40,15818,0.017570937,0.104431439
Adipose_Muscle,PTMSIGDB,PTMSIGDB_KINASE-iKiP,15271,PTMSIGDB_KINASE-iKiP_MAPK11,PTMSIGDB_KINASE-iKiP_MAPK11,81,212,0.382,2,40,15818,0.017812687,0.104431439
Adipose_Muscle,PTMSIGDB,PTMSIGDB_PERT-P100-DIA2,15530,PTMSIGDB_PERT-P100-DIA2_IPI145,PTMSIGDB_PERT-P100-DIA2_IPI145,81,202,0.401,2,40,15818,0.017812687,0.104431439
Adipose_Muscle,PTMSIGDB,PTMSIGDB_PERT-P100-DIA2,15559,PTMSIGDB_PERT-P100-DIA2_RGFP966,PTMSIGDB_PERT-P100-DIA2_RGFP966,82,161,0.509,2,40,15818,0.018229122,0.104431439
Adipose_Muscle,PTMSIGDB,PTMSIGDB_PERT-P100-DIA2,15571,PTMSIGDB_PERT-P100-DIA2_SOTRASTAURIN,PTMSIGDB_PERT-P100-DIA2_SOTRASTAURIN,82,170,0.482,2,40,15818,0.018229122,0.104431439
Adipose_Muscle,PTMSIGDB,PTMSIGDB_PERT-P100-DIA2,15526,PTMSIGDB_PERT-P100-DIA2_GSK126,PTMSIGDB_PERT-P100-DIA2_GSK126,84,181,0.464,2,40,15818,0.019074341,0.104431439
Adipose_Muscle,PTMSIGDB,PTMSIGDB_PERT-P100-DIA2,15546,PTMSIGDB_PERT-P100-DIA2_OKADAIC_ACID,PTMSIGDB_PERT-P100-DIA2_OKADAIC_ACID,84,185,0.454,2,40,15818,0.019074341,0.104431439
Adipose_Muscle,PTMSIGDB,PTMSIGDB_PERT-P100-DIA2,15542,PTMSIGDB_PERT-P100-DIA2_MOMELOTINIB,PTMSIGDB_PERT-P100-DIA2_MOMELOTINIB,85,181,0.47,2,40,15818,0.019503079,0.104431439
Adipose_Muscle,PTMSIGDB,PTMSIGDB_KINASE-iKiP,15314,PTMSIGDB_KINASE-iKiP_NUAK1,PTMSIGDB_KINASE-iKiP_NUAK1,8,26,0.308,1,40,15818,0.020056369,0.104431439
Adipose_Muscle,PTMSIGDB,PTMSIGDB_PERT-P100-DIA2,15518,PTMSIGDB_PERT-P100-DIA2_FLAVOPIRIDOL,PTMSIGDB_PERT-P100-DIA2_FLAVOPIRIDOL,91,193,0.472,2,40,15818,0.022159913,0.110164637
Adipose_Muscle,PTMSIGDB,PTMSIGDB_PERT-P100-DIA2,15581,PTMSIGDB_PERT-P100-DIA2_TRICHOSTATIN_A,PTMSIGDB_PERT-P100-DIA2_TRICHOSTATIN_A,92,194,0.474,2,40,15818,0.022616581,0.110164637
Adipose_Muscle,PTMSIGDB,PTMSIGDB_PERT-PSP,15665,PTMSIGDB_PERT-PSP_HGF,PTMSIGDB_PERT-PSP_HGF,10,24,0.417,1,40,15818,0.025008854,0.117126857
Adipose_Muscle,PTMSIGDB,PTMSIGDB_PERT-P100-DIA2,15573,PTMSIGDB_PERT-P100-DIA2_STAUROSPORINE,PTMSIGDB_PERT-P100-DIA2_STAUROSPORINE,252,597,0.422,3,40,15818,0.02559726,0.117126857
Adipose_Muscle,PTMSIGDB,PTMSIGDB_KINASE-iKiP,15391,PTMSIGDB_KINASE-iKiP_STK33,PTMSIGDB_KINASE-iKiP_STK33,11,22,0.5,1,40,15818,0.027475937,0.118539043
Adipose_Muscle,PTMSIGDB,PTMSIGDB_PATH-NP,15432,PTMSIGDB_PATH-NP_CRH_PATHWAY,PTMSIGDB_PATH-NP_CRH_PATHWAY,11,18,0.611,1,40,15818,0.027475937,0.118539043
Adipose_Muscle,PTMSIGDB,PTMSIGDB_PERT-P100-DIA2,15580,PTMSIGDB_PERT-P100-DIA2_TRETINOIN,PTMSIGDB_PERT-P100-DIA2_TRETINOIN,108,225,0.48,2,40,15818,0.030439547,0.126348956
Adipose_Muscle,PTMSIGDB,PTMSIGDB_PERT-P100-DIA2,15476,PTMSIGDB_PERT-P100-DIA2_AMIODARONE,PTMSIGDB_PERT-P100-DIA2_AMIODARONE,109,248,0.44,2,40,15818,0.030959678,0.126348956
Adipose_Muscle,PTMSIGDB,PTMSIGDB_KINASE-iKiP,15256,PTMSIGDB_KINASE-iKiP_MAP2K7,PTMSIGDB_KINASE-iKiP_MAP2K7,14,28,0.5,1,40,15818,0.034840723,0.13472113
Adipose_Muscle,PTMSIGDB,PTMSIGDB_KINASE-iKiP,15260,PTMSIGDB_KINASE-iKiP_MAP3K2,PTMSIGDB_KINASE-iKiP_MAP3K2,14,40,0.35,1,40,15818,0.034840723,0.13472113
Adipose_Muscle,PTMSIGDB,PTMSIGDB_KINASE-iKiP,15276,PTMSIGDB_KINASE-iKiP_MAPK3.ERK1,PTMSIGDB_KINASE-iKiP_MAPK3.ERK1,120,304,0.395,2,40,15818,0.03691074,0.13472113
Adipose_Muscle,PTMSIGDB,PTMSIGDB_KINASE-iKiP,15331,PTMSIGDB_KINASE-iKiP_PIK3R5,PTMSIGDB_KINASE-iKiP_PIK3R5,15,32,0.469,1,40,15818,0.037283545,0.13472113
Adipose_Muscle,PTMSIGDB,PTMSIGDB_KINASE-iKiP,15186,PTMSIGDB_KINASE-iKiP_DYRK4,PTMSIGDB_KINASE-iKiP_DYRK4,121,272,0.445,2,40,15818,0.037472102,0.13472113
Adipose_Muscle,PTMSIGDB,PTMSIGDB_KINASE-PSP,15082,PTMSIGDB_KINASE-PSP_Src/SRC,PTMSIGDB_KINASE-PSP_Src/SRC,16,554,0.029,1,40,15818,0.03972034,0.136312983
Adipose_Muscle,PTMSIGDB,PTMSIGDB_PERT-PSP,15703,PTMSIGDB_PERT-PSP_RAPAMYCIN,PTMSIGDB_PERT-PSP_RAPAMYCIN,16,37,0.432,1,40,15818,0.03972034,0.136312983
Adipose_Muscle,PTMSIGDB,PTMSIGDB_KINASE-PSP,14879,PTMSIGDB_KINASE-PSP_CAMK2A,PTMSIGDB_KINASE-PSP_CAMK2A,18,145,0.124,1,40,15818,0.0445759,0.146325237
Adipose_Muscle,PTMSIGDB,PTMSIGDB_KINASE-iKiP,15228,PTMSIGDB_KINASE-iKiP_HIPK4,PTMSIGDB_KINASE-iKiP_HIPK4,18,55,0.327,1,40,15818,0.0445759,0.146325237
Adipose_Muscle,PTMSIGDB,PTMSIGDB_KINASE-iKiP,15278,PTMSIGDB_KINASE-iKiP_MAPK8.JNK1,PTMSIGDB_KINASE-iKiP_MAPK8.JNK1,136,380,0.358,2,40,15818,0.046278743,0.147837479
Adipose_Muscle,PTMSIGDB,PTMSIGDB_KINASE-iKiP,15253,PTMSIGDB_KINASE-iKiP_MAP2K4,PTMSIGDB_KINASE-iKiP_MAP2K4,19,41,0.463,1,40,15818,0.046994695,0.147837479
Adipose_Muscle,PTMSIGDB,PTMSIGDB_KINASE-iKiP,15337,PTMSIGDB_KINASE-iKiP_PLK1,PTMSIGDB_KINASE-iKiP_PLK1,20,156,0.128,1,40,15818,0.04940752,0.152255826
Adipose_Muscle,PTMSIGDB,PTMSIGDB_KINASE-iKiP,15295,PTMSIGDB_KINASE-iKiP_MOK,PTMSIGDB_KINASE-iKiP_MOK,22,79,0.278,1,40,15818,0.054215313,0.163730246
Adipose_Muscle,PTMSIGDB,PTMSIGDB_KINASE-iKiP,15229,PTMSIGDB_KINASE-iKiP_ICK,PTMSIGDB_KINASE-iKiP_ICK,23,96,0.24,1,40,15818,0.056610311,0.165749512
Adipose_Muscle,PTMSIGDB,PTMSIGDB_KINASE-iKiP,15272,PTMSIGDB_KINASE-iKiP_MAPK12,PTMSIGDB_KINASE-iKiP_MAPK12,153,430,0.356,2,40,15818,0.057079302,0.165749512
Adipose_Muscle,PTMSIGDB,PTMSIGDB_PATH-NP,15454,PTMSIGDB_PATH-NP_TIE2_PATHWAY,PTMSIGDB_PATH-NP_TIE2_PATHWAY,24,83,0.289,1,40,15818,0.058999396,0.168092618
Adipose_Muscle,PTMSIGDB,PTMSIGDB_KINASE-iKiP,15117,PTMSIGDB_KINASE-iKiP_AKT2,PTMSIGDB_KINASE-iKiP_AKT2,25,72,0.347,1,40,15818,0.061382581,0.168523085
Adipose_Muscle,PTMSIGDB,PTMSIGDB_KINASE-iKiP,15369,PTMSIGDB_KINASE-iKiP_RPS6KA3,PTMSIGDB_KINASE-iKiP_RPS6KA3,25,59,0.424,1,40,15818,0.061382581,0.168523085
Adipose_Muscle,PTMSIGDB,PTMSIGDB_PERT-PSP,15626,PTMSIGDB_PERT-PSP_ANTI_CD3,PTMSIGDB_PERT-PSP_ANTI_CD3,26,74,0.351,1,40,15818,0.06375988,0.171923963
Adipose_Muscle,PTMSIGDB,PTMSIGDB_KINASE-iKiP,15288,PTMSIGDB_KINASE-iKiP_MATK.CTK,PTMSIGDB_KINASE-iKiP_MATK.CTK,27,83,0.325,1,40,15818,0.066131309,0.17518996
Adipose_Muscle,PTMSIGDB,PTMSIGDB_KINASE-iKiP,15269,PTMSIGDB_KINASE-iKiP_MAPK1.ERK2,PTMSIGDB_KINASE-iKiP_MAPK1.ERK2,174,448,0.388,2,40,15818,0.071498915,0.186143728
Adipose_Muscle,PTMSIGDB,PTMSIGDB_KINASE-iKiP,15358,PTMSIGDB_KINASE-iKiP_PRKX,PTMSIGDB_KINASE-iKiP_PRKX,30,67,0.448,1,40,15818,0.073210511,0.187038494
Adipose_Muscle,PTMSIGDB,PTMSIGDB_KINASE-iKiP,15332,PTMSIGDB_KINASE-iKiP_PIM1,PTMSIGDB_KINASE-iKiP_PIM1,31,141,0.22,1,40,15818,0.075558597,0.187038494
Adipose_Muscle,PTMSIGDB,PTMSIGDB_KINASE-iKiP,15375,PTMSIGDB_KINASE-iKiP_SGK1,PTMSIGDB_KINASE-iKiP_SGK1,31,82,0.378,1,40,15818,0.075558597,0.187038494
Adipose_Muscle,PTMSIGDB,PTMSIGDB_KINASE-iKiP,15306,PTMSIGDB_KINASE-iKiP_NEK7,PTMSIGDB_KINASE-iKiP_NEK7,32,197,0.162,1,40,15818,0.077900882,0.189726342
Adipose_Muscle,PTMSIGDB,PTMSIGDB_KINASE-iKiP,15225,PTMSIGDB_KINASE-iKiP_HIPK1,PTMSIGDB_KINASE-iKiP_HIPK1,33,47,0.702,1,40,15818,0.080237381,0.192314992
Adipose_Muscle,PTMSIGDB,PTMSIGDB_KINASE-iKiP,15160,PTMSIGDB_KINASE-iKiP_CDK9-CCNT1,PTMSIGDB_KINASE-iKiP_CDK9-CCNT1,38,105,0.362,1,40,15818,0.091833559,0.212958992
Adipose_Muscle,PTMSIGDB,PTMSIGDB_KINASE-iKiP,15219,PTMSIGDB_KINASE-iKiP_GRK5,PTMSIGDB_KINASE-iKiP_GRK5,38,169,0.225,1,40,15818,0.091833559,0.212958992
Adipose_Muscle,PTMSIGDB,PTMSIGDB_KINASE-iKiP,15204,PTMSIGDB_KINASE-iKiP_ERBB2,PTMSIGDB_KINASE-iKiP_ERBB2,41,84,0.488,1,40,15818,0.098722711,0.212958992
Adipose_Muscle,PTMSIGDB,PTMSIGDB_KINASE-iKiP,15286,PTMSIGDB_KINASE-iKiP_MARK4,PTMSIGDB_KINASE-iKiP_MARK4,41,173,0.237,1,40,15818,0.098722711,0.212958992
Adipose_Muscle,PTMSIGDB,PTMSIGDB_KINASE-iKiP,15372,PTMSIGDB_KINASE-iKiP_RPS6KA6,PTMSIGDB_KINASE-iKiP_RPS6KA6,41,108,0.38,1,40,15818,0.098722711,0.212958992
Adipose_Muscle,PTMSIGDB,PTMSIGDB_PERT-P100-DIA2,15524,PTMSIGDB_PERT-P100-DIA2_GSK-J4,PTMSIGDB_PERT-P100-DIA2_GSK-J4,41,80,0.512,1,40,15818,0.098722711,0.212958992
Adipose_Muscle,PTMSIGDB,PTMSIGDB_PERT-P100-DIA2,15568,PTMSIGDB_PERT-P100-DIA2_SIROLIMUS,PTMSIGDB_PERT-P100-DIA2_SIROLIMUS,41,100,0.41,1,40,15818,0.098722711,0.212958992
Adipose_Muscle,PTMSIGDB,PTMSIGDB_KINASE-iKiP,15309,PTMSIGDB_KINASE-iKiP_NLK,PTMSIGDB_KINASE-iKiP_NLK,44,131,0.336,1,40,15818,0.105560901,0.218352001
Adipose_Muscle,PTMSIGDB,PTMSIGDB_PERT-P100-DIA2,15511,PTMSIGDB_PERT-P100-DIA2_EPZ-5687,PTMSIGDB_PERT-P100-DIA2_EPZ-5687,44,108,0.407,1,40,15818,0.105560901,0.218352001
Adipose_Muscle,PTMSIGDB,PTMSIGDB_PERT-P100-DIA2,15551,PTMSIGDB_PERT-P100-DIA2_PD-0332991,PTMSIGDB_PERT-P100-DIA2_PD-0332991,44,112,0.393,1,40,15818,0.105560901,0.218352001
Adipose_Muscle,PTMSIGDB,PTMSIGDB_PERT-P100-DIA2,15480,PTMSIGDB_PERT-P100-DIA2_BELINOSTAT,PTMSIGDB_PERT-P100-DIA2_BELINOSTAT,46,111,0.414,1,40,15818,0.110091563,0.219539193
Adipose_Muscle,PTMSIGDB,PTMSIGDB_PERT-P100-DIA2,15521,PTMSIGDB_PERT-P100-DIA2_GELDANAMYCIN,PTMSIGDB_PERT-P100-DIA2_GELDANAMYCIN,46,111,0.414,1,40,15818,0.110091563,0.219539193
Adipose_Muscle,PTMSIGDB,PTMSIGDB_KINASE-iKiP,15339,PTMSIGDB_KINASE-iKiP_PLK3,PTMSIGDB_KINASE-iKiP_PLK3,48,233,0.206,1,40,15818,0.114599847,0.219539193
Adipose_Muscle,PTMSIGDB,PTMSIGDB_KINASE-iKiP,15373,PTMSIGDB_KINASE-iKiP_RPS6KB1,PTMSIGDB_KINASE-iKiP_RPS6KB1,48,180,0.267,1,40,15818,0.114599847,0.219539193
Adipose_Muscle,PTMSIGDB,PTMSIGDB_PERT-P100-DIA2,15474,PTMSIGDB_PERT-P100-DIA2_1271738-62-5,PTMSIGDB_PERT-P100-DIA2_1271738-62-5,49,101,0.485,1,40,15818,0.116845631,0.219539193
Adipose_Muscle,PTMSIGDB,PTMSIGDB_PERT-P100-DIA2,15527,PTMSIGDB_PERT-P100-DIA2_GSK525762A,PTMSIGDB_PERT-P100-DIA2_GSK525762A,49,116,0.422,1,40,15818,0.116845631,0.219539193
Adipose_Muscle,PTMSIGDB,PTMSIGDB_PERT-P100-DIA2,15505,PTMSIGDB_PERT-P100-DIA2_DEXAMETHASONE,PTMSIGDB_PERT-P100-DIA2_DEXAMETHASONE,50,115,0.435,1,40,15818,0.11908586,0.219539193
Adipose_Muscle,PTMSIGDB,PTMSIGDB_KINASE-iKiP,15176,PTMSIGDB_KINASE-iKiP_CSNK2A1.CK2A1,PTMSIGDB_KINASE-iKiP_CSNK2A1.CK2A1,51,100,0.51,1,40,15818,0.121320548,0.219539193
Adipose_Muscle,PTMSIGDB,PTMSIGDB_PERT-P100-DIA2,15481,PTMSIGDB_PERT-P100-DIA2_BIX-01294,PTMSIGDB_PERT-P100-DIA2_BIX-01294,52,118,0.441,1,40,15818,0.123549709,0.219539193
Adipose_Muscle,PTMSIGDB,PTMSIGDB_KINASE-iKiP,15344,PTMSIGDB_KINASE-iKiP_PRKCB,PTMSIGDB_KINASE-iKiP_PRKCB,53,159,0.333,1,40,15818,0.125773355,0.219539193
Adipose_Muscle,PTMSIGDB,PTMSIGDB_PERT-P100-DIA2,15578,PTMSIGDB_PERT-P100-DIA2_TOFACITINIB,PTMSIGDB_PERT-P100-DIA2_TOFACITINIB,54,117,0.462,1,40,15818,0.127991501,0.219539193
Adipose_Muscle,PTMSIGDB,PTMSIGDB_PERT-P100-DIA2,15483,PTMSIGDB_PERT-P100-DIA2_BMS-345541,PTMSIGDB_PERT-P100-DIA2_BMS-345541,55,124,0.444,1,40,15818,0.130204159,0.219539193
Adipose_Muscle,PTMSIGDB,PTMSIGDB_PERT-P100-DIA2,15543,PTMSIGDB_PERT-P100-DIA2_MS-275,PTMSIGDB_PERT-P100-DIA2_MS-275,55,124,0.444,1,40,15818,0.130204159,0.219539193
Adipose_Muscle,PTMSIGDB,PTMSIGDB_PERT-P100-DIA2,15535,PTMSIGDB_PERT-P100-DIA2_KU-55933,PTMSIGDB_PERT-P100-DIA2_KU-55933,56,110,0.509,1,40,15818,0.132411343,0.219539193
Adipose_Muscle,PTMSIGDB,PTMSIGDB_KINASE-iKiP,15149,PTMSIGDB_KINASE-iKiP_CDK2-CCNE1,PTMSIGDB_KINASE-iKiP_CDK2-CCNE1,58,140,0.414,1,40,15818,0.136809339,0.219539193
Adipose_Muscle,PTMSIGDB,PTMSIGDB_PERT-P100-DIA2,15494,PTMSIGDB_PERT-P100-DIA2_CHIR99021,PTMSIGDB_PERT-P100-DIA2_CHIR99021,59,148,0.399,1,40,15818,0.139000178,0.219539193
Adipose_Muscle,PTMSIGDB,PTMSIGDB_PERT-P100-DIA2,15552,PTMSIGDB_PERT-P100-DIA2_PD0325901,PTMSIGDB_PERT-P100-DIA2_PD0325901,59,122,0.484,1,40,15818,0.139000178,0.219539193
Adipose_Muscle,PTMSIGDB,PTMSIGDB_PERT-P100-DIA2,15533,PTMSIGDB_PERT-P100-DIA2_KN-62,PTMSIGDB_PERT-P100-DIA2_KN-62,60,200,0.3,1,40,15818,0.141185596,0.219539193
Adipose_Muscle,PTMSIGDB,PTMSIGDB_KINASE-iKiP,15378,PTMSIGDB_KINASE-iKiP_SIK1,PTMSIGDB_KINASE-iKiP_SIK1,61,185,0.33,1,40,15818,0.143365604,0.219539193
Adipose_Muscle,PTMSIGDB,PTMSIGDB_PATH-NP,15433,PTMSIGDB_PATH-NP_EGFR1_PATHWAY,PTMSIGDB_PATH-NP_EGFR1_PATHWAY,61,495,0.123,1,40,15818,0.143365604,0.219539193
Adipose_Muscle,PTMSIGDB,PTMSIGDB_PERT-P100-DIA2,15495,PTMSIGDB_PERT-P100-DIA2_CI-994,PTMSIGDB_PERT-P100-DIA2_CI-994,61,153,0.399,1,40,15818,0.143365604,0.219539193
Adipose_Muscle,PTMSIGDB,PTMSIGDB_PERT-P100-DIA2,15482,PTMSIGDB_PERT-P100-DIA2_BIX-01338,PTMSIGDB_PERT-P100-DIA2_BIX-01338,62,132,0.47,1,40,15818,0.145540217,0.219539193
Adipose_Muscle,PTMSIGDB,PTMSIGDB_PERT-P100-DIA2,15512,PTMSIGDB_PERT-P100-DIA2_EPZ004777,PTMSIGDB_PERT-P100-DIA2_EPZ004777,62,126,0.492,1,40,15818,0.145540217,0.219539193
Adipose_Muscle,PTMSIGDB,PTMSIGDB_PERT-P100-DIA2,15506,PTMSIGDB_PERT-P100-DIA2_DINACICLIB,PTMSIGDB_PERT-P100-DIA2_DINACICLIB,63,151,0.417,1,40,15818,0.147709447,0.219539193
Adipose_Muscle,PTMSIGDB,PTMSIGDB_KINASE-iKiP,15159,PTMSIGDB_KINASE-iKiP_CDK9-CCNK,PTMSIGDB_KINASE-iKiP_CDK9-CCNK,64,115,0.557,1,40,15818,0.149873308,0.219539193
Adipose_Muscle,PTMSIGDB,PTMSIGDB_PERT-P100-DIA2,15586,PTMSIGDB_PERT-P100-DIA2_VEMURAFENIB,PTMSIGDB_PERT-P100-DIA2_VEMURAFENIB,64,150,0.427,1,40,15818,0.149873308,0.219539193
Adipose_Muscle,PTMSIGDB,PTMSIGDB_PERT-P100-DIA2,15510,PTMSIGDB_PERT-P100-DIA2_EPZ-5676,PTMSIGDB_PERT-P100-DIA2_EPZ-5676,65,146,0.445,1,40,15818,0.152031812,0.219539193
Adipose_Muscle,PTMSIGDB,PTMSIGDB_PERT-P100-DIA2,15516,PTMSIGDB_PERT-P100-DIA2_EX527,PTMSIGDB_PERT-P100-DIA2_EX527,65,148,0.439,1,40,15818,0.152031812,0.219539193
Adipose_Muscle,PTMSIGDB,PTMSIGDB_PERT-P100-DIA2,15534,PTMSIGDB_PERT-P100-DIA2_KN-93,PTMSIGDB_PERT-P100-DIA2_KN-93,65,141,0.461,1,40,15818,0.152031812,0.219539193
Adipose_Muscle,PTMSIGDB,PTMSIGDB_PERT-P100-DIA2,15583,PTMSIGDB_PERT-P100-DIA2_UNC-0646,PTMSIGDB_PERT-P100-DIA2_UNC-0646,65,145,0.448,1,40,15818,0.152031812,0.219539193
Adipose_Muscle,PTMSIGDB,PTMSIGDB_PERT-P100-DIA2,15490,PTMSIGDB_PERT-P100-DIA2_CALPAIN_INHIBITOR_II,PTMSIGDB_PERT-P100-DIA2_CALPAIN_INHIBITOR_II,66,139,0.475,1,40,15818,0.154184971,0.219539193
Adipose_Muscle,PTMSIGDB,PTMSIGDB_PERT-P100-DIA2,15563,PTMSIGDB_PERT-P100-DIA2_RUXOLITINIB,PTMSIGDB_PERT-P100-DIA2_RUXOLITINIB,66,170,0.388,1,40,15818,0.154184971,0.219539193
Adipose_Muscle,PTMSIGDB,PTMSIGDB_KINASE-iKiP,15154,PTMSIGDB_KINASE-iKiP_CDK5-CDK5R1p35,PTMSIGDB_KINASE-iKiP_CDK5-CDK5R1p35,67,186,0.36,1,40,15818,0.1563328,0.219539193
Adipose_Muscle,PTMSIGDB,PTMSIGDB_PERT-P100-DIA2,15488,PTMSIGDB_PERT-P100-DIA2_C646_(CHEMBL1797936),PTMSIGDB_PERT-P100-DIA2_C646_(CHEMBL1797936),67,146,0.459,1,40,15818,0.1563328,0.219539193
Adipose_Muscle,PTMSIGDB,PTMSIGDB_KINASE-PSP,14925,PTMSIGDB_KINASE-PSP_ERK1/MAPK3,PTMSIGDB_KINASE-PSP_ERK1/MAPK3,68,384,0.177,1,40,15818,0.158475311,0.219539193
Adipose_Muscle,PTMSIGDB,PTMSIGDB_PERT-P100-DIA2,15555,PTMSIGDB_PERT-P100-DIA2_PRI-724,PTMSIGDB_PERT-P100-DIA2_PRI-724,68,151,0.45,1,40,15818,0.158475311,0.219539193
Adipose_Muscle,PTMSIGDB,PTMSIGDB_PERT-P100-DIA2,15492,PTMSIGDB_PERT-P100-DIA2_CC-401,PTMSIGDB_PERT-P100-DIA2_CC-401,70,154,0.455,1,40,15818,0.16274443,0.220132671
Adipose_Muscle,PTMSIGDB,PTMSIGDB_PERT-P100-DIA2,15525,PTMSIGDB_PERT-P100-DIA2_GSK1210151A,PTMSIGDB_PERT-P100-DIA2_GSK1210151A,70,148,0.473,1,40,15818,0.16274443,0.220132671
Adipose_Muscle,PTMSIGDB,PTMSIGDB_KINASE-iKiP,15270,PTMSIGDB_KINASE-iKiP_MAPK10.JNK3,PTMSIGDB_KINASE-iKiP_MAPK10.JNK3,72,164,0.439,1,40,15818,0.16699243,0.220132671
Adipose_Muscle,PTMSIGDB,PTMSIGDB_PERT-P100-DIA2,15477,PTMSIGDB_PERT-P100-DIA2_AR_A014418,PTMSIGDB_PERT-P100-DIA2_AR_A014418,72,159,0.453,1,40,15818,0.16699243,0.220132671
Adipose_Muscle,PTMSIGDB,PTMSIGDB_PERT-P100-DIA2,15572,PTMSIGDB_PERT-P100-DIA2_SP600125,PTMSIGDB_PERT-P100-DIA2_SP600125,72,158,0.456,1,40,15818,0.16699243,0.220132671
Adipose_Muscle,PTMSIGDB,PTMSIGDB_PERT-P100-DIA2,15475,PTMSIGDB_PERT-P100-DIA2_AFURESERTIB,PTMSIGDB_PERT-P100-DIA2_AFURESERTIB,73,161,0.453,1,40,15818,0.169108542,0.220132671
Adipose_Muscle,PTMSIGDB,PTMSIGDB_PERT-P100-DIA2,15577,PTMSIGDB_PERT-P100-DIA2_TG101348,PTMSIGDB_PERT-P100-DIA2_TG101348,73,150,0.487,1,40,15818,0.169108542,0.220132671
Adipose_Muscle,PTMSIGDB,PTMSIGDB_KINASE-iKiP,15153,PTMSIGDB_KINASE-iKiP_CDK5-CDK5R1p25,PTMSIGDB_KINASE-iKiP_CDK5-CDK5R1p25,74,190,0.389,1,40,15818,0.171219413,0.220975481
Adipose_Muscle,PTMSIGDB,PTMSIGDB_PERT-P100-DIA2,15569,PTMSIGDB_PERT-P100-DIA2_SMER-3,PTMSIGDB_PERT-P100-DIA2_SMER-3,76,157,0.484,1,40,15818,0.17542548,0.223729719
Adipose_Muscle,PTMSIGDB,PTMSIGDB_PERT-P100-DIA2,15539,PTMSIGDB_PERT-P100-DIA2_LY-294002,PTMSIGDB_PERT-P100-DIA2_LY-294002,78,163,0.479,1,40,15818,0.179610732,0.223729719
Adipose_Muscle,PTMSIGDB,PTMSIGDB_KINASE-PSP,14926,PTMSIGDB_KINASE-PSP_ERK2/MAPK1,PTMSIGDB_KINASE-PSP_ERK2/MAPK1,79,441,0.179,1,40,15818,0.181695584,0.223729719
Adipose_Muscle,PTMSIGDB,PTMSIGDB_PERT-P100-DIA2,15556,PTMSIGDB_PERT-P100-DIA2_PS-1145,PTMSIGDB_PERT-P100-DIA2_PS-1145,80,181,0.442,1,40,15818,0.18377527,0.223729719
Adipose_Muscle,PTMSIGDB,PTMSIGDB_PERT-P100-DIA2,15570,PTMSIGDB_PERT-P100-DIA2_SORAFENIB,PTMSIGDB_PERT-P100-DIA2_SORAFENIB,80,209,0.383,1,40,15818,0.18377527,0.223729719
Adipose_Muscle,PTMSIGDB,PTMSIGDB_PERT-P100-DIA2,15554,PTMSIGDB_PERT-P100-DIA2_PRAVASTATIN,PTMSIGDB_PERT-P100-DIA2_PRAVASTATIN,81,194,0.418,1,40,15818,0.185849802,0.223729719
Adipose_Muscle,PTMSIGDB,PTMSIGDB_PERT-P100-DIA2,15528,PTMSIGDB_PERT-P100-DIA2_IBRUTINIB,PTMSIGDB_PERT-P100-DIA2_IBRUTINIB,82,207,0.396,1,40,15818,0.187919193,0.223729719
Adipose_Muscle,PTMSIGDB,PTMSIGDB_PERT-P100-DIA2,15567,PTMSIGDB_PERT-P100-DIA2_SEMAGACESTAT,PTMSIGDB_PERT-P100-DIA2_SEMAGACESTAT,82,178,0.461,1,40,15818,0.187919193,0.223729719
Adipose_Muscle,PTMSIGDB,PTMSIGDB_PERT-P100-DIA2,15537,PTMSIGDB_PERT-P100-DIA2_LENALIDOMIDE,PTMSIGDB_PERT-P100-DIA2_LENALIDOMIDE,84,188,0.447,1,40,15818,0.192042602,0.223729719
Adipose_Muscle,PTMSIGDB,PTMSIGDB_PERT-P100-DIA2,15566,PTMSIGDB_PERT-P100-DIA2_SELUMETINIB,PTMSIGDB_PERT-P100-DIA2_SELUMETINIB,84,197,0.426,1,40,15818,0.192042602,0.223729719
Adipose_Muscle,PTMSIGDB,PTMSIGDB_PERT-P100-DIA2,15493,PTMSIGDB_PERT-P100-DIA2_CERITINIB,PTMSIGDB_PERT-P100-DIA2_CERITINIB,85,215,0.395,1,40,15818,0.194096644,0.223729719
Adipose_Muscle,PTMSIGDB,PTMSIGDB_PERT-P100-DIA2,15536,PTMSIGDB_PERT-P100-DIA2_LAPATINIB,PTMSIGDB_PERT-P100-DIA2_LAPATINIB,85,208,0.409,1,40,15818,0.194096644,0.223729719
Adipose_Muscle,PTMSIGDB,PTMSIGDB_PERT-P100-DIA2,15562,PTMSIGDB_PERT-P100-DIA2_ROSCOVITINE,PTMSIGDB_PERT-P100-DIA2_ROSCOVITINE,85,169,0.503,1,40,15818,0.194096644,0.223729719
Adipose_Muscle,PTMSIGDB,PTMSIGDB_PERT-P100-DIA2,15585,PTMSIGDB_PERT-P100-DIA2_VANDETANIB,PTMSIGDB_PERT-P100-DIA2_VANDETANIB,85,213,0.399,1,40,15818,0.194096644,0.223729719
Adipose_Muscle,PTMSIGDB,PTMSIGDB_PERT-P100-DIA2,15489,PTMSIGDB_PERT-P100-DIA2_CABOZANTINIB,PTMSIGDB_PERT-P100-DIA2_CABOZANTINIB,86,188,0.457,1,40,15818,0.196145594,0.224378672
Adipose_Muscle,PTMSIGDB,PTMSIGDB_PERT-P100-DIA2,15484,PTMSIGDB_PERT-P100-DIA2_BMS-906024,PTMSIGDB_PERT-P100-DIA2_BMS-906024,87,213,0.408,1,40,15818,0.198189465,0.225012099
Adipose_Muscle,PTMSIGDB,PTMSIGDB_PERT-P100-DIA2,15588,PTMSIGDB_PERT-P100-DIA2_VERTEPORFIN,PTMSIGDB_PERT-P100-DIA2_VERTEPORFIN,88,195,0.451,1,40,15818,0.200228269,0.225630362
Adipose_Muscle,PTMSIGDB,PTMSIGDB_PERT-P100-DIA2,15497,PTMSIGDB_PERT-P100-DIA2_CPI-169,PTMSIGDB_PERT-P100-DIA2_CPI-169,92,170,0.541,1,40,15818,0.208333057,0.231841992
Adipose_Muscle,PTMSIGDB,PTMSIGDB_PERT-P100-DIA2,15502,PTMSIGDB_PERT-P100-DIA2_DASATINIB,PTMSIGDB_PERT-P100-DIA2_DASATINIB,93,193,0.482,1,40,15818,0.210346708,0.231841992
Adipose_Muscle,PTMSIGDB,PTMSIGDB_PERT-P100-DIA2,15565,PTMSIGDB_PERT-P100-DIA2_SCH_900776,PTMSIGDB_PERT-P100-DIA2_SCH_900776,93,201,0.463,1,40,15818,0.210346708,0.231841992
Adipose_Muscle,PTMSIGDB,PTMSIGDB_PERT-P100-DIA2,15550,PTMSIGDB_PERT-P100-DIA2_PAZOPANIB,PTMSIGDB_PERT-P100-DIA2_PAZOPANIB,94,195,0.482,1,40,15818,0.212355365,0.232359856
Adipose_Muscle,PTMSIGDB,PTMSIGDB_PERT-P100-DIA2,15520,PTMSIGDB_PERT-P100-DIA2_GEFITINIB,PTMSIGDB_PERT-P100-DIA2_GEFITINIB,95,205,0.463,1,40,15818,0.21435904,0.232864856
Adipose_Muscle,PTMSIGDB,PTMSIGDB_PERT-P100-DIA2,15553,PTMSIGDB_PERT-P100-DIA2_PONATINIB,PTMSIGDB_PERT-P100-DIA2_PONATINIB,99,215,0.46,1,40,15818,0.22232416,0.238091831
Adipose_Muscle,PTMSIGDB,PTMSIGDB_PERT-P100-DIA2,15557,PTMSIGDB_PERT-P100-DIA2_REGORAFENIB,PTMSIGDB_PERT-P100-DIA2_REGORAFENIB,99,253,0.391,1,40,15818,0.22232416,0.238091831
Adipose_Muscle,PTMSIGDB,PTMSIGDB_KINASE-PSP,14888,PTMSIGDB_KINASE-PSP_CDK1,PTMSIGDB_KINASE-PSP_CDK1,101,660,0.153,1,40,15818,0.226277139,0.240618648
Adipose_Muscle,PTMSIGDB,PTMSIGDB_PERT-P100-DIA2,15500,PTMSIGDB_PERT-P100-DIA2_CYCLOSPORINE,PTMSIGDB_PERT-P100-DIA2_CYCLOSPORINE,104,240,0.433,1,40,15818,0.2321699,0.245158426
Adipose_Muscle,PTMSIGDB,PTMSIGDB_PERT-P100-DIA2,15508,PTMSIGDB_PERT-P100-DIA2_DOXORUBICIN,PTMSIGDB_PERT-P100-DIA2_DOXORUBICIN,107,245,0.437,1,40,15818,0.238018895,0.249589258
Adipose_Muscle,PTMSIGDB,PTMSIGDB_PERT-P100-DIA2,15486,PTMSIGDB_PERT-P100-DIA2_BOSUTINIB,PTMSIGDB_PERT-P100-DIA2_BOSUTINIB,111,259,0.429,1,40,15818,0.245750021,0.254410163
Adipose_Muscle,PTMSIGDB,PTMSIGDB_KINASE-iKiP,15274,PTMSIGDB_KINASE-iKiP_MAPK14,PTMSIGDB_KINASE-iKiP_MAPK14,112,294,0.381,1,40,15818,0.24767082,0.254410163
Adipose_Muscle,PTMSIGDB,PTMSIGDB_PERT-P100-DIA2,15478,PTMSIGDB_PERT-P100-DIA2_AXITINIB,PTMSIGDB_PERT-P100-DIA2_AXITINIB,112,279,0.401,1,40,15818,0.24767082,0.254410163
Adipose_Muscle,PTMSIGDB,PTMSIGDB_KINASE-iKiP,15184,PTMSIGDB_KINASE-iKiP_DYRK2,PTMSIGDB_KINASE-iKiP_DYRK2,129,402,0.321,1,40,15818,0.279604001,0.285271649
Adipose_Muscle,PTMSIGDB,PTMSIGDB_KINASE-iKiP,15273,PTMSIGDB_KINASE-iKiP_MAPK13,PTMSIGDB_KINASE-iKiP_MAPK13,158,413,0.383,1,40,15818,0.331054049,0.335497728
Adipose_Muscle,PTMSIGDB,PTMSIGDB_PERT-P100-DIA2,15589,PTMSIGDB_PERT-P100-DIA2_VORINOSTAT,PTMSIGDB_PERT-P100-DIA2_VORINOSTAT,222,556,0.399,1,40,15818,0.432245136,0.43512677
Adipose_Muscle,PTMSIGDB,PTMSIGDB_PERT-P100-DIA2,15507,PTMSIGDB_PERT-P100-DIA2_DMSO,PTMSIGDB_PERT-P100-DIA2_DMSO,242,588,0.412,1,40,15818,0.460686357,0.460686357
