"name","nms.score.EE","nms.score.RE","nms.score.avg"
"NFIC",9,9,9
"SAFB",7.39190899502598,0.874380007207192,4.13314450111659
"CHCHD3",4.74155640307927,2.46627542696006,3.60391591501967
"CHAMP1",4.54154195617977,2.62082617516862,3.5811840656742
"SON",1.83262095046761,5.19102491093535,3.51182293070148
"FOXO3",4.43528770073022,1.2769146696861,2.85610118520816
"HMGN3",2.50208509608945,3.1836536383981,2.84286936724378
"MEF2D",3.99354100078772,1.61076710304426,2.80215405191599
"HES1",4.35350530684739,0.800513854534563,2.57700958069098
"PITX3",3.90636753539638,0.872722677828673,2.38954510661252
"TFEB",0.974054108025065,3.23294280321113,2.1034984556181
"CIC",2.76454813220223,1.37942513979578,2.07198663599901
"NFYA",0.0179302036364862,4.12228098669285,2.07010559516467
"NFIB",1.67946661442267,2.36209851885425,2.02078256663846
"FOXO1",1.92752359590213,1.63336241440989,1.78044300515601
"HIVEP2",1.81105502466041,1.72272710994259,1.7668910673015
"SPEN",0.728394806283527,2.68872740191315,1.70856110409834
"KAT7",2.40346281051292,0.924970622196993,1.66421671635496
"LBX1",1.46813643106536,1.72627841966956,1.59720742536746
"ZNF318",2.10656980238685,1.01548160638411,1.56102570438548
"CEBPB",1.41599863998906,1.62597057647747,1.52098460823327
"RXRA",0.115030102465589,2.8499604345078,1.48249526848669
"CC2D1A",0.218978401497511,2.57544494193624,1.39721167171688
"HBP1",1.72673894084796,0.887229745709279,1.30698434327862
"MEF2A",1.00259727933521,1.53480629975682,1.26870178954602
"CAR 18:1;OH",1.69003959213812,0.730099917628154,1.21006975488314
"PC 37:5",2.24735049053304,0,1.12367524526652
"NFIX",0.68598718202557,1.55466362136398,1.12032540169478
"YBX3",1.14360867511296,0.920436303752997,1.03202248943298
"SOX6",0.954787473401775,1.09263376378868,1.02371061859523
"NCOA1",1.79959382061395,0.212321394023391,1.00595760731867
"Eicosenoic acid",0.160661557523497,1.82089764463534,0.990779601079417
"Hypoxanthine",0.00816724568781618,1.92471831034356,0.966442778015687
"PC O-35:2",1.89759386535788,0,0.948796932678939
"ST 24:2;O4",1.44600704715139,0.393327980470827,0.91966751381111
"STAT5B",1.55519655065902,0.266909582749823,0.911053066704422
"CAR 18:2",1.81602626442603,0,0.908013132213014
"PURB",1.5571506966757,0.20561052865661,0.881380612666156
"GTF2I",0.00816724568781618,1.74812326689551,0.878145256291661
"BCL6",0.874373239502092,0.862334835197716,0.868354037349904
"TRAFD1",0.628715358752858,1.1013496296108,0.865032494181831
"NFIA",0.176716630402337,1.51800160128218,0.847359115842258
"PC 16:0_20:4",1.68483621291792,0,0.842418106458958
"AR",0.16616985439863,1.50571521723154,0.835942535815083
"Inosine",0,1.64620913990607,0.823104569953033
"Malic acid",0.0151154994819284,1.59595410162192,0.805534800551925
"TG 50:3",1.49194392890873,0,0.745971964454363
"FOXK2",0.268821985336451,1.19930489675526,0.734063441045856
"TG 16:0_18:2_22:6",1.45404291459142,0,0.727021457295711
"CAR 20:3",1.41705373543915,0,0.708526867719575
"CASZ1",0.134838010242125,1.27933964282392,0.707088826533025
"TG 50:4",1.38084725227787,0,0.690423626138935
"PC 37:1",1.33875337488921,0,0.669376687444607
"SP4",1.06675099216239,0.262761571113741,0.664756281638064
"ADNP",0.0704648638554639,1.23979590954719,0.655130386701325
"Monoethylglycinexylidide",0,1.30499371730749,0.652496858653744
"NFATC1",0.425382723698609,0.877225707026129,0.651304215362369
"FOXK1",1.13055420727358,0.15489654515427,0.642725376213925
"AHDC1",0.45877422543854,0.741846025816238,0.600310125627389
"CAR 12:2",0,1.19459237999034,0.597296189995169
"TEAD3",1.16090113336007,0.0209182136472681,0.590909673503668
"CAR DC6:0",1.16147399037782,0.0143821143752982,0.587928052376559
"NME2",0.117576600821263,1.04400223071183,0.580789415766549
"SM 18:1;O2/17:0",1.13782619603991,0,0.568913098019954
"DR1",1.08935484454011,0.0477978393407732,0.56857634194044
"TMF1",0.690872178822316,0.406869385655477,0.548870782238897
"MEF2C",0.509506423348768,0.55706561215729,0.533286017753029
"KET",0.899511182546589,0.141542891253204,0.520527036899897
"RORA",0.854403924184619,0.160369320341618,0.507386622263119
"TG 44:2",1.00963903918843,0,0.504819519594214
"N-Acetylhistidine",0.941787289201315,0,0.470893644600658
"CAR 4:0;OH",0.88614815359336,0.0442534187856397,0.4652007861895
"NR3C1",0.762869567714299,0.165598405549914,0.464233986632107
"TCF12",0.816664471926724,0.09770892249247,0.457186697209597
"MECP2",0.562983397862413,0.341761308393363,0.452372353127888
"Sebacic acid",0,0.899046023031757,0.449523011515878
"LPC 18:0/0:0",0,0.887871589063494,0.443935794531747
"CAR 3:0",0,0.861485970512628,0.430742985256314
"ZNF148",0.207203350938995,0.623057999993306,0.41513067546615
"TG 48:5",0.803598610155155,0,0.401799305077577
"2-Hydroxybutyric acid",0.752213656902292,0.0452593551905119,0.398736506046402
"Octadecatrienoic acid",0,0.752669092113479,0.376334546056739
"TCF4",0.0983687554222445,0.653841434006778,0.376105094714511
"LPC 0:0/18:1",0,0.732548821877336,0.366274410938668
"TG 49:1",0.0159687938075212,0.71396428168127,0.364966537744396
"BAZ2A",0.510247236891296,0.187947306006905,0.349097271449101
"ZNF592",0.525107298565655,0.146898912499472,0.336003105532563
"3-Hydroxybutyric acid",0.640793583218123,0.0267908104285993,0.333792196823361
"TG 44:1",0,0.655870908442372,0.327935454221186
"YBX1",0.554190782703962,0.0954234759794853,0.324807129341724
"TG 47:1",0,0.646716462355658,0.323358231177829
"RREB1",0.493950261734219,0.127826778986737,0.310888520360478
"FOXJ3",0.427523244986343,0.176409006023382,0.301966125504863
"MGA",0.265024399289872,0.316811126159799,0.290917762724836
"TG 12:0_14:0_16:0",0.0356046084409352,0.533756083851142,0.284680346146039
"TG 47:3",0.0159687938075212,0.546768505524887,0.281368649666204
"ZBTB20",0.400785268940166,0.1574843432469,0.279134806093533
"ZNF462",0.44831497692876,0.104885481479232,0.276600229203996
"ZNF652",0.114054584750654,0.438400219742547,0.2762274022466
"NFX1",0.117320590428887,0.430759447222213,0.27404001882555
"FA 22:3;O",0,0.5473511693825,0.27367558469125
"ZHX2",0.440709321407118,0.0973291012379068,0.269019211322512
"ANKZF1",0.15544136683794,0.36459497303851,0.260018169938225
"KLF3",0.272614646287246,0.246508133428544,0.259561389857895
"ZBTB16",0.373206704463502,0.142734835905507,0.257970770184505
"AKAP8L",0.205535064817654,0.301992177595362,0.253763621206508
"Linoleic acid",0,0.497463954884635,0.248731977442317
"ZBTB7A",0.115524677103976,0.374277444042227,0.244901060573102
"GPBP1L1",0.454610691994919,0.0336570257540822,0.2441338588745
"CREB1",0.408939995021501,0.0785547820920513,0.243747388556776
"Phenyllactic acid",0.455762975953682,0.0255790442994349,0.240671010126559
"TCF20",0.181527983262074,0.299713488044845,0.24062073565346
"TOPORS",0.303479489410085,0.174336548346649,0.238908018878367
"ZNF784",0.214135070534549,0.260155494544083,0.237145282539316
"CAR 9:0",0.468944778566813,0.00408970077022698,0.23651723966852
"Adipic acid",0,0.462752131486424,0.231376065743212
"ZNF687",0.0423599683062108,0.398810076874526,0.220585022590368
"TG 56:10",0.00115804229901871,0.427028316950173,0.214093179624596
"N(6)-Methyllysine",0,0.423240438162295,0.211620219081147
"CUX1",0.163882546338841,0.258693352238337,0.211287949288589
"DBP",0.204754976145366,0.199769672862489,0.202262324503927
"alpha-N-Phenylacetylglutamine",0.370094662001688,0.0277418035580397,0.198918232779864
"ST 27:1;O3",0,0.395590710830956,0.197795355415478
"HMGA1",0.337960101603376,0.0287493848298098,0.183354743216593
"TG 54:7",0,0.362955901165878,0.181477950582939
"Methyl 3-hydroxybenzoate",0.0588615620227284,0.295498554609989,0.177180058316359
"ZEB1",0.334211253137848,0.0142457910162906,0.174228522077069
"HSF1",0.0140793563722801,0.330830709074632,0.172455032723456
"MBD3",0.0971867223253178,0.246623587108217,0.171905154716767
"PI 38:4",0.21635137880053,0.120185909259592,0.168268644030061
"sn-Glycero-3-phosphate",0.0091424392027793,0.318644323935068,0.163893381568924
"Leucine/Isoleucine",0,0.319897858397523,0.159948929198761
"RFX1",0.308635856746196,0,0.154317928373098
"Docosapentaenoic acid",0.295236070447842,0,0.147618035223921
"PC P-34:3 or PC O-34:4",0.183802612142568,0.10572203529398,0.144762323718274
"SRF",0.180727034596059,0.103365865177735,0.142046449886897
"Eicosatrienoic acid",0.246946963377138,0.024810851339377,0.135878907358257
"AHCTF1",0.109391554461056,0.159622741485751,0.134507147973404
"SP3",0.0457781681809722,0.202062366272428,0.1239202672267
"PI 40:5",0.230018614912533,0,0.115009307456266
"Leucine",0.153828579563876,0.0743158529607988,0.114072216262337
"CAR 20:2",0.227899521148988,0,0.113949760574494
"Indolelactic acid",0.210926755844158,0.00313543725717402,0.107031096550666
"Tryptophan",0.213484169413579,0,0.10674208470679
"SM 42:2;O2",0.20998072010928,0,0.10499036005464
"Hyocholic acid",0.109611805379935,0.0981789815543479,0.103895393467142
"PC O-40:4",0.199943448549787,0,0.0999717242748933
"Nonadecenoic acid",0.172435852096779,0.024810851339377,0.0986233517180778
"PC 40:7",0.191936465233296,0,0.095968232616648
"RBSN",0.0668228013730517,0.124668625576707,0.0957457134748796
"PC 34:4",0.185254950756681,0,0.0926274753783407
"CAR 10:0",0,0.184062697729114,0.0920313488645572
"SP1",0.123560390025534,0.0573275430274112,0.0904439665264726
"STAT3",0.135832810273864,0.043831230304545,0.0898320202892047
"Hydroxydecanoic acid",0.17525370582879,0,0.087626852914395
"SM 31:1;O2",0.175051389883403,0,0.0875256949417015
"LPE 22:6",0.174345976234002,0,0.087172988117001
"Urocanic acid",0,0.173961687628104,0.0869808438140522
"FA 20:5;O3",0.0899559004569591,0.0822035018579221,0.0860797011574406
"TG 60:10",0.169891633249592,0,0.084945816624796
"DG 18:0_18:1",0.16830906372345,0,0.0841545318617248
"Ethanolamine",0,0.163046347600589,0.0815231738002945
"beta-Leucine",0.156771045223106,0.00490764092427237,0.0808393430736892
"Isoleucine",0.161225388207516,0,0.0806126941037579
"PC O-16:1/20:4",0.156528604296363,0,0.0782643021481814
"TG 55:6",0.152074261311953,0,0.0760371306559765
"BRF2",0.14285643297989,0.00654352123236317,0.0746999771061266
"PE P-40:6 or PE O-40:7",0.148395837889282,0,0.0741979189446408
"Hippuric acid",0.00926433839214969,0.13842053553048,0.073842436961315
"SM 34:2;O2",0.147584735049097,0,0.0737923675245483
"KANSL1L",0.135623655803016,0.0100620921206503,0.0728428739618331
"Deoxycholic acid",0.0164563905650027,0.128677027919106,0.0725667092420546
"Heptadecanedioic acid",0,0.142217967281017,0.0711089836405084
"Heptadecenoic acid",0.0229170476016335,0.11447943410659,0.0686982408541116
"TG 50:6",0.132881926968153,0,0.0664409634840763
"Cer 18:1;O2/20:0",0.130578465951642,0,0.0652892329758212
"PC O-37:3",0.123048463107145,0.0055892577193102,0.0643188604132276
"SM 18:1;O2/21:0",0.126124122967233,0,0.0630620614836163
"Octadecenoic acid",0.0151764490766136,0.10891658675355,0.0620465179150818
"Docosatetraenoic acid",0.0989109571304211,0.024810851339377,0.061860904234899
"TBX15",0.104039955201658,0.0180012241562238,0.0610205896789409
"ZBTB14",0.046641507651346,0.0751361558634149,0.0608888317573805
"TG 58:10",0.121669779982823,0,0.0608348899914114
"GATAD2B",0.0815043516113061,0.0397805843842996,0.0606424679978029
"CAR 16:1",0,0.119640099447202,0.0598200497236009
"Gluconic acid",0.116783767263226,0,0.058391883631613
"USP54",0.0995018039973848,0.0158980232424442,0.0576999136199145
"Palmitoleic acid",0,0.113916580936338,0.0569582904681688
"DG 34:2",0.112761094014003,0,0.0563805470070016
"Isoquinoline-1,5-diol",0,0.111954181581337,0.0559770907906686
"11-Deoxycortisol",0.0207888343600422,0.0906990038405235,0.0557439191002828
"Tauroursodeoxycholic acid",0.111317688589311,0,0.0556588442946557
"FA 18:2;O",0,0.10891658675355,0.0544582933767749
"ADAMTSL4",0.0984316971499409,0.00871177675352941,0.0535717369517351
"Alloisoleucine",0.0820032953677982,0.0240610728648354,0.0530321841163168
"FA 14:3;O",0,0.10437842400558,0.0521892120027898
"LINC01128",0.103815269458222,0,0.0519076347291108
"Docosatrienoic acid",0.0794854038688728,0.0234476177493013,0.0514665108090871
"Acetaminophen",0.102629453546925,0,0.0513147267734627
"Hexadecenoic acid",0,0.101853171480327,0.0509265857401635
"CPSF7",0.0879118246895455,0.0126359789004158,0.0502739017949806
"MALT1",0.091156649784325,0.00914020582073203,0.0501484278025285
"DG 18:2_20:2",0,0.0993279189550746,0.0496639594775373
"TXNRD1",0.0987869430597207,0.000136323359007566,0.0494616332093641
"Tyrosine",0.00938623758152008,0.0893763137475223,0.0493812756645212
"PC O-40:1",0.0986274669996849,0,0.0493137334998424
"PC O-42:2",0.0941105180403334,0.00381705405221185,0.0489637860462726
"SM 39:2;O2",0.0975136501979233,0,0.0487568250989616
"Hydroxyhexadecanoic acid",0,0.096802666429822,0.048401333214911
"SM 40:2;O2",0,0.0966859653724898,0.0483429826862449
"EEA1",0.0962544777250951,0,0.0481272388625475
"Tetracosadienoic acid",0.019026318686562,0.0761011381623474,0.0475637284244547
"FA 19:2;O2",0,0.0942774139045695,0.0471387069522848
"TMTC1",0.0727112923927602,0.0211822570306046,0.0469467747116824
"Indoleacetic acid",0,0.093829715600556,0.046914857800278
"PE O-37:2",0.0888688528974066,0.00313543725717402,0.0460021450772903
"CAR 16:3",0,0.091752161379317,0.0458760806896585
"PC 35:2",0.0915819380510261,0,0.045790969025513
"SM 43:1;O2",0.0915819380510261,0,0.045790969025513
"Hexadecatrienoic acid",0,0.091486055428527,0.0457430277142635
"TG 48:3",0,0.0907726617825888,0.0453863308912944
"Phenylpyruvic acid",0.0823736089947496,0.00695249130938586,0.0446630501520677
"ALPK2",0.0813217194419309,0.00750432551264124,0.0444130224772861
"Xanthine",0.0743915739130548,0.0142457910162906,0.0443186824646727
"PUS7L",0.00557040391426078,0.0810322589132052,0.043301331413733
"beta-Alanine",0.0864923075318129,0,0.0432461537659064
"Oleamide",0.0860350361075444,0,0.0430175180537722
"ID2",0.0439469120048003,0.0420107874407354,0.0429788497227679
"MSH6",0.0569442433899185,0.0286216780264177,0.0427829607081681
"ZNF280D",0.0837991783666537,0.000749778474541613,0.0422744784205977
"UVRAG",0.08328516689299,0.000613455115534047,0.041949311004262
"ANGPTL4",0.0352645125619056,0.048567253337927,0.0419158829499163
"Dehydroepiandrosterone sulfate",0.0780298701882229,0.00490764092427237,0.0414687555562477
"ULK1",0.0153134159831556,0.0675554184014557,0.0414344171923057
"PC O-38:2",0.0822203245043298,0,0.0411101622521649
"MAP3K7CL",0.0815225689059313,0.000613455115534047,0.0410680120107327
"RARA",0.0280669489895331,0.05309845148887,0.0405827002392015
"LPE O-16:1",0.0811490233879477,0,0.0405745116939739
"MBNL1",0.0657195185432001,0.0149437597293912,0.0403316391362957
"ITIH6",0.0405836614980758,0.0387648764914002,0.039674268994738
"Cinnamoylglycine",0.0518831727942729,0.0271965101220094,0.0395398414581411
"Cortisol",0.0611676014759847,0.0176538749914798,0.0394107382337322
"AKAP10",0.0697842756925394,0.00879835291854952,0.0392913143055445
"N-Acetylneuraminic acid",0,0.0776487903468298,0.0388243951734149
"MDC1",0.0682419640047573,0.00920732299557222,0.0387246435001648
"HPDL",0.0767235139836517,0.000272646718015132,0.0384980803508334
"NEFA",0.05213589425375,0.024810851339377,0.0384733727965635
"PLEKHO2",0.0450440047091338,0.0306536234095132,0.0378488140593235
"FOSL2",0.0494039231881917,0.0256127794192873,0.0375083513037395
"ZBTB17",0.0748872605068019,0,0.037443630253401
"ENSG00000287047.1",0.0348988149937944,0.0391934292072878,0.0370461221005411
"C11orf54",0.0730201156103742,0.000954263513052962,0.0369871895617136
"FOXP4",0.0655622194607028,0.0080496189486715,0.0368059192046871
"CIRBP",0.0286009987652357,0.0447501860647783,0.036675592415007
"CTH",0.0692357293403727,0.00402480947433575,0.0366302694073542
"DISP1",0.0402914028050752,0.032516704908971,0.0364040538570231
"DDX3X",0.0616248729002532,0.0111299628398551,0.0363774178700542
"PSTPIP2",0.0711225580128123,0.00143139526957944,0.0362769766411959
"ECHDC2",0.0275863301129575,0.0449546711032897,0.0362705006081236
"MANBA",0.0270107979039012,0.0453344526950425,0.0361726252994718
"PC 38:3",0.0721083930849766,0,0.0360541965424883
"ZNF763",0.0704152460967616,0.000477131756526481,0.035446188926644
"KATNAL2",0.0147988333687845,0.0558770153906427,0.0353379243797136
"RAB10",0.0705905458592037,0,0.0352952729296019
"2-Amino-6-hydroxyhexanoic acid",0,0.0702653967939225,0.0351326983969612
"SM 18:1;O2/19:1",0.0603501438831245,0.00981528184854475,0.0350827128658346
"SLC43A2",0.0691382072450904,0.000886101833549179,0.0350121545393198
"PC O-32:1",0.0692990104310684,0,0.0346495052155342
"WDR45",0.0671178854435342,0.000817940154045396,0.0339679127987898
"Leu-Ile",0,0.0675537206508104,0.0337768603254052
"PLCXD1",0.0664210251858149,0.000954263513052962,0.0336876443494339
"RMND5A",0.0666233108051466,0.000136323359007566,0.0333798170820771
"SIN3B",0.0180346732866193,0.0487133614058986,0.0333740173462589
"SNRNP70",0.0502177423764694,0.0164238576882946,0.033320800032382
"KLHL21",0.0658753814703661,0.000477131756526481,0.0331762566134463
"PC 42:7",0.0663332493070547,0,0.0331666246535273
"KCNK6",0.03708254874413,0.0287061099682366,0.0328943293561833
"Cer 18:2;O2/23:0",0.0656778714826892,0,0.0328389357413446
"CAR 5:1",0,0.0647017857671528,0.0323508928835764
"TLE2",0.0597049758306972,0.00499421708929248,0.0323495964599948
"TLE1",0.0640019070929758,0.000340808397518915,0.0321713577452474
"EMC7",0.0625301316435863,0.00122691023106809,0.0318785209373272
"STX6",0.0549163725667489,0.00882538395968132,0.0318708782632151
"CPNE3",0.0626366389158134,0.000886101833549179,0.0317613703746813
"ERF",0.0363511536079077,0.0270702296601458,0.0317106916340267
"SOX17",0.0360408942349623,0.0272747146986572,0.0316578044668097
"ENSG00000228327.4",0.0625031457866967,0.000545293436030264,0.0315242196113635
"RAB3IP",0.0618527082211432,0.00115874855156431,0.0315057283863537
"SNRPN",0.0584354860006394,0.00457010291036601,0.0315027944555027
"DUS2",0.00956714116574529,0.053316046833832,0.0314415939997886
"ABCC5",0.061905243779591,0.000817940154045396,0.0313615919668182
"DDX20",0.0603733837501403,0.00163588030809079,0.0310046320291155
"KDM6A",0.0606836431230857,0.00122691023106809,0.0309552766770769
"SAP30L",0.0606253022912019,0.00109058687206053,0.0308579445816312
"CMP",0.0091424392027793,0.0525084039659907,0.030825421584385
"RBPJ",0.048096995842913,0.0132494340159498,0.0306732149294314
"AKIRIN2",0.0496691960243027,0.0113928116279694,0.030531003826136
"FAM13A-AS1",0.0457484139884666,0.0152942844010633,0.030521349194765
"CCS",0.056158876539917,0.00470642626937358,0.0304326514046453
"DHRS3",0.0589001418193642,0.00190852702610592,0.0304043344227351
"WSCD1",0.0277137407018473,0.0329548634712636,0.0303343020865555
"CAR 11:0",0.0605838971170842,0,0.0302919485585421
"LPC 26:0",0.0605838971170842,0,0.0302919485585421
"GGNBP2",0.0363061670710733,0.023869751016522,0.0300879590437976
"MKS1",0.0496422101674131,0.0104612642677721,0.0300517372175926
"2-Aminocaprylic acid",0.0599486095822808,0,0.0299743047911404
"NFKBID",0.0585898824464188,0.00122691023106809,0.0299083963387435
"IFRD1",0.052932021799027,0.00649377403837571,0.0297128979187014
"TUBGCP6",0.0250548994744555,0.0343635425879874,0.0297092210312215
"ST 27:2;O3",0.0593749503681613,0,0.0296874751840807
"SDC4",0.026754510244735,0.0323122198704597,0.0295333650575973
"NPHP3",0.0521916414858599,0.00685299692141095,0.0295223192036354
"CAPN7",0.0325952196761824,0.0262262345348213,0.0294107271055018
"SLC36A1",0.0375861085594624,0.0209225285355442,0.0292543185475033
"RASIP1",0.026982345565625,0.0314715635635586,0.0292269545645918
"THNSL1",0.000426647162796367,0.0578764334700449,0.0291515403164206
"PDP1",0.000670445541537149,0.0576004611545431,0.0291354533480401
"CHM",0.0574478032052509,0.000749778474541613,0.0290987908398963
"PCDHGC5",0.0543573745562508,0.00363098349921682,0.0289941790277338
"NR4A2",0.011834266513709,0.0459739627818556,0.0289041146477823
"HERPUD1",0.0440577883951319,0.0132267178630942,0.028642253129113
"KRT8P12",0.0572005310490847,0,0.0286002655245424
"DEK",0.0554364665806394,0.00156771862858701,0.0285020926046132
"PKD1",0.0442121848409113,0.012652235941794,0.0284322103913527
"COL4A5",0.00386381526307531,0.0527057252322887,0.028284770247682
"TGS1",0.0410497837981871,0.0154241486485935,0.0282369662233903
"CDC42EP3",0.0294078400726074,0.0268657446216345,0.0281367923471209
"Trigonelline",0.0489117103718699,0.007225138027401,0.0280684241996355
"HSPA4L",0.0470823271906349,0.00902986899819267,0.0280560980944138
"ZNF627",0.0378139438803524,0.0182642230348967,0.0280390834576245
"ARMCX4",0.0515981085968587,0.00444892365326222,0.0280235161250605
"PE 40:6",0.0558040371436875,0,0.0279020185718438
"KCNE4",0.0497696207563029,0.00593333650044167,0.0278514786283723
"CAR 14:0",0.055494266597871,0,0.0277471332989355
"BTBD8",0.0263888126766238,0.029069647739548,0.0277292302080859
"gamma-Glutamyltyrosine",0.0554082041412331,0,0.0277041020706166
"DCUN1D5",0.0310874428669033,0.0239477106259266,0.0275175767464149
"Capric acid",0,0.0547632356521771,0.0273816178260885
"HTT",0.0463419468774678,0.00832226566668663,0.0273321062720772
"7alpha-Hydroxy-4-cholesten-3-one",0.0544989827933457,0,0.0272494913966729
"RHEB",0.0426774221747426,0.0116113962637209,0.0271444092192318
"NEK10",0.0429052574956326,0.0112792044218175,0.0270922309587251
"THAP2",0,0.0539814065874916,0.0269907032937458
"KY",0.0198397414699745,0.0340227209695317,0.0269312312197531
"DIAPH2",0.0534985688311386,0,0.0267492844155693
"EGR2",0.011834266513709,0.0416245335165683,0.0267294000151387
"TG 42:2",0.0533660533562797,0,0.0266830266781399
"RNF169",0.0529604741373032,0.000340808397518915,0.0266506412674111
"GCNA",0.0146159845847289,0.0386318787298793,0.0266239316573041
"P4HA1",0.0521736408059151,0.00102242519255674,0.0265980329992359
"FA 20:5;O2",0.0424410081904581,0.0107013836820939,0.026571195936276
"SLC35E4",0.0524569143219709,0.000613455115534047,0.0265351847187525
"PRKACB",0.000853294325592735,0.052192945879015,0.0265231201023039
"CNOT6L",0.00542953649937292,0.0476163154223607,0.0265229259608668
"RTN2",0.0430161338859642,0.0100295780378938,0.026522855961929
"RERE",0.052932021799027,0,0.0264660108995135
"TMEM97",0.0456195369181902,0.00721221980444619,0.0264158783613182
"RPRML",0.0515981085968587,0.00122691023106809,0.0264125094139634
"INO80D",0.0211086500506397,0.0316987647549256,0.0264037074027827
"NDRG3",0,0.0524981066797866,0.0262490533398933
"CDKN1B",0.0363061670710733,0.016089508402253,0.0261978377366632
"Cholic acid",0.0523148425294598,0,0.0261574212647299
"MTMR14",0.0493319507944677,0.00265830550064754,0.0259951281475576
"LARGE2",0.0206665286571215,0.0311859854016519,0.0259262570293867
"NRF1",0.0515426704016929,0,0.0257713352008465
"SPATS2",0.0409223732092973,0.0104612642677721,0.0256918187385347
"RNF185",0.0309495806196821,0.0199780629523921,0.0254638217860371
"PC O-30:0",0.0509079792793097,0,0.0254539896396549
"MSX1",0.0201179823049547,0.0306536234095132,0.025385802857234
"PRRC2B",0.0381346549116291,0.0126359789004158,0.0253853169060224
"PWWP2B",0.0507288512134152,0,0.0253644256067076
"SM 42:4;O2",0.0475507289992334,0.00313543725717402,0.0253430831282037
"SMG1P1",0.0195239605888247,0.0310592546681125,0.0252916076284686
"Rosmarinic acid",0.0505622275909738,0,0.0252811137954869
"TNPO3",0.0351266503146844,0.0154241486485935,0.0252753994816389
"CERS1",0.0347159662097388,0.0158104025727605,0.0252631843912497
"COPS9",0.0499524695403585,0.000477131756526481,0.0252148006484425
"PTPN3",0.0493319507944677,0.00109058687206053,0.0252112688332641
"PDGFB",0.0164105086874892,0.0339253840256948,0.025167946356592
"TMEM184C",0.0497876214362477,0.000545293436030264,0.025166457436139
"CSRNP1",0.00103614310964832,0.049171102607056,0.0251036228583522
"SLC45A4",0.0263888126766238,0.0236587936455964,0.0250238031611101
"FLCN",0.00567333487811371,0.044091298643533,0.0248823167608233
"FAM8A1",0.0265716614606794,0.0231297704718812,0.0248507159662803
"MIDN",0.00640473001433605,0.0430851172714177,0.0247449236428769
"REV3L",0.0482618439470238,0.00122691023106809,0.0247443770890459
"NFKBIZ",0.000548546352166758,0.0487621325300334,0.0246553394411001
"GLRX5",0.0472651759746905,0.00204485038511349,0.024655013179902
"NAB2",0.00170658865118547,0.0475871269370908,0.0246468577941381
"MKKS",0.032129097376071,0.0170373128038286,0.0245832050899498
"STEEP1",0.0491386503520807,0,0.0245693251760404
"SF1",0.0389664747798517,0.0101659013969013,0.0245661880883765
"ARFGAP2",0.0301392352088297,0.018968569203727,0.0245539022062784
"HMGN2",0.0326431911633133,0.0164238576882946,0.0245335244258039
"TIA1",0.0473386148498011,0.00163588030809079,0.0244872475789459
"DG 16:0_18:1",0.0376768946602318,0.0112466771181242,0.024461785889178
"AARS2",0.0301357614314044,0.018751152721324,0.0244434570763642
"OTUD1",0.0255480076314565,0.0230226223772067,0.0242853150043316
"ZNF577",0.0389830089784099,0.00952971690757481,0.0242563629429924
"JUNB",0.00677042758244722,0.0416245335165683,0.0241974805495078
"PALD1",0.0155856667001726,0.0326140418528079,0.0240998542764903
"ANKS1B",0.047448024758746,0.000749778474541613,0.0240989016166438
"RPRD2",0.042229300554576,0.00593333650044167,0.0240813185275089
"ISCA1",0.047448024758746,0.000613455115534047,0.02403073993714
"IL15",0.0165718830141746,0.0314390362598653,0.0240054596370199
"TGFBR3",0.00605800067174234,0.0418582070403496,0.023958103856046
"ZNF12",0.0313977022398487,0.0164433166784745,0.0239205094591616
"Thiamine",0.0261523986923393,0.0215390907231954,0.0238457447077674
"ANAPC15",0.047603887685912,0,0.023801943842956
"OSGIN1",0.0182445079275644,0.0293195650837706,0.0237820365056675
"HIPK3",0.0467720678176895,0.000613455115534047,0.0236927614666118
"MAN2A2",0.0421288758225758,0.00525171970540384,0.0236902977639898
"CNOT3",0.0248270641535655,0.0224610718997982,0.0236440680266819
"MON2",0.0472831766546353,0,0.0236415883273176
"SEC13",0.0469279307448555,0.000272646718015132,0.0236002887314353
"PREPL",0.0360408942349623,0.0110747193833062,0.0235578068091342
"ZNF174",0.0176604692600071,0.0294180834018929,0.02353927633095
"ITFG2",0.023059037080566,0.0239185221406567,0.0234887796106114
"PRR14L",0.0439469120048003,0.00299911389816645,0.0234730129514834
"KLF4",0.000609495946851953,0.0463114455818879,0.0234604707643699
"CX3CL1",0.000609495946851953,0.0463114455818879,0.0234604707643699
"NOL9",0.0350262255826842,0.0118926595373516,0.0234594425600179
"THOC5",0.0282447752011981,0.0186731931119194,0.0234589841565588
"ZCCHC9",0.0367273028343502,0.0101615865086252,0.0234444446714877
"MCM2",0.034972253868905,0.0118926595373516,0.0234324567031283
"LCP2",0.0363511536079077,0.0104612642677721,0.0234062089378399
"ZSWIM8",0.0129313592180425,0.0338734793875693,0.0234024193028059
"UBE2V1",0.0330613419762937,0.0137330248839537,0.0233971834301237
"TSPAN5",0.0150371203480059,0.031744197060637,0.0233906587043214
"BTG2",0.0184723432484544,0.0282971398912139,0.0233847415698342
"SSBP2",0.0356751966668511,0.0106657493062835,0.0231704729865673
"SM 41:3;O2",0.0430913634424331,0.00313543725717402,0.0231134003498036
"TAL1",0.03708254874413,0.00900388246172446,0.0230432156029272
"FAPy-adenine",0,0.0460516486520167,0.0230258243260084
"DDX3Y",0.0423117246066314,0.00347951603830549,0.0228956203224685
"OGFR",0.0394595829368527,0.00627741528157314,0.0228684991092129
"LPE 22:5",0.0428196838661236,0.00286279053915888,0.0228412372026412
"LAD1",0.0415983301503539,0.00402480947433575,0.0228115698123448
"LY6G5B",0.0277421930401235,0.0177579160140372,0.0227500545270803
"EIF3K",0.0285545457470147,0.0167029635177871,0.0226287546324009
"POLL",0.0339291328783507,0.0112792044218175,0.0226041686500841
"MBD6",0.00640473001433605,0.0387648764914002,0.0225848032528681
"ZMAT5",0.0444954583569671,0.000613455115534047,0.0225544567362506
"PIK3CA",0.0449990181722994,0,0.0224995090861497
"PTPN14",0.044988566513968,0,0.022494283256984
"GAREM2",0.0142502870166177,0.0307282442004944,0.0224892656085561
"NUP98",0.0442121848409113,0.000749778474541613,0.0224809816577265
"PC O-34:2",0.0448331101003524,0,0.0224165550501762
"DCUN1D3",0.0439469120048003,0.000817940154045396,0.0223824260794229
"SIN3A",0.0342408587326826,0.0104612642677721,0.0223510615002274
"ZGPAT",0.0164563905650027,0.0281562698976239,0.0223063302313133
"FA 16:1;O2",0.0368236003346391,0.00777043146343126,0.0222970158990352
"ENSG00000273373.1",0.0179237968962877,0.0266612595831231,0.0222925282397054
"ENSG00000285781.1",0.000243798378740781,0.0440848263111187,0.0221643123449298
"KBTBD11",0.0368996999600745,0.00739829035744121,0.0221489951587578
"MAPRE2",0.0339575852166269,0.0101659013969013,0.0220617433067641
"TAMALIN",0.034395255178462,0.00954917589775473,0.0219722155381084
"FOXO4",0.00201133662461145,0.0419194328948265,0.021965384759719
"CCNL2",0.0395045694736871,0.00431260029425465,0.0219085848839709
"SM 38:2;O2",0.0376768946602318,0.00613455115534047,0.0219057229077861
"GlcCer 18:2;O2/22:0",0.0437818992735324,0,0.0218909496367662
"CST3",0.0429337098339088,0.000817940154045396,0.0218758249939771
"LPC 24:0/0:0",0.0253091495115277,0.0183354917865176,0.0218223206490227
"Phenylacetic acid",0,0.0435585835865299,0.0217792917932649
"LPC 24:0",0.0433401843935644,0,0.0216700921967822
"TNFSF10",0.000670445541537149,0.0426469587091251,0.0216587021253311
"AASS",0.035465362025906,0.00777697223065637,0.0216211671282812
"FAM238C",0.042950244032467,0.000272646718015132,0.0216114453752411
"TAF1D",0.0144885739958391,0.0287061099682366,0.0215973419820379
"CYP27A1",0.0414154813662983,0.00177220366709836,0.0215938425166983
"ERBB2",0.00725802433992878,0.0358664251345572,0.021562224737243
"MAD2L1BP",0.0346335421576834,0.00848887722950174,0.0215612096935926
"NCAPD2",0.0231259869018995,0.0199780629523921,0.0215520249271458
"DG 16:0_18:2",0.0430913634424331,0,0.0215456817212166
"PE 18:0_20:4",0.0430913634424331,0,0.0215456817212166
"OSBPL3",0.0121115398031165,0.0309100130861501,0.0215107764446333
"ZNF549",0.0421018899656862,0.000886101833549179,0.0214939958996177
"LOXL4",0.0325952196761824,0.0103844860326529,0.0214898528544176
"ZRSR2",0.0366344271239635,0.00630770348538068,0.0214710653046721
"LMO1",0.040190978073075,0.00265830550064754,0.0214246417868613
"NDUFA6",0.0301357614314044,0.012710599691397,0.0214231805614007
"Glycochenodeoxycholic acid",0,0.0427406434324845,0.0213703217162422
"GATA2",0.034395255178462,0.00832226566668663,0.0213587604225743
"ZNF404",0.0364065918030735,0.00630770348538068,0.0213571476442271
"PSME4",0.042229300554576,0.000477131756526481,0.0213532161555513
"EPC2",0.000426647162796367,0.0422736494497865,0.0213501483062914
"CEP192",0.0423567111434658,0.000340808397518915,0.0213487597704924
"C2CD4B",0.00103614310964832,0.0416245335165683,0.0213303383131083
"TEX2",0.0412326325822427,0.00136323359007566,0.0212979330861592
"MED22",0.000548546352166758,0.0419555439841864,0.0212520451681766
"RASSF1",0.0094452419763749,0.0330555392335239,0.0212503906049494
"GUSB",0.0371934251344616,0.00530369277834026,0.0212485589564009
"OCRL",0.0171419038237115,0.0252298643135437,0.0211858840686276
"NXF1",0.0414709195614641,0.000886101833549179,0.0211785106975066
"EGR1",0.000731395136222344,0.0416245335165683,0.0211779643263953
"LTBP1",0.000670445541537149,0.0416245335165683,0.0211474895290527
"KDM5D",0.0322295221080712,0.0100522941907494,0.0211409081494103
"NAF1",0,0.0422736494497865,0.0211368247248932
"GPATCH8",0.023536671006845,0.0186504769590637,0.0210935739829544
"PC O-36:1",0.0421312376446416,0,0.0210656188223208
"CTNS",0.0415803294704091,0.000545293436030264,0.0210628114532197
"RNF138",0.0329879031011831,0.00902986899819267,0.0210088860496879
"PI 36:4",0.0419992933104901,0,0.0209996466552451
"EPC1",0.0352645125619056,0.00668638535859584,0.0209754489602507
"SCAF8",0.0148258192256741,0.0269922700507412,0.0209090446382076
"CITED4",0.0380792167164633,0.00361583939731305,0.0208475280568882
"DIDO1",0.0375306703642966,0.00402480947433575,0.0207777399193162
"RSBN1",0.027269581686235,0.0142621429343534,0.0207658623102942
"RNF126",0.0409569080878004,0.000545293436030264,0.0207511007619153
"ALDH1A1",0.0403183886619648,0.00109058687206053,0.0207044877670127
"TTC3P1",0.0283447111060695,0.0130449489774385,0.020694830041754
"SMURF1",0.000243798378740781,0.0411213600096996,0.0206825791942202
"PCDH9",0.0403738268571306,0.000954263513052962,0.0206640451850918
"ARHGAP39",0.0362687295558523,0.00499421708929248,0.0206314733225724
"PICART1",0.00616093163559527,0.0349769977035215,0.0205689646695584
"PC 42:6",0.0410871592171997,0,0.0205435796085999
"PRKCQ",0.00231608459803742,0.0387648764914002,0.0205404805447188
"RRBP1",0.0012799414883891,0.0397841681699662,0.0205320548291777
"RNF38",0.037659547434573,0.00335833678120169,0.0205089421078873
"UBXN7",0.022028894197566,0.0188810169688542,0.0204549555832101
"DNAJC15",0.0239847926270116,0.0168555439181729,0.0204201682725923
"GUK1",0.0137846535436352,0.0270149862035968,0.020399819873616
"WDR12",0.0255030210946221,0.0152792087339704,0.0203911149142963
"DROSHA",0.0270107979039012,0.0136930756198671,0.0203519367618841
"TNFRSF1A",0.0406390996932415,0,0.0203195498466208
"HPN",0.00793447010811421,0.0326920014622125,0.0203132357851634
"TMEM94",0.00091424392027793,0.0396574374364268,0.0202858406783524
"ENSG00000261819.1",0.039542006988908,0.00102242519255674,0.0202822160907324
"SCNM1",0.0201734205001205,0.0203870330294148,0.0202802267647677
"GLTP",0.039925705236964,0.000545293436030264,0.0202354993364971
"YEATS2",0.000853294325592735,0.0395763443130314,0.0202148193193121
"CAR 26:1",0,0.0403713365679148,0.0201856682839574
"CTDSP2",0,0.0403488521613655,0.0201744260806828
"TRMT5",0.0343502686416276,0.00593333650044167,0.0201418025710346
"SNX8",0.0397518416298532,0.000477131756526481,0.0201144866931898
"DOCK4",0.0348433767986286,0.00525171970540384,0.0200475482520162
"ENSG00000285803.1",0.0397982946480742,0.000272646718015132,0.0200354706830447
"5alpha-Androstane-3alpha-ol-17-one sulfate",0.0400030244030503,0,0.0200015122015251
"MYF6",0,0.0399886532084776,0.0199943266042388
"PHF8",0.0391763094207969,0.000749778474541613,0.0199630439476692
"AVPI1",0.0276687541650129,0.0122270088233931,0.019947881494203
"KCTD21",0.0115629934509497,0.0283198560440696,0.0199414247475096
"SCAF11",0.0320016867871812,0.00780726043446391,0.0199044736108226
"VSIG10",0.00103614310964832,0.0387648764914002,0.0199005098005243
"MFGE8",0.00109709270433352,0.0386773110355906,0.0198872018699621
"STAG3",0.0330703271532385,0.00668638535859584,0.0198783562559172
"OPRD1",0.0363616052662391,0.00335833678120169,0.0198599710237204
"PPRC1",0.029895436830089,0.00975693131987863,0.0198261840749838
"SMARCA1",0.0147988333687845,0.0248402715709532,0.0198195524698688
"SRSF5",0.0353919231507953,0.00416113283334332,0.0197765279920693
"LAMC1",0.0342678445895722,0.00526686380730761,0.0197673541984399
"C1QL3",0.0390488988319071,0.000477131756526481,0.0197630152942168
"TCIM",0.000609495946851953,0.0389109845593718,0.0197602402531119
"FLNC",0.0237195197909006,0.0156805383252303,0.0197000290580655
"APEX1",0.0377629571168697,0.00163588030809079,0.0196994187124802
"UCKL1",0.0388286125326305,0.000545293436030264,0.0196869529843304
"WDR1",0.000609495946851953,0.0386773110355906,0.0196434034912213
"FRMD6",0.0325952196761824,0.00668638535859584,0.0196408025173891
"MRPL21",0.0298524879153486,0.00941285253874716,0.0196326702270479
"ENSG00000285108.1",0.0290491203854022,0.0101821584382796,0.0196156394118409
"ZNF567",0.0119286910190609,0.0272747146986572,0.019601702858859
"ELF3-AS1",0.0391943101007417,0,0.0195971550503708
"JPX",0.0131751575967833,0.0260152771638957,0.0195952173803395
"EPHA2",0.00602104187496515,0.0331301600245051,0.0195756009497351
"DUSP1",0.000609495946851953,0.0385020144823491,0.0195557552146005
"ENSG00000236304.2",0.011834266513709,0.0272747146986572,0.0195544906061831
"KLF7",0.00895764521889334,0.030137505237816,0.0195475752283547
"ZDHHC6",0.0383355043756295,0.000749778474541613,0.0195426414250856
"ARIH2",0.0328050543171275,0.00627741528157314,0.0195412347993503
"MAN1B1",0.00640473001433605,0.0325686095470966,0.0194866697807163
"CHST15",0.0115629934509497,0.0272421873949638,0.0194025904229568
"SLC45A3",0.010091696720004,0.028628150358832,0.019359923539418
"ZNF362",0.00617989986111273,0.0324160291467108,0.0192979645039117
"NKIRAS2",0.0194974635590639,0.0190821631889421,0.019289813374003
"MTR",0.0258582670044019,0.0126359789004158,0.0192471229524088
"Ile-Glu",0.00975193514963126,0.0286960670710926,0.0192240011103619
"NFS1",0.0128429349393388,0.0255316862958919,0.0191873106176153
"ODF2",0.00713612515055839,0.0310853096393916,0.019110717394975
"BCL2",0.0381796414484636,0,0.0190898207242318
"PC 30:0",0,0.0381318122951277,0.0190659061475638
"LPC O-18:1",0,0.0381318122951277,0.0190659061475638
"KANSL1-AS1",0.0352825132418504,0.00281304334517143,0.0190477782935109
"HNRNPU",0.021763621361455,0.0163069933194669,0.0190353073404609
"GPAT3",0.0266001137989556,0.0113928116279694,0.0189964627134625
"Cortisone",0.0379866652060483,0,0.0189933326030242
"UBP1",0.0222671811767873,0.015703254478086,0.0189852178274367
"ENSG00000269044.2",0.024522887320847,0.0134312029016055,0.0189770451112262
"FBXW5",0.0378693820755182,0,0.0189346910377591
"ZNF551",0.0171204293663413,0.0206953273441772,0.0189078783552593
"TBC1D4",0.0370271105489642,0.000749778474541613,0.0188884445117529
"NR4A1AS",0.00140184067775949,0.0363272998497055,0.0188645702637325
"TG 16:0_16:0_22:6",0.0376768946602318,0,0.0188384473301159
"TMEM260",0.0303560477306809,0.00729657009051733,0.0188263089105991
"CDC42EP2",0.0363511536079077,0.00129507191057188,0.0188231127592398
"RRP36",0.0376041092394072,0,0.0188020546197036
"PDGFC",0.000731395136222344,0.0368434180214027,0.0187874065788125
"SM 18:1;O2/16:1",0.0374990684485668,0,0.0187495342242834
"RNF111",0.03685471342324,0.000545293436030264,0.0187000034296352
"SHCBP1",0.0301357614314044,0.00723167879462611,0.0186837201130152
"MRPS36",0.0301357614314044,0.00723167879462611,0.0186837201130152
"SNHG16",0.0368996999600745,0.000408970077022698,0.0186543350185486
"PUDP",0.01320863250745,0.0240450475697634,0.0186268400386067
"VEGFD",0.028948695653402,0.00830280667650671,0.0186257511649544
"ENSG00000260197.1",0.0322295221080712,0.00499421708929248,0.0186118695986818
"ENSG00000272512.1",0.00103614310964832,0.0361228148111941,0.0185794789604212
"AP3M2",0.0328784931922382,0.00426285310026719,0.0185706731462527
"LZIC",0.000487596757481563,0.0366324606504771,0.0185600287039793
"SLC2A3",0.00103614310964832,0.0360773825054828,0.0185567628075656
"APPL1",0.0360963324301281,0.000954263513052962,0.0185252979715905
"AMIGO1",0.0244059283902886,0.0126132627475601,0.0185095955689243
"SLC25A44",0.037010576350406,0,0.018505288175203
"TMEM134",0.0367722893711847,0.000204485038511349,0.018488387204848
"KLF2",0.000609495946851953,0.0363272998497055,0.0184683978982787
"MAPRE3",0.020621542120287,0.0162939934407644,0.0184577677805257
"CAR 16:2",0.00323032851831535,0.0336718696748688,0.0184510990965921
"TMPO",0.0300457883577355,0.00685299692141095,0.0184493926395732
"TARS2",0.0182175220706748,0.0186504769590637,0.0184339995148693
"FBXO30",0.0366718646391845,0.000136323359007566,0.018404093999096
"FILIP1",0.0356751966668511,0.00109058687206053,0.0183828917694558
"IER2",0.00103614310964832,0.0357138447341714,0.0183749939219099
"NAGK",0.0220843323927317,0.0146581131326736,0.0183712227627027
"BRPF1",0.0274304671857915,0.00921163788384837,0.01832105253482
"DSE",0.0218460454135104,0.0147879773802038,0.0183170113968571
"DMD",0.0357860730571827,0.000749778474541613,0.0182679257658622
"ALG2",0.00140184067775949,0.0351003896186374,0.0182511151481984
"ENSG00000244055.2",0.0314711411149593,0.00485789373028492,0.0181645174226221
"ASB2",0.0363061670710733,0,0.0181530835355366
"FUBP1",0.0358130589140723,0.000477131756526481,0.0181450953352994
"KCNJ3",0.0287838475492913,0.00750432551264124,0.0181440865309662
"HSF2",0.0259286906031607,0.0103022247559089,0.0181154576795348
"ANGPTL1",0.0255030210946221,0.0106657493062835,0.0180843852004528
"ADRB2",0.00103614310964832,0.0351003896186374,0.0180682663641429
"SCAPER",0.0361233182870177,0,0.0180616591435088
"FBXL22",0,0.0361228148111941,0.0180614074055971
"ENSG00000279633.1",0.000243798378740781,0.0358664251345572,0.018055111756649
"NCEH1",0.0353919231507953,0.00068161679503783,0.0180367699729166
"LINC01697",0.000609495946851953,0.0354347389046789,0.0180221174257654
"RHOF",0.0290941069222366,0.00693957308643106,0.0180168400043338
"RRAGD",0.0278516029490685,0.00816648331749915,0.0180090431332838
"ELF4",0.00871384684015256,0.0272747146986572,0.0179942807694049
"RPAP2",0.00219418540866703,0.0337208989871835,0.0179575421979253
"ENSG00000231628.1",0.000487596757481563,0.0353859677805441,0.0179367822690129
"LINC02348",0.0351212313374286,0.000749778474541613,0.0179355049059851
"UBE2W",0.000853294325592735,0.034895904580126,0.0178745994528594
"CNOT11",0.0357201832036855,0,0.0178600916018428
"CWC22",0.0356751966668511,0,0.0178375983334256
"ST 24:1;O3",0,0.035651828764091,0.0178259143820455
"MAFF",0.0337402838676468,0.00190852702610592,0.0178244054468764
"GJA4",0.00895764521889334,0.0266612595831231,0.0178094524010082
"PC 18:1_18:2",0.0355486814186405,0,0.0177743407093203
"S1PR2",0,0.0355093596956601,0.01775467984783
"CXCL2",0.0277137407018473,0.00777697223065637,0.0177453564662518
"PDF",0.0349992397257946,0.000477131756526481,0.0177381857411605
"CLPTM1",0.0354758136842373,0,0.0177379068421187
"STON2",0.019076327795787,0.0163784253825832,0.0177273765891851
"UBE2Q2P1",0.000975193514963125,0.0344608795318242,0.0177180365233937
"SEPTIN2",0.0351551026529606,0.000272646718015132,0.0177138746854879
"JDP2",0.0214533619885096,0.0139657223378822,0.0177095421631959
"NFKBIA",0.0133914812915056,0.02200019718465,0.0176958392380778
"RHOB",0.000670445541537149,0.0346978918740289,0.017684168707783
"NUCKS1",0.0252931864536769,0.0100620921206503,0.0176776392871636
"GABPB1-IT1",0.0124772373712277,0.0227954211858397,0.0176363292785337
"CCDC152",0.0326671920699064,0.0025403966271563,0.0176037943485313
"SIPA1L3",0.0247096987094568,0.0104612642677721,0.0175854814886145
"APPBP2",0.0318188380031256,0.00334319267929792,0.0175810153412118
"FAM107A",0.000243798378740781,0.034895904580126,0.0175698514794334
"HDAC6",0.0302736236786255,0.00485789373028492,0.0175657587044552
"ZXDC",0.00664852839307683,0.0284463814731763,0.0175474549331266
"NBPF1",0.000548546352166758,0.0345388391412289,0.0175436927466978
"MYORG",0.0216362107725652,0.0133565821106243,0.0174963964415948
"ADGRA3",0.0339921200951299,0.000954263513052962,0.0174731918040914
"LATS2",0.0284326465576443,0.00649377403837571,0.01746321029801
"THRA",0.00664852839307683,0.0281899917965394,0.0174192600948081
"LPC 22:1",0.0348072411376371,0,0.0174036205688185
"Cysteine",0.0348072411376371,0,0.0174036205688185
"SPRY2",0.03009077489457,0.00470642626937358,0.0173986005819718
"CSGALNACT2",0.0344506933736278,0.000340808397518915,0.0173957508855734
"ZNF561",0.0227048511386225,0.0120744284230073,0.0173896397808149
"CBX5",0.0248166124952342,0.00988893979061005,0.0173527761429221
"E4F1",0.0334360247213497,0.00122691023106809,0.0173314674762089
"PVRIG",0.0341119816624062,0.000545293436030264,0.0173286375492183
"ERLIN2",0.00689232677181761,0.027758305566661,0.0173253161692393
"LINC-PINT",0.00115804229901871,0.0334645093105466,0.0173112758047827
"ENSG00000238035.8",0.0346065563007938,0,0.0173032781503969
"ARHGEF3",0.0260231151085126,0.00857545339452185,0.0172992842515172
"PC 37:3",0,0.0345612418920305,0.0172806209460153
"RBMX",0.0165324078768596,0.0178779823316665,0.017205195104263
"HRC",0.0198077229320093,0.0145834923416924,0.0171956076368509
"PPM1F",0.00603903244622488,0.0283198560440696,0.0171794442451472
"MRS2",0.019076327795787,0.0152715682482076,0.0171739480219973
"NCKAP1",0.0279520276810687,0.00635745067936814,0.0171547391802184
"COX19",0,0.0343051656174476,0.0171525828087238
"SSH2",0.0342948304464618,0,0.0171474152232309
"NKX3-1",0.00920841136985504,0.0250220404566089,0.017115225913232
"ENSG00000227775.3",0.0281348764651243,0.00606965985944924,0.0171022681622868
"MXRA7",0.026151992178789,0.00803015995849158,0.0170910760686403
"BTN3A3",0.000548546352166758,0.0336170897109324,0.0170828180315496
"NFAT5",0.0178518245025637,0.0163069933194669,0.0170794089110153
"ZNF440",0.0334090388644601,0.000749778474541613,0.0170794086695009
"TTC31",0.026754510244735,0.00739829035744121,0.0170764003010881
"TSPYL2",0,0.0341071529113505,0.0170535764556753
"ASB4",0.0337747364325713,0.000272646718015132,0.0170236915752932
"FAM229A",0,0.034000004816676,0.017000002408338
"SYNJ2",0.0328874783691829,0.00109058687206053,0.0169890326206217
"CRIM1",0.0298075013785142,0.00416113283334332,0.0169843171059287
"PEG10",0.0334360247213497,0.000477131756526481,0.0169565782389381
"FUNDC2",0.0301357614314044,0.00375216275632062,0.0169439620938625
"CPTP",0.019076327795787,0.0147879773802038,0.0169321525879954
"SZT2",0.00494193974189136,0.0288814065214781,0.0169116731316847
"ENSG00000279026.1",0.0328050543171275,0.000954263513052962,0.0168796589150903
"CIITA",0.0337402838676468,0,0.0168701419338234
"ADAMTS4",0.000609495946851953,0.0331301600245051,0.0168698279856785
"EIF4EBP1",0.0337372989173503,0,0.0168686494586751
"UPF3A",0.0323673843552924,0.00122691023106809,0.0167971472931802
"ZBTB37",0.00640473001433605,0.0271675666039826,0.0167861483091594
"MAP3K11",0,0.0335391301015278,0.0167695650507639
"CENPB",0.0335323222216385,0,0.0167661611108193
"OXA1L",0.0192591765798426,0.0142491430556509,0.0167541598177467
"RBM8A",0.0218190595566208,0.0116881744988402,0.0167536170277305
"MASP1",0.0301357614314044,0.00335833678120169,0.016747049106303
"TRA2A",0.00079234473090754,0.0326724188233476,0.0167323817771276
"SRSF11",0.0291495451174024,0.00431260029425465,0.0167310727058285
"CHGB",0.0223676059087875,0.0110747193833062,0.0167211626460468
"PHLDB3",0.033005903781128,0.000408970077022698,0.0167074369290753
"DEPP1",0.0243235043382332,0.00907099963656465,0.0166972519873989
"ZFYVE26",0.0175131127913421,0.0158331187256162,0.0166731157584791
"CAR 2:0",0.00469311879076004,0.0286279053915889,0.0166605120911744
"TRIM65",0.000731395136222344,0.0325686095470966,0.0166500023416595
"ENSG00000248514.1",0.0122943885871721,0.0209777719920932,0.0166360802896326
"ENDOG",0.0326956444081826,0.000545293436030264,0.0166204689221064
"HLF",0.000670445541537149,0.0325686095470966,0.0166195275443169
"HOXA4",0.0323299468400714,0.000886101833549179,0.0166080243368103
"NDUFA11",0.00786752028678074,0.0253272012573805,0.0165973607720806
"RBM5",0.0324393567490164,0.000749778474541613,0.016594567611779
"ABCA5",0.0192037383846768,0.0139180641532219,0.0165609012689494
"HNRNPA3",0.0146714227798947,0.0184232757676967,0.0165473492737957
"PPIC",0.0222057427549733,0.0108702343447948,0.016537988549884
"DENND11",0.0149816821528401,0.0180370218435297,0.0165093519981849
"GTF2E1",0.00091424392027793,0.0320785463466785,0.0164963951334782
"ACTA2-AS1",6.09495946851953e-05,0.0329256749859937,0.0164933122903395
"NDUFAF5",0.0301357614314044,0.00281304334517143,0.0164744023882879
"FNBP4",0.00951915956992929,0.0234088763013737,0.0164640179356515
"MT-ND5",0.00847701623363269,0.0244085853410748,0.0164428007873538
"TMEM237",0.00374191607370492,0.029137796198115,0.0164398561359099
"PLAGL1",0,0.0328218657097427,0.0164109328548713
"PPP3R1",0.0191587518478424,0.0136584040929725,0.0164085779704074
"MTMR4",0.0117458422350053,0.0210523927830744,0.0163991175090399
"Methionine sulfoxide",0,0.0327857678413196,0.0163928839206598
"GLG1",0.0201334565356766,0.0126359789004158,0.0163847177180462
"RPS6KA5",0.00121899189370391,0.0315397120221256,0.0163793519579148
"TMX2",0.0326956444081826,0,0.0163478222040913
"MAPKAPK3",0.0326956444081826,0,0.0163478222040913
"SLC22A3",0.0315805510239042,0.00109058687206053,0.0163355689479824
"PI 38:5",0.0119461205582983,0.02072115056915,0.0163336355637242
"ZDHHC8",0.00207228621929664,0.0305756638001086,0.0163239750097026
"DUSP6",0,0.0326465691565012,0.0163232845782506
"BCS1L",0.0205945562633975,0.0120225237848817,0.0163085400241396
"AK2",0.0280344517331241,0.00457010291036601,0.0163022773217451
"JUN",0.0242680661430674,0.00832226566668663,0.016295165904877
"ZNF852",0.0012799414883891,0.0312897946779029,0.016284868083146
"SUPT16H",0.0281618623220139,0.00431260029425465,0.0162372313081343
"ENSG00000272720.1",0.0310874428669033,0.00136323359007566,0.0162253382284895
"GAB1",0.0039857144524457,0.0284236653203206,0.0162046898863832
"ULK2",0.0312882923309037,0.00109058687206053,0.0161894396014821
"FAM126A",0.0312702916509589,0.00109058687206053,0.0161804392615097
"SYNCRIP",0.01842735671162,0.0139180641532219,0.016172710432421
"ZNF783",0.0323389320170162,0,0.0161694660085081
"PARP9",0.0321740839129054,0.000136323359007566,0.0161552036359565
"ELL2",0.000731395136222344,0.0314942797164143,0.0161128374263183
"H6PD",0,0.0322115441081994,0.0161057720540997
"PPP1R18",0.0280240000747927,0.00416113283334332,0.016092566454068
"PE P-36:4 or PE O-36:5",0.0321774955941224,0,0.0160887477970612
"GABARAPL1",0.0012799414883891,0.0308808246008802,0.0160803830446347
"ZNF865",0.00532660553552,0.0268105011650855,0.0160685533503027
"DCAF5",0.0301911996265702,0.00190852702610592,0.016049863326338
"CHODL",0.000731395136222344,0.0313644154688841,0.0160479053025532
"ARF1",0.0216362107725652,0.0103844860326529,0.016010348402609
"ANKMY1",0.0208043909043426,0.0112024261866983,0.0160034085455204
"IL2RB",0.0254205970425667,0.00658035020339582,0.0160004736229813
"NUP50",0.0012799414883891,0.0306763395623689,0.015978140525379
"VWA1",0.00544850472489039,0.0264567745446118,0.0159526396347511
"LINC01301",0.026910373171901,0.00499421708929248,0.0159522951305967
"NOTUM",0.00506383893126175,0.0268105011650855,0.0159371700481736
"ITPRIP",0.0253201723105665,0.00649377403837571,0.0159069731744711
"MUC20P1",0.0301357614314044,0.00163588030809079,0.0158858208697476
"ORC5",0.00079234473090754,0.0309781615447171,0.0158852531378123
"NR2C1",0.00471710958866804,0.0270441746888667,0.0158806421387674
"PHLPP1",0.000975193514963125,0.03078014883862,0.0158776711767915
"RPL5P30",0.0057952340674841,0.0259471287053288,0.0158711813864064
"PHB",0.0301357614314044,0.00156771862858701,0.0158517400299957
"COX18",0.0313602647246277,0.000272646718015132,0.0158164557213214
"PC 40:1",0.0316328396416164,0,0.0158164198208082
"PRSS53",0.0258687186627333,0.00576241004935042,0.0158155643560418
"PDE11A",0.0314426887766831,0.000136323359007566,0.0157895060678453
"APTX",0.0301357614314044,0.00143139526957944,0.0157835783504919
"COG8",0.0309495806196821,0.000613455115534047,0.0157815178676081
"CDKN1C",0.029176530974292,0.0023856587826324,0.0157810948784622
"MTPAP",0.0213529372565094,0.0101659013969013,0.0157594193267054
"SHROOM1",0.0307667318356265,0.000749778474541613,0.0157582551550841
"SYT7",0.0314531404350144,0,0.0157265702175072
"SMPD4BP",0.0247161877632339,0.00666692636841592,0.0156915570658249
"GJD3",0.00504584836000202,0.0263269102970816,0.0156863793285418
"SLC12A6",0.0312148534557931,0.000136323359007566,0.0156755884074003
"ARHGAP44",0.0312148534557931,0.000136323359007566,0.0156755884074003
"PCCB",0.0301357614314044,0.00109058687206053,0.0156131741517324
"ST8SIA1",0.00091424392027793,0.0302673694853462,0.0155908067028121
"ACSBG1",0.000426647162796367,0.0306957168968011,0.0155611820297987
"PC O-40:5",0.0310943384342307,0,0.0155471692171154
"GIMAP1",0.0310050188148479,0,0.0155025094074239
"TIMM13",0.0118832257637827,0.0190821631889421,0.0154826944763624
"IRS2",0.0182445079275644,0.0126911539221539,0.0154678309248591
"PPM1H",0.0250264471361793,0.00589873340835799,0.0154625902722687
"XBP1",0.03009077489457,0.000817940154045396,0.0154543575243077
"C17orf80",0.0294598044903478,0.00143139526957944,0.0154455998799636
"PAFAH1B2",0,0.0308808246008802,0.0154404123004401
"ENSG00000271254.7",0.000121899189370391,0.0307509603533501,0.0154364297713602
"XIRP2",0.0308671565676267,0,0.0154335782838134
"HNRNPH2",0.0302286371417911,0.000613455115534047,0.0154210461286626
"Uric acid",0.0209767057164883,0.00981528184854475,0.0153959937825165
"LGI4",0.0277137407018473,0.00307054596128279,0.0153921433315651
"RELT",0.0179237968962877,0.0128274772811614,0.0153756370887245
"FANCL",0.03009077489457,0.000613455115534047,0.015352115005052
"CDK20",0.000548546352166758,0.0301147890849604,0.0153316677185636
"TRDN-AS1",0.00231608459803742,0.0283425721969252,0.0153293283974813
"PDP2",0.0265896621406242,0.00402480947433575,0.01530723580748
"MTCH2",0.0301357614314044,0.000477131756526481,0.0153064465939654
"FLNC-AS1",0.0214803478453992,0.00912074683055211,0.0153005473379757
"ARHGAP42",6.09495946851953e-05,0.0305010430091274,0.0152809963019063
"Asparagine",0,0.0305560547193701,0.0152780273596851
"PSMD8",0.00689232677181761,0.0236360774927407,0.0152642021322792
"NR1D2",0.00386381526307531,0.026635204611844,0.0152495099374597
"ACVRL1",0.0259137051995677,0.00458524701226978,0.0152494761059187
"ARHGAP24",0.0260515674467888,0.00443377955135845,0.0152426734990736
"BRAF",0.0124772373712277,0.0179851172054042,0.0152311772883159
"ZDHHC4",0.0293593797583476,0.00109058687206053,0.0152249833152041
"EXOC8",0.000426647162796367,0.0300141133227001,0.0152203802427482
"RGS16",6.09495946851953e-05,0.0303419902763274,0.0152014699355063
"UBE2R2",0,0.030364706429183,0.0151823532145915
"ANKMY2",0.000243798378740781,0.0301147890849604,0.0151792937318506
"NR4A1",0.0236126060051233,0.00671667356240338,0.0151646397837633
"PRPH2",0.0188215066180074,0.0114836894603289,0.0151525980391681
"ENSG00000272037.1",0,0.0302673694853462,0.0151336847426731
"ZNF274",0.0235471226651764,0.00671667356240338,0.0151318981137899
"FBXL19",0.00109709270433352,0.029137796198115,0.0151174444512242
"UCHL3",0.0219464701455106,0.00821192884414728,0.0150791994948289
"STARD4",0.0296800907896244,0.000477131756526481,0.0150786112730754
"USP42",0.0125656616499313,0.0175761471283815,0.0150709043891564
"ENSG00000255946.2",0,0.030137505237816,0.015068752618908
"TBCA",0.0301357614314044,0,0.0150678807157022
"RHOT2",0.0301357614314044,0,0.0150678807157022
"ARPC5L",0.0301357614314044,0,0.0150678807157022
"SH3RF3-AS1",0.0294972420055688,0.000613455115534047,0.0150553485605514
"POT1",0.0124772373712277,0.017628051766507,0.0150526445688673
"SLC22A5",0.029895436830089,0.000204485038511349,0.0150499609343002
"OTUD4",0.0293143932215132,0.000749778474541613,0.0150320858480274
"KMT2A",0.0113466697562274,0.0186504769590637,0.0149985733576456
"ZNF767P",0.0239128202332876,0.00603505676736555,0.0149739385003266
"PIKFYVE",0.00750182271866957,0.0224383557469425,0.014970089232806
"IGFN1",0.0290386687270708,0.000886101833549179,0.01496238528031
"ZNF655",0.0275039060609022,0.0023856587826324,0.0149447824217673
"HNRNPUL2-BSCL2",0.0291315444374576,0.000749778474541613,0.0149406614559996
"NOD1",0.021763621361455,0.00803015995849158,0.0148968906599733
"RNMT",0.0291640416938666,0.000613455115534047,0.0148887484047003
"IDI2-AS1",0.000731395136222344,0.0290404592542781,0.0148859271952502
"MED8",0.0296800907896244,0,0.0148400453948122
"LINGO4",0.0284326465576443,0.00122691023106809,0.0148297783943562
"TRIM8",0.0296516384513482,0,0.0148258192256741
"IER5",0.0013408910830743,0.0282971398912139,0.0148190154871441
"PLPBP",0.024029779163846,0.00553951052532275,0.0147846448445844
"NUDT17",0.00692231779637389,0.0226428407854539,0.0147825792909139
"SH3GL1",0.00109709270433352,0.0284463814731763,0.0147717370887549
"GPCPD1",0.0217186348246206,0.00777697223065637,0.0147478035276385
"DFFA",0.0292874073646236,0.000204485038511349,0.0147459462015675
"IHO1",0.0286009987652357,0.000886101833549179,0.0147435502993924
"RASSF10",0.00630179905048312,0.0231524866247369,0.01472714283761
"SRSF6",0.015895926073118,0.0135090940761993,0.0147025100746586
"BICRA",0.0200115573463062,0.00934796124285593,0.0146797592945811
"ABCC10",0.0155856667001726,0.0137428228138545,0.0146642447570136
"ZNNT1",0.0287104086741806,0.000613455115534047,0.0146619318948573
"NDST1",0.00516774754937241,0.0241521956644379,0.0146599716069052
"N-Acetylmethionine",0,0.0293160629538518,0.0146580314769259
"IP6K3",0.029285940883237,0,0.0146429704416185
"DPY19L4",0.0232264116338997,0.00603505676736555,0.0146307342006326
"RUNDC1",0.0287104086741806,0.000545293436030264,0.0146278510551055
"SLC66A1",0.0182445079275644,0.0109838415509467,0.0146141747392556
"BRD8",0.0109809721881162,0.018241506882041,0.0146112395350786
"RASA4B",0.0113466697562274,0.017855252957874,0.0146009613570507
"NIPSNAP2",0.0285455605700699,0.000613455115534047,0.014579507842802
"ENSG00000214942.6",0.0284001493012353,0.000749778474541613,0.0145749638878884
"CCDC9",0.00811131866552152,0.0210296766302187,0.0145704976478701
"ENSG00000261613.2",0,0.0291150800452593,0.0145575400226296
"LONRF3",0.0115629934509497,0.017533903550535,0.0145484485007424
"RBM33",0.0221847571247319,0.00688760001349463,0.0145361785691133
"GPD1",0,0.0290598365887103,0.0145299182943552
"RALGAPB",0.019004355402063,0.0100522941907494,0.0145283247964062
"PC 18:1_20:3",0.0290320973597151,0,0.0145160486798576
"KDM4C",0.0230705487067337,0.00594848060234544,0.0145095146545396
"PLAG1",0.0236190950589004,0.00538804306441141,0.0145035690616559
"APOLD1",0.000609495946851953,0.0282971398912139,0.0144533179190329
"MPPE1",0,0.0288814065214781,0.014440703260739
"ZNF251",0.000853294325592735,0.0280082229108837,0.0144307586182382
"VPS37A",0.0220019083406764,0.00685299692141095,0.0144274526310437
"CASP8AP2",0.00435141202055687,0.0244540176467861,0.0144027148336715
"NDST2",0.0276417683081233,0.00109058687206053,0.0143661775900919
"FADS3",0.00103614310964832,0.0276836847756799,0.0143599139426641
"CAR 13:1",0,0.0286960670710926,0.0143480335355463
"Ornithine",0,0.0286960670710926,0.0143480335355463
"Carnitine",0,0.0286960670710926,0.0143480335355463
"DLAT",0.0039857144524457,0.0246910299889908,0.0143383722207183
"PCIF1",0,0.0286508665116876,0.0143254332558438
"GRAMD1C",0.0280344517331241,0.000613455115534047,0.0143239534243291
"Creatinine",0,0.0286279053915889,0.0143139526957944
"GBP4",0.00188943743524106,0.0267358803741043,0.0143126589046727
"FCHSD2",0.0274034813289019,0.00115874855156431,0.0142811149402331
"ZNF721",0.0201179823049547,0.00843913003551428,0.0142785561702345
"ENSG00000258634.3",0,0.0285470572354366,0.0142735286177183
"MICALL1",0.0243504901951228,0.00417627693524709,0.0142633835651849
"UTY",0.00207228621929664,0.0264469633937741,0.0142596248065354
"GPR17",0.0255584592897879,0.00294936670417899,0.0142539129969834
"ENSG00000286661.1",0.0239293544318458,0.00457010291036601,0.0142497286711059
"C14orf28",0.000304747973425977,0.0281899917965394,0.0142473698849827
"EIF4A1",0.00713612515055839,0.0213314986125669,0.0142338118815627
"FAM219B",0.0279790135379583,0.000477131756526481,0.0142280726472424
"C1orf122",0.0277691788970131,0.00068161679503783,0.0142253978460255
"CHD1-DT",0.021763621361455,0.00668638535859584,0.0142250033600254
"ENTPD4",0.00638673944307632,0.02200019718465,0.0141934683138631
"MAPKAPK5",0.0272206325448464,0.00115874855156431,0.0141896905482053
"MT1X",0.0159513642682838,0.0124185072041387,0.0141849357362113
"DLL1",0.00103614310964832,0.0272747146986572,0.0141554289041527
"PLAUR",0.000731395136222344,0.0275246320428798,0.0141280135895511
"TRIM56",0.00720307497189186,0.0210523927830744,0.0141277338774831
"TRUB1",0.0277691788970131,0.000477131756526481,0.0141231553267698
"TICAM2-AS1",0.000548546352166758,0.0276803459572564,0.0141144461547116
"DVL2",0,0.0282191802818093,0.0141095901409046
"EZR",0.0142502870166177,0.0139657223378822,0.01410800467725
"STAG3L5P",0.0205391180682317,0.00767093707545634,0.014105027571844
"SH2D3C",0.00091424392027793,0.0272747146986572,0.0140944793094675
"AGAP12P",0.0280344517331241,0.000136323359007566,0.0140853875460658
"PICALM",0.00374191607370492,0.0244119241594983,0.0140769201166016
"CACNG1",0.000487596757481563,0.02765449629041,0.0140710465239458
"MDN1",0,0.0281153710055582,0.0140576855027791
"CSRP1",0,0.0280926548527025,0.0140463274263513
"VASN",0,0.0280926548527025,0.0140463274263513
"RNF103",0.0179237968962877,0.0101659013969013,0.0140448491465945
"ZFAND5",0.0179237968962877,0.0101659013969013,0.0140448491465945
"NDUFV1",0.0039857144524457,0.024096952207889,0.0140413333301673
"SEMA4C",0.0123218632711905,0.015758497934635,0.0140401806029128
"FHL3",0.0228052758706227,0.00526686380730761,0.0140360698389652
"SCML1",0.026910373171901,0.00109058687206053,0.0140004800219808
"ARID1B",0.0272206325448464,0.000749778474541613,0.013985205509694
"ENSG00000289138.1",0.00109709270433352,0.026862405803211,0.0139797492537723
"NOL4L",0.00677042758244722,0.0211822570306046,0.0139763423065259
"KIAA0100",0.0274034813289019,0.000545293436030264,0.0139743873824661
"LCOR",0,0.0279336021199025,0.0139668010599513
"PAXBP1",0.0269038841181238,0.00102242519255674,0.0139631546553403
"CNOT9",0.000609495946851953,0.027316808185945,0.0139631520663985
"ENSG00000270605.1",0.00628283082496566,0.0216431317457528,0.0139629812853592
"MAN2C1",0.0273764954720124,0.000545293436030264,0.0139608944540213
"ZNF425",0.0216362107725652,0.00625795629139323,0.0139470835319792
"ABCE1",0.0263888126766238,0.00149955694908323,0.0139441848128535
"ID3",0.000609495946851953,0.0272747146986572,0.0139421053227546
"ZFX",0.0262943881712719,0.00156771862858701,0.0139310533999294
"G6PC3",0.0272760707400122,0.000545293436030264,0.0139106820880212
"DAAM2",0.0129313592180425,0.0148853143240406,0.0139083367710415
"SLC26A11",0.0268549349767352,0.000954263513052962,0.0139045992448941
"ZNF236",0.0208043909043426,0.00698932028041851,0.0138968555923806
"EXOG",0.0277691788970131,0,0.0138845894485066
"CNGA1",0.0198631611271751,0.00789383659948402,0.0138784988633296
"Glycohyodeoxycholic acid",0,0.0277450739416522,0.0138725369708261
"TRIM28",0.0150696176044149,0.0126359789004158,0.0138527982524153
"RBM15",0.0146714227798947,0.012963800640169,0.0138176117100318
"RTN4IP1",0.0101766371125972,0.0174462828808513,0.0138114599967243
"ENSG00000284946.1",0,0.0275765366810053,0.0137882683405027
"CREM",0.0273030565969018,0.000272646718015132,0.0137878516574584
"GPSM2",0.0269373590287906,0.000613455115534047,0.0137754070721623
"EIF2S3",0.0262943881712719,0.00122691023106809,0.01376064920117
"SM 18:1;O2/16:0",0.0274932897754136,0,0.0137466448877068
"PPP2R5D",0.0274859053809573,0,0.0137429526904787
"RSRC2",0.0208043909043426,0.00658035020339582,0.0136923705538692
"SLC17A5",0.0230435628498441,0.00429745619235088,0.0136705095210975
"MAT2A",0.00640473001433605,0.0209225285355442,0.0136636292749401
"GBE1",0.0229985763130097,0.00431260029425465,0.0136555883036322
"SOX15",0.00349811769496414,0.0237886578931266,0.0136433877940453
"KBTBD13",0.000853294325592735,0.0264307195733327,0.0136420069494627
"FBXL3",0.0226933395124548,0.00457010291036601,0.0136317212114104
"AGK",0.0134189559755241,0.0138401729786282,0.0136295644770761
"SH3YL1",0.0013408910830743,0.0259179402200589,0.0136294156515666
"BTG3",0.00079234473090754,0.0264567745446118,0.0136245596377596
"PS 40:7",0.00371792527579692,0.0235157794288051,0.013616852352301
"MUC20-OT1",0.00435141202055687,0.0228700419768209,0.0136107269986889
"POMT1",0.000426647162796367,0.0267877850122298,0.0136072160875131
"SPOPL",0.0266001137989556,0.000613455115534047,0.0136067844572448
"HDAC7",0.000121899189370391,0.0270668908417224,0.0135943950155464
"SLC38A4",0.000182848784055586,0.0269922700507412,0.0135875594173984
"RAD23B",0.0225714403230844,0.00458524701226978,0.0135783436676771
"CCDC115",0.000548546352166758,0.0266060161265741,0.0135772812393704
"DEPTOR",0.00079234473090754,0.0263560987823515,0.0135742217566295
"HOOK3",0.0269373590287906,0.000204485038511349,0.013570922033651
"FIGNL2",6.09495946851953e-05,0.0270702296601458,0.0135655896274155
"ZNF669",0.0222671811767873,0.00485789373028492,0.0135625374535361
"UBE2D3",0.0271202078128462,0,0.0135601039064231
"ZNF7",0.0152199691320615,0.0118926595373516,0.0135563143347065
"TBC1D14",0.026754510244735,0.000340808397518915,0.013547659321127
"NCOA5",0.0265381865500127,0.000545293436030264,0.0135417399930215
"BSDC1",0.0103714762412643,0.0167029635177871,0.0135372198795257
"TXLNB",0.0227602893337883,0.00431260029425465,0.0135364448140215
"EXD2",0.000426647162796367,0.026635204611844,0.0135309258873202
"BOD1L1",0.016044811119378,0.0110163556337032,0.0135305833765406
"NDEL1",0.0226933395124548,0.00431260029425465,0.0135029699033547
"PC 44:4",0.0108490278539648,0.0161543180423966,0.0135016729481807
"ALS2CL",0.00557040391426078,0.0214094582219716,0.0134899310681162
"SYTL4",0.00152373986712988,0.025434349352055,0.0134790446095925
"ENSG00000260855.1",0.0220019083406764,0.00494446989530502,0.0134731891179907
"DCTN1",0.0133914812915056,0.0135285398454424,0.013460010568474
"SARNP",0.0220738807344004,0.00484274962838115,0.0134583151813908
"RBM39",0.0159229119300076,0.0109838415509467,0.0134533767404772
"ETS2",0.00591713325685449,0.0209225285355442,0.0134198308961994
"MSH4",0.0262059638925682,0.000613455115534047,0.0134097095040511
"MPDU1",0.0260676229269033,0.000749778474541613,0.0134087007007224
"B4GALT3",0.0199351335208991,0.00685299692141095,0.013394065221155
"WDR91",0.0117458422350053,0.0149924624187151,0.0133691523268602
"ENSG00000288187.1",0,0.0267358803741043,0.0133679401870521
"SUPV3L1",0.019076327795787,0.0076406488716488,0.0133584883337179
"CDK5RAP3",0.0108315983147274,0.0158850233637417,0.0133583108392345
"TRPV1",0.00708117578252147,0.0196286379992577,0.0133549068908896
"1-Methyl nicotinamide",0.0254769305784117,0.00122691023106809,0.0133519204047399
"PSMA6",0.0227887416720645,0.00390363021723195,0.0133461859446482
"RAB17",0.0262059638925682,0.000477131756526481,0.0133415478245474
"MARCKSL1",0,0.0266612595831231,0.0133306297915616
"PPP1R14A",0,0.0266612595831231,0.0133306297915616
"PHAF1",0.0255629930350495,0.00109058687206053,0.013326789953555
"SREK1",0.0258132804675675,0.000817940154045396,0.0133156103108064
"FAAH",0.024223079606233,0.00240407326814873,0.0133135764371909
"PRMT9",0.00920144359763412,0.0173943782427258,0.0132979109201799
"GPR155",0.0232264116338997,0.00335833678120169,0.0132923742075507
"LPE 18:1/0:0",0.0265840684275262,0,0.0132920342137631
"PC 36:3",0.0265840684275262,0,0.0132920342137631
"PKD1P6-NPIPP1",0,0.0265768276413043,0.0132884138206521
"ZC3H7A",0.0258132804675675,0.000749778474541613,0.0132815294710545
"APBB3",0.0173032781503969,0.00925707018955968,0.0132801741699783
"USP21",0.0259406910564573,0.000613455115534047,0.0132770730859957
"SLC38A1",0.0209872396883982,0.00553951052532275,0.0132633751068605
"MPP2",0.00859194765078217,0.0179332125672786,0.0132625801090304
"FYCO1",0.0213529372565094,0.00513054044830005,0.0132417388524047
"IMP4",0.021763621361455,0.00470642626937358,0.0132350238154143
"MCAM",0,0.0264567745446118,0.0132283872723059
"ZNF844",0,0.0264534357261883,0.0132267178630942
"CCDC69",0.0220019083406764,0.00444892365326222,0.0132254159969693
"CHPT1",0.019076327795787,0.00736800215363367,0.0132221649747103
"DNAJC4",0.0258067914137903,0.000613455115534047,0.0132101232646622
"ZNF850",0.0264172650149,0,0.01320863250745
"GSDMB",0.0223676059087875,0.00402480947433575,0.0131962076915616
"TOLLIP",0.0262344162308444,0.000136323359007566,0.013185369794926
"LDAF1",0.0113801446668941,0.0149599351150218,0.013170039890958
"UBQLN1",0.0165324078768596,0.00980236362558994,0.0131673857512247
"ENSG00000236833.1",0.0133914812915056,0.0129150847299083,0.0131532830107069
"ENSG00000241860.7",0.0256034458266223,0.000613455115534047,0.0131084504710782
"PDLIM5",0.0258582670044019,0.000340808397518915,0.0130995377009604
"ITGA2",0.0250818853313451,0.00109058687206053,0.0130862361017028
"NOP14",0.020864851671899,0.00526686380730761,0.0130658577396033
"RNF144B",0.0201734205001205,0.00594848060234544,0.013060950551233
"RAB4B",0.00811131866552152,0.0180078333582598,0.0130595760118907
"ATP6V1FNB",0.000548546352166758,0.0255544024487475,0.0130514744004571
"KCNJ8",0,0.0260478044675891,0.0130239022337945
"ENSG00000287299.1",0,0.0260478044675891,0.0130239022337945
"Oleoyl-EA",0,0.0260377615704451,0.0130188807852225
"Linoleoyl-EA",0,0.0260377615704451,0.0130188807852225
"ENSG00000260279.4",0.00617989986111273,0.019848198704862,0.0130140492829873
"HAUS6",0.00634978064629913,0.0196729021516205,0.0130113413989598
"ENSG00000267127.7",0.00789751131133701,0.0180922520791418,0.0129948816952394
"GNL2",0.0192037383846768,0.00676642075639084,0.0129850795705338
"SZRD1",0.0243954767319572,0.00156771862858701,0.0129815976802721
"PLA2G4E",0.0108710734520424,0.015089799362552,0.0129804364072972
"PPP1R27",0.0012799414883891,0.0246585026852975,0.0129692220868433
"ZNF518A",0.0253201723105665,0.000613455115534047,0.0129668137130503
"CEP78",0,0.0259179402200589,0.0129589701100295
"LARS1",0.012787496744173,0.0131195697684197,0.0129535332562963
"TGFBR1",0.00508280715677922,0.0208024754388517,0.0129426412978155
"SM 40:3;O2",0.0186505759736698,0.007225138027401,0.0129378570005354
"BCORL1",0.00859891542300308,0.0172743119250965,0.0129366136740498
"RCOR1",0.00422951283118648,0.0216431317457528,0.0129363222884696
"SRSF2",0.019076327795787,0.00676642075639084,0.0129213742760889
"2-Aminobutyric acid",0,0.0258332765319337,0.0129166382659669
"KLHL33",0.000426647162796367,0.025379105895506,0.0129028765291512
"TMEM9B-AS1",0.0199905717160649,0.00579701314143411,0.0128937924287495
"GARNL3",0.000609495946851953,0.0251227162188692,0.0128661060828606
"DNHD1",0.00091424392027793,0.0248110830856833,0.0128626635029806
"ORC2",0.0196803123431195,0.00603505676736555,0.0128576845552425
"COL4A3",0.00386381526307531,0.0218476167842641,0.0128557160236697
"PPM1G",0.0256848922244199,0,0.01284244611221
"IFITM2",0.00884271380174386,0.0168328277653173,0.0128377707835306
"NOP2",0,0.0256582117249986,0.0128291058624993
"MXI1",0.024560324836068,0.00109058687206053,0.0128254558540642
"ZNF112",0.00603903244622488,0.0195982813606393,0.0128186569034321
"ATXN1",0.0192801622100839,0.00627741528157314,0.0127787887458285
"ARL5A",0.022028894197566,0.00349466014020926,0.0127617771688876
"OSER1",0.0243440011413456,0.00115874855156431,0.012751374846455
"DAZAP1",0.00121899189370391,0.0242722487611304,0.0127456203274172
"SNHG11",0.0243235043382332,0.00115874855156431,0.0127411264448987
"1,7-Dimethyluric acid",0.0254769305784117,0,0.0127384652892058
"Protocatechuic acid",0.0254769305784117,0,0.0127384652892058
"Hydroxyproline",0.0254769305784117,0,0.0127384652892058
"EWSR1",0.0254475828994563,0,0.0127237914497281
"ENSG00000249592.7",0,0.025434349352055,0.0127171746760275
"BRAT1",0.00677042758244722,0.0186504769590637,0.0127104522707555
"HMGXB3",0.000182848784055586,0.025220053162706,0.0127014509733808
"MRPL4",0.00447331120992726,0.0208998123826886,0.0126865617963079
"ZBTB7B",0.000670445541537149,0.0246910299889908,0.012680737765264
"PLPP7",0.00435141202055687,0.0210069604773631,0.01267918624896
"IGFBP5",0.0249994612792897,0.000340808397518915,0.0126701348384043
"TNFAIP3",0.0253367065091247,0,0.0126683532545624
"SLC25A51",0.0245063531222888,0.000817940154045396,0.0126621466381671
"PIM3",0.0253191946563088,0,0.0126595973281544
"USP48",0.000304747973425977,0.024992851971339,0.0126487999723825
"SIK1",0,0.0252719578008315,0.0126359789004158
"RUFY1",0.0124772373712277,0.0127885593008016,0.0126328983360146
"MUS81",0.000731395136222344,0.0245319772561908,0.0126316861962066
"ATP13A1",0.00617989986111273,0.0190821631889421,0.0126310315250274
"ZNF75A",0,0.0252492416479759,0.0126246208239879
"TARS3",0.0246337637111786,0.000613455115534047,0.0126236094133563
"ZNF623",0.021763621361455,0.00347951603830549,0.0126215686998802
"AKT3",0,0.0252298643135437,0.0126149321567718
"UGCG",0.000548546352166758,0.0246585026852975,0.0126035245187321
"LRATD2",0.00593610148237195,0.0192120274364723,0.0125740644594221
"ATP6AP1L",0.0216362107725652,0.00349466014020926,0.0125654354563872
"HOXA-AS3",0,0.0251227162188692,0.0125613581094346
"ASB8",0.0126875608393017,0.0124314938619044,0.0125595273506031
"ITGB1BP1",0.0230435628498441,0.00204485038511349,0.0125442066174788
"DMRT2",0.0133914812915056,0.0116881744988402,0.0125398278951729
"NT5DC1",0.0245333389791784,0.000545293436030264,0.0125393162076043
"GCC2",0.0245333389791784,0.000545293436030264,0.0125393162076043
"PHKG1",0.000487596757481563,0.0245903542267305,0.012538975492106
"ZNF182",0.000670445541537149,0.0244021130086606,0.0125362792750989
"PRPF39",0.0242785178013988,0.000749778474541613,0.0125141481379702
"CIZ1",0.0193416006318979,0.00566068978242654,0.0125011452071622
"ZNF331",0.0245887771743442,0.000408970077022698,0.0124988736256834
"SCML2",0.0247161877632339,0.000272646718015132,0.0124944172406245
"ENSG00000286861.1",0.0209602538315086,0.00402480947433575,0.0124925316529222
"PLIN2",0.0247096987094568,0.000272646718015132,0.012491172713736
"UBTF",0.0234916844700106,0.00143139526957944,0.012461539869795
"CYTOR",0.0142502870166177,0.0106657493062835,0.0124580181614506
"AGT",0.0247716259583997,0.000136323359007566,0.0124539746587037
"DTWD1",0.0231259869018995,0.00177220366709836,0.0124490952844989
"CCNI",0.0209867508612694,0.00390363021723195,0.0124451905392507
"EXOSC10",0.00602104187496515,0.0188549619975751,0.0124380019362701
"ACVR2B",0.000487596757481563,0.024379396855805,0.0124334968066433
"ABRAXAS1",0.0245887771743442,0.000272646718015132,0.0124307119461796
"SPHK1",0.00422951283118648,0.020620706553196,0.0124251096921913
"MLEC",0.0039857144524457,0.020847907744563,0.0124168110985044
"PI4KAP1",0.0242126279479016,0.000613455115534047,0.0124130415317178
"Docosadienoic acid",0,0.024810851339377,0.0124054256696885
"Tetracosatetraenoic acid",0,0.024810851339377,0.0124054256696885
"ST6GALNAC3",0.000182848784055586,0.0246164091980096,0.0123996289910326
"MRTFA",0.024522887320847,0.000272646718015132,0.0123977670194311
"STRIP2",0.0133914812915056,0.0113928116279694,0.0123921464597375
"PTPRS",0.000426647162796367,0.0243566807029493,0.0123916639328728
"TGIF1",0.020621542120287,0.00416113283334332,0.0123913374768152
"DUSP13",0.00569230310363117,0.0190821631889421,0.0123872331462866
"ANP32B",0.00616093163559527,0.0185985723209382,0.0123797519782667
"LANCL2",0.0119286910190609,0.0128177477860715,0.0123732194025662
"ERVW-1",0.00079234473090754,0.0239477106259266,0.0123700276784171
"PFN1P2",0.00748383214740984,0.01724179784234,0.0123628149948749
"CECR2",0.00603903244622488,0.0186504769590637,0.0123447547026443
"NAPB",0.00170658865118547,0.0229707177390812,0.0123386531951333
"METTL17",0.0241960937493434,0.000477131756526481,0.0123366127529349
"EDF1",0.0198077229320093,0.00485789373028492,0.0123328083311471
"FUT1",0,0.0246585026852975,0.0123292513426487
"ZC3H12A",0,0.0246585026852975,0.0123292513426487
"IL4R",0.00121899189370391,0.0234315924542294,0.0123252921739667
"ANAPC2",0.0198077229320093,0.00484274962838115,0.0123252362801952
"RETREG1",0,0.0245903542267305,0.0122951771133653
"PTPN21",0.0245783255160128,0,0.0122891627580064
"SNPH",0.0198896581569358,0.00467182317728989,0.0122807406671129
"KHSRP",0.00628283082496566,0.0182642230348967,0.0122735269299312
"TPM4",0.016317061836395,0.00821623051148661,0.0122666461739408
"TCAF1P1",0,0.0245319772561908,0.0122659886280954
"ATN1",0.0171204293663413,0.00739829035744121,0.0122593598618913
"MAT2B",0,0.0245092611033351,0.0122546305516676
"JMJD6",0.0203008310890103,0.00417627693524709,0.0122385540121287
"USP25",0.0238573820381218,0.000613455115534047,0.0122354185768279
"FN3K",0.0198901469840647,0.00457010291036601,0.0122301249472154
"KIAA1143",0.0115175281956715,0.0129150847299083,0.0122163064627899
"Acetylcholine",0.0229830197687092,0.00136323359007566,0.0121731266793924
"TMEM120B",0.000426647162796367,0.023869751016522,0.0121481990896592
"LYRM7",0.00516774754937241,0.0191146904926354,0.0121412190210039
"ENSG00000267934.1",0.00687433620055788,0.0173943782427258,0.0121343572216418
"SLC29A1",0.00591713325685449,0.0183388438258779,0.0121279885413662
"TUG1",0.000304747973425977,0.0239477106259266,0.0121262292996763
"RRAD",0.0150371203480059,0.00921163788384837,0.0121243791159271
"RGS9BP",0.000731395136222344,0.023509552063634,0.0121204735999282
"MT-ND3",0.0230705487067337,0.00115874855156431,0.012114648629149
"TXLNGY",0.00207228621929664,0.0221267226137567,0.0120995044165267
"TBC1D22B",0.013701740664451,0.0104385481149165,0.0120701443896837
"GASK1A",0.0125656616499313,0.0115616490697335,0.0120636553598324
"CKMT2-AS1",0.0239783035732345,0.000136323359007566,0.012057313466121
"ENSG00000259948.2",0.0012799414883891,0.0228181373386953,0.0120490394135422
"SM 35:2;O2",0.0240901576178238,0,0.0120450788089119
"PPP4R2",0.000853294325592735,0.023227107415718,0.0120402008706554
"ZNF275",0.0231259869018995,0.000954263513052962,0.0120401252074762
"ZFP36L1",0.0162886094981188,0.00777697223065637,0.0120327908643876
"PKDCC",0.00079234473090754,0.0232562959009879,0.0120243203159477
"MIEF2",0.00956714116574529,0.0144763442470179,0.0120217427063816
"LCN6",0.0236126060051233,0.000408970077022698,0.012010788041073
"NIPAL1",0.000426647162796367,0.0235841728546152,0.0120054100087058
"ENSG00000286388.1",0.0223676059087875,0.00163588030809079,0.0120017431084392
"ENSG00000279568.1",0.0234362462748448,0.000545293436030264,0.0119907698554376
"FAM174B",0.000548546352166758,0.0234315924542294,0.0119900694031981
"KHDRBS3",0.000365697568111172,0.0236133613398851,0.0119895294539981
"ATF6",0.01842735671162,0.00553951052532275,0.0119834336184714
"ARMC5",0.00170658865118547,0.0222565868612868,0.0119815877562362
"TMEM101",0.0124772373712277,0.0114836894603289,0.0119804634157783
"DIO3OS",0.00115804229901871,0.0227954211858397,0.0119767317424292
"ZNF22",0.000426647162796367,0.023509552063634,0.0119680996132152
"ENSG00000288162.1",0.00678939580796469,0.0171346497476654,0.0119620227778151
"RC3H1",0.000243798378740781,0.0236652659780106,0.0119545321783757
"SBNO2",0.0201179823049547,0.00376730685822439,0.0119426445815895
"NOTCH2NLC",0.0197072982000091,0.00416113283334332,0.0119342155166762
"LAS1L",0.0160787748571736,0.00777697223065637,0.011927873543915
"ADAM20P1",0.0080194105007074,0.0158331187256162,0.0119262646131618
"SNHG15",0,0.0238405625312521,0.011920281265626
"MCCC1",0.00736193295803945,0.0164238576882946,0.011892895323167
"MCUR1",0.0153473797209513,0.00841641388265863,0.0118818968018049
"ENSG00000289234.1",0.0012799414883891,0.0224383557469425,0.0118591486176658
"CDK17",0.00079234473090754,0.0229252854333699,0.0118588150821387
"C1QBP",0.0225504546928431,0.00115874855156431,0.0118546016222037
"PIGG",0.00325431931622336,0.0204389376675403,0.0118466284918819
"POU2F1",0.0229985763130097,0.00068161679503783,0.0118400965540238
"HELZ2",0.0162886094981188,0.00736800215363367,0.0118283058258762
"AGAP9",0.0226328787448985,0.00102242519255674,0.0118276519687276
"HMOX1",0.0113466697562274,0.0122821838451312,0.0118144268006793
"IGSF8",0.0109809721881162,0.0126359789004158,0.011808475544266
"GREB1",0.0225774405497327,0.00102242519255674,0.0117999328711447
"SERINC3",0.00410761364181609,0.0194911332659648,0.0117993734538904
"TMEM201",0.000670445541537149,0.0228960969481,0.0117832712448186
"ENSG00000224848.3",0,0.0235614567017596,0.0117807283508798
"TICAM2",0.00079234473090754,0.0227662327005698,0.0117792887157387
"AMOT",0.019076327795787,0.00444892365326222,0.0117626257245246
"SDHAP3",0.00170658865118547,0.0218184282989943,0.0117625084750899
"SNRPD1",0.0151645309368957,0.00835255387049417,0.0117585424036949
"SP100",0.0164105086874892,0.00708881466839343,0.0117496616779413
"FOXD3",0.00103614310964832,0.0224091672616726,0.0117226551856605
"FBXO9",0.0229431381178439,0.000477131756526481,0.0117101349371852
"WDR6",0.0203397350856179,0.00307054596128279,0.0117051405234503
"SNW1",0,0.0234088763013737,0.0117044381506869
"MSANTD1",0.00756877254000303,0.0158331187256162,0.0117009456328096
"UHRF1",0.00981790731670699,0.0135837833019913,0.0117008453093492
"NCKAP5L",0.0225220023545669,0.000817940154045396,0.0116699712543062
"Choline phosphate",0,0.023324375924744,0.011662187962372
"CE 18:1",0,0.023324375924744,0.011662187962372
"ZFC3H1",0.0213979237933438,0.00190852702610592,0.0116532254097249
"IMP3",0.00146279027244469,0.0217957121461386,0.0116292512092916
"DG 18:1_18:1",0.02322681814745,0,0.011613409073725
"DIO2",0.0218460454135104,0.00136323359007566,0.011604639501793
"CLTA",0.0225714403230844,0.000613455115534047,0.0115924477193092
"GLUD1",0.000731395136222344,0.0224383557469425,0.0115848754415824
"EYA3",0.0228157275289541,0.000340808397518915,0.0115782679632365
"YTHDF2",0.00774562109741035,0.0153527298064139,0.0115491754519121
"NPHP1",0.000670445541537149,0.022386451108817,0.0115284483251771
"MTSS1",0.00520470634614961,0.0178325368050183,0.011518621575584
"CHRNA10",0.00158468946181508,0.0214386467072414,0.0115116680845283
"C1orf35",0.000548546352166758,0.0224610718997982,0.0115048091259825
"TOE1",0.0201734205001205,0.00281304334517143,0.011493231922646
"ESCO1",0.00115804229901871,0.0218184282989943,0.0114882352990065
"PEX5L",0.00079234473090754,0.0221819660703056,0.0114871554006066
"HCG11",0.0226328787448985,0.000340808397518915,0.0114868435712087
"PMF1",0.019076327795787,0.00388848611532818,0.0114824069555576
"N4BP2L2-IT2",0.00652662920370644,0.0164238576882946,0.0114752434460005
"LINP1",0.0039857144524457,0.0189329216069797,0.0114593180297127
"ADCK2",0.0229161522609543,0,0.0114580761304771
"HMGN1",0.022028894197566,0.000886101833549179,0.0114574980155576
"USB1",0.0223676059087875,0.000545293436030264,0.0114564496724089
"PKD1P6",0.0124437624605609,0.0104612642677721,0.0114525133641665
"UNC5B",0.00565534430685398,0.01724179784234,0.011448571074597
"ZDHHC5",0.0216362107725652,0.00122691023106809,0.0114315605018166
"RUSC1",0.000731395136222344,0.0221300614321801,0.0114307282842012
"ZBTB39",0.0172638030130819,0.00553951052532275,0.0114016567692023
"Imidazolepropionic acid",0.0227951484122631,0,0.0113975742061315
"FA 20:3;O2",0.0227951484122631,0,0.0113975742061315
"ZNF512B",0.00091424392027793,0.0218703329371198,0.0113922884286989
"FHL1",0.0226778652817329,6.8161679503783e-05,0.0113730134806183
"MICALL2",0.01842735671162,0.00431260029425465,0.0113699785029373
"SERF2",0.00349811769496414,0.0192347435893279,0.011366430642146
"LCMT2",0.0122943885871721,0.0104342332266403,0.0113643109069062
"FAM210B",0.0216362107725652,0.00109058687206053,0.0113633988223129
"DRAM2",0.0224500299608429,0.000272646718015132,0.011361338339429
"NATD1",0.019076327795787,0.00363098349921682,0.0113536556475019
"FRAT2",0.0220573465358421,0.000613455115534047,0.0113354008256881
"THEM6",0.0216362107725652,0.00102242519255674,0.011329317982561
"ZNF441",0.000853294325592735,0.021772995993283,0.0113131451594378
"ARHGAP36",0.0220019083406764,0.000613455115534047,0.0113076817281052
"U2AF1L4",0.00821522728363218,0.0143746924149049,0.0112949598492685
"VPS52",0.0223121677136217,0.000272646718015132,0.0112924072158184
"ZNF608",0.0153592978606692,0.007225138027401,0.0112922179440351
"USP40",0.000121899189370391,0.0224610718997982,0.0112914855445843
"ENSG00000276791.1",0.000426647162796367,0.0221527775850358,0.0112897123739161
"SAV1",0.0225774405497327,0,0.0112887202748664
"MAP3K14",0.0164999106204506,0.00606965985944924,0.0112847852399499
"MRPL23-AS1",0.015435315172526,0.00712564363942608,0.0112804794059761
"ENSG00000269374.1",0.0213979237933438,0.00115874855156431,0.0112783361724541
"PSMB8-AS1",0.000304747973425977,0.0222338707084312,0.0112693093409286
"SLC25A33",0.0111972958828386,0.0113344478783665,0.0112658718806025
"DCUN1D4",0.000670445541537149,0.0218476167842641,0.0112590311629006
"RFC2",0.0219014836086762,0.000613455115534047,0.0112574693621051
"GPX3",0.00567333487811371,0.0168328277653173,0.0112530813217155
"RASSF9",0.0224950164976773,0,0.0112475082488387
"SCAF4",0.00713612515055839,0.0153527298064139,0.0112444274784862
"PCBP1-AS1",0.0209872396883982,0.00149955694908323,0.0112433983187407
"UCP3",0.0215088001836754,0.000954263513052962,0.0112315318483642
"ARHGEF37",0.00103614310964832,0.0214159305543858,0.011226036832017
"CCAR2",0.000426647162796367,0.0220229133375056,0.011224780250151
"Glycerol",0.00816724568781618,0.0142457910162906,0.0112065183520534
"LUC7L2",0.0202842968904521,0.00211301206461727,0.0111986544775347
"ZNF606",0.0152199691320615,0.00712564363942608,0.0111728063857438
"ZNF569",0.0161342130523394,0.00617138012637312,0.0111527965893563
"COA7",0.0209867508612694,0.00129507191057188,0.0111409113859206
"VPS9D1",0.0128429349393388,0.00943883907521537,0.0111408870072771
"C15orf61",0.0216362107725652,0.000613455115534047,0.0111248329440496
"ARMH3",0.0213529372565094,0.000886101833549179,0.0111195195450293
"BMP8A",0.000426647162796367,0.0217957121461386,0.0111111796544675
"ASB11",0.0219464701455106,0.000272646718015132,0.0111095584317628
"ICAM1",0.0107371738093755,0.0114750729047134,0.0111061233570444
"CLK4",0.00121899189370391,0.0209777719920932,0.0110983819428986
"COMMD4",0.000365697568111172,0.0218249006314085,0.0110952990997598
"AGAP6",0.0221847571247319,0,0.011092378562366
"CDC14A",0.0210876644203984,0.00109058687206053,0.0110891256462295
"NKAIN2",0.022028894197566,0.000136323359007566,0.0110826087782868
"ENSG00000232346.1",0.0218744977517866,0.000272646718015132,0.0110735722349008
"DNAJC11",0.019076327795787,0.00307054596128279,0.0110734368785349
"MTATP6P1",0.0171419038237115,0.00499421708929248,0.011068060456502
"SHMT1",0.00079234473090754,0.0213348374309904,0.011063591080949
"CARF",0.00152373986712988,0.0205915180679262,0.011057628967528
"HNRNPC",0.0216362107725652,0.000477131756526481,0.0110566712645458
"TMEM150A",0.000426647162796367,0.0216658478986084,0.0110462475307024
"MAZ",0.0220838435656029,0,0.0110419217828014
"NDUFS8",0.0101766371125972,0.0118926595373516,0.0110346483249744
"RSC1A1",0.021114650277288,0.000954263513052962,0.0110344568951705
"PLCL2",0.00140184067775949,0.0206661388589073,0.0110339897683334
"ENSG00000280120.1",0.0147988333687845,0.00726196699843365,0.0110304001836091
"NAP1L1",0.01665430706623,0.00540318716631518,0.0110287471162726
"SCAP",0,0.0220521018227755,0.0110260509113877
"MTCL1",0.00079234473090754,0.0212568778215857,0.0110246112762466
"DDT",0.0117458422350053,0.0103022247559089,0.0110240334954571
"FAM210A",0.019076327795787,0.00294936670417899,0.011012847249983
"GORAB",0.0146714227798947,0.00734854316345375,0.0110099829716742
"ZNF420",0.0113466697562274,0.0106657493062835,0.0110062095312554
"RIMKLB",0.0159229119300076,0.00606965985944924,0.0109962858947284
"RNF31",0.0217186348246206,0.000272646718015132,0.0109956407713178
"SRGAP1",0.0217181459974917,0.000272646718015132,0.0109953963577534
"ZNF333",0.0209318014932324,0.00102242519255674,0.0109771133428946
"TMEM11",0.0216362107725652,0.000272646718015132,0.0109544287452902
"UQCC1",0.0216362107725652,0.000272646718015132,0.0109544287452902
"ENSG00000250994.2",0.0146714227798947,0.00723167879462611,0.0109515507872604
"ENSG00000255148.2",0.0179951981493042,0.00390363021723195,0.0109494141832681
"WDR97",0.00516774754937241,0.0167256796706427,0.0109467136100076
"QRSL1",0.019076327795787,0.00281304334517143,0.0109446855704792
"KRCC1",0.021270513204454,0.000613455115534047,0.010941984159994
"MRPL41",0.0101766371125972,0.0116881744988402,0.0109324058057187
"CSPG4P12",0.0218460454135104,0,0.0109230227067552
"NXN",0.0213529372565094,0.000477131756526481,0.0109150345065179
"ENSG00000278959.1",0.0135743300755612,0.00821623051148661,0.0108952802935239
"SUOX",0.00692231779637389,0.014862598171185,0.0108924579837794
"ENSG00000238273.3",0.011834266513709,0.0098932546788862,0.0108637605962976
"METTL18",0.00603903244622488,0.0156286336871048,0.0108338330666648
"DGCR2",0.00103614310964832,0.020620706553196,0.0108284248314222
"ZNF727",0.00760573133678023,0.0140446580171396,0.0108251946769599
"ARHGEF7",0.0216362107725652,0,0.0108181053862826
"SELENOS",0.0216362107725652,0,0.0108181053862826
"RIC8B",0.0216362107725652,0,0.0108181053862826
"SDF4",0.0216362107725652,0,0.0108181053862826
"ENSG00000273906.1",0.00471710958866804,0.0169074485562984,0.0108122790724832
"HEY2",0.0208043909043426,0.000817940154045396,0.010811165529194
"KIAA2026",0.0201734205001205,0.00143139526957944,0.01080240788485
"ENSG00000273108.1",0.0201734205001205,0.00143139526957944,0.01080240788485
"NDUFA3",0.00213323581398184,0.0194684171131091,0.0108008264635455
"PC P-36:5 or PC O-36:6",0,0.0215390907231954,0.0107695453615977
"SM 32:0;O2",0,0.0215390907231954,0.0107695453615977
"FA 11:4;O",0,0.0215390907231954,0.0107695453615977
"CAR 10:1",0,0.0215390907231954,0.0107695453615977
"N-Methyl-proline",0,0.0215390907231954,0.0107695453615977
"ZNF142",0.000426647162796367,0.0211042974211999,0.0107654722919981
"TYK2",0.0214803478453992,0,0.0107401739226996
"SH3BGR",0.0133914812915056,0.00807990715247904,0.0107356942219923
"PXDNL",0.0209872396883982,0.000477131756526481,0.0107321857224624
"WHAMMP3",0.0109809721881162,0.0104612642677721,0.0107211182279442
"CNRIP1",0.0208043909043426,0.000613455115534047,0.0107089230099383
"MED23",0,0.0214159305543858,0.0107079652771929
"ZNF500",0.0202842968904521,0.00109058687206053,0.0106874418812563
"PNPLA7",0.020621542120287,0.000749778474541613,0.0106856602974143
"ASXL2",0.0200729957681203,0.00129507191057188,0.0106840338393461
"ENPEP",0.0200729957681203,0.00129507191057188,0.0106840338393461
"UBE2Q1",0.0213524484293805,0,0.0106762242146903
"SLC25A5",0.000426647162796367,0.0209225285355442,0.0106745878491703
"IDI2",0.0159513642682838,0.00538804306441141,0.0106697036663476
"KMT2C",0.0205661039251213,0.000749778474541613,0.0106579411998314
"THUMPD3-AS1",0.0171419038237115,0.00416113283334332,0.0106515183285274
"RNF149",0.0120780648924498,0.00921163788384837,0.0106448513881491
"SLC7A2",0.0207429524825286,0.000545293436030264,0.0106441229592794
"ZNF268",0.0208043909043426,0.000477131756526481,0.0106407613304346
"RNASEL",0.0126600861552832,0.00862089892116998,0.0106404925382266
"ZNF835",0.021270513204454,0,0.010635256602227
"ENSG00000259881.1",0.0204386933362315,0.000817940154045396,0.0106283167451384
"VIPAS39",0.0113466697562274,0.00988893979061005,0.0106178047734187
"TRIM7",0.000243798378740781,0.0209777719920932,0.010610785185417
"FAM241B",0.0117458422350053,0.00943883907521537,0.0105923406551103
"SLC25A25",0,0.0211822570306046,0.0105911285153023
"ADGRF2",0.0204991541037878,0.00068161679503783,0.0105903854494128
"ADGRF4",0.0204991541037878,0.00068161679503783,0.0105903854494128
"ENSG00000250575.1",0.0211700884724538,0,0.0105850442362269
"PPAN",0.0115904681349682,0.00957946410156227,0.0105849661182652
"ANO8",0.0200729957681203,0.00109058687206053,0.0105817913200904
"AMFR",0.0200729957681203,0.00109058687206053,0.0105817913200904
"EBAG9",0.00687433620055788,0.0142718592085066,0.0105730977045322
"CLSTN1",0.000243798378740781,0.0208998123826886,0.0105718053807147
"ZNF805",0.0108315983147274,0.0103022247559089,0.0105669115353181
"SLC44A2",0.0146714227798947,0.00644402684438825,0.0105577248121415
"ZNF586",0.00146279027244469,0.0196437136663506,0.0105532519693976
"GNPDA1",0.000182848784055586,0.0209225285355442,0.0105526886597999
"CNTNAP3B",0.0162616236412292,0.00484274962838115,0.0105521866348052
"ADGRB2",0.0117458422350053,0.00934796124285593,0.0105469017389306
"ENSG00000288597.1",0.00109709270433352,0.0199780629523921,0.0105375778283628
"UBR7",0.0191582630207135,0.00190852702610592,0.0105333950234097
"IFRD2",0.020849377441177,0.000204485038511349,0.0105269312398442
"SC5D",0.0101766371125972,0.0108702343447948,0.010523435728696
"ZNF341",0.00520470634614961,0.0158331187256162,0.0105189125358829
"ATP6V1D",0.0198077229320093,0.00122691023106809,0.0105173165815387
"ENSG00000267423.1",0.00677042758244722,0.0142491430556509,0.0105097853190491
"RSL1D1",0.0126600861552832,0.00835255387049417,0.0105063200128887
"LRRC66",0,0.0210004881449489,0.0105002440724744
"ZNF224",0.0207939392460113,0.000204485038511349,0.0104992121422613
"EXOSC6",0.0168101699933959,0.00417627693524709,0.0104932234643215
"ATP8A1",0.00640473001433605,0.0145509650379991,0.0104778475261676
"ZNF678",0.000975193514963125,0.0199780629523921,0.0104766282336776
"ZDHHC24",0.0201734205001205,0.000749778474541613,0.0104615994873311
"STOM",0,0.0209225285355442,0.0104612642677721
"PIM1",0,0.0209225285355442,0.0104612642677721
"BACH1",0.000853294325592735,0.0200591560757875,0.0104562252006901
"ENSG00000262420.3",0.0147039200363037,0.00620598321845681,0.0104549516273803
"SBDSP1",0.0171419038237115,0.00376730685822439,0.0104546053409679
"CAR 14:1;OH",0.00323032851831535,0.0176538749914798,0.0104421017548976
"SMG1P3",0.0201179823049547,0.000749778474541613,0.0104338803897482
"SELENBP1",0.0201734205001205,0.00068161679503783,0.0104275186475792
"DLL4",0.00225513500335223,0.0185985723209382,0.0104268536621452
"RFFL",0.00565534430685398,0.0151969474572265,0.0104261458820402
"PPP6R3",0,0.0208251915917074,0.0104125957958537
"MFSD14A",0.0202558445521759,0.000545293436030264,0.0104005689941031
"MIR503HG",0.0158010127406372,0.00497907298738871,0.010390042864013
"GEM",0.0012799414883891,0.0194911332659648,0.0103855373771769
"NUTM2D",0.0203562692841761,0.000408970077022698,0.0103826196805994
"ART1",0.00231608459803742,0.0184459919205524,0.0103810382592949
"ALDH2",0.00103614310964832,0.0197183344573318,0.0103772387834901
"CD164",0.0137571788596168,0.00698932028041851,0.0103732495700176
"PKMP1",0.000731395136222344,0.0199780629523921,0.0103547290443072
"ENSG00000213062.5",0.0157130772890624,0.00499421708929248,0.0103536471891775
"MMAB",0.00121899189370391,0.0194684171131091,0.0103437045034065
"EIF4H",0.00798941947615113,0.0126359789004158,0.0103126991882834
"SMG8",0.000182848784055586,0.0204162215146847,0.0102995351493701
"NOP16",0.00725802433992878,0.013324054806931,0.0102910395734299
"RPL24",0.00557040391426078,0.0150065620159553,0.010288482965108
"ENSG00000230479.1",0.00494193974189136,0.0156286336871048,0.0102852867144981
"ENSG00000177359.21",0.0199905717160649,0.000545293436030264,0.0102679325760476
"PLEKHM1",0.00419255403440929,0.01631670959362,0.0102546318140147
"BOP1",0.0204991541037878,0,0.0102495770518939
"ENSG00000279088.1",0.0127365200893754,0.00775751324047645,0.010247016664926
"SOX9",0.0146714227798947,0.00581215724333788,0.0102417900116163
"MXD4",0.000243798378740781,0.020234452629029,0.0102391255038849
"ENSG00000257252.6",0.0199905717160649,0.000477131756526481,0.0102338517362957
"KRI1",0.0197072982000091,0.000749778474541613,0.0102285383372754
"ENSG00000265751.1",0.00617989986111273,0.0142718592085066,0.0102258795348096
"TPX2",0.0204386933362315,0,0.0102193466681157
"ZNF529",0.011224770566857,0.00921163788384837,0.0102182042253527
"ENSG00000288538.1",0.00616093163559527,0.0142718592085066,0.0102163954220509
"WSB2",0.0198077229320093,0.000613455115534047,0.0102105890237717
"CHD1",0.013701740664451,0.00668638535859584,0.0101940630115234
"ATP11B",0.0155302285050068,0.00485789373028492,0.0101940611176459
"WFIKKN1",0,0.0203870330294148,0.0101935165147074
"CSNK1G1",0,0.0203870330294148,0.0101935165147074
"GPT2",0.0157100822300808,0.00467182317728989,0.0101909527036854
"SMAD3",0.0203772549144174,0,0.0101886274572087
"SLC35E2B",0.0198901469840647,0.000477131756526481,0.0101836393702956
"RXRB",0,0.0203643168765592,0.0101821584382796
"C1orf127",0.0198077229320093,0.000545293436030264,0.0101765081840198
"ASAP3",0.0192591765798426,0.00109058687206053,0.0101748817259515
"TMEM65",0.0200729957681203,0.000272646718015132,0.0101728212430677
"INO80E",0.000365697568111172,0.0199780629523921,0.0101718802602516
"ALPK3",0.0190363638313431,0.00129507191057188,0.0101657178709575
"TIMM21",0.019076327795787,0.00122691023106809,0.0101516190134275
"AURKAIP1",0.0118832257637827,0.00841641388265863,0.0101498198232207
"BCCIP",0.0198077229320093,0.000477131756526481,0.0101424273442679
"GLCE",0.0148542715639503,0.00540318716631518,0.0101287293651327
"METTL8",0.011224770566857,0.00902986899819267,0.0101273197825248
"LMBRD1",0.0198397414699745,0.000408970077022698,0.0101243557734986
"ZBTB3",0.000853294325592735,0.0193937963221279,0.0101235453238603
"AJM1",0.019076327795787,0.00115874855156431,0.0101175381736756
"PIK3R3",0.000853294325592735,0.0193646078368581,0.0101089510812254
"CDNF",0.0198077229320093,0.000408970077022698,0.010108346504516
"PSEN2",0.0117458422350053,0.0084585890256942,0.0101022156303498
"GHDC",0.00091424392027793,0.0192899870458769,0.0101021154830774
"NUCB1",0.00626484025370593,0.013937509922465,0.0101011750880855
"ABCB8",0.000731395136222344,0.0194392286278393,0.0100853118820308
"DZIP3",0.019076327795787,0.00109058687206053,0.0100834573339238
"DACT1",0.01842735671162,0.00170404198759457,0.0100656993496073
"THAP7",0.0164999106204506,0.00363098349921682,0.0100654470598337
"CYB5B",0.0199905717160649,0.000136323359007566,0.0100634475375362
"Ectoine",0.0201133662461145,0,0.0100566831230572
"NISCH",0.00146279027244469,0.0186504769590637,0.0100566336157542
"ZNRD1ASP",0.0143057252117835,0.00579701314143411,0.0100513691766088
"DHFR2",0.000670445541537149,0.0194165124749836,0.0100434790082604
"NOC2L",0.0198077229320093,0.000272646718015132,0.0100401848250122
"BACH2",0.0200729957681203,0,0.0100364978840601
"VPS8",0.0195244494159535,0.000545293436030264,0.0100348714259919
"ENSG00000228506.3",0.00713612515055839,0.0129248826598092,0.0100305039051838
"ATAD2B",0.0109809721881162,0.00907099963656465,0.0100259859123404
"ZNF714",0.0191587518478424,0.000886101833549179,0.0100224268406958
"C19orf12",0.0197677589675654,0.000272646718015132,0.0100202028427903
"DNAJC16",0.00647167983566952,0.0135610671491357,0.0100163734924026
"CASKIN2",0.00895764521889334,0.0110747193833062,0.0100161823010998
"NTPCR",0.019076327795787,0.000954263513052962,0.01001529565442
"SCAI",0.00079234473090754,0.0192347435893279,0.0100135441601177
"RP9P",0.0197522847368435,0.000272646718015132,0.0100124657274293
"GP1BA",0.0196803123431195,0.000340808397518915,0.0100105603703192
"DHRS1",0.00201133662461145,0.0180078333582598,0.0100095849914356
"LINC01719",0.0144885739958391,0.00552436642341898,0.010006470209629
"BRD9",0.00349811769496414,0.0164984784792757,0.00999829808711994
"MIA2",0.0013408910830743,0.0186504769590637,0.00999568402106902
"AMACR",0.0199905717160649,0,0.00999528585803245
"WTAP",0.007014225961188,0.012963800640169,0.0099890133006785
"TRIM32",0.00091424392027793,0.0190594470360864,0.00998684547818218
"ZNF584",0.0126600861552832,0.0073117141924211,0.00998590017385218
"COX10",0.00569230310363117,0.0142718592085066,0.00998208115606886
"HSD17B1-AS1",0.00435141202055687,0.0156059175342492,0.00997866477740302
"LDB1",0.0012799414883891,0.0186504769590637,0.00996520922372642
"MAP4K3",0.00483900877803843,0.0150800830883988,0.00995954593321862
"AQP3",0.000426647162796367,0.0194911332659648,0.00995889021438058
"VKORC1L1",0.00720307497189186,0.012710599691397,0.00995683733164441
"SELENON",0.019076327795787,0.000817940154045396,0.00994713397491619
"TTC19",0.019076327795787,0.000817940154045396,0.00994713397491619
"RNH1",0.0171758675615071,0.00267671998616386,0.00992629377383548
"TG 40:0",0,0.0198383191192134,0.0099191595596067
"TUBG1",0.019076327795787,0.000749778474541613,0.0099130531351643
"TIGAR",0.019076327795787,0.000749778474541613,0.0099130531351643
"KLHL30-AS1",0.0192037383846768,0.000613455115534047,0.00990859675010541
"ENSG00000260805.2",0.0198077229320093,0,0.00990386146600466
"FRYL",0.0189759030637868,0.000817940154045396,0.00989692160891609
"STIMATE-MUSTN1",0.0189759030637868,0.000817940154045396,0.00989692160891609
"AAAS",0.000731395136222344,0.0190594470360864,0.00989542108615439
"GTF2H4",0.00593610148237195,0.0138401729786282,0.00988813723050008
"PLA1A",0.0142502870166177,0.00552436642341898,0.00988732672001835
"PLCE1",0.00713612515055839,0.0126359789004158,0.00988605202548708
"MKNK2",0.00109709270433352,0.0186731931119194,0.00988514290812646
"RAPSN",0.0150371203480059,0.00470642626937358,0.00987177330868972
"LINC02541",0.00617989986111273,0.0135567522608595,0.00986832606098613
"STX12",0.0159513642682838,0.00376730685822439,0.00985933556325409
"P4HTM",0.0168981054449707,0.00281304334517143,0.00985557439507108
"GOLPH3L",0.000670445541537149,0.0190302585508166,0.00985035204617685
"NADK",0.0147039200363037,0.00499421708929248,0.00984906856279809
"FAM76B",0,0.0196956183044761,0.00984780915223807
"HM13",0.019076327795787,0.000613455115534047,0.00984489145566051
"ENSG00000272144.1",0.0189384655485658,0.000749778474541613,0.00984412201155371
"PDPN",0.0106152746200051,0.00907099963656465,0.00984313712828486
"MED13",0.00603903244622488,0.0136454174352068,0.00984222494071585
"ENSG00000288065.1",0.000609495946851953,0.0190594470360864,0.0098344714914692
"CYP4V2",0.0192591765798426,0.000408970077022698,0.00983407332843263
"RASSF5",0.000426647162796367,0.0192347435893279,0.00983069537606214
"MIR600HG",0.00201133662461145,0.017628051766507,0.00981969419555922
"ENSG00000244998.1",0.019076327795787,0.000545293436030264,0.00981081061590862
"SIDT2",0.00079234473090754,0.0188257735123052,0.00980905912160637
"ERAP1",0.01865519203251,0.000954263513052962,0.00980472777278149
"IGFBP2",0.0192591765798426,0.000340808397518915,0.00979999248868074
"ZMYND12",0.0192591765798426,0.000340808397518915,0.00979999248868074
"RBM4B",0.000548546352166758,0.0190302585508166,0.00978940245149166
"ADCY3",0.0179951981493042,0.00156771862858701,0.00978145838894563
"ZBED1",0.019076327795787,0.000477131756526481,0.00977672977615673
"ALAS1",0.019076327795787,0.000477131756526481,0.00977672977615673
"AP1AR",0.0192801622100839,0.000272646718015132,0.00977640446404951
"ENSG00000272195.1",0.00109709270433352,0.0184459919205524,0.00977154231244295
"RAB18",0.00207228621929664,0.017468999033707,0.0097706426265018
"CCDC66",0.00313242012685297,0.0164011415354389,0.00976678083114593
"PUM3",0.000853294325592735,0.0186731931119194,0.00976324371875606
"MAP3K20",0.0195244494159535,0,0.00976222470797677
"ENSG00000183889.12",0.0195244494159535,0,0.00976222470797677
"NPTN-IT1",0.0195244494159535,0,0.00976222470797677
"CBLN4",0.0184003708547304,0.00109058687206053,0.00974547886339548
"ZMYM3",0.0179072626977295,0.00156771862858701,0.00973749066315823
"COX20",0.000670445541537149,0.0188030573594496,0.00973675145049335
"SASH1",0.0182445079275644,0.00122691023106809,0.00973570907931626
"ZNF595",0.000426647162796367,0.0190302585508166,0.00972845285680646
"CFAP61",0.0182175220706748,0.00122691023106809,0.00972221615087147
"BRD3",0,0.0194392286278393,0.00971961431391963
"MIR29B2CHG",0.007014225961188,0.0124185072041387,0.00971636658266336
"TMEM63A",0.0182729602658406,0.00115874855156431,0.00971585440870247
"ENSG00000259976.3",0.015402817916117,0.00402480947433575,0.0097138136952264
"SIK3",0.000975193514963125,0.0184459919205524,0.00971059271775776
"CIDECP1",0.019076327795787,0.000340808397518915,0.00970856809665295
"FLAD1",0.019076327795787,0.000340808397518915,0.00970856809665295
"COQ10A",0.019076327795787,0.000340808397518915,0.00970856809665295
"MTRR",0.019076327795787,0.000340808397518915,0.00970856809665295
"CCDC186",0.00301052093748257,0.0164011415354389,0.00970583123646074
"MIR23AHG",0.000731395136222344,0.0186731931119194,0.00970229412407087
"ENSG00000278934.1",0.0153473797209513,0.00403995357623952,0.00969366664859539
"MED20",0.0193865871687324,0,0.00969329358436618
"FAM219A",0.01842735671162,0.000954263513052962,0.00969081011233649
"ENSG00000226281.5",0.00152373986712988,0.017855252957874,0.00968949641250194
"LRRC8B",0.0133090572394502,0.00606965985944924,0.00968935854944972
"JUP",0.00103614310964832,0.0183421826443013,0.00968916287697482
"ESRRG",0.015895926073118,0.00347951603830549,0.00968772105571175
"AKAP1",0.0052896467387428,0.0140673741699952,0.00967851045436901
"HMGCS1",0.000731395136222344,0.0186212884737939,0.0096763418050081
"HOXA11-AS",0.019076327795787,0.000272646718015132,0.00967448725690105
"TAF13",0.019076327795787,0.000272646718015132,0.00967448725690105
"FDX1",0.019076327795787,0.000272646718015132,0.00967448725690105
"ARSB",0.019076327795787,0.000272646718015132,0.00967448725690105
"TCERG1",0.00711813457929866,0.0122270088233931,0.00967257170134587
"PPM1A",0.0193416006318979,0,0.00967080031594897
"MIA3",0.000304747973425977,0.0190302585508166,0.00966750326212127
"COIL",0.018583219638786,0.000749778474541613,0.00966649905666381
"BORCS6",0.00349811769496414,0.0158331187256162,0.00966561821029015
"PWWP2A",0.00349811769496414,0.0158331187256162,0.00966561821029015
"QRICH2",0.000731395136222344,0.0185985723209382,0.00966498372858028
"APPL2",0.000670445541537149,0.0186504769590637,0.00966046125030044
"TIMM44",0.0183608957174154,0.000954263513052962,0.00965757961523419
"TP53INP2",0.011224770566857,0.00807990715247904,0.00965233885966803
"FOSL1",0.000609495946851953,0.0186731931119194,0.00964134452938567
"ZNF211",0.0172313057566729,0.00204485038511349,0.00963807807089319
"DIAPH1",0.0126600861552832,0.0066149532954795,0.00963751972538138
"ZNF445",0.000243798378740781,0.0190302585508166,0.00963702846477867
"SRP14",0.0192591765798426,0,0.00962958828992128
"LAMTOR5",0.0192591765798426,0,0.00962958828992128
"ALX4",0.0192591765798426,0,0.00962958828992128
"TOMM34",0.0192591765798426,0,0.00962958828992128
"TSPAN13",0.0189759030637868,0.000272646718015132,0.00962427489090095
"STAG3L4",0.0188215066180074,0.000408970077022698,0.00961523834751504
"TRMT11",0.000548546352166758,0.0186731931119194,0.00961086973204308
"KLHL11",0.007014225961188,0.0122042926705374,0.00960925931586271
"ENSG00000259244.1",0.00079234473090754,0.0184168034352825,0.00960457408309503
"gamma-Aminobutyric acid",0.0192041448982271,0,0.00960207244911354
"OST4",0.0180346732866193,0.00115874855156431,0.00959671091909178
"SLC7A6",0.00677042758244722,0.0124185072041387,0.00959446739329297
"CEBPD",0.0155302285050068,0.00363098349921682,0.00958060600211183
"SPIRE1",0.019076327795787,6.8161679503783e-05,0.00957224473764538
"NEXN",0.0146714227798947,0.00444892365326222,0.00956017321657846
"MRAS",0.00798941947615113,0.0111299628398551,0.00955969115800313
"OLIG1",0.000731395136222344,0.0183713711295712,0.00955138313289678
"ITGB1",0.0179237968962877,0.00115874855156431,0.00954127272392599
"DGKD",0,0.0190821631889421,0.00954108159447105
"ZCCHC2",0,0.0190821631889421,0.00954108159447105
"PDE10A",0,0.0190821631889421,0.00954108159447105
"PATZ1",0.000426647162796367,0.0186504769590637,0.00953856206093005
"TPRG1L",0.019076327795787,0,0.00953816389789349
"GTF3A",0.019076327795787,0,0.00953816389789349
"ICMT",0.019076327795787,0,0.00953816389789349
"HSPA9",0.019076327795787,0,0.00953816389789349
"MRPL18",0.019076327795787,0,0.00953816389789349
"GYS1",0.019076327795787,0,0.00953816389789349
"AAGAB",0.019076327795787,0,0.00953816389789349
"KRT31",0.019076327795787,0,0.00953816389789349
"ENSG00000268912.1",0.000853294325592735,0.0182123183967712,0.00953280636118195
"SLC7A1",0.00337621850559375,0.0156881788109931,0.00953219865829343
"GADD45G",0.0173587163455627,0.00170404198759457,0.00953137916657863
"DAAM1",0.00603903244622488,0.0130222328245828,0.00953063263540384
"ZNF493",0.00567333487811371,0.01337929826348,0.00952631657079684
"ATXN1L",0.00652662920370644,0.0125061146528856,0.00951637192829602
"STOML1",0,0.0190302585508166,0.00951512927540828
"HFE",0,0.0190302585508166,0.00951512927540828
"RAD54L2",0.0155302285050068,0.00349466014020926,0.00951244432260805
"SETD1B",0.00774562109741035,0.0112792044218175,0.00951241275961393
"USF3",0.000548546352166758,0.018468708073408,0.0095086272127874
"GRSF1",0.00569230310363117,0.013324054806931,0.00950817895528108
"TMEM185A",0.0149816821528401,0.00402480947433575,0.00950324581358791
"ZNF766",0.00079234473090754,0.0182123183967712,0.00950233156383935
"ZNF17",0.0146714227798947,0.00431260029425465,0.00949201153707467
"PPOX",0.0126600861552832,0.00630770348538068,0.00948389482033197
"ZNF395",0.000487596757481563,0.018468708073408,0.0094781524154448
"PPP1R3E",0.00591713325685449,0.0130222328245828,0.00946968304071865
"Citramalic acid",0.00469311879076004,0.0142457910162906,0.00946945490352534
"MAPK6",0.00593610148237195,0.012963800640169,0.00944995106127047
"NES",0.0179237968962877,0.000954263513052962,0.00943903020467032
"FANCF",0.00243798378740781,0.0164238576882946,0.00943092073785118
"MVK",0.0108315983147274,0.00803015995849158,0.00943087913660949
"POLR1C",0.0150696176044149,0.00376730685822439,0.00941846223131963
"LPC 16:1/0:0",0.00444932041201926,0.0143821143752982,0.00941571739365873
"GUCA1B",0,0.0188257735123052,0.0094128867561526
"ZNF622",0.00774562109741035,0.0110747193833062,0.00941017024035826
"ROCK1",0,0.0188030573594496,0.00940152867972478
"PHC3",0.0187930542797312,0,0.0093965271398656
"FRMPD1",0,0.0187803412065939,0.00939017060329695
"ZNF484",0.00079234473090754,0.0179851172054042,0.00938873096815585
"PLEKHF2",0.0057952340674841,0.012963800640169,0.00937951735382654
"STK4",0.00079234473090754,0.0179332125672786,0.00936277864909308
"ZNF774",0.000426647162796367,0.0182869391877524,0.00935679317527436
"SUMF2",0.000731395136222344,0.0179624010525485,0.00934689809438542
"UBE2M",0.0184827949067858,0.000204485038511349,0.00934363997264858
"GTF2IRD1",0.0179237968962877,0.000749778474541613,0.00933678768541464
"SLC20A1",0,0.0186731931119194,0.0093365965559597
"KLHL29",0.0134189559755241,0.00525171970540384,0.00933533784046395
"PARP10",0.0181170973386746,0.000545293436030264,0.00933119538735245
"CRYZL2P-SEC16B",0.000243798378740781,0.0184168034352825,0.00933030090701165
"POLR3E",0.01865519203251,0,0.00932759601625501
"HMGB3",0.01865519203251,0,0.00932759601625501
"ITGA2-AS1",0.000548546352166758,0.018082454149241,0.00931550025070388
"UBE3D",0.0182809880058978,0.000340808397518915,0.00931089820170838
"CHERP",0.0111028713774866,0.00750432551264124,0.00930359844506393
"LINC01001",0.0179072626977295,0.00068161679503783,0.00929443974638364
"CDCA7",0.00628283082496566,0.0123016296143743,0.00929223021966996
"PLA2G4F",0.00911650320504092,0.00943883907521537,0.00927767114012815
"ADGRF5",0.0180616591435088,0.000408970077022698,0.00923531461026577
"DIXDC1",0,0.018468708073408,0.00923435403670402
"GLCCI1",0,0.018468708073408,0.00923435403670402
"NEDD9",0.0094452419763749,0.00900388246172446,0.00922456221904968
"DST",0.01842735671162,0,0.00921367835581001
"LNPK",0.0083551170442623,0.0100620921206503,0.00920860458245628
"ENSG00000279825.1",0.0179237968962877,0.000477131756526481,0.00920046432640708
"SBK1",0.000304747973425977,0.018082454149241,0.00919360106133349
"DDX54",0,0.0183713711295712,0.0091856855647856
"EXOSC5",0.0183608957174154,0,0.00918044785870771
"OR10AB1P",0.0175970033247841,0.000749778474541613,0.00917339089966284
"ENSG00000279759.1",0.0092753611911885,0.00907099963656465,0.00917318041387658
"PARP16",0.0143057252117835,0.00403995357623952,0.00917283939401152
"RTEL1-TNFRSF6B",0.0177244139136739,0.000613455115534047,0.00916893451460396
"HIC2",0.00847701623363269,0.00983919259662259,0.00915810441512764
"NEAT1",0.000426647162796367,0.0178779823316665,0.00915231474723142
"ENSG00000287315.1",0.0140034935788954,0.00429745619235088,0.00915047488562312
"ENSG00000262855.1",0.00640473001433605,0.0118926595373516,0.0091486947758438
"DUSP14",0,0.0182869391877524,0.00914346959387618
"CDK6",0.0171204293663413,0.00115874855156431,0.00913958895895282
"PRDX2",0.0101766371125972,0.00803015995849158,0.00910339853554441
"PDHA1",0.0101766371125972,0.00803015995849158,0.00910339853554441
"FGFR4",0.000731395136222344,0.0174690122546438,0.00910020369543306
"CHST3",0.0012799414883891,0.0169150890420612,0.00909751526522516
"ENSG00000285564.2",0.00798941947615113,0.0101615865086252,0.00907550299238816
"NLGN4Y",0.0170484569726173,0.00109058687206053,0.00906952192233892
"CDKN1A",0.0012799414883891,0.0168328277653173,0.00905638462685318
"MARCHF6",0.0171419038237115,0.000954263513052962,0.00904808366838224
"ENSG00000286215.1",0.018090111481785,0,0.00904505574089252
"TPI1",0.0118832257637827,0.00620598321845681,0.00904460449111976
"ATF1",0.000548546352166758,0.017533903550535,0.00904122495135088
"TRO",0.00301052093748257,0.0150670832096963,0.00903880207358944
"RNF114",0.00591713325685449,0.0121523880324119,0.00903476064463318
"TMEM19",0,0.0180597379963853,0.00902986899819267
"ETFDH",0.0039857144524457,0.0140673741699952,0.00902654431122045
"SEPTIN7P2",0.0173032781503969,0.000749778474541613,0.00902652831246926
"RBBP8",0.00121899189370391,0.0168328277653173,0.00902590982951058
"C17orf113",0,0.0180370218435297,0.00901851092176485
"MTMR9",0.0180346732866193,0,0.00901733664330963
"SNRK",0.00981790731670699,0.00821623051148661,0.0090170689140968
"GUSBP11",0.00374191607370492,0.0142718592085066,0.00900688764110574
"CNST",0.00811131866552152,0.0098932546788862,0.00900228667220386
"NNT-AS1",0.0177244139136739,0.000272646718015132,0.0089985303158445
"GPATCH4",0.000731395136222344,0.0172645139951956,0.00899795456570898
"SMPDL3A",0.00821522728363218,0.00975693131987863,0.00898607930175541
"KDM4A",0.00115804229901871,0.0168101116124616,0.00898407695574015
"AMY2B",0.0144885739958391,0.00347951603830549,0.0089840450170723
"DIPK1A",0.0135188918803954,0.00444892365326222,0.0089839077668288
"MOCS1",0.0119561657030794,0.00600476856355801,0.00898046713331869
"CCRL2",0.0172638030130819,0.00068161679503783,0.00897270990405987
"BLOC1S5",0.000731395136222344,0.0171898932042144,0.00896064417021838
"ENSG00000268575.1",0.000243798378740781,0.0176507679193626,0.00894728314905171
"SPNS1",0.0169930187774515,0.000886101833549179,0.00893956030550035
"HPS1",0,0.0178779691107297,0.00893898455536483
"PBX2",0.0170484569726173,0.000817940154045396,0.00893319856333135
"CDH15",0.0121999640818201,0.00566068978242654,0.00893032693212334
"KCTD9",0.00152373986712988,0.01631670959362,0.00892022473037497
"FBXO34",0.000304747973425977,0.017533903550535,0.00891932576198049
"ENSG00000260261.2",0.0139400276436723,0.00388848611532818,0.00891425687950027
"HACD1",0.00689232677181761,0.0109297794686831,0.00891105312025037
"RAB11A",0.00455825160252046,0.0132494340159498,0.00890384280923514
"ENSG00000281969.1",0.000426647162796367,0.0173716620898701,0.00889915462633324
"SNX6",0.0173857022024523,0.000408970077022698,0.0088973361397375
"CENATAC",0.0177244139136739,6.8161679503783e-05,0.00889628779658883
"MTRES1",0.0149816821528401,0.00279789924326766,0.00888979069805387
"ENSG00000226252.1",0.0094452419763749,0.00832226566668663,0.00888375382153077
"SLC35E3",0.0013408910830743,0.0164238576882946,0.00888237438568443
"AFAP1",0.00091424392027793,0.0168328277653173,0.00887353584279759
"ENSG00000229425.4",0.01665430706623,0.00109058687206053,0.00887244696914524
"NPIPB3",0,0.0177416589726589,0.00887082948632945
"YWHAZ",0.0122943885871721,0.00540318716631518,0.00884878787674363
"SLC8B1",0.00422951283118648,0.0134539190544612,0.00884171594282382
"C20orf96",0.00170658865118547,0.0159629829731463,0.0088347858121659
"GTDC1",0.00121899189370391,0.0164465738411502,0.00883278286742706
"Hydroxyoctanoic acid",0,0.0176538749914798,0.0088269374957399
"NOS2",0.00121899189370391,0.0164238576882946,0.00882142479099923
"DDX5",0.00720307497189186,0.0104342332266403,0.00881865409926609
"MYL12B",0.000365697568111172,0.0172645139951956,0.00881510578165339
"CSF1",0.0146714227798947,0.00294936670417899,0.00881039474203684
"TAS2R4",0.015402817916117,0.00218117374412105,0.00879199583011905
"HFM1",0.00362001688433453,0.013937509922465,0.00877876340339979
"DTNBP1",0.0162616236412292,0.00129507191057188,0.00877834777590053
"DUSP19",0.00565534430685398,0.0118926595373516,0.00877400192210277
"CYP4F35P",0.00091424392027793,0.0166283427268059,0.00877129332354192
"HMBS",0.00492394917063163,0.0126132627475601,0.00876860595909587
"PIGL",0.000548546352166758,0.0169626920128474,0.00875561918250709
"CBX7",0.0117458422350053,0.00576241004935042,0.00875412614217787
"PRDM8",0.000243798378740781,0.01724179784234,0.00874279811054037
"ADAM19",0,0.017468999033707,0.00873449951685348
"ALG14",0.0171204293663413,0.000340808397518915,0.00873061888193012
"STXBP4",0.000243798378740781,0.0171898932042144,0.0087168457914776
"LARP1B",0.0136627543542648,0.00376730685822439,0.00871503060624461
"LINC00930",0.000548546352166758,0.0168555439181729,0.00870204513516983
"MRPL44",0.0164444724252848,0.000954263513052962,0.00869936796916886
"CTSD",0.0168981054449707,0.000477131756526481,0.00868761860074861
"PMS1",0.0119561657030794,0.00540318716631518,0.00867967643469727
"SFXN4",0.00569230310363117,0.0116654583459846,0.00867888072480786
"IGSF9B",0.0115904681349682,0.00576241004935042,0.00867643909215931
"OVGP1",0.000121899189370391,0.0172190816894843,0.00867049043942734
"USP49",0.0130257837233944,0.00431260029425465,0.00866919200882454
"TINAGL1",0.0106152746200051,0.00671667356240338,0.00866597409120422
"SEC24A",0.00689232677181761,0.0104385481149165,0.00866543744336704
"ENSG00000289444.1",0,0.0173197574517446,0.00865987872587229
"ZNF555",0,0.0173164186333211,0.00865820931666057
"RAB15",0.00480204998126124,0.0125061146528856,0.00865408231707342
"ENSG00000260604.2",0.0173032781503969,0,0.00865163907519845
"ENSG00000286067.1",0.0173032781503969,0,0.00865163907519845
"MIR99AHG",0.000426647162796367,0.0168555439181729,0.00864109554048464
"REXO4",0.0126875608393017,0.00458524701226978,0.00863640392578575
"SNHG8",0.01665430706623,0.000613455115534047,0.008633881090882
"ENSG00000226380.9",0.000426647162796367,0.0168328277653173,0.00862973746405681
"IFITM3",0.000426647162796367,0.0168328277653173,0.00862973746405681
"SEC61B",0.000426647162796367,0.0168328277653173,0.00862973746405681
"ZNF548",0.00823321785489191,0.00900388246172446,0.00861855015830819
"SLC25A12",0.000670445541537149,0.0165537219358247,0.00861208373868093
"PPIL3",0.0157130772890624,0.00149955694908323,0.00860631711907282
"AMPD3",0.00170658865118547,0.0154987694395747,0.00860267904538006
"KIDINS220",0.016317061836395,0.000886101833549179,0.00860158183497207
"SRSF1",0.00736193295803945,0.00983919259662259,0.00860056277733102
"HNRNPL",0.00544850472489039,0.0117368904091009,0.00859269756699564
"TPH1",0.0100057786731531,0.00716024673150977,0.00858301270233144
"ASB10",0.00447331120992726,0.0126911539221539,0.00858223256604056
"CREBBP",0.00725802433992878,0.0098932546788862,0.00857563950940749
"KBTBD2",0.0168101699933959,0.000340808397518915,0.00857548919545743
"PRKD3",0.0171419038237115,0,0.00857095191185575
"MITD1",0.000548546352166758,0.0165926951300586,0.00857062074111269
"PRMT6",0.00616093163559527,0.0109795266626706,0.00857022914913292
"FEZ2",0.0164444724252848,0.00068161679503783,0.0085630446101613
"MEGF10",0.0161667103087484,0.000954263513052962,0.00856048691090067
"RNF10",0.0171204293663413,0,0.00856021468317066
"FAF2",0.00121899189370391,0.0158980232424442,0.00855850756807406
"RYBP",0.011834266513709,0.00526686380730761,0.00855056516050829
"CNNM3",0.00103614310964832,0.0160376037641275,0.00853687343688792
"MYC",0.00422951283118648,0.012838306494789,0.00853390966298776
"SNX14",0.0066305378218171,0.0104342332266403,0.00853238552422871
"IL17RC",0.00435141202055687,0.012710599691397,0.00853100585597691
"CIART",0.0115629934509497,0.00548976333133529,0.00852637839114251
"TIAM2",0.0109809721881162,0.00606965985944924,0.00852531602378274
"RND3",0.0109809721881162,0.00606965985944924,0.00852531602378274
"NAT9",0.0109809721881162,0.00606965985944924,0.00852531602378274
"Tetracosapentaenoic acid",0,0.0170404198759457,0.00852020993797287
"STRADA",0,0.0170373128038286,0.0085186564019143
"THAP9-AS1",0.0166273212093404,0.000408970077022698,0.00851814564318152
"FXN",0.0168981054449707,0.000136323359007566,0.00851721440198915
"SLBP",0.000609495946851953,0.0164238576882946,0.00851667681757325
"SLC9B2",0.000182848784055586,0.0168328277653173,0.00850783827468642
"LYPLAL1",0.0150371203480059,0.00197668870560971,0.00850690452680779
"TMEM223",0.0117458422350053,0.00525171970540384,0.00849878097020458
"PRPF40B",0.00115804229901871,0.0158331187256162,0.00849558051231744
"NUP153",0.0161667103087484,0.000817940154045396,0.00849232523139689
"PKN2-AS1",0.000426647162796367,0.0165537219358247,0.00849018454931054
"SLC35C2",0.000731395136222344,0.0162420888026389,0.0084867419694306
"Hydroxydodecanoic acid",0,0.016972258196442,0.00848612909822098
"FBXO32",0.0148542715639503,0.00211301206461727,0.00848364181428378
"SF3A3",0.00109709270433352,0.0158331187256162,0.00846510571497484
"ABCC2",0.00603903244622488,0.0108702343447948,0.00845463339550985
"SIRT5",0.000731395136222344,0.0161674680116577,0.00844943157394001
"C8orf82",0.0168981054449707,0,0.00844905272248537
"TANK",0.0168656081885617,0,0.00843280409428086
"HNRNPH1",0,0.0168653418480738,0.00843267092403688
"DYNC2I1",0,0.0168653418480738,0.00843267092403688
"RBM12B-AS1",0,0.0168328277653173,0.00841641388265863
"LUCAT1",0,0.0168328277653173,0.00841641388265863
"APOL1",0,0.0168328277653173,0.00841641388265863
"TRIB2",0,0.0168328277653173,0.00841641388265863
"FGR",0,0.0168328277653173,0.00841641388265863
"ARF4",0.011834266513709,0.00499421708929248,0.00841424180150073
"CD47",0.0155856667001726,0.00122691023106809,0.00840628846562036
"HOXA5",0,0.0168101116124616,0.0084050558062308
"CPEB2",0.00689232677181761,0.0098932546788862,0.00839279072535191
"THAP11",0,0.0167809231271917,0.00839046156359586
"ZNF528",0,0.0167809231271917,0.00839046156359586
"DHRS7",0.00109709270433352,0.0156805383252303,0.00838881551478193
"DLEU2",0.0156791135512668,0.00109058687206053,0.00838485021166368
"PGP",0.00569230310363117,0.0110747193833062,0.00838351124346867
"CDV3",0.00569230310363117,0.0110747193833062,0.00838351124346867
"BAG4",0.0162886094981188,0.000477131756526481,0.00838287062732263
"TUBB4B",0,0.0167256796706427,0.00836283983532137
"FAM32A",0.00349811769496414,0.0132267178630942,0.00836241777902915
"PFKFB1",0.0109809721881162,0.00573212184554288,0.00835654701682956
"HERPUD2",0.0126875608393017,0.00402480947433575,0.00835618515681873
"RITA1",0.000670445541537149,0.0160376037641275,0.00835402465283233
"KDM5A",0.00640473001433605,0.0102979098676327,0.0083513199409844
"SSB",0.00652662920370644,0.0101615865086252,0.00834410785616581
"FHIP1A",0.0159229119300076,0.000749778474541613,0.00833634520227461
"PUM1",0.0159229119300076,0.000749778474541613,0.00833634520227461
"APBB2",0.00744687335063264,0.00921163788384837,0.00832925561724051
"SUV39H1",0.0152199691320615,0.00143139526957944,0.00832568220082045
"HIF1A",0,0.0166510588796616,0.00832552943983078
"ENGASE",0.000426647162796367,0.0162193726497832,0.00832300990628979
"ZNF207",0.0012799414883891,0.0153527298064139,0.00831633564740152
"G3BP2",0.0012799414883891,0.0153527298064139,0.00831633564740152
"FAM241A",0.007014225961188,0.00961629307259492,0.00831525951689146
"MASP2",0,0.0166283427268059,0.00831417136340295
"FLJ20021",0,0.0166283427268059,0.00831417136340295
"RAB40C",0.00195038702992625,0.0146581131326736,0.00830425008129993
"TGFB2-AS1",0.0117458422350053,0.00485789373028492,0.00830186798264512
"TNFRSF12A",0.00109709270433352,0.0154987694395747,0.00829793107195408
"MRNIP",0.0125656616499313,0.00402480947433575,0.00829523556213354
"SAT1",0,0.016579640037482,0.00828982001874102
"TSNAX",0,0.016579640037482,0.00828982001874102
"ZNF792",0,0.0165764380886804,0.00828821904434019
"EXOC3L2",0,0.0165764380886804,0.00828821904434019
"IFFO1",0.000731395136222344,0.0158331187256162,0.00828225693091925
"ATAD1",0.00569230310363117,0.0108702343447948,0.00828126872421299
"AEN",0.00875080563692975,0.00780726043446391,0.00827903303569683
"Lactic acid",0.00816724568781618,0.00838388657896531,0.00827556613339074
"NUDT19",0.0162061854460634,0.000340808397518915,0.00827349692179115
"ZFP3",0.00140184067775949,0.0151450428191009,0.00827344174843021
"ADIPOR2",0.00664852839307683,0.0098932546788862,0.00827089153598152
"USP36",0.00227912580126023,0.0142621429343534,0.00827063436780682
"KANTR",0.000853294325592735,0.0156805383252303,0.00826691632541154
"ENSG00000273554.4",0.0109809721881162,0.00553951052532275,0.00826024135671949
"ASNSD1",0.00301052093748257,0.0135091625110101,0.00825984172424636
"GPR61",0.000670445541537149,0.0158331187256162,0.00825178213357666
"KIF9-AS1",0.000609495946851953,0.0158850233637417,0.00824725965529682
"BTBD3",0.015402817916117,0.00109058687206053,0.00824670239408878
"CBFA2T3",0.0147039200363037,0.00177220366709836,0.00823806185170103
"CTSC",0.00079234473090754,0.0156805383252303,0.00823644152806894
"LPE 20:3",0.0164664357097838,0,0.00823321785489191
"STARD7-AS1",0.007014225961188,0.00943883907521537,0.00822653251820169
"ZFAS1",0.007014225961188,0.00943883907521537,0.00822653251820169
"RFC1",0.0164444724252848,0,0.00822223621264238
"DMAC2",0.00577724349622437,0.0106657493062835,0.00822149640125392
"ENSG00000267364.3",0.000426647162796367,0.0160148876112719,0.00822076738703411
"TCF25",0.000426647162796367,0.0160148876112719,0.00822076738703411
"OSMR",0.0159513642682838,0.000477131756526481,0.00821424801240514
"EXOSC9",0.0160787748571736,0.000340808397518915,0.00820979162734625
"SM 18:1;O2/18:1",0.0164004635427081,0,0.00820023177135404
"PCDHB12",0.0157130772890624,0.00068161679503783,0.00819734704205012
"SEC31B",0.00713612515055839,0.00925707018955968,0.00819659767005904
"REEP2",0.00079234473090754,0.0155832013813935,0.00818777305615052
"SYT2",0.00652662920370644,0.00984780915223807,0.00818721917797225
"CRK",0.00591713325685449,0.0104385481149165,0.00817784068588547
"SLC25A29",0.000182848784055586,0.0161706699604593,0.00817675937225746
"ZNF2",0.000853294325592735,0.0154987694395747,0.00817603188258369
"PINX1",0.00677042758244722,0.00957946410156227,0.00817494584200474
"MEX3C",0.00713612515055839,0.00921163788384837,0.00817388151720338
"TNFRSF10D",0.0123218632711905,0.00402480947433575,0.00817333637276314
"SM 42:3;O2",0.00371792527579692,0.0126099107081998,0.00816391799199838
"RCL1",0.000426647162796367,0.0158980232424442,0.00816233520262029
"THOC6",0,0.01631670959362,0.00815835479681002
"KCNS3",0.0153473797209513,0.000954263513052962,0.00815082161700211
"ENSG00000280138.1",0.00786055251455982,0.00843913003551428,0.00814984127503705
"SVIL",0.0162886094981188,0,0.00814430474905939
"CMKLR1",0.0118352441679667,0.00444892365326222,0.00814208391061446
"KIF5C",0.0162616236412292,0,0.00813081182061459
"NDUFS1",0.00516774754937241,0.0110747193833062,0.00812123346633929
"RAI2",0.00435141202055687,0.0118840429817361,0.00811772750114647
"TRAPPC4",0,0.0162193726497832,0.0081096863248916
"SNX1",0.00642369823985351,0.00978944540263513,0.00810657182124432
"PPM1K",0.000731395136222344,0.015476053286719,0.00810372421147067
"PNPLA8",0.00640473001433605,0.00980236362558994,0.008103546819963
"USP28",0.0146714227798947,0.00149955694908323,0.00808548986448896
"CENPC",0,0.0161706699604593,0.00808533498022967
"AFF4",0.00170658865118547,0.0144633575892522,0.00808497312021884
"RNF115",0.000670445541537149,0.0154987694395747,0.0080846074905559
"SM 32:2;O2",0.0161667103087484,0,0.00808335515437419
"C17orf75",0.00516774754937241,0.0109773824394693,0.00807256499442087
"CALCOCO1",0.00188943743524106,0.0142491430556509,0.00806929024544598
"ATF4",0.0150371203480059,0.00109058687206053,0.0080638536100332
"CDK5RAP2",0.00483900877803843,0.0112792044218175,0.00805910659992797
"EEPD1",0.0158404878779522,0.000272646718015132,0.00805656729798367
"SH3D19",0.0157685154842282,0.000340808397518915,0.00805466194087356
"USP6",0.000426647162796367,0.0156805383252303,0.00805359274401336
"PYGO2",0.000426647162796367,0.0156805383252303,0.00805359274401336
"E2F3",0.0080194105007074,0.00807990715247904,0.00804965882659322
"BMI1",0.0108315983147274,0.00526686380730761,0.0080492310610175
"DDX24",0.0111028713774866,0.00499421708929248,0.00804854423338956
"PRRC2C",0.0147988333687845,0.00129507191057188,0.00804695263967818
"ZNF30",0.0147988333687845,0.00129507191057188,0.00804695263967818
"HNRNPA0",0.000731395136222344,0.0153527298064139,0.00804206247131815
"UQCRC1",0.0039857144524457,0.0120971445758629,0.0080414295141543
"MEX3B",0.0149816821528401,0.00109058687206053,0.0080361345124503
"SIRT1",0.000853294325592735,0.0152164064474064,0.00803485038649956
"ZNF254",0.000975193514963125,0.015089799362552,0.00803249643875754
"GJD2-DT",0.0125656616499313,0.00349466014020926,0.00803016089507029
"PLEKHO1",0.000426647162796367,0.0156286336871048,0.00802764042495059
"STYXL1",0.016044811119378,0,0.008022405559689
"CRBN",0.000975193514963125,0.0150670832096963,0.00802113836232971
"NPIPB11",0.0156791135512668,0.000340808397518915,0.00800996097439287
"EZH1",0.0156791135512668,0.000340808397518915,0.00800996097439287
"ALDH3A2",0.015402817916117,0.000613455115534047,0.00800813651582554
"ZNF576",0.01320863250745,0.00279789924326766,0.00800326587535883
"BSN",0.0151645309368957,0.000817940154045396,0.00799123554547053
"TMEM170A",0.00170658865118547,0.0142718592085066,0.00798922392984601
"PC 38:4",0.0159687938075212,0,0.00798439690376059
"N-Acetyl-D-tryptophan",0.0159687938075212,0,0.00798439690376059
"INO80C",0.0147988333687845,0.00115874855156431,0.0079787909601744
"NCAPH2",0.0147988333687845,0.00115874855156431,0.0079787909601744
"ANO5",0.0159513642682838,0,0.0079756821341419
"FDFT1",0.0115175281956715,0.00443377955135845,0.007975653873515
"CPM",0.0013408910830743,0.0146062084945481,0.00797354978881118
"SGSH",0.00410761364181609,0.0118180387463704,0.00796282619409323
"DNAJA4",0.000426647162796367,0.0154987694395747,0.00796270830118551
"SPNS2",0.0117458422350053,0.00417627693524709,0.0079610595851262
"ZFYVE9",0.0144885739958391,0.00143139526957944,0.00795998463270928
"HLA-DQB1",0.0151645309368957,0.000749778474541613,0.00795715470571864
"NIT1",0.015435315172526,0.000477131756526481,0.00795622346452626
"DYNC1H1",0.015895926073118,0,0.007947963036559
"ZNF550",0.0147988333687845,0.00109058687206053,0.00794471012042251
"SPEG",0.0143057252117835,0.00156771862858701,0.00793672192018527
"INPP5E",0.000182848784055586,0.0156805383252303,0.00793169355464297
"RASA3",0.0119561657030794,0.00390363021723195,0.00792989796015566
"PRPF4B",0.00091424392027793,0.0149437597293912,0.00792900182483459
"LBX1-AS1",0.000487596757481563,0.0153527298064139,0.00792016328194775
"BBC3",0,0.0158331187256162,0.00791655936280808
"FBXO31",0.0057952340674841,0.0100295780378938,0.00791240605268893
"ZNF696",0.0148542715639503,0.000954263513052962,0.00790426753850162
"ZKSCAN1",0.00410761364181609,0.0116979724287411,0.00790279303527857
"SIVA1",0.0149816821528401,0.000817940154045396,0.00789981115344274
"SEC14L5",0.000731395136222344,0.0150670832096963,0.00789923917295932
"PSMF1",0.00152373986712988,0.0142718592085066,0.00789779953781822
"M6PR",0.0142722503011168,0.00149955694908323,0.00788590362510001
"RALGAPA1P1",0.0157685154842282,0,0.00788425774211411
"C9orf72",0.00798941947615113,0.00777697223065637,0.00788319585340375
"GLI4",0.000670445541537149,0.015089799362552,0.00788012245204455
"SBF1",0.0142502870166177,0.00149955694908323,0.00787492198285048
"PDCL3P4",0.000731395136222344,0.0150151785715708,0.00787328685389656
"RPUSD3",0.0107371738093755,0.00497907298738871,0.00785812339838209
"ADCK1",0.000426647162796367,0.0152715682482076,0.00784910770550201
"ZNF320",0.0152199691320615,0.000477131756526481,0.00784855044429397
"MAX",0.0057952340674841,0.0098932546788862,0.00784424437318515
"EXO5",0.000670445541537149,0.0150151785715708,0.00784281205655396
"RNF19B",0.00603903244622488,0.00964332411372672,0.0078411782799758
"QTRT2",0.015402817916117,0.000272646718015132,0.00783773231706609
"MRPS18B",0.0039857144524457,0.0116881744988402,0.00783694447564295
"DCTPP1",0.00386381526307531,0.0117953225935147,0.00782956892829501
"PTTG1IP",0.0057952340674841,0.00984780915223807,0.00782152160986108
"TMEM41A",0.0149477184150445,0.00068161679503783,0.00781466760504115
"ACTG1",0.000609495946851953,0.0150086510252825,0.00780907348606721
"STX16",0.0121115398031165,0.00349466014020926,0.00780309997166287
"DNAJC14",0,0.0156059175342492,0.00780295876712458
"CDC23",0.00574028469944717,0.00984780915223807,0.00779404692584262
"ATR",0.00862890644755936,0.00695903207661097,0.00779396926208517
"OSBPL8",0.0150371203480059,0.000545293436030264,0.00779120689201807
"Uracil",0.00201133662461145,0.0135674446048654,0.00778939061473841
"CTNNBIP1",0.0139400276436723,0.00163588030809079,0.00778795397588157
"CHAD",0.0148258192256741,0.000749778474541613,0.00778779885010785
"ENSG00000198555.7",0.0052896467387428,0.0102567792292608,0.00777321298400179
"NPIPB5",0.00121899189370391,0.0143270342302446,0.00777301306197428
"TPST2",0.0142502870166177,0.00129507191057188,0.0077726794635948
"EIF4G1",0.015402817916117,0.000136323359007566,0.0077695706375623
"PBRM1",0.0155302285050068,0,0.00776511425250342
"TTC4P1",0.0155302285050068,0,0.00776511425250342
"NLGN3",0.0149816821528401,0.000545293436030264,0.00776348779443517
"RAB24",0.0149816821528401,0.000545293436030264,0.00776348779443517
"HBEGF",0.00640473001433605,0.00912074683055211,0.00776273842244408
"ALKBH4",0.0128429349393388,0.00267671998616386,0.00775982746275135
"FAAHP1",0.0117458422350053,0.00376730685822439,0.00775657454661485
"USP15",0.000853294325592735,0.0146581131326736,0.00775570372913317
"SLC40A1",0.0151645309368957,0.000340808397518915,0.00775266966720729
"KCP",0,0.0154987694395747,0.00774938471978733
"CDK4",0,0.0154987694395747,0.00774938471978733
"LAMTOR1",0.0117458422350053,0.00375216275632062,0.00774900249566297
"AKT1",0.0117458422350053,0.00375216275632062,0.00774900249566297
"COL4A4",0.000426647162796367,0.0150670832096963,0.00774686518624633
"INPPL1",0.0026448233693714,0.0128404639389271,0.00774264365414926
"XRCC6",0.0106272750733016,0.00485789373028492,0.00774258440179326
"MYZAP",0.0153473797209513,0.000136323359007566,0.00774185153997941
"RHOT1",0,0.015476053286719,0.0077380266433595
"ZNF252P",0.0039857144524457,0.0114836894603289,0.00773470195638728
"MCTS1",0.00520470634614961,0.0102567792292608,0.00773074278770519
"FLRT1",0.000426647162796367,0.0150151785715708,0.00772091286718357
"PPDPF",0.015435315172526,0,0.00771765758626302
"NUDT9",0.00455825160252046,0.0108702343447948,0.00771424297365764
"CCDC62",0,0.0154241486485935,0.00771207432429673
"IQCC",0,0.015415532092978,0.00770776604648899
"FBRS",0.0111028713774866,0.00431260029425465,0.00770773583587064
"CD320",0.0143057252117835,0.00109058687206053,0.00769815604192203
"TPD52L1",0.00182848784055586,0.0135567522608595,0.00769262005070769
"EPS15L1",0.00471710958866804,0.0106657493062835,0.00769142944747575
"RFTN1",0.0144885739958391,0.000886101833549179,0.00768733791469414
"ENSG00000272078.1",0.00823321785489191,0.00712564363942608,0.007679430747159
"SNX19",0.00798245170393021,0.00736800215363367,0.00767522692878194
"RRP1B",0.0153473797209513,0,0.00767368986047563
"TTC38",0.0147988333687845,0.000545293436030264,0.00767206340240738
"RAVER1",0.00811131866552152,0.00723167879462611,0.00767149873007381
"TMEM81",0.0142502870166177,0.00109058687206053,0.00767043694433913
"IRX3",0.000548546352166758,0.0147879773802038,0.00766826186618526
"C12orf73",0.00569230310363117,0.00964332411372672,0.00766781360867894
"BMPR1A",0.000304747973425977,0.0150086510252825,0.00765669949935423
"GBP1",0.00981093954448607,0.00548976333133529,0.00765035143791068
"ZNF121",0.00677042758244722,0.00852570620053439,0.0076480668914908
"PUSL1",0.0124772373712277,0.00281304334517143,0.00764514035819954
"MT-ND1",0.000426647162796367,0.014862598171185,0.00764462266699066
"TCEANC2",0,0.0152715682482076,0.00763578412410382
"IARS1",0.0149816821528401,0.000272646718015132,0.0076271644354276
"SPATS2L",0.00170658865118547,0.0135285398454424,0.00761756424831391
"ENSG00000247679.3",0.00225513500335223,0.0129703281864573,0.00761273159490475
"USPL1",0.00591713325685449,0.00930681738354713,0.00761197532020081
"ACAD10",0.0141228764277279,0.00109058687206053,0.00760673164989423
"NPIPB4",0.000609495946851953,0.0145996809482598,0.00760458844755587
"BRIX1",0.0151915167937853,0,0.00759575839689263
"C2orf49",0.0106152746200051,0.00457010291036601,0.00759268876518554
"CCDC154",0.0147039200363037,0.000477131756526481,0.00759052589641509
"MROH7",0.0083551170442623,0.00682270871760341,0.00758891288093285
"PE O-40:5",0.0151764490766136,0,0.00758822453830682
"N-Acetylvaline",0.0151764490766136,0,0.00758822453830682
"KAT2A",0.00614294106433554,0.00902986899819267,0.00758640503126411
"TSPOAP1",0.0151645309368957,0,0.00758226546844783
"HSDL2",0.00109709270433352,0.0140673741699952,0.00758223343716436
"ARID4A",0.00109709270433352,0.0140673741699952,0.00758223343716436
"ENSG00000270504.1",0.0146714227798947,0.000477131756526481,0.00757427726821059
"CIPC",0.00750182271866957,0.0076406488716488,0.00757123579515918
"PI4KB",0.000670445541537149,0.0144633575892522,0.00756690156539468
"ATP6V0B",0.0143057252117835,0.000817940154045396,0.00756183268291446
"FOS",0.000609495946851953,0.0145110157739125,0.00756025586038222
"dUMP",0.00816724568781618,0.00695249130938586,0.00755986849860102
"AMIGO3",0.0117458422350053,0.00335833678120169,0.0075520895081035
"SCN3B",0.0144885739958391,0.000613455115534047,0.00755101455568658
"ENSG00000288924.1",0.00146279027244469,0.0136356879401169,0.00754923910628077
"GZF1",0.00677042758244722,0.00832226566668663,0.00754634662456693
"DNAJC13",0.000426647162796367,0.0146581131326736,0.00754238014773498
"GATAD1",0,0.0150670832096963,0.00753354160484815
"LINC01894",0,0.0150670832096963,0.00753354160484815
"CBARP",0.000975193514963125,0.0140673741699952,0.00752128384247917
"THUMPD3",0.0150371203480059,0,0.00751856017400293
"MRPS12",0.0101766371125972,0.00485789373028492,0.00751726542144108
"PIP5K1C",0.0057952340674841,0.00923435403670402,0.00751479405209406
"ART5",0.00313242012685297,0.0118926595373516,0.00751253983210226
"LRP12",0.0146159845847289,0.000408970077022698,0.0075124773308758
"CCDC174",0.000975193514963125,0.0140446580171396,0.00750992576605134
"PALB2",0.0146714227798947,0.000340808397518915,0.0075061155887068
"LINC00115",0.00933031055922543,0.00567583388433031,0.00750307222177787
"ENSG00000260542.1",0.0135743300755612,0.00143139526957944,0.00750286267257031
"ANKH",0.0142502870166177,0.000749778474541613,0.00750003274557967
"TNFSF14",0.0142502870166177,0.000749778474541613,0.00750003274557967
"3-Hydroxybenzoic acid",0,0.0149955694908323,0.00749778474541613
"EIF3A",0.0145160486798576,0.000477131756526481,0.00749659021819203
"CAP2",0.0108315983147274,0.00416113283334332,0.00749636557403535
"B3GNT5",0.0054115459281132,0.00957946410156227,0.00749550501483773
"PLK3",0.000609495946851953,0.0143746924149049,0.00749209418087843
"PPP1R15A",0.000609495946851953,0.0143746924149049,0.00749209418087843
"UPF2",0.00410761364181609,0.0108702343447948,0.00748892399330545
"LINC02421",0.00109709270433352,0.0138628891314839,0.00747999091790869
"CHD2",0.0102495770518939,0.00470642626937358,0.00747800166063374
"G3BP1",0.0143382224681925,0.000613455115534047,0.00747583879186329
"CDK9",0.00591713325685449,0.00902986899819267,0.00747350112752358
"SPATA25",0.0146714227798947,0.000272646718015132,0.00747203474895491
"CD58",0.0146714227798947,0.000272646718015132,0.00747203474895491
"ZNF189",0,0.0149437597293912,0.00747187986469562
"SPTSSA",0.00887270482630014,0.00606965985944924,0.00747118234287469
"TMEM255B",0.000670445541537149,0.0142718592085066,0.00747115237502185
"TECPR2",0.000182848784055586,0.0147554500765104,0.00746914943028301
"SALRNA1",0.013701740664451,0.00122691023106809,0.00746432544775953
"LEMD3",0.007014225961188,0.00791329558966394,0.00746376077542597
"FAM161A",0.000670445541537149,0.0142491430556509,0.00745979429859403
"ZNF146",0.0143057252117835,0.000613455115534047,0.00745959016365878
"ARHGAP6",0.0143057252117835,0.000613455115534047,0.00745959016365878
"YJU2B",0.0121115398031165,0.00279789924326766,0.00745471952319207
"TRAF1",0.000426647162796367,0.0144763442470179,0.00745149570490714
"MBTPS1",0.00219418540866703,0.0127019831357815,0.00744808427222425
"SRSF8",0.00617989986111273,0.00871177675352941,0.00744583830732107
"HNRNPK",0.0108590729987458,0.00402480947433575,0.0074419412365408
"MT-ND6",0.00164563905650027,0.0132267178630942,0.00743617845979722
"PPP1R3C",0.000670445541537149,0.0141972384175254,0.00743384197953126
"KANSL2",0.0113801446668941,0.00347951603830549,0.00742983035259982
"LIFR-AS1",0.0108315983147274,0.00402480947433575,0.00742820389453157
"SRSF7",0.00798941947615113,0.00685299692141095,0.00742120819878104
"SMCR8",0.0101276778625235,0.00470642626937358,0.00741705206594854
"HSPB1",0.0094452419763749,0.00538804306441141,0.00741664252039315
"GRHPR",0.0118832257637827,0.00294936670417899,0.00741629623398085
"MYLK3",0.00744687335063264,0.00736800215363367,0.00740743775213316
"MUC6",0.00577724349622437,0.00902986899819267,0.00740355624720852
"GADD45B",0.000426647162796367,0.0143746924149049,0.00740066978885064
"PRKCQ-AS1",0.0147988333687845,0,0.00739941668439225
"ITGAD",0.0147988333687845,0,0.00739941668439225
"BAIAP3",0.000731395136222344,0.0140673741699952,0.00739938465310878
"ENSG00000259820.1",0.007014225961188,0.00777697223065637,0.00739559909592219
"STAG3L2",0.0144331358006733,0.000340808397518915,0.00738697209909612
"DOK7",0.00591713325685449,0.00884810011253698,0.00738261668469573
"CD59",0.0144885739958391,0.000272646718015132,0.00738061035692712
"ENSG00000286724.1",0.000548546352166758,0.0141972384175254,0.00737289238484607
"VPS18",0.000609495946851953,0.0141258195753459,0.0073676577610989
"KBTBD12",0.0142502870166177,0.000477131756526481,0.00736370938657211
"SCAMP3",0.00569230310363117,0.00902986899819267,0.00736108605091192
"PAFAH2",0.0147039200363037,0,0.00735196001815185
"ZMAT3",0.000426647162796367,0.0142718592085066,0.00734925318565146
"SETD5",0.00091424392027793,0.0137796517848872,0.00734694785258256
"ARNT2",0.000121899189370391,0.0145607629678999,0.00734133107863517
"AQP4",0.000609495946851953,0.0140673741699952,0.00733843505842358
"NGDN",0.00789751131133701,0.00676642075639084,0.00733196603386393
"ENSG00000287467.1",0,0.0146581131326736,0.0073290565663368
"CNP",0.000609495946851953,0.0140446580171396,0.00732707698199575
"ENSG00000263276.1",0.00419255403440929,0.0104612642677721,0.0073269091510907
"ZZEF1",0.0137571788596168,0.000886101833549179,0.00732164034658297
"CC2D2A",0.000182848784055586,0.0144536280941623,0.00731823843910892
"EGLN1",0.00628283082496566,0.00835255387049417,0.00731769234772992
"CEP350",0.0138845894485066,0.000749778474541613,0.00731718396152409
"FGFR1",0.00908651218048465,0.00553951052532275,0.0073130113529037
"CDK19",0.00739889175481664,0.00721221980444619,0.00730555577963141
"ARHGEF10L",0.00516774754937241,0.00943883907521537,0.00730329331229389
"TARBP1",0.00557040391426078,0.00902986899819267,0.00730013645622673
"FBXO10",0.00933031055922543,0.00526686380730761,0.00729858718326652
"ZNF704",0.00483900877803843,0.00975693131987863,0.00729797004895853
"AP1S2",0.0142502870166177,0.000340808397518915,0.00729554770706832
"SMPD1",0.0143057252117835,0.000272646718015132,0.00728918596489933
"ARL5B",0.00677042758244722,0.00780726043446391,0.00728884400845557
"PC 34:2",0.0145669531297617,0,0.00728347656488084
"ANKRD49",0.000975193514963125,0.0135837833019913,0.00727948840847722
"DERL1",0.00652662920370644,0.00803015995849158,0.00727839458109901
"TMEM8B",0.000487596757481563,0.0140673741699952,0.00727748546373839
"MRPS34",0.0039857144524457,0.0105684123624466,0.00727706340744616
"ENSG00000230551.4",0.00410761364181609,0.0104385481149165,0.00727308087836628
"FNIP1",0.000609495946851953,0.0139180641532219,0.00726378005003695
"DNAJB2",0.0137571788596168,0.000749778474541613,0.00725347866707919
"SF3A1",0.000853294325592735,0.0136454174352068,0.00724935588039978
"VPS26B",0.0138845894485066,0.000613455115534047,0.0072490222820203
"PITX2",0.000426647162796367,0.0140673741699952,0.00724701066639579
"UQCRFS1",0.0101766371125972,0.00431260029425465,0.00724461870342595
"WAC",0.0144885739958391,0,0.00724428699791955
"PIAS4",0.0144885739958391,0,0.00724428699791955
"CHMP1B",0.000426647162796367,0.0140543875122295,0.00724051733751294
"PPIP5K2",0.00109709270433352,0.0133835999308193,0.00724034631757641
"C2orf88",0,0.0144763442470179,0.00723817212350895
"CRKL",0.0143382224681925,0.000136323359007566,0.00723727291360004
"CHPF2",0.00337621850559375,0.0110747193833062,0.00722546894444995
"ENSG00000265690.7",0.000609495946851953,0.0138401729786282,0.00722483446274008
"BMP6",0.0134189559755241,0.00102242519255674,0.0072206905840404
"OPN3",0.0106642338700788,0.00376730685822439,0.0072157703641516
"KDM7A",0.00664852839307683,0.00777697223065637,0.0072127503118666
"ENAH",0.000670445541537149,0.0137428228138545,0.00720663417769585
"ZBTB49",0.000670445541537149,0.0137428228138545,0.00720663417769585
"ANKRD28",0.00569230310363117,0.00871177675352941,0.00720203992858029
"RLF",0.00170658865118547,0.0126911539221539,0.00719887128666966
"PFKFB2",0.0130257837233944,0.00136323359007566,0.00719450865673504
"OLMALINC",0.0142502870166177,0.000136323359007566,0.00719330518781265
"PC O-40:6",0.0143841043457061,0,0.00719205217285305
"NFATC4",0.0143841043457061,0,0.00719205217285305
"CE 16:1",0,0.0143821143752982,0.0071910571876491
"Allantoin",0,0.0143821143752982,0.0071910571876491
"Betaine",0,0.0143821143752982,0.0071910571876491
"N(6),N(6)-Dimethyl-lysine",0,0.0143821143752982,0.0071910571876491
"PC O-36:5",0,0.0143821143752982,0.0071910571876491
"CAR DC5:0",0,0.0143821143752982,0.0071910571876491
"PC P-38:4 or PC O-38:5",0,0.0143821143752982,0.0071910571876491
"SM 18:1;O2/21:2",0,0.0143821143752982,0.0071910571876491
"CPNE1",0.00176753824587066,0.0126132627475601,0.00719040049671539
"SLC2A8",0.0143057252117835,6.8161679503783e-05,0.00718694344564365
"TMC7",0.00091424392027793,0.0134539190544612,0.00718408148736955
"ABHD2",0.00774562109741035,0.0066149532954795,0.00718028719644493
"ABCC9",0.0133914812915056,0.000954263513052962,0.00717287240227928
"NEDD4",0.000426647162796367,0.0139180641532219,0.00717235565800916
"SETD4",0.00170658865118547,0.0126359789004158,0.00717128377580062
"POLE",0.0122943885871721,0.00204485038511349,0.00716961948614278
"ENSG00000284669.1",0.000731395136222344,0.013606499454847,0.00716894729553466
"HHATL-AS1",0.00115804229901871,0.0131748132249686,0.00716642776199367
"ABHD11",0.0141228764277279,0.000204485038511349,0.00716368073311964
"ZNF554",0.00386381526307531,0.0104612642677721,0.00716253976542371
"TASOR",0.00079234473090754,0.0135285398454424,0.00716044228817495
"UBAP1L",0.0026208325714634,0.0116979724287411,0.00715940250010223
"LARS2",0.00374191607370492,0.0105684123624466,0.00715516421807577
"GARRE1",0.00188943743524106,0.0124185072041387,0.00715397231968989
"RHOG",0.0143057252117835,0,0.00715286260589176
"NCLN",0.0143057252117835,0,0.00715286260589176
"WRNIP1",0.0143057252117835,0,0.00715286260589176
"MED26",0.0012799414883891,0.0130222328245828,0.00715108715648596
"Hyodeoxycholic acid",0,0.0143010344728396,0.00715051723641981
"COL4A6",0.0105053758839312,0.00376730685822439,0.00713634137107781
"SLC38A7",0,0.0142718592085066,0.00713592960425328
"MAP3K2",0.00170658865118547,0.0125548305631463,0.00713070960716588
"LINC02609",0.0142502870166177,0,0.00712514350830887
"SNHG7",0.0142502870166177,0,0.00712514350830887
"CYB5R2",0.0142502870166177,0,0.00712514350830887
"KLF9",0,0.0142491430556509,0.00712457152782545
"XPO4",0.0079714289048914,0.00627741528157314,0.00712442209323227
"Methionine",0,0.0142457910162906,0.00712289550814532
"Xanthosine",0,0.0142457910162906,0.00712289550814532
"Citric acid",0,0.0142457910162906,0.00712289550814532
"2-Hydroxyglutaric acid",0,0.0142457910162906,0.00712289550814532
"LPC 20:5",0,0.0142457910162906,0.00712289550814532
"MAP3K13",0,0.0142383690558973,0.00711918452794867
"ZGRF1",0.0126600861552832,0.00156771862858701,0.00711390239193513
"PWWP3B",0.00830016767622538,0.00589873340835799,0.00709945054229168
"SREK1IP1",0.00483900877803843,0.00934364635457978,0.00709132756630911
"ENSG00000289009.1",0.000182848784055586,0.013992753379014,0.0070878010815348
"ALG10",0.00455825160252046,0.00961629307259492,0.00708727233755769
"STIM1",0.01320863250745,0.000954263513052962,0.00708144801025148
"DDX28",0.000426647162796367,0.0137330248839537,0.00707983602337503
"SCART1",0.000304747973425977,0.0138401729786282,0.00707246047602709
"MGAT4B",0.00569230310363117,0.00843913003551428,0.00706571656957273
"PAN3",0.000670445541537149,0.0134539190544612,0.00706218229799916
"ZNF471",0,0.0141020456968898,0.00705102284844489
"SPATA2L",0.00895764521889334,0.00511539634639628,0.00703652078264481
"CD44",0.0128429349393388,0.00122691023106809,0.00703492258520346
"DNAH1",0.0140674382325621,0,0.00703371911628107
"TMEM240",0,0.0140673741699952,0.0070336870849976
"ZNF575",0,0.0140673741699952,0.0070336870849976
"BAIAP2",0.0093603015837817,0.00470642626937358,0.00703336392657764
"ARF6",0.0135743300755612,0.000477131756526481,0.00702573091604383
"KDR",0.00664852839307683,0.00739829035744121,0.00702340937525902
"G0S2",0,0.0140446580171396,0.00702232900856978
"UCN",0.000121899189370391,0.0139180641532219,0.00701998167129617
"ENSG00000258559.2",0.00374191607370492,0.0102979098676327,0.00701991297066883
"SLC3A2",0.00677042758244722,0.00726196699843365,0.00701619729044043
"POGZ",0.0137571788596168,0.000272646718015132,0.00701491278881595
"NFE2L1",0.011834266513709,0.00218117374412105,0.00700772012891501
"STX1A",0.000426647162796367,0.0135567522608595,0.00699169971182794
"EAF1",0.0012799414883891,0.0127019831357815,0.00699096231208529
"SNAP29",0.00494193974189136,0.00902986899819267,0.00698590437004202
"PEF1",0,0.0139657223378822,0.00698286116894111
"N-Acetylarginine",0.0139624797553003,0,0.00698123987765014
"ARHGAP35",0.00646065703663071,0.00749778474541613,0.00697922089102342
"ENSG00000262691.1",0.000731395136222344,0.0132267178630942,0.00697905649965825
"LINC02767",0.0126600861552832,0.00129507191057188,0.00697757903292756
"MINDY2",0.0139400276436723,0,0.00697001382183617
"SPSB1",0.00616093163559527,0.00777697223065637,0.00696895193312582
"RBM25",0.00602104187496515,0.00791329558966394,0.00696716873231454
"SLC25A4",0.0101766371125972,0.00375216275632062,0.00696439993445893
"ATF6B",0.000670445541537149,0.0132494340159498,0.00695993977874348
"STAM",0,0.0139180641532219,0.00695903207661097
"DUSP8",0.00713612515055839,0.00676642075639084,0.00695127295347462
"AKAP12",0.00823321785489191,0.00566068978242654,0.00694695381865923
"JAG2",0.0012799414883891,0.0126132627475601,0.00694660211797461
"SMAD5",0.0138845894485066,0,0.00694229472425328
"INTS3",0.0128429349393388,0.00102242519255674,0.00693268006594779
"DNAJC5",0.0122943885871721,0.00156771862858701,0.00693105360787954
"EPHB4",0.00121899189370391,0.0126359789004158,0.00692748539705984
"ENSG00000228434.1",0.0104933754306347,0.00335833678120169,0.00692585610591818
"CNTROB",0.000731395136222344,0.0131195697684197,0.006925482452321
"MAPK1IP1L",0.000731395136222344,0.0131109532128042,0.00692117417451326
"SUB1",0.0124772373712277,0.00136323359007566,0.00692023548065166
"PIK3IP1",0,0.0138401729786282,0.0069200864893141
"SLFN13",0,0.0138401729786282,0.0069200864893141
"MED25",0.00079234473090754,0.0130449489774385,0.006918646854173
"HPS6",0.00152373986712988,0.0123016296143743,0.00691268474075207
"RAB5C",0.01320863250745,0.000613455115534047,0.00691104381149203
"PELO",0.000853294325592735,0.012963800640169,0.00690854748288086
"GLIDR",0.000975193514963125,0.0128404639389271,0.00690782872694512
"H2BC5",0.00109709270433352,0.012710599691397,0.00690384619786523
"BRD2",0.00459521039929765,0.00921163788384837,0.00690342414157301
"BTN3A1",0.000975193514963125,0.0128274772811614,0.00690133539806227
"WDR26",0.00616093163559527,0.0076406488716488,0.00690079025362204
"ZNF613",0.000548546352166758,0.0132494340159498,0.00689899018405829
"LPGAT1",0,0.0137882683405027,0.00689413417025134
"KDM5B",0.000609495946851953,0.0131748132249686,0.00689215458591029
"ARID1A",0.00557040391426078,0.00821192884414728,0.00689116637920403
"GFPT1",0.0108315983147274,0.00294936670417899,0.00689048250945319
"RABEP1",0.0130257837233944,0.000749778474541613,0.00688778109896802
"SM 39:0;O2",0.00115804229901871,0.0126099107081998,0.00688397650360928
"DENND5B",0.0137571788596168,0,0.00687858942980838
"CDK12",0.00079234473090754,0.012963800640169,0.00687807268553826
"CCPG1",0.00091424392027793,0.0128274772811614,0.00687086060071968
"PFKP",0.00683737740378069,0.00688760001349463,0.00686248870863766
"CLN8",0.00569230310363117,0.00803015995849158,0.00686123153106138
"LRRC45",0.00109709270433352,0.0126132627475601,0.00685517772594681
"CDC42BPA",0.00567333487811371,0.00803015995849158,0.00685174741830264
"SENP5",0.00301052093748257,0.0106657493062835,0.00683813512188302
"NUDT8",0.0101766371125972,0.00349466014020926,0.00683564862640325
"GPANK1",0.00146279027244469,0.0122042926705374,0.00683354147149105
"ZC3H3",0.0128429349393388,0.000817940154045396,0.00683043754669212
"BMS1P4",0,0.0136584040929725,0.00682920204648626
"IFT27",0.00140184067775949,0.0122432658647713,0.00682255327126541
"APMAP",0.0126875608393017,0.000954263513052962,0.00682091217617734
"NIPBL",0.0130257837233944,0.000613455115534047,0.00681961941946423
"SCAMP4",0.000182848784055586,0.0134539190544612,0.00681838391925837
"NUDC",0.0124772373712277,0.00115874855156431,0.00681799296139599
"PGM3",0.00544850472489039,0.00818594230767907,0.00681722351628473
"NAA15",0.00677042758244722,0.00685299692141095,0.00681171225192908
"GOLGA5",0.000975193514963125,0.0126359789004158,0.00680558620768945
"NAGLU",0.0101276778625235,0.00347951603830549,0.0068035969504145
"MICOS13",0.00569230310363117,0.00791329558966394,0.00680279934664755
"ENSG00000273381.1",0.00109709270433352,0.0125061146528856,0.00680160367860956
"DOC2B",0.000426647162796367,0.0131748132249686,0.0068007301938825
"AMPD1",0.00231608459803742,0.0112792044218175,0.00679764450992747
"GTF2IP12",0.00313242012685297,0.0104612642677721,0.00679684219731254
"PHACTR1",0.000548546352166758,0.0130449489774385,0.00679674766480261
"RNPEP",0.0128429349393388,0.000749778474541613,0.00679635670694022
"ENSG00000246451.2",0.00689232677181761,0.00668638535859584,0.00678935606520673
"CDC37L1",0.00750182271866957,0.00606965985944924,0.0067857412890594
"UBR2",0.000548546352166758,0.0130222328245828,0.00678538958837478
"ILRUN",0.0124772373712277,0.00109058687206053,0.0067839121216441
"KMT5B",0.00207228621929664,0.0114836894603289,0.00677798783981275
"ERICH1",0.01320863250745,0.000340808397518915,0.00677472045248446
"SQSTM1",0.0129313592180425,0.000613455115534047,0.00677240716678827
"SERTAD2",0.0129313592180425,0.000613455115534047,0.00677240716678827
"ENSG00000266086.3",0.000487596757481563,0.0130449489774385,0.00676627286746001
"HOXC11",0.0133914812915056,0.000136323359007566,0.00676390232525658
"TMEM164",0.00628283082496566,0.00723167879462611,0.00675725480979588
"DCAF15",0.00243798378740781,0.0110747193833062,0.00675635158535699
"C22orf46",0.00362001688433453,0.00988893979061005,0.00675447833747229
"CTTNBP2NL",0.0130257837233944,0.000477131756526481,0.00675145773996045
"MINDY1",0.000121899189370391,0.0133727707171917,0.00674733495328104
"SRRM2",0.000853294325592735,0.0126359789004158,0.00674463661300425
"IQCE",0.0083551170442623,0.00513054044830005,0.00674282874628118
"ENSG00000254343.2",0.00386381526307531,0.00962060796087106,0.00674221161197319
"TOR1AIP1",0.00386381526307531,0.00962060796087106,0.00674221161197319
"AREG",0.00689232677181761,0.00658035020339582,0.00673633848760671
"AK9",0.0106712016422997,0.00279789924326766,0.00673455044278369
"SLC22A23",0.00677042758244722,0.00668638535859584,0.00672840647052153
"MGC16275",0.0128429349393388,0.000613455115534047,0.00672819502743644
"PLCD3",0.0128429349393388,0.000613455115534047,0.00672819502743644
"GFM1",0.0103834766945608,0.00307054596128279,0.00672701132792181
"ENSG00000280287.1",0.000426647162796367,0.0130222328245828,0.00672443999368959
"USP1",0.00079234473090754,0.012652235941794,0.00672229033635078
"HDAC2",0.0120780648924498,0.00136323359007566,0.00672064924126271
"SUSD6",0.000731395136222344,0.0126911539221539,0.0067112745291881
"SIK2",0.000731395136222344,0.0126911539221539,0.0067112745291881
"VCPIP1",0.000426647162796367,0.012963800640169,0.00669522390148268
"PIAS3",0.00313242012685297,0.0102567792292608,0.00669459967805687
"DCP2",0.00789751131133701,0.00548976333133529,0.00669363732133615
"NUFIP2",0.00689232677181761,0.00649377403837571,0.00669305040509666
"LAMB2",0.00386381526307531,0.00947996971358735,0.00667189248833133
"DCAF16",0.00091424392027793,0.0124185072041387,0.00666637556220833
"DCBLD1",0.000975193514963125,0.0123568730709232,0.00666603329294318
"ENSG00000287629.1",0,0.013324054806931,0.0066620274034655
"BICC1",0.0126875608393017,0.000613455115534047,0.00665050797741788
"EIF1",0.0124772373712277,0.000817940154045396,0.00664758876263653
"PTGR1",0.0124772373712277,0.000817940154045396,0.00664758876263653
"ENSG00000260249.3",0.00496090796740883,0.00832226566668663,0.00664158681704773
"ISG20L2",0.0124437624605609,0.000817940154045396,0.00663085130730316
"OPA3",0,0.0132494340159498,0.00662471700797491
"COG1",0.0132351396458958,0,0.00661756982294791
"SUPT20H",0.00850700725818897,0.00472157037127735,0.00661428881473316
"SMC3",0,0.0132267178630942,0.00661335893154708
"alpha-Tocoquinone",0.0132260620466874,0,0.0066130310233437
"DCPS",0.000426647162796367,0.0127885593008016,0.00660760323179898
"DHDDS",0.01320863250745,0,0.006604316253725
"MATR3",0.00213323581398184,0.0110747193833062,0.006603977598644
"HOXA6",0.000975193514963125,0.0122270088233931,0.0066011011691781
"LATS1",0.00103614310964832,0.0121566896997512,0.00659641640469977
"PRICKLE2",0.000670445541537149,0.0125061146528856,0.00658828009721138
"DDX42",0.00313242012685297,0.0100295780378938,0.00658099908237336
"L3MBTL2-AS1",0.000548546352166758,0.0126132627475601,0.00658090454986344
"PRKD2",0,0.0131477821838368,0.00657389109191841
"TRIM63",0.000182848784055586,0.012963800640169,0.00657332471211229
"YES1",0.000365697568111172,0.0127658431479459,0.00656577035802855
"S1PR1",0.000365697568111172,0.0127658431479459,0.00656577035802855
"ZNF407-AS1",0.0101766371125972,0.00294936670417899,0.00656300190838812
"IL31RA",0.0117458422350053,0.00136323359007566,0.00655453791254049
"ALDH6A1",0.00784952971552101,0.00525171970540384,0.00655062471046243
"POMK",0.000487596757481563,0.0126132627475601,0.00655042975252084
"PSMC6",0.0124772373712277,0.000613455115534047,0.00654534624338085
"CCDC28B",0.0124772373712277,0.000613455115534047,0.00654534624338085
"UHRF1BP1L",0.0123218632711905,0.000749778474541613,0.00653582087286607
"ENSG00000279145.2",0.00544850472489039,0.00762118988146889,0.00653484730317964
"ARL17A",0.000426647162796367,0.0126359789004158,0.00653131303160607
"CANT1",0.000426647162796367,0.0126359789004158,0.00653131303160607
"PIN1",0.012787496744173,0.000272646718015132,0.00653007173109409
"EIF4A2",0.00838510806881858,0.00467182317728989,0.00652846562305423
"ENSG00000280660.1",0.00207228621929664,0.0109838415509467,0.00652806388512168
"SNRPB",0.00115804229901871,0.0118926595373516,0.00652535091818513
"HGH1",0,0.0130449489774385,0.00652247448871923
"ZNF720",0,0.0130449489774385,0.00652247448871923
"AVPR2",0,0.0130449489774385,0.00652247448871923
"TG 16:0_18:2_18:3",0.0130432132626318,0,0.0065216066313159
"TG 53:3",0.0130432132626318,0,0.0065216066313159
"LPC 20:0/0:0",0.0130432132626318,0,0.0065216066313159
"PC 34:1",0.0130432132626318,0,0.0065216066313159
"PC 36:1",0.0130432132626318,0,0.0065216066313159
"DNAJC27-AS1",0.0117458422350053,0.00129507191057188,0.0065204570727886
"PATL1",0.00872081461237347,0.00431260029425465,0.00651670745331406
"SEPHS2",0.0130257837233944,0,0.00651289186169721
"LRCH1",0.0012799414883891,0.0117434179553892,0.00651167972188914
"ENSG00000280571.2",0.0124772373712277,0.000545293436030264,0.00651126540362896
"RAB11B-AS1",0.0124772373712277,0.000545293436030264,0.00651126540362896
"SLC9A5",0,0.0130222328245828,0.0065111164122914
"ENSG00000165121.12",0,0.0130222328245828,0.0065111164122914
"MED14",0.00079234473090754,0.0122270088233931,0.0065096767771503
"RBM12",0.0012799414883891,0.0117368904091009,0.006508415948745
"GHR",0.000304747973425977,0.012710599691397,0.00650767383241146
"MAST2",0.0121115398031165,0.000886101833549179,0.00649882081833283
"C6orf136",0.0101766371125972,0.00281304334517143,0.00649484022888434
"GOT1",0.0101766371125972,0.00281304334517143,0.00649484022888434
"SH2B3",0.00386381526307531,0.00912074683055211,0.00649228104681371
"ZNF710",0.00252292418000101,0.0104612642677721,0.00649209422388656
"STT3B",0.00455825160252046,0.00841641388265863,0.00648733274258954
"PTGES2",0.0118832257637827,0.00109058687206053,0.00648690631792162
"ENSG00000255182.2",0.0117458422350053,0.00122691023106809,0.00648637623303671
"WDFY1",0,0.012963800640169,0.00648190032008449
"CUL4A",0.000731395136222344,0.0122270088233931,0.00647920197980771
"PPP1R16B",0.000670445541537149,0.0122821838451312,0.00647631469333415
"ABLIM3",0.000853294325592735,0.0120971445758629,0.00647521945072782
"ADHFE1",0.0113801446668941,0.00156771862858701,0.00647393164774058
"STARD8",0.0094452419763749,0.00349466014020926,0.00646995105829208
"PHTF2",0.0126600861552832,0.000272646718015132,0.00646636643664919
"TMOD3",0.000487596757481563,0.0124314938619044,0.00645954530969299
"TMEM254",0.000304747973425977,0.0126132627475601,0.00645900536049304
"TTC30B",0.00109709270433352,0.0118180387463704,0.00645756572535194
"SHC3",0.000121899189370391,0.0127885593008016,0.00645522924508599
"CAVIN2",0.0122943885871721,0.000613455115534047,0.00645392185135306
"C4orf46",0.0114685689455978,0.00143139526957944,0.00644998210758862
"STX10",0.000670445541537149,0.0122270088233931,0.00644872718246511
"PBXIP1",0.000243798378740781,0.012652235941794,0.0064480171602674
"ZNF563",0.0120780648924498,0.000817940154045396,0.00644800252324758
"RPLP1",0.0115904681349682,0.00129507191057188,0.00644277002277004
"GSDME",0.000182848784055586,0.0127019831357815,0.00644241595991853
"TP53",0.00640473001433605,0.00647862993647194,0.00644167997540399
"FAAP20",0.00201133662461145,0.0108702343447948,0.00644078548470313
"IER5L",0.00616093163559527,0.00671667356240338,0.00643880259899932
"GNA13",0.000182848784055586,0.0126911539221539,0.00643700135310472
"ATF2",0.00158468946181508,0.0112792044218175,0.0064319469418163
"DYNLL1",0.000426647162796367,0.0124314938619044,0.00642907051235039
"Hydroxyphenyllactic acid",0,0.0128512247177438,0.00642561235887192
"TMEM131",0.000731395136222344,0.0120971445758629,0.00641426985604263
"KCTD6",0,0.0128274772811614,0.00641373864058071
"SNHG32",0.0124772373712277,0.000340808397518915,0.00640902288437329
"ENSG00000285413.1",0,0.0128177477860715,0.00640887389303573
"TSPAN8",0.00337621850559375,0.00943883907521537,0.00640752879040456
"DAPK2",0.0121999640818201,0.000613455115534047,0.0064067095986771
"SORT1",0.000304747973425977,0.0125061146528856,0.00640543131315579
"DNAJB1",0.0083551170442623,0.00444892365326222,0.00640202034876226
"POLN",0.000548546352166758,0.0122270088233931,0.00638777758777991
"AJAP1",0.00374191607370492,0.00902986899819267,0.0063858925359488
"EXOSC2",0.00455825160252046,0.00821192884414728,0.00638509022333387
"MSC-AS1",0.0124927217106347,0.000272646718015132,0.0063826842143249
"MRRF",0.0115904681349682,0.00115874855156431,0.00637460834326625
"FRS2",0.000853294325592735,0.0118926595373516,0.00637297693147215
"FMO2",0.000853294325592735,0.0118926595373516,0.00637297693147215
"PCED1A",0.000121899189370391,0.0126132627475601,0.00636758096846525
"CABLES2",0.00091424392027793,0.0118180387463704,0.00636614133332415
"MITF",0.000304747973425977,0.0124185072041387,0.00636162758878235
"SLC66A2",0.0115629934509497,0.00115874855156431,0.00636087100125702
"GRAMD4",0.000487596757481563,0.0122270088233931,0.00635730279043732
"ANGPT2",0,0.012710599691397,0.00635529984569848
"ANGEL2",0.00920841136985504,0.00349466014020926,0.00635153575503215
"NDUFS7",0.0117458422350053,0.000954263513052962,0.00635005287402914
"PRPF4",6.09495946851953e-05,0.0126359789004158,0.00634846424755048
"DCAF10",0.0111972958828386,0.00149955694908323,0.00634842641596089
"UBE2QL1",0,0.0126911539221539,0.00634557696107693
"DHX15",0,0.0126911539221539,0.00634557696107693
"MIR210HG",0.000182848784055586,0.0125061146528856,0.0063444817184706
"POLR1B",0.0126875608393017,0,0.00634378041965086
"PEPD",0.0124772373712277,0.000204485038511349,0.00634086120486951
"RAB21",0.0115904681349682,0.00109058687206053,0.00634052750351436
"NUDT22",0.0115904681349682,0.00109058687206053,0.00634052750351436
"INCA1",0.0115904681349682,0.00109058687206053,0.00634052750351436
"NFIL3",0.0012799414883891,0.0113928116279694,0.00633637655817926
"ZNF668",0.00146279027244469,0.0112024261866983,0.00633260822957147
"LIPA",0.00713612515055839,0.00552436642341898,0.00633024578698869
"COA3",0.0052896467387428,0.00736800215363367,0.00632882444618824
"ERBB4",0.00219418540866703,0.0104612642677721,0.00632772483821957
"E2F8",0.000426647162796367,0.0122270088233931,0.00632682799309472
"CTSF",0.000426647162796367,0.0122270088233931,0.00632682799309472
"SIRT7",0.0115629934509497,0.00109058687206053,0.00632679016150513
"MPHOSPH10",0.00664852839307683,0.00600476856355801,0.00632664847831742
"BDKRB2",0.011834266513709,0.000817940154045396,0.00632610333387719
"ENSG00000258461.5",0.00091424392027793,0.0117368904091009,0.00632556716468941
"RXRG",0.0052896467387428,0.00734854316345375,0.00631909495109828
"THRB",0.00847701623363269,0.00416113283334332,0.006319074533488
"NELFA",0,0.0126359789004158,0.00631798945020788
"AHNAK",0,0.0126359789004158,0.00631798945020788
"RBFOX1",0,0.0126359789004158,0.00631798945020788
"ZSWIM5",0,0.0126359789004158,0.00631798945020788
"MSANTD4",0.0102495770518939,0.0023856587826324,0.00631761791726315
"RHBDD2",0.0117458422350053,0.000886101833549179,0.00631597203427725
"HIC1",0.0126165660998354,0,0.00630828304991772
"PKD1P5",0.00079234473090754,0.0118180387463704,0.00630519173863896
"Pro-Phe",0,0.0126099107081998,0.00630495535409992
"ZNF609",0,0.0126099107081998,0.00630495535409992
"RNF170",0.000487596757481563,0.0120971445758629,0.00629237066667224
"ZBTB40",0.00496090796740883,0.00762118988146889,0.00629104892443886
"RASAL2",0.00544850472489039,0.00712564363942608,0.00628707418215823
"FBH1",0.0119561657030794,0.000613455115534047,0.00628481040930671
"GABBR2",0.0122943885871721,0.000272646718015132,0.0062835176525936
"LINC01091",0.0125656616499313,0,0.00628283082496566
"RHOU",0.0125656616499313,0,0.00628283082496566
"SOX7",0.0125656616499313,0,0.00628283082496566
"BTN2A2",0,0.0125656597767739,0.00628282988838695
"ATP6V0E2",0.0118832257637827,0.00068161679503783,0.00628242127941027
"OPLAH",0,0.0125061146528856,0.0062530573264428
"FAM83G",0.000609495946851953,0.0118926595373516,0.00625107774210176
"RILP",0.0052896467387428,0.00721221980444619,0.0062509332715945
"SLC35A4",0.0117458422350053,0.000749778474541613,0.00624781035477347
"SPOCK1",0.0117458422350053,0.000749778474541613,0.00624781035477347
"TFRC",0.0117458422350053,0.000749778474541613,0.00624781035477347
"POLB",0.0117458422350053,0.000749778474541613,0.00624781035477347
"UPP1",0.0124772373712277,0,0.00623861868561383
"PSME3",0.0124772373712277,0,0.00623861868561383
"RPF1",0.0124772373712277,0,0.00623861868561383
"DHODH",0.0124772373712277,0,0.00623861868561383
"KRBOX4",0.0124772373712277,0,0.00623861868561383
"REL",0.0123218632711905,0.000136323359007566,0.00622909331509905
"EIF4EBP3",0.0124437624605609,0,0.00622188123028046
"DOLK",0.00798941947615113,0.00444892365326222,0.00621917156470667
"PSMB10",0.0118832257637827,0.000545293436030264,0.00621425959990649
"TOMM40L",0.0118832257637827,0.000545293436030264,0.00621425959990649
"SLC25A11",0.0118832257637827,0.000545293436030264,0.00621425959990649
"STK38L",0.000609495946851953,0.0118180387463704,0.00621376734661116
"AK6",0.0117458422350053,0.00068161679503783,0.00621372951502158
"CEP85L",0,0.0124185072041387,0.00620925360206936
"URB2",0.00591713325685449,0.00649377403837571,0.0062054536476151
"ENSG00000272374.1",0,0.0124087777090488,0.00620438885452438
"RAB14",0.0119286910190609,0.000477131756526481,0.00620291138779369
"RAB30",0.0121999640818201,0.000204485038511349,0.00620222456016575
"EIF3D",0.011310688613708,0.00109058687206053,0.00620063774288424
"GIMAP5",0.011834266513709,0.000545293436030264,0.00618977997486962
"ADCY1",0.0115544869924487,0.000817940154045396,0.00618621357324706
"PPP2R2D",0.0052896467387428,0.00707589644543862,0.00618277159209071
"CTPS1",0.0117458422350053,0.000613455115534047,0.00617964867526968
"GTF2IP13",0.0117458422350053,0.000613455115534047,0.00617964867526968
"POC5",0.0117458422350053,0.000613455115534047,0.00617964867526968
"YTHDF1",0.0115904681349682,0.000749778474541613,0.0061701233047549
"POLD3",0.0115904681349682,0.000749778474541613,0.0061701233047549
"NUDT7",0.0121999640818201,0.000136323359007566,0.00616814372041386
"MAP1S",0.0111028713774866,0.00122691023106809,0.00616489080427736
"LINC00863",0.00603903244622488,0.00627741528157314,0.00615822386389901
"WIPI1",0.0121115398031165,0.000204485038511349,0.00615801242081392
"ENSG00000283294.1",0.0115629934509497,0.000749778474541613,0.00615638596274567
"ZNF442",0.000609495946851953,0.0116979724287411,0.0061537341877965
"TOGARAM2",0.0122943885871721,0,0.00614719429358604
"FKRP",0.000731395136222344,0.0115616490697335,0.00614652210297792
"OCIAD1",0.0117458422350053,0.000545293436030264,0.00614556783551779
"ZNF649",0,0.0122821838451312,0.00614109192256558
"SLC13A4",0.000182848784055586,0.0120971445758629,0.00613999667995925
"PRDX1",0.0117123673243386,0.000545293436030264,0.00612883038018442
"GATAD2A",0.00091424392027793,0.0113387495457058,0.00612649673299187
"THTPA",0.00158468946181508,0.0106657493062835,0.00612521938404927
"ZNF594",0.000426647162796367,0.0118180387463704,0.00612234295458337
"RASA4",0.0115629934509497,0.00068161679503783,0.00612230512299378
"SORD",0.00520470634614961,0.00703906747440597,0.00612188691027779
"GOLGA7B",0.00838510806881858,0.0038538830232445,0.00611949554603154
"PHLPP2",0.000426647162796367,0.0118017817049921,0.00611421443389424
"CUTA",0.0112737298169308,0.000954263513052962,0.00611399666499186
"CIAO1",0,0.0122270088233931,0.00611350441169653
"RHOQ",0,0.0122270088233931,0.00611350441169653
"SH3KBP1",0,0.0122270088233931,0.00611350441169653
"UBA1",0.0117458422350053,0.000477131756526481,0.0061114869957659
"ZBTB43",0.0111972958828386,0.00102242519255674,0.00610986053769765
"GDI2",0.00109709270433352,0.0111201649099543,0.0061086288071439
"AMH",0.000731395136222344,0.0114836894603289,0.0061075422982756
"CLCN7",0.0109809721881162,0.00122691023106809,0.00610394120959217
"ACOXL",0.0111028713774866,0.00109058687206053,0.00609672912477358
"TBC1D15",0.0111028713774866,0.00109058687206053,0.00609672912477358
"CYB5RL",0.00386381526307531,0.00832226566668663,0.00609304046488097
"PER1",0.000853294325592735,0.0113279203320782,0.00609060732883546
"MOAP1",0.0115629934509497,0.000613455115534047,0.00608822428324189
"L3MBTL1",0.000487596757481563,0.0116881744988402,0.00608788562816089
"PPTC7",0.000426647162796367,0.0117477196227285,0.00608718339276244
"SFPQ",0.000426647162796367,0.0117368904091009,0.00608176878594863
"ARHGEF11",0.00677042758244722,0.00538804306441141,0.00607923532342932
"KCTD10",0,0.0121566896997512,0.00607834484987561
"MYOM2",0,0.0121566896997512,0.00607834484987561
"FABP3",0.0117458422350053,0.000408970077022698,0.00607740615601401
"PAPOLG",0.0111972958828386,0.000954263513052962,0.00607577969794576
"ENSG00000225032.5",0,0.0121458604861236,0.0060729302430618
"PE O-16:1/22:4",0,0.0121327789516734,0.00606638947583668
"ENSG00000288634.1",0.000853294325592735,0.0112792044218175,0.00606624937370512
"VPS26A",0.000853294325592735,0.0112792044218175,0.00606624937370512
"CFAP44",0.00725802433992878,0.00485789373028492,0.00605795903510685
"OSGEP",0.0121115398031165,0,0.00605576990155824
"ALYREF",0.0121115398031165,0,0.00605576990155824
"POLR2J3",0.011224770566857,0.000886101833549179,0.0060554362002031
"ENSG00000286112.1",0.011014447098783,0.00109058687206053,0.00605251698542175
"SLC25A42",0,0.0120971445758629,0.00604857228793145
"HMCN1",0,0.0120971445758629,0.00604857228793145
"WDR36",0.0113466697562274,0.000749778474541613,0.00604822411538451
"ZMYM2",0.00121899189370391,0.0108702343447948,0.00604461311924936
"MMS19",0.00765371293259623,0.00443377955135845,0.00604374624197734
"PMS2",0.0114685689455978,0.000613455115534047,0.00604101203056592
"ZNFX1",0.0120780648924498,0,0.00603903244622488
"SETD6",0.0120780648924498,0,0.00603903244622488
"ENSG00000233987.2",0.0109809721881162,0.00109058687206053,0.00603577953008838
"LBR",0.00079234473090754,0.0112792044218175,0.00603577457636253
"SLC6A6",0.00079234473090754,0.0112792044218175,0.00603577457636253
"CLTCL1",0.0113801446668941,0.00068161679503783,0.00603088073096599
"RN7SK",0.000121899189370391,0.0119381050639997,0.00603000212668504
"DDI2",0.0117123673243386,0.000340808397518915,0.00602658786092875
"NUP210",0.00152373986712988,0.0105208093916604,0.00602227462939515
"CA5B",0,0.0120225237848817,0.00601126189244086
"SLC25A5-AS1",0.0117458422350053,0.000272646718015132,0.00600924447651023
"MRFAP1",0.0117458422350053,0.000272646718015132,0.00600924447651023
"C16orf91",0.0117458422350053,0.000272646718015132,0.00600924447651023
"CCT6A",0.0117458422350053,0.000272646718015132,0.00600924447651023
"LINC02371",0.0117458422350053,0.000272646718015132,0.00600924447651023
"ABCC1",0.0106487495306718,0.00136323359007566,0.00600599156037373
"PDCD1LG2",0.000731395136222344,0.0112792044218175,0.00600529977901993
"RNF34",0.00288862174811218,0.00912074683055211,0.00600468428933215
"GPR173",0.000182848784055586,0.0118180387463704,0.00600044376521298
"MTERF1",0,0.0119998076320261,0.00599990381601303
"ARMCX1",0.000609495946851953,0.0113884967396933,0.00599899634327261
"RAB11FIP1",0.000426647162796367,0.0115616490697335,0.00599414811626493
"RBBP6",0.0117123673243386,0.000272646718015132,0.00599250702117686
"SEMA4B",0.0106162522742628,0.00136323359007566,0.00598974293216923
"PAPOLA",0.010749174262672,0.00122691023106809,0.00598804224687005
"CLTC",0.011224770566857,0.000749778474541613,0.00598727452069932
"SLC15A2",0.011224770566857,0.000749778474541613,0.00598727452069932
"CRYM",0.011834266513709,0.000136323359007566,0.00598529493635827
"ASCC1",0.0117613265744123,0.000204485038511349,0.00598290580646184
"SMG1P7",0.00737992352929918,0.00458524701226978,0.00598258527078448
"INSIG2",0.00170658865118547,0.0102567792292608,0.00598168394022312
"PPIG",0.0113466697562274,0.000613455115534047,0.00598006243588073
"DMPK",0.0119571433573371,0,0.00597857167866855
"FOXO6",0.0119561657030794,0,0.00597808285153968
"RNF207",0.0119561657030794,0,0.00597808285153968
"NPTX2",0.000426647162796367,0.011529134986977,0.00597789107488668
"EGR3",0.000609495946851953,0.0113387495457058,0.00597412274627888
"LPC 20:0",0.0119461205582983,0,0.00597306027914914
"CHD1L",0.000548546352166758,0.0113884967396933,0.00596852154593002
"CLUH",0.000731395136222344,0.0112045836308363,0.00596798938352933
"SERPINF1",0.0104933754306347,0.00143139526957944,0.00596238535010706
"PALMD",0.000670445541537149,0.0112521733806857,0.00596130946111143
"FAM104B",0.0013408910830743,0.0105684123624466,0.00595465172276046
"ATXN7",0.00774562109741035,0.00416113283334332,0.00595337696537683
"PPM1F-AS1",0.011014447098783,0.000886101833549179,0.00595027446616608
"PSMD12",0.00664852839307683,0.00525171970540384,0.00595012404924034
"SNHG1",0.00091424392027793,0.0109838415509467,0.00594904273561233
"LRRK2",0,0.0118926595373516,0.00594632976867578
"EXTL2",0,0.0118840429817361,0.00594202149086804
"JKAMP",0,0.0118840429817361,0.00594202149086804
"ST8SIA5-DT",0.0118832257637827,0,0.00594161288189136
"TEX264",0.0118832257637827,0,0.00594161288189136
"IPO13",0.0118832257637827,0,0.00594161288189136
"CLIC6",0.0109809721881162,0.000886101833549179,0.00593353701083271
"ARHGAP33",0.00567333487811371,0.00617138012637312,0.00592235750224341
"P2RY2",0.000243798378740781,0.0116005670500933,0.00592218271441705
"FAM53B",0.00725802433992878,0.00458524701226978,0.00592163567609928
"TRRAP",0,0.0118342957877486,0.00591714789387431
"RHOJ",0,0.0118342957877486,0.00591714789387431
"ENSG00000232611.1",0.000426647162796367,0.0113928116279694,0.0059097293953829
"RNF5",0.0101766371125972,0.00163588030809079,0.00590625871034402
"SH3BP2",0.0114685689455978,0.000340808397518915,0.00590468867155836
"GTF3C1",0.00518573812063214,0.0066149532954795,0.00590034570805582
"TPP1",0.00652662920370644,0.00526686380730761,0.00589674650550703
"H2AX",0.0080194105007074,0.00376730685822439,0.0058933586794659
"SLC4A1AP",0.0108315983147274,0.000954263513052962,0.00589293091389017
"CHIC2",0.00762372190803996,0.00416113283334332,0.00589242737069164
"COQ7",0.00911650320504092,0.00265830550064754,0.00588740435284423
"GPRC5B",0.0106152746200051,0.00115874855156431,0.00588701158578469
"SIK1B",0.00677042758244722,0.00499421708929248,0.00588232233586985
"HSPA1A",0.00677042758244722,0.00499421708929248,0.00588232233586985
"URM1",0.0106642338700788,0.00109058687206053,0.00587741037106967
"ENSG00000254363.6",0.00677042758244722,0.00497907298738871,0.00587475028491797
"NT5C2",0.00675243701118749,0.00499421708929248,0.00587332705023999
"ENSG00000273729.1",0.0066305378218171,0.00511539634639628,0.00587296708410669
"ENSG00000276075.2",0.0117458422350053,0,0.00587292111750266
"LINC01505",0.0117458422350053,0,0.00587292111750266
"ENSG00000233184.8",0.0117458422350053,0,0.00587292111750266
"E2F4",0.0117458422350053,0,0.00587292111750266
"PUF60",0.0117458422350053,0,0.00587292111750266
"FKBP2",0.0117458422350053,0,0.00587292111750266
"IDH3A",0.0117458422350053,0,0.00587292111750266
"DPP9",0.0117458422350053,0,0.00587292111750266
"SLC14A1",0.0117458422350053,0,0.00587292111750266
"PCTP",0.0117458422350053,0,0.00587292111750266
"NDUFAF1",0.0117458422350053,0,0.00587292111750266
"TCP1",0.0117458422350053,0,0.00587292111750266
"CENPL",0.0117458422350053,0,0.00587292111750266
"SNU13",0.0117458422350053,0,0.00587292111750266
"MRPS18A",0.0117458422350053,0,0.00587292111750266
"HAUS5",0.0117458422350053,0,0.00587292111750266
"AMMECR1L",0,0.0117368904091009,0.00586844520455045
"RNF139",0.00769067172937342,0.00403995357623952,0.00586531265280647
"ENSG00000280285.1",0.000243798378740781,0.0114836894603289,0.00586374391953482
"KIAA0513",0.0117243677776351,0,0.00586218388881756
"GIMAP6",0.0117243677776351,0,0.00586218388881756
"SVIL-AS1",0.0012799414883891,0.0104385481149165,0.00585924480165278
"C14orf132",0.0111028713774866,0.000613455115534047,0.00585816324651034
"TBK1",0.0117123673243386,0,0.00585618366216929
"CACNA2D3",0.00164563905650027,0.0100522941907494,0.00584896662362485
"BRF1",0.00103614310964832,0.010657132750668,0.00584663793015815
"PRMT3",0.00121899189370391,0.0104612642677721,0.00584012808073801
"ENSG00000267002.4",0.000487596757481563,0.0111915969730706,0.0058395968652761
"NDUFB7",0.0101766371125972,0.00149955694908323,0.00583809703084023
"ENSG00000265399.1",6.09495946851953e-05,0.011613553707859,0.00583725165127211
"NRBF2",0.0111972958828386,0.000477131756526481,0.00583721381968252
"FCN3",0.0114685689455978,0.000204485038511349,0.00583652699205458
"WDR81",0.000182848784055586,0.0114836894603289,0.00583326912219222
"CXXC1",0.00762372190803996,0.00403995357623952,0.00583183774213974
"ENSG00000258768.2",0.00140184067775949,0.0102567792292608,0.00582930995351013
"CCR1",0.00362001688433453,0.00803015995849158,0.00582508842141306
"FHIP1B",0.000365697568111172,0.0112792044218175,0.00582245099496434
"CAB39",0.00786752028678074,0.00376730685822439,0.00581741357250256
"TRAPPC2B",0.00677042758244722,0.00485789373028492,0.00581416065636607
"ALDH4A1",0.00569230310363117,0.00593333650044167,0.00581281980203642
"FAM217B",0.0103834766945608,0.00122691023106809,0.00580519346281446
"SMU1",0.0108590729987458,0.000749778474541613,0.00580442573664373
"AIFM1",0.000731395136222344,0.0108702343447948,0.00580081474050858
"NOP58",0.0104933754306347,0.00109058687206053,0.0057919811513476
"HIKESHI",0.0106272750733016,0.000954263513052962,0.00579076929317729
"SLC4A2",0.000731395136222344,0.0108475181919392,0.00578945666408075
"ZC3H15",0.000548546352166758,0.011029273856658,0.0057889101044124
"ZBTB10",0.00140184067775949,0.0101659013969013,0.00578387103733041
"SKI",0.0115629934509497,0,0.00578149672547487
"KANSL1",0.0115629934509497,0,0.00578149672547487
"SLC16A6",0.0115629934509497,0,0.00578149672547487
"NIPBL-DT",0.000304747973425977,0.0112564882689619,0.00578061812119392
"ST6GALNAC4",0.0106642338700788,0.000886101833549179,0.00577516785181399
"C8orf33",0.00109709270433352,0.0104385481149165,0.00576782040962499
"PLXDC2",0.0105792934774856,0.000954263513052962,0.00576677849526928
"MEPCE",0.00750182271866957,0.00402480947433575,0.00576331609650266
"MBP",0.00483900877803843,0.00668638535859584,0.00576269706831714
"Pantothenic acid",0.0115194733955019,0,0.00575973669775096
"PRODH",0.000182848784055586,0.0113344478783665,0.00575864833121104
"PAICS",0.000121899189370391,0.0113884967396933,0.00575519796453183
"ZNF566-AS1",0.011224770566857,0.000272646718015132,0.00574870864243608
"HEIH",0.00103614310964832,0.0104612642677721,0.00574870368871022
"MACO1",0.000304747973425977,0.0111915969730706,0.0057481724732483
"TIMM10",0.00569230310363117,0.00579701314143411,0.00574465812253264
"SENP8",0.000365697568111172,0.0111158500216781,0.00574077379489466
"KAZALD1",0.0101766371125972,0.00129507191057188,0.00573585451158456
"PRKAG1",0.0039857144524457,0.00748486652246132,0.00573529048745351
"TSC22D4",0.0114685689455978,0,0.0057342844727989
"EP400P1",0.0109809721881162,0.000477131756526481,0.00572905197232136
"FBXL6",0.0104933754306347,0.000954263513052962,0.00572381947184382
"CLEC2B",0.00591713325685449,0.00552436642341898,0.00572074984013673
"FAHD2A",0.00713612515055839,0.00429745619235088,0.00571679067145464
"IMPA1",0.0106642338700788,0.000749778474541613,0.00570700617231021
"HCFC1R1",0.0106642338700788,0.000749778474541613,0.00570700617231021
"FKBP9",0.00207228621929664,0.00934142047563082,0.00570685334746373
"ENSG00000272079.2",0.00750182271866957,0.00390363021723195,0.00570272646795076
"SOS1",0.00164563905650027,0.00975693131987863,0.00570128518818945
"KLF8",0.00640473001433605,0.00499421708929248,0.00569947355181427
"ZSWIM7",0.000731395136222344,0.0106657493062835,0.0056985722212529
"MPV17L",0.000731395136222344,0.0106657493062835,0.0056985722212529
"NBPF3",0.000731395136222344,0.0106657493062835,0.0056985722212529
"SLC6A1",0.000243798378740781,0.0111526789927108,0.00569823868572579
"DIMT1",0.00762372190803996,0.00376730685822439,0.00569551438313217
"ANGPTL2",0,0.0113884967396933,0.00569424836984664
"SPPL2B",0,0.011386352516492,0.00569317625824601
"ZNF517",0.00091424392027793,0.0104612642677721,0.00568775409402502
"JOSD1",0.00215722661188984,0.00921163788384837,0.0056844322478691
"MYSM1",0.00642369823985351,0.00494446989530502,0.00568408406757927
"BHLHE41",0.011358670209524,0,0.00567933510476198
"ILVBL",0.000731395136222344,0.0106073855566805,0.00566939034645144
"ENSG00000255468.7",0.00158468946181508,0.00975261643160248,0.00566865294670878
"HOXB3",0.000670445541537149,0.0106657493062835,0.00566809742391031
"SLC7A5",6.09495946851953e-05,0.0112564882689619,0.00565871893182353
"AAMDC",0.00823321785489191,0.00307054596128279,0.00565188190808735
"NODAL",0.00091424392027793,0.0103866434767909,0.00565044369853443
"CAMKK1",0.00725802433992878,0.00402480947433575,0.00564141690713227
"KDM5C",0.00091424392027793,0.0103671160518001,0.00564067998603903
"ANAPC16",0,0.0112792044218175,0.00563960221090876
"TMEM44",0,0.0112792044218175,0.00563960221090876
"SUCLG1",0.0101766371125972,0.00109058687206053,0.00563361199232889
"NTHL1",0.0101766371125972,0.00109058687206053,0.00563361199232889
"ADARB1",0.0109929726414128,0.000272646718015132,0.00563280967971396
"SLC30A2",0.000182848784055586,0.0110747193833062,0.00562878408368087
"GRPEL2",0.0109809721881162,0.000272646718015132,0.00562680945306569
"ENSG00000280145.3",0.00589914268559476,0.00535343997232772,0.00562629132896124
"LPC 16:2",0,0.0112466771181242,0.0056233385590621
"PPM1L",0.00652662920370644,0.00470642626937358,0.00561652773654001
"ZBTB33",0.011224770566857,0,0.00561238528342851
"PUS10",0.0105423346807084,0.00068161679503783,0.00561197573787312
"OVCA2",0.00569230310363117,0.00552436642341898,0.00560833476352507
"PXMP4",0.0108710734520424,0.000340808397518915,0.00560594092478066
"BMP5",0.0081413096900778,0.00307054596128279,0.00560592782568029
"PCGF5",0.000487596757481563,0.0107111948329316,0.00559939579520658
"ATF7",0.000731395136222344,0.0104612642677721,0.00559632970199723
"ARID2",0.0109809721881162,0.000204485038511349,0.00559272861331379
"LSMEM2",0.00565534430685398,0.00552436642341898,0.00558985536513648
"5-Acetylamino-6-amino-3-methyluracil",0,0.0111785154386204,0.0055892577193102
"LGR5",0.00555143568874332,0.00562608669034285,0.00558876118954308
"KBTBD8",0.00158468946181508,0.00957946410156227,0.00558207678168867
"ENSG00000289272.1",0.000853294325592735,0.0103022247559089,0.00557775954075081
"TASOR2",0.011014447098783,0.000136323359007566,0.00557538522889527
"GHITM",0.0101766371125972,0.000954263513052962,0.0055654503128251
"ATP5F1E",0.0101766371125972,0.000954263513052962,0.0055654503128251
"APBA1",0.00577724349622437,0.00535343997232772,0.00556534173427604
"HES6",0.000609495946851953,0.0105208093916604,0.00556515266925619
"ZCCHC17",0,0.0111299628398551,0.00556498141992757
"ENSG00000286658.1",0.00349811769496414,0.00762118988146889,0.00555965378821651
"EIF4A3",0.0012799414883891,0.00983919259662259,0.00555956704250585
"RUSF1",0.000853294325592735,0.0102567792292608,0.00555503677742675
"PPP3CA",0.0111028713774866,0,0.00555143568874332
"NCAPD3",0.000304747973425977,0.0107934561096756,0.00554910204155076
"NOTCH2NLA",0.00664852839307683,0.00444892365326222,0.00554872602316953
"Pterin",0.0110928262327056,0,0.00554641311635278
"SOBP",0.000426647162796367,0.0106657493062835,0.00554619823453992
"SETD2",0.00760573133678023,0.00347951603830549,0.00554262368754286
"INMT",0.000487596757481563,0.0105911285153023,0.00553936263639192
"PPME1",0,0.0110747193833062,0.00553735969165308
"YARS1",0,0.0110747193833062,0.00553735969165308
"B3GALT5",0.0102505547061516,0.000817940154045396,0.00553424743009851
"MYADM",0,0.0110661028276907,0.00553305141384534
"ELP6",0.0101766371125972,0.000886101833549179,0.00553136947307321
"DECR1",0.0101766371125972,0.000886101833549179,0.00553136947307321
"HEY1",0.0057952340674841,0.00526686380730761,0.00553104893739586
"DNAJA1",0.007014225961188,0.00403995357623952,0.00552708976871376
"CARD14",0.0104933754306347,0.000545293436030264,0.00551933443333247
"YY1",0.011014447098783,0,0.00550722354939149
"PLD3",0.011014447098783,0,0.00550722354939149
"KCNC1",0.0101276778625235,0.000886101833549179,0.00550688984803634
"SPAG9",0.00494193974189136,0.00606965985944924,0.0055057998006703
"ZBTB34",0.0108590729987458,0.000136323359007566,0.00549769817887671
"RPL13P5",0.0101766371125972,0.000817940154045396,0.00549728863332132
"ACAA1",0.0101766371125972,0.000817940154045396,0.00549728863332132
"TPM1-AS",0.00215722661188984,0.00882538395968132,0.00549130528578558
"ICA1",0.00508280715677922,0.00589873340835799,0.0054907702825686
"DNAJC21",0.0109809721881162,0,0.00549048609405812
"AGMAT",0.00176753824587066,0.00921163788384837,0.00548958806485952
"HASPIN",0.000243798378740781,0.0107111948329316,0.00547749660583619
"NFKBIB",0.00569230310363117,0.00525171970540384,0.00547201140451751
"LRCH3",0.00091424392027793,0.0100295780378938,0.00547191097908585
"NEU1",0.00567333487811371,0.00526686380730761,0.00547009934271066
"SCO1",0.000365697568111172,0.0105684123624466,0.0054670549652789
"ZNF429",0,0.0109297794686831,0.00546488973434156
"MEIS1",0,0.0109297794686831,0.00546488973434156
"MED18",0,0.0109297794686831,0.00546488973434156
"APOO",0.0101766371125972,0.000749778474541613,0.00546320779356943
"CLPB",0.0101766371125972,0.000749778474541613,0.00546320779356943
"TIMM17A",0.0101766371125972,0.000749778474541613,0.00546320779356943
"ISOC2",0.0101766371125972,0.000749778474541613,0.00546320779356943
"LSM1",0.0101766371125972,0.000749778474541613,0.00546320779356943
"MEAF6",0.0105053758839312,0.000408970077022698,0.00545717298047696
"SLC19A2",0.00591713325685449,0.00499421708929248,0.00545567517307348
"SEMA6A",0.00146279027244469,0.00943883907521537,0.00545081467383003
"MFSD8",0.00945220974859582,0.00143139526957944,0.00544180250908763
"TSEN2",0,0.0108702343447948,0.00543511717239741
"SRPRB",0.0106642338700788,0.000204485038511349,0.00543435945429508
"E2F6",0.0102495770518939,0.000613455115534047,0.00543151608371397
"EIF1AY",0.00956714116574529,0.00129507191057188,0.00543110653815858
"ZNF281",0.0012799414883891,0.00957946410156227,0.00542970279497568
"RNF125",0.00109709270433352,0.00975693131987863,0.00542701201210607
"FIBIN",0.00628283082496566,0.00457010291036601,0.00542646686766584
"SM 42:1;O2",0.0108490278539648,0,0.00542451392698239
"Phosphocreatine",0.0108490278539648,0,0.00542451392698239
"SM 41:1;O2",0.0108490278539648,0,0.00542451392698239
"TG 58:9",0.0108490278539648,0,0.00542451392698239
"TG 16:0_16:0_18:0",0.0108490278539648,0,0.00542451392698239
"PE 32:1",0.0108490278539648,0,0.00542451392698239
"PE P-36:2 or PE O-36:3",0.0108490278539648,0,0.00542451392698239
"SM 33:1;O2",0.0108490278539648,0,0.00542451392698239
"SM 18:1;O2/20:0",0.0108490278539648,0,0.00542451392698239
"PE O-18:1/22:6",0.0108490278539648,0,0.00542451392698239
"PE O-16:1/18:1",0.0108490278539648,0,0.00542451392698239
"BPNT1",0.00652662920370644,0.00431260029425465,0.00541961474898055
"NFYC",0.00455825160252046,0.00627741528157314,0.0054178334420468
"TCAF1",0.0108315983147274,0,0.00541579915736369
"UBE2N",0.0103354950987448,0.000477131756526481,0.00540631342763565
"VGLL4",0.00664852839307683,0.00416113283334332,0.00540483061321007
"IREB2",0.00419255403440929,0.0066149532954795,0.0054037536649444
"CHDH",0.0066305378218171,0.00417627693524709,0.00540340737853209
"SLC35E1",0.00689232677181761,0.00390363021723195,0.00539797849452478
"TFPT",0,0.0107956135538136,0.00539780677690681
"GTF2IRD2",0.00598408307818796,0.00480814653629746,0.00539611480724271
"NDUFB8",0.0101766371125972,0.000613455115534047,0.00539504611406564
"IDH1",0.00103614310964832,0.00975261643160248,0.0053943797706254
"LPC 22:5",0,0.0107760861288228,0.00538804306441141
"TMCC1",0.000609495946851953,0.0101659013969013,0.00538769867187664
"LINC01504",0.00176753824587066,0.00900388246172446,0.00538571035379756
"ATP1B1",0.00603903244622488,0.00472157037127735,0.00538030140875111
"RHOBTB2",0.0039857144524457,0.00676642075639084,0.00537606760441827
"ENSG00000287574.1",0.010749174262672,0,0.005374587131336
"CYTH2",0.0107371738093755,0,0.00536858690468773
"DUSP16",0.00422951283118648,0.00649377403837571,0.00536164343478109
"BOLA3",0.0101766371125972,0.000545293436030264,0.00536096527431375
"IMMT",0.0101766371125972,0.000545293436030264,0.00536096527431375
"NDUFA8",0.0101766371125972,0.000545293436030264,0.00536096527431375
"TIMMDC1",0.0101766371125972,0.000545293436030264,0.00536096527431375
"MRI1",0.0012799414883891,0.00943883907521537,0.00535939028180224
"HOXC6",0.00280368135551899,0.00791329558966394,0.00535848847259146
"PAK4",0.00628283082496566,0.00443377955135845,0.00535830518816205
"NMD3",0,0.0107111948329316,0.0053555974164658
"ZNF768",0,0.0107013836820939,0.00535069184104696
"PLSCR1",0.000670445541537149,0.0100252631496176,0.00534785434557738
"ENSG00000279069.1",0.00652662920370644,0.00416113283334332,0.00534388101852488
"OGG1",0.00079234473090754,0.00988893979061005,0.00534064226075879
"TNRC6C",0.000243798378740781,0.0104342332266403,0.00533901580269055
"TDG",0.00567333487811371,0.00499421708929248,0.00533377598370309
"Salicyluric acid",0.0106661790699092,0,0.00533308953495459
"ENSG00000284024.4",0,0.0106657493062835,0.00533287465314173
"ENSG00000251364.8",0.0106642338700788,0,0.0053321169350394
"TOMM22",0.0106642338700788,0,0.0053321169350394
"ZNF618",0,0.010657132750668,0.00532856637533399
"ZFP14",0,0.010657132750668,0.00532856637533399
"RASSF8",0.000853294325592735,0.00980236362558994,0.00532782897559134
"VAPB",0.00716611617511467,0.00347951603830549,0.00532281610671008
"GIMAP7",0.00593610148237195,0.00470642626937358,0.00532126387587277
"PGM1",0.0012799414883891,0.00934364635457978,0.00531179392148444
"TRA2B",0.00103614310964832,0.00957946410156227,0.00530780360560529
"VASH1",0.00603903244622488,0.00457010291036601,0.00530456767829545
"POLR3F",0,0.0106073855566805,0.00530369277834026
"TSC22D2",0.0012799414883891,0.00930681738354713,0.00529337943596812
"KLKB1",0.0101766371125972,0.000408970077022698,0.00529280359480997
"HDGFL3",0.000121899189370391,0.0104612642677721,0.00529158172857125
"ENG",0.00386381526307531,0.00671667356240338,0.00529024441273934
"ATAD3B",0.000731395136222344,0.00984780915223807,0.00528960214423021
"VPS11",0.0092753611911885,0.00129507191057188,0.00528521655088019
"LMO4",0.00504584836000202,0.00552436642341898,0.0052851073917105
"SH3BP5-AS1",0.00652662920370644,0.00403995357623952,0.00528329138997298
"C4orf33",0.00652662920370644,0.00403995357623952,0.00528329138997298
"RNF165",0.000304747973425977,0.0102567792292608,0.00528076360134337
"PHKA2",0.000304747973425977,0.0102567792292608,0.00528076360134337
"C2CD3",0.00152373986712988,0.00902986899819267,0.00527680443266128
"RNFT1",0.0013408910830743,0.00921163788384837,0.00527626448346133
"GGT1",0.00652662920370644,0.00402480947433575,0.0052757193390211
"PRADC1",0.00569230310363117,0.00485789373028492,0.00527509841695804
"ZNF84",0.000487596757481563,0.0100620921206503,0.00527484443906591
"CE 22:6",0.0105442798805388,0,0.0052721399402694
"Guanidoacetic acid",0.0105442798805388,0,0.0052721399402694
"ACBD4",0.000487596757481563,0.0100522941907494,0.00526994547411549
"TMEM104",0.00704421698574428,0.00349466014020926,0.00526943856297677
"THRSP",0.00664852839307683,0.00388848611532818,0.00526850725420251
"ENSG00000289071.1",0.00109709270433352,0.00943883907521537,0.00526796588977444
"PPM1D",0.00121899189370391,0.00930681738354713,0.00526290463862552
"KIAA1958",6.09495946851953e-05,0.0104612642677721,0.00526110693122865
"CANX",0.00447331120992726,0.00603505676736555,0.00525418398864641
"ENSG00000279789.1",0.00455825160252046,0.00594848060234544,0.00525336610243295
"LEO1",0.000548546352166758,0.00995814597477743,0.00525334616347209
"LARP4",0.000975193514963125,0.00952971690757481,0.00525245521126897
"BRI3BP",0.00115804229901871,0.00934364635457978,0.00525084432679925
"ENSG00000283236.1",0.000853294325592735,0.00964332411372672,0.00524830921965973
"PIP4P1",0.0012799414883891,0.00920732299557222,0.00524363224198066
"H3-3B",0.000853294325592735,0.00962060796087106,0.0052369511432319
"ZNF607",0.0101276778625235,0.000340808397518915,0.00523424313002121
"CD226",0.00642369823985351,0.00403995357623952,0.00523182590804652
"LINC02035",0,0.0104612642677721,0.00523063213388606
"MTMR3",0,0.0104612642677721,0.00523063213388606
"ENSG00000284968.1",0.0101766371125972,0.000272646718015132,0.00522464191530619
"PPIL4",0,0.0104385481149165,0.00521927405745823
"ENSG00000279133.1",0,0.0104385481149165,0.00521927405745823
"CWF19L2",0.00640473001433605,0.00402480947433575,0.0052147697443359
"SLC44A5",0.000731395136222344,0.00968549925676229,0.00520844719649232
"RCN1",0.000243798378740781,0.0101615865086252,0.00520269244368298
"UBE4B",0.00664852839307683,0.00375216275632062,0.00520034557469873
"TIMM23",0.00569230310363117,0.00470642626937358,0.00519936468650238
"CPSF1",0.00195038702992625,0.00843913003551428,0.00519475853272027
"ATG4A",0.0101766371125972,0.000204485038511349,0.0051905610755543
"PAM",0.00634978064629913,0.00402480947433575,0.00518729506031744
"ENSG00000235070.3",0.007014225961188,0.00335833678120169,0.00518628137119485
"PDE12",0.00079234473090754,0.00957946410156227,0.0051859044162349
"FOXRED2",0.000304747973425977,0.0100620921206503,0.00518342004703812
"ZNF614",0.000609495946851953,0.00975693131987863,0.00518321363336529
"MRPL19",0.00960409996252248,0.000749778474541613,0.00517693921853205
"NT5C3B",0.00960409996252248,0.000749778474541613,0.00517693921853205
"TXLNA",0.000182848784055586,0.0101659013969013,0.00517437509047846
"HPN-AS1",0.00713612515055839,0.00320686932029036,0.00517149723542438
"ENSG00000264151.6",0.00972599915189287,0.000613455115534047,0.00516972713371346
"DYNLT1",0.00508280715677922,0.00525171970540384,0.00516726343109153
"ABCA9",0.00494193974189136,0.00538804306441141,0.00516499140315139
"CEP76",0.000426647162796367,0.0098932546788862,0.00515995092084128
"ZNF644",0.00628283082496566,0.00402480947433575,0.0051538201496507
"PHRF1",0.00628283082496566,0.00402480947433575,0.0051538201496507
"LUC7L3",0.00614294106433554,0.00416113283334332,0.00515203694883943
"DHX9",0.000548546352166758,0.00975261643160248,0.00515058139188462
"F8A1",0.000853294325592735,0.00943883907521537,0.00514606670040405
"BHLHE40",0.0012799414883891,0.00900388246172446,0.00514191197505678
"2-Acetylpyrrolidine",0.00469311879076004,0.0055892577193102,0.00514118825503512
"ENSG00000260751.2",0.00664852839307683,0.00361583939731305,0.00513218389519494
"MEF2C-AS1",0,0.0102567792292608,0.00512838961463038
"RPA1",0,0.0102567792292608,0.00512838961463038
"SLC9A8",0.000548546352166758,0.00970286923761502,0.00512570779489089
"PPIL2",0.000182848784055586,0.0100522941907494,0.0051175714874025
"GOLGB1",0.00337621850559375,0.00685299692141095,0.00511460771350235
"C2orf69",0.000426647162796367,0.00980236362558994,0.00511450539419315
"LRRC52",0.00091424392027793,0.00930681738354713,0.00511053065191253
"FOXN2",0,0.0102113337026126,0.00510566685130632
"PDLIM4",0.00884271380174386,0.00136323359007566,0.00510297369590976
"ZMYM6",0.00634978064629913,0.0038538830232445,0.00510183183477181
"SMCHD1",0,0.0101984154796578,0.00509920773982891
"FICD",0.00965208155833849,0.000545293436030264,0.00509868749718438
"LINC00342",0.00494193974189136,0.00525171970540384,0.0050968297236476
"RAB8A",0.000548546352166758,0.00964332411372672,0.00509593523294674
"FRY",0.000548546352166758,0.00964332411372672,0.00509593523294674
"ATP5MC1",0.0039857144524457,0.00620598321845681,0.00509584883545125
"RETREG3",0.00984789834126326,0.000340808397518915,0.00509435336939109
"DOK5",0.00956714116574529,0.000613455115534047,0.00509029814063967
"IBTK",0.00956714116574529,0.000613455115534047,0.00509029814063967
"PGPEP1L",0.000426647162796367,0.00975261643160248,0.00508963179719942
"UQCRH",0.0101766371125972,0,0.00508831855629862
"CYCS",0.0101766371125972,0,0.00508831855629862
"NAXE",0.0101766371125972,0,0.00508831855629862
"COPS4",0.0101766371125972,0,0.00508831855629862
"CKMT2",0.0101766371125972,0,0.00508831855629862
"CA2",0.0101766371125972,0,0.00508831855629862
"TSPAN9",0.0101766371125972,0,0.00508831855629862
"TUBB4A",0.00079234473090754,0.00938047532561244,0.00508641002825999
"EPDR1",0.00628283082496566,0.00388848611532818,0.00508565847014692
"KDM3B",0.000731395136222344,0.00943883907521537,0.00508511710571886
"MT-TA",0.00626484025370593,0.00390363021723195,0.00508423523546894
"PXDC1",0,0.0101659013969013,0.00508295069845066
"TUBA1C",0,0.0101615865086252,0.00508079325431259
"LMBR1L",0.000365697568111172,0.00978944540263513,0.00507757148537315
"ARRDC4",0.00638673944307632,0.00376730685822439,0.00507702315065035
"ENSG00000275645.1",0.00569230310363117,0.00444892365326222,0.00507061337844669
"TSPAN4",0.00079234473090754,0.00934364635457978,0.00506799554274366
"SPDYE18",0.00664852839307683,0.00347951603830549,0.00506402221569116
"OS9",0.00109709270433352,0.00902986899819267,0.00506348085126309
"HELZ",6.09495946851953e-05,0.0100620921206503,0.00506152085766773
"ATP2A2",0.00459521039929765,0.00552436642341898,0.00505978841135831
"ZBTB4",6.09495946851953e-05,0.0100522941907494,0.00505662189271731
"DANCR",0.00956714116574529,0.000545293436030264,0.00505621730088778
"VPS45",0.00152373986712988,0.00857545339452185,0.00504959663082586
"MT-ND4",0.000975193514963125,0.00912074683055211,0.00504797017275762
"NPC1",0.00591713325685449,0.00417627693524709,0.00504670509605079
"TOB1",0.00337621850559375,0.00671667356240338,0.00504644603399856
"MPHOSPH9",0.00605800067174234,0.00402480947433575,0.00504140507303905
"EIF4G2",0,0.0100750103436051,0.00503750517180254
"STK35",0.00313242012685297,0.00693957308643106,0.00503599660664201
"EFNA1",0.00884271380174386,0.00122691023106809,0.00503481201640598
"CNPY4",0.00121899189370391,0.00884810011253698,0.00503354600312044
"MSL2",0,0.0100620921206503,0.00503104606032513
"SMARCA2",0,0.0100620921206503,0.00503104606032513
"FBXO11",0,0.0100620921206503,0.00503104606032513
"PIP4K2B",0,0.0100620921206503,0.00503104606032513
"ZNF24",0,0.0100620921206503,0.00503104606032513
"VLDLR-AS1",0.0100547379232269,0,0.00502736896161343
"SMIM14",0,0.0100522941907494,0.00502614709537471
"ZNF603P",0.00079234473090754,0.00925707018955968,0.00502470746023361
"NXT1",0.000426647162796367,0.00961629307259492,0.00502147011769564
"DGCR8",0.000609495946851953,0.00941285253874716,0.00501117424279956
"XIRP1",0.000426647162796367,0.00957946410156227,0.00500305563217932
"PPP2CA",0.000426647162796367,0.00957946410156227,0.00500305563217932
"PILRB",0.00932334278700451,0.00068161679503783,0.00500247979102117
"FZD3",0.000487596757481563,0.00951679868462,0.00500219772105078
"NTMT1",0.00158468946181508,0.00841641388265863,0.00500055167223685
"MLLT10",0.000243798378740781,0.00975261643160248,0.00499820740517163
"SMO",0.000243798378740781,0.00975261643160248,0.00499820740517163
"FAHD1",0.000853294325592735,0.00914020582073203,0.00499675007316238
"PDZRN3",0.0083551170442623,0.00163588030809079,0.00499549867617655
"LRP6",0.00813028689103898,0.00185877983211847,0.00499453336157872
"UTP3",0.000853294325592735,0.00912074683055211,0.00498702057807242
"MPG",0.00996979753063365,0,0.00498489876531683
"MAP1LC3B",0.0096960081273366,0.000272646718015132,0.00498432742267586
"PALS2",0.00158468946181508,0.00835255387049417,0.00496862166615463
"MTG2",0.00951915956992929,0.000408970077022698,0.00496406482347599
"PPDPFL",0.000487596757481563,0.00943883907521537,0.00496321791634847
"WDR48",0.000487596757481563,0.00943883907521537,0.00496321791634847
"MRPS16",0.0039857144524457,0.00593333650044167,0.00495952547644369
"PPARGC1A",0.000609495946851953,0.00930681738354713,0.00495815666519954
"ZDHHC3",0.00956714116574529,0.000340808397518915,0.0049539747816321
"TM7SF3",0.000426647162796367,0.00947996971358735,0.00495330843819186
"ELK1",0.000548546352166758,0.00934796124285593,0.00494825379751135
"FHL2",0,0.0098932546788862,0.0049466273394431
"SEMA3F",0,0.0098932546788862,0.0049466273394431
"OLFML2A",0,0.00988893979061005,0.00494446989530502
"FLNB-AS1",0.00121899189370391,0.0086663444478181,0.004942668170761
"TTYH3",0.00288862174811218,0.00698932028041851,0.00493897101426535
"Aminoisobutyric acid",0.00987383433900165,0,0.00493691716950082
"LPC 20:5/0:0",0.00987383433900165,0,0.00493691716950082
"VILL",0.000426647162796367,0.00943883907521537,0.00493274311900587
"ENSG00000284672.1",0.00555143568874332,0.00431260029425465,0.00493201799149898
"TERF2IP",0.000853294325592735,0.00900388246172446,0.0049285883936586
"SEMA5A",0,0.00984780915223807,0.00492390457611903
"KCNQ1OT1",0,0.00984780915223807,0.00492390457611903
"CHRNB1",0,0.00984780915223807,0.00492390457611903
"PEBP4",0.000609495946851953,0.00923435403670402,0.00492192499177799
"PAK6",0.00565534430685398,0.00417627693524709,0.00491581062105053
"TMEM161B",0.00079234473090754,0.00902986899819267,0.00491110686455011
"Cystine",0,0.00981528184854475,0.00490764092427237
"SM 44:4;O2",0,0.00981528184854475,0.00490764092427237
"TTTY14",0.00109709270433352,0.00871177675352941,0.00490443472893146
"SPRY4",0,0.00980236362558994,0.00490118181279497
"MRM1",0.00617989986111273,0.00361583939731305,0.00489786962921289
"ZZZ3",0.00972599915189287,6.8161679503783e-05,0.00489708041569833
"UTP11",0.00603903244622488,0.00375216275632062,0.00489559760127275
"ZCCHC10",0.00842206686559577,0.00136323359007566,0.00489265022783571
"ZBTB2",0.00146279027244469,0.00832226566668663,0.00489252796956566
"SOCS1",0.00786752028678074,0.00190852702610592,0.00488802365644333
"GPR4",0.000731395136222344,0.009034170665532,0.00488278290087717
"HNRNPUL1",0.000731395136222344,0.009034170665532,0.00488278290087717
"RAB1A",0.000182848784055586,0.00957946410156227,0.00488115644280893
"UBR5-DT",0.00976198029441233,0,0.00488099014720617
"ARID3B",0.000731395136222344,0.00902986899819267,0.00488063206720751
"ACTG1P4",0.000731395136222344,0.00902986899819267,0.00488063206720751
"HERC2P9",0.00859891542300308,0.00115874855156431,0.0048788319872837
"ZNF746",0,0.00975693131987863,0.00487846565993932
"POLR2A",0,0.00975693131987863,0.00487846565993932
"DDTL",0,0.00975693131987863,0.00487846565993932
"DCXR",0,0.00975261643160248,0.00487630821580124
"CCDC85C",0.00504584836000202,0.00470642626937358,0.0048761373146878
"ENSG00000287104.1",0.000609495946851953,0.00914020582073203,0.00487485088379199
"CEP72",0.00091424392027793,0.00882538395968132,0.00486981393997963
"ABCB6",0.00762372190803996,0.00211301206461727,0.00486836698632861
"RELL1",0.000426647162796367,0.00930681738354713,0.00486673227317175
"KIF21A",0.00862890644755936,0.00109058687206053,0.00485974665980994
"PPIE",0.00109709270433352,0.00862089892116998,0.00485899581275175
"ZNF214",0.00842206686559577,0.00129507191057188,0.00485856938808382
"OTULIN",0.00923840239441131,0.000477131756526481,0.0048577670754689
"H2AZ2",0.00896461299111426,0.000749778474541613,0.00485719573282793
"EIF2AK2",0.00567333487811371,0.00403995357623952,0.00485664422717661
"RANBP10",0.00288862174811218,0.00682270871760341,0.0048556652328578
"RPP25L",0.00158468946181508,0.00811673612351169,0.00485071279266339
"EIF2AK3",0.000121899189370391,0.00957946410156227,0.00485068164546633
"KRBA2",0.000670445541537149,0.00902986899819267,0.00485015726986491
"CBLB",0.00908651218048465,0.000613455115534047,0.00484998364800935
"DMAP1",0.00483900877803843,0.00485789373028492,0.00484845125416168
"PC 16:0_24:6",0.0096960081273366,0,0.0048480040636683
"Proline betaine",0.0096960081273366,0,0.0048480040636683
"4-Aminohippuric acid",0.0096960081273366,0,0.0048480040636683
"COX17",0.00859891542300308,0.00109058687206053,0.0048447511475318
"MMS22L",0.000243798378740781,0.00943883907521537,0.00484131872697808
"MRPS21",0.000670445541537149,0.00900388246172446,0.00483716400163081
"NEXN-AS1",0.000548546352166758,0.00912074683055211,0.00483464659135943
"RDH13",0.0095301823689681,0.000136323359007566,0.00483325286398783
"ARMCX3",0.00121899189370391,0.00843913003551428,0.00482906096460909
"SRSF10",0.00288862174811218,0.00676642075639084,0.00482752125225151
"TM6SF1",0,0.00964332411372672,0.00482166205686336
"FKTN",0,0.00964332411372672,0.00482166205686336
"SUGP2",0.00882472323048413,0.000817940154045396,0.00482133169226477
"NMRK1",0.00079234473090754,0.00884810011253698,0.00482022242172226
"CD300LG",0.00964008110504194,0,0.00482004055252097
"CARNS1",0.00817826848685499,0.00143139526957944,0.00480483187821721
"CCER2",0.000670445541537149,0.00893467627755709,0.00480256090954712
"ADRM1",0.00960409996252248,0,0.00480204998126124
"YIF1B",0.00569230310363117,0.00390363021723195,0.00479796666043156
"TSC22D3",0.00158468946181508,0.00800744380563593,0.0047960666337255
"PCBD2",0.00532660553552,0.00426285310026719,0.0047947293178936
"AZI2",0.000548546352166758,0.00902986899819267,0.00478920767517972
"ENSG00000255426.1",0.00903156281244772,0.000545293436030264,0.00478842812423899
"BDNF-AS",0.00555143568874332,0.00402480947433575,0.00478812258153953
"POLG",0.00847701623363269,0.00109058687206053,0.00478380155284661
"MYADML2",0.00956714116574529,0,0.00478357058287265
"DNM1L",0.00956714116574529,0,0.00478357058287265
"ZNF565",0.00956714116574529,0,0.00478357058287265
"SMG7",0.000121899189370391,0.00943883907521537,0.00478036913229288
"RABL2A",0.000670445541537149,0.00888492908356963,0.00477768731255339
"ENSG00000214776.12",0.00948220077315209,6.8161679503783e-05,0.00477518122632794
"PIP5K1A",0,0.00954917589775473,0.00477458794887736
"RABGGTB",0.000426647162796367,0.00912074683055211,0.00477369699667424
"PS P-36:1 or PS O-36:2",0,0.00954263513052962,0.00477131756526481
"GPS1",0.00374191607370492,0.00579701314143411,0.00476946460756951
"MIR222HG",0,0.00952971690757481,0.0047648584537874
"AMPH",0.00577724349622437,0.00375216275632062,0.00476470312627249
"CNBP",0.0039857144524457,0.00553951052532275,0.00476261248888422
"ACSL3",0.000670445541537149,0.00884810011253698,0.00475927282703706
"PTCHD4",0.000487596757481563,0.00902986899819267,0.00475873287783712
"NAP1L5",0.00170658865118547,0.00780726043446391,0.00475692454282469
"ATP5F1C",0.0039857144524457,0.00552436642341898,0.00475504043793234
"ATP5PF",0.0039857144524457,0.00552436642341898,0.00475504043793234
"ATP5MC3",0.0039857144524457,0.00552436642341898,0.00475504043793234
"ZNF502",0.00603903244622488,0.0034449129462218,0.00474197269622334
"SDHD",0.00516774754937241,0.00431260029425465,0.00474017392181353
"PRRX1",0.00115804229901871,0.00832226566668663,0.00474015398285267
"ENSG00000279821.1",0.000609495946851953,0.0088675591027169,0.00473852752478443
"SESN3",0.00838510806881858,0.00109058687206053,0.00473784747043955
"MED17",0.00447331120992726,0.00499421708929248,0.00473376414960987
"ALDH8A1",0.00447331120992726,0.00499421708929248,0.00473376414960987
"ETV1",0.000121899189370391,0.00934364635457978,0.00473277277197509
"SNF8",0.00569230310363117,0.00376730685822439,0.00472980498092778
"SLC25A15",0.00569230310363117,0.00376730685822439,0.00472980498092778
"ZNF234",0.000426647162796367,0.00902986899819267,0.00472825808049452
"CBX3",0.000426647162796367,0.00902986899819267,0.00472825808049452
"FAM126B",0.000426647162796367,0.00902986899819267,0.00472825808049452
"ZCCHC8",0.000243798378740781,0.00921163788384837,0.00472771813129457
"GPR135",0.00542953649937292,0.00402480947433575,0.00472717298685434
"LINC02018",0.00774562109741035,0.00170404198759457,0.00472483154250246
"MIDEAS",0.00610598226755835,0.00334319267929792,0.00472458747342813
"IRS1",0.0083551170442623,0.00109058687206053,0.00472285195816141
"CTR9",0.000731395136222344,0.00871177675352941,0.00472158594487588
"CLIC4",0.00896461299111426,0.000477131756526481,0.00472087237382037
"NEO1",0,0.00943883907521537,0.00471941953760769
"ENSG00000228366.1",0,0.00943883907521537,0.00471941953760769
"SCN1B",0,0.00943883907521537,0.00471941953760769
"KBTBD4",0.00471710958866804,0.00472157037127735,0.0047193399799727
"PTGES3",0.00786752028678074,0.00156771862858701,0.00471761945768387
"ITPR3",0.00103614310964832,0.00838938284152682,0.00471276297558757
"HOXD3",0.00103614310964832,0.00838938284152682,0.00471276297558757
"ENSG00000254539.1",0.00920841136985504,0.000204485038511349,0.00470644820418319
"ZNF585B",0,0.00941285253874716,0.00470642626937358
"RNF152",0.00109709270433352,0.00830280667650671,0.00469994969042012
"ANXA2R",0.00591713325685449,0.00347951603830549,0.00469832464757999
"DG 38:3",0.00938623758152008,0,0.00469311879076004
"PE 16:0_18:2",0.00938623758152008,0,0.00469311879076004
"FA 14:2;O",0.00938623758152008,0,0.00469311879076004
"TG 47:2",0.00938623758152008,0,0.00469311879076004
"ODAD4",0.000548546352166758,0.00882538395968132,0.00468696515592404
"ZBTB5",0.00158468946181508,0.00777697223065637,0.00468083084623572
"COQ8B",0.00833712647300257,0.00102242519255674,0.00467977583277966
"NPIPA1",0.00574028469944717,0.00361583939731305,0.00467806204838011
"ZNF461",0.00091424392027793,0.00843913003551428,0.00467668697789611
"CATSPER2",0.000731395136222344,0.00862089892116998,0.00467614702869616
"MLX",0.000731395136222344,0.00862089892116998,0.00467614702869616
"CFAP70",0.00516774754937241,0.00417627693524709,0.00467201224230975
"LMAN2L",0.00504584836000202,0.00429745619235088,0.00467165227617645
"FOSB",0.000609495946851953,0.00873123574370933,0.00467036584528064
"TUBG2",0.000304747973425977,0.00902986899819267,0.00466730848580932
"AGA",0.00878776443370694,0.000545293436030264,0.0046665289348686
"SNRNP25",0.00447331120992726,0.00484274962838115,0.0046580304191542
"OR2S1P",0.000487596757481563,0.00882538395968132,0.00465649035858144
"ACTC1",0.00581420229300156,0.00349466014020926,0.00465443121660541
"ARID5A",0,0.00930681738354713,0.00465340869177357
"ZNF469",0.00471710958866804,0.00458524701226978,0.00465117830046891
"SNIP1",0.00786752028678074,0.00143139526957944,0.00464945777818009
"ZNF558",0.000426647162796367,0.0088675591027169,0.00464710313275663
"GLE1",0.00152373986712988,0.00775751324047645,0.00464062655380317
"CEP112",0.00455825160252046,0.00472157037127735,0.0046399109868989
"MRPL48",0.00866586524433655,0.000613455115534047,0.0046396601799353
"ENSG00000280007.1",0,0.0092765291797396,0.0046382645898698
"IRF3",0.000243798378740781,0.00902986899819267,0.00463683368846673
"ERLEC1",0.00577724349622437,0.00349466014020926,0.00463595181821681
"PARN",0.00872081461237347,0.000545293436030264,0.00463305402420187
"PE 17:0_18:1",0.00926433839214969,0,0.00463216919607485
"FA 26:3;O2",0.00926433839214969,0,0.00463216919607485
"EIF4E",0,0.00925707018955968,0.00462853509477984
"ENPP1",0.00720307497189186,0.00204485038511349,0.00462396267850268
"ENSG00000269068.1",0.0083551170442623,0.000886101833549179,0.00462060943890574
"PCYT2",0.000975193514963125,0.00825305948251926,0.00461412649874119
"GON4L",0.00847701623363269,0.000749778474541613,0.00461339735408715
"C10orf143",0,0.00921163788384837,0.00460581894192418
"ANO2",0,0.00921163788384837,0.00460581894192418
"PDCD2",0.00920841136985504,0,0.00460420568492752
"Cer 20:1;O2/24:0",0,0.0092018267330107,0.00460091336650535
"HOXC4",0.00872081461237347,0.000477131756526481,0.00459897318444998
"MLH3",0.00301052093748257,0.00617138012637312,0.00459095053192785
"EN1",0.00774562109741035,0.00143139526957944,0.0045885081834949
"PROSER1",0.000365697568111172,0.00879835291854952,0.00458202524333035
"DAGLA",0.000426647162796367,0.00873123574370933,0.00457894145325285
"ENSG00000282393.1",0.00170658865118547,0.00744803755142867,0.00457731310130707
"PPP1R32",0.0057952340674841,0.00335833678120169,0.00457678542434289
"CPLX1",0.000121899189370391,0.00902986899819267,0.00457588409378153
"URGCP",0.000426647162796367,0.00871177675352941,0.00456921195816289
"NOC3L",0.00219418540866703,0.00693957308643106,0.00456687924754904
"AP1B1",0.00911650320504092,0,0.00455825160252046
"PPP1CB",0.00616093163559527,0.00294936670417899,0.00455514916988713
"SLK",0.0080194105007074,0.00109058687206053,0.00455499868638397
"NDUFAF2",0.0039857144524457,0.00511539634639628,0.00455055539942099
"CNTNAP1",0.00079234473090754,0.00830280667650671,0.00454757570370713
"EDN1",0.00895764521889334,0.000136323359007566,0.00454698428895045
"BCL3",0.0012799414883891,0.00780726043446391,0.00454360096142651
"EMP1",0.00640473001433605,0.00267671998616386,0.00454072500024996
"TENT5C",0.000548546352166758,0.00853002108881054,0.00453928372048865
"OAF",0.000243798378740781,0.00882538395968132,0.00453459116921105
"CNN3",0.00811131866552152,0.000954263513052962,0.00453279108928724
"AGO4",0.00557040391426078,0.00347951603830549,0.00452495997628313
"VLDLR",0.000426647162796367,0.00862089892116998,0.00452377304198317
"GOLPH3",0.000548546352166758,0.00848887722950174,0.00451871179083425
"TEX52",0,0.00902986899819267,0.00451493449909634
"TMEM272",0,0.00902986899819267,0.00451493449909634
"DBR1",0,0.00902986899819267,0.00451493449909634
"TYSND1",0,0.00902986899819267,0.00451493449909634
"KCTD18",0,0.00902986899819267,0.00451493449909634
"PIGM",0,0.00902986899819267,0.00451493449909634
"ZNF414",0.00471710958866804,0.00431260029425465,0.00451485494146135
"ENSG00000289182.1",0.00786752028678074,0.00115874855156431,0.00451313441917253
"WDR46",0.00274273176083379,0.00627741528157314,0.00451007352120347
"CASP4LP",0.000609495946851953,0.00840230106448163,0.00450589850566679
"ENSG00000279811.1",0.00109709270433352,0.00791329558966394,0.00450519414699873
"DHX40",0.00859891542300308,0.000408970077022698,0.00450394275001289
"MYH7B",0.000975193514963125,0.00803015995849158,0.00450267673672735
"WWP2",0.00750182271866957,0.00149955694908323,0.0045006898338764
"CYLD",0.00469814136315058,0.00429745619235088,0.00449779877775073
"TOP1",0.00115804229901871,0.00780726043446391,0.00448265136674131
"SECISBP2",0.000548546352166758,0.00841641388265863,0.00448248011741269
"PSMB7",0.00896461299111426,0,0.00448230649555713
"HDAC11",0.00725802433992878,0.00170404198759457,0.00448103316376168
"WBP1L",0.00079234473090754,0.00816648331749915,0.00447941402420334
"RANBP2",0.00786752028678074,0.00109058687206053,0.00447905357942063
"RPP14",0.00786752028678074,0.00109058687206053,0.00447905357942063
"PANK3",0.00195038702992625,0.00698932028041851,0.00446985365517238
"MYOG",0.00286463095020418,0.00606965985944924,0.00446714540482671
"RICTOR",0.000853294325592735,0.00807990715247904,0.00446660073903589
"MAST4",0.000853294325592735,0.00807990715247904,0.00446660073903589
"LRRFIP2",0.000487596757481563,0.00843913003551428,0.00446336339649792
"EOLA1",0.00447331120992726,0.00444892365326222,0.00446111743159474
"MRPS28",0.00516774754937241,0.00375216275632062,0.00445995515284652
"ENSG00000237094.12",0.00890966362307733,0,0.00445483181153867
"ETFB",0.0052896467387428,0.00361583939731305,0.00445274306802793
"ST6GALNAC6",0.000304747973425977,0.00859491238470176,0.00444983017906387
"DNAJC18",0.0081413096900778,0.000749778474541613,0.0044455440823097
"BMP2",0.00121899189370391,0.00767093707545634,0.00444496448458013
"RALGAPA1",0,0.0088675591027169,0.00443377955135845
"NCSTN",0.00750182271866957,0.00136323359007566,0.00443252815437261
"ART3",0.00483900877803843,0.00402480947433575,0.00443190912618709
"TSC2",0.00838510806881858,0.000477131756526481,0.00443111991267253
"RPL36AL",0.00838510806881858,0.000477131756526481,0.00443111991267253
"B4GALNT3",0.00811131866552152,0.000749778474541613,0.00443054857003157
"Glycoursodeoxycholic acid",0,0.00886101833549179,0.00443050916774589
"FIGN",0.000121899189370391,0.00873123574370933,0.00442656746653986
"TLN2",0.00789751131133701,0.000954263513052962,0.00442588741219499
"RMI1",0.00884271380174386,0,0.00442135690087193
"PCYOX1L",0.00713612515055839,0.00170404198759457,0.00442008356907648
"RRS1",0.00774562109741035,0.00109058687206053,0.00441810398473544
"HSPH1",0.0083551170442623,0.000477131756526481,0.00441612440039439
"SULT1C4",0,0.00882538395968132,0.00441269197984066
"ZNF780A",0,0.00882538395968132,0.00441269197984066
"G2E3",0.00875080563692975,6.8161679503783e-05,0.00440948365821677
"DNAJC10",0.00847701623363269,0.000340808397518915,0.0044089123155758
"IPO7",0.00786055251455982,0.000954263513052962,0.00440740801380639
"ARFRP1",0.00504584836000202,0.00376730685822439,0.00440657760911321
"SDE2",0.00103614310964832,0.00777697223065637,0.00440655767015235
"MFSD14C",0,0.00880266780682567,0.00440133390341283
"TENM4",0,0.00880266780682567,0.00440133390341283
"MRPL20",0.00115804229901871,0.0076406488716488,0.00439934558533376
"ENSG00000232926.1",0.00838510806881858,0.000408970077022698,0.00439703907292064
"BIVM",0.00736193295803945,0.00143139526957944,0.00439666411380944
"ANKRD46",0.00182848784055586,0.00695903207661097,0.00439375995858342
"MYH9",0.00152373986712988,0.00726196699843365,0.00439285343278176
"HMGB2",0.0012799414883891,0.00750432551264124,0.00439213350051517
"MALAT1",0.000975193514963125,0.00780726043446391,0.00439122697471352
"BBS5",0.000243798378740781,0.00853002108881054,0.00438690973377566
"ENSG00000230606.11",0.000731395136222344,0.00803015995849158,0.00438077754735696
"ZNF605",0.000426647162796367,0.00832226566668663,0.0043744564147415
"ZNF546",0.00243798378740781,0.00630770348538068,0.00437284363639425
"PDE4A",0.00483900877803843,0.00390363021723195,0.00437131949763519
"FASTKD3",0.00455825160252046,0.00417627693524709,0.00436726426888377
"TLNRD1",0.000426647162796367,0.00830280667650671,0.00436472691965154
"NANP",0.000426647162796367,0.00830280667650671,0.00436472691965154
"RET",0.00811131866552152,0.000613455115534047,0.00436238689052778
"GGPS1",0.00455825160252046,0.00416113283334332,0.00435969221793189
"PC 30:3",0.00871579203998293,0,0.00435789601999147
"RPS4Y1",0,0.00871177675352941,0.00435588837676471
"CSRNP2",0,0.00871177675352941,0.00435588837676471
"FAM110B",0,0.00871177675352941,0.00435588837676471
"RBBP4",0.00774562109741035,0.000954263513052962,0.00434994230523165
"KPNA4",0.000487596757481563,0.00821192884414728,0.00434976280081442
"KCNJ2-AS1",0.00786752028678074,0.000817940154045396,0.00434273022041307
"RBMXL1",0.00520470634614961,0.00347951603830549,0.00434211119222755
"RBM43",0.00847701623363269,0.000204485038511349,0.00434075063607202
"ORMDL3",0.00744687335063264,0.00122691023106809,0.00433689179085037
"ING5",0.00176753824587066,0.0069027441153984,0.00433514118063453
"TTLL7",0.00784952971552101,0.000817940154045396,0.0043337349347832
"C1QTNF6",0.00516774754937241,0.00349466014020926,0.00433120384479083
"SLC39A9",0.000853294325592735,0.00780726043446391,0.00433027738002832
"ZNF426",0.0065455974292239,0.00211301206461727,0.00432930474692059
"JUND",0.000426647162796367,0.00821623051148661,0.00432143883714149
"USP47",0.00555143568874332,0.00308569006318656,0.00431856287596494
"NRARP",0.00109709270433352,0.00753461371644878,0.00431585321039115
"KLHL18",0.00862890644755936,0,0.00431445322377968
"COPS7B",0.00760573133678023,0.00102242519255674,0.00431407826466849
"PAX7",0.0083551170442623,0.000272646718015132,0.00431388188113872
"ID1",0.000731395136222344,0.00789383659948402,0.00431261586785318
"LINC01356",0,0.00862089892116998,0.00431044946058499
"ENSG00000287570.1",0.00786752028678074,0.000749778474541613,0.00430864938066118
"NPIPB12",0.000426647162796367,0.00818594230767907,0.00430629473523772
"TNRC6A",0.00483900877803843,0.00376730685822439,0.00430315781813141
"TMEM126B",0.00798941947615113,0.000613455115534047,0.00430143729584259
"NRXN2",0.00762372190803996,0.000954263513052962,0.00428899271054646
"GRTP1-AS1",0,0.00857545339452185,0.00428772669726092
"SCN4A",0.00652662920370644,0.00204485038511349,0.00428573979440997
"ADAMTS1",0.00103614310964832,0.00753461371644878,0.00428537841304855
"SOX18",0.00103614310964832,0.00753461371644878,0.00428537841304855
"PJA1",0.00079234473090754,0.00777697223065637,0.00428465848078195
"SLC25A25-AS1",0.000670445541537149,0.00789383659948402,0.00428214107051058
"ZNF711",0.00650863863244671,0.00204485038511349,0.0042767445087801
"IPPK",0.00704421698574428,0.00149955694908323,0.00427188696741375
"SOWAHC",0.00798941947615113,0.000545293436030264,0.0042673564560907
"TES",0,0.00853002108881054,0.00426501054440527
"ARVCF",0.00140184067775949,0.00712564363942608,0.00426374215859279
"HSD17B12",0.00158468946181508,0.00693957308643106,0.00426213127412307
"WNT5A",0.000487596757481563,0.00803015995849158,0.00425887835798657
"ING1",0.000731395136222344,0.00777697223065637,0.00425418368343936
"TRIM72",0.00823321785489191,0.000272646718015132,0.00425293228645352
"SYNM",0.0012799414883891,0.00721221980444619,0.00424608064641764
"ENSG00000250377.2",0.00152373986712988,0.00695903207661097,0.00424138597187043
"ENSG00000278989.1",0.0081413096900778,0.000340808397518915,0.00424105904379835
"BAZ1A",0.000670445541537149,0.00780726043446391,0.00423885298800053
"PDK4",0.000670445541537149,0.00780726043446391,0.00423885298800053
"LCMT1-AS1",0.00847701623363269,0,0.00423850811681635
"SNX2",0.00847701623363269,0,0.00423850811681635
"HSBP1L1",0.00737992352929918,0.00109058687206053,0.00423525520067985
"KIAA0232",0.00737992352929918,0.00109058687206053,0.00423525520067985
"RECQL5",0.00737992352929918,0.00109058687206053,0.00423525520067985
"ENSG00000243696.5",0.00798941947615113,0.000477131756526481,0.00423327561633881
"ENSG00000273007.2",0.0013408910830743,0.00712564363942608,0.00423326736125019
"TIAM1",0.000548546352166758,0.00791329558966394,0.00423092097091535
"GRAMD2B",0.00764269013355742,0.000817940154045396,0.00423031514380141
"ARNT",0,0.0084585890256942,0.0042292945128471
"BIRC2",0.00386381526307531,0.00458524701226978,0.00422453113767255
"ZNF256",0.00374191607370492,0.00470642626937358,0.00422417117153925
"KLC4",0.000670445541537149,0.00777697223065637,0.00422370888609676
"PPP1R7",0.000670445541537149,0.00777697223065637,0.00422370888609676
"VEZF1",0.000121899189370391,0.00832226566668663,0.00422208242802851
"VDR",0.00182848784055586,0.0066149532954795,0.00422172056801768
"ABCD3",0.000426647162796367,0.00800744380563593,0.00421704548421615
"AREL1",0.00079234473090754,0.0076406488716488,0.00421649680127817
"ZNF879",0.000670445541537149,0.00775751324047645,0.0042139793910068
"CCDC51",0,0.00838938284152682,0.00419469142076341
"AMMECR1",0,0.00838938284152682,0.00419469142076341
"PC 39:6",0,0.00838388657896531,0.00419194328948265
"EPB41L5",6.09495946851953e-05,0.00832226566668663,0.00419160763068591
"ENSG00000279722.1",0.00182848784055586,0.00655006199958828,0.00418927492007207
"BUD13",0.00152373986712988,0.00685299692141095,0.00418836839427042
"MYPN",0.00789751131133701,0.000477131756526481,0.00418732153393175
"SNAPC4",0.00325431931622336,0.00511539634639628,0.00418485783130982
"ENSG00000273295.1",0.00713612515055839,0.00122691023106809,0.00418151769081324
"HSPB8",0,0.00835255387049417,0.00417627693524709
"ARHGAP17",0,0.00835255387049417,0.00417627693524709
"SINHCAF",0.00725802433992878,0.00109058687206053,0.00417430560599466
"RNF122",0.00786752028678074,0.000477131756526481,0.00417232602165361
"LYAR",0.000304747973425977,0.00803015995849158,0.00416745396595878
"TMEM79",0.00798941947615113,0.000340808397518915,0.00416511393683502
"MCCC2",0.0013408910830743,0.00698932028041851,0.00416510568174641
"CREBZF",0.00469814136315058,0.00363098349921682,0.0041645624311837
"FCHO2",0.00362001688433453,0.00470642626937358,0.00416322157685405
"SH2B2",0.00689232677181761,0.00143139526957944,0.00416186102069853
"TAF1",0,0.00832226566668663,0.00416113283334332
"ARHGAP5",0.00496090796740883,0.00335833678120169,0.00415962237430526
"HNRNPH3",0.00146279027244469,0.00685299692141095,0.00415789359692782
"IFT81",0.00121899189370391,0.00709535543561854,0.00415717366466122
"HYI",0.00386381526307531,0.00444892365326222,0.00415636945816876
"ACOT11",0.00455825160252046,0.00375216275632062,0.00415520717942054
"MGLL",0.0012799414883891,0.0070239233725022,0.00415193243044565
"PSMD11",0,0.00830280667650671,0.00415140333825336
"CKAP2",0,0.00830280667650671,0.00415140333825336
"TM4SF18",0.0039857144524457,0.00431260029425465,0.00414915737335018
"MAPRE1",0.00170658865118547,0.00658035020339582,0.00414346942729064
"PCF11",0.00170658865118547,0.00658035020339582,0.00414346942729064
"LINC00240",0.00410761364181609,0.00417627693524709,0.00414194528853159
"LRRC38",0.00725802433992878,0.00102242519255674,0.00414022476624277
"PAN2",0.00614294106433554,0.0021314265501336,0.00413718380723457
"HVCN1",0.00091424392027793,0.00734854316345375,0.00413139354186584
"CPEB4",0.000182848784055586,0.00807990715247904,0.00413137796826731
"NUDCD2",0,0.00825737437079541,0.0041286871853977
"ZNF573",0.00750182271866957,0.000749778474541613,0.00412580059660559
"AADAT",0.000853294325592735,0.00739829035744121,0.00412579234151697
"Aminoadipic acid",0,0.0082508336035703,0.00412541680178515
"MPP1",0.00516774754937241,0.00307054596128279,0.0041191467553276
"MORF4L2",0.00774562109741035,0.000477131756526481,0.00411137642696841
"MPST",0.00109709270433352,0.00712564363942608,0.0041113681718798
"ENSG00000284747.1",0.00760573133678023,0.000613455115534047,0.00410959322615714
"VEZT",0.00664852839307683,0.00156771862858701,0.00410812351083192
"PPP1R9A",0,0.00821192884414728,0.00410596442207364
"KIAA0586",0,0.00821192884414728,0.00410596442207364
"BAG3",0.00121899189370391,0.00698932028041851,0.00410415608706121
"CCHCR1",0.00121899189370391,0.00698932028041851,0.00410415608706121
"POLR2G",0.00362001688433453,0.00458524701226978,0.00410263194830216
"ATP1A1",0.00677042758244722,0.00143139526957944,0.00410091142601333
"LRRC4",0.00798941947615113,0.000204485038511349,0.00409695225733124
"PIAS1",0.00109709270433352,0.00709535543561854,0.00409622406997603
"ENSG00000289293.1",0.00109709270433352,0.00709535543561854,0.00409622406997603
"FZD4",0.00798245170393021,0.000204485038511349,0.00409346837122078
"FADS1",0.00675243701118749,0.00143139526957944,0.00409191614038347
"TNFRSF1B",0.00640473001433605,0.00177220366709836,0.0040884668407172
"HCP5",0.000548546352166758,0.00762118988146889,0.00408486811681782
"TUBB2A",0.00687433620055788,0.00129507191057188,0.00408470405556488
"SELENOP",0.00496090796740883,0.00320686932029036,0.00408388864384959
"Succinic acid",0.00816724568781618,0,0.00408362284390809
"Pyruvic acid",0.00816724568781618,0,0.00408362284390809
"Fumaric acid",0.00816724568781618,0,0.00408362284390809
"ECSIT",0.0039857144524457,0.00417627693524709,0.00408099569384639
"FAM136A",0.0039857144524457,0.00417627693524709,0.00408099569384639
"BCAR1",0.000243798378740781,0.00791329558966394,0.00407854698420236
"SLC25A23",0.000670445541537149,0.00748486652246132,0.00407765603199923
"BICRAL",0.00603903244622488,0.00211301206461727,0.00407602225542108
"BRWD3",0.0067154782144103,0.00143139526957944,0.00407343674199487
"ZNF530",0.0081413096900778,0,0.0040706548450389
"ZBTB47",0.00793447010811421,0.000204485038511349,0.00406947757331278
"UHMK1",0.00152373986712988,0.0066149532954795,0.00406934658130469
"TMEM127",0.000243798378740781,0.00789383659948402,0.0040688174891124
"RCBTB2",0.00677042758244722,0.00136323359007566,0.00406683058626144
"AAK1",0.0012799414883891,0.00685299692141095,0.00406646920490003
"GOLGA8M",0.000731395136222344,0.00739829035744121,0.00406484274683178
"ALDH3B1",0.000731395136222344,0.00739829035744121,0.00406484274683178
"RBIS",0.00642369823985351,0.00170404198759457,0.00406387011372404
"PRKAG2",0.000182848784055586,0.00794358379347147,0.00406321628876353
"SEC22C",0.00798941947615113,0.000136323359007566,0.00406287141757935
"PGM2L1",0.00703319418670547,0.00109058687206053,0.004061890529383
"ENSG00000253227.2",0.000853294325592735,0.00726196699843365,0.00405763066201319
"MAK16",0.00811131866552152,0,0.00405565933276076
"RLIM",0.00811131866552152,0,0.00405565933276076
"CIBAR1",0.0052896467387428,0.00281304334517143,0.00405134504195712
"DNAJA3",0.0052896467387428,0.00281304334517143,0.00405134504195712
"PPP4R1L",0.00762372190803996,0.000477131756526481,0.00405042683228322
"ENSG00000261123.1",0.000975193514963125,0.00712564363942608,0.0040504185771946
"LCNL1",0.00809332809426179,0,0.0040466640471309
"PFKFB3",0.00140184067775949,0.00668638535859584,0.00404411301817767
"APEH",0.00699623538992827,0.00109058687206053,0.0040434111309944
"DNAJC17",0.00349811769496414,0.00458524701226978,0.00404168235361696
"WDR5",0.00140184067775949,0.00666692636841592,0.00403438352308771
"GSPT1",0.00677042758244722,0.00129507191057188,0.00403274974650955
"TUBD1",0.000304747973425977,0.00775751324047645,0.00403113060695121
"MUTYH",0.00469814136315058,0.00335833678120169,0.00402823907217614
"ZNF155",0.00750182271866957,0.000545293436030264,0.00402355807734992
"TEDC1",0.000731395136222344,0.0073117141924211,0.00402155466432172
"GTF2F2",0,0.00803015995849158,0.00401507997924579
"EPM2AIP1",0.0013408910830743,0.00668638535859584,0.00401363822083507
"STK40",0.00720307497189186,0.000817940154045396,0.00401050756296863
"CLCN3",0.0080194105007074,0,0.0040097052503537
"GTPBP4",0.00781257091874381,0.000204485038511349,0.00400852797862758
"TESK2",0.00140184067775949,0.0066149532954795,0.0040083969866195
"NIFK",0.00140184067775949,0.0066149532954795,0.0040083969866195
"SNAPC1",0.00480204998126124,0.00320686932029036,0.0040044596507758
"SP2",0.00630179905048312,0.00170404198759457,0.00400292051903885
"TDRD6",0.00677042758244722,0.00122691023106809,0.00399866890675766
"MBD4",0.000182848784055586,0.00780295876712458,0.00399290377559008
"LGR4",0.00689232677181761,0.00109058687206053,0.00399145682193907
"DYNLRB1",0.00798245170393021,0,0.00399122585196511
"MADD",0.00798245170393021,0,0.00399122585196511
"CASP2",0.00176753824587066,0.00620598321845681,0.00398676073216374
"MAML3",0.00647167983566952,0.00149955694908323,0.00398561839237637
"FLRT3",0.007014225961188,0.000954263513052962,0.00398424473712048
"SRGN",0.000731395136222344,0.00723167879462611,0.00398153696542422
"ZNF552",0.000182848784055586,0.00777697223065637,0.00397991050735598
"IKZF2",0.00652662920370644,0.00143139526957944,0.00397901223664294
"KXD1",0.00459521039929765,0.00335833678120169,0.00397677359024967
"INHBE",0.00603903244622488,0.00190852702610592,0.0039737797361654
"GATM",0.00760573133678023,0.000340808397518915,0.00397326986714957
"FOXS1",0.00739889175481664,0.000545293436030264,0.00397209259542345
"COQ10B",0.000121899189370391,0.00780726043446391,0.00396457981191715
"IER3",0.00628283082496566,0.00163588030809079,0.00395935556652823
"BCL7C",0.000548546352166758,0.00736800215363367,0.00395827425290021
"USP11",0.000548546352166758,0.00736800215363367,0.00395827425290021
"IGSF11",0.00675243701118749,0.00115874855156431,0.0039555927813759
"GOLGA8Q",0.00736193295803945,0.000545293436030264,0.00395361319703486
"BYSL",0.00640473001433605,0.00149955694908323,0.00395214348170964
"ZNF436-AS1",0.007014225961188,0.000886101833549179,0.00395016389736859
"ATP6V0A1",0.00603903244622488,0.00185877983211847,0.00394890613917167
"CPLANE1",0,0.00789383659948402,0.00394691829974201
"ZNF519",0.00652662920370644,0.00136323359007566,0.00394493139689105
"MTIF2",0.0039857144524457,0.00390363021723195,0.00394467233483883
"INPP1",0.00386381526307531,0.00402480947433575,0.00394431236870553
"PLPP5",0.00480204998126124,0.00308569006318656,0.0039438700222239
"PARP3",0.00207228621929664,0.00581215724333788,0.00394222173131726
"DACH1",0.00725802433992878,0.000613455115534047,0.00393573972773142
"SRCAP",0.000609495946851953,0.00726196699843365,0.0039357314726428
"CHKB",0.00711813457929866,0.000749778474541613,0.00393395652692014
"PNMA1",0.00786752028678074,0,0.00393376014339037
"DHX37",0.00786752028678074,0,0.00393376014339037
"PPP1R15B",0.00677042758244722,0.00109058687206053,0.00393050722725388
"CETN2",0.00786055251455982,0,0.00393027625727991
"CNOT10",0.000731395136222344,0.00712564363942608,0.00392851938782421
"PEX13",0.00301052093748257,0.00484274962838115,0.00392663528293186
"KIAA0319L",0.00435141202055687,0.00349466014020926,0.00392303608038306
"SEMA3C",0.00675243701118749,0.00109058687206053,0.00392151194162401
"ZCCHC3",0.007014225961188,0.000817940154045396,0.0039160830576167
"C1orf53",0.007014225961188,0.000817940154045396,0.0039160830576167
"FASTKD2",0.00720307497189186,0.000613455115534047,0.00390826504371295
"H4C8",0.00781257091874381,0,0.00390628545937191
"SNN",0.000548546352166758,0.00726196699843365,0.0039052566753002
"HSPA5",0.000548546352166758,0.00726196699843365,0.0039052566753002
"PDE7B",0.000731395136222344,0.00707589644543862,0.00390364579083048
"ENSG00000272501.1",0,0.00780726043446391,0.00390363021723195
"PLAU",0,0.00780726043446391,0.00390363021723195
"UBE2J1",0,0.00780726043446391,0.00390363021723195
"ORAI2",0,0.00780726043446391,0.00390363021723195
"MSN",0,0.00780726043446391,0.00390363021723195
"POFUT2",0.00650863863244671,0.00129507191057188,0.00390185527150929
"SETD1A",0,0.00780295876712458,0.00390147938356229
"NUB1",0,0.00780295876712458,0.00390147938356229
"SLC16A5",0.000853294325592735,0.00693957308643106,0.0038964337060119
"SIAH1",0.00109709270433352,0.00668638535859584,0.00389173903146468
"IKZF4",0.000548546352166758,0.00723167879462611,0.00389011257339643
"MAGED2",0,0.00777697223065637,0.00388848611532818
"MAFG",0,0.00777697223065637,0.00388848611532818
"SERTAD3",0,0.00777697223065637,0.00388848611532818
"SAMD4B",0,0.00777697223065637,0.00388848611532818
"ENSG00000279861.1",0,0.00777697223065637,0.00388848611532818
"CEP131",0.00777561212196662,0,0.00388780606098331
"KCNJ11",0.00750182271866957,0.000272646718015132,0.00388723471834235
"SNHG4",0.000609495946851953,0.00716024673150977,0.00388487133918086
"ZNF37A",0.00715509337607586,0.000613455115534047,0.00388427424580495
"NDUFS4",0.00455825160252046,0.00320686932029036,0.00388256046140541
"KAT8",0.007014225961188,0.000749778474541613,0.00388200221786481
"WNT5B",0.000121899189370391,0.0076406488716488,0.0038812740305096
"ZNF626",0,0.00775751324047645,0.00387875662023823
"ZBTB21",0.00103614310964832,0.00671667356240338,0.00387640833602585
"CCN1",0.00103614310964832,0.00671667356240338,0.00387640833602585
"PLK2",0.00638673944307632,0.00136323359007566,0.00387498651657599
"NMT1",0.00713612515055839,0.000613455115534047,0.00387479013304622
"PLEKHG2",0.00288862174811218,0.00485789373028492,0.00387325773919855
"SLC41A3-AS1",0.00774562109741035,0,0.00387281054870517
"LRRC3B",0.00760573133678023,0.000136323359007566,0.0038710273478939
"DYRK1A",0.000975193514963125,0.00676642075639084,0.00387080713567698
"SRA1",0.00664852839307683,0.00109058687206053,0.00386955763256868
"ZKSCAN8",0.00664852839307683,0.00109058687206053,0.00386955763256868
"HAS3",0.0026208325714634,0.00511539634639628,0.00386811445892984
"RNF25",0.000609495946851953,0.00712564363942608,0.00386756979313902
"MAP1LC3A",0.000975193514963125,0.00675127665448707,0.0038632350847251
"RNF167",0.00704421698574428,0.00068161679503783,0.00386291689039105
"YIPF6",0.0066305378218171,0.00109058687206053,0.00386056234693881
"PDC-AS1",0.000731395136222344,0.00698932028041851,0.00386035770832043
"RAD51-AS1",0.000731395136222344,0.00698932028041851,0.00386035770832043
"TXLNG",0.00170658865118547,0.00600476856355801,0.00385567860737174
"LARP1",0.00689232677181761,0.000817940154045396,0.0038551334629315
"ATP1B4",0.00435141202055687,0.00335833678120169,0.00385487440087928
"PHF7",0.00593610148237195,0.00177220366709836,0.00385415257473515
"LPC 15:0",0,0.00770226978392748,0.00385113489196374
"CAR 20:0",0,0.00770226978392748,0.00385113489196374
"N,N-Dicyclohexylamine",0,0.00770226978392748,0.00385113489196374
"KLHL13",0.00708117578252147,0.000613455115534047,0.00384731544902776
"PHF1",0.000426647162796367,0.00726196699843365,0.00384430708061501
"DGKB",0.00659357902503991,0.00109058687206053,0.00384208294855022
"ATXN7L3",0.00659357902503991,0.00109058687206053,0.00384208294855022
"TIAF1",0.00091424392027793,0.00676642075639084,0.00384033233833438
"DEGS1",0.00091424392027793,0.00676642075639084,0.00384033233833438
"NIPAL3",0.00091424392027793,0.00676642075639084,0.00384033233833438
"SM 18:1;O2/14:1",0.00767964893033461,0,0.00383982446516731
"CDC42SE1",0.00109709270433352,0.00658035020339582,0.00383872145386467
"ZNF710-AS1",0.00109709270433352,0.00658035020339582,0.00383872145386467
"ADAM21",0.00664852839307683,0.00102242519255674,0.00383547679281679
"COX6A2",0.00146279027244469,0.00620598321845681,0.00383438674545075
"RRN3P3",0.00240102499063062,0.00526686380730761,0.00383394439896912
"TENT5A",0.000975193514963125,0.00668638535859584,0.00383078943677948
"PNRC2",0.000670445541537149,0.00698932028041851,0.00382988291097783
"TEK",0.000670445541537149,0.00698932028041851,0.00382988291097783
"ABRA",0.00115804229901871,0.00649377403837571,0.00382590816869721
"XPR1",0.00079234473090754,0.00685299692141095,0.00382267082615924
"ENSG00000260316.2",0.000426647162796367,0.00721221980444619,0.00381943348362128
"RANBP9",0.000426647162796367,0.00721221980444619,0.00381943348362128
"DIPK1B",0.00640473001433605,0.00122691023106809,0.00381582012270207
"KIF22",0.000670445541537149,0.00695903207661097,0.00381473880907406
"SSH1",0.007014225961188,0.000613455115534047,0.00381384053836103
"SBDS",0.00762372190803996,0,0.00381186095401998
"PAQR7",0,0.00762118988146889,0.00381059494073444
"RBBP9",0,0.00762118988146889,0.00381059494073444
"THUMPD2",0.00652662920370644,0.00109058687206053,0.00380860803788348
"MIR133A1HG",0.00249893338209301,0.00511539634639628,0.00380716486424464
"ENSG00000287559.1",0.000670445541537149,0.00693957308643106,0.0038050093139841
"CMC1",0.0039857144524457,0.00361583939731305,0.00380077692487938
"COA4",0.0039857144524457,0.00361583939731305,0.00380077692487938
"ORMDL2",0.0039857144524457,0.00361583939731305,0.00380077692487938
"ZNF451",0,0.00759847372861323,0.00379923686430662
"ATOH8",0.00109709270433352,0.00649377403837571,0.00379543337135461
"ETF1",0.000975193514963125,0.0066149532954795,0.00379507340522131
"ACP2",0.00704421698574428,0.000545293436030264,0.00379475521088727
"OBI1",0.00091424392027793,0.00666692636841592,0.00379058514434693
"LCAT",0.00628283082496566,0.00129507191057188,0.00378895136776877
"IL10RA",0.00140184067775949,0.00617138012637312,0.0037866104020663
"POLR3D",0.00750182271866957,6.8161679503783e-05,0.00378499219908667
"BLOC1S4",0,0.00756921680853247,0.00378460840426623
"ADAMTS19-AS1",0.00756877254000303,0,0.00378438627000152
"MTRF1",0.00640473001433605,0.00115874855156431,0.00378173928295018
"SMARCA5",0.00640473001433605,0.00115874855156431,0.00378173928295018
"TTF1",0.00647167983566952,0.00109058687206053,0.00378113335386502
"TMEM62",0.00626484025370593,0.00129507191057188,0.0037799560821389
"OIP5-AS1",0.00447331120992726,0.00308569006318656,0.00377950063655691
"TMTC4",0.00152373986712988,0.00603505676736555,0.00377939831724772
"CERS6",0.0013408910830743,0.00620598321845681,0.00377343715076555
"KCTD3",0.00713612515055839,0.000408970077022698,0.00377254761379055
"RPS6KA4",0.00699623538992827,0.000545293436030264,0.00377076441297927
"ZNF33B",0.00725802433992878,0.000272646718015132,0.00376533552897196
"DCTN4",0.00737992352929918,0.000136323359007566,0.00375812344415337
"NOCT",0.00567333487811371,0.00184036534660214,0.00375685011235792
"AMPD2",0.00628283082496566,0.00122691023106809,0.00375487052801688
"MRPL55",0.000548546352166758,0.00695903207661097,0.00375378921438887
"LPCAT3",0.00614294106433554,0.00136323359007566,0.0037530873272056
"LINC01004",0.00689232677181761,0.000613455115534047,0.00375289094367583
"RSF1",0.00689232677181761,0.000613455115534047,0.00375289094367583
"SNX30",0,0.00750432551264124,0.00375216275632062
"SENP3",0.0012799414883891,0.00622112732036058,0.00375053440437484
"CAR 24:0",0,0.00749778474541613,0.00374889237270806
"NFKB2",0.00374191607370492,0.00375216275632062,0.00374703941501277
"IL1R1",0.00276672255874179,0.00472157037127735,0.00374414646500957
"ARG2",0,0.00748486652246132,0.00374243326123066
"CABP1",0.00652662920370644,0.000954263513052962,0.0037404463583797
"ENSG00000228463.10",0.00652662920370644,0.000954263513052962,0.0037404463583797
"METTL16",0.00652662920370644,0.000954263513052962,0.0037404463583797
"LACTB",0.0039857144524457,0.00349466014020926,0.00374018729632748
"KCNJ2",0.00713612515055839,0.000340808397518915,0.00373846677403865
"N4BP3",0.00664852839307683,0.000817940154045396,0.00373323427356111
"COQ9",0.0039857144524457,0.00347951603830549,0.00373261524537559
"ENSG00000279365.1",0.00725802433992878,0.000204485038511349,0.00373125468922007
"TMEM150C",0.000365697568111172,0.00709535543561854,0.00373052650186486
"ZNF491",0.000426647162796367,0.0070239233725022,0.00372528526764928
"CHORDC1",0.000731395136222344,0.00671667356240338,0.00372403434931286
"ZSCAN5A",0.00744687335063264,0,0.00372343667531632
"RUNX1",0.000182848784055586,0.00726196699843365,0.00372240789124462
"ENSG00000253636.1",0.00532660553552,0.00211301206461727,0.00371980880006863
"SOX8",0.00689232677181761,0.000545293436030264,0.00371881010392394
"TXNDC11",0.00593610148237195,0.00149955694908323,0.00371782921572759
"NECAB3",0,0.0074328934495249,0.00371644672476245
"NPLOC4",0.00715509337607586,0.000272646718015132,0.0037138700470455
"IL11RA",0.000670445541537149,0.00675127665448707,0.00371086109801211
"ASF1A",0.0012799414883891,0.00614109192256558,0.00371051670547734
"ENSG00000270127.2",0.00310842932894496,0.00431260029425465,0.00371051481159981
"PSIP1",0.00146279027244469,0.00594848060234544,0.00370563543739507
"ZNF213",0.00109709270433352,0.00630770348538068,0.0037023980948571
"RIPK1",0.000365697568111172,0.00703906747440597,0.00370238252125857
"NAT10",0.00603903244622488,0.00136323359007566,0.00370113301815027
"ST3GAL6",0.00349811769496414,0.00390363021723195,0.00370087395609805
"RTTN",0.00337621850559375,0.00402480947433575,0.00370051398996475
"PPP1R21",0,0.00739829035744121,0.00369914517872061
"PHKG2",0,0.00739829035744121,0.00369914517872061
"ARMC7",0,0.00739829035744121,0.00369914517872061
"UNC45B",0.00569230310363117,0.00170404198759457,0.00369817254561287
"SPRED2",0.00725802433992878,0.000136323359007566,0.00369717384946818
"FAM50B",0.000670445541537149,0.00671667356240338,0.00369355955197026
"IL15RA",0.00737992352929918,0,0.00368996176464959
"TEAD1",0.00737992352929918,0,0.00368996176464959
"PCNX4",0.00628283082496566,0.00109058687206053,0.00368670884851309
"ZXDB",0,0.00736800215363367,0.00368400107681684
"MBTD1",0,0.00736800215363367,0.00368400107681684
"ZBTB48",0.0057952340674841,0.00156771862858701,0.00368147634803555
"UCKL1-AS1",0.00121899189370391,0.00614109192256558,0.00368004190813474
"S1PR3",0.000670445541537149,0.00668638535859584,0.0036784154500665
"MTHFD1",0.00455825160252046,0.00279789924326766,0.00367807542289406
"DEDD2",0.00626484025370593,0.00109058687206053,0.00367771356288323
"ORAI1",0.00626484025370593,0.00109058687206053,0.00367771356288323
"LDB2",0.007014225961188,0.000340808397518915,0.00367751717935346
"METTL14",0,0.00734854316345375,0.00367427158172688
"KCNQ4",0.000853294325592735,0.00649377403837571,0.00367353418198422
"FGD6",0.00652662920370644,0.000817940154045396,0.00367228467887592
"ENSG00000289164.1",0.00713612515055839,0.000204485038511349,0.00367030509453487
"CCT3",0.00725802433992878,6.8161679503783e-05,0.00366309300971628
"TAGLN2",0.00732497416126225,0,0.00366248708063113
"BBS2",0.00152373986712988,0.00579701314143411,0.003660376504282
"CCNQ",0.00704421698574428,0.000272646718015132,0.00365843185187971
"ENSG00000249456.1",0.00677042758244722,0.000545293436030264,0.00365786050923874
"RARA-AS1",0.000731395136222344,0.00658035020339582,0.00365587266980908
"ZNF490",0.000731395136222344,0.00658035020339582,0.00365587266980908
"PCYOX1",0.00115804229901871,0.00614109192256558,0.00364956711079214
"Palmitoyl-EA",0,0.00729329970690478,0.00364664985345239
"UGT3A1",0.00728801536448506,0,0.00364400768224253
"VIRMA-DT",0.00626484025370593,0.00102242519255674,0.00364363272313134
"ATF3",0.00079234473090754,0.00649377403837571,0.00364305938464162
"USP31",0.000426647162796367,0.00685299692141095,0.00363982204210366
"CAND2",0.00727699256544625,0,0.00363849628272312
"ZEB2",0.00577724349622437,0.00149955694908323,0.0036384002226538
"EXOSC8",0.00652662920370644,0.000749778474541613,0.00363820383912403
"C11orf98",0.0013408910830743,0.00593333650044167,0.00363711379175799
"JPH1",0.00713612515055839,0.000136323359007566,0.00363622425478298
"RTN4RL1",0.00713612515055839,0.000136323359007566,0.00363622425478298
"IQGAP1",0.00617989986111273,0.00109058687206053,0.00363524336658663
"ENSG00000224934.6",0.00603903244622488,0.00122691023106809,0.00363297133864649
"TADA2B",0.00213323581398184,0.00513054044830005,0.00363188813114094
"ENSG00000276445.1",0.00664852839307683,0.000613455115534047,0.00363099175430544
"TMEM233",0.00231608459803742,0.00494446989530502,0.00363027724667122
"IRAK1",0.00725802433992878,0,0.00362901216996439
"PLCL1",0.00725802433992878,0,0.00362901216996439
"Indoleacrylic acid",0.00725802433992878,0,0.00362901216996439
"AVPR1A",0.000975193514963125,0.00627741528157314,0.00362630439826813
"LRRC77P",0.000975193514963125,0.00627741528157314,0.00362630439826813
"IDH3B",0.000975193514963125,0.00627741528157314,0.00362630439826813
"CHAF1A",0.00280368135551899,0.00444892365326222,0.0036263025043906
"C16orf72",0.00616093163559527,0.00109058687206053,0.0036257592538279
"LINC00847",0.00616093163559527,0.00109058687206053,0.0036257592538279
"TFDP2",0.00616093163559527,0.00109058687206053,0.0036257592538279
"SRPK2",0.000670445541537149,0.00658035020339582,0.00362539787246648
"DNMBP",0.000304747973425977,0.00693957308643106,0.00362216052992852
"SCYL2",0.0066305378218171,0.000613455115534047,0.00362199646867557
"HMCES",0.00689232677181761,0.000340808397518915,0.00361656758466826
"PKD1P1",0.00689232677181761,0.000340808397518915,0.00361656758466826
"PABPN1",0,0.00723167879462611,0.00361583939731305
"CEP170",0,0.00723167879462611,0.00361583939731305
"HOXA9",0.0057952340674841,0.00143139526957944,0.00361331466853177
"PKD2L2-DT",0.00146279027244469,0.00576241004935042,0.00361260016089755
"KLF11",0.000731395136222344,0.00649377403837571,0.00361258458729903
"PHLDA1",0.000731395136222344,0.00649377403837571,0.00361258458729903
"Hex3Cer 18:1;O2/16:0",0,0.007225138027401,0.0036125690137005
"TNS3",0.00626484025370593,0.000954263513052962,0.00360955188337945
"MLXIPL",0.00455825160252046,0.00265830550064754,0.003608278551584
"CCDC82",0,0.00721221980444619,0.00360610990222309
"IL17RD",0,0.00721221980444619,0.00360610990222309
"AMBRA1",0.00591713325685449,0.00129507191057188,0.00360610258371318
"AP3D1",0.00591713325685449,0.00129507191057188,0.00360610258371318
"RNF20",0.00591713325685449,0.00129507191057188,0.00360610258371318
"ENSG00000283078.1",0.000853294325592735,0.00635745067936814,0.00360537250248044
"AVL9",0.00652662920370644,0.00068161679503783,0.00360412299937214
"FIP1L1",0.00652662920370644,0.00068161679503783,0.00360412299937214
"ENSG00000261303.6",0.000243798378740781,0.00695903207661097,0.00360141522767588
"FSBP",0.00664852839307683,0.000545293436030264,0.00359691091455355
"COG2",0.00664852839307683,0.000545293436030264,0.00359691091455355
"DHX35",0.000426647162796367,0.00676642075639084,0.0035965339595936
"TIMM10B",0.000426647162796367,0.00676642075639084,0.0035965339595936
"AMD1",0.000426647162796367,0.00676642075639084,0.0035965339595936
"ATXN7L1",0.00677042758244722,0.000408970077022698,0.00358969882973496
"HNRNPA1",0.000548546352166758,0.00663009739738327,0.00358932187477502
"IFT140",0.000731395136222344,0.00644402684438825,0.0035877109903053
"SGF29",0,0.00717539083341354,0.00358769541670677
"NUDT4",0.000182848784055586,0.00698932028041851,0.00358608453223705
"MCF2L2",0.000670445541537149,0.00649377403837571,0.00358210978995643
"THUMPD1",0.00325431931622336,0.00390363021723195,0.00357897476672765
"ENSG00000287809.1",0.00313242012685297,0.00402480947433575,0.00357861480059436
"ENSG00000286190.2",0.00687433620055788,0.000272646718015132,0.00357349145928651
"GSDMC",0.00591713325685449,0.00122691023106809,0.00357202174396129
"ZNF131",0.00652662920370644,0.000613455115534047,0.00357004215962024
"HOXC5",0.00652662920370644,0.000613455115534047,0.00357004215962024
"GXYLT1",0.00146279027244469,0.00567583388433031,0.0035693120783875
"YAP1",0.00713612515055839,0,0.0035680625752792
"ENSG00000271959.1",0.00713612515055839,0,0.0035680625752792
"HIP1R",0.00713612515055839,0,0.0035680625752792
"ADD1",0.00713612515055839,0,0.0035680625752792
"REST",0.00140184067775949,0.00573212184554288,0.00356698126165119
"GSTA4",0.00699623538992827,0.000136323359007566,0.00356627937446792
"SBNO1",0.00664852839307683,0.000477131756526481,0.00356283007480166
"ZNF460",0,0.00712564363942608,0.00356282181971304
"NRDE2",0,0.00712564363942608,0.00356282181971304
"CISD3",0.00569230310363117,0.00143139526957944,0.00356184918660531
"AZIN1",0.00103614310964832,0.00608480396135301,0.00356047353550067
"PEA15",0.00121899189370391,0.00589873340835799,0.00355886265103095
"ARPC5",0.00616093163559527,0.000954263513052962,0.00355759757432412
"BTBD7",0.00616093163559527,0.000954263513052962,0.00355759757432412
"LAMP1",0.00616093163559527,0.000954263513052962,0.00355759757432412
"MFHAS1",0.00616093163559527,0.000954263513052962,0.00355759757432412
"TARBP2",0.00362001688433453,0.00349466014020926,0.00355733851227189
"ITPRIPL1",0.00349811769496414,0.00361583939731305,0.0035569785461386
"TENT4A",0.000426647162796367,0.00668638535859584,0.0035565162606961
"ENSG00000279407.1",0.00677042758244722,0.000340808397518915,0.00355561798998307
"AQP1",0.00677042758244722,0.000340808397518915,0.00355561798998307
"ENSG00000285103.2",0.00628283082496566,0.000817940154045396,0.00355038548950553
"ERI2",0.00079234473090754,0.00630770348538068,0.00355002410814411
"DAGLB",0.000548546352166758,0.00655006199958828,0.00354930417587752
"CXCR6",0,0.00709535543561854,0.00354767771780927
"BTRC",0.00496090796740883,0.0021314265501336,0.00354616725877121
"LDLR",0.0012799414883891,0.00581215724333788,0.00354604936586349
"PC O-16:1/20:3",0,0.00708881466839343,0.00354440733419671
"ENSG00000278922.1",0.00647167983566952,0.000613455115534047,0.00354256747560178
"C2orf68",0.00708117578252147,0,0.00354058789126074
"ZEB1-AS1",0,0.00707589644543862,0.00353794822271931
"ACTR3B",0,0.00707589644543862,0.00353794822271931
"NIP7",0.000853294325592735,0.00622112732036058,0.00353721082297666
"TNK1",0.000731395136222344,0.00634230657746437,0.00353685085684336
"TAX1BP3",0.00577724349622437,0.00129507191057188,0.00353615770339812
"GOSR2",0.00652662920370644,0.000545293436030264,0.00353596131986835
"SLC39A11",0.00207228621929664,0.00499421708929248,0.00353325165429456
"RAB30-DT",0.00288862174811218,0.00417627693524709,0.00353244934167963
"ZSWIM9",0.00152373986712988,0.00553951052532275,0.00353162519622631
"WIPF3",0.000975193514963125,0.00606965985944924,0.00352242668720618
"MARK1",0.00704421698574428,0,0.00352210849287214
"LNX1",0.0012799414883891,0.00576241004935042,0.00352117576886976
"C9orf64",0.000731395136222344,0.00630770348538068,0.00351954931080151
"AGO2",0.00567333487811371,0.00136323359007566,0.00351828423409468
"ZNF91",0.000365697568111172,0.00666692636841592,0.00351631196826355
"TBC1D3L",0.00628283082496566,0.000749778474541613,0.00351630464975364
"C1orf21",0,0.0070239233725022,0.0035119616862511
"TIGD5",0.0065455974292239,0.000477131756526481,0.00351136459287519
"SNX12",0.00626484025370593,0.000749778474541613,0.00350730936412377
"CD55",0.007014225961188,0,0.003507112980594
"PDZD8",0.007014225961188,0,0.003507112980594
"FAM181A-AS1",0.007014225961188,0,0.003507112980594
"CCDC57",0.007014225961188,0,0.003507112980594
"MEA1",0.000670445541537149,0.00634230657746437,0.00350637605950076
"TMEM109",0.000670445541537149,0.00634230657746437,0.00350637605950076
"UBAP2L",0.00591713325685449,0.00109058687206053,0.00350386006445751
"PSMA1",0.00652662920370644,0.000477131756526481,0.00350188048011646
"ZNF513",0.00638673944307632,0.000613455115534047,0.00350009727930518
"ASH2L",0.00699623538992827,0,0.00349811769496414
"SNORD3A",0.00699623538992827,0,0.00349811769496414
"SUMO1",0.00447331120992726,0.00252198214163997,0.00349764667578362
"GPR108",0,0.00698932028041851,0.00349466014020926
"SEC24C",0,0.00698932028041851,0.00349466014020926
"NCBP2AS2",0.00569230310363117,0.00129507191057188,0.00349368750710152
"ARCN1",0.00569230310363117,0.00129507191057188,0.00349368750710152
"ZNF37BP",0.00569230310363117,0.00129507191057188,0.00349368750710152
"CREB5",0.00091424392027793,0.00606965985944924,0.00349195188986358
"SUPT6H",0.000487596757481563,0.00649377403837571,0.00349068539792864
"SNTB1",0.00349811769496414,0.00347951603830549,0.00348881686663481
"DPYSL2",0.000426647162796367,0.00655006199958828,0.00348835458119232
"SMG1",0.00170658865118547,0.00526686380730761,0.00348672622924654
"CRYAB",0.00158468946181508,0.00538804306441141,0.00348636626311325
"ITIH4-AS1",0.00614294106433554,0.000817940154045396,0.00348044060919047
"ELF2",0,0.00695903207661097,0.00347951603830549
"MTX3",0,0.00695903207661097,0.00347951603830549
"NEIL2",0.00115804229901871,0.00579701314143411,0.00347752772022641
"FRS3",0.00146279027244469,0.00548976333133529,0.00347627680188999
"Ketoleucine",0,0.00695249130938586,0.00347624565469293
"3-Methyl-2-oxovaleric acid",0,0.00695249130938586,0.00347624565469293
"N-Acetylleucine",0,0.00695249130938586,0.00347624565469293
"CAR 14:2;OH",0,0.00695249130938586,0.00347624565469293
"FNIP2",0.000182848784055586,0.00676642075639084,0.00347463477022321
"PC P-34:0 or PC O-34:1",0.00694825379411227,0,0.00347412689705613
"CAR 18:0;OH",0.00694825379411227,0,0.00347412689705613
"NCAPG2",0,0.00693957308643106,0.00346978654321553
"NOTCH1",0.00079234473090754,0.00614109192256558,0.00346671832673656
"GSPT2",0.00638673944307632,0.000545293436030264,0.00346601643955329
"TRIM69",0.00617989986111273,0.000749778474541613,0.00346483916782717
"VGLL2",0.000426647162796367,0.00649377403837571,0.00346021060058604
"RAPGEF2",0.000426647162796367,0.00649377403837571,0.00346021060058604
"SNHG26",0.00555143568874332,0.00136323359007566,0.00345733463940949
"PIDD1",0.00152373986712988,0.00538804306441141,0.00345589146577065
"FREM2",0.00616093163559527,0.000749778474541613,0.00345535505506844
"NCL",0.00616093163559527,0.000749778474541613,0.00345535505506844
"TWF2",0.00602104187496515,0.000886101833549179,0.00345357185425716
"COTL1",0.00677042758244722,0.000136323359007566,0.00345337547072739
"UBE2H",0.00677042758244722,0.000136323359007566,0.00345337547072739
"TMEM184A",0.00677042758244722,0.000136323359007566,0.00345337547072739
"CSNK1D",0.00567333487811371,0.00122691023106809,0.0034501225545909
"IRF2BP1",0.00394875565566851,0.00294936670417899,0.00344906117992375
"TRDN",0.00614294106433554,0.000749778474541613,0.00344635976943858
"DUS3L",0.00689232677181761,0,0.00344616338590881
"FAM53C",0.00689232677181761,0,0.00344616338590881
"ARMCX2",0.00689232677181761,0,0.00344616338590881
"GYG1",0.00689232677181761,0,0.00344616338590881
"UACA",0.00689232677181761,0,0.00344616338590881
"KCNC4",0.00689232677181761,0,0.00344616338590881
"ENSG00000285796.1",0.00140184067775949,0.00548976333133529,0.00344580200454739
"HACD3",0.000853294325592735,0.00603505676736555,0.00344417554647914
"ENSG00000272941.1",0.000609495946851953,0.00627741528157314,0.00344345561421255
"ZFP62",0.00176753824587066,0.00511539634639628,0.00344146729613347
"WNK2",0.00626484025370593,0.000613455115534047,0.00343914768461999
"GRHL1",0.000670445541537149,0.00620598321845681,0.00343821437999698
"GSE1",0.000975193514963125,0.00589873340835799,0.00343696346166056
"LINC00174",0.00652662920370644,0.000340808397518915,0.00343371880061268
"MYRIP",0.00589914268559476,0.000954263513052962,0.00342670309932386
"ITGAE",0.00664852839307683,0.000204485038511349,0.00342650671579409
"LSM10",0.00569230310363117,0.00115874855156431,0.00342552582759774
"SLC12A4",0.00602104187496515,0.000817940154045396,0.00341949101450527
"CAMK2D",0.0066305378218171,0.000204485038511349,0.00341751143016423
"NFE2L2",0.00628283082496566,0.000545293436030264,0.00341406213049796
"UBE2D1",0,0.00682270871760341,0.0034113543588017
"PRSS43P",0.00605800067174234,0.000749778474541613,0.00340388957314198
"PRKG1",0.000731395136222344,0.00606965985944924,0.00340052749783579
"TM4SF19",0.000731395136222344,0.00606965985944924,0.00340052749783579
"ZKSCAN8P1",0.00577724349622437,0.00102242519255674,0.00339983434439056
"OPA1",0.0039857144524457,0.00281304334517143,0.00339937889880856
"MTX2",0.0039857144524457,0.00281304334517143,0.00339937889880856
"LYPLA1",0.0039857144524457,0.00281304334517143,0.00339937889880856
"STX11",0.00103614310964832,0.00576241004935042,0.00339927657949937
"ENSG00000279453.1",0.00207228621929664,0.00472157037127735,0.003396928295287
"COA8",0.00617989986111273,0.000613455115534047,0.00339667748832339
"CEP250",0.00617989986111273,0.000613455115534047,0.00339667748832339
"ACTN4",0.00152373986712988,0.00526686380730761,0.00339530183721875
"VTA1",0.00631282184952194,0.000477131756526481,0.00339497680302421
"IL6R",0.00140184067775949,0.00538804306441141,0.00339494187108545
"KMT5C",0.00140184067775949,0.00538804306441141,0.00339494187108545
"ENSG00000287868.1",0.00678939580796469,0,0.00339469790398234
"ENSG00000283175.1",0.0052896467387428,0.00149955694908323,0.00339460184391301
"MAP2K1",0.00603903244622488,0.000749778474541613,0.00339440546038325
"ECH1",0.0039857144524457,0.00279789924326766,0.00339180684785668
"MAP3K10",0.00569230310363117,0.00109058687206053,0.00339144498784585
"ENTPD5",0.00630179905048312,0.000477131756526481,0.0033894654035048
"ENSG00000274828.1",0.00152373986712988,0.00525171970540384,0.00338772978626686
"JADE2",0.00616093163559527,0.000613455115534047,0.00338719337556466
"FANCM",0.00677042758244722,0,0.00338521379122361
"CLEC1A",0.00677042758244722,0,0.00338521379122361
"PANK1",0.00677042758244722,0,0.00338521379122361
"Lithocholic acid",0.00677042758244722,0,0.00338521379122361
"PI 18:1/18:1",0.00677042758244722,0,0.00338521379122361
"KLHL38",0.00581420229300156,0.000954263513052962,0.00338423290302726
"SAMM50",0.000731395136222344,0.00603505676736555,0.00338322595179395
"ZNF280C",0,0.00676642075639084,0.00338321037819542
"SELENOI",0,0.00676642075639084,0.00338321037819542
"DNAJB5",0,0.00676642075639084,0.00338321037819542
"ENSG00000289230.1",0.000182848784055586,0.00658035020339582,0.0033815994937257
"C8G",0.000182848784055586,0.00658035020339582,0.0033815994937257
"ZNF750",0.000182848784055586,0.00658035020339582,0.0033815994937257
"CLBA1",0.00628283082496566,0.000477131756526481,0.00337998129074607
"ABCA6",0.00628283082496566,0.000477131756526481,0.00337998129074607
"ANKRD52",0.00675243701118749,0,0.00337621850559375
"FAM131B",0.0057952340674841,0.000954263513052962,0.00337474879026853
"FLT1",0.00577724349622437,0.000954263513052962,0.00336575350463866
"SMYD5",0.00652662920370644,0.000204485038511349,0.0033655571211089
"BIN3",0.00652662920370644,0.000204485038511349,0.0033655571211089
"ARSK",0.00652662920370644,0.000204485038511349,0.0033655571211089
"AGPS",0.00652662920370644,0.000204485038511349,0.0033655571211089
"FBXO48",0.00146279027244469,0.00526686380730761,0.00336482703987615
"EYA4",0.00557040391426078,0.00115874855156431,0.00336457623291254
"RILPL1",0.00617989986111273,0.000545293436030264,0.0033625966485715
"ENSG00000272789.1",0.0052896467387428,0.00143139526957944,0.00336052100416112
"LRP5",0.00603903244622488,0.00068161679503783,0.00336032462063135
"TRAF6",0,0.00671667356240338,0.00335833678120169
"FAHD2CP",0,0.00671667356240338,0.00335833678120169
"EML6",0.00091424392027793,0.00579701314143411,0.00335562853085602
"RNF146",0.0054115459281132,0.00129507191057188,0.00335330891934254
"TBC1D17",0.000670445541537149,0.00603505676736555,0.00335275115445135
"FGF12",0.000426647162796367,0.00627741528157314,0.00335203122218476
"ENSG00000272505.1",0.000426647162796367,0.00627741528157314,0.00335203122218476
"MRPS27",0.00410761364181609,0.00259014382114375,0.00334887873147992
"ENSG00000264112.1",0.00642369823985351,0.000272646718015132,0.00334817247893432
"ENSG00000256694.1",0.00642369823985351,0.000272646718015132,0.00334817247893432
"PRSS45P",0.000609495946851953,0.00608480396135301,0.00334714995410248
"TOR1AIP2",0,0.00668638535859584,0.00334319267929792
"ECD",0,0.00668638535859584,0.00334319267929792
"ALKBH1",0,0.00668638535859584,0.00334319267929792
"FAM177A1",0.0057952340674841,0.000886101833549179,0.00334066795051664
"AKAP8",0.0057952340674841,0.000886101833549179,0.00334066795051664
"CYRIA",0.000731395136222344,0.00594848060234544,0.00333993786928389
"RBM10",0.00640473001433605,0.000272646718015132,0.00333868836617559
"CRLS1",0.00091424392027793,0.00576241004935042,0.00333832698481418
"TBC1D8",0.000182848784055586,0.00649377403837571,0.00333831141121565
"SLC15A4",0.000182848784055586,0.00649377403837571,0.00333831141121565
"NR4A3",0.000182848784055586,0.00649377403837571,0.00333831141121565
"THAP8",0.00577724349622437,0.000886101833549179,0.00333167266488677
"ICE1",0.00652662920370644,0.000136323359007566,0.003331476281357
"PPP1R12C",0.00617989986111273,0.000477131756526481,0.00332851580881961
"ENSG00000242588.6",0.00140184067775949,0.00525171970540384,0.00332678019158167
"XRN2",0.00603903244622488,0.000613455115534047,0.00332624378087946
"PIK3CB",0.00603903244622488,0.000613455115534047,0.00332624378087946
"ACCS",0.00603903244622488,0.000613455115534047,0.00332624378087946
"ODC1",0.000975193514963125,0.00567583388433031,0.00332551369964672
"CAMTA1",0.00664852839307683,0,0.00332426419653842
"ARHGAP12",0.00664852839307683,0,0.00332426419653842
"PPT2",0.00664852839307683,0,0.00332426419653842
"LSM8",0.000426647162796367,0.00622112732036058,0.00332388724157847
"USP18",6.09495946851953e-05,0.00658035020339582,0.00332064989904051
"SNHG19",0.00616093163559527,0.000477131756526481,0.00331903169606087
"LINC00702",0.00581420229300156,0.000817940154045396,0.00331607122352348
"TRIM68",0.000731395136222344,0.00589873340835799,0.00331506427229017
"CAT",0.00642369823985351,0.000204485038511349,0.00331409163918243
"KCND3",0.00567333487811371,0.000954263513052962,0.00331379919558333
"PPA1",0.000182848784055586,0.00644402684438825,0.00331343781422192
"RPL7",0.00164563905650027,0.00497907298738871,0.00331235602194449
"SLCO2A1",0.000670445541537149,0.00594848060234544,0.0033094630719413
"DLG5",0.000548546352166758,0.00606965985944924,0.003309103105808
"KLHL40",0.000548546352166758,0.00606965985944924,0.003309103105808
"BZW1",0.000548546352166758,0.00606965985944924,0.003309103105808
"CCL2",0,0.0066149532954795,0.00330747664773975
"LIMS1",0,0.0066149532954795,0.00330747664773975
"SYNE1",0.0057952340674841,0.000817940154045396,0.00330658711076475
"IDO1",0.00176753824587066,0.00484274962838115,0.00330514393712591
"PRKAG3",0.00640473001433605,0.000204485038511349,0.0033046075264237
"GET4",0.00605800067174234,0.000545293436030264,0.0033016470538863
"LGALS4",0.000426647162796367,0.00617138012637312,0.00329901364458474
"ZBTB45",0.00079234473090754,0.00579701314143411,0.00329467893617082
"WDR5B-DT",0.00631282184952194,0.000272646718015132,0.00329273428376853
"NYAP2",0.000548546352166758,0.00603505676736555,0.00329180155976615
"KLF16",0,0.00658035020339582,0.00329017510169791
"KCNQ5",0.00158468946181508,0.00499421708929248,0.00328945327555378
"PPP2R1B",0.00158468946181508,0.00499421708929248,0.00328945327555378
"GDAP1",0.00146279027244469,0.00511539634639628,0.00328909330942048
"CELF2",0.00091424392027793,0.00566068978242654,0.00328746685135224
"ZNF789",0.00091424392027793,0.00566068978242654,0.00328746685135224
"PLEKHA6",0.00616093163559527,0.000408970077022698,0.00328495085630898
"WWC3",0,0.00655006199958828,0.00327503099979414
"OFD1",0.00593610148237195,0.000613455115534047,0.003274778298953
"FES",0.000731395136222344,0.00581215724333788,0.00327177618978011
"LRRC8C",0.00091424392027793,0.00562608669034285,0.00327016530531039
"ALG9",0,0.00653060300940836,0.00326530150470418
"ZNF33A",0.000731395136222344,0.00579701314143411,0.00326420413882823
"SLC2A5",0.00652662920370644,0,0.00326331460185322
"YPEL5",0.00652662920370644,0,0.00326331460185322
"PVRIG2P",0.00652662920370644,0,0.00326331460185322
"BLOC1S2",0.00652662920370644,0,0.00326331460185322
"LIN9",0.00652662920370644,0,0.00326331460185322
"ERMP1",0.00557040391426078,0.000954263513052962,0.00326233371365687
"KRT10",0.000975193514963125,0.00553951052532275,0.00325735202014294
"UQCC3",0.00569230310363117,0.000817940154045396,0.00325512162883828
"RALY",0.00569230310363117,0.000817940154045396,0.00325512162883828
"DCTD",0.00650863863244671,0,0.00325431931622336
"AZIN2",0.000609495946851953,0.00589873340835799,0.00325411467760497
"ARHGAP28",0.00207228621929664,0.00443377955135845,0.00325303288532755
"JAK2",0.00164563905650027,0.00485789373028492,0.0032517663933926
"TLE1P1",0.00616093163559527,0.000340808397518915,0.00325087001655709
"KCTD11",0.00616093163559527,0.000340808397518915,0.00325087001655709
"NSD3",0.00616093163559527,0.000340808397518915,0.00325087001655709
"LINC01184",0.00182848784055586,0.00467182317728989,0.00325015550892288
"NFYC-AS1",0.000426647162796367,0.00606965985944924,0.0032481535111228
"ZBED5-AS1",0.000426647162796367,0.00606965985944924,0.0032481535111228
"TMEM251",0.000426647162796367,0.00606965985944924,0.0032481535111228
"NT5DC3",0.000426647162796367,0.00606965985944924,0.0032481535111228
"SATB2-AS1",0.000731395136222344,0.00576241004935042,0.00324690259278638
"THEM4",0.000731395136222344,0.00576241004935042,0.00324690259278638
"YWHAQ",0,0.00649377403837571,0.00324688701918785
"TSPY26P",0.00567333487811371,0.000817940154045396,0.00324563751607955
"PUS7",0.00567333487811371,0.000817940154045396,0.00324563751607955
"ZNF875",0.00553344511748359,0.000954263513052962,0.00324385431526827
"KEAP1",0.00553344511748359,0.000954263513052962,0.00324385431526827
"KLHL34",0.00121899189370391,0.00526686380730761,0.00324292785050576
"NUBPL",0.00121899189370391,0.00526686380730761,0.00324292785050576
"SCAND1",0.00109709270433352,0.00538804306441141,0.00324256788437246
"WBP1",0.00109709270433352,0.00538804306441141,0.00324256788437246
"WBP11",0.000548546352166758,0.00593333650044167,0.00324094142630422
"FBXW7",0,0.00647862993647194,0.00323931496823597
"ZKSCAN7",0,0.00647862993647194,0.00323931496823597
"ATAD5",0,0.00647862993647194,0.00323931496823597
"ACP6",0.00313242012685297,0.00334319267929792,0.00323780640307544
"CCT4",0.00640473001433605,6.8161679503783e-05,0.00323644584691992
"SLC35G2",0.00626484025370593,0.000204485038511349,0.00323466264610864
"LDHD",0.000731395136222344,0.00573212184554288,0.00323175849088261
"PC 16:0_16:1",0.00646065703663071,0,0.00323032851831535
"GlcCer 18:1;O2/22:0",0.00646065703663071,0,0.00323032851831535
"Eicosatetraenoic acid",0.00646065703663071,0,0.00323032851831535
"3-Hydroxyphenyl valeric acid",0.00646065703663071,0,0.00323032851831535
"PE O-36:1",0.00646065703663071,0,0.00323032851831535
"SLC25A32",0.00146279027244469,0.00499421708929248,0.00322850368086859
"PKDREJ",0.00557040391426078,0.000886101833549179,0.00322825287390498
"FAM216A",0.0013408910830743,0.00511539634639628,0.00322814371473529
"UHRF2",0.00079234473090754,0.00566068978242654,0.00322651725666704
"PPP1R13B",0.00603903244622488,0.000408970077022698,0.00322400126162379
"WRAP73",0,0.00644402684438825,0.00322201342219412
"TBC1D13",0,0.00644402684438825,0.00322201342219412
"SLC35A5",0,0.00644402684438825,0.00322201342219412
"USP2",0,0.00644402684438825,0.00322201342219412
"HK2",0.00158468946181508,0.00485789373028492,0.00322129159605
"MPI",0.00569230310363117,0.000749778474541613,0.00322104078908639
"AFG3L2",0.00569230310363117,0.000749778474541613,0.00322104078908639
"LRP1B",0.00146279027244469,0.00497907298738871,0.0032209316299167
"TULP3",0.000487596757481563,0.00594848060234544,0.0032180386799135
"RCC2",0.00616093163559527,0.000272646718015132,0.0032167891768052
"CROCC",0.000670445541537149,0.00576241004935042,0.00321642779544378
"TP53I13",0.00158468946181508,0.00484274962838115,0.00321371954509811
"ENSG00000258168.6",0.00642369823985351,0,0.00321184911992676
"JRKL",0.00567333487811371,0.000749778474541613,0.00321155667632766
"SNAI1",0.000609495946851953,0.00581215724333788,0.00321082659509492
"RDH14",0.00628283082496566,0.000136323359007566,0.00320957709198661
"H3-3A",0.00628283082496566,0.000136323359007566,0.00320957709198661
"USP35",0.00079234473090754,0.00562608669034285,0.0032092157106252
"EIF4EBP2",0.00532660553552,0.00109058687206053,0.00320859620379026
"UPB1",0.000243798378740781,0.00617138012637312,0.00320758925255695
"CAND1",0,0.00641373864058071,0.00320686932029036
"PIK3C3",0,0.00641373864058071,0.00320686932029036
"IP6K2",0.0057952340674841,0.000613455115534047,0.00320434459150907
"PRNP",0.00640473001433605,0,0.00320236500716803
"NDUFA5",0.00516774754937241,0.00122691023106809,0.00319732889022025
"USP34-DT",0.00591713325685449,0.000477131756526481,0.00319713250669048
"RNF220",0.000853294325592735,0.00553951052532275,0.00319640242545774
"S100A1",0.000731395136222344,0.00566068978242654,0.00319604245932444
"BPGM",0.000731395136222344,0.00566068978242654,0.00319604245932444
"PCMTD2",0.000731395136222344,0.00566068978242654,0.00319604245932444
"SPG7",0.000182848784055586,0.00620598321845681,0.0031944160012562
"GIMAP8",0.00557040391426078,0.000817940154045396,0.00319417203415309
"SNRNP48",0.00638673944307632,0,0.00319336972153816
"KLHDC1",0.00603903244622488,0.000340808397518915,0.0031899204218719
"SGSM1",0.00603903244622488,0.000340808397518915,0.0031899204218719
"YAF2",0.000304747973425977,0.00606965985944924,0.00318720391643761
"PAK2",0.00555143568874332,0.000817940154045396,0.00318468792139436
"KLHL2",0.00616093163559527,0.000204485038511349,0.00318270833705331
"PKIA",0.000975193514963125,0.00538804306441141,0.00318161828968727
"LINC01772",0.000182848784055586,0.00617138012637312,0.00317711445521435
"IGF1R",0.00164563905650027,0.00470642626937358,0.00317603266293693
"ENSG00000280010.1",0.00553344511748359,0.000817940154045396,0.00317569263576449
"PSMD1",0.00634978064629913,0,0.00317489032314956
"SYAP1",0.00109709270433352,0.00525171970540384,0.00317440620486868
"ZC3H7B",0.00109709270433352,0.00525171970540384,0.00317440620486868
"SF3A2",0.000670445541537149,0.00567583388433031,0.00317313971293373
"CCDC39",0.000670445541537149,0.00567583388433031,0.00317313971293373
"UPK3B",0.00593610148237195,0.000408970077022698,0.00317253577969732
"ZNF697",0.0057952340674841,0.000545293436030264,0.00317026375175718
"CCDC85A",0.0057952340674841,0.000545293436030264,0.00317026375175718
"MAP3K6",0.00591713325685449,0.000408970077022698,0.00316305166693859
"ZNF138",0.00591713325685449,0.000408970077022698,0.00316305166693859
"LIMK2",0.00079234473090754,0.00552436642341898,0.00315835557716326
"PTOV1-AS1",0,0.00630770348538068,0.00315385174269034
"FUCA2",0.00569230310363117,0.000613455115534047,0.00315287910958261
"LINC00472",0.00103614310964832,0.00526686380730761,0.00315150345847797
"EGLN3",0.00091424392027793,0.00538804306441141,0.00315114349234467
"TRMU",0.00628283082496566,0,0.00314141541248283
"ANXA5",0.00532660553552,0.000954263513052962,0.00314043452428648
"ANXA6",0,0.00627741528157314,0.00313870764078657
"TSEN34",0,0.00627741528157314,0.00313870764078657
"MSTN",0,0.00627741528157314,0.00313870764078657
"ZBTB46",0.0012799414883891,0.00499421708929248,0.00313707928884079
"PRSS50",0.00115804229901871,0.00511539634639628,0.0031367193227075
"ENSG00000272661.1",0.00544850472489039,0.000817940154045396,0.00313322243946789
"ENSG00000289236.1",0.00544850472489039,0.000817940154045396,0.00313322243946789
"TRAF3",0.00626484025370593,0,0.00313242012685297
"AP5M1",0.00516774754937241,0.00109058687206053,0.00312916721071647
"HERC2P3",0.00591713325685449,0.000340808397518915,0.0031289708271867
"UBA2",0.000182848784055586,0.00606965985944924,0.00312625432175241
"TP63",0.00542953649937292,0.000817940154045396,0.00312373832670916
"TUFM",0.0052896467387428,0.000954263513052962,0.00312195512589788
"NCOA6",0.00170658865118547,0.00453549981828233,0.0031210442347339
"SERPINB9",0.000975193514963125,0.00526686380730761,0.00312102866113537
"TMEM205",0.000304747973425977,0.00593333650044167,0.00311904223693383
"TPI1P1",0.00569230310363117,0.000545293436030264,0.00311879826983072
"MTO1",0.00569230310363117,0.000545293436030264,0.00311879826983072
"RGN",0.00569230310363117,0.000545293436030264,0.00311879826983072
"C3orf18",0.00569230310363117,0.000545293436030264,0.00311879826983072
"GRTP1",0.000731395136222344,0.00548976333133529,0.00311057923377882
"MTRNR2L8",0,0.00622112732036058,0.00311056366018029
"KHDC4",0.00219418540866703,0.00402480947433575,0.00310949744150139
"CLDN12",0.00567333487811371,0.000545293436030264,0.00310931415707198
"ST3GAL5",0.00567333487811371,0.000545293436030264,0.00310931415707198
"ZNF202",0.00121899189370391,0.00499421708929248,0.00310660449149819
"CCDC141",0.00593610148237195,0.000272646718015132,0.00310437410019354
"ESAM",0,0.00620598321845681,0.0031029916092284
"SSBP3",0.00176753824587066,0.00443377955135845,0.00310065889861456
"DPF3",0.00176753824587066,0.00443377955135845,0.00310065889861456
"TRIM33",0.000670445541537149,0.00552436642341898,0.00309740598247806
"RABGGTA",0.000670445541537149,0.00552436642341898,0.00309740598247806
"WARS1",0.00516774754937241,0.00102242519255674,0.00309508637096458
"SF3B5",0.00091424392027793,0.00526686380730761,0.00309055386379277
"WHAMM",0.00091424392027793,0.00526686380730761,0.00309055386379277
"ARPP19",0.00091424392027793,0.00526686380730761,0.00309055386379277
"ENSG00000233818.1",0.00079234473090754,0.00538804306441141,0.00309019389765948
"ADM",0.00079234473090754,0.00538804306441141,0.00309019389765948
"MTUS1",0.00617989986111273,0,0.00308994993055637
"PLEKHM2",0.00617989986111273,0,0.00308994993055637
"COQ3",0.0052896467387428,0.000886101833549179,0.00308787428614599
"ZNF449",0.00603903244622488,0.000136323359007566,0.00308767790261622
"ZGLP1",0.000548546352166758,0.00562608669034285,0.00308731652125481
"PLXNC1",0,0.00617138012637312,0.00308569006318656
"CEP85",0.00158468946181508,0.00458524701226978,0.00308496823704243
"MEMO1",0.00569230310363117,0.000477131756526481,0.00308471743007883
"LBP",0.000365697568111172,0.00579701314143411,0.00308135535477264
"ZSCAN20",0.000365697568111172,0.00579701314143411,0.00308135535477264
"GPLD1",0.000365697568111172,0.00579701314143411,0.00308135535477264
"LINC01144",0.000365697568111172,0.00579701314143411,0.00308135535477264
"GPR68",0.00616093163559527,0,0.00308046581779763
"ZNF526",0.00616093163559527,0,0.00308046581779763
"PLA2G15",0.00616093163559527,0,0.00308046581779763
"ENDOV",0.00616093163559527,0,0.00308046581779763
"TTC17",0.00616093163559527,0,0.00308046581779763
"MYBPH",0.00616093163559527,0,0.00308046581779763
"XRCC3",0.00616093163559527,0,0.00308046581779763
"SNRPD3",0.00520470634614961,0.000954263513052962,0.00307948492960128
"SLC27A1",0.000426647162796367,0.00573212184554288,0.00307938450416962
"SM 18:1;O2/14:0",0.00615590906320473,0,0.00307795453160236
"RBM12B",0.00115804229901871,0.00499421708929248,0.0030761296941556
"LINC01422",0.00115804229901871,0.00499421708929248,0.0030761296941556
"RRP9",0.00567333487811371,0.000477131756526481,0.00307523331732009
"DLG4",0.00567333487811371,0.000477131756526481,0.00307523331732009
"RPL4P4",0.000487596757481563,0.00566068978242654,0.00307414326995405
"INKA1",0,0.00614109192256558,0.00307054596128279
"PAQR9",0.00504584836000202,0.00109058687206053,0.00306821761603128
"PTPA",0.00504584836000202,0.00109058687206053,0.00306821761603128
"1,3-Dimethyluric acid",0,0.00613455115534047,0.00306727557767023
"RUBCN",6.09495946851953e-05,0.00606965985944924,0.00306530472706722
"TEF",0.000365697568111172,0.00576241004935042,0.0030640538087308
"CS",0.000731395136222344,0.00538804306441141,0.00305971910031688
"DDHD2",0.000731395136222344,0.00538804306441141,0.00305971910031688
"TPR",0.000304747973425977,0.00581215724333788,0.00305845260838193
"RMND5B",0.00557040391426078,0.000545293436030264,0.00305784867514552
"NUTM2B-AS1",0.00152373986712988,0.00458524701226978,0.00305449343969983
"MYOM3",0.0052896467387428,0.000817940154045396,0.0030537934463941
"BAG1",0.000853294325592735,0.00525171970540384,0.00305250701549829
"TADA1",0.000426647162796367,0.00567583388433031,0.00305124052356334
"RBM26",0.000304747973425977,0.00579701314143411,0.00305088055743004
"MPV17",0.00569230310363117,0.000408970077022698,0.00305063659032693
"ENSG00000279602.1",0.000609495946851953,0.00548976333133529,0.00304962963909362
"STAT2",0.000975193514963125,0.00511539634639628,0.0030452949306797
"CX3CR1",0.000426647162796367,0.00566068978242654,0.00304366847261145
"ACSL1",0,0.00608480396135301,0.0030424019806765
"ALDH9A1",0.00567333487811371,0.000408970077022698,0.0030411524775682
"SRSF4",0.00121899189370391,0.00485789373028492,0.00303844281199441
"FMNL3",0.00109709270433352,0.00497907298738871,0.00303808284586111
"DDN",0,0.00606965985944924,0.00303482992972462
"RRAS2",0,0.00606965985944924,0.00303482992972462
"KDM3AP1",0.0057952340674841,0.000272646718015132,0.00303394039274961
"LMOD1",0.00544850472489039,0.000613455115534047,0.00303097992021222
"SFMBT1",0.000670445541537149,0.00538804306441141,0.00302924430297428
"DMAC1",0.000670445541537149,0.00538804306441141,0.00302924430297428
"PPCS",0.00435141202055687,0.00170404198759457,0.00302772700407572
"NDUFA9",0.00516774754937241,0.000886101833549179,0.0030269246914608
"ADAMTS9-AS2",0.00591713325685449,0.000136323359007566,0.00302672830793103
"ENSG00000277196.4",0.000426647162796367,0.00562608669034285,0.00302636692656961
"CMC4",0.00447331120992726,0.00156771862858701,0.00302051491925714
"AGO1",0.000243798378740781,0.00579701314143411,0.00302040576008744
"RHOD",0.00603903244622488,0,0.00301951622311244
"PC 17:0_20:4",0.00603400987383434,0,0.00301700493691717
"SRSF3",0.00103614310964832,0.00499421708929248,0.0030151800994704
"MACIR",0.00091424392027793,0.00511539634639628,0.0030148201333371
"NINJ2-AS1",0.00602104187496515,0,0.00301052093748257
"ENSG00000282034.1",0.000121899189370391,0.00589873340835799,0.00301031629886419
"UBXN2A",0.00567333487811371,0.000340808397518915,0.00300707163781631
"HCFC1",0.00567333487811371,0.000340808397518915,0.00300707163781631
"ACTB",0,0.00600476856355801,0.00300238428177901
"ENSG00000238260.2",0,0.00600476856355801,0.00300238428177901
"NECAP1",0.000731395136222344,0.00526686380730761,0.00299912947176498
"PKD1P4",0,0.0059853095733781,0.00299265478668905
"PRDM10",0.000731395136222344,0.00525171970540384,0.00299155742081309
"GRPEL1",0.00577724349622437,0.000204485038511349,0.00299086426736786
"RBL2",0.000304747973425977,0.00567583388433031,0.00299029092887814
"SLC25A27",0.000182848784055586,0.00579701314143411,0.00298993096274485
"Pregnenolone sulfate",0.00597306027914914,0,0.00298653013957457
"PE P-34:2 or PE O-34:3",0.00597306027914914,0,0.00298653013957457
"Sphinganine 1-phosphate",0.00597306027914914,0,0.00298653013957457
"PC 40:3",0.00597306027914914,0,0.00298653013957457
"PTPN1",0.000975193514963125,0.00499421708929248,0.0029847053021278
"ACSF2",0.000853294325592735,0.00511539634639628,0.00298434533599451
"SYNPO2",0.000426647162796367,0.00553951052532275,0.00298307884405956
"GM2A",0.000426647162796367,0.00553951052532275,0.00298307884405956
"PTPN11",0.00480204998126124,0.00115874855156431,0.00298039926641278
"TMEM266",0.00152373986712988,0.00443377955135845,0.00297875970924417
"MIR762HG",0.00506383893126175,0.000886101833549179,0.00297497038240547
"PTGIR",0.00567333487811371,0.000272646718015132,0.00297299079806442
"GTF2H1",0.00567333487811371,0.000272646718015132,0.00297299079806442
"WDR59",0.00567333487811371,0.000272646718015132,0.00297299079806442
"FAM102A",0.000670445541537149,0.00526686380730761,0.00296865467442238
"CORO1C",0.000670445541537149,0.00526686380730761,0.00296865467442238
"DOT1L",0.000670445541537149,0.00526686380730761,0.00296865467442238
"ANKRD23",0,0.00593333650044167,0.00296666825022084
"JARID2",0,0.00593333650044167,0.00296666825022084
"ENSG00000272106.1",0.00483900877803843,0.00109058687206053,0.00296479782504948
"CUEDC1",0.00483900877803843,0.00109058687206053,0.00296479782504948
"JMY",0.00176753824587066,0.00416113283334332,0.00296433553960699
"C15orf39",0.00176753824587066,0.00416113283334332,0.00296433553960699
"PLPP3",0.00565534430685398,0.000272646718015132,0.00296399551243455
"ZNF326",0.00544850472489039,0.000477131756526481,0.00296281824070843
"NOM1",0.00544850472489039,0.000477131756526481,0.00296281824070843
"GLRX",0.00469814136315058,0.00122691023106809,0.00296252579710934
"PLPP1",0.000670445541537149,0.00525171970540384,0.0029610826234705
"FAM120A",0.00455825160252046,0.00136323359007566,0.00296074259629806
"SRXN1",0.00530763731000253,0.000613455115534047,0.00296054621276829
"SFTPD-AS1",0.00530763731000253,0.000613455115534047,0.00296054621276829
"TRMT112",0.00591713325685449,0,0.00295856662842724
"EXT1",0.00591713325685449,0,0.00295856662842724
"CREG1",0.00188943743524106,0.00402480947433575,0.0029571234547884
"ENSG00000252690.3",0.0052896467387428,0.000613455115534047,0.00295155092713843
"RABEP2",0.0052896467387428,0.000613455115534047,0.00295155092713843
"MIR4458HG",0,0.00589873340835799,0.00294936670417899
"MFSD9",0,0.00589873340835799,0.00294936670417899
"ELK4",0,0.00589873340835799,0.00294936670417899
"NANS",0.00158468946181508,0.00431260029425465,0.00294864487803487
"GPR153",0.00103614310964832,0.00485789373028492,0.00294701841996662
"ZKSCAN4",0.00459521039929765,0.00129507191057188,0.00294514115493476
"ENSG00000272384.1",0.000121899189370391,0.00576241004935042,0.00294215461936041
"MTCO2P2",0.00410761364181609,0.00177220366709836,0.00293990865445722
"HNRNPA2B1",0.00567333487811371,0.000204485038511349,0.00293890995831253
"SDCCAG8",0.00574028469944717,0.000136323359007566,0.00293830402922737
"ENSG00000225313.5",0.000609495946851953,0.00526686380730761,0.00293817987707978
"PDCL",0.00471710958866804,0.00115874855156431,0.00293792907011618
"LINC00324",0.0012799414883891,0.00458524701226978,0.00293259425032944
"CAPRIN1",0.0012799414883891,0.00458524701226978,0.00293259425032944
"TAX1BP1",0.00504584836000202,0.000817940154045396,0.00293189425702371
"METAP1D",0.000731395136222344,0.00513054044830005,0.0029309677922612
"MBNL1-AS1",0.000731395136222344,0.00513054044830005,0.0029309677922612
"UGGT1",0.000609495946851953,0.00525171970540384,0.0029306078261279
"FOXJ2",0.000609495946851953,0.00525171970540384,0.0029306078261279
"ZNF587B",0.000609495946851953,0.00525171970540384,0.0029306078261279
"APOL5",0.0012799414883891,0.00457010291036601,0.00292502219937756
"CTNNB1",0.0012799414883891,0.00457010291036601,0.00292502219937756
"GMEB2",0.000853294325592735,0.00499421708929248,0.00292375570744261
"RPS27A",0.000731395136222344,0.00511539634639628,0.00292339574130931
"RRN3P1",0.00207228621929664,0.00376730685822439,0.00291979653876052
"FNDC4",0.000975193514963125,0.00485789373028492,0.00291654362262402
"KIAA1217",0.00494193974189136,0.000886101833549179,0.00291402078772027
"TP53BP2",0.00152373986712988,0.00429745619235088,0.00291059802974038
"ARV1",0.00152373986712988,0.00429745619235088,0.00291059802974038
"VPS72",0.000426647162796367,0.00538804306441141,0.00290734511360389
"PRPF38B",0.00471710958866804,0.00109058687206053,0.00290384823036429
"PKN3",0.00176753824587066,0.00403995357623952,0.00290374591105509
"PDCD7",0.00164563905650027,0.00416113283334332,0.0029033859449218
"TRAPPC14",0.00121899189370391,0.00458524701226978,0.00290211945298685
"MAGEF1",0.00532660553552,0.000477131756526481,0.00290186864602324
"ATP6V1F",0.00532660553552,0.000477131756526481,0.00290186864602324
"CCDC146",0.00109709270433352,0.00470642626937358,0.00290175948685355
"MSMO1",0.000670445541537149,0.00513054044830005,0.0029004929949186
"GARS1-DT",0.000548546352166758,0.00525171970540384,0.0029001330287853
"ASCC2",0.00525268794196561,0.000545293436030264,0.00289899068899794
"ATF7IP",0,0.00579701314143411,0.00289850657071705
"ITPKB",0.0057952340674841,0,0.00289761703374205
"TGFBRAP1",0.0057952340674841,0,0.00289761703374205
"ZNF334",0.0057952340674841,0,0.00289761703374205
"SUN1",0.0057952340674841,0,0.00289761703374205
"LTC4S",0.0057952340674841,0,0.00289761703374205
"PPIL1",0.0013408910830743,0.00444892365326222,0.00289490736816826
"TMOD1",0.00544850472489039,0.000340808397518915,0.00289465656120465
"ENSG00000279622.2",0.00544850472489039,0.000340808397518915,0.00289465656120465
"NMNAT1",0.00121899189370391,0.00457010291036601,0.00289454740203496
"CRYZL1",0.00121899189370391,0.00457010291036601,0.00289454740203496
"HOGA1",0.00079234473090754,0.00499421708929248,0.00289328091010001
"TMEM177",0.000670445541537149,0.00511539634639628,0.00289292094396671
"PRMT5",0.00455825160252046,0.00122691023106809,0.00289258091679428
"SOCS6",0.000243798378740781,0.00553951052532275,0.00289165445203176
"KIF27",0.00435141202055687,0.00143139526957944,0.00289140364506816
"GPER1",0.000121899189370391,0.00566068978242654,0.00289129448589847
"DET1",0.00577724349622437,0,0.00288862174811218
"CCDC17",0.00577724349622437,0,0.00288862174811218
"TLE3",0.00482004055252097,0.000954263513052962,0.00288715203278697
"ETS1",0.00091424392027793,0.00485789373028492,0.00288606882528142
"CSPP1",0.00542953649937292,0.000340808397518915,0.00288517244844592
"RCN2",0.00447331120992726,0.00129507191057188,0.00288419156024957
"AACS",0.0052896467387428,0.000477131756526481,0.00288338924763464
"DESI1",0.00569230310363117,6.8161679503783e-05,0.00288023239156748
"HSPB7",0.000365697568111172,0.00538804306441141,0.00287687031626129
"CETN3",0.0054115459281132,0.000340808397518915,0.00287617716281606
"CWC27",0.000670445541537149,0.00508079325431259,0.00287561939792487
"TIGD2",0.000670445541537149,0.00508079325431259,0.00287561939792487
"INCENP",0.00520470634614961,0.000545293436030264,0.00287499989108993
"NASP",0.00349811769496414,0.00224933542362484,0.00287372655929449
"PDLIM1",0.00188943743524106,0.0038538830232445,0.00287166022924278
"ENSG00000286196.1",0.00115804229901871,0.00458524701226978,0.00287164465564425
"NBN",0.00574028469944717,0,0.00287014234972359
"CCDC81",0.000609495946851953,0.00513054044830005,0.002870018197576
"SERTAD1",0.000731395136222344,0.00499421708929248,0.00286280611275741
"BCL10",0.000731395136222344,0.00499421708929248,0.00286280611275741
"MAGEH1",0.000731395136222344,0.00499421708929248,0.00286280611275741
"ZNF154",0.000731395136222344,0.00499421708929248,0.00286280611275741
"CTDSPL2",0.00483900877803843,0.000886101833549179,0.00286255530579381
"ATP2B1",0.000609495946851953,0.00511539634639628,0.00286244614662412
"SH3RF1",0.000182848784055586,0.00553951052532275,0.00286117965468917
"HHATL",0.000182848784055586,0.00553951052532275,0.00286117965468917
"FIGNL1",0.00374191607370492,0.00197668870560971,0.00285930238965731
"MICOS10",0.00516774754937241,0.000545293436030264,0.00285652049270134
"GOLGA2",0.00516774754937241,0.000545293436030264,0.00285652049270134
"STX8",0.0052896467387428,0.000408970077022698,0.00284930840788275
"COQ5",0.0052896467387428,0.000408970077022698,0.00284930840788275
"ARHGAP21",0.00508280715677922,0.000613455115534047,0.00284813113615663
"TRIM16",0.000426647162796367,0.00526686380730761,0.00284675548505199
"MAFK",0.000426647162796367,0.00526686380730761,0.00284675548505199
"NUDT4B",0.000426647162796367,0.00526686380730761,0.00284675548505199
"WASH6P",0.00569230310363117,0,0.00284615155181558
"DRAP1",0.00569230310363117,0,0.00284615155181558
"YIF1A",0.00569230310363117,0,0.00284615155181558
"PPP1R14B",0.00569230310363117,0,0.00284615155181558
"ESRRA",0.00569230310363117,0,0.00284615155181558
"MRPL24",0.00569230310363117,0,0.00284615155181558
"MIEN1",0.00569230310363117,0,0.00284615155181558
"TTL",0.00569230310363117,0,0.00284615155181558
"ST8SIA5",0.00569230310363117,0,0.00284615155181558
"TTC28",0.00555143568874332,0.000136323359007566,0.00284387952387544
"MRPL32",0.000975193514963125,0.00470642626937358,0.00284080989216835
"EPSTI1",0.000548546352166758,0.00513054044830005,0.0028395434002334
"PRECSIT",0.000426647162796367,0.00525171970540384,0.00283918343410011
"CCSER2",0.000426647162796367,0.00525171970540384,0.00283918343410011
"HDAC5",0.000426647162796367,0.00525171970540384,0.00283918343410011
"KLF15",0.000426647162796367,0.00525171970540384,0.00283918343410011
"LRIG3",0.000426647162796367,0.00525171970540384,0.00283918343410011
"ZNF532",0,0.00567583388433031,0.00283791694216516
"PARM1",0.00567333487811371,0,0.00283666743905685
"PHC2",0.00567333487811371,0,0.00283666743905685
"CYREN",0.00567333487811371,0,0.00283666743905685
"RRAGC",0.00567333487811371,0,0.00283666743905685
"SLC11A2",0.00567333487811371,0,0.00283666743905685
"MCM6",0.00471710958866804,0.000954263513052962,0.0028356865508605
"SMARCE1",0.00553344511748359,0.000136323359007566,0.00283488423824558
"FABP5P7",0.00109709270433352,0.00457010291036601,0.00283359780734977
"CRYZL2P",0.00422951283118648,0.00143139526957944,0.00283045405038296
"RIPOR2",0,0.00566068978242654,0.00283034489121327
"SELENOKP3",0,0.00566068978242654,0.00283034489121327
"NAALAD2",0,0.00566068978242654,0.00283034489121327
"PC 14:0_16:0",0,0.00565741939881399,0.00282870969940699
"DG 18:2_20:4",0,0.00565741939881399,0.00282870969940699
"FLT3LG",0.00565534430685398,0,0.00282767215342699
"SPON1",0.00079234473090754,0.00485789373028492,0.00282511923059623
"ALG6",0.00079234473090754,0.00485789373028492,0.00282511923059623
"MTIF3",0.000670445541537149,0.00497907298738871,0.00282475926446293
"SMCO1",0.00455825160252046,0.00109058687206053,0.00282441923729049
"PLBD2",0.0013408910830743,0.00429745619235088,0.00281917363771259
"SLC20A2",0.00482004055252097,0.000817940154045396,0.00281899035328318
"SMARCC2",0.00468015079189085,0.000954263513052962,0.00281720715247191
"PSMB5",0.00447331120992726,0.00115874855156431,0.00281602988074579
"NSUN4",0.00447331120992726,0.00115874855156431,0.00281602988074579
"ENSG00000279159.1",0.00447331120992726,0.00115874855156431,0.00281602988074579
"ATP5MG",0.0052896467387428,0.000340808397518915,0.00281522756813086
"THRAP3",0.0052896467387428,0.000340808397518915,0.00281522756813086
"SNRPB2",0.0052896467387428,0.000340808397518915,0.00281522756813086
"ZRANB1",0.00508280715677922,0.000545293436030264,0.00281405029640474
"ZBTB6",0,0.00562608669034285,0.00281304334517143
"DMXL2",0.00494193974189136,0.00068161679503783,0.0028117782684646
"ENSG00000274080.1",0.00091424392027793,0.00470642626937358,0.00281033509482576
"RIPOR3",0.00561838551007678,0,0.00280919275503839
"SGMS1-AS1",0.00158468946181508,0.00402480947433575,0.00280474946807541
"REXO2",0.00410761364181609,0.00149955694908323,0.00280358529544966
"GPR107",0.000609495946851953,0.00499421708929248,0.00280185651807222
"ERICD",0.000609495946851953,0.00499421708929248,0.00280185651807222
"RARG",0.000487596757481563,0.00511539634639628,0.00280149655193892
"ZNF76",0.00532660553552,0.000272646718015132,0.00279962612676756
"MTAP",0.000243798378740781,0.00535343997232772,0.00279861917553425
"MYOZ2",0.00170658865118547,0.00388848611532818,0.00279753738325683
"ILF2",0.000609495946851953,0.00497907298738871,0.00279428446712033
"ZNF408",0.000182848784055586,0.00540318716631518,0.00279301797518538
"PEX11A",0.00516774754937241,0.000408970077022698,0.00278835881319756
"ATP6AP1",0.000731395136222344,0.00484274962838115,0.00278707238230175
"MRFAP1L1",0.00557040391426078,0,0.00278520195713039
"GGCT",0.0052896467387428,0.000272646718015132,0.00278114672837897
"TECPR1",0.000975193514963125,0.00458524701226978,0.00278022026361645
"SSX2IP",0.000853294325592735,0.00470642626937358,0.00277986029748316
"MYLK2",0.000426647162796367,0.00513054044830005,0.00277859380554821
"CCDC190",0.000426647162796367,0.00513054044830005,0.00277859380554821
"PYGO1",0.00494193974189136,0.000613455115534047,0.0027776974287127
"ZNF415",0.00555143568874332,0,0.00277571784437166
"ANKRD9",0.000548546352166758,0.00499421708929248,0.00277138172072962
"SCX",0.000426647162796367,0.00511539634639628,0.00277102175459632
"HMGCR",0.000426647162796367,0.00511539634639628,0.00277102175459632
"ENSG00000283662.1",0,0.00553951052532275,0.00276975526266137
"ZNF547",0,0.00553951052532275,0.00276975526266137
"KMT2D",0,0.00553951052532275,0.00276975526266137
"RCAN1",0,0.00553951052532275,0.00276975526266137
"DCAF8",0,0.00553951052532275,0.00276975526266137
"THSD1",0.00553344511748359,0,0.00276672255874179
"PTCH1",0.00553344511748359,0,0.00276672255874179
"CAD",0.000670445541537149,0.00485789373028492,0.00276416963591103
"RBL1",0.000670445541537149,0.00485789373028492,0.00276416963591103
"SPX",0.000121899189370391,0.00540318716631518,0.00276254317784279
"TXNIP",0.00121899189370391,0.00429745619235088,0.00275822404302739
"SLC9A3R2",0.00455825160252046,0.000954263513052962,0.00275625755778671
"ENSG00000276805.2",0.000975193514963125,0.00453549981828233,0.00275534666662273
"BDH1",0.000426647162796367,0.00508079325431259,0.00275372020855448
"CYP4X1",0.00188943743524106,0.00361583939731305,0.00275263841627705
"ATXN10",0.0052896467387428,0.000204485038511349,0.00274706588862708
"KIAA1109",0.0052896467387428,0.000204485038511349,0.00274706588862708
"FAM227B",0.00508280715677922,0.000408970077022698,0.00274588861690096
"SLF2",0.00201133662461145,0.00347951603830549,0.00274542633145847
"ZFAND4",0,0.00548976333133529,0.00274488166566764
"ENSG00000272631.1",0,0.00548976333133529,0.00274488166566764
"ITGA5",0,0.00548976333133529,0.00274488166566764
"DLC1",0,0.00548976333133529,0.00274488166566764
"SLX4",0,0.00548976333133529,0.00274488166566764
"PILRA",0,0.00548976333133529,0.00274488166566764
"PIK3C2B",0.00419255403440929,0.00129507191057188,0.00274381297249058
"MTURN",0.00091424392027793,0.00457010291036601,0.00274217341532197
"ZNF282",0.000487596757481563,0.00499421708929248,0.00274090692338702
"MTHFD1L",0.000609495946851953,0.00485789373028492,0.00273369483856843
"ZC3H6",0.00471710958866804,0.000749778474541613,0.00273344403160483
"FAXDC2",0.000487596757481563,0.00497907298738871,0.00273333487243514
"ACIN1",0.00079234473090754,0.00467182317728989,0.00273208395409872
"DTX3",0.00079234473090754,0.00467182317728989,0.00273208395409872
"ACTA2",0.00422951283118648,0.00122691023106809,0.00272821153112729
"ZDHHC23",0.000731395136222344,0.00472157037127735,0.00272648275374985
"ENSG00000288640.1",0.000182848784055586,0.00526686380730761,0.0027248562956816
"MED6",6.09495946851953e-05,0.00538804306441141,0.0027244963295483
"RAN",6.09495946851953e-05,0.00538804306441141,0.0027244963295483
"SYNGR2",0.00544850472489039,0,0.00272425236244519
"MRPS30",0.00455825160252046,0.000886101833549179,0.00272217671803482
"GSKIP",0.00455825160252046,0.000886101833549179,0.00272217671803482
"ACOT2",0.00435141202055687,0.00109058687206053,0.0027209994463087
"MRPL42",0.00140184067775949,0.00403995357623952,0.00272089712699951
"CEMIP2",0.00516774754937241,0.000272646718015132,0.00272019713369377
"UGP2",0.00516774754937241,0.000272646718015132,0.00272019713369377
"PGRMC2",0.00516774754937241,0.000272646718015132,0.00272019713369377
"CBR1",0.000731395136222344,0.00470642626937358,0.00271891070279796
"TIMM50",0.000731395136222344,0.00470642626937358,0.00271891070279796
"FBXL18",0.00103614310964832,0.00439917645927476,0.00271765978446154
"MIS12",0.000182848784055586,0.00525171970540384,0.00271728424472972
"RPAP3-DT",0.000487596757481563,0.00494446989530502,0.00271603332639329
"PAAF1",0.00386381526307531,0.00156771862858701,0.00271576694583116
"MIRLET7IHG",0.00140184067775949,0.00402480947433575,0.00271332507604762
"ZNF703",0.000975193514963125,0.00444892365326222,0.00271205858411267
"ENSG00000262319.1",0.00508280715677922,0.000340808397518915,0.00271180777714907
"SOCS5",0.000426647162796367,0.00499421708929248,0.00271043212604442
"ZNF516",0.000426647162796367,0.00499421708929248,0.00271043212604442
"MOCS2-DT",0.000426647162796367,0.00499421708929248,0.00271043212604442
"ENSG00000274292.1",0.00459521039929765,0.000817940154045396,0.00270657527667152
"SPTLC1",0.00152373986712988,0.00388848611532818,0.00270611299122903
"TOM1",0.00109709270433352,0.00431260029425465,0.00270484649929408
"PDIA6",0.000975193514963125,0.00443377955135845,0.00270448653316079
"SGIP1",0.000975193514963125,0.00443377955135845,0.00270448653316079
"EAPP",0.000426647162796367,0.00497907298738871,0.00270286007509254
"ZNF717",0.000731395136222344,0.00467182317728989,0.00270160915675612
"TTF2",0,0.00540318716631518,0.00270159358315759
"GTF2IRD2B",0,0.00540318716631518,0.00270159358315759
"ENSG00000268107.6",0,0.00540318716631518,0.00270159358315759
"BCR",0.00532660553552,6.8161679503783e-05,0.00269738360751189
"PKP1",0.00382685646629812,0.00156771862858701,0.00269728754744256
"GNAL",0.000548546352166758,0.00484274962838115,0.00269564799027395
"ENSG00000251257.2",0,0.00538804306441141,0.00269402153220571
"LINC00963",0,0.00538804306441141,0.00269402153220571
"ENSG00000279456.1",0,0.00538804306441141,0.00269402153220571
"RSPRY1",0,0.00538804306441141,0.00269402153220571
"EDEM2",0,0.00538804306441141,0.00269402153220571
"RHOBTB1",0,0.00538804306441141,0.00269402153220571
"SLC2A4",0.00455825160252046,0.000817940154045396,0.00268809587828293
"GRM2",0.00455825160252046,0.000817940154045396,0.00268809587828293
"NAPA",0.00455825160252046,0.000817940154045396,0.00268809587828293
"PCID2",0.000121899189370391,0.00525171970540384,0.00268680944738712
"NNAT",0.0013408910830743,0.00402480947433575,0.00268285027870502
"WFIKKN2",0.00091424392027793,0.00444892365326222,0.00268158378677007
"ROR1",0.00091424392027793,0.00444892365326222,0.00268158378677007
"FEN1",0.00447331120992726,0.000886101833549179,0.00267970652173822
"TTLL12",0.000548546352166758,0.00480814653629746,0.00267834644423211
"MAPKBP1",0,0.00535343997232772,0.00267671998616386
"N4BP2L1",0,0.00535343997232772,0.00267671998616386
"NIBAN2",0.00158468946181508,0.00376730685822439,0.00267599816001973
"POFUT1",0.00091424392027793,0.00443377955135845,0.00267401173581819
"MGST2",0.00091424392027793,0.00443377955135845,0.00267401173581819
"L3MBTL2",0.00459521039929765,0.000749778474541613,0.00267249443691963
"ALDH5A1",0.000670445541537149,0.00467182317728989,0.00267113435941352
"ANKRD29",0.000121899189370391,0.00521711661332016,0.00266950790134527
"NT5C",0.00158468946181508,0.00375216275632062,0.00266842610906785
"IFT172",0.000609495946851953,0.00472157037127735,0.00266553315906465
"USP38",0.00532660553552,0,0.00266330276776
"LINC01963",0.00182848784055586,0.00349466014020926,0.00266157399038256
"BSG",0.000731395136222344,0.00458524701226978,0.00265832107424606
"PTMA",0.000609495946851953,0.00470642626937358,0.00265796110811277
"ARPC4",0.000609495946851953,0.00470642626937358,0.00265796110811277
"HDDC2",0.00455825160252046,0.000749778474541613,0.00265401503853104
"CSNK1E",0.0012799414883891,0.00402480947433575,0.00265237548136243
"NPIPA8",0.0012799414883891,0.00402480947433575,0.00265237548136243
"SLC25A30",0.00496090796740883,0.000340808397518915,0.00265085818246387
"EGF",0.000731395136222344,0.00457010291036601,0.00265074902329418
"SESN1",0.000304747973425977,0.00499421708929248,0.00264948253135923
"DUSP2",0.000182848784055586,0.00511539634639628,0.00264912256522593
"DPH2",0.00447331120992726,0.000817940154045396,0.00264562568198633
"GOLT1B",0.00447331120992726,0.000817940154045396,0.00264562568198633
"ZFYVE19",0.0052896467387428,0,0.0026448233693714
"MRPS5",0.0052896467387428,0,0.0026448233693714
"MPC1",0.0052896467387428,0,0.0026448233693714
"STK11IP",0.000426647162796367,0.00485789373028492,0.00264227044654064
"COLQ",0.000426647162796367,0.00485789373028492,0.00264227044654064
"HNRNPAB",0.000426647162796367,0.00485789373028492,0.00264227044654064
"ENSG00000255710.2",0.000426647162796367,0.00485789373028492,0.00264227044654064
"CRYL1",0.000426647162796367,0.00485789373028492,0.00264227044654064
"HAX1",0.0039857144524457,0.00129507191057188,0.00264039318150879
"MTFR1L",0.0039857144524457,0.00129507191057188,0.00264039318150879
"DNAJC7",0.00152373986712988,0.00375216275632062,0.00263795131172525
"DESI2",0.00109709270433352,0.00417627693524709,0.0026366848197903
"PAQR4",0.000975193514963125,0.00429745619235088,0.002636324853657
"EIF2B4",0,0.00526686380730761,0.00263343190365381
"DNAJB4",0,0.00526686380730761,0.00263343190365381
"STC2",0,0.00526686380730761,0.00263343190365381
"RCOR2",0.00121899189370391,0.00403995357623952,0.00262947273497171
"ACAA2",0.000670445541537149,0.00458524701226978,0.00262784627690347
"ZNF71",0.000670445541537149,0.00458524701226978,0.00262784627690347
"RTL10",0.000670445541537149,0.00458524701226978,0.00262784627690347
"BCAR3",0,0.00525171970540384,0.00262585985270192
"ADCY2",0,0.00525171970540384,0.00262585985270192
"LSMEM1",0.0013408910830743,0.00390363021723195,0.00262226065015313
"ENSG00000285336.1",0.00121899189370391,0.00402480947433575,0.00262190068401983
"DNASE2",0.000975193514963125,0.00426285310026719,0.00261902330761516
"PFKFB4",0.000243798378740781,0.00499421708929248,0.00261900773401663
"TNFRSF19",0.000243798378740781,0.00499421708929248,0.00261900773401663
"ANXA3",0.000243798378740781,0.00499421708929248,0.00261900773401663
"BPHL",0.000121899189370391,0.00511539634639628,0.00261864776788333
"ENSG00000289466.1",0.00091424392027793,0.00431260029425465,0.00261342210726629
"HPS3",0.000365697568111172,0.00485789373028492,0.00261179564919804
"ADAMTS15",0,0.00521711661332016,0.00260855830666008
"NSD1",0,0.00521711661332016,0.00260855830666008
"LINC00886",0.00419255403440929,0.00102242519255674,0.00260748961348302
"TMEM106B",0.0039857144524457,0.00122691023106809,0.0026063123417569
"TENT2",0.000365697568111172,0.00484274962838115,0.00260422359824616
"DDX58",0.00520470634614961,0,0.0026023531730748
"APOL4",0.00520470634614961,0,0.0026023531730748
"PRUNE2",0.00520470634614961,0,0.0026023531730748
"NKAP",0.000609495946851953,0.00458524701226978,0.00259737147956087
"CDS2",0.00518573812063214,0,0.00259286906031607
"FAR1",0.00422951283118648,0.000954263513052962,0.00259188817211972
"HEXB",0.00422951283118648,0.000954263513052962,0.00259188817211972
"GTPBP3",0.000731395136222344,0.00444892365326222,0.00259015939474228
"ZCCHC14",0.000609495946851953,0.00457010291036601,0.00258979942860898
"MAVS",0.00455825160252046,0.000613455115534047,0.00258585335902725
"PFAS",0.00516774754937241,0,0.00258387377468621
"GADL1",0.00516774754937241,0,0.00258387377468621
"MPC2",0.00516774754937241,0,0.00258387377468621
"DENR",0.00516774754937241,0,0.00258387377468621
"ZNF106",0.00516774754937241,0,0.00258387377468621
"EIPR1",0.00516774754937241,0,0.00258387377468621
"GLRX2",0.00516774754937241,0,0.00258387377468621
"MDH1",0.00516774754937241,0,0.00258387377468621
"KBTBD6",0.00516774754937241,0,0.00258387377468621
"TUBGCP2",0.00207228621929664,0.00308569006318656,0.0025789881412416
"RANGAP1",0.00140184067775949,0.00375216275632062,0.00257700171704006
"HARS2",0.000975193514963125,0.00417627693524709,0.00257573522510511
"HEATR5B",0.000853294325592735,0.00429745619235088,0.00257537525897181
"MAOB",0.000426647162796367,0.00472157037127735,0.00257410876703686
"DCP1A",0.00494193974189136,0.000204485038511349,0.00257321239020136
"IAH1",0.0039857144524457,0.00115874855156431,0.00257223150200501
"PARD3",0.000975193514963125,0.00416113283334332,0.00256816317415322
"ZNF330",0.00349811769496414,0.00163588030809079,0.00256699900152746
"ARPIN",0.000548546352166758,0.00458524701226978,0.00256689668221827
"SLC16A7",0.000426647162796367,0.00470642626937358,0.00256653671608497
"PHF2",0,0.00513054044830005,0.00256527022415002
"P2RY8",0.00410761364181609,0.00102242519255674,0.00256501941718642
"ABCC6",0.00471710958866804,0.000408970077022698,0.00256303983284537
"MTSS2",0.00471710958866804,0.000408970077022698,0.00256303983284537
"PCDH12",0.000121899189370391,0.00499421708929248,0.00255805813933144
"TOGARAM1",0,0.00511539634639628,0.00255769817319814
"CALR",0,0.00511539634639628,0.00255769817319814
"GSTO1",0.00504584836000202,6.8161679503783e-05,0.0025570050197529
"TSC1",0.000670445541537149,0.00443377955135845,0.0025521125464478
"TMEM203",0.00455825160252046,0.000545293436030264,0.00255177251927536
"FAM78B",0.000243798378740781,0.00485789373028492,0.00255084605451285
"ZNF337-AS1",0.000243798378740781,0.00485789373028492,0.00255084605451285
"EEF2KMT",0.00435141202055687,0.000749778474541613,0.00255059524754924
"TBC1D9B",0.00435141202055687,0.000749778474541613,0.00255059524754924
"LIPG",0.0013408910830743,0.00375216275632062,0.00254652691969746
"ZIK1",0.00386381526307531,0.00122691023106809,0.0025453627470717
"PRPF3",0.00386381526307531,0.00122691023106809,0.0025453627470717
"TP53INP1",0.00091424392027793,0.00417627693524709,0.00254526042776251
"PKD1P2",0.00079234473090754,0.00429745619235088,0.00254490046162921
"HLA-H",0.000365697568111172,0.00472157037127735,0.00254363396969426
"ANKRD36",0.000365697568111172,0.00472157037127735,0.00254363396969426
"TMEM167A",0.00447331120992726,0.000613455115534047,0.00254338316273065
"DDX11",0.00508280715677922,0,0.00254140357838961
"C1QTNF9B",0.00508280715677922,0,0.00254140357838961
"PODXL",0.00508280715677922,0,0.00254140357838961
"SUCO",0,0.00508079325431259,0.0025403966271563
"STX18",0,0.00508079325431259,0.0025403966271563
"ZNF85",0,0.00508079325431259,0.0025403966271563
"FAM186B",0.00419255403440929,0.000886101833549179,0.00253932793397923
"PTGR2",0.0039857144524457,0.00109058687206053,0.00253815066225311
"ATP5PB",0.0039857144524457,0.00109058687206053,0.00253815066225311
"CSPG4P13",0.00459521039929765,0.000477131756526481,0.00253617107791207
"GNG7",0.00410761364181609,0.000954263513052962,0.00253093857743453
"CENPT",0.00410761364181609,0.000954263513052962,0.00253093857743453
"OSBPL7",0.00410761364181609,0.000954263513052962,0.00253093857743453
"RTF1",0.00115804229901871,0.00390363021723195,0.00253083625812533
"1-Methylguanosine",0.00505881635887121,0,0.00252940817943561
"ENSG00000231324.1",0.000609495946851953,0.00444892365326222,0.00252920980005709
"KRBA1",0.00471710958866804,0.000340808397518915,0.00252895899309348
"C1orf174",0.00471710958866804,0.000340808397518915,0.00252895899309348
"LUZP1",6.09495946851953e-05,0.00499421708929248,0.00252758334198884
"RNGTT",0.00422951283118648,0.000817940154045396,0.00252372649261594
"PRPF38A",0.0012799414883891,0.00376730685822439,0.00252362417330675
"PNN",0.0012799414883891,0.00376730685822439,0.00252362417330675
"CHUK",0.00504584836000202,0,0.00252292418000101
"TALDO1",0.00504584836000202,0,0.00252292418000101
"CTPS2",0.000609495946851953,0.00443377955135845,0.0025216377491052
"PDCD11",0.000182848784055586,0.00485789373028492,0.00252037125717025
"DCAF13",6.09495946851953e-05,0.00497907298738871,0.00252001129103695
"ENSG00000286322.2",0.00195038702992625,0.00308569006318656,0.0025180385465564
"KLHL36",0.000853294325592735,0.00417627693524709,0.00251478563041991
"SLCO3A1",0.000731395136222344,0.00429745619235088,0.00251442566428661
"CRTC2",0.000304747973425977,0.00472157037127735,0.00251315917235166
"DGKZ",0.000304747973425977,0.00472157037127735,0.00251315917235166
"C19orf44",0.00386381526307531,0.00115874855156431,0.00251128190731981
"RBFADN",0.00468015079189085,0.000340808397518915,0.00251047959470488
"IL18",0.00468015079189085,0.000340808397518915,0.00251047959470488
"ZNF302",0.00447331120992726,0.000545293436030264,0.00250930232297876
"CFAP53",0.000975193514963125,0.00403995357623952,0.00250757354560132
"TRPM4",0.000426647162796367,0.00458524701226978,0.00250594708753308
"CASQ2",0.000426647162796367,0.00458524701226978,0.00250594708753308
"PHF23",0.000426647162796367,0.00458524701226978,0.00250594708753308
"SCAMP2",0.000426647162796367,0.00458524701226978,0.00250594708753308
"PCNX3",0.000426647162796367,0.00458524701226978,0.00250594708753308
"FRMD8",0.00480204998126124,0.000204485038511349,0.0025032675098863
"SMARCD3",0.00109709270433352,0.00390363021723195,0.00250036146078274
"ZBED5",0.00349811769496414,0.00149955694908323,0.00249883732202368
"CTNNA1",0.000426647162796367,0.00457010291036601,0.00249837503658119
"HSPA1B",0,0.00499421708929248,0.00249710854464624
"SPSB4",0,0.00499421708929248,0.00249710854464624
"MIRLET7A1HG",0,0.00499421708929248,0.00249710854464624
"ENSG00000227107.1",0,0.00499421708929248,0.00249710854464624
"LINC02693",0,0.00499421708929248,0.00249710854464624
"TBX3",0,0.00499421708929248,0.00249710854464624
"VEGFA",0,0.00499421708929248,0.00249710854464624
"NCKIPSD",0,0.00499421708929248,0.00249710854464624
"TTC30A",0,0.00499421708929248,0.00249710854464624
"THAP10",0,0.00499421708929248,0.00249710854464624
"CIR1",0.00471710958866804,0.000272646718015132,0.00249487815334159
"TMEM70",0.000670445541537149,0.00431260029425465,0.0024915229178959
"FGF9",0.000670445541537149,0.00431260029425465,0.0024915229178959
"PSMA3",0.000670445541537149,0.00431260029425465,0.0024915229178959
"YJEFN3",0.000121899189370391,0.00485789373028492,0.00248989645982765
"PRKRIP1",0.00422951283118648,0.000749778474541613,0.00248964565286405
"CUL4B",0,0.00497907298738871,0.00248953649369436
"MAN1A2",0.00079234473090754,0.00417627693524709,0.00248431083307731
"LINC01750",0.000670445541537149,0.00429745619235088,0.00248395086694402
"CLK3",0.00455825160252046,0.000408970077022698,0.00248361083977158
"RNF4",0.00435141202055687,0.000613455115534047,0.00248243356804546
"SCNN1D",0.00091424392027793,0.00403995357623952,0.00247709874825873
"CHAF1B",0.00091424392027793,0.00403995357623952,0.00247709874825873
"FBXO40",0.00091424392027793,0.00403995357623952,0.00247709874825873
"ADGRL4",0.00091424392027793,0.00403995357623952,0.00247709874825873
"ASPH",0.00091424392027793,0.00403995357623952,0.00247709874825873
"GDAP2",0.00079234473090754,0.00416113283334332,0.00247673878212543
"AGBL1",0.00447331120992726,0.000477131756526481,0.00247522148322687
"TSEN15",0.00447331120992726,0.000477131756526481,0.00247522148322687
"NUP50-DT",0.00158468946181508,0.00335833678120169,0.00247151312150838
"FBP2",0.00158468946181508,0.00335833678120169,0.00247151312150838
"ACBD3",0.00419255403440929,0.000749778474541613,0.00247116625447545
"IP6K1",0.00146279027244469,0.00347951603830549,0.00247115315537509
"APLN",0.0039857144524457,0.000954263513052962,0.00246998898274933
"SPCS3",0.0039857144524457,0.000954263513052962,0.00246998898274933
"SLC24A3",0.00480204998126124,0.000136323359007566,0.0024691866701344
"ARHGAP18",0.00459521039929765,0.000340808397518915,0.00246800939840828
"C3orf62",0.00349811769496414,0.00143139526957944,0.00246475648227179
"EDNRB",0.00115804229901871,0.00376730685822439,0.00246267457862155
"ASB14",0.00492394917063163,0,0.00246197458531582
"CCN2",0.000609495946851953,0.00431260029425465,0.0024610481205533
"Paraxanthine",0,0.00490764092427237,0.00245382046213619
"Theophylline",0,0.00490764092427237,0.00245382046213619
"1-Methylxanthine",0,0.00490764092427237,0.00245382046213619
"PE O-36:4",0,0.00490764092427237,0.00245382046213619
"STK36",0.000365697568111172,0.00453549981828233,0.00245059869319675
"IQSEC1",0.00455825160252046,0.000340808397518915,0.00244953000001969
"OGFOD2",0.000731395136222344,0.00416113283334332,0.00244626398478283
"SRP14-DT",0.000182848784055586,0.00470642626937358,0.00244463752671458
"ABAT",0.000182848784055586,0.00470642626937358,0.00244463752671458
"WDR11",0.00386381526307531,0.00102242519255674,0.00244312022781603
"PNO1",0.00140184067775949,0.00347951603830549,0.00244067835803249
"TUBE1",0.000853294325592735,0.00402480947433575,0.00243905189996424
"PC O-40:3",0.00487596757481563,0,0.00243798378740781
"CEP295",0.000426647162796367,0.00444892365326222,0.00243778540802929
"HEYL",0.000426647162796367,0.00444892365326222,0.00243778540802929
"PITX1",0.000426647162796367,0.00444892365326222,0.00243778540802929
"ENSG00000249626.1",0.0039857144524457,0.000886101833549179,0.00243590814299744
"CYC1",0.0039857144524457,0.000886101833549179,0.00243590814299744
"SMPX",0.0039857144524457,0.000886101833549179,0.00243590814299744
"MRPS33",0.0039857144524457,0.000886101833549179,0.00243590814299744
"BAK1",0.0039857144524457,0.000886101833549179,0.00243590814299744
"NDUFAB1",0.0039857144524457,0.000886101833549179,0.00243590814299744
"WWP1-AS1",0.0039857144524457,0.000886101833549179,0.00243590814299744
"ZNF598",0.00480204998126124,6.8161679503783e-05,0.00243510583038251
"TIMP3",0.00109709270433352,0.00376730685822439,0.00243219978127895
"ATP1B3",0.00109709270433352,0.00376730685822439,0.00243219978127895
"ENSG00000287483.1",0.000548546352166758,0.00431260029425465,0.00243057332321071
"SOD1",0,0.00485789373028492,0.00242894686514246
"KLHL17",0,0.00485789373028492,0.00242894686514246
"KCNB1",0,0.00485789373028492,0.00242894686514246
"GOLIM4",0,0.00485789373028492,0.00242894686514246
"SORBS1",0,0.00485789373028492,0.00242894686514246
"TRIM2",0,0.00485789373028492,0.00242894686514246
"ENSG00000289371.1",0.00410761364181609,0.000749778474541613,0.00242869605817885
"LRRC37A",0.00471710958866804,0.000136323359007566,0.0024267164738378
"SLC30A6",0.00121899189370391,0.00363098349921682,0.00242498769646037
"ILF3",0.000670445541537149,0.00417627693524709,0.00242336123839212
"ENSG00000280800.1",0.000548546352166758,0.00429745619235088,0.00242300127225882
"ENSG00000278126.1",0.000548546352166758,0.00429745619235088,0.00242300127225882
"ZNF540",0.00483900877803843,0,0.00241950438901922
"DNPEP",0.00455825160252046,0.000272646718015132,0.0024154491602678
"GOLGA1",0.000243798378740781,0.00458524701226978,0.00241452269550528
"ENSG00000265298.1",0.000243798378740781,0.00458524701226978,0.00241452269550528
"DPH7",0.00146279027244469,0.00335833678120169,0.00241056352682319
"ZNF791",0.00386381526307531,0.000954263513052962,0.00240903938806414
"PKNOX1",0.00079234473090754,0.00402480947433575,0.00240857710262165
"SCN9A",0.00079234473090754,0.00402480947433575,0.00240857710262165
"ANK1",0.00447331120992726,0.000340808397518915,0.00240705980372309
"GBX1",0,0.00480814653629746,0.00240407326814873
"MUL1",0,0.00480814653629746,0.00240407326814873
"KIZ",0,0.00480814653629746,0.00240407326814873
"CDCA7L",0.00337621850559375,0.00143139526957944,0.00240380688758659
"SAMD13",0.00419255403440929,0.000613455115534047,0.00240300457497167
"CYSTM1",0.0039857144524457,0.000817940154045396,0.00240182730324555
"HULC",0.00103614310964832,0.00376730685822439,0.00240172498393635
"ORMDL1",0.00091424392027793,0.00388848611532818,0.00240136501780306
"ATP1A2",0.00480204998126124,0,0.00240102499063062
"PSMA2",0.000487596757481563,0.00431260029425465,0.00240009852586811
"HABP4",0.000487596757481563,0.00431260029425465,0.00240009852586811
"CARD10",0.000121899189370391,0.00467182317728989,0.00239686118333014
"ENSG00000215158.9",0.00103614310964832,0.00375216275632062,0.00239415293298447
"SFXN1",0.000609495946851953,0.00417627693524709,0.00239288644104952
"RN7SL2",0.000487596757481563,0.00429745619235088,0.00239252647491622
"FAM118A",0.00362001688433453,0.00115874855156431,0.00238938271794942
"MARCKS",0.000731395136222344,0.00403995357623952,0.00238567435623093
"EPPK1",0.000609495946851953,0.00416113283334332,0.00238531439009764
"TRIM25",0.000609495946851953,0.00416113283334332,0.00238531439009764
"RFXANK",0.000182848784055586,0.00458524701226978,0.00238404789816269
"TMEM181",6.09495946851953e-05,0.00470642626937358,0.00238368793202939
"ATXN7L2",0.000365697568111172,0.00439917645927476,0.00238243701369297
"GPATCH1",0.00374191607370492,0.00102242519255674,0.00238217063313083
"MYOZ3",0.00455825160252046,0.000204485038511349,0.0023813683205159
"BATF2",0.00435141202055687,0.000408970077022698,0.00238019104878978
"ARHGEF6",0.000853294325592735,0.00390363021723195,0.00237846227141234
"NYNRIN",0.000853294325592735,0.00390363021723195,0.00237846227141234
"SLC25A20",0.000731395136222344,0.00402480947433575,0.00237810230527905
"CGB7",0.000731395136222344,0.00402480947433575,0.00237810230527905
"BCAS3",0.00447331120992726,0.000272646718015132,0.0023729789639712
"STRAP",0.00447331120992726,0.000272646718015132,0.0023729789639712
"PTRH2",0.000975193514963125,0.00376730685822439,0.00237125018659376
"PRELID1",0.000426647162796367,0.00431260029425465,0.00236962372852551
"SLC27A3",0.000304747973425977,0.00443377955135845,0.00236926376239221
"STYX",0.00419255403440929,0.000545293436030264,0.00236892373521978
"ACY1",0.0039857144524457,0.000749778474541613,0.00236774646349366
"PLIN4",0.0039857144524457,0.000749778474541613,0.00236774646349366
"RALGPS1",0.0039857144524457,0.000749778474541613,0.00236774646349366
"CISD1",0.0039857144524457,0.000749778474541613,0.00236774646349366
"PPIF",0.0039857144524457,0.000749778474541613,0.00236774646349366
"ABHD8",0.0039857144524457,0.000749778474541613,0.00236774646349366
"DOCK5",0.00459521039929765,0.000136323359007566,0.00236576687915261
"FAM86C1P",0.00109709270433352,0.00363098349921682,0.00236403810177517
"POP7",0.00109709270433352,0.00363098349921682,0.00236403810177517
"UVSSA",0.00349811769496414,0.00122691023106809,0.00236251396301612
"RAB33B",0.000426647162796367,0.00429745619235088,0.00236205167757362
"KLHL22",0,0.00472157037127735,0.00236078518563868
"TRIM54",0,0.00472157037127735,0.00236078518563868
"MAP3K9",0,0.00472157037127735,0.00236078518563868
"USP12",0.00471710958866804,0,0.00235855479433402
"TTLL4",0.00109709270433352,0.00361583939731305,0.00235646605082328
"CYP51A1",0.00362001688433453,0.00109058687206053,0.00235530187819753
"ENDOD1",0.000670445541537149,0.00403995357623952,0.00235519955888833
"TWNK",0.000548546352166758,0.00416113283334332,0.00235483959275504
"ZNF589",0.000121899189370391,0.00458524701226978,0.00235357310082009
"KCTD15",0.00422951283118648,0.000477131756526481,0.00235332229385648
"METTL7A",0,0.00470642626937358,0.00235321313468679
"ENSG00000228830.1",0,0.00470642626937358,0.00235321313468679
"EIF1AX",0,0.00470642626937358,0.00235321313468679
"RBMS3",0,0.00470642626937358,0.00235321313468679
"ASB16-AS1",0.00188943743524106,0.00281304334517143,0.00235124039020624
"PKIG",0.00469814136315058,0,0.00234907068157529
"WDR35",0.00469814136315058,0,0.00234907068157529
"ZNF444",0.000670445541537149,0.00402480947433575,0.00234762750793645
"NAA40",0.000670445541537149,0.00402480947433575,0.00234762750793645
"PI 36:1",0.00469311879076004,0,0.00234655939538002
"CAR 18:3",0.00469311879076004,0,0.00234655939538002
"TMEM25",0.000243798378740781,0.00444892365326222,0.0023463610160015
"MAGT1",0.000243798378740781,0.00444892365326222,0.0023463610160015
"PLCD1",0.00091424392027793,0.00376730685822439,0.00234077538925116
"SLC16A1-AS1",0.00091424392027793,0.00376730685822439,0.00234077538925116
"ATP5MK",0.0039857144524457,0.00068161679503783,0.00233366562374177
"DIPK2B",0.00103614310964832,0.00363098349921682,0.00233356330443257
"PACS1",0.00091424392027793,0.00375216275632062,0.00233320333829927
"VPS25",0.00091424392027793,0.00375216275632062,0.00233320333829927
"ENTPD6",0.00091424392027793,0.00375216275632062,0.00233320333829927
"FHIP2A",0.00091424392027793,0.00375216275632062,0.00233320333829927
"NADK2",0.000487596757481563,0.00417627693524709,0.00233193684636432
"METTL13",0.00349811769496414,0.00115874855156431,0.00232843312326422
"CD93",0.00170658865118547,0.00294936670417899,0.00232797767768223
"HEATR6",0.000609495946851953,0.00403995357623952,0.00232472476154574
"GABPB1",0.000487596757481563,0.00416113283334332,0.00232436479541244
"ENSG00000288612.1",0.00182848784055586,0.00281304334517143,0.00232076559286364
"TRMT2A",0.00115804229901871,0.00347951603830549,0.0023187791686621
"TRIM52",0.000731395136222344,0.00390363021723195,0.00231751267672715
"VDAC2",0.000731395136222344,0.00390363021723195,0.00231751267672715
"ABCB4",0.00374191607370492,0.000886101833549179,0.00231400895362705
"HOMER2",0.00455825160252046,6.8161679503783e-05,0.00231320664101212
"HOOK2",0.00455825160252046,6.8161679503783e-05,0.00231320664101212
"YY1AP1",0.0012799414883891,0.00334319267929792,0.00231156708384351
"GRK2",0.000853294325592735,0.00376730685822439,0.00231030059190856
"CUL9",0.000182848784055586,0.00443377955135845,0.00230831416770702
"ARHGAP26",0.00386381526307531,0.000749778474541613,0.00230679686880846
"SLC37A4",0.00140184067775949,0.00320686932029036,0.00230435499902492
"AHSA2P",0.000975193514963125,0.00363098349921682,0.00230308850708997
"NUAK2",0.000853294325592735,0.00375216275632062,0.00230272854095668
"HSD17B10",0.000853294325592735,0.00375216275632062,0.00230272854095668
"SSR4P1",0.0039857144524457,0.000613455115534047,0.00229958478398987
"NDUFS3",0.0039857144524457,0.000613455115534047,0.00229958478398987
"COX5A",0.0039857144524457,0.000613455115534047,0.00229958478398987
"PSMD6",0.0039857144524457,0.000613455115534047,0.00229958478398987
"COX4I1",0.0039857144524457,0.000613455115534047,0.00229958478398987
"ATP5F1B",0.0039857144524457,0.000613455115534047,0.00229958478398987
"FH",0.0039857144524457,0.000613455115534047,0.00229958478398987
"SLC25A3",0.0039857144524457,0.000613455115534047,0.00229958478398987
"RGS9",0.0039857144524457,0.000613455115534047,0.00229958478398987
"PFN1",0.0039857144524457,0.000613455115534047,0.00229958478398987
"SRP72",0.0039857144524457,0.000613455115534047,0.00229958478398987
"SLC46A3",0.000975193514963125,0.00361583939731305,0.00229551645613809
"SLMAP",0.00349811769496414,0.00109058687206053,0.00229435228351233
"AP2S1",0.00349811769496414,0.00109058687206053,0.00229435228351233
"IFFO2",0.000426647162796367,0.00416113283334332,0.00229388999806984
"ENSG00000248738.6",0.000426647162796367,0.00416113283334332,0.00229388999806984
"REV1",0.000426647162796367,0.00416113283334332,0.00229388999806984
"ENSG00000278330.1",0.000426647162796367,0.00416113283334332,0.00229388999806984
"SLC13A3",0,0.00458524701226978,0.00229262350613489
"MEGF8",0,0.00458524701226978,0.00229262350613489
"TRIQK",0,0.00458524701226978,0.00229262350613489
"MEOX1",0,0.00458524701226978,0.00229262350613489
"XXYLT1",0,0.00458524701226978,0.00229262350613489
"CORO1B",0,0.00458524701226978,0.00229262350613489
"CRTC3",0,0.00458524701226978,0.00229262350613489
"PAX3",0,0.00458524701226978,0.00229262350613489
"MED29",0,0.00458524701226978,0.00229262350613489
"PTAR1",0.00410761364181609,0.000477131756526481,0.00229237269917129
"MT2A",0.00109709270433352,0.00347951603830549,0.0022883043713195
"SPSB3",0.00362001688433453,0.000954263513052962,0.00228714019869374
"IMPDH1",0.00362001688433453,0.000954263513052962,0.00228714019869374
"ZNF628",0.000670445541537149,0.00390363021723195,0.00228703787938455
"VAMP5",0.000670445541537149,0.00390363021723195,0.00228703787938455
"ENSG00000280401.1",0.000548546352166758,0.00402480947433575,0.00228667791325125
"STYXL2",0.000121899189370391,0.00444892365326222,0.0022854114213163
"LRRC37A2",0,0.00457010291036601,0.00228505145518301
"ZNF385D",0,0.00457010291036601,0.00228505145518301
"CDK5R1",0.00374191607370492,0.000817940154045396,0.00227992811387516
"CICP14",0.00374191607370492,0.000817940154045396,0.00227992811387516
"KDM6B",0.00079234473090754,0.00376730685822439,0.00227982579456596
"KRAS",0.00079234473090754,0.00376730685822439,0.00227982579456596
"NOS3",0.00079234473090754,0.00376730685822439,0.00227982579456596
"NCOA4",0.00455825160252046,0,0.00227912580126023
"BORCS8",0.00455825160252046,0,0.00227912580126023
"MAILR",0.00455825160252046,0,0.00227912580126023
"PPARA",0.00455825160252046,0,0.00227912580126023
"PLEC",0.00455825160252046,0,0.00227912580126023
"HSPA4",0.00455825160252046,0,0.00227912580126023
"EIF5B",0.00455825160252046,0,0.00227912580126023
"OBSCN",0.00455825160252046,0,0.00227912580126023
"TBRG1",0.00455825160252046,0,0.00227912580126023
"ABI2",0.00455825160252046,0,0.00227912580126023
"ZSCAN9",0.00455825160252046,0,0.00227912580126023
"ARL1",0.00455825160252046,0,0.00227912580126023
"BCDIN3D-AS1",0.00435141202055687,0.000204485038511349,0.00227794852953411
"TFIP11",0.000121899189370391,0.00443377955135845,0.00227783937036442
"MRTO4",0.00079234473090754,0.00375216275632062,0.00227225374361408
"HDAC8",0.000365697568111172,0.00417627693524709,0.00227098725167913
"CDC73",0.000243798378740781,0.00429745619235088,0.00227062728554583
"SLC18B1",0,0.00453549981828233,0.00226774990914116
"CHKB-CPT1B",0.0039857144524457,0.000545293436030264,0.00226550394423798
"MTOR",0.0039857144524457,0.000545293436030264,0.00226550394423798
"GSTK1",0.0039857144524457,0.000545293436030264,0.00226550394423798
"MRPL15",0.0039857144524457,0.000545293436030264,0.00226550394423798
"SDHB",0.0039857144524457,0.000545293436030264,0.00226550394423798
"MIIP",0.0039857144524457,0.000545293436030264,0.00226550394423798
"TPTEP1",0.0039857144524457,0.000545293436030264,0.00226550394423798
"ENSG00000215493.3",0.00103614310964832,0.00349466014020926,0.00226540162492879
"LINC01089",0.00103614310964832,0.00349466014020926,0.00226540162492879
"NUP54",0.00091424392027793,0.00361583939731305,0.00226504165879549
"PIK3R6",0.00091424392027793,0.00361583939731305,0.00226504165879549
"ZBTB41",0.000487596757481563,0.00403995357623952,0.00226377516686054
"MLPH",0.000365697568111172,0.00416113283334332,0.00226341520072724
"PEX14",0.00349811769496414,0.00102242519255674,0.00226027144376044
"ENSG00000227946.2",0.00410761364181609,0.000408970077022698,0.00225829185941939
"MCU",0.00103614310964832,0.00347951603830549,0.0022578295739769
"NSL1",0.000609495946851953,0.00390363021723195,0.00225656308204195
"NRG4",0.000487596757481563,0.00402480947433575,0.00225620311590866
"FLNB",0.00422951283118648,0.000272646718015132,0.00225107977460081
"ZNF862",0.00422951283118648,0.000272646718015132,0.00225107977460081
"KCNK2",0.0012799414883891,0.00322201342219412,0.00225097745529161
"ADAMTS7",0.000731395136222344,0.00376730685822439,0.00224935099722337
"CCNL1",0.000731395136222344,0.00376730685822439,0.00224935099722337
"TMEM53",0.000731395136222344,0.00376730685822439,0.00224935099722337
"DZANK1",0.000731395136222344,0.00376730685822439,0.00224935099722337
"LPC 18:1",0,0.00449867084724968,0.00224933542362484
"PSMC3",0.000609495946851953,0.00388848611532818,0.00224899103109007
"MMP14",0.000182848784055586,0.00431260029425465,0.00224772453915512
"NUDT15",0.00374191607370492,0.000749778474541613,0.00224584727412327
"MST1R",0.00140184067775949,0.00308569006318656,0.00224376537047303
"FBXL15",0.000853294325592735,0.00363098349921682,0.00224213891240478
"HSPBP1",0.000731395136222344,0.00375216275632062,0.00224177894627148
"TCEAL4",0.000731395136222344,0.00375216275632062,0.00224177894627148
"MLYCD",0.000731395136222344,0.00375216275632062,0.00224177894627148
"TBC1D12",0.000731395136222344,0.00375216275632062,0.00224177894627148
"ANKFY1",0.00103614310964832,0.0034449129462218,0.00224052802793506
"CDC26",0.00447331120992726,0,0.00223665560496363
"TMEM9B",0.00447331120992726,0,0.00223665560496363
"DCTN2",0.00447331120992726,0,0.00223665560496363
"LCN8",0.00447331120992726,0,0.00223665560496363
"TLR4",0.00152373986712988,0.00294936670417899,0.00223655328565444
"DIRC3-AS1",0.000975193514963125,0.00349466014020926,0.00223492682758619
"TCF15",0.000975193514963125,0.00349466014020926,0.00223492682758619
"ENSG00000261211.2",0.000426647162796367,0.00403995357623952,0.00223330036951794
"BTBD19",0.000426647162796367,0.00403995357623952,0.00223330036951794
"FLVCR2",0.000426647162796367,0.00403995357623952,0.00223330036951794
"ZMAT1",0.000426647162796367,0.00403995357623952,0.00223330036951794
"ENSG00000254833.1",0.000426647162796367,0.00403995357623952,0.00223330036951794
"USP7",0.000304747973425977,0.00416113283334332,0.00223294040338465
"BTN2A3P",0.0039857144524457,0.000477131756526481,0.00223142310448609
"ENSG00000286162.3",0.00349811769496414,0.000954263513052962,0.00222619060400855
"PACSIN3",0.000426647162796367,0.00402480947433575,0.00222572831856606
"HECTD4",0.000426647162796367,0.00402480947433575,0.00222572831856606
"PACSIN2",0.000426647162796367,0.00402480947433575,0.00222572831856606
"Cholesterol",0.00444932041201926,0,0.00222466020600963
"CKAP4",0,0.00444892365326222,0.00222446182663111
"ENSG00000227496.3",0,0.00444892365326222,0.00222446182663111
"GTF2E2",0,0.00444892365326222,0.00222446182663111
"RNF213-AS1",0,0.00444892365326222,0.00222446182663111
"ARHGAP19",0,0.00444892365326222,0.00222446182663111
"PJVK",0,0.00444892365326222,0.00222446182663111
"NUP205",0.000670445541537149,0.00376730685822439,0.00221887619988077
"IFI27L1",0.000548546352166758,0.00388848611532818,0.00221851623374747
"RARS2",0.00443635241315007,0,0.00221817620657503
"EFCAB6",0.000121899189370391,0.00431260029425465,0.00221724974181252
"FAM111A",0.00422951283118648,0.000204485038511349,0.00221699893484891
"GFOD2",0,0.00443377955135845,0.00221688977567922
"PAXIP1",0.000304747973425977,0.00412652974125963,0.0022156388573428
"LRRC32",0.00079234473090754,0.00363098349921682,0.00221166411506218
"RELB",0.000670445541537149,0.00375216275632062,0.00221130414892888
"DUSP29",0.000670445541537149,0.00375216275632062,0.00221130414892888
"NDUFS6",0.000670445541537149,0.00375216275632062,0.00221130414892888
"HEXD",0.00079234473090754,0.00361583939731305,0.0022040920641103
"ENSG00000286808.1",0.000243798378740781,0.00416113283334332,0.00220246560604205
"GOLGA6C",0.00158468946181508,0.00281304334517143,0.00219886640349325
"LRPAP1",0.0039857144524457,0.000408970077022698,0.0021973422647342
"HEBP1",0.0039857144524457,0.000408970077022698,0.0021973422647342
"GABPA",0.00091424392027793,0.00347951603830549,0.00219687997929171
"KLHL3",0.000365697568111172,0.00402480947433575,0.00219525352122346
"TG 54:1",0.0026817821661486,0.00170404198759457,0.00219291207687158
"PRSS23",0.00349811769496414,0.000886101833549179,0.00219210976425666
"ZYX",0.000609495946851953,0.00376730685822439,0.00218840140253817
"MAP3K8",0.000609495946851953,0.00376730685822439,0.00218840140253817
"PRR11",6.09495946851953e-05,0.00431260029425465,0.00218677494446992
"NPSR1-AS1",0.00362001688433453,0.000749778474541613,0.00218489767943807
"WNK1",0.000731395136222344,0.00363098349921682,0.00218118931771958
"MAML1",0.000609495946851953,0.00375216275632062,0.00218082935158629
"RBFOX2",0.00313242012685297,0.00122691023106809,0.00217966517896053
"GTPBP1",0.000182848784055586,0.00417627693524709,0.00217956285965134
"NME1",6.09495946851953e-05,0.00429745619235088,0.00217920289351804
"SYNGR1",0.00374191607370492,0.000613455115534047,0.00217768559461948
"SNRPGP4",0.00374191607370492,0.000613455115534047,0.00217768559461948
"CFL2",0.00435141202055687,0,0.00217570601027844
"ENSG00000260793.3",0.00435141202055687,0,0.00217570601027844
"UTP14C",0.00435141202055687,0,0.00217570601027844
"MTHFR",0.00140184067775949,0.00294936670417899,0.00217560369096924
"ECHDC3",0.000853294325592735,0.00349466014020926,0.002173977232901
"PLEKHJ1",0.000731395136222344,0.00361583939731305,0.0021736172667677
"ERFE",0.000182848784055586,0.00416113283334332,0.00217199080869945
"TMEM218",0.000182848784055586,0.00416113283334332,0.00217199080869945
"BLOC1S6",0.000853294325592735,0.00347951603830549,0.00216640518194911
"ENSG00000215022.8",0.000426647162796367,0.00390363021723195,0.00216513869001416
"ENSG00000182021.10",0.000426647162796367,0.00390363021723195,0.00216513869001416
"LRFN4",0.000426647162796367,0.00390363021723195,0.00216513869001416
"SHROOM4",0.000426647162796367,0.00390363021723195,0.00216513869001416
"PTPRB",0.000426647162796367,0.00390363021723195,0.00216513869001416
"ZBTB18",0.000304747973425977,0.00402480947433575,0.00216477872388086
"BRD1",0.000304747973425977,0.00402480947433575,0.00216477872388086
"NKILA",0.0039857144524457,0.000340808397518915,0.00216326142498231
"RPLP0P2",0.0039857144524457,0.000340808397518915,0.00216326142498231
"GNG5",0.0039857144524457,0.000340808397518915,0.00216326142498231
"GLRX3",0.0039857144524457,0.000340808397518915,0.00216326142498231
"EIF3J",0.0039857144524457,0.000340808397518915,0.00216326142498231
"ENSG00000279495.1",6.09495946851953e-05,0.00426285310026719,0.0021619013474762
"DDX18",0.00288862174811218,0.00143139526957944,0.00216000850884581
"FBXL20",0.000975193514963125,0.00334319267929792,0.00215919309713052
"C11orf96",0.000548546352166758,0.00376730685822439,0.00215792660519557
"EDC4",0.000548546352166758,0.00376730685822439,0.00215792660519557
"DAPK3",0,0.00431260029425465,0.00215630014712733
"GCH1",0,0.00431260029425465,0.00215630014712733
"CEL",0,0.00431260029425465,0.00215630014712733
"PSMB2",0,0.00431260029425465,0.00215630014712733
"ARHGDIA",0,0.00431260029425465,0.00215630014712733
"SNAPIN",0,0.00431260029425465,0.00215630014712733
"ENSG00000272848.2",0,0.00431260029425465,0.00215630014712733
"RASSF3",0,0.00431260029425465,0.00215630014712733
"PEG3",0,0.00431260029425465,0.00215630014712733
"KLHL41",0.00301052093748257,0.00129507191057188,0.00215279642402723
"SLC25A24",0.00121899189370391,0.00308569006318656,0.00215234097844523
"TST",0,0.00429745619235088,0.00214872809617544
"TAS2R20",0,0.00429745619235088,0.00214872809617544
"KRTAP5-AS1",0,0.00429745619235088,0.00214872809617544
"ENSG00000234338.1",0,0.00429745619235088,0.00214872809617544
"SNHG21",0,0.00429745619235088,0.00214872809617544
"SIGMAR1",0.00313242012685297,0.00115874855156431,0.00214558433920864
"ZNF267",0.00079234473090754,0.00349466014020926,0.0021435024355584
"SOGA1",0.00079234473090754,0.00349466014020926,0.0021435024355584
"CYP2R1",0.000670445541537149,0.00361583939731305,0.0021431424694251
"FAM104A",0.000243798378740781,0.00403995357623952,0.00214187597749015
"XK",0.000243798378740781,0.00403995357623952,0.00214187597749015
"LRRC30",0.000426647162796367,0.0038538830232445,0.00214026509302043
"FNBP1",0.00091424392027793,0.00335833678120169,0.00213629035073981
"ASAP1",0.000365697568111172,0.00390363021723195,0.00213466389267156
"STX18-AS1",0,0.00426285310026719,0.0021314265501336
"ACSF3",0,0.00426285310026719,0.0021314265501336
"CHP1",0.0039857144524457,0.000272646718015132,0.00212918058523042
"HIGD1A",0.0039857144524457,0.000272646718015132,0.00212918058523042
"CIAO2A",0.0039857144524457,0.000272646718015132,0.00212918058523042
"GREB1L",0.0039857144524457,0.000272646718015132,0.00212918058523042
"KTN1",0.0039857144524457,0.000272646718015132,0.00212918058523042
"SIAE",0.0039857144524457,0.000272646718015132,0.00212918058523042
"SUN2",0.0039857144524457,0.000272646718015132,0.00212918058523042
"CDK15",0.0039857144524457,0.000272646718015132,0.00212918058523042
"CAPN1",0.0039857144524457,0.000272646718015132,0.00212918058523042
"ENSG00000264490.3",0.00349811769496414,0.000749778474541613,0.00212394808475287
"GRB2",0.00349811769496414,0.000749778474541613,0.00212394808475287
"ACOX1",0.00349811769496414,0.000749778474541613,0.00212394808475287
"SNX15",0.00349811769496414,0.000749778474541613,0.00212394808475287
"PTH1R",0.00349811769496414,0.000749778474541613,0.00212394808475287
"FCSK",0.00115804229901871,0.00308569006318656,0.00212186618110264
"BCL6B",0.000609495946851953,0.00363098349921682,0.00212023972303439
"TBX18",0.000609495946851953,0.00363098349921682,0.00212023972303439
"GREM1",0.000487596757481563,0.00375216275632062,0.00211987975690109
"CD63",0.000487596757481563,0.00375216275632062,0.00211987975690109
"ZNF266",0.00362001688433453,0.000613455115534047,0.00211673599993429
"HINT1",0.00362001688433453,0.000613455115534047,0.00211673599993429
"SALL2",0.00182848784055586,0.00240407326814873,0.0021162805543523
"SLC49A4",0.00422951283118648,0,0.00211475641559324
"TEX30",0.00313242012685297,0.00109058687206053,0.00211150349945675
"TRIM9",0.00313242012685297,0.00109058687206053,0.00211150349945675
"POMGNT1",0.00374191607370492,0.000477131756526481,0.0021095239151157
"NSMF",0.00374191607370492,0.000477131756526481,0.0021095239151157
"CCDC86",0.000182848784055586,0.00402480947433575,0.00210382912919567
"TG 14:0_16:0_18:1",0.00420552203327848,0,0.00210276101663924
"PC 34:3",0.00420552203327848,0,0.00210276101663924
"SM 36:0;O2",0.00420552203327848,0,0.00210276101663924
"HexCer 18:1;O2/22:0",0.00420552203327848,0,0.00210276101663924
"PC P-38:5 or PC O-38:6",0.00420552203327848,0,0.00210276101663924
"PI 37:4",0.00420552203327848,0,0.00210276101663924
"TG 56:7",0.00420552203327848,0,0.00210276101663924
"SNHG12",0.000426647162796367,0.00376730685822439,0.00209697701051038
"CHSY1",0.000426647162796367,0.00376730685822439,0.00209697701051038
"CCDC184",0.000426647162796367,0.00376730685822439,0.00209697701051038
"LRRC2",0.000426647162796367,0.00376730685822439,0.00209697701051038
"DAB2",0.000426647162796367,0.00376730685822439,0.00209697701051038
"SELENOT",0.000426647162796367,0.00376730685822439,0.00209697701051038
"PGAP2",0.00419255403440929,0,0.00209627701720464
"CDH13",0.00419255403440929,0,0.00209627701720464
"SMIM12",0.0039857144524457,0.000204485038511349,0.00209509974547852
"MIGA2",0.0039857144524457,0.000204485038511349,0.00209509974547852
"SRRM3",0.0039857144524457,0.000204485038511349,0.00209509974547852
"PLGRKT",0.000975193514963125,0.00320686932029036,0.00209103141762674
"ABI1",0.000548546352166758,0.00363098349921682,0.00208976492569179
"BMP1",0.000426647162796367,0.00375216275632062,0.00208940495955849
"PTMS",0.000426647162796367,0.00375216275632062,0.00208940495955849
"ENSG00000272335.1",0.000426647162796367,0.00375216275632062,0.00208940495955849
"CCDC97",0.000426647162796367,0.00375216275632062,0.00208940495955849
"TGFB1",0.000426647162796367,0.00375216275632062,0.00208940495955849
"CD2BP2",0.000426647162796367,0.00375216275632062,0.00208940495955849
"TRAPPC11",0,0.00417627693524709,0.00208813846762354
"STRN4",0,0.00417627693524709,0.00208813846762354
"CTNND1",0,0.00417627693524709,0.00208813846762354
"NOG",0,0.00417627693524709,0.00208813846762354
"CABP4",0,0.00417627693524709,0.00208813846762354
"ENC1",0,0.00417627693524709,0.00208813846762354
"UPK3BL1",0.00301052093748257,0.00115874855156431,0.00208463474452344
"GOLGA6L5P",0.00121899189370391,0.00294936670417899,0.00208417929894145
"MTHFD2",0.00362001688433453,0.000545293436030264,0.0020826551601824
"ZNF771",0.000670445541537149,0.00349466014020926,0.0020825528408732
"HIPK1",0.000670445541537149,0.00349466014020926,0.0020825528408732
"KLF6",0,0.00416113283334332,0.00208056641667166
"CNN2",0,0.00416113283334332,0.00208056641667166
"TGIF2",0,0.00416113283334332,0.00208056641667166
"TSHR",0.0013408910830743,0.00281304334517143,0.00207696721412286
"PPT1",0.00394875565566851,0.000204485038511349,0.00207662034708993
"PPCDC",0.00079234473090754,0.00335833678120169,0.00207534075605461
"SNHG20",0.000670445541537149,0.00347951603830549,0.00207498078992132
"NR3C2",0.000670445541537149,0.00347951603830549,0.00207498078992132
"CAR 12:3",0.00414457243859328,0,0.00207228621929664
"METTL22",0.00386381526307531,0.000272646718015132,0.00206823099054522
"ABCD4",0.00386381526307531,0.000272646718015132,0.00206823099054522
"APLP2",0.00079234473090754,0.00334319267929792,0.00206776870510273
"ARNTL",0.0039857144524457,0.000136323359007566,0.00206101890572663
"TRPM2",0.00349811769496414,0.000613455115534047,0.00205578640524909
"PPP2R1A",0.00349811769496414,0.000613455115534047,0.00205578640524909
"MDM1",0.00349811769496414,0.000613455115534047,0.00205578640524909
"BUB3",0.00410761364181609,0,0.00205380682090805
"NDOR1",0.000609495946851953,0.00349466014020926,0.0020520780435306
"KIAA0408",0.000487596757481563,0.00361583939731305,0.00205171807739731
"PSMB1",0.00362001688433453,0.000477131756526481,0.0020485743204305
"Nonadecatrienoic acid",0,0.00408970077022698,0.00204485038511349
"Pro-Tyr",0,0.00408970077022698,0.00204485038511349
"Trimethylamine N-oxide",0,0.00408970077022698,0.00204485038511349
"CRACDL",0.000609495946851953,0.00347951603830549,0.00204450599257872
"IVNS1ABP",0.000609495946851953,0.00347951603830549,0.00204450599257872
"DNAJC9",0.000609495946851953,0.00347951603830549,0.00204450599257872
"SMARCA5-AS1",0.000304747973425977,0.00376730685822439,0.00203602741582518
"MS4A8",0.00304747973425977,0.00102242519255674,0.00203495246340826
"DHCR7",0.000853294325592735,0.00320686932029036,0.00203008182294155
"UNC13C",0.000426647162796367,0.00363098349921682,0.0020288153310066
"KCNAB2",0.000426647162796367,0.00363098349921682,0.0020288153310066
"GDI1",0.000304747973425977,0.00375216275632062,0.0020284553648733
"GRINA",0.0039857144524457,6.8161679503783e-05,0.00202693806597474
"PSMD7",0.0039857144524457,6.8161679503783e-05,0.00202693806597474
"ENSG00000187186.15",0.00288862174811218,0.00115874855156431,0.00202368514983825
"COL4A1",0.00109709270433352,0.00294936670417899,0.00202322970425625
"ATP6V1E1",0.00349811769496414,0.000545293436030264,0.0020217055654972
"MSS51",0.00349811769496414,0.000545293436030264,0.0020217055654972
"NHEJ1",0.000426647162796367,0.00361583939731305,0.00202124328005471
"CCDC121",0.000426647162796367,0.00361583939731305,0.00202124328005471
"SMNDC1",0,0.00403995357623952,0.00201997678811976
"SLC39A6",0,0.00403995357623952,0.00201997678811976
"ENSG00000287970.1",0,0.00403995357623952,0.00201997678811976
"ZIC4",0,0.00403995357623952,0.00201997678811976
"PDS5B",0,0.00403995357623952,0.00201997678811976
"POLI",0.00301052093748257,0.00102242519255674,0.00201647306501966
"TTYH2",0.000670445541537149,0.00335833678120169,0.00201439116136942
"GDPD1",0,0.00402480947433575,0.00201240473716788
"LIN7C",0,0.00402480947433575,0.00201240473716788
"ENSG00000279762.3",0,0.00402480947433575,0.00201240473716788
"ENSG00000244480.1",0,0.00402480947433575,0.00201240473716788
"STAG3L3",0,0.00402480947433575,0.00201240473716788
"CMTR1",0,0.00402480947433575,0.00201240473716788
"ENAM",0,0.00402480947433575,0.00201240473716788
"LINC00653",0,0.00402480947433575,0.00201240473716788
"Guanine",0,0.0040215390907232,0.0020107695453616
"PC O-18:1/18:1",0,0.0040215390907232,0.0020107695453616
"ADPRM",0.00374191607370492,0.000272646718015132,0.00200728139586003
"MEDAG",0.00079234473090754,0.00322201342219412,0.00200717907655083
"VRK3",0.00325431931622336,0.000749778474541613,0.00200204889538248
"ANK3",0.00325431931622336,0.000749778474541613,0.00200204889538248
"TCF7L2",0.00386381526307531,0.000136323359007566,0.00200006931104144
"ANKLE2",0.000243798378740781,0.00375216275632062,0.0019979805675307
"ENSG00000226833.7",0.000243798378740781,0.00375216275632062,0.0019979805675307
"TSPAN14",0.00337621850559375,0.000613455115534047,0.0019948368105639
"ERCC4",0.00201133662461145,0.00197668870560971,0.00199401266511058
"KDM7A-DT",0.0039857144524457,0,0.00199285722622285
"MTFP1",0.0039857144524457,0,0.00199285722622285
"HSBP1",0.0039857144524457,0,0.00199285722622285
"ARRDC1-AS1",0.0039857144524457,0,0.00199285722622285
"CLTB",0.0039857144524457,0,0.00199285722622285
"FAM174A",0.0039857144524457,0,0.00199285722622285
"NINJ2",0.0039857144524457,0,0.00199285722622285
"GAS2",0.0039857144524457,0,0.00199285722622285
"GABPB2",0.0039857144524457,0,0.00199285722622285
"EVI5L",0.0039857144524457,0,0.00199285722622285
"NARS1",0.0039857144524457,0,0.00199285722622285
"POMP",0.0039857144524457,0,0.00199285722622285
"ERAL1",0.0039857144524457,0,0.00199285722622285
"EIF2S2",0.0039857144524457,0,0.00199285722622285
"WDR77",0.0039857144524457,0,0.00199285722622285
"UXS1",0.0039857144524457,0,0.00199285722622285
"COX7A2",0.0039857144524457,0,0.00199285722622285
"MTRF1L",0.0039857144524457,0,0.00199285722622285
"HCCS",0.0039857144524457,0,0.00199285722622285
"LRRC3",0.0039857144524457,0,0.00199285722622285
"ENSG00000235288.3",0.0039857144524457,0,0.00199285722622285
"INPP4A",0.0039857144524457,0,0.00199285722622285
"SARS1",0.0039857144524457,0,0.00199285722622285
"SSR3",0.000487596757481563,0.00349466014020926,0.00199112844884541
"ASB5",0.00288862174811218,0.00109058687206053,0.00198960431008636
"ACSS2",0.00349811769496414,0.000477131756526481,0.00198762472574531
"FASTKD1",0.00349811769496414,0.000477131756526481,0.00198762472574531
"PDAP1",0.00349811769496414,0.000477131756526481,0.00198762472574531
"ANKRD27",0.000609495946851953,0.00335833678120169,0.00198391636402682
"EFR3A",0.000487596757481563,0.00347951603830549,0.00198355639789353
"TEPSIN",0.00301052093748257,0.000954263513052962,0.00198239222526777
"C20orf204",0.00362001688433453,0.000340808397518915,0.00198041264092672
"ZSWIM1",0.00362001688433453,0.000340808397518915,0.00198041264092672
"PRKCE",0.00374191607370492,0.000204485038511349,0.00197320055610813
"TMEM175",0.000853294325592735,0.00308569006318656,0.00196949219438965
"C14orf180",0.000487596757481563,0.0034449129462218,0.00196625485185168
"ZNF574",0.00337621850559375,0.000545293436030264,0.00196075597081201
"NUP133",0.000426647162796367,0.00349466014020926,0.00196065365150281
"NEURL2",0.00349811769496414,0.000408970077022698,0.00195354388599342
"MT-CO3",0.000548546352166758,0.00335833678120169,0.00195344156668422
"TJAP1",0.000426647162796367,0.00347951603830549,0.00195308160055093
"ZUP1",0.000426647162796367,0.00347951603830549,0.00195308160055093
"DNAJC25",0.000426647162796367,0.00347951603830549,0.00195308160055093
"TMEM161B-DT",0,0.00390363021723195,0.00195181510861598
"ILK",0,0.00390363021723195,0.00195181510861598
"TACC1",0,0.00390363021723195,0.00195181510861598
"NUP188",0,0.00390363021723195,0.00195181510861598
"B3GALNT2",0,0.00390363021723195,0.00195181510861598
"CBX8",0,0.00390363021723195,0.00195181510861598
"CRYZ",0.00121899189370391,0.00267671998616386,0.00194785593993388
"ZNF692",0.00121899189370391,0.00267671998616386,0.00194785593993388
"ERMARD",0.00121899189370391,0.00267671998616386,0.00194785593993388
"RIDA",0.00362001688433453,0.000272646718015132,0.00194633180117483
"NBPF26",0.00362001688433453,0.000272646718015132,0.00194633180117483
"NPM1",0.000670445541537149,0.00322201342219412,0.00194622948186564
"TMEM135",0.000670445541537149,0.00322201342219412,0.00194622948186564
"IFIT1",0.000548546352166758,0.00334319267929792,0.00194586951573234
"CD36",0,0.00388848611532818,0.00194424305766409
"ENSG00000273230.1",0,0.00388848611532818,0.00194424305766409
"STARD3",0.00313242012685297,0.000749778474541613,0.00194109930069729
"SPRYD3",0.000670445541537149,0.00320686932029036,0.00193865743091375
"ETAA1",0.00325431931622336,0.000613455115534047,0.0019338872158787
"RANBP3",0.00325431931622336,0.000613455115534047,0.0019338872158787
"ADI1",0.00386381526307531,0,0.00193190763153765
"SPPL3",0.00386381526307531,0,0.00193190763153765
"CHRAC1",0.00386381526307531,0,0.00193190763153765
"ENSG00000228436.4",0.00386381526307531,0,0.00193190763153765
"HNRNPF",0.00386381526307531,0,0.00193190763153765
"BOLA2-SMG1P6",0.00091424392027793,0.00294936670417899,0.00193180531222846
"ARL2",0.00079234473090754,0.00307054596128279,0.00193144534609516
"PDIK1L",0.000365697568111172,0.00349466014020926,0.00193017885416021
"TRAPPC2L",0.00140184067775949,0.00245382046213619,0.00192783056994784
"ACSS1",0.00288862174811218,0.000954263513052962,0.00192144263058257
"ENSG00000277758.6",0.00288862174811218,0.000954263513052962,0.00192144263058257
"TMEM255A",0.000609495946851953,0.00322201342219412,0.00191575468452304
"SET",0.00301052093748257,0.000817940154045396,0.00191423054576399
"BTF3L4",0.0012799414883891,0.0025403966271563,0.0019101690577727
"RPIA",0.000731395136222344,0.00308569006318656,0.00190854259970445
"ZNF629",0.000731395136222344,0.00308569006318656,0.00190854259970445
"Ureidopropionic acid",0,0.00381705405221185,0.00190852702610592
"Serotonin",0,0.00381705405221185,0.00190852702610592
"SENP7",0.000609495946851953,0.00320686932029036,0.00190818263357115
"KALRN",6.09495946851953e-05,0.00375216275632062,0.00190655617550291
"PPP4C",6.09495946851953e-05,0.00375216275632062,0.00190655617550291
"USP32",0.000731395136222344,0.00307054596128279,0.00190097054875257
"DCAF4",0.000182848784055586,0.00361583939731305,0.00189934409068432
"CSNK2A2",0.00276672255874179,0.00102242519255674,0.00189457387564927
"METTL25B",0.000975193514963125,0.00281304334517143,0.00189411843006728
"CKB",0.000426647162796367,0.00335833678120169,0.00189249197199903
"KLHL7",0.000304747973425977,0.00347951603830549,0.00189213200586573
"CCNF",0.000304747973425977,0.00347951603830549,0.00189213200586573
"PC P-32:0 or PC O-32:1",0.00377887487048211,0,0.00188943743524106
"LMCD1",0.00288862174811218,0.000886101833549179,0.00188736179083068
"ENSG00000260404.4",0.00349811769496414,0.000272646718015132,0.00188538220648963
"ZNF335",0.00349811769496414,0.000272646718015132,0.00188538220648963
"ENSG00000266918.1",0.000548546352166758,0.00322201342219412,0.00188527988718044
"ENSG00000237301.1",0.000548546352166758,0.00322201342219412,0.00188527988718044
"BAZ1A-AS1",0,0.00376730685822439,0.00188365342911219
"HECTD2",0,0.00376730685822439,0.00188365342911219
"ANKRD37",0,0.00376730685822439,0.00188365342911219
"ST3GAL4",0,0.00376730685822439,0.00188365342911219
"PKD1P3",0,0.00376730685822439,0.00188365342911219
"IPMK",0,0.00376730685822439,0.00188365342911219
"ENSG00000272114.1",0,0.00376730685822439,0.00188365342911219
"BCL2L1",0,0.00376730685822439,0.00188365342911219
"ADAM15",0,0.00376730685822439,0.00188365342911219
"ERRFI1",0,0.00376730685822439,0.00188365342911219
"LINC02613",0,0.00376730685822439,0.00188365342911219
"RTCA-AS1",0,0.00376730685822439,0.00188365342911219
"ZNF92",0,0.00376730685822439,0.00188365342911219
"AFF3",0,0.00376730685822439,0.00188365342911219
"C1orf216",0.00219418540866703,0.00156771862858701,0.00188095201862702
"SH3TC1",0.000670445541537149,0.00308569006318656,0.00187806780236185
"ZNF204P",0.000670445541537149,0.00308569006318656,0.00187806780236185
"KIF3B",0.000548546352166758,0.00320686932029036,0.00187770783622856
"GNPTG",0.000548546352166758,0.00320686932029036,0.00187770783622856
"SRP19",0,0.00375216275632062,0.00187608137816031
"SMCO4",0,0.00375216275632062,0.00187608137816031
"ANXA11",0,0.00375216275632062,0.00187608137816031
"INPP4B",0,0.00375216275632062,0.00187608137816031
"ASXL1",0,0.00375216275632062,0.00187608137816031
"STX4",0,0.00375216275632062,0.00187608137816031
"ZBED4",0,0.00375216275632062,0.00187608137816031
"RPS6KA3",0,0.00375216275632062,0.00187608137816031
"MT1E",0,0.00375216275632062,0.00187608137816031
"TTBK2",0,0.00375216275632062,0.00187608137816031
"UBE2L3",0.00252292418000101,0.00122691023106809,0.00187491720553455
"TICAM1",0.00374191607370492,0,0.00187095803685246
"KDM1A",0.00374191607370492,0,0.00187095803685246
"FLYWCH2",0.00374191607370492,0,0.00187095803685246
"KLRK1",0.00374191607370492,0,0.00187095803685246
"KHDC1-AS1",0.000243798378740781,0.00349466014020926,0.00186922925947502
"BBS1",0.000121899189370391,0.00361583939731305,0.00186886929334172
"Taurochenodeoxycholic acid",0.00371792527579692,0,0.00185896263789846
"SM 18:1;O2/18:0",0.00371792527579692,0,0.00185896263789846
"PC P-35:1 or PC O-35:2",0.00371792527579692,0,0.00185896263789846
"PC O-42:6",0.00371792527579692,0,0.00185896263789846
"Kynurenine",0.00371792527579692,0,0.00185896263789846
"Leu-Pro",0.00371792527579692,0,0.00185896263789846
"PE 17:0_18:2",0.00371792527579692,0,0.00185896263789846
"Cer 18:1;O2/18:0",0.00371792527579692,0,0.00185896263789846
"PC O-38:7",0.00371792527579692,0,0.00185896263789846
"PE O-18:1/20:5",0.00371792527579692,0,0.00185896263789846
"SM 33:2;O2",0.00371792527579692,0,0.00185896263789846
"Pyridoxal",0.00371792527579692,0,0.00185896263789846
"PC 32:3",0.00371792527579692,0,0.00185896263789846
"N4-Acetylcytidine",0.00371792527579692,0,0.00185896263789846
"PC 28:0",0.00371792527579692,0,0.00185896263789846
"PC 30:1",0.00371792527579692,0,0.00185896263789846
"PC 17:0_18:2",0.00371792527579692,0,0.00185896263789846
"PLEKHF1",0.00337621850559375,0.000340808397518915,0.00185851345155633
"HGSNAT",0.000365697568111172,0.00334319267929792,0.00185444512370455
"ENSG00000283064.1",6.09495946851953e-05,0.00363098349921682,0.00184596654695101
"LINC00957",6.09495946851953e-05,0.00363098349921682,0.00184596654695101
"JMJD7-PLA2G4B",0.00252292418000101,0.00115874855156431,0.00184083636578266
"SATB2",0.000731395136222344,0.00294936670417899,0.00184038092020067
"MRPL34",0.000853294325592735,0.00281304334517143,0.00183316883538208
"ENSG00000226026.7",0.000853294325592735,0.00281304334517143,0.00183316883538208
"FAM222A",0.00325431931622336,0.000408970077022698,0.00183164469662303
"ERVK13-1",0.000426647162796367,0.00322201342219412,0.00182433029249525
"KLHDC9",0.00146279027244469,0.00218117374412105,0.00182198200828287
"WBP2",0.00227912580126023,0.00136323359007566,0.00182117969566794
"CELSR2",0.00207228621929664,0.00156771862858701,0.00182000242394183
"TPRG1",0.00207228621929664,0.00156771862858701,0.00182000242394183
"PPIEL",0.00207228621929664,0.00156771862858701,0.00182000242394183
"CCDC88A",0.000548546352166758,0.00308569006318656,0.00181711820767666
"SCFD1",0.000548546352166758,0.00308569006318656,0.00181711820767666
"EGFL7",0,0.00363098349921682,0.00181549174960841
"MCM9",0,0.00363098349921682,0.00181549174960841
"C12orf76",0,0.00363098349921682,0.00181549174960841
"SLC35F1",0.00301052093748257,0.000613455115534047,0.00181198802650831
"LSS",0.00301052093748257,0.000613455115534047,0.00181198802650831
"SIX4",0.00362001688433453,0,0.00181000844216726
"MBNL2",0.00362001688433453,0,0.00181000844216726
"MAP2K7",0.00362001688433453,0,0.00181000844216726
"UNKL",0.00362001688433453,0,0.00181000844216726
"SYNJ2BP",0.000670445541537149,0.00294936670417899,0.00180990612285807
"ISLR2",0.000121899189370391,0.00349466014020926,0.00180827966478982
"CTNNAL1",0.000121899189370391,0.00349466014020926,0.00180827966478982
"TMEM87B",0,0.00361583939731305,0.00180791969865653
"ENSG00000255330.9",0,0.00361583939731305,0.00180791969865653
"USP53",0,0.00361583939731305,0.00180791969865653
"CAPN6",0.00176753824587066,0.00184036534660214,0.0018039517962364
"NR1H3",0.000121899189370391,0.00347951603830549,0.00180070761383794
"SCN2B",0.00325431931622336,0.000340808397518915,0.00179756385687114
"ENSG00000279119.1",0.00091424392027793,0.00267671998616386,0.0017954819532209
"ENSG00000233251.8",0.000365697568111172,0.00322201342219412,0.00179385549515265
"ZNF675",0.000365697568111172,0.00322201342219412,0.00179385549515265
"SMARCAL1",0.000243798378740781,0.00334319267929792,0.00179349552901935
"RPPH1",0.000487596757481563,0.00308569006318656,0.00178664341033406
"FAM214A",0.000121899189370391,0.0034449129462218,0.00178340606779609
"WDCP",0.000609495946851953,0.00294936670417899,0.00177943132551547
"B3GNT2",0.00219418540866703,0.00136323359007566,0.00177870949937135
"DHX8",0.00301052093748257,0.000545293436030264,0.00177790718675642
"TAF8",6.09495946851953e-05,0.00349466014020926,0.00177780486744723
"ZNF317",0.00170658865118547,0.00184036534660214,0.0017734769988938
"TSN",0.000731395136222344,0.00281304334517143,0.00177221924069689
"TMEM38B",0.00115804229901871,0.0023856587826324,0.00177185054082556
"UPF1",0.00313242012685297,0.000408970077022698,0.00177069510193783
"RWDD2B",0.000731395136222344,0.00279789924326766,0.001764647189745
"ANAPC5",0.00304747973425977,0.000477131756526481,0.00176230574539312
"SIM2",0.00152373986712988,0.00199510319112603,0.00175942152912796
"BACE1",0.00310842932894496,0.000408970077022698,0.00175869970298383
"FAT4",0.000426647162796367,0.00308569006318656,0.00175616861299146
"PRDM15",0.00349811769496414,0,0.00174905884748207
"CACHD1",0.00349811769496414,0,0.00174905884748207
"RGL3",0.00349811769496414,0,0.00174905884748207
"MIRLET7BHG",0.00349811769496414,0,0.00174905884748207
"LFNG",0.00349811769496414,0,0.00174905884748207
"KIF5B",0.000548546352166758,0.00294936670417899,0.00174895652817288
"ZNF740",0.000426647162796367,0.00307054596128279,0.00174859656203958
"ZNF775",0,0.00349466014020926,0.00174733007010463
"C1orf226",0,0.00349466014020926,0.00174733007010463
"SLC39A10",0,0.00349466014020926,0.00174733007010463
"DSEL",0,0.00349466014020926,0.00174733007010463
"RNF121",0,0.00349466014020926,0.00174733007010463
"KAT6B",0.00164563905650027,0.00184036534660214,0.00174300220155121
"LINC00476",0.000670445541537149,0.00281304334517143,0.00174174444335429
"GPAA1",0.000670445541537149,0.00281304334517143,0.00174174444335429
"MT-CYB",0.000121899189370391,0.00335833678120169,0.00174011798528604
"SH3GL1P1",0,0.00347951603830549,0.00173975801915274
"CHD6",0,0.00347951603830549,0.00173975801915274
"ARRDC3",0,0.00347951603830549,0.00173975801915274
"DSN1",0,0.00347951603830549,0.00173975801915274
"CRIPT",0,0.00347951603830549,0.00173975801915274
"ENSG00000273270.1",0.0012799414883891,0.00218117374412105,0.00173055761625508
"KDM4B",0.00325431931622336,0.000204485038511349,0.00172940217736735
"DUS4L-BCAP29",0.00325431931622336,0.000204485038511349,0.00172940217736735
"FAM193B",0.00325431931622336,0.000204485038511349,0.00172940217736735
"EIF3I",0.000365697568111172,0.00308569006318656,0.00172569381564887
"NHLRC2",0.000365697568111172,0.00308569006318656,0.00172569381564887
"DIP2A",0,0.0034449129462218,0.0017224564731109
"ANKRD11",0.00201133662461145,0.00143139526957944,0.00172136594709544
"GIT1",0.00201133662461145,0.00143139526957944,0.00172136594709544
"YIPF5",0.00170658865118547,0.00170404198759457,0.00170531531939002
"ZMYM5",0.000731395136222344,0.00267671998616386,0.0017040575611931
"PARGP1",0.000731395136222344,0.00267671998616386,0.0017040575611931
"PC 42:2",0,0.00340808397518915,0.00170404198759457
"KAT2B",0.00337621850559375,0,0.00168810925279687
"ARMCX6",0.00337621850559375,0,0.00168810925279687
"NIPSNAP3B",0.00337621850559375,0,0.00168810925279687
"MCM8",0.00288862174811218,0.000477131756526481,0.00168287675231933
"SLC38A3",0,0.00335833678120169,0.00167916839060085
"GOLGA6L9",0,0.00335833678120169,0.00167916839060085
"TMEM179B",0,0.00335833678120169,0.00167916839060085
"GVQW3",0,0.00335833678120169,0.00167916839060085
"SUSD2",0,0.00335833678120169,0.00167916839060085
"SLC23A2",0,0.00335833678120169,0.00167916839060085
"PPP1R12B",0.00274273176083379,0.000613455115534047,0.00167809343818392
"Glutamic acid",0.00335222770768574,0,0.00167611385384287
"ETV6",0.00301052093748257,0.000340808397518915,0.00167566466750074
"STEAP3",0.00164563905650027,0.00170404198759457,0.00167484052204742
"PTER",0.000121899189370391,0.00320686932029036,0.00166438425483037
"RCOR3",0.0025598829767782,0.000749778474541613,0.00165483072565991
"FBXO16",0.000487596757481563,0.00281304334517143,0.00165032005132649
"FAM135A",0.000365697568111172,0.00293422260227522,0.0016499600851932
"CHKA",0.00288862174811218,0.000408970077022698,0.00164879591256744
"CACNA2D2",0.00158468946181508,0.00170404198759457,0.00164436572470483
"KANSL1L-AS1",0.000609495946851953,0.00267671998616386,0.00164310796650791
"SGPP2",0.000609495946851953,0.00267671998616386,0.00164310796650791
"TRMT2B",0.000487596757481563,0.00279789924326766,0.00164274800037461
"SREBF1",0.00219418540866703,0.00109058687206053,0.00164238614036378
"SEMA6D",0.00301052093748257,0.000272646718015132,0.00164158382774885
"MT-ATP6",0.000731395136222344,0.0025403966271563,0.00163589588168932
"MIR22HG",0.000182848784055586,0.00308569006318656,0.00163426942362107
"ZSCAN30",0.00182848784055586,0.00143139526957944,0.00162994155506765
"CNTFR-AS1",0.0012799414883891,0.00197668870560971,0.0016283150969994
"PDE5A",0.00325431931622336,0,0.00162715965811168
"C3orf35",0.000304747973425977,0.00294936670417899,0.00162705733880248
"SNED1",0.000182848784055586,0.00307054596128279,0.00162669737266919
"LDHA",0.000426647162796367,0.00281304334517143,0.0016198452539839
"GDNF-AS1",0.00227912580126023,0.000954263513052962,0.0016166946571566
"TG 16:0_16:0_18:1",0.00323032851831535,0,0.00161516425915768
"Lenticin",0.00323032851831535,0,0.00161516425915768
"BAIAP2L1",0.000548546352166758,0.00267671998616386,0.00161263316916531
"USP5",0,0.00322201342219412,0.00161100671109706
"RTN3",0,0.00322201342219412,0.00161100671109706
"RN7SL1",0.000121899189370391,0.00308569006318656,0.00160379462627847
"REC8",0.000121899189370391,0.00308569006318656,0.00160379462627847
"ZNF507",0.00170658865118547,0.00149955694908323,0.00160307280013435
"UBOX5",0.00182848784055586,0.00136323359007566,0.00159586071531576
"ELMOD2",0.00079234473090754,0.0023856587826324,0.00158900175676997
"BMP4",0.000487596757481563,0.00267671998616386,0.00158215837182271
"TTC23",0.00288862174811218,0.000272646718015132,0.00158063423306366
"ATXN7L3B",0.00152373986712988,0.00163588030809079,0.00157981008761034
"NUP160",0.00301052093748257,0.000136323359007566,0.00157342214824507
"ACKR3",0.00109709270433352,0.00204485038511349,0.0015709715447235
"PI 34:2",0,0.00313543725717402,0.00156771862858701
"SM 40:1;O3",0,0.00313543725717402,0.00156771862858701
"SM 18:1;O2/20:2",0,0.00313543725717402,0.00156771862858701
"RUFY1-AS1",0.00313242012685297,0,0.00156621006342648
"SLC12A2",0.00276672255874179,0.000340808397518915,0.00155376547813035
"ENSG00000259891.1",0.000426647162796367,0.00267671998616386,0.00155168357448011
"COG7",0.000426647162796367,0.00267671998616386,0.00155168357448011
"DENND5A",0.0026208325714634,0.000477131756526481,0.00154898216399494
"DHX58",0.00227912580126023,0.000817940154045396,0.00154853297765281
"JAK1",0.00288862174811218,0.000204485038511349,0.00154655339331177
"COL24A1",0.00152373986712988,0.00156771862858701,0.00154572924785845
"C18orf25",0,0.00308569006318656,0.00154284503159328
"ELMO1",0,0.00308569006318656,0.00154284503159328
"ENSG00000279744.1",0,0.00308569006318656,0.00154284503159328
"GRAMD1B",0,0.00308569006318656,0.00154284503159328
"ADGRA2",0,0.00308569006318656,0.00154284503159328
"COG5",0.000121899189370391,0.00294936670417899,0.00153563294677469
"DEPDC7",0,0.00307054596128279,0.00153527298064139
"LANCL3",0.00079234473090754,0.00226774990914116,0.00153004732002435
"MCL1",0.0013408910830743,0.00170404198759457,0.00152246653533444
"PRF1",0.0013408910830743,0.00170404198759457,0.00152246653533444
"GIMAP2",0.00249893338209301,0.000545293436030264,0.00152211340906164
"CNNM2",0.000243798378740781,0.00279789924326766,0.00152084881100422
"POP4",0.00146279027244469,0.00156771862858701,0.00151525445051585
"ENSG00000240859.3",0.000487596757481563,0.0025403966271563,0.00151399669231893
"UBQLN2",0.00288862174811218,0.000136323359007566,0.00151247255355987
"MAGED1",0.00152373986712988,0.00149955694908323,0.00151164840810655
"MTERF3",0.000975193514963125,0.00204485038511349,0.00151002195003831
"ELF1",0.00219418540866703,0.000817940154045396,0.00150606278135621
"TUBGCP3",0.00301052093748257,0,0.00150526046874129
"CSDE1",0.00301052093748257,0,0.00150526046874129
"ENSG00000271420.1",0.00301052093748257,0,0.00150526046874129
"ENSG00000279631.1",0.00164563905650027,0.00136323359007566,0.00150443632328797
"ENSG00000253115.1",0.00188943743524106,0.00109058687206053,0.00149001215365079
"DNAJA2",0.00188943743524106,0.00109058687206053,0.00149001215365079
"TRIP10",0.00091424392027793,0.00204485038511349,0.00147954715269571
"DCAF11",0,0.00294936670417899,0.0014746833520895
"ARHGAP31",0,0.00294936670417899,0.0014746833520895
"PIP4K2C",0.00115804229901871,0.00177220366709836,0.00146512298305853
"UBC",0.00292558054488938,0,0.00146279027244469
"LIX1L",0.000243798378740781,0.00267671998616386,0.00146025918245232
"ENSG00000214135.9",0.000243798378740781,0.00267671998616386,0.00146025918245232
"LINC00624",0.000243798378740781,0.00267671998616386,0.00146025918245232
"IDI1",0.000731395136222344,0.00218117374412105,0.0014562844401717
"CHCHD7",0.00195038702992625,0.000954263513052962,0.00145232527148961
"CASC18",0.00140184067775949,0.00149955694908323,0.00145069881342136
"FAM83B",0.000853294325592735,0.00204485038511349,0.00144907235535311
"ATP6V1C1",0.00227912580126023,0.000613455115534047,0.00144629045839714
"PKNOX2",0.00207228621929664,0.000817940154045396,0.00144511318667102
"ENSG00000264772.6",0.00288862174811218,0,0.00144431087405609
"ROBO1",0.00288862174811218,0,0.00144431087405609
"BRWD1",0.00288862174811218,0,0.00144431087405609
"BRICD5",0.00288862174811218,0,0.00144431087405609
"QSOX2",0.00288862174811218,0,0.00144431087405609
"ZNF428",0.00288862174811218,0,0.00144431087405609
"ZNF423",0.00288862174811218,0,0.00144431087405609
"LSM7",0.00158468946181508,0.00129507191057188,0.00143988068619348
"QARS1",0.00158468946181508,0.00129507191057188,0.00143988068619348
"DNMT3B",0.00158468946181508,0.00129507191057188,0.00143988068619348
"PIGZ",0.00219418540866703,0.00068161679503783,0.00143790110185243
"LCLAT1",0.00170658865118547,0.00115874855156431,0.00143266860137489
"GPR35",0.000731395136222344,0.0021314265501336,0.00143141084317797
"PC O-42:4",0,0.00286279053915888,0.00143139526957944
"PPFIA1",0.00115804229901871,0.00170404198759457,0.00143104214330664
"SPCS1",0.00231608459803742,0.000545293436030264,0.00143068901703384
"EMG1",0.000670445541537149,0.00218117374412105,0.0014258096428291
"NME9",0.00182848784055586,0.00102242519255674,0.0014254565165563
"TKFC",0.00182848784055586,0.00102242519255674,0.0014254565165563
"PVT1",0.0012799414883891,0.00156771862858701,0.00142383005848806
"FLYWCH1",0.00249893338209301,0.000340808397518915,0.00141987088980596
"CHD8",0.00079234473090754,0.00204485038511349,0.00141859755801051
"GPR157",0.00146279027244469,0.00136323359007566,0.00141301193126017
"BPTF",0.00091424392027793,0.00190852702610592,0.00141138547319193
"GJC1",0.00207228621929664,0.000749778474541613,0.00141103234691913
"FAHD2B",0,0.00281304334517143,0.00140652167258571
"HGS",0,0.00281304334517143,0.00140652167258571
"TBC1D2",0.00219418540866703,0.000613455115534047,0.00140382026210054
"TMED4",0.00164563905650027,0.00115874855156431,0.00140219380403229
"WDR37",0.00109709270433352,0.00170404198759457,0.00140056734596405
"AP4E1",0,0.00279789924326766,0.00139894962163383
"CDH23",0,0.00279789924326766,0.00139894962163383
"ITSN2",0.00170658865118547,0.00109058687206053,0.001398587761623
"R3HCC1L",0.00170658865118547,0.00109058687206053,0.001398587761623
"TG 44:0",0,0.0027946288596551,0.00139731442982755
"LPC 20:4",0,0.0027946288596551,0.00139731442982755
"PTGER4",0.000609495946851953,0.00218117374412105,0.0013953348454865
"FAM229B",0.00121899189370391,0.00156771862858701,0.00139335526114546
"ENSG00000278864.1",0.0012799414883891,0.00149955694908323,0.00138974921873616
"FAM240C",0.00243798378740781,0.000340808397518915,0.00138939609246336
"PDK2",0.000731395136222344,0.00204485038511349,0.00138812276066792
"NDRG4",0.00188943743524106,0.000886101833549179,0.00138776963439512
"NMNAT3",0.0013408910830743,0.00143139526957944,0.00138614317632687
"NSUN5P1",0.00091424392027793,0.00184036534660214,0.00137730463344004
"BAAT",0.00207228621929664,0.00068161679503783,0.00137695150716724
"FGF22",0.00152373986712988,0.00122691023106809,0.00137532504909899
"NINL",0.00152373986712988,0.00122691023106809,0.00137532504909899
"ADPRHL1",0.000975193514963125,0.00177220366709836,0.00137369859103074
"ZKSCAN3",0.00213323581398184,0.000613455115534047,0.00137334546475794
"AGAP5",0.00213323581398184,0.000613455115534047,0.00137334546475794
"UBAC2",0.000426647162796367,0.00231749710312862,0.00137207213296249
"NAP1L4",0.000426647162796367,0.00231749710312862,0.00137207213296249
"ESYT2",0.000426647162796367,0.00231749710312862,0.00137207213296249
"ACVR2B-AS1",0.00158468946181508,0.00115874855156431,0.00137171900668969
"MAP4K2",0.000609495946851953,0.0021314265501336,0.00137046124849278
"PTPN23-DT",0.00109709270433352,0.00163588030809079,0.00136648650621215
"ENSG00000279382.1",0.00115804229901871,0.00156771862858701,0.00136288046380286
"PLN",0.00231608459803742,0.000408970077022698,0.00136252733753006
"GET1",0.00176753824587066,0.000954263513052962,0.00136090087946181
"SORBS3",0.00121899189370391,0.00149955694908323,0.00135927442139357
"ZYG11B",0.000670445541537149,0.00204485038511349,0.00135764796332532
"SEC22B",0.00182848784055586,0.000886101833549179,0.00135729483705252
"PTEN",0.0012799414883891,0.00143139526957944,0.00135566837898427
"HNRNPD",0.0012799414883891,0.00143139526957944,0.00135566837898427
"BACE1-AS",0.0012799414883891,0.00143139526957944,0.00135566837898427
"ST8SIA2",0.00188943743524106,0.000817940154045396,0.00135368879464323
"CGREF1",0.00215722661188984,0.000545293436030264,0.00135126002396005
"ATG4D",0.000853294325592735,0.00184036534660214,0.00134682983609744
"SLC41A1",0.000304747973425977,0.0023856587826324,0.00134520337802919
"CLDN5",0.00207228621929664,0.000613455115534047,0.00134287066741534
"PE 36:1",0.0026817821661486,0,0.0013408910830743
"Creatine",0.0026817821661486,0,0.0013408910830743
"ST 27:3;O3",0.0026817821661486,0,0.0013408910830743
"PC O-31:0",0.0026817821661486,0,0.0013408910830743
"TG 53:1",0.0026817821661486,0,0.0013408910830743
"TOMM5",0.000975193514963125,0.00170404198759457,0.00133961775127885
"GNLY",0.000975193514963125,0.00170404198759457,0.00133961775127885
"C5orf63",0,0.00267671998616386,0.00133835999308193
"C2CD5",0,0.00267671998616386,0.00133835999308193
"TBCD",0,0.00267671998616386,0.00133835999308193
"TLCD3A",0,0.00267671998616386,0.00133835999308193
"ENSG00000287978.1",0.000426647162796367,0.00224933542362484,0.0013379912932106
"TBC1D3E",0.00158468946181508,0.00109058687206053,0.0013376381669378
"NAIF1",0.00158468946181508,0.00109058687206053,0.0013376381669378
"MRPL12",0.00158468946181508,0.00109058687206053,0.0013376381669378
"HERC2",0.00158468946181508,0.00109058687206053,0.0013376381669378
"HLA-DOA",0.00103614310964832,0.00163588030809079,0.00133601170886956
"LINC00482",0.00164563905650027,0.00102242519255674,0.00133403212452851
"TPBG",0.00109709270433352,0.00156771862858701,0.00133240566646026
"PICK1",0.00109709270433352,0.00156771862858701,0.00133240566646026
"TRPC4AP",0,0.00265830550064754,0.00132915275032377
"MCM5",0,0.00265830550064754,0.00132915275032377
"ZNRF1",0.00115804229901871,0.00149955694908323,0.00132879962405097
"MEGF9",0.000609495946851953,0.00204485038511349,0.00132717316598272
"PEX16",0.00121899189370391,0.00143139526957944,0.00132519358164167
"MFSD11",0.00182848784055586,0.000817940154045396,0.00132321399730063
"AVIL",0.0013408910830743,0.00129507191057188,0.00131798149682309
"NPRL2",0.00140184067775949,0.00122691023106809,0.00131437545441379
"Isocitric acid",0.0026208325714634,0,0.0013104162857317
"PC 35:3",0.0026208325714634,0,0.0013104162857317
"TG 53:4",0.0026208325714634,0,0.0013104162857317
"PI 36:2",0.0026208325714634,0,0.0013104162857317
"TIMM29",0.00227912580126023,0.000340808397518915,0.00130996709938957
"REEP4",0.000365697568111172,0.00224933542362484,0.00130751649586801
"GUCD1",0.00152373986712988,0.00109058687206053,0.00130716336959521
"GPRASP1",0.000975193514963125,0.00163588030809079,0.00130553691152696
"CDON",0.00158468946181508,0.00102242519255674,0.00130355732718591
"POLR1F",0.00103614310964832,0.00156771862858701,0.00130193086911766
"POP1",0.00103614310964832,0.00156771862858701,0.00130193086911766
"TMEM209",0.000548546352166758,0.00204485038511349,0.00129669836864012
"SEC62",0.00115804229901871,0.00143139526957944,0.00129471878429908
"BCAT2",0.000670445541537149,0.00190852702610592,0.00128948628382154
"GADD45A",0.00182848784055586,0.000749778474541613,0.00128913315754874
"NHLRC3",0.0012799414883891,0.00129507191057188,0.00128750669948049
"PIGT",0.0012799414883891,0.00129507191057188,0.00128750669948049
"HNRNPCP7",0.0013408910830743,0.00122691023106809,0.0012839006570712
"ERBIN",0.00195038702992625,0.000613455115534047,0.00128192107273015
"SPOUT1",0.00140184067775949,0.00115874855156431,0.0012802946146619
"CAR 18:0",0.0025598829767782,0,0.0012799414883891
"DAAM2-AS1",0.00146279027244469,0.00109058687206053,0.00127668857225261
"ENSG00000282556.4",0.00091424392027793,0.00163588030809079,0.00127506211418436
"RAB11FIP3",0.000975193514963125,0.00156771862858701,0.00127145607177507
"IFNLR1",0.00213323581398184,0.000408970077022698,0.00127110294550227
"LINC01347",0,0.0025403966271563,0.00127019831357815
"NFRKB",0,0.0025403966271563,0.00127019831357815
"KMT2B",0.000426647162796367,0.00211301206461727,0.00126982961370682
"ZMYND11",0.000487596757481563,0.00204485038511349,0.00126622357129753
"DOK3",0.00109709270433352,0.00143139526957944,0.00126424398695648
"KCNIP2",0.00109709270433352,0.00143139526957944,0.00126424398695648
"CROCCP3",0.000548546352166758,0.00197668870560971,0.00126261752888823
"TMEM140",0.00170658865118547,0.000817940154045396,0.00126226440261543
"TMEM119",0.00176753824587066,0.000749778474541613,0.00125865836020614
"POLM",0.00176753824587066,0.000749778474541613,0.00125865836020614
"EEF2",0.00121899189370391,0.00129507191057188,0.00125703190213789
"PRAG1",0.00249893338209301,0,0.0012494666910465
"PVR",0.00079234473090754,0.00170404198759457,0.00124819335925106
"WDTC1",0.00079234473090754,0.00170404198759457,0.00124819335925106
"MT-RNR1",0.00079234473090754,0.00170404198759457,0.00124819335925106
"PPP2R5B",0.00195038702992625,0.000545293436030264,0.00124784023297826
"ROS1",0.00140184067775949,0.00109058687206053,0.00124621377491001
"SARS2",0.00227912580126023,0.000204485038511349,0.00124180541988579
"KLHL24",0.00152373986712988,0.000954263513052962,0.00123900169009142
"CNOT4",0.00152373986712988,0.000954263513052962,0.00123900169009142
"FAM50A",0.000975193514963125,0.00149955694908323,0.00123737523202318
"THSD7A",0.000975193514963125,0.00149955694908323,0.00123737523202318
"SCYL3",0.000426647162796367,0.00204485038511349,0.00123574877395493
"LUC7L",0.00219418540866703,0.000272646718015132,0.00123341606334108
"C11orf58",0.00219418540866703,0.000272646718015132,0.00123341606334108
"CD38",0.00164563905650027,0.000817940154045396,0.00123178960527283
"SMS",0.00109709270433352,0.00136323359007566,0.00123016314720459
"ZNF616",0.000548546352166758,0.00190852702610592,0.00122853668913634
"PPFIBP2",0.00170658865118547,0.000749778474541613,0.00122818356286354
"NOP56",0.00170658865118547,0.000749778474541613,0.00122818356286354
"SLCO5A1",0,0.00245382046213619,0.00122691023106809
"MTMR12",0,0.00245382046213619,0.00122691023106809
"MYLIP",0.00115804229901871,0.00129507191057188,0.00122655710479529
"HMGXB4",0.000609495946851953,0.00184036534660214,0.00122493064672705
"SPHK2",0.00121899189370391,0.00122691023106809,0.001222951062386
"UBE3A",0.00182848784055586,0.000613455115534047,0.00122097147804495
"PLBD1",0.00182848784055586,0.000613455115534047,0.00122097147804495
"CCAR1",0.0012799414883891,0.00115874855156431,0.00121934501997671
"SCRN3",0.0012799414883891,0.00115874855156431,0.00121934501997671
"ABHD16A",0.000304747973425977,0.0021314265501336,0.00121808726177979
"SMAD7",0.000731395136222344,0.00170404198759457,0.00121771856190846
"EBNA1BP2",0.00188943743524106,0.000545293436030264,0.00121736543563566
"RBM7",0.0013408910830743,0.00109058687206053,0.00121573897756741
"ZNF143",0.0013408910830743,0.00109058687206053,0.00121573897756741
"TPD52L2",0.00215722661188984,0.000272646718015132,0.00121493666495249
"ROCK1P1",0.00215722661188984,0.000272646718015132,0.00121493666495249
"SYNPO2L",0.00091424392027793,0.00149955694908323,0.00120690043468058
"FAM78A",0.00091424392027793,0.00149955694908323,0.00120690043468058
"N4BP2L2",0.00152373986712988,0.000886101833549179,0.00120492085033953
"CLPTM1L",0.000975193514963125,0.00143139526957944,0.00120329439227128
"PITPNB",0.000426647162796367,0.00197668870560971,0.00120166793420304
"TMEM198",0.00158468946181508,0.000817940154045396,0.00120131480793024
"RBCK1",0.00158468946181508,0.000817940154045396,0.00120131480793024
"EIF4G3",0.00109709270433352,0.00129507191057188,0.0011960823074527
"MTMR10",0.00115804229901871,0.00122691023106809,0.0011924762650434
"MSR1",0.00115804229901871,0.00122691023106809,0.0011924762650434
"SESN2",0.00176753824587066,0.000613455115534047,0.00119049668070236
"HSPA13",0.00176753824587066,0.000613455115534047,0.00119049668070236
"TMEM208",0.00121899189370391,0.00115874855156431,0.00118887022263411
"AKT1S1",0.00121899189370391,0.00115874855156431,0.00118887022263411
"CCT5",0.00237703419272262,0,0.00118851709636131
"EXOC1",0.000670445541537149,0.00170404198759457,0.00118724376456586
"FUCA1",0.0012799414883891,0.00109058687206053,0.00118526418022481
"CASTOR3",0.0012799414883891,0.00109058687206053,0.00118526418022481
"UBXN4",0.0012799414883891,0.00109058687206053,0.00118526418022481
"LINC02762",0.0012799414883891,0.00109058687206053,0.00118526418022481
"WDR73",0.0012799414883891,0.00109058687206053,0.00118526418022481
"ENSG00000262728.6",0.000731395136222344,0.00163588030809079,0.00118363772215657
"IFT122",0.000731395136222344,0.00163588030809079,0.00118363772215657
"CGGBP1",0.00140184067775949,0.000954263513052962,0.00117805209540623
"ENSG00000213144.2",0.000853294325592735,0.00149955694908323,0.00117642563733798
"TCEA1",0.000853294325592735,0.00149955694908323,0.00117642563733798
"TSPAN15",0.000304747973425977,0.00204485038511349,0.00117479917926973
"ZMYND19",0.00091424392027793,0.00143139526957944,0.00117281959492869
"DUSP4",0.00091424392027793,0.00143139526957944,0.00117281959492869
"LINC00310",0.00091424392027793,0.00143139526957944,0.00117281959492869
"TMEM106C",0.00091424392027793,0.00143139526957944,0.00117281959492869
"NME4",0.00091424392027793,0.00143139526957944,0.00117281959492869
"GIMAP4",0.00207228621929664,0.000272646718015132,0.00117246646865589
"AKR1B15",0.00152373986712988,0.000817940154045396,0.00117084001058764
"ZMIZ1",0.000975193514963125,0.00136323359007566,0.00116921355251939
"CERS2",0.000426647162796367,0.00190852702610592,0.00116758709445115
"RRAGA",0.000426647162796367,0.00190852702610592,0.00116758709445115
"ENSG00000235859.5",0.00158468946181508,0.000749778474541613,0.00116723396817835
"DNAJC1",0.00109709270433352,0.00122691023106809,0.0011620014677008
"LINC02604",0.00109709270433352,0.00122691023106809,0.0011620014677008
"CISH",0.00170658865118547,0.000613455115534047,0.00116002188335976
"TFAM",0.00170658865118547,0.000613455115534047,0.00116002188335976
"RBM14-RBM4",0.00170658865118547,0.000613455115534047,0.00116002188335976
"USP51",0,0.00231749710312862,0.00115874855156431
"ENSG00000285928.1",0,0.00231749710312862,0.00115874855156431
"BMS1P23",0.00115804229901871,0.00115874855156431,0.00115839542529151
"C19orf47",0.00115804229901871,0.00115874855156431,0.00115839542529151
"SNTB2",0.000609495946851953,0.00170404198759457,0.00115676896722326
"TAF7",0.00176753824587066,0.000545293436030264,0.00115641584095046
"MDGA1",0.00121899189370391,0.00109058687206053,0.00115478938288222
"HLX",0.0012799414883891,0.00102242519255674,0.00115118334047292
"ABHD10",0.0012799414883891,0.00102242519255674,0.00115118334047292
"RN7SKP23",0.000731395136222344,0.00156771862858701,0.00114955688240468
"NUDT16",0.000731395136222344,0.00156771862858701,0.00114955688240468
"NUDT16L1",0.000731395136222344,0.00156771862858701,0.00114955688240468
"ALDH1L1",0.000731395136222344,0.00156771862858701,0.00114955688240468
"SPINDOC",0.0013408910830743,0.000954263513052962,0.00114757729806363
"DUSP5",0.0013408910830743,0.000954263513052962,0.00114757729806363
"CEP57",0.0013408910830743,0.000954263513052962,0.00114757729806363
"PLEKHA1",0.00079234473090754,0.00149955694908323,0.00114595083999538
"MYO19",0.000853294325592735,0.00143139526957944,0.00114234479758609
"YWHAB",0.000853294325592735,0.00143139526957944,0.00114234479758609
"CTCF",0.000853294325592735,0.00143139526957944,0.00114234479758609
"NTF3",0.00201133662461145,0.000272646718015132,0.00114199167131329
"SLC35E2A",0.000304747973425977,0.00197668870560971,0.00114071833951784
"TMSB10",0.00146279027244469,0.000817940154045396,0.00114036521324504
"ZNF706",0.00227912580126023,0,0.00113956290063011
"ZNF212",0.00091424392027793,0.00136323359007566,0.00113873875517679
"DPH1",0.00091424392027793,0.00136323359007566,0.00113873875517679
"NR2F2",0.00207228621929664,0.000204485038511349,0.001138385628904
"PGAM2",0.00152373986712988,0.000749778474541613,0.00113675917083575
"ENSG00000229821.1",0.00152373986712988,0.000749778474541613,0.00113675917083575
"ENSG00000262370.6",0.00152373986712988,0.000749778474541613,0.00113675917083575
"RNF145",0.000426647162796367,0.00184036534660214,0.00113350625469925
"MIEF1",0.000426647162796367,0.00184036534660214,0.00113350625469925
"ARPC1B",0.00164563905650027,0.000613455115534047,0.00112954708601716
"C5orf15",0.00109709270433352,0.00115874855156431,0.00112792062794891
"TG 18:1_18:1_22:5",0.00225513500335223,0,0.00112756750167611
"TG 18:1/18:1/18:1",0.00225513500335223,0,0.00112756750167611
"Bilirubin",0.00225513500335223,0,0.00112756750167611
"ENSG00000272341.1",0.000548546352166758,0.00170404198759457,0.00112629416988067
"KNTC1",0.00170658865118547,0.000545293436030264,0.00112594104360787
"MNT",0.00170658865118547,0.000545293436030264,0.00112594104360787
"MLXIP",0.00115804229901871,0.00109058687206053,0.00112431458553962
"EPHX2",0.00176753824587066,0.000477131756526481,0.00112233500119857
"IRF2",0.00176753824587066,0.000477131756526481,0.00112233500119857
"CCDC71",0.00121899189370391,0.00102242519255674,0.00112070854313033
"AUTS2",0.000670445541537149,0.00156771862858701,0.00111908208506208
"TCTN1",0.00182848784055586,0.000408970077022698,0.00111872895878928
"PNP",0.0012799414883891,0.000954263513052962,0.00111710250072103
"PARP11",0.0012799414883891,0.000954263513052962,0.00111710250072103
"NEK11",0.0012799414883891,0.000954263513052962,0.00111710250072103
"NUP37",0.00188943743524106,0.000340808397518915,0.00111512291637999
"ENSG00000280332.1",0.000182848784055586,0.00204485038511349,0.00111384958458454
"PDLIM3",0.0013408910830743,0.000886101833549179,0.00111349645831174
"CYP2E1",0.0013408910830743,0.000886101833549179,0.00111349645831174
"ZSCAN31",0.00079234473090754,0.00143139526957944,0.00111187000024349
"TMEM214",0.00079234473090754,0.00143139526957944,0.00111187000024349
"EBF1",0.00140184067775949,0.000817940154045396,0.00110989041590244
"RBAK",0.00140184067775949,0.000817940154045396,0.00110989041590244
"NAA25",0.000853294325592735,0.00136323359007566,0.0011082639578342
"PAK1IP1",0.00091424392027793,0.00129507191057188,0.0011046579154249
"ZNF160",0.00207228621929664,0.000136323359007566,0.0011043047891521
"MRLN",0.00207228621929664,0.000136323359007566,0.0011043047891521
"ZNF200",0.000975193514963125,0.00122691023106809,0.00110105187301561
"ENSG00000288818.1",0.000975193514963125,0.00122691023106809,0.00110105187301561
"NUMA1",0.000426647162796367,0.00177220366709836,0.00109942541494736
"P3H4",0.000426647162796367,0.00177220366709836,0.00109942541494736
"PHB2",0.00158468946181508,0.000613455115534047,0.00109907228867456
"YWHAH",0.00103614310964832,0.00115874855156431,0.00109744583060632
"LINC00339",0.00103614310964832,0.00115874855156431,0.00109744583060632
"ERMAP",0.00103614310964832,0.00115874855156431,0.00109744583060632
"PLD2",0.00103614310964832,0.00115874855156431,0.00109744583060632
"SASS6",0.00164563905650027,0.000545293436030264,0.00109546624626527
"ABCC4",0.00109709270433352,0.00109058687206053,0.00109383978819702
"TM9SF3",0.00109709270433352,0.00109058687206053,0.00109383978819702
"CLIP1",0.00109709270433352,0.00109058687206053,0.00109383978819702
"RNASEH1-AS1",0.00109709270433352,0.00109058687206053,0.00109383978819702
"KIAA2013",0.00109709270433352,0.00109058687206053,0.00109383978819702
"STARD7",0.00109709270433352,0.00109058687206053,0.00109383978819702
"H2BC21",0.00170658865118547,0.000477131756526481,0.00109186020385598
"NPEPL1",0.00170658865118547,0.000477131756526481,0.00109186020385598
"TG 12:0_12:0_14:0",0,0.00218117374412105,0.00109058687206053
"ZKSCAN5",0,0.00218117374412105,0.00109058687206053
"MCFD2",0,0.00218117374412105,0.00109058687206053
"TG 46:4",0,0.00218117374412105,0.00109058687206053
"Valine",0,0.00218117374412105,0.00109058687206053
"PC 16:0_22:6",0,0.00218117374412105,0.00109058687206053
"MEOX2",0,0.00218117374412105,0.00109058687206053
"RRM1",0.000609495946851953,0.00156771862858701,0.00108860728771948
"ROGDI",0.00176753824587066,0.000408970077022698,0.00108825416144668
"ENSG00000272688.1",0.000670445541537149,0.00149955694908323,0.00108500124531019
"GOLGA4",0.000670445541537149,0.00149955694908323,0.00108500124531019
"PTPRR",0.000670445541537149,0.00149955694908323,0.00108500124531019
"LPCAT4",0.00182848784055586,0.000340808397518915,0.00108464811903739
"CDKL1",0.00182848784055586,0.000340808397518915,0.00108464811903739
"RAB35",0.0012799414883891,0.000886101833549179,0.00108302166096914
"ARHGEF2",0.0012799414883891,0.000886101833549179,0.00108302166096914
"AP3M1",0.0012799414883891,0.000886101833549179,0.00108302166096914
"ZNRF3",0.000731395136222344,0.00143139526957944,0.00108139520290089
"B4GAT1",0.0013408910830743,0.000817940154045396,0.00107941561855985
"NOL6",0.0013408910830743,0.000817940154045396,0.00107941561855985
"CSTF1",0.0013408910830743,0.000817940154045396,0.00107941561855985
"URAHP",0.0013408910830743,0.000817940154045396,0.00107941561855985
"PARD6G",0.00140184067775949,0.000749778474541613,0.00107580957615055
"ZNF510",0.00140184067775949,0.000749778474541613,0.00107580957615055
"WASHC2C",0.00146279027244469,0.00068161679503783,0.00107220353374126
"CCDC32",0.00091424392027793,0.00122691023106809,0.00107057707567301
"RPL23A",0.00091424392027793,0.00122691023106809,0.00107057707567301
"ZNF620",0.000365697568111172,0.00177220366709836,0.00106895061760476
"CHCHD4",0.00152373986712988,0.000613455115534047,0.00106859749133197
"CHMP1A",0.000975193514963125,0.00115874855156431,0.00106697103326372
"ZNF385B",0.000975193514963125,0.00115874855156431,0.00106697103326372
"DYNC1I2",0.000975193514963125,0.00115874855156431,0.00106697103326372
"GCFC2",0.000975193514963125,0.00115874855156431,0.00106697103326372
"RALGDS",0,0.0021314265501336,0.0010657132750668
"ATAD3A",0.00158468946181508,0.000545293436030264,0.00106499144892267
"ENSG00000286367.1",0.00158468946181508,0.000545293436030264,0.00106499144892267
"TTC33",0.00158468946181508,0.000545293436030264,0.00106499144892267
"OTUD7B",0.00103614310964832,0.00109058687206053,0.00106336499085442
"B3GLCT",0.00103614310964832,0.00109058687206053,0.00106336499085442
"SNX9",0.00103614310964832,0.00109058687206053,0.00106336499085442
"DDIT4L",0.00103614310964832,0.00109058687206053,0.00106336499085442
"SEPTIN7",0.00103614310964832,0.00109058687206053,0.00106336499085442
"ENSG00000285628.1",0.00103614310964832,0.00109058687206053,0.00106336499085442
"ERN1",0.00103614310964832,0.00109058687206053,0.00106336499085442
"CD27-AS1",0.00109709270433352,0.00102242519255674,0.00105975894844513
"TBC1D24",0.000548546352166758,0.00156771862858701,0.00105813249037688
"LNPEP",0.000548546352166758,0.00156771862858701,0.00105813249037688
"PE O-40:6",0,0.00211301206461727,0.00105650603230864
"EIF3C",0.00115804229901871,0.000954263513052962,0.00105615290603584
"TMEM80",0.00115804229901871,0.000954263513052962,0.00105615290603584
"FERMT2",0.000609495946851953,0.00149955694908323,0.00105452644796759
"SMC5",0.000609495946851953,0.00149955694908323,0.00105452644796759
"STX3",0.000609495946851953,0.00149955694908323,0.00105452644796759
"S100PBP",0.000609495946851953,0.00149955694908323,0.00105452644796759
"ENSG00000281181.1",0.00121899189370391,0.000886101833549179,0.00105254686362654
"GUSBP1",0.00121899189370391,0.000886101833549179,0.00105254686362654
"ENSG00000245498.7",0.000670445541537149,0.00143139526957944,0.0010509204055583
"MEAK7",0.000670445541537149,0.00143139526957944,0.0010509204055583
"MGAT2",0.000670445541537149,0.00143139526957944,0.0010509204055583
"LPIN1",0.000670445541537149,0.00143139526957944,0.0010509204055583
"USP3",0.00182848784055586,0.000272646718015132,0.0010505672792855
"BMS1P1",0.000121899189370391,0.00197668870560971,0.00104929394749005
"SLC39A13",0.0012799414883891,0.000817940154045396,0.00104894082121725
"MAP7D3",0.0012799414883891,0.000817940154045396,0.00104894082121725
"PGM2",0.0012799414883891,0.000817940154045396,0.00104894082121725
"PTP4A1",0.000731395136222344,0.00136323359007566,0.001047314363149
"DDX17",0.000731395136222344,0.00136323359007566,0.001047314363149
"ZFP30",0.00188943743524106,0.000204485038511349,0.0010469612368762
"SF3B1",0.0013408910830743,0.000749778474541613,0.00104533477880796
"SLC29A2",0.0013408910830743,0.000749778474541613,0.00104533477880796
"ZNF836",0.0013408910830743,0.000749778474541613,0.00104533477880796
"C5orf51",0.00079234473090754,0.00129507191057188,0.00104370832073971
"GSAP",0.00079234473090754,0.00129507191057188,0.00104370832073971
"MX2",0.00140184067775949,0.00068161679503783,0.00104172873639866
"CZIB",0.00140184067775949,0.00068161679503783,0.00104172873639866
"PER2",0.000853294325592735,0.00122691023106809,0.00104010227833041
"ABHD14A",0.000853294325592735,0.00122691023106809,0.00104010227833041
"ABHD3",0.000853294325592735,0.00122691023106809,0.00104010227833041
"TTC13",0.000853294325592735,0.00122691023106809,0.00104010227833041
"TAF1C",0.000853294325592735,0.00122691023106809,0.00104010227833041
"ENSG00000177788.7",0.00201133662461145,6.8161679503783e-05,0.00103974915205761
"WASL",0.00146279027244469,0.000613455115534047,0.00103812269398937
"SNAP23",0.00146279027244469,0.000613455115534047,0.00103812269398937
"RHBDD3",0.00146279027244469,0.000613455115534047,0.00103812269398937
"CHMP2B",0.00146279027244469,0.000613455115534047,0.00103812269398937
"PPP1R2",0.00146279027244469,0.000613455115534047,0.00103812269398937
"GMPR2",0.00146279027244469,0.000613455115534047,0.00103812269398937
"ENSG00000279608.1",0.00091424392027793,0.00115874855156431,0.00103649623592112
"FAM110D",0.00207228621929664,0,0.00103614310964832
"NUDT13",0.00207228621929664,0,0.00103614310964832
"MORC2",0.000975193514963125,0.00109058687206053,0.00103289019351183
"DNAAF9",0.000975193514963125,0.00109058687206053,0.00103289019351183
"DLGAP4",0.000975193514963125,0.00109058687206053,0.00103289019351183
"CRY1",0.000975193514963125,0.00109058687206053,0.00103289019351183
"MRPS31P5",0.000426647162796367,0.00163588030809079,0.00103126373544358
"FXYD7",0.000426647162796367,0.00163588030809079,0.00103126373544358
"TOMM40",0.00158468946181508,0.000477131756526481,0.00103091060917078
"NBL1",0.00158468946181508,0.000477131756526481,0.00103091060917078
"GTF2IP4",0.00158468946181508,0.000477131756526481,0.00103091060917078
"SSH3",0.00103614310964832,0.00102242519255674,0.00102928415110253
"TGFB2",0.000548546352166758,0.00149955694908323,0.00102405165062499
"WFS1",0.000548546352166758,0.00149955694908323,0.00102405165062499
"KIF17",0.00170658865118547,0.000340808397518915,0.00102369852435219
"ENSG00000286657.1",0,0.00204485038511349,0.00102242519255674
"COL28A1",0,0.00204485038511349,0.00102242519255674
"MINAR1",0,0.00204485038511349,0.00102242519255674
"ALS2",0,0.00204485038511349,0.00102242519255674
"NRN1",0,0.00204485038511349,0.00102242519255674
"HSD3B7",0.00115804229901871,0.000886101833549179,0.00102207206628395
"ACVR2A",0.000609495946851953,0.00143139526957944,0.0010204456082157
"BCAP29",0.00176753824587066,0.000272646718015132,0.0010200924819429
"TUBA1A",0.00121899189370391,0.000817940154045396,0.00101846602387465
"CAMK2N1",0.00121899189370391,0.000817940154045396,0.00101846602387465
"MT-ATP8",0.000670445541537149,0.00136323359007566,0.0010168395658064
"CLCN5",0.000670445541537149,0.00136323359007566,0.0010168395658064
"ENSG00000250105.1",0.00182848784055586,0.000204485038511349,0.0010164864395336
"DSTYK",0.00182848784055586,0.000204485038511349,0.0010164864395336
"SMIM10L2A",0.000121899189370391,0.00190852702610592,0.00101521310773816
"CERT1",0.0012799414883891,0.000749778474541613,0.00101485998146536
"ZC3H4",0.0012799414883891,0.000749778474541613,0.00101485998146536
"CELSR3",0.0012799414883891,0.000749778474541613,0.00101485998146536
"IBA57",0.000731395136222344,0.00129507191057188,0.00101323352339711
"ISCA2",0.000731395136222344,0.00129507191057188,0.00101323352339711
"ADAMTS19",0.000731395136222344,0.00129507191057188,0.00101323352339711
"SMAP2",0.000731395136222344,0.00129507191057188,0.00101323352339711
"KMT2E",0.00140184067775949,0.000613455115534047,0.00100764789664677
"POPDC2",0.00140184067775949,0.000613455115534047,0.00100764789664677
"CHRNA1",0.00140184067775949,0.000613455115534047,0.00100764789664677
"GHRLOS",0.00140184067775949,0.000613455115534047,0.00100764789664677
"LAMC2",0.000853294325592735,0.00115874855156431,0.00100602143857852
"LIME1",0.000853294325592735,0.00115874855156431,0.00100602143857852
"DRD4",0.000853294325592735,0.00115874855156431,0.00100602143857852
"LPE 16:0/0:0",0.00201133662461145,0,0.00100566831230572
"N1,N12-Diacetylspermine",0.00201133662461145,0,0.00100566831230572
"DG 18:1_22:6",0.00201133662461145,0,0.00100566831230572
"ENSG00000288980.1",0.00201133662461145,0,0.00100566831230572
"TMEM245",0.00201133662461145,0,0.00100566831230572
"SLC9A2",0.00091424392027793,0.00109058687206053,0.00100241539616923
"KCNQ5-DT",0.00091424392027793,0.00109058687206053,0.00100241539616923
"RAD50",0.00091424392027793,0.00109058687206053,0.00100241539616923
"SNAI3-AS1",0.00091424392027793,0.00109058687206053,0.00100241539616923
"APBB1",0.00152373986712988,0.000477131756526481,0.00100043581182818
"ENSG00000272909.1",0.000975193514963125,0.00102242519255674,0.000998809353759935
"ENSG00000278737.1",0.000975193514963125,0.00102242519255674,0.000998809353759935
"FNBP1L",0.000975193514963125,0.00102242519255674,0.000998809353759935
"MN1",0.000426647162796367,0.00156771862858701,0.000997182895691688
"MYO1B",0.000426647162796367,0.00156771862858701,0.000997182895691688
"TXNDC12",0.000426647162796367,0.00156771862858701,0.000997182895691688
"TOP3B",0.00164563905650027,0.000340808397518915,0.000993223727009595
"ZSCAN2",0.00109709270433352,0.000886101833549179,0.000991597268941347
"SLC25A18",0.000548546352166758,0.00143139526957944,0.0009899708108731
"KLF5",0.00170658865118547,0.000272646718015132,0.000989617684600301
"POLH",0.00170658865118547,0.000272646718015132,0.000989617684600301
"HOXA11",0.00170658865118547,0.000272646718015132,0.000989617684600301
"SLC6A10P",0.00170658865118547,0.000272646718015132,0.000989617684600301
"MICAL2",0.00170658865118547,0.000272646718015132,0.000989617684600301
"UTP25",0.00170658865118547,0.000272646718015132,0.000989617684600301
"CCDC127",0,0.00197668870560971,0.000988344352804853
"TMEM39B",0,0.00197668870560971,0.000988344352804853
"HOXA3",0.00115804229901871,0.000817940154045396,0.000987991226532054
"PCNT",0.000609495946851953,0.00136323359007566,0.000986364768463806
"DNAJC8",0.000609495946851953,0.00136323359007566,0.000986364768463806
"TRPM7",0.000609495946851953,0.00136323359007566,0.000986364768463806
"MTF1",0.00121899189370391,0.000749778474541613,0.00098438518412276
"SMARCA4",0.00121899189370391,0.000749778474541613,0.00098438518412276
"MGAT4A",0.00121899189370391,0.000749778474541613,0.00098438518412276
"PCBP2",0.00121899189370391,0.000749778474541613,0.00098438518412276
"ENSG00000275178.1",0.000670445541537149,0.00129507191057188,0.000982758726054513
"ENSG00000243302.3",0.000670445541537149,0.00129507191057188,0.000982758726054513
"PHLDA3",0.000670445541537149,0.00129507191057188,0.000982758726054513
"CHD9",0.000121899189370391,0.00184036534660214,0.000981132267986266
"RFX7",0.0012799414883891,0.00068161679503783,0.000980779141713466
"TRIL",0.0012799414883891,0.00068161679503783,0.000980779141713466
"RRP7A",0.000731395136222344,0.00122691023106809,0.000979152683645219
"PLEKHH1",0.000731395136222344,0.00122691023106809,0.000979152683645219
"IL1RAP",0.000731395136222344,0.00122691023106809,0.000979152683645219
"ENSG00000205959.4",0.000731395136222344,0.00122691023106809,0.000979152683645219
"CAMK2G",0.000731395136222344,0.00122691023106809,0.000979152683645219
"SMC2",0.000731395136222344,0.00122691023106809,0.000979152683645219
"ENSG00000286957.1",0.0013408910830743,0.000613455115534047,0.000977173099304172
"RAB9B",0.0013408910830743,0.000613455115534047,0.000977173099304172
"FKBP1A",0.00079234473090754,0.00115874855156431,0.000975546641235925
"LINC00899",0.00079234473090754,0.00115874855156431,0.000975546641235925
"PHF19",0.00195038702992625,0,0.000975193514963125
"ENSG00000259495.3",0.00140184067775949,0.000545293436030264,0.000973567056894878
"PDXP",0.000853294325592735,0.00109058687206053,0.000971940598826631
"S100A13",0.000853294325592735,0.00109058687206053,0.000971940598826631
"WDR82",0.000853294325592735,0.00109058687206053,0.000971940598826631
"STRN3",0.000853294325592735,0.00109058687206053,0.000971940598826631
"HDDC3",0.000853294325592735,0.00109058687206053,0.000971940598826631
"TSPAN33",0.000853294325592735,0.00109058687206053,0.000971940598826631
"PEMT",0.000853294325592735,0.00109058687206053,0.000971940598826631
"DNAJB9",0.000853294325592735,0.00109058687206053,0.000971940598826631
"ARL16",0.000853294325592735,0.00109058687206053,0.000971940598826631
"QRICH1",0.000853294325592735,0.00109058687206053,0.000971940598826631
"ENSG00000279668.3",0.00091424392027793,0.00102242519255674,0.000968334556417337
"OLFML1",0.00091424392027793,0.00102242519255674,0.000968334556417337
"FAM220A",0.000365697568111172,0.00156771862858701,0.00096670809834909
"MFF",0.00152373986712988,0.000408970077022698,0.000966354972076291
"BARD1",0.000975193514963125,0.000954263513052962,0.000964728514008044
"VASP",0.000975193514963125,0.000954263513052962,0.000964728514008044
"TUBA8",0.000975193514963125,0.000954263513052962,0.000964728514008044
"AP5S1",0.000426647162796367,0.00149955694908323,0.000963102055939796
"CEBPZ",0.000426647162796367,0.00149955694908323,0.000963102055939796
"TET1",0.000426647162796367,0.00149955694908323,0.000963102055939796
"NDUFV3",0.00158468946181508,0.000340808397518915,0.000962748929666997
"GEMIN6",0.00103614310964832,0.000886101833549179,0.00096112247159875
"CALML4",0.000487596757481563,0.00143139526957944,0.000959496013530503
"MGME1",0.000487596757481563,0.00143139526957944,0.000959496013530503
"LMAN1",0.000487596757481563,0.00143139526957944,0.000959496013530503
"AGAP4",0.00164563905650027,0.000272646718015132,0.000959142887257703
"ZKSCAN2-DT",0.00109709270433352,0.000817940154045396,0.000957516429189456
"ABCF1",0.00109709270433352,0.000817940154045396,0.000957516429189456
"ENSG00000215068.9",0.00109709270433352,0.000817940154045396,0.000957516429189456
"LAPTM4B",0.00109709270433352,0.000817940154045396,0.000957516429189456
"RUSC2",0.00109709270433352,0.000817940154045396,0.000957516429189456
"TNFRSF25",0.00170658865118547,0.000204485038511349,0.000955536844848409
"PCDH7",0,0.00190852702610592,0.000954263513052962
"ARHGEF18",0,0.00190852702610592,0.000954263513052962
"ZFAT",0.00115804229901871,0.000749778474541613,0.000953910386780162
"SMG1P5",0.000609495946851953,0.00129507191057188,0.000952283928711915
"GPX4",0.000670445541537149,0.00122691023106809,0.000948677886302621
"HEMK1",0.000670445541537149,0.00122691023106809,0.000948677886302621
"PMS2P1",0.000670445541537149,0.00122691023106809,0.000948677886302621
"ENSG00000287077.1",0.000670445541537149,0.00122691023106809,0.000948677886302621
"ABTB2",0.0012799414883891,0.000613455115534047,0.000946698301961575
"SNX17",0.0012799414883891,0.000613455115534047,0.000946698301961575
"KPNA2",0.0012799414883891,0.000613455115534047,0.000946698301961575
"NPAT",0.0012799414883891,0.000613455115534047,0.000946698301961575
"VPS35",0.0012799414883891,0.000613455115534047,0.000946698301961575
"SEPHS1",0.0012799414883891,0.000613455115534047,0.000946698301961575
"FAM3C",0.000731395136222344,0.00115874855156431,0.000945071843893327
"CES2",0.000731395136222344,0.00115874855156431,0.000945071843893327
"MRPL27",0.000731395136222344,0.00115874855156431,0.000945071843893327
"PCBP4",0.000731395136222344,0.00115874855156431,0.000945071843893327
"MKRN1",0.000731395136222344,0.00115874855156431,0.000945071843893327
"RAD51C",0.000731395136222344,0.00115874855156431,0.000945071843893327
"MAU2",0.000731395136222344,0.00115874855156431,0.000945071843893327
"TRAK2",0.0013408910830743,0.000545293436030264,0.000943092259552281
"DNAJC27",0.0013408910830743,0.000545293436030264,0.000943092259552281
"FANCE",0.0013408910830743,0.000545293436030264,0.000943092259552281
"GCLM",0.00079234473090754,0.00109058687206053,0.000941465801484033
"TRPS1",0.00079234473090754,0.00109058687206053,0.000941465801484033
"SACS",0.00079234473090754,0.00109058687206053,0.000941465801484033
"GIT2",0.00079234473090754,0.00109058687206053,0.000941465801484033
"GPIHBP1",0.000243798378740781,0.00163588030809079,0.000939839343415786
"WASH3P",0.00140184067775949,0.000477131756526481,0.000939486217142987
"APOL2",0.00140184067775949,0.000477131756526481,0.000939486217142987
"PLEKHB2",0.000853294325592735,0.00102242519255674,0.00093785975907474
"MEN1",0.000853294325592735,0.00102242519255674,0.00093785975907474
"ENSG00000228172.5",0.000304747973425977,0.00156771862858701,0.000936233301006493
"RIC3",0.00091424392027793,0.000954263513052962,0.000934253716665446
"PLXNA2",0.00091424392027793,0.000954263513052962,0.000934253716665446
"RPL35A",0.00091424392027793,0.000954263513052962,0.000934253716665446
"ZDHHC1",0.00091424392027793,0.000954263513052962,0.000934253716665446
"ZCWPW1",0.000365697568111172,0.00149955694908323,0.000932627258597199
"TAMM41",0.000975193514963125,0.000886101833549179,0.000930647674256152
"FAIM2",0.000975193514963125,0.000886101833549179,0.000930647674256152
"QKI",0.000975193514963125,0.000886101833549179,0.000930647674256152
"SIX1",0.000426647162796367,0.00143139526957944,0.000929021216187905
"ENSG00000285571.1",0.000426647162796367,0.00143139526957944,0.000929021216187905
"ZBTB38",0.000426647162796367,0.00143139526957944,0.000929021216187905
"CDKN2AIP",0.000426647162796367,0.00143139526957944,0.000929021216187905
"HPS4",0.000426647162796367,0.00143139526957944,0.000929021216187905
"LRRC59",0.000426647162796367,0.00143139526957944,0.000929021216187905
"RAB7B",0.000426647162796367,0.00143139526957944,0.000929021216187905
"BMF",0.00158468946181508,0.000272646718015132,0.000928668089915105
"ARIH1",0.00158468946181508,0.000272646718015132,0.000928668089915105
"HOXA7",0.00103614310964832,0.000817940154045396,0.000927041631846858
"BZW1P2",0.00103614310964832,0.000817940154045396,0.000927041631846858
"AP5Z1",0.000487596757481563,0.00136323359007566,0.000925415173778611
"SACM1L",0.00164563905650027,0.000204485038511349,0.000925062047505812
"IWS1",0.00164563905650027,0.000204485038511349,0.000925062047505812
"INHBB",0.00109709270433352,0.000749778474541613,0.000923435589437565
"ZNF701",0.000548546352166758,0.00129507191057188,0.000921809131369317
"CKS2",0.000548546352166758,0.00129507191057188,0.000921809131369317
"NA-Gly 18:1(9Z)",0,0.00184036534660214,0.00092018267330107
"CNN1",0,0.00184036534660214,0.00092018267330107
"GRWD1",0,0.00184036534660214,0.00092018267330107
"ENSG00000261098.1",0,0.00184036534660214,0.00092018267330107
"PINK1-AS",0,0.00184036534660214,0.00092018267330107
"Oxidized glutathione",0,0.00184036534660214,0.00092018267330107
"MED9",0,0.00184036534660214,0.00092018267330107
"PAPPA",0,0.00184036534660214,0.00092018267330107
"ENSG00000287671.1",0.00115804229901871,0.00068161679503783,0.000919829547028271
"IZUMO4",0.000609495946851953,0.00122691023106809,0.000918203088960024
"LY6G5C",0.000609495946851953,0.00122691023106809,0.000918203088960024
"EXOC5",0.000609495946851953,0.00122691023106809,0.000918203088960024
"MARCHF7",0.00121899189370391,0.000613455115534047,0.000916223504618977
"GBA",0.00121899189370391,0.000613455115534047,0.000916223504618977
"PDGFRA",0.00121899189370391,0.000613455115534047,0.000916223504618977
"PPP4R3A",0.00121899189370391,0.000613455115534047,0.000916223504618977
"SEC31A",0.000670445541537149,0.00115874855156431,0.00091459704655073
"SIX5",0.000670445541537149,0.00115874855156431,0.00091459704655073
"ITGA3",0.000670445541537149,0.00115874855156431,0.00091459704655073
"ZNF787",0.00182848784055586,0,0.00091424392027793
"ENY2",0.00182848784055586,0,0.00091424392027793
"MAN2A1",0.00182848784055586,0,0.00091424392027793
"PDSS1",0.000731395136222344,0.00109058687206053,0.000910991004141436
"SLC1A4",0.000731395136222344,0.00109058687206053,0.000910991004141436
"TLR5",0.000731395136222344,0.00109058687206053,0.000910991004141436
"AKAP7",0.000731395136222344,0.00109058687206053,0.000910991004141436
"CPD",0.000731395136222344,0.00109058687206053,0.000910991004141436
"GOLGA4-AS1",0.000182848784055586,0.00163588030809079,0.000909364546073189
"ENSG00000257176.3",0.00079234473090754,0.00102242519255674,0.000907384961732142
"ZNF43",0.00079234473090754,0.00102242519255674,0.000907384961732142
"EIF1B-AS1",0.00079234473090754,0.00102242519255674,0.000907384961732142
"PLPP6",0.000853294325592735,0.000954263513052962,0.000903778919322848
"RPUSD1",0.000853294325592735,0.000954263513052962,0.000903778919322848
"NUTM2E",0.000853294325592735,0.000954263513052962,0.000903778919322848
"DUSP28",0.000853294325592735,0.000954263513052962,0.000903778919322848
"FRMPD4",0.000853294325592735,0.000954263513052962,0.000903778919322848
"UBA7",0.000304747973425977,0.00149955694908323,0.000902152461254601
"ENSG00000261101.2",0.000304747973425977,0.00149955694908323,0.000902152461254601
"ANKHD1-EIF4EBP3",0.00146279027244469,0.000340808397518915,0.000901799334981802
"TTC21B",0.00146279027244469,0.000340808397518915,0.000901799334981802
"SMTN",0.00091424392027793,0.000886101833549179,0.000900172876913554
"JADE1",0.00091424392027793,0.000886101833549179,0.000900172876913554
"HCFC2",0.00091424392027793,0.000886101833549179,0.000900172876913554
"RAB7A",0.00091424392027793,0.000886101833549179,0.000900172876913554
"NKD1",0.00091424392027793,0.000886101833549179,0.000900172876913554
"BBOF1",0.00091424392027793,0.000886101833549179,0.000900172876913554
"MRPL54",0.000365697568111172,0.00143139526957944,0.000898546418845307
"PPP6C",0.00152373986712988,0.000272646718015132,0.000898193292572508
"ENSG00000232098.3",0.000975193514963125,0.000817940154045396,0.00089656683450426
"ARL13B",0.000975193514963125,0.000817940154045396,0.00089656683450426
"PFDN2",0.000975193514963125,0.000817940154045396,0.00089656683450426
"CIAPIN1",0.000975193514963125,0.000817940154045396,0.00089656683450426
"TOR3A",0.000975193514963125,0.000817940154045396,0.00089656683450426
"WIZ",0.000426647162796367,0.00136323359007566,0.000894940376436013
"OSTM1",0.000426647162796367,0.00136323359007566,0.000894940376436013
"TUFT1",0.000426647162796367,0.00136323359007566,0.000894940376436013
"TAF9",0.000426647162796367,0.00136323359007566,0.000894940376436013
"HES4",0.00158468946181508,0.000204485038511349,0.000894587250163214
"ENSG00000206549.13",0.00103614310964832,0.000749778474541613,0.000892960792094967
"ENSG00000271533.1",0.00109709270433352,0.00068161679503783,0.000889354749685673
"PPFIA3",0.00109709270433352,0.00068161679503783,0.000889354749685673
"PPP1R3B",0.00109709270433352,0.00068161679503783,0.000889354749685673
"ITGB3",0.00109709270433352,0.00068161679503783,0.000889354749685673
"EDEM3",0.000548546352166758,0.00122691023106809,0.000887728291617426
"ENSG00000262877.5",0.000548546352166758,0.00122691023106809,0.000887728291617426
"PI4KA",0.00170658865118547,6.8161679503783e-05,0.000887375165344626
"SARM1",0,0.00177220366709836,0.000886101833549179
"DERL2",0.00115804229901871,0.000613455115534047,0.000885748707276379
"CCT2",0.000609495946851953,0.00115874855156431,0.000884122249208132
"RAMP2-AS1",0.000609495946851953,0.00115874855156431,0.000884122249208132
"ARL8B",0.000609495946851953,0.00115874855156431,0.000884122249208132
"PCSK6",0.00176753824587066,0,0.000883769122935332
"ZNF366",0.00176753824587066,0,0.000883769122935332
"TRIP12",0.00176753824587066,0,0.000883769122935332
"LINC02608",0.00176753824587066,0,0.000883769122935332
"CRYBG3",0.00176753824587066,0,0.000883769122935332
"HERC2P7",0.00121899189370391,0.000545293436030264,0.000882142664867085
"DICER1-AS1",0.000670445541537149,0.00109058687206053,0.000880516206798838
"ENSG00000272462.4",0.000670445541537149,0.00109058687206053,0.000880516206798838
"EBPL",0.000670445541537149,0.00109058687206053,0.000880516206798838
"TRAK1",0.000670445541537149,0.00109058687206053,0.000880516206798838
"SNTA1",0.000670445541537149,0.00109058687206053,0.000880516206798838
"RAC1",0.000670445541537149,0.00109058687206053,0.000880516206798838
"TNPO1",0.000670445541537149,0.00109058687206053,0.000880516206798838
"RFC5",0.000670445541537149,0.00109058687206053,0.000880516206798838
"ENSG00000289196.1",0.000670445541537149,0.00109058687206053,0.000880516206798838
"AXIN2",0.0012799414883891,0.000477131756526481,0.000878536622457792
"CDR2L",0.0012799414883891,0.000477131756526481,0.000878536622457792
"DAZAP2",0.0012799414883891,0.000477131756526481,0.000878536622457792
"UNK",0.000731395136222344,0.00102242519255674,0.000876910164389544
"SLC35A3",0.000731395136222344,0.00102242519255674,0.000876910164389544
"JMJD4",0.000731395136222344,0.00102242519255674,0.000876910164389544
"SNHG17",0.000182848784055586,0.00156771862858701,0.000875283706321297
"TRMT44",0.00079234473090754,0.000954263513052962,0.000873304121980251
"TRPV2",0.00079234473090754,0.000954263513052962,0.000873304121980251
"MT-ND2",0.00079234473090754,0.000954263513052962,0.000873304121980251
"IQCN",0.00079234473090754,0.000954263513052962,0.000873304121980251
"EXOC2",0.00079234473090754,0.000954263513052962,0.000873304121980251
"SECISBP2L",0.00079234473090754,0.000954263513052962,0.000873304121980251
"TOB2",0.00079234473090754,0.000954263513052962,0.000873304121980251
"PPIB",0.00079234473090754,0.000954263513052962,0.000873304121980251
"ENSG00000272316.1",0.00140184067775949,0.000340808397518915,0.000871324537639204
"ZNF418",0.000853294325592735,0.000886101833549179,0.000869698079570957
"CSPG4",0.000304747973425977,0.00143139526957944,0.00086807162150271
"FMNL2",0.00146279027244469,0.000272646718015132,0.00086771849522991
"LAMB3",0.00091424392027793,0.000817940154045396,0.000866092037161663
"AGFG2",0.00091424392027793,0.000817940154045396,0.000866092037161663
"MARCHF8",0.00091424392027793,0.000817940154045396,0.000866092037161663
"RIPOR1",0.00091424392027793,0.000817940154045396,0.000866092037161663
"COPG2",0.00152373986712988,0.000204485038511349,0.000864112452820616
"UBE2Q2",0.000975193514963125,0.000749778474541613,0.000862485994752369
"PPP1R11",0.000975193514963125,0.000749778474541613,0.000862485994752369
"GPRC5C",0.000426647162796367,0.00129507191057188,0.000860859536684122
"VAMP1",0.000426647162796367,0.00129507191057188,0.000860859536684122
"HSF4",0.000426647162796367,0.00129507191057188,0.000860859536684122
"LYRM4-AS1",0.000426647162796367,0.00129507191057188,0.000860859536684122
"NOXA1",0.000426647162796367,0.00129507191057188,0.000860859536684122
"ENSG00000273209.1",0.000426647162796367,0.00129507191057188,0.000860859536684122
"ENSG00000277687.1",0.00158468946181508,0.000136323359007566,0.000860506410411322
"SERPINH1",0.00103614310964832,0.00068161679503783,0.000858879952343075
"SPTBN5",0.000487596757481563,0.00122691023106809,0.000857253494274828
"RASA2",0.000487596757481563,0.00122691023106809,0.000857253494274828
"ADAMTS17",0.000487596757481563,0.00122691023106809,0.000857253494274828
"KHK",0.00164563905650027,6.8161679503783e-05,0.000856900368002029
"ATP6V1B2",0.00109709270433352,0.000613455115534047,0.000855273909933781
"VPS37B",0.00109709270433352,0.000613455115534047,0.000855273909933781
"THOC3",0.00109709270433352,0.000613455115534047,0.000855273909933781
"FBXW8",0.00109709270433352,0.000613455115534047,0.000855273909933781
"RNASEH2B",0.000548546352166758,0.00115874855156431,0.000853647451865534
"ENSG00000274104.1",0.000548546352166758,0.00115874855156431,0.000853647451865534
"MAP4K4",0.000548546352166758,0.00115874855156431,0.000853647451865534
"MT-CO2",0.000548546352166758,0.00115874855156431,0.000853647451865534
"ENSG00000272836.1",0.000548546352166758,0.00115874855156431,0.000853647451865534
"ENSG00000289331.1",0.00170658865118547,0,0.000853294325592735
"CCNT1",0.00170658865118547,0,0.000853294325592735
"PPP1R9B",0.00170658865118547,0,0.000853294325592735
"HDAC10",0.00170658865118547,0,0.000853294325592735
"ENSG00000279232.2",0.00170658865118547,0,0.000853294325592735
"ENSG00000279059.1",0.00170658865118547,0,0.000853294325592735
"PIGW",0,0.00170404198759457,0.000852020993797287
"ZNF521",0,0.00170404198759457,0.000852020993797287
"ZNF846",0,0.00170404198759457,0.000852020993797287
"TG 58:1",0,0.00170404198759457,0.000852020993797287
"ENSG00000287059.1",0.00115804229901871,0.000545293436030264,0.000851667867524488
"PRRT4",0.00115804229901871,0.000545293436030264,0.000851667867524488
"ELOF1",0.00115804229901871,0.000545293436030264,0.000851667867524488
"ENSG00000249679.3",0.00115804229901871,0.000545293436030264,0.000851667867524488
"CASTOR2",0.000609495946851953,0.00109058687206053,0.00085004140945624
"ADAR",0.000609495946851953,0.00109058687206053,0.00085004140945624
"CACNG8",0.000609495946851953,0.00109058687206053,0.00085004140945624
"DNMT3A",0.000609495946851953,0.00109058687206053,0.00085004140945624
"JMJD1C",0.000609495946851953,0.00109058687206053,0.00085004140945624
"RPGR",0.00121899189370391,0.000477131756526481,0.000848061825115194
"HDAC9",0.00121899189370391,0.000477131756526481,0.000848061825115194
"ADO",0.00121899189370391,0.000477131756526481,0.000848061825115194
"GPR146",0.00121899189370391,0.000477131756526481,0.000848061825115194
"PEX1",0.000670445541537149,0.00102242519255674,0.000846435367046947
"BHLHB9",0.000670445541537149,0.00102242519255674,0.000846435367046947
"KANSL3",0.000670445541537149,0.00102242519255674,0.000846435367046947
"NUP214",0.0012799414883891,0.000408970077022698,0.0008444557827059
"OAS3",0.0012799414883891,0.000408970077022698,0.0008444557827059
"ACTR3",0.000731395136222344,0.000954263513052962,0.000842829324637653
"SRGAP3",0.000731395136222344,0.000954263513052962,0.000842829324637653
"UBLCP1",0.000731395136222344,0.000954263513052962,0.000842829324637653
"LAMC3",0.000731395136222344,0.000954263513052962,0.000842829324637653
"DEXI",0.000731395136222344,0.000954263513052962,0.000842829324637653
"MCRIP2",0.000731395136222344,0.000954263513052962,0.000842829324637653
"SLC48A1",0.000731395136222344,0.000954263513052962,0.000842829324637653
"CILK1",0.000731395136222344,0.000954263513052962,0.000842829324637653
"EID2B",0.000731395136222344,0.000954263513052962,0.000842829324637653
"PBDC1",0.000182848784055586,0.00149955694908323,0.000841202866569406
"OGFOD1",0.0013408910830743,0.000340808397518915,0.000840849740296606
"BLCAP",0.00079234473090754,0.000886101833549179,0.000839223282228359
"SLC25A35",0.00079234473090754,0.000886101833549179,0.000839223282228359
"WDR89",0.00079234473090754,0.000886101833549179,0.000839223282228359
"FAM13B",0.000243798378740781,0.00143139526957944,0.000837596824160112
"FBXL4",0.00140184067775949,0.000272646718015132,0.000837243697887312
"SCGB2B2",0.000853294325592735,0.000817940154045396,0.000835617239819065
"ADGRG1",0.000853294325592735,0.000817940154045396,0.000835617239819065
"DBNL",0.000853294325592735,0.000817940154045396,0.000835617239819065
"COLGALT1",0.000853294325592735,0.000817940154045396,0.000835617239819065
"PRR13",0.000853294325592735,0.000817940154045396,0.000835617239819065
"MFSD12",0.000853294325592735,0.000817940154045396,0.000835617239819065
"ENSG00000288884.1",0.000853294325592735,0.000817940154045396,0.000835617239819065
"LTB4R2",0.000853294325592735,0.000817940154045396,0.000835617239819065
"MORC3",0.000304747973425977,0.00136323359007566,0.000833990781750818
"OXNAD1",0.000304747973425977,0.00136323359007566,0.000833990781750818
"HOXC8",0.00146279027244469,0.000204485038511349,0.000833637655478019
"PRR33",0.00091424392027793,0.000749778474541613,0.000832011197409771
"XRN1",0.00091424392027793,0.000749778474541613,0.000832011197409771
"ENSG00000289046.1",0.00091424392027793,0.000749778474541613,0.000832011197409771
"CLIP4",0.00091424392027793,0.000749778474541613,0.000832011197409771
"ARSG",0.00091424392027793,0.000749778474541613,0.000832011197409771
"BTF3",0.000365697568111172,0.00129507191057188,0.000830384739341524
"FRAT1",0.000365697568111172,0.00129507191057188,0.000830384739341524
"KDM2A",0.00152373986712988,0.000136323359007566,0.000830031613068725
"ECT2",0.00152373986712988,0.000136323359007566,0.000830031613068725
"SERP1",0.000426647162796367,0.00122691023106809,0.00082677869693223
"ATL3",0.000426647162796367,0.00122691023106809,0.00082677869693223
"LINC00689",0.000426647162796367,0.00122691023106809,0.00082677869693223
"ABHD6",0.000426647162796367,0.00122691023106809,0.00082677869693223
"TMEM68",0.000426647162796367,0.00122691023106809,0.00082677869693223
"TTC12",0.000426647162796367,0.00122691023106809,0.00082677869693223
"ENSG00000288656.1",0.000426647162796367,0.00122691023106809,0.00082677869693223
"PPP2CB",0.00103614310964832,0.000613455115534047,0.000824799112591184
"NUDT12",0.000487596757481563,0.00115874855156431,0.000823172654522937
"ASB15",0.000487596757481563,0.00115874855156431,0.000823172654522937
"ANP32A",0.00164563905650027,0,0.000822819528250137
"TFB1M",0.00164563905650027,0,0.000822819528250137
"INF2",0.00109709270433352,0.000545293436030264,0.00082119307018189
"CAMSAP1",0.00109709270433352,0.000545293436030264,0.00082119307018189
"CASC3",0.00109709270433352,0.000545293436030264,0.00082119307018189
"HAUS3",0.000548546352166758,0.00109058687206053,0.000819566612113643
"LINC00235",0.000548546352166758,0.00109058687206053,0.000819566612113643
"SLC35F6",0.000548546352166758,0.00109058687206053,0.000819566612113643
"USP22",0.000548546352166758,0.00109058687206053,0.000819566612113643
"KPNA1",0.000548546352166758,0.00109058687206053,0.000819566612113643
"TXNDC16",0.000548546352166758,0.00109058687206053,0.000819566612113643
"NAIP",0.000548546352166758,0.00109058687206053,0.000819566612113643
"CEP19",0.000548546352166758,0.00109058687206053,0.000819566612113643
"CNBD2",0.000548546352166758,0.00109058687206053,0.000819566612113643
"TMOD4",0.000548546352166758,0.00109058687206053,0.000819566612113643
"ALKBH3",0,0.00163588030809079,0.000817940154045396
"DDIT4",0.00115804229901871,0.000477131756526481,0.000817587027772596
"FAM13C",0.00115804229901871,0.000477131756526481,0.000817587027772596
"PNRC1",0.00115804229901871,0.000477131756526481,0.000817587027772596
"NAMPT",0.000609495946851953,0.00102242519255674,0.000815960569704349
"ZC3HC1",0.000609495946851953,0.00102242519255674,0.000815960569704349
"PIEZO1",0.000670445541537149,0.000954263513052962,0.000812354527295055
"SETMAR",0.000670445541537149,0.000954263513052962,0.000812354527295055
"ZCCHC24",0.000670445541537149,0.000954263513052962,0.000812354527295055
"CITED2",0.000670445541537149,0.000954263513052962,0.000812354527295055
"APCDD1",0.000670445541537149,0.000954263513052962,0.000812354527295055
"RAI1",0.000670445541537149,0.000954263513052962,0.000812354527295055
"FAM117B",0.0012799414883891,0.000340808397518915,0.000810374942954009
"ADAMTSL5",0.000731395136222344,0.000886101833549179,0.000808748484885761
"CCDC137",0.000731395136222344,0.000886101833549179,0.000808748484885761
"LETM1",0.000731395136222344,0.000886101833549179,0.000808748484885761
"SERINC2",0.000731395136222344,0.000886101833549179,0.000808748484885761
"TACO1",0.000731395136222344,0.000886101833549179,0.000808748484885761
"MFN2",0.000731395136222344,0.000886101833549179,0.000808748484885761
"P2RX5",0.000731395136222344,0.000886101833549179,0.000808748484885761
"MYO7B",0.000182848784055586,0.00143139526957944,0.000807122026817514
"DHX33",0.0013408910830743,0.000272646718015132,0.000806768900544715
"NIPA1",0.0013408910830743,0.000272646718015132,0.000806768900544715
"WEE2-AS1",0.0013408910830743,0.000272646718015132,0.000806768900544715
"PCNA",0.00079234473090754,0.000817940154045396,0.000805142442476468
"ASRGL1",0.00079234473090754,0.000817940154045396,0.000805142442476468
"ENSG00000276449.1",0.00079234473090754,0.000817940154045396,0.000805142442476468
"RNF26",0.00079234473090754,0.000817940154045396,0.000805142442476468
"ADORA1",0.00079234473090754,0.000817940154045396,0.000805142442476468
"ORAI3",0.00079234473090754,0.000817940154045396,0.000805142442476468
"PGBD2",0.00079234473090754,0.000817940154045396,0.000805142442476468
"APC",0.00140184067775949,0.000204485038511349,0.000803162858135421
"NAA35",0.000853294325592735,0.000749778474541613,0.000801536400067174
"DICER1",0.000853294325592735,0.000749778474541613,0.000801536400067174
"IKZF5",0.000853294325592735,0.000749778474541613,0.000801536400067174
"LINC02210",0.000853294325592735,0.000749778474541613,0.000801536400067174
"MAMSTR",0.000853294325592735,0.000749778474541613,0.000801536400067174
"BCLAF3",0.000853294325592735,0.000749778474541613,0.000801536400067174
"TAOK2",0.000853294325592735,0.000749778474541613,0.000801536400067174
"APH1B",0.000853294325592735,0.000749778474541613,0.000801536400067174
"EFHC1",0.000853294325592735,0.000749778474541613,0.000801536400067174
"PSME3IP1",0.000853294325592735,0.000749778474541613,0.000801536400067174
"ZFTA",0.000304747973425977,0.00129507191057188,0.000799909941998927
"CDK13",0.000304747973425977,0.00129507191057188,0.000799909941998927
"RBM18",0.00091424392027793,0.00068161679503783,0.00079793035765788
"ZFAND2A-DT",0.00091424392027793,0.00068161679503783,0.00079793035765788
"PGAP4",0.00091424392027793,0.00068161679503783,0.00079793035765788
"TLCD5",0.000365697568111172,0.00122691023106809,0.000796303899589633
"NFATC2",0.000365697568111172,0.00122691023106809,0.000796303899589633
"ENSG00000266993.3",0.000365697568111172,0.00122691023106809,0.000796303899589633
"SOCS4",0.00152373986712988,6.8161679503783e-05,0.000795950773316833
"RAMAC",0.00152373986712988,6.8161679503783e-05,0.000795950773316833
"B3GALT6",0.000975193514963125,0.000613455115534047,0.000794324315248586
"PTP4A3",0.000975193514963125,0.000613455115534047,0.000794324315248586
"WASH5P",0.000426647162796367,0.00115874855156431,0.000792697857180339
"DHX30",0.000426647162796367,0.00115874855156431,0.000792697857180339
"ENSG00000270060.1",0.000426647162796367,0.00115874855156431,0.000792697857180339
"FAM43A",0.000426647162796367,0.00115874855156431,0.000792697857180339
"URB1",0.000426647162796367,0.00115874855156431,0.000792697857180339
"DDX39A",0.000426647162796367,0.00115874855156431,0.000792697857180339
"RRP12",0.000426647162796367,0.00115874855156431,0.000792697857180339
"EIF3B",0.000426647162796367,0.00115874855156431,0.000792697857180339
"ENO1",0.000426647162796367,0.00115874855156431,0.000792697857180339
"FEM1B",0.00158468946181508,0,0.00079234473090754
"NEDD4L",0.00158468946181508,0,0.00079234473090754
"SMIM29",0.00158468946181508,0,0.00079234473090754
"COA6",0.00158468946181508,0,0.00079234473090754
"SCHIP1",0.00158468946181508,0,0.00079234473090754
"TVP23B",0.00158468946181508,0,0.00079234473090754
"SLC7A8",0.00158468946181508,0,0.00079234473090754
"ZNF568",0.00158468946181508,0,0.00079234473090754
"ERGIC1",0.000487596757481563,0.00109058687206053,0.000789091814771045
"ATG9A",0.000487596757481563,0.00109058687206053,0.000789091814771045
"IL13RA1",0.000487596757481563,0.00109058687206053,0.000789091814771045
"POLA1",0.000487596757481563,0.00109058687206053,0.000789091814771045
"CDKAL1",0.000487596757481563,0.00109058687206053,0.000789091814771045
"SEL1L",0.000487596757481563,0.00109058687206053,0.000789091814771045
"FKBPL",0.000487596757481563,0.00109058687206053,0.000789091814771045
"ANKRD34A",0.00109709270433352,0.000477131756526481,0.000787112230429999
"ADH5",0.00109709270433352,0.000477131756526481,0.000787112230429999
"GALNT12",0.000548546352166758,0.00102242519255674,0.000785485772361751
"THBS1",0,0.00156771862858701,0.000783859314293504
"WASF2",0,0.00156771862858701,0.000783859314293504
"CREBL2",0,0.00156771862858701,0.000783859314293504
"CEP170B",0,0.00156771862858701,0.000783859314293504
"STK17B",0,0.00156771862858701,0.000783859314293504
"LINC00327",0,0.00156771862858701,0.000783859314293504
"DBT",0,0.00156771862858701,0.000783859314293504
"ENSG00000272070.2",0,0.00156771862858701,0.000783859314293504
"ADA",0,0.00156771862858701,0.000783859314293504
"MOB3B",0,0.00156771862858701,0.000783859314293504
"SGSM3",0,0.00156771862858701,0.000783859314293504
"ENSG00000280434.1",0,0.00156771862858701,0.000783859314293504
"MARS2",0,0.00156771862858701,0.000783859314293504
"TANGO2",0,0.00156771862858701,0.000783859314293504
"METTL7B",0,0.00156771862858701,0.000783859314293504
"PAG1",0,0.00156771862858701,0.000783859314293504
"ENSG00000279278.1",0,0.00156771862858701,0.000783859314293504
"RSPH4A",0.00115804229901871,0.000408970077022698,0.000783506188020705
"LRRC8A",0.000609495946851953,0.000954263513052962,0.000781879729952458
"CDC42EP1",0.000609495946851953,0.000954263513052962,0.000781879729952458
"CREB3L2",0.000609495946851953,0.000954263513052962,0.000781879729952458
"TWF1",0.000609495946851953,0.000954263513052962,0.000781879729952458
"FJX1",0.000609495946851953,0.000954263513052962,0.000781879729952458
"TMEM145",0.000609495946851953,0.000954263513052962,0.000781879729952458
"AGAP2",0.000609495946851953,0.000954263513052962,0.000781879729952458
"MRPS23",0.00121899189370391,0.000340808397518915,0.000779900145611411
"HARS1",0.00121899189370391,0.000340808397518915,0.000779900145611411
"LSM11",0.00121899189370391,0.000340808397518915,0.000779900145611411
"TIRAP",0.00121899189370391,0.000340808397518915,0.000779900145611411
"SKP2",0.00121899189370391,0.000340808397518915,0.000779900145611411
"ING4",0.00121899189370391,0.000340808397518915,0.000779900145611411
"AP1S1",0.00121899189370391,0.000340808397518915,0.000779900145611411
"FNDC3A",0.000670445541537149,0.000886101833549179,0.000778273687543164
"NRAP",0.000670445541537149,0.000886101833549179,0.000778273687543164
"OARD1",0.000670445541537149,0.000886101833549179,0.000778273687543164
"KIAA1614",0.000670445541537149,0.000886101833549179,0.000778273687543164
"ENSG00000267724.1",0.000121899189370391,0.00143139526957944,0.000776647229474916
"TRIM39",0.000121899189370391,0.00143139526957944,0.000776647229474916
"C16orf87",0.0012799414883891,0.000272646718015132,0.000776294103202117
"ENSG00000285774.4",0.0012799414883891,0.000272646718015132,0.000776294103202117
"GATD1",0.0012799414883891,0.000272646718015132,0.000776294103202117
"ICOSLG",0.0012799414883891,0.000272646718015132,0.000776294103202117
"NOTCH2",0.0012799414883891,0.000272646718015132,0.000776294103202117
"SLC25A13",0.0012799414883891,0.000272646718015132,0.000776294103202117
"CXorf38",0.0012799414883891,0.000272646718015132,0.000776294103202117
"PRDM11",0.0012799414883891,0.000272646718015132,0.000776294103202117
"ITSN1",0.000731395136222344,0.000817940154045396,0.00077466764513387
"CTSB",0.000731395136222344,0.000817940154045396,0.00077466764513387
"AP1M1",0.000731395136222344,0.000817940154045396,0.00077466764513387
"SLC9A6",0.000731395136222344,0.000817940154045396,0.00077466764513387
"BOC",0.000731395136222344,0.000817940154045396,0.00077466764513387
"ENSG00000231881.2",0.000182848784055586,0.00136323359007566,0.000773041187065623
"MPHOSPH8",0.0013408910830743,0.000204485038511349,0.000772688060792823
"KPNA3",0.0013408910830743,0.000204485038511349,0.000772688060792823
"DTX3L",0.00079234473090754,0.000749778474541613,0.000771061602724576
"ZNF23",0.00079234473090754,0.000749778474541613,0.000771061602724576
"CDC20P1",0.00079234473090754,0.000749778474541613,0.000771061602724576
"FAM185A",0.00079234473090754,0.000749778474541613,0.000771061602724576
"EIF1B",0.000243798378740781,0.00129507191057188,0.000769435144656329
"TRAM2-AS1",0.00140184067775949,0.000136323359007566,0.000769082018383529
"PHF3",0.00140184067775949,0.000136323359007566,0.000769082018383529
"ZNF680",0.000853294325592735,0.00068161679503783,0.000767455560315282
"ENSG00000288752.1",0.000304747973425977,0.00122691023106809,0.000765829102247035
"NEURL1",0.000304747973425977,0.00122691023106809,0.000765829102247035
"CCDC77",0.000304747973425977,0.00122691023106809,0.000765829102247035
"SELENOH",0.00091424392027793,0.000613455115534047,0.000763849517905989
"ERCC2",0.00091424392027793,0.000613455115534047,0.000763849517905989
"NORAD",0.00091424392027793,0.000613455115534047,0.000763849517905989
"GANC",0.00091424392027793,0.000613455115534047,0.000763849517905989
"PARP1",0.00091424392027793,0.000613455115534047,0.000763849517905989
"MGRN1",0.00091424392027793,0.000613455115534047,0.000763849517905989
"FSD2",0.00091424392027793,0.000613455115534047,0.000763849517905989
"UBE2O",0.00091424392027793,0.000613455115534047,0.000763849517905989
"USP20",0.00091424392027793,0.000613455115534047,0.000763849517905989
"CRPPA",0.00091424392027793,0.000613455115534047,0.000763849517905989
"MAP4K3-DT",0.00091424392027793,0.000613455115534047,0.000763849517905989
"MAEA",0.000365697568111172,0.00115874855156431,0.000762223059837741
"p-Methylhippuric acid",0.00152373986712988,0,0.000761869933564942
"Methylimidazoleacetic acid",0.00152373986712988,0,0.000761869933564942
"HexCer 18:1;O2/16:0",0.00152373986712988,0,0.000761869933564942
"SM 30:1;O2",0.00152373986712988,0,0.000761869933564942
"DBNDD2",0.00152373986712988,0,0.000761869933564942
"TBC1D1",0.00152373986712988,0,0.000761869933564942
"LINCMD1",0.00152373986712988,0,0.000761869933564942
"GPATCH11",0.00152373986712988,0,0.000761869933564942
"SLC4A11",0.00152373986712988,0,0.000761869933564942
"COPG1",0.000975193514963125,0.000545293436030264,0.000760243475496695
"WDR55",0.000975193514963125,0.000545293436030264,0.000760243475496695
"COQ8A",0.000975193514963125,0.000545293436030264,0.000760243475496695
"ENSG00000288531.1",0.000975193514963125,0.000545293436030264,0.000760243475496695
"RHBDF2",0.000975193514963125,0.000545293436030264,0.000760243475496695
"JCAD",0.000975193514963125,0.000545293436030264,0.000760243475496695
"L2HGDH",0.000426647162796367,0.00109058687206053,0.000758617017428447
"BICD2",0.000426647162796367,0.00109058687206053,0.000758617017428447
"KLHL42",0.000426647162796367,0.00109058687206053,0.000758617017428447
"ZSWIM6",0.000426647162796367,0.00109058687206053,0.000758617017428447
"IFT74",0.000426647162796367,0.00109058687206053,0.000758617017428447
"GAL3ST3",0.000426647162796367,0.00109058687206053,0.000758617017428447
"SPAG7",0.000426647162796367,0.00109058687206053,0.000758617017428447
"ENSG00000287823.1",0.000426647162796367,0.00109058687206053,0.000758617017428447
"ENSG00000278867.1",0.000426647162796367,0.00109058687206053,0.000758617017428447
"KIAA0040",0.000426647162796367,0.00109058687206053,0.000758617017428447
"HSPBAP1",0.000426647162796367,0.00109058687206053,0.000758617017428447
"SLC16A12",0.000426647162796367,0.00109058687206053,0.000758617017428447
"ANKRD1",0.000426647162796367,0.00109058687206053,0.000758617017428447
"KANK1",0.000426647162796367,0.00109058687206053,0.000758617017428447
"GRB10",0.000426647162796367,0.00109058687206053,0.000758617017428447
"MOSPD1",0.000426647162796367,0.00109058687206053,0.000758617017428447
"CTXN3",0.000426647162796367,0.00109058687206053,0.000758617017428447
"ANKRD36B",0.000426647162796367,0.00109058687206053,0.000758617017428447
"ZADH2",0.000426647162796367,0.00109058687206053,0.000758617017428447
"ZC3H11A",0.000426647162796367,0.00109058687206053,0.000758617017428447
"ZC3H11B",0.000426647162796367,0.00109058687206053,0.000758617017428447
"KLC2",0.00103614310964832,0.000477131756526481,0.000756637433087401
"TRAF4",0.00103614310964832,0.000477131756526481,0.000756637433087401
"HNRNPR",0.00103614310964832,0.000477131756526481,0.000756637433087401
"ATG14",0.00103614310964832,0.000477131756526481,0.000756637433087401
"ENSG00000279289.1",0.00103614310964832,0.000477131756526481,0.000756637433087401
"AFDN",0.00103614310964832,0.000477131756526481,0.000756637433087401
"CEP57L1",0.000487596757481563,0.00102242519255674,0.000755010975019154
"CCP110",0.000487596757481563,0.00102242519255674,0.000755010975019154
"AQP7",0.00109709270433352,0.000408970077022698,0.000753031390678107
"ACACB",0.00109709270433352,0.000408970077022698,0.000753031390678107
"TMIE",0.000548546352166758,0.000954263513052962,0.00075140493260986
"NRP1",0.000548546352166758,0.000954263513052962,0.00075140493260986
"ZNF77",0.000548546352166758,0.000954263513052962,0.00075140493260986
"CDAN1",0.000548546352166758,0.000954263513052962,0.00075140493260986
"ERO1A",0,0.00149955694908323,0.000749778474541613
"PTK2",0,0.00149955694908323,0.000749778474541613
"CRISPLD2",0,0.00149955694908323,0.000749778474541613
"SNUPN",0,0.00149955694908323,0.000749778474541613
"ATG10",0,0.00149955694908323,0.000749778474541613
"RIOK3",0,0.00149955694908323,0.000749778474541613
"PRELID3B",0,0.00149955694908323,0.000749778474541613
"DNAJC12",0,0.00149955694908323,0.000749778474541613
"SMYD4",0,0.00149955694908323,0.000749778474541613
"SLC35F5",0,0.00149955694908323,0.000749778474541613
"FGF6",0,0.00149955694908323,0.000749778474541613
"STK19",0,0.00149955694908323,0.000749778474541613
"WDR90",0,0.00149955694908323,0.000749778474541613
"SLCO2B1",0,0.00149955694908323,0.000749778474541613
"RELCH",0,0.00149955694908323,0.000749778474541613
"LAMA3",0,0.00149955694908323,0.000749778474541613
"CEROX1",0,0.00149955694908323,0.000749778474541613
"CCDC142",0.00115804229901871,0.000340808397518915,0.000749425348268813
"TPMT",0.00115804229901871,0.000340808397518915,0.000749425348268813
"CALM1",0.00115804229901871,0.000340808397518915,0.000749425348268813
"PPHLN1",0.00115804229901871,0.000340808397518915,0.000749425348268813
"CYP3A5",0.00115804229901871,0.000340808397518915,0.000749425348268813
"BCO2",0.000609495946851953,0.000886101833549179,0.000747798890200566
"USP13",0.000609495946851953,0.000886101833549179,0.000747798890200566
"PPFIBP1",0.000609495946851953,0.000886101833549179,0.000747798890200566
"MBLAC2",0.00121899189370391,0.000272646718015132,0.000745819305859519
"NNMT",0.00121899189370391,0.000272646718015132,0.000745819305859519
"ENSG00000269903.1",0.00121899189370391,0.000272646718015132,0.000745819305859519
"PCNP",0.00121899189370391,0.000272646718015132,0.000745819305859519
"IFI16",0.00121899189370391,0.000272646718015132,0.000745819305859519
"CARS2",0.000670445541537149,0.000817940154045396,0.000744192847791272
"ZBTB11-AS1",0.000670445541537149,0.000817940154045396,0.000744192847791272
"SPSB2",0.000670445541537149,0.000817940154045396,0.000744192847791272
"CSTB",0.000670445541537149,0.000817940154045396,0.000744192847791272
"MAP2K3",0.000670445541537149,0.000817940154045396,0.000744192847791272
"INPP5D",0.000670445541537149,0.000817940154045396,0.000744192847791272
"RNASE1",0.000670445541537149,0.000817940154045396,0.000744192847791272
"TXNRD2",0.000731395136222344,0.000749778474541613,0.000740586805381978
"SSR1",0.000731395136222344,0.000749778474541613,0.000740586805381978
"TRAF7",0.000731395136222344,0.000749778474541613,0.000740586805381978
"ALDH1L1-AS2",0.000731395136222344,0.000749778474541613,0.000740586805381978
"SEMA4A",0.000731395136222344,0.000749778474541613,0.000740586805381978
"VPS37C",0.000731395136222344,0.000749778474541613,0.000740586805381978
"SLC2A11",0.000731395136222344,0.000749778474541613,0.000740586805381978
"SCLY",0.000731395136222344,0.000749778474541613,0.000740586805381978
"DDA1",0.000731395136222344,0.000749778474541613,0.000740586805381978
"YKT6",0.000731395136222344,0.000749778474541613,0.000740586805381978
"TP53BP1",0.000731395136222344,0.000749778474541613,0.000740586805381978
"EBF3",0.000731395136222344,0.000749778474541613,0.000740586805381978
"DNASE1L1",0.000731395136222344,0.000749778474541613,0.000740586805381978
"SOCS7",0.000182848784055586,0.00129507191057188,0.000738960347313731
"YIPF3",0.0013408910830743,0.000136323359007566,0.000738607221040932
"GOSR1",0.00079234473090754,0.00068161679503783,0.000736980762972685
"TMEM268",0.00079234473090754,0.00068161679503783,0.000736980762972685
"SLC10A3",0.000243798378740781,0.00122691023106809,0.000735354304904437
"TAP1",0.000243798378740781,0.00122691023106809,0.000735354304904437
"CCT8",0.00140184067775949,6.8161679503783e-05,0.000735001178631638
"DYRK3",0.00140184067775949,6.8161679503783e-05,0.000735001178631638
"CCDC117",0.000853294325592735,0.000613455115534047,0.000733374720563391
"PIK3R1",0.000853294325592735,0.000613455115534047,0.000733374720563391
"HAUS4",0.000853294325592735,0.000613455115534047,0.000733374720563391
"SAR1A",0.000853294325592735,0.000613455115534047,0.000733374720563391
"RNFT1-DT",0.000853294325592735,0.000613455115534047,0.000733374720563391
"ZNF431",0.000853294325592735,0.000613455115534047,0.000733374720563391
"CCDC14",0.000853294325592735,0.000613455115534047,0.000733374720563391
"GLYR1",0.000304747973425977,0.00115874855156431,0.000731748262495144
"HDAC1",0.00146279027244469,0,0.000731395136222344
"ABCF2",0.00146279027244469,0,0.000731395136222344
"TMEM170B",0.00146279027244469,0,0.000731395136222344
"SGK1",0.00146279027244469,0,0.000731395136222344
"LRRFIP1",0.00146279027244469,0,0.000731395136222344
"P2RY1",0.00146279027244469,0,0.000731395136222344
"KLHL9",0.00146279027244469,0,0.000731395136222344
"ENSG00000232533.2",0.00146279027244469,0,0.000731395136222344
"FTLP3",0.00091424392027793,0.000545293436030264,0.000729768678154097
"CCDC106",0.00091424392027793,0.000545293436030264,0.000729768678154097
"COPA",0.00091424392027793,0.000545293436030264,0.000729768678154097
"ENSG00000276728.1",0.00091424392027793,0.000545293436030264,0.000729768678154097
"ENSG00000274265.5",0.000365697568111172,0.00109058687206053,0.00072814222008585
"SAMD9",0.000365697568111172,0.00109058687206053,0.00072814222008585
"ZNF292",0.000975193514963125,0.000477131756526481,0.000726162635744803
"ENSG00000287592.1",0.000975193514963125,0.000477131756526481,0.000726162635744803
"EI24",0.000975193514963125,0.000477131756526481,0.000726162635744803
"ENSG00000273015.2",0.000975193514963125,0.000477131756526481,0.000726162635744803
"PTBP2",0.000975193514963125,0.000477131756526481,0.000726162635744803
"ARHGEF4",0.000426647162796367,0.00102242519255674,0.000724536177676556
"CACNG6",0.000426647162796367,0.00102242519255674,0.000724536177676556
"RIF1",0.000426647162796367,0.00102242519255674,0.000724536177676556
"PLS3",0.000426647162796367,0.00102242519255674,0.000724536177676556
"SPIN3",0.000426647162796367,0.00102242519255674,0.000724536177676556
"ZIC1",0.000426647162796367,0.00102242519255674,0.000724536177676556
"IMPA2",0.00103614310964832,0.000408970077022698,0.000722556593335509
"ZNF25",0.000487596757481563,0.000954263513052962,0.000720930135267262
"PPP2R5C",0.000487596757481563,0.000954263513052962,0.000720930135267262
"CPEB3",0.00109709270433352,0.000340808397518915,0.000718950550926216
"NPIPA7",0.00109709270433352,0.000340808397518915,0.000718950550926216
"DTX2P1-UPK3BP1-PMS2P11",0.00109709270433352,0.000340808397518915,0.000718950550926216
"C2CD2L",0.000548546352166758,0.000886101833549179,0.000717324092857968
"GAREM1",0.000548546352166758,0.000886101833549179,0.000717324092857968
"ENSG00000280614.1",0.000548546352166758,0.000886101833549179,0.000717324092857968
"FAM161B",0.000548546352166758,0.000886101833549179,0.000717324092857968
"CYRIB",0.000548546352166758,0.000886101833549179,0.000717324092857968
"FAM174C",0.000548546352166758,0.000886101833549179,0.000717324092857968
"RFLNB",0,0.00143139526957944,0.000715697634789721
"TGFB1I1",0,0.00143139526957944,0.000715697634789721
"KDM3A",0,0.00143139526957944,0.000715697634789721
"SEH1L",0,0.00143139526957944,0.000715697634789721
"LASP1",0,0.00143139526957944,0.000715697634789721
"PRKAR1A",0,0.00143139526957944,0.000715697634789721
"ATP6V0E1",0,0.00143139526957944,0.000715697634789721
"MRPL2",0,0.00143139526957944,0.000715697634789721
"EIF4ENIF1",0,0.00143139526957944,0.000715697634789721
"MIR4435-2HG",0,0.00143139526957944,0.000715697634789721
"RRP1",0,0.00143139526957944,0.000715697634789721
"SLC6A8",0,0.00143139526957944,0.000715697634789721
"RIOK1",0,0.00143139526957944,0.000715697634789721
"CTTN",0,0.00143139526957944,0.000715697634789721
"TADA2A",0,0.00143139526957944,0.000715697634789721
"PCMTD1",0,0.00143139526957944,0.000715697634789721
"CEP162",0,0.00143139526957944,0.000715697634789721
"PRR12",0,0.00143139526957944,0.000715697634789721
"NSF",0,0.00143139526957944,0.000715697634789721
"MKNK1",0,0.00143139526957944,0.000715697634789721
"LINC01119",0.00115804229901871,0.000272646718015132,0.000715344508516922
"ZNF543",0.00115804229901871,0.000272646718015132,0.000715344508516922
"RASA4DP",6.09495946851953e-05,0.00136323359007566,0.000712091592380427
"PRPS1P2",0.00121899189370391,0.000204485038511349,0.000711738466107628
"CCDC6",0.000670445541537149,0.000749778474541613,0.000710112008039381
"FAM86DP",0.000670445541537149,0.000749778474541613,0.000710112008039381
"PRRC2A",0.000670445541537149,0.000749778474541613,0.000710112008039381
"NOC4L",0.000670445541537149,0.000749778474541613,0.000710112008039381
"NR1I3",0.000670445541537149,0.000749778474541613,0.000710112008039381
"DNA2",0.000670445541537149,0.000749778474541613,0.000710112008039381
"UQCC2",0.000670445541537149,0.000749778474541613,0.000710112008039381
"NPHP4",0.000670445541537149,0.000749778474541613,0.000710112008039381
"LINC01137",0.000670445541537149,0.000749778474541613,0.000710112008039381
"CALM3",0.000670445541537149,0.000749778474541613,0.000710112008039381
"TEP1",0.000670445541537149,0.000749778474541613,0.000710112008039381
"ABTB1",0.000670445541537149,0.000749778474541613,0.000710112008039381
"LINC01409",0.000670445541537149,0.000749778474541613,0.000710112008039381
"ENSG00000285589.1",0.000670445541537149,0.000749778474541613,0.000710112008039381
"SAP130",0.000670445541537149,0.000749778474541613,0.000710112008039381
"ARHGEF28",0.000121899189370391,0.00129507191057188,0.000708485549971134
"CYP4F12",0.000121899189370391,0.00129507191057188,0.000708485549971134
"RORC",0.0012799414883891,0.000136323359007566,0.000708132423698334
"ZSCAN29",0.0012799414883891,0.000136323359007566,0.000708132423698334
"RAB20",0.0012799414883891,0.000136323359007566,0.000708132423698334
"AKT2",0.0012799414883891,0.000136323359007566,0.000708132423698334
"FKBP7",0.0012799414883891,0.000136323359007566,0.000708132423698334
"MRPL16",0.000731395136222344,0.00068161679503783,0.000706505965630087
"ZBED6",0.00079234473090754,0.000613455115534047,0.000702899923220793
"MREG",0.00079234473090754,0.000613455115534047,0.000702899923220793
"PHBP9",0.00079234473090754,0.000613455115534047,0.000702899923220793
"RFX5",0.00079234473090754,0.000613455115534047,0.000702899923220793
"USHBP1",0.00079234473090754,0.000613455115534047,0.000702899923220793
"IL6R-AS1",0.00079234473090754,0.000613455115534047,0.000702899923220793
"CPAMD8",0.000243798378740781,0.00115874855156431,0.000701273465152546
"GAB3",0.000243798378740781,0.00115874855156431,0.000701273465152546
"AP2A2",0.000243798378740781,0.00115874855156431,0.000701273465152546
"TMEM165",0.000243798378740781,0.00115874855156431,0.000701273465152546
"VWA7",0.00140184067775949,0,0.000700920338879746
"RMND1",0.00140184067775949,0,0.000700920338879746
"EIF2B2",0.00140184067775949,0,0.000700920338879746
"RASL10B",0.00140184067775949,0,0.000700920338879746
"CAPZA2",0.00140184067775949,0,0.000700920338879746
"RHOBTB3",0.00140184067775949,0,0.000700920338879746
"SMURF2",0.00140184067775949,0,0.000700920338879746
"CACTIN",0.00140184067775949,0,0.000700920338879746
"IKBKB",0.00140184067775949,0,0.000700920338879746
"ENSG00000267904.1",0.00140184067775949,0,0.000700920338879746
"POC1B",0.00140184067775949,0,0.000700920338879746
"Aminobutyric acid",0.00140184067775949,0,0.000700920338879746
"N-Acetylglycine",0.00140184067775949,0,0.000700920338879746
"Tridecylamine",0.00140184067775949,0,0.000700920338879746
"LINC01138",0.00140184067775949,0,0.000700920338879746
"POLG2",0.00140184067775949,0,0.000700920338879746
"FZD1",0.00140184067775949,0,0.000700920338879746
"SPPL2A",0.000853294325592735,0.000545293436030264,0.000699293880811499
"RBM15B",0.000853294325592735,0.000545293436030264,0.000699293880811499
"CHID1",0.000853294325592735,0.000545293436030264,0.000699293880811499
"DNM2",0.000853294325592735,0.000545293436030264,0.000699293880811499
"CLUAP1",0.000853294325592735,0.000545293436030264,0.000699293880811499
"MFNG",0.000853294325592735,0.000545293436030264,0.000699293880811499
"SLC25A34",0.000304747973425977,0.00109058687206053,0.000697667422743252
"ENSG00000289345.1",0.000304747973425977,0.00109058687206053,0.000697667422743252
"ENSG00000232807.2",0.000304747973425977,0.00109058687206053,0.000697667422743252
"SNRNP35",0.00091424392027793,0.000477131756526481,0.000695687838402205
"FGGY-DT",0.00091424392027793,0.000477131756526481,0.000695687838402205
"MOV10",0.000975193514963125,0.000408970077022698,0.000692081795992912
"LIMA1",0.000975193514963125,0.000408970077022698,0.000692081795992912
"AFG3L1P",0.000975193514963125,0.000408970077022698,0.000692081795992912
"ENSG00000269825.2",0.000426647162796367,0.000954263513052962,0.000690455337924665
"SEC24D",0.000426647162796367,0.000954263513052962,0.000690455337924665
"EP300",0.000426647162796367,0.000954263513052962,0.000690455337924665
"EMSY-DT",0.000426647162796367,0.000954263513052962,0.000690455337924665
"CYP11A1",0.000426647162796367,0.000954263513052962,0.000690455337924665
"ATP6V1H",0.000426647162796367,0.000954263513052962,0.000690455337924665
"SPATA7",0.000426647162796367,0.000954263513052962,0.000690455337924665
"TMEM52",0.000426647162796367,0.000954263513052962,0.000690455337924665
"ENSG00000287988.1",0.000426647162796367,0.000954263513052962,0.000690455337924665
"F2R",0.000426647162796367,0.000954263513052962,0.000690455337924665
"TPPP",0.000426647162796367,0.000954263513052962,0.000690455337924665
"DCHS1",0.000426647162796367,0.000954263513052962,0.000690455337924665
"ERCC5",0.000426647162796367,0.000954263513052962,0.000690455337924665
"TDP2",0.000426647162796367,0.000954263513052962,0.000690455337924665
"GBF1",0.000426647162796367,0.000954263513052962,0.000690455337924665
"NAA50",0.00103614310964832,0.000340808397518915,0.000688475753583618
"MPRIP",0.00103614310964832,0.000340808397518915,0.000688475753583618
"SAMD12",0.00103614310964832,0.000340808397518915,0.000688475753583618
"SH3RF2",0.000487596757481563,0.000886101833549179,0.000686849295515371
"MRTFB",0.000487596757481563,0.000886101833549179,0.000686849295515371
"ENSG00000284820.1",0.000487596757481563,0.000886101833549179,0.000686849295515371
"MTHFD2L",0.00109709270433352,0.000272646718015132,0.000684869711174324
"DDR1",0.00109709270433352,0.000272646718015132,0.000684869711174324
"ANKRD33B",0.00109709270433352,0.000272646718015132,0.000684869711174324
"PHF21A",0.00109709270433352,0.000272646718015132,0.000684869711174324
"ENSG00000270426.1",0.000548546352166758,0.000817940154045396,0.000683243253106077
"LRRC2-AS1",0.000548546352166758,0.000817940154045396,0.000683243253106077
"MXD1",0.000548546352166758,0.000817940154045396,0.000683243253106077
"MPV17L2",0.000548546352166758,0.000817940154045396,0.000683243253106077
"GPSM1",0.000548546352166758,0.000817940154045396,0.000683243253106077
"ESYT1",0.000548546352166758,0.000817940154045396,0.000683243253106077
"COLCA2",0.000548546352166758,0.000817940154045396,0.000683243253106077
"AP1G2",0.000548546352166758,0.000817940154045396,0.000683243253106077
"CENPJ",0.000548546352166758,0.000817940154045396,0.000683243253106077
"ARSA",0.000548546352166758,0.000817940154045396,0.000683243253106077
"CYB561",0.000548546352166758,0.000817940154045396,0.000683243253106077
"MTRNR2L12",0,0.00136323359007566,0.00068161679503783
"SNAPC2",0,0.00136323359007566,0.00068161679503783
"TCTN2",0,0.00136323359007566,0.00068161679503783
"TRPV3",0,0.00136323359007566,0.00068161679503783
"RPL7L1",0,0.00136323359007566,0.00068161679503783
"DUSP11",0.00115804229901871,0.000204485038511349,0.00068126366876503
"BCL2L13",0.00115804229901871,0.000204485038511349,0.00068126366876503
"HYKK",0.00115804229901871,0.000204485038511349,0.00068126366876503
"ASB7",0.00115804229901871,0.000204485038511349,0.00068126366876503
"TUBGCP5",0.000609495946851953,0.000749778474541613,0.000679637210696783
"ZNF322",0.000609495946851953,0.000749778474541613,0.000679637210696783
"CELF1",0.000609495946851953,0.000749778474541613,0.000679637210696783
"BDP1",0.000609495946851953,0.000749778474541613,0.000679637210696783
"TSPAN2",0.000609495946851953,0.000749778474541613,0.000679637210696783
"ITCH",0.000609495946851953,0.000749778474541613,0.000679637210696783
"TTPAL",0.000670445541537149,0.00068161679503783,0.000676031168287489
"CDK5",0.000121899189370391,0.00122691023106809,0.000674404710219242
"C1orf112",0.000731395136222344,0.000613455115534047,0.000672425125878195
"TMEM158",0.000731395136222344,0.000613455115534047,0.000672425125878195
"MRPL23",0.000731395136222344,0.000613455115534047,0.000672425125878195
"ZNF81",0.000731395136222344,0.000613455115534047,0.000672425125878195
"ZNF74",0.000731395136222344,0.000613455115534047,0.000672425125878195
"PRKCA",0.000731395136222344,0.000613455115534047,0.000672425125878195
"KIF3A",0.000731395136222344,0.000613455115534047,0.000672425125878195
"SEC22A",0.000731395136222344,0.000613455115534047,0.000672425125878195
"PYROXD1",0.000731395136222344,0.000613455115534047,0.000672425125878195
"NPC2",0.000731395136222344,0.000613455115534047,0.000672425125878195
"OGDH",0.000731395136222344,0.000613455115534047,0.000672425125878195
"CTSA",0.000731395136222344,0.000613455115534047,0.000672425125878195
"MRPS35",0.000731395136222344,0.000613455115534047,0.000672425125878195
"ENSG00000286986.1",0.000731395136222344,0.000613455115534047,0.000672425125878195
"SH2D1B",0.000731395136222344,0.000613455115534047,0.000672425125878195
"GK5",0.000731395136222344,0.000613455115534047,0.000672425125878195
"KIF25",0.000731395136222344,0.000613455115534047,0.000672425125878195
"LMF1",0.000731395136222344,0.000613455115534047,0.000672425125878195
"LIMD1",0.000182848784055586,0.00115874855156431,0.000670798667809948
"TBC1D20",0.0013408910830743,0,0.000670445541537149
"PEX11B",0.0013408910830743,0,0.000670445541537149
"TIPARP",0.0013408910830743,0,0.000670445541537149
"ETV3",0.0013408910830743,0,0.000670445541537149
"RMC1",0.0013408910830743,0,0.000670445541537149
"PRRG1",0.0013408910830743,0,0.000670445541537149
"MAPT",0.0013408910830743,0,0.000670445541537149
"SLC26A9",0.0013408910830743,0,0.000670445541537149
"WDR43",0.0013408910830743,0,0.000670445541537149
"HSPD1",0.0013408910830743,0,0.000670445541537149
"UTP18",0.0013408910830743,0,0.000670445541537149
"FGF7",0.0013408910830743,0,0.000670445541537149
"MB21D2",0.00079234473090754,0.000545293436030264,0.000668819083468902
"CLDND1",0.00079234473090754,0.000545293436030264,0.000668819083468902
"GAPVD1",0.000243798378740781,0.00109058687206053,0.000667192625400654
"UCK2",0.000243798378740781,0.00109058687206053,0.000667192625400654
"CA8",0.000243798378740781,0.00109058687206053,0.000667192625400654
"SLC38A2",0.000243798378740781,0.00109058687206053,0.000667192625400654
"NLK",0.000853294325592735,0.000477131756526481,0.000665213041059608
"SGMS2",0.000853294325592735,0.000477131756526481,0.000665213041059608
"C1orf109",0.000853294325592735,0.000477131756526481,0.000665213041059608
"FNDC3B",0.000853294325592735,0.000477131756526481,0.000665213041059608
"GAA",0.000853294325592735,0.000477131756526481,0.000665213041059608
"RBM24",0.000853294325592735,0.000477131756526481,0.000665213041059608
"ADCY10P1",0.000853294325592735,0.000477131756526481,0.000665213041059608
"PAGR1",0.00091424392027793,0.000408970077022698,0.000661606998650314
"FGF13",0.00091424392027793,0.000408970077022698,0.000661606998650314
"IRF2BPL",0.00091424392027793,0.000408970077022698,0.000661606998650314
"ST8SIA4",0.00091424392027793,0.000408970077022698,0.000661606998650314
"SLC16A3",0.000975193514963125,0.000340808397518915,0.00065800095624102
"DHRS7B",0.000975193514963125,0.000340808397518915,0.00065800095624102
"ZFP64",0.000975193514963125,0.000340808397518915,0.00065800095624102
"ZSCAN22",0.000426647162796367,0.000886101833549179,0.000656374498172773
"CREBRF",0.000426647162796367,0.000886101833549179,0.000656374498172773
"FRMD3",0.000426647162796367,0.000886101833549179,0.000656374498172773
"PCSK4",0.000426647162796367,0.000886101833549179,0.000656374498172773
"GPN3",0.000426647162796367,0.000886101833549179,0.000656374498172773
"FBXO45",0.000426647162796367,0.000886101833549179,0.000656374498172773
"PPFIA4",0.000426647162796367,0.000886101833549179,0.000656374498172773
"KPNA6",0.000426647162796367,0.000886101833549179,0.000656374498172773
"TSSK3",0.000426647162796367,0.000886101833549179,0.000656374498172773
"MYL12-AS1",0.000487596757481563,0.000817940154045396,0.000652768455763479
"ACSM5",0.000487596757481563,0.000817940154045396,0.000652768455763479
"ENSG00000244560.7",0.000487596757481563,0.000817940154045396,0.000652768455763479
"CBL",0.000487596757481563,0.000817940154045396,0.000652768455763479
"ZNF564",0.00109709270433352,0.000204485038511349,0.000650788871422433
"GNAS",0.00109709270433352,0.000204485038511349,0.000650788871422433
"C16orf86",0.00109709270433352,0.000204485038511349,0.000650788871422433
"RPS6KL1",0.000548546352166758,0.000749778474541613,0.000649162413354185
"UAP1L1",0.000548546352166758,0.000749778474541613,0.000649162413354185
"MTHFSD",0.000548546352166758,0.000749778474541613,0.000649162413354185
"NME3",0,0.00129507191057188,0.000647535955285938
"POLR3B",0,0.00129507191057188,0.000647535955285938
"ZSCAN26",0,0.00129507191057188,0.000647535955285938
"KAT14",0,0.00129507191057188,0.000647535955285938
"HSD17B4",0,0.00129507191057188,0.000647535955285938
"NBPF11",0,0.00129507191057188,0.000647535955285938
"ZNF777",0,0.00129507191057188,0.000647535955285938
"AVEN",0,0.00129507191057188,0.000647535955285938
"USP30",0,0.00129507191057188,0.000647535955285938
"HCG18",0,0.00129507191057188,0.000647535955285938
"ENSG00000227896.2",0,0.00129507191057188,0.000647535955285938
"DDIT3",0,0.00129507191057188,0.000647535955285938
"ZNF496",0,0.00129507191057188,0.000647535955285938
"BST2",0,0.00129507191057188,0.000647535955285938
"ENSG00000093100.13",0.00115804229901871,0.000136323359007566,0.000647182829013139
"MYNN",0.00115804229901871,0.000136323359007566,0.000647182829013139
"PSAP",0.00115804229901871,0.000136323359007566,0.000647182829013139
"D2HGDH",0.000609495946851953,0.00068161679503783,0.000645556370944892
"SMIM32",0.000609495946851953,0.00068161679503783,0.000645556370944892
"DEF8",0.000609495946851953,0.00068161679503783,0.000645556370944892
"ITPRID2",0.000609495946851953,0.00068161679503783,0.000645556370944892
"RSAD2",0.000609495946851953,0.00068161679503783,0.000645556370944892
"TBC1D31",0.000609495946851953,0.00068161679503783,0.000645556370944892
"GEMIN4",6.09495946851953e-05,0.00122691023106809,0.000643929912876645
"BCL2L11",6.09495946851953e-05,0.00122691023106809,0.000643929912876645
"ZNF79",6.09495946851953e-05,0.00122691023106809,0.000643929912876645
"COQ4",0.000670445541537149,0.000613455115534047,0.000641950328535598
"CENPN",0.000670445541537149,0.000613455115534047,0.000641950328535598
"TMEM192",0.000670445541537149,0.000613455115534047,0.000641950328535598
"SLC16A1",0.000670445541537149,0.000613455115534047,0.000641950328535598
"RPTOR",0.000670445541537149,0.000613455115534047,0.000641950328535598
"ELMOD3",0.000670445541537149,0.000613455115534047,0.000641950328535598
"RARS1",0.000670445541537149,0.000613455115534047,0.000641950328535598
"COL27A1",0.000670445541537149,0.000613455115534047,0.000641950328535598
"CCDC59",0.000670445541537149,0.000613455115534047,0.000641950328535598
"HS1BP3",0.000670445541537149,0.000613455115534047,0.000641950328535598
"FAM13A",0.000670445541537149,0.000613455115534047,0.000641950328535598
"ENSG00000256028.2",0.000670445541537149,0.000613455115534047,0.000641950328535598
"ELOC",0.000121899189370391,0.00115874855156431,0.000640323870467351
"NUP62",0.000121899189370391,0.00115874855156431,0.000640323870467351
"AP3S2",0.000121899189370391,0.00115874855156431,0.000640323870467351
"DNTTIP2",0.0012799414883891,0,0.000639970744194551
"JPT1",0.0012799414883891,0,0.000639970744194551
"ZNF263",0.0012799414883891,0,0.000639970744194551
"ENSG00000286689.1",0.0012799414883891,0,0.000639970744194551
"LRRC25",0.0012799414883891,0,0.000639970744194551
"HTR7",0.0012799414883891,0,0.000639970744194551
"NPIPP1",0.0012799414883891,0,0.000639970744194551
"KIF2A",0.0012799414883891,0,0.000639970744194551
"ELMO2",0.0012799414883891,0,0.000639970744194551
"PDGFA",0.0012799414883891,0,0.000639970744194551
"ZFYVE1",0.0012799414883891,0,0.000639970744194551
"RGS12",0.0012799414883891,0,0.000639970744194551
"PVALB",0.0012799414883891,0,0.000639970744194551
"IL33",0.0012799414883891,0,0.000639970744194551
"TAGAP-AS1",0.000731395136222344,0.000545293436030264,0.000638344286126304
"ENSG00000260274.1",0.000731395136222344,0.000545293436030264,0.000638344286126304
"PFDN6",0.000731395136222344,0.000545293436030264,0.000638344286126304
"ADAT2",0.000731395136222344,0.000545293436030264,0.000638344286126304
"MTM1",0.000731395136222344,0.000545293436030264,0.000638344286126304
"SYTL3",0.000731395136222344,0.000545293436030264,0.000638344286126304
"ETNPPL",0.000731395136222344,0.000545293436030264,0.000638344286126304
"SPTBN4",0.000731395136222344,0.000545293436030264,0.000638344286126304
"TRIM41",0.000731395136222344,0.000545293436030264,0.000638344286126304
"HMOX2",0.000731395136222344,0.000545293436030264,0.000638344286126304
"TSG101",0.000731395136222344,0.000545293436030264,0.000638344286126304
"SNCB",0.000731395136222344,0.000545293436030264,0.000638344286126304
"IDH3G",0.000731395136222344,0.000545293436030264,0.000638344286126304
"CCDC160",0.000731395136222344,0.000545293436030264,0.000638344286126304
"STN1",0.000731395136222344,0.000545293436030264,0.000638344286126304
"SPDL1",0.000731395136222344,0.000545293436030264,0.000638344286126304
"AXIN1",0.000182848784055586,0.00109058687206053,0.000636717828058057
"GPR137C",0.000182848784055586,0.00109058687206053,0.000636717828058057
"TEX10",0.000182848784055586,0.00109058687206053,0.000636717828058057
"PDE4D",0.000182848784055586,0.00109058687206053,0.000636717828058057
"P2RX7",0.000182848784055586,0.00109058687206053,0.000636717828058057
"RIT1",0.00079234473090754,0.000477131756526481,0.00063473824371701
"SPATA2",0.00079234473090754,0.000477131756526481,0.00063473824371701
"SHC2",0.000243798378740781,0.00102242519255674,0.000633111785648763
"ZBTB1",0.000243798378740781,0.00102242519255674,0.000633111785648763
"ELP5",0.000853294325592735,0.000408970077022698,0.000631132201307716
"SYBU",0.000853294325592735,0.000408970077022698,0.000631132201307716
"MT-CO1",0.000853294325592735,0.000408970077022698,0.000631132201307716
"HIF3A",0.000853294325592735,0.000408970077022698,0.000631132201307716
"CEP164",0.000853294325592735,0.000408970077022698,0.000631132201307716
"AGER",0.000853294325592735,0.000408970077022698,0.000631132201307716
"ITIH3",0.000304747973425977,0.000954263513052962,0.000629505743239469
"OAT",0.000304747973425977,0.000954263513052962,0.000629505743239469
"POLR2M",0.00091424392027793,0.000340808397518915,0.000627526158898423
"ENSG00000228801.7",0.00091424392027793,0.000340808397518915,0.000627526158898423
"SMARCD2",0.00091424392027793,0.000340808397518915,0.000627526158898423
"ENSG00000273486.1",0.00091424392027793,0.000340808397518915,0.000627526158898423
"ACADVL",0.00091424392027793,0.000340808397518915,0.000627526158898423
"VHL",0.00091424392027793,0.000340808397518915,0.000627526158898423
"KDM2B",0.00091424392027793,0.000340808397518915,0.000627526158898423
"CYB561D1",0.00091424392027793,0.000340808397518915,0.000627526158898423
"ABCA1",0.00091424392027793,0.000340808397518915,0.000627526158898423
"ATG12",0.00091424392027793,0.000340808397518915,0.000627526158898423
"CMPK2",0.00091424392027793,0.000340808397518915,0.000627526158898423
"ENSG00000226239.2",0.000365697568111172,0.000886101833549179,0.000625899700830175
"TRIM44",0.000365697568111172,0.000886101833549179,0.000625899700830175
"DDAH1",0.000975193514963125,0.000272646718015132,0.000623920116489129
"MUSTN1",0.000426647162796367,0.000817940154045396,0.000622293658420882
"ENSG00000288022.1",0.000426647162796367,0.000817940154045396,0.000622293658420882
"FUT4",0.000426647162796367,0.000817940154045396,0.000622293658420882
"ENSG00000280852.2",0.000426647162796367,0.000817940154045396,0.000622293658420882
"FAN1",0.000426647162796367,0.000817940154045396,0.000622293658420882
"CCDC136",0.000426647162796367,0.000817940154045396,0.000622293658420882
"ENSG00000274330.1",0.000426647162796367,0.000817940154045396,0.000622293658420882
"ENSG00000224163.4",0.000426647162796367,0.000817940154045396,0.000622293658420882
"MYO18A",0.000426647162796367,0.000817940154045396,0.000622293658420882
"DOLPP1",0.000426647162796367,0.000817940154045396,0.000622293658420882
"ZNF436",0.000426647162796367,0.000817940154045396,0.000622293658420882
"PPP1R13L",0.000426647162796367,0.000817940154045396,0.000622293658420882
"SMARCB1",0.000426647162796367,0.000817940154045396,0.000622293658420882
"SULT1A1",0.000426647162796367,0.000817940154045396,0.000622293658420882
"C15orf40",0.000426647162796367,0.000817940154045396,0.000622293658420882
"MACROH2A2",0.000426647162796367,0.000817940154045396,0.000622293658420882
"TBC1D2B",0.000426647162796367,0.000817940154045396,0.000622293658420882
"B3GALT1",0.00103614310964832,0.000204485038511349,0.000620314074079835
"PDCL3",0.000487596757481563,0.000749778474541613,0.000618687616011588
"MARF1",0.000487596757481563,0.000749778474541613,0.000618687616011588
"TRIM66",0.000487596757481563,0.000749778474541613,0.000618687616011588
"GOLM2",0.000487596757481563,0.000749778474541613,0.000618687616011588
"ERCC3",0.00109709270433352,0.000136323359007566,0.000616708031670541
"UAP1",0.00109709270433352,0.000136323359007566,0.000616708031670541
"SEPTIN4",0.000548546352166758,0.00068161679503783,0.000615081573602294
"Targinine",0,0.00122691023106809,0.000613455115534047
"NFKBIE",0,0.00122691023106809,0.000613455115534047
"SERPINE1",0,0.00122691023106809,0.000613455115534047
"ABLIM2",0,0.00122691023106809,0.000613455115534047
"ZFYVE21",0,0.00122691023106809,0.000613455115534047
"ENSG00000276248.1",0,0.00122691023106809,0.000613455115534047
"ZBTB24",0,0.00122691023106809,0.000613455115534047
"NCALD",0,0.00122691023106809,0.000613455115534047
"Symmetric dimethylarginine",0,0.00122691023106809,0.000613455115534047
"MMP28",0,0.00122691023106809,0.000613455115534047
"ENSA",0,0.00122691023106809,0.000613455115534047
"TRIM45",0,0.00122691023106809,0.000613455115534047
"PRKAA1",0,0.00122691023106809,0.000613455115534047
"DEPDC5",0,0.00122691023106809,0.000613455115534047
"LRRC75B",0,0.00122691023106809,0.000613455115534047
"ENSG00000285886.1",0,0.00122691023106809,0.000613455115534047
"SLITRK5",0.000609495946851953,0.000613455115534047,0.000611475531193
"SPTBN2",0.000609495946851953,0.000613455115534047,0.000611475531193
"KLHL26",0.000609495946851953,0.000613455115534047,0.000611475531193
"PDE6D",0.000609495946851953,0.000613455115534047,0.000611475531193
"DDX21",0.00121899189370391,0,0.000609495946851953
"STIMATE",0.00121899189370391,0,0.000609495946851953
"MOB1B",0.00121899189370391,0,0.000609495946851953
"OTUB1",0.00121899189370391,0,0.000609495946851953
"GOLM1",0.00121899189370391,0,0.000609495946851953
"CLIC1",0.00121899189370391,0,0.000609495946851953
"SLC26A2",0.00121899189370391,0,0.000609495946851953
"MRM2",0.00121899189370391,0,0.000609495946851953
"LZTS3",0.00121899189370391,0,0.000609495946851953
"GPATCH3",0.00121899189370391,0,0.000609495946851953
"ZFP91",0.00121899189370391,0,0.000609495946851953
"IFNGR1",0.00121899189370391,0,0.000609495946851953
"RPH3AL-AS1",0.00121899189370391,0,0.000609495946851953
"GALNT15",0.00121899189370391,0,0.000609495946851953
"ENKD1",0.00121899189370391,0,0.000609495946851953
"ENSG00000270210.1",0.000670445541537149,0.000545293436030264,0.000607869488783706
"ATP5F1A",0.000670445541537149,0.000545293436030264,0.000607869488783706
"MMACHC",0.000670445541537149,0.000545293436030264,0.000607869488783706
"CLN3",0.000670445541537149,0.000545293436030264,0.000607869488783706
"ENSG00000227252.2",0.000670445541537149,0.000545293436030264,0.000607869488783706
"OSBPL1A",0.000121899189370391,0.00109058687206053,0.000606243030715459
"CYB5D1",0.000121899189370391,0.00109058687206053,0.000606243030715459
"RAD51",0.000121899189370391,0.00109058687206053,0.000606243030715459
"TATDN2P3",0.000731395136222344,0.000477131756526481,0.000604263446374412
"TMEM250",0.000731395136222344,0.000477131756526481,0.000604263446374412
"TMEM117",0.000731395136222344,0.000477131756526481,0.000604263446374412
"FAM131A",0.000731395136222344,0.000477131756526481,0.000604263446374412
"DIRAS3",0.000182848784055586,0.00102242519255674,0.000602636988306165
"THBD",0.00079234473090754,0.000408970077022698,0.000600657403965119
"CCDC68",0.00079234473090754,0.000408970077022698,0.000600657403965119
"RAMP3",0.00079234473090754,0.000408970077022698,0.000600657403965119
"STARD4-AS1",0.000243798378740781,0.000954263513052962,0.000599030945896872
"HNRNPUL2",0.000243798378740781,0.000954263513052962,0.000599030945896872
"ENSG00000260735.2",0.000853294325592735,0.000340808397518915,0.000597051361555825
"BTBD9",0.000853294325592735,0.000340808397518915,0.000597051361555825
"PPM1J",0.000853294325592735,0.000340808397518915,0.000597051361555825
"ENSG00000270157.1",0.000853294325592735,0.000340808397518915,0.000597051361555825
"LARP7",0.000853294325592735,0.000340808397518915,0.000597051361555825
"CCNDBP1",0.000853294325592735,0.000340808397518915,0.000597051361555825
"ESRP2",0.000853294325592735,0.000340808397518915,0.000597051361555825
"FHOD1",0.000304747973425977,0.000886101833549179,0.000595424903487578
"PPM1B",0.000304747973425977,0.000886101833549179,0.000595424903487578
"HOXA10",0.00091424392027793,0.000272646718015132,0.000593445319146531
"ANKRD40",0.00091424392027793,0.000272646718015132,0.000593445319146531
"IRAK2",0.00091424392027793,0.000272646718015132,0.000593445319146531
"TFE3",0.00091424392027793,0.000272646718015132,0.000593445319146531
"PDE4DIPP2",0.00091424392027793,0.000272646718015132,0.000593445319146531
"GPR180",0.00091424392027793,0.000272646718015132,0.000593445319146531
"FAM110A",0.00091424392027793,0.000272646718015132,0.000593445319146531
"PITPNM1",0.000365697568111172,0.000817940154045396,0.000591818861078284
"ENSG00000270110.2",0.000365697568111172,0.000817940154045396,0.000591818861078284
"TTC28-AS1",0.000365697568111172,0.000817940154045396,0.000591818861078284
"UBALD2",0.000975193514963125,0.000204485038511349,0.000589839276737237
"ANAPC7",0.000975193514963125,0.000204485038511349,0.000589839276737237
"LLPH",0.000975193514963125,0.000204485038511349,0.000589839276737237
"B4GALT1",0.000975193514963125,0.000204485038511349,0.000589839276737237
"SERPINB9P1",0.000426647162796367,0.000749778474541613,0.00058821281866899
"CBFB",0.000426647162796367,0.000749778474541613,0.00058821281866899
"ABT1",0.000426647162796367,0.000749778474541613,0.00058821281866899
"FAM184B",0.000426647162796367,0.000749778474541613,0.00058821281866899
"MSRB1",0.000426647162796367,0.000749778474541613,0.00058821281866899
"GLB1",0.000426647162796367,0.000749778474541613,0.00058821281866899
"HAT1",0.000426647162796367,0.000749778474541613,0.00058821281866899
"ASB16",0.000426647162796367,0.000749778474541613,0.00058821281866899
"NUAK1",0.000426647162796367,0.000749778474541613,0.00058821281866899
"ENSG00000245281.8",0.000426647162796367,0.000749778474541613,0.00058821281866899
"NPTX1",0.000426647162796367,0.000749778474541613,0.00058821281866899
"TENT4B",0.000426647162796367,0.000749778474541613,0.00058821281866899
"ENSG00000274460.1",0.000426647162796367,0.000749778474541613,0.00058821281866899
"LY6E",0.00103614310964832,0.000136323359007566,0.000586233234327943
"TIMM22",0.00109709270433352,6.8161679503783e-05,0.00058262719191865
"PRXL2C",0.000548546352166758,0.000613455115534047,0.000581000733850402
"HERC2P2",0.000548546352166758,0.000613455115534047,0.000581000733850402
"C6orf89",0.000548546352166758,0.000613455115534047,0.000581000733850402
"GOLGA8R",0.000548546352166758,0.000613455115534047,0.000581000733850402
"WDR4",0.000548546352166758,0.000613455115534047,0.000581000733850402
"SLC35A2",0.000548546352166758,0.000613455115534047,0.000581000733850402
"NIN",0.000548546352166758,0.000613455115534047,0.000581000733850402
"SIDT1",0.000548546352166758,0.000613455115534047,0.000581000733850402
"PIGQ",0.000548546352166758,0.000613455115534047,0.000581000733850402
"RABEPK",0.000548546352166758,0.000613455115534047,0.000581000733850402
"ENSG00000274220.1",0,0.00115874855156431,0.000579374275782155
"MED19",0,0.00115874855156431,0.000579374275782155
"MPZL2",0,0.00115874855156431,0.000579374275782155
"FURIN",0,0.00115874855156431,0.000579374275782155
"ABHD4",0,0.00115874855156431,0.000579374275782155
"TATDN3",0,0.00115874855156431,0.000579374275782155
"NUDCD3",0,0.00115874855156431,0.000579374275782155
"CLCNKA",0,0.00115874855156431,0.000579374275782155
"H2BC4",0,0.00115874855156431,0.000579374275782155
"ARHGAP1",0,0.00115874855156431,0.000579374275782155
"ZNF430",0,0.00115874855156431,0.000579374275782155
"PFN2",0,0.00115874855156431,0.000579374275782155
"ZBTB9",0,0.00115874855156431,0.000579374275782155
"PYCR1",0,0.00115874855156431,0.000579374275782155
"SLC37A1",0,0.00115874855156431,0.000579374275782155
"ADAMTS8",0,0.00115874855156431,0.000579374275782155
"ZNF737",0,0.00115874855156431,0.000579374275782155
"KCNQ5-AS1",0,0.00115874855156431,0.000579374275782155
"LINC01341",0,0.00115874855156431,0.000579374275782155
"RNF214",0,0.00115874855156431,0.000579374275782155
"GTPBP10",0,0.00115874855156431,0.000579374275782155
"AQR",0,0.00115874855156431,0.000579374275782155
"MSL3",0.00115804229901871,0,0.000579021149509356
"VAMP2",0.00115804229901871,0,0.000579021149509356
"RNF41",0.00115804229901871,0,0.000579021149509356
"DTX4",0.00115804229901871,0,0.000579021149509356
"PE O-34:2",0.00115804229901871,0,0.000579021149509356
"Cer 18:0;O2/22:0",0.00115804229901871,0,0.000579021149509356
"PC 29:0",0.00115804229901871,0,0.000579021149509356
"PE O-17:1/20:4",0.00115804229901871,0,0.000579021149509356
"Cer 18:2;O2/24:0",0.00115804229901871,0,0.000579021149509356
"LMOD3",0.00115804229901871,0,0.000579021149509356
"OSBP",0.00115804229901871,0,0.000579021149509356
"B4GALT5",0.00115804229901871,0,0.000579021149509356
"MRO",0.00115804229901871,0,0.000579021149509356
"TPO",0.00115804229901871,0,0.000579021149509356
"NAP1L2",0.00115804229901871,0,0.000579021149509356
"RAB31",0.000609495946851953,0.000545293436030264,0.000577394691441109
"ANO6",0.000609495946851953,0.000545293436030264,0.000577394691441109
"OGT",0.000609495946851953,0.000545293436030264,0.000577394691441109
"AIMP1",0.000609495946851953,0.000545293436030264,0.000577394691441109
"ADCK5",0.000609495946851953,0.000545293436030264,0.000577394691441109
"BET1",0.000609495946851953,0.000545293436030264,0.000577394691441109
"BCL9L",6.09495946851953e-05,0.00109058687206053,0.000575768233372861
"PPP2R5A",0.000670445541537149,0.000477131756526481,0.000573788649031815
"HS3ST5",0.000670445541537149,0.000477131756526481,0.000573788649031815
"PC",0.000670445541537149,0.000477131756526481,0.000573788649031815
"ABHD12",0.000670445541537149,0.000477131756526481,0.000573788649031815
"GBA2",0.000670445541537149,0.000477131756526481,0.000573788649031815
"ENSG00000253177.2",0.000670445541537149,0.000477131756526481,0.000573788649031815
"SPATA13",0.000670445541537149,0.000477131756526481,0.000573788649031815
"CYP2U1",0.000670445541537149,0.000477131756526481,0.000573788649031815
"SOAT1",0.000670445541537149,0.000477131756526481,0.000573788649031815
"LINC00265",0.000670445541537149,0.000477131756526481,0.000573788649031815
"MARK4",0.000670445541537149,0.000477131756526481,0.000573788649031815
"ZNF674-AS1",0.000670445541537149,0.000477131756526481,0.000573788649031815
"BMP2K",0.000670445541537149,0.000477131756526481,0.000573788649031815
"MYCT1",0.000670445541537149,0.000477131756526481,0.000573788649031815
"FANCG",0.000121899189370391,0.00102242519255674,0.000572162190963568
"LRRC8D",0.000121899189370391,0.00102242519255674,0.000572162190963568
"CCDC191",0.000121899189370391,0.00102242519255674,0.000572162190963568
"PIGK",0.000121899189370391,0.00102242519255674,0.000572162190963568
"ACOT8",0.000121899189370391,0.00102242519255674,0.000572162190963568
"TSHZ1",0.000121899189370391,0.00102242519255674,0.000572162190963568
"ZNF253",0.000121899189370391,0.00102242519255674,0.000572162190963568
"RTL8C",0.000731395136222344,0.000408970077022698,0.000570182606622521
"SMAP1",0.000731395136222344,0.000408970077022698,0.000570182606622521
"PSMD6-AS2",0.000731395136222344,0.000408970077022698,0.000570182606622521
"PLB1",0.000731395136222344,0.000408970077022698,0.000570182606622521
"AFAP1L1",0.000731395136222344,0.000408970077022698,0.000570182606622521
"GMPPA",0.000182848784055586,0.000954263513052962,0.000568556148554274
"CLDN9",0.000182848784055586,0.000954263513052962,0.000568556148554274
"SLC9A1",0.000182848784055586,0.000954263513052962,0.000568556148554274
"ETNK1",0.00079234473090754,0.000340808397518915,0.000566576564213227
"SEC14L1",0.00079234473090754,0.000340808397518915,0.000566576564213227
"PGAP3",0.00079234473090754,0.000340808397518915,0.000566576564213227
"ZNF75D",0.00079234473090754,0.000340808397518915,0.000566576564213227
"COMMD10",0.000243798378740781,0.000886101833549179,0.00056495010614498
"ENSG00000254837.2",0.000243798378740781,0.000886101833549179,0.00056495010614498
"CDHR5",0.000243798378740781,0.000886101833549179,0.00056495010614498
"WDR41",0.000853294325592735,0.000272646718015132,0.000562970521803933
"ENSG00000279118.1",0.000853294325592735,0.000272646718015132,0.000562970521803933
"LRRC37A7P",0.000853294325592735,0.000272646718015132,0.000562970521803933
"ENSG00000251615.3",0.000853294325592735,0.000272646718015132,0.000562970521803933
"SRPX2",0.000853294325592735,0.000272646718015132,0.000562970521803933
"LINC02185",0.000304747973425977,0.000817940154045396,0.000561344063735686
"MYF5",0.000304747973425977,0.000817940154045396,0.000561344063735686
"TPCN1",0.000304747973425977,0.000817940154045396,0.000561344063735686
"YPEL2",0.000304747973425977,0.000817940154045396,0.000561344063735686
"MMP15",0.000304747973425977,0.000817940154045396,0.000561344063735686
"MOB2",0.00091424392027793,0.000204485038511349,0.00055936447939464
"LARGE1",0.00091424392027793,0.000204485038511349,0.00055936447939464
"ENSG00000279164.1",0.00091424392027793,0.000204485038511349,0.00055936447939464
"TIPRL",0.00091424392027793,0.000204485038511349,0.00055936447939464
"SYNRG",0.00091424392027793,0.000204485038511349,0.00055936447939464
"ZNF619",0.00091424392027793,0.000204485038511349,0.00055936447939464
"PGGT1B",0.00091424392027793,0.000204485038511349,0.00055936447939464
"JPH2",0.000365697568111172,0.000749778474541613,0.000557738021326392
"RAB3D",0.000365697568111172,0.000749778474541613,0.000557738021326392
"SCPEP1",0.000975193514963125,0.000136323359007566,0.000555758436985346
"PRKAB1",0.000975193514963125,0.000136323359007566,0.000555758436985346
"GIGYF2",0.000975193514963125,0.000136323359007566,0.000555758436985346
"ATRX",0.000426647162796367,0.00068161679503783,0.000554131978917099
"ZNF141",0.000426647162796367,0.00068161679503783,0.000554131978917099
"ANXA4",0.000426647162796367,0.00068161679503783,0.000554131978917099
"HIVEP3",0.000426647162796367,0.00068161679503783,0.000554131978917099
"SLC16A10",0.000426647162796367,0.00068161679503783,0.000554131978917099
"TLK1",0.000426647162796367,0.00068161679503783,0.000554131978917099
"PARP15",0.000426647162796367,0.00068161679503783,0.000554131978917099
"WAC-AS1",0.000487596757481563,0.000613455115534047,0.000550525936507805
"RALGAPA2",0.000487596757481563,0.000613455115534047,0.000550525936507805
"GPA33",0.000487596757481563,0.000613455115534047,0.000550525936507805
"PAXIP1-DT",0.000487596757481563,0.000613455115534047,0.000550525936507805
"NLN",0.000487596757481563,0.000613455115534047,0.000550525936507805
"GALNT18",0.000487596757481563,0.000613455115534047,0.000550525936507805
"DYRK1B",0.000487596757481563,0.000613455115534047,0.000550525936507805
"ARHGEF15",0.00109709270433352,0,0.000548546352166758
"SNRPA1",0.00109709270433352,0,0.000548546352166758
"SSR2",0.00109709270433352,0,0.000548546352166758
"RASGEF1B",0.00109709270433352,0,0.000548546352166758
"INPP5F",0.00109709270433352,0,0.000548546352166758
"LMTK2",0.00109709270433352,0,0.000548546352166758
"AEBP2",0.00109709270433352,0,0.000548546352166758
"BTN2A1",0.00109709270433352,0,0.000548546352166758
"HECA",0.00109709270433352,0,0.000548546352166758
"FTL",0.00109709270433352,0,0.000548546352166758
"AHI1",0.00109709270433352,0,0.000548546352166758
"NUP88",0.00109709270433352,0,0.000548546352166758
"LITAF",0.00109709270433352,0,0.000548546352166758
"VAV2",0.00109709270433352,0,0.000548546352166758
"VMA21",0.00109709270433352,0,0.000548546352166758
"SETDB2",0.00109709270433352,0,0.000548546352166758
"SM 18:1;O2/18:3",0.00109709270433352,0,0.000548546352166758
"CAR 6:0;OH",0.00109709270433352,0,0.000548546352166758
"NPIPA9",0.00109709270433352,0,0.000548546352166758
"DDX60L",0.00109709270433352,0,0.000548546352166758
"ZBTB42",0.00109709270433352,0,0.000548546352166758
"EXOSC7",0.000548546352166758,0.000545293436030264,0.000546919894098511
"TARS1",0.000548546352166758,0.000545293436030264,0.000546919894098511
"ENSG00000226849.1",0.000548546352166758,0.000545293436030264,0.000546919894098511
"AP4S1",0.000548546352166758,0.000545293436030264,0.000546919894098511
"LYRM9",0,0.00109058687206053,0.000545293436030264
"RNASET2",0,0.00109058687206053,0.000545293436030264
"KLHL15",0,0.00109058687206053,0.000545293436030264
"FUT10",0,0.00109058687206053,0.000545293436030264
"TNFRSF10B",0,0.00109058687206053,0.000545293436030264
"RSRP1",0,0.00109058687206053,0.000545293436030264
"GATA3",0,0.00109058687206053,0.000545293436030264
"ENSG00000277476.1",0,0.00109058687206053,0.000545293436030264
"ZNF808",0,0.00109058687206053,0.000545293436030264
"C11orf71",0,0.00109058687206053,0.000545293436030264
"MRPS22",0,0.00109058687206053,0.000545293436030264
"THOP1",0,0.00109058687206053,0.000545293436030264
"TFCP2",0,0.00109058687206053,0.000545293436030264
"ACLY",0,0.00109058687206053,0.000545293436030264
"VDAC3",0,0.00109058687206053,0.000545293436030264
"ENSG00000288534.1",0,0.00109058687206053,0.000545293436030264
"LINC00390",0,0.00109058687206053,0.000545293436030264
"ERCC6",0,0.00109058687206053,0.000545293436030264
"UBA52",0,0.00109058687206053,0.000545293436030264
"DFFB",0,0.00109058687206053,0.000545293436030264
"FAT3",0,0.00109058687206053,0.000545293436030264
"AMHR2",0,0.00109058687206053,0.000545293436030264
"TRIM38",0,0.00109058687206053,0.000545293436030264
"NUDT4P2",0,0.00109058687206053,0.000545293436030264
"RBM20",0,0.00109058687206053,0.000545293436030264
"PP7080",0,0.00109058687206053,0.000545293436030264
"SNAI3",0,0.00109058687206053,0.000545293436030264
"TPRN",0,0.00109058687206053,0.000545293436030264
"ARL10",0,0.00109058687206053,0.000545293436030264
"BRMS1",0,0.00109058687206053,0.000545293436030264
"UBR5",0,0.00109058687206053,0.000545293436030264
"SLCO4A1",0,0.00109058687206053,0.000545293436030264
"SAMD4A",0,0.00109058687206053,0.000545293436030264
"ENSG00000262766.1",0,0.00109058687206053,0.000545293436030264
"ENSG00000257497.2",0,0.00109058687206053,0.000545293436030264
"GGTA1",0,0.00109058687206053,0.000545293436030264
"MRPL49",0,0.00109058687206053,0.000545293436030264
"LTO1",0,0.00109058687206053,0.000545293436030264
"PAK1",0,0.00109058687206053,0.000545293436030264
"PLCD4",0,0.00109058687206053,0.000545293436030264
"SORCS1",0,0.00109058687206053,0.000545293436030264
"VCPKMT",0,0.00109058687206053,0.000545293436030264
"SEMA4G",0,0.00109058687206053,0.000545293436030264
"DDX47",0,0.00109058687206053,0.000545293436030264
"SLFN11",0.000609495946851953,0.000477131756526481,0.000543313851689217
"ENSG00000205740.2",0.000609495946851953,0.000477131756526481,0.000543313851689217
"NR1H2",0.000609495946851953,0.000477131756526481,0.000543313851689217
"LINC01560",0.000609495946851953,0.000477131756526481,0.000543313851689217
"GOLGA2P5",6.09495946851953e-05,0.00102242519255674,0.00054168739362097
"LINC01359",6.09495946851953e-05,0.00102242519255674,0.00054168739362097
"PXMP2",0.000670445541537149,0.000408970077022698,0.000539707809279923
"C2CD4C",0.000670445541537149,0.000408970077022698,0.000539707809279923
"NOSTRIN",0.000670445541537149,0.000408970077022698,0.000539707809279923
"SIRT3",0.000670445541537149,0.000408970077022698,0.000539707809279923
"HINT2",0.000670445541537149,0.000408970077022698,0.000539707809279923
"MTARC2",0.000670445541537149,0.000408970077022698,0.000539707809279923
"EPAS1",0.000670445541537149,0.000408970077022698,0.000539707809279923
"OLFM4",0.000670445541537149,0.000408970077022698,0.000539707809279923
"MRPL50",0.000670445541537149,0.000408970077022698,0.000539707809279923
"LRRC8C-DT",0.000670445541537149,0.000408970077022698,0.000539707809279923
"RAB11FIP1P1",0.000121899189370391,0.000954263513052962,0.000538081351211676
"ZMYM4",0.000121899189370391,0.000954263513052962,0.000538081351211676
"CD151",0.000731395136222344,0.000340808397518915,0.00053610176687063
"TYW5",0.000731395136222344,0.000340808397518915,0.00053610176687063
"LTB4R",0.000731395136222344,0.000340808397518915,0.00053610176687063
"ZNF596",0.000731395136222344,0.000340808397518915,0.00053610176687063
"PCDH8",0.000731395136222344,0.000340808397518915,0.00053610176687063
"EDRF1",0.000731395136222344,0.000340808397518915,0.00053610176687063
"ARMCX5",0.000182848784055586,0.000886101833549179,0.000534475308802382
"METTL1",0.000182848784055586,0.000886101833549179,0.000534475308802382
"ZSWIM4",0.00079234473090754,0.000272646718015132,0.000532495724461336
"FAM114A2",0.00079234473090754,0.000272646718015132,0.000532495724461336
"ZCCHC4",0.00079234473090754,0.000272646718015132,0.000532495724461336
"ADAM17",0.00079234473090754,0.000272646718015132,0.000532495724461336
"TTC7B",0.00079234473090754,0.000272646718015132,0.000532495724461336
"FGD4",0.00079234473090754,0.000272646718015132,0.000532495724461336
"UNC13D",0.00079234473090754,0.000272646718015132,0.000532495724461336
"ENSG00000288700.2",0.00079234473090754,0.000272646718015132,0.000532495724461336
"ENSG00000257379.1",0.00079234473090754,0.000272646718015132,0.000532495724461336
"ARAP1",0.00079234473090754,0.000272646718015132,0.000532495724461336
"TMEM202-AS1",0.000243798378740781,0.000817940154045396,0.000530869266393088
"COMMD6",0.000853294325592735,0.000204485038511349,0.000528889682052042
"MIPOL1",0.000853294325592735,0.000204485038511349,0.000528889682052042
"SIPA1L2",0.000853294325592735,0.000204485038511349,0.000528889682052042
"IFT46",0.000853294325592735,0.000204485038511349,0.000528889682052042
"CD82",0.000304747973425977,0.000749778474541613,0.000527263223983795
"SMIM13",0.000304747973425977,0.000749778474541613,0.000527263223983795
"TMX4",0.000304747973425977,0.000749778474541613,0.000527263223983795
"DENND1A",0.000304747973425977,0.000749778474541613,0.000527263223983795
"NSD2",0.000304747973425977,0.000749778474541613,0.000527263223983795
"ZNF641",0.000304747973425977,0.000749778474541613,0.000527263223983795
"RBM44",0.000304747973425977,0.000749778474541613,0.000527263223983795
"STAG3L5P-PVRIG2P-PILRB",0.000304747973425977,0.000749778474541613,0.000527263223983795
"AS3MT",0.00091424392027793,0.000136323359007566,0.000525283639642748
"PM20D2",0.00091424392027793,0.000136323359007566,0.000525283639642748
"METTL21C",0.00091424392027793,0.000136323359007566,0.000525283639642748
"SLC35D1",0.00091424392027793,0.000136323359007566,0.000525283639642748
"PDS5A",0.00091424392027793,0.000136323359007566,0.000525283639642748
"ZNF497",0.00091424392027793,0.000136323359007566,0.000525283639642748
"LRRC27",0.00091424392027793,0.000136323359007566,0.000525283639642748
"INPP5B",0.000365697568111172,0.00068161679503783,0.000523657181574501
"WASH2P",0.000365697568111172,0.00068161679503783,0.000523657181574501
"HERC6",0.000365697568111172,0.00068161679503783,0.000523657181574501
"KCTD1",0.000365697568111172,0.00068161679503783,0.000523657181574501
"GRIPAP1",0.000365697568111172,0.00068161679503783,0.000523657181574501
"SLC39A14",0.000975193514963125,6.8161679503783e-05,0.000521677597233454
"MTA2",0.000975193514963125,6.8161679503783e-05,0.000521677597233454
"RGS2",0.000426647162796367,0.000613455115534047,0.000520051139165207
"GDA",0.000426647162796367,0.000613455115534047,0.000520051139165207
"LAMP2",0.000426647162796367,0.000613455115534047,0.000520051139165207
"OMA1",0.000426647162796367,0.000613455115534047,0.000520051139165207
"RAPGEFL1",0.000426647162796367,0.000613455115534047,0.000520051139165207
"GSS",0.000426647162796367,0.000613455115534047,0.000520051139165207
"MAP3K3",0.000426647162796367,0.000613455115534047,0.000520051139165207
"SGCB",0.000426647162796367,0.000613455115534047,0.000520051139165207
"GPR179",0.000426647162796367,0.000613455115534047,0.000520051139165207
"ENSG00000272356.1",0.000426647162796367,0.000613455115534047,0.000520051139165207
"BEGAIN",0.000426647162796367,0.000613455115534047,0.000520051139165207
"SEMA3G",0.000426647162796367,0.000613455115534047,0.000520051139165207
"RGS14",0.000426647162796367,0.000613455115534047,0.000520051139165207
"SPRY3",0.000426647162796367,0.000613455115534047,0.000520051139165207
"ARHGEF40",0.000426647162796367,0.000613455115534047,0.000520051139165207
"OBSL1",0.000426647162796367,0.000613455115534047,0.000520051139165207
"ZNF419",0.000426647162796367,0.000613455115534047,0.000520051139165207
"ENSG00000274776.1",0.000426647162796367,0.000613455115534047,0.000520051139165207
"ENSG00000272140.2",0.000426647162796367,0.000613455115534047,0.000520051139165207
"ENSG00000259351.1",0.000426647162796367,0.000613455115534047,0.000520051139165207
"ZFPL1",0.000426647162796367,0.000613455115534047,0.000520051139165207
"SEC61A1",0.000426647162796367,0.000613455115534047,0.000520051139165207
"ENSG00000269934.3",0.00103614310964832,0,0.00051807155482416
"POLR2L",0.00103614310964832,0,0.00051807155482416
"TAF5L",0.00103614310964832,0,0.00051807155482416
"GNAI3",0.00103614310964832,0,0.00051807155482416
"SOCS3",0.00103614310964832,0,0.00051807155482416
"MIER2",0.00103614310964832,0,0.00051807155482416
"TNNI3K",0.00103614310964832,0,0.00051807155482416
"IFIT2",0.00103614310964832,0,0.00051807155482416
"IFIT3",0.00103614310964832,0,0.00051807155482416
"UIMC1",0.00103614310964832,0,0.00051807155482416
"CDC42-AS1",0.00103614310964832,0,0.00051807155482416
"CCZ1B",0.000487596757481563,0.000545293436030264,0.000516445096755913
"TMCO1",0.000487596757481563,0.000545293436030264,0.000516445096755913
"SLC35B1",0.000487596757481563,0.000545293436030264,0.000516445096755913
"ACTR1B",0.000487596757481563,0.000545293436030264,0.000516445096755913
"TBC1D22A-DT",0.000487596757481563,0.000545293436030264,0.000516445096755913
"ZNF786",0.000548546352166758,0.000477131756526481,0.00051283905434662
"CNIH4",0.000548546352166758,0.000477131756526481,0.00051283905434662
"ENSG00000260051.1",0.000548546352166758,0.000477131756526481,0.00051283905434662
"CIAO2B",0.000548546352166758,0.000477131756526481,0.00051283905434662
"NAPEPLD",0.000548546352166758,0.000477131756526481,0.00051283905434662
"ENSG00000283341.3",0.000548546352166758,0.000477131756526481,0.00051283905434662
"ENSG00000261840.4",0.000548546352166758,0.000477131756526481,0.00051283905434662
"TRMT61A",0.000548546352166758,0.000477131756526481,0.00051283905434662
"SNX18",0,0.00102242519255674,0.000511212596278372
"RAPGEF5",0,0.00102242519255674,0.000511212596278372
"ZNF93",0,0.00102242519255674,0.000511212596278372
"CDCA4",0,0.00102242519255674,0.000511212596278372
"AHCY",0,0.00102242519255674,0.000511212596278372
"ZDBF2",0,0.00102242519255674,0.000511212596278372
"ZNF48",0,0.00102242519255674,0.000511212596278372
"ANKS6",0,0.00102242519255674,0.000511212596278372
"TBX6",0,0.00102242519255674,0.000511212596278372
"DYRK2",0,0.00102242519255674,0.000511212596278372
"PEX11G",0,0.00102242519255674,0.000511212596278372
"DCUN1D1",0,0.00102242519255674,0.000511212596278372
"AFF1",0,0.00102242519255674,0.000511212596278372
"ENSG00000273576.1",0,0.00102242519255674,0.000511212596278372
"C9orf131",0.000609495946851953,0.000408970077022698,0.000509233011937326
"PYROXD2",0.000670445541537149,0.000340808397518915,0.000505626969528032
"UQCR10",0.000670445541537149,0.000340808397518915,0.000505626969528032
"DTNB",0.000670445541537149,0.000340808397518915,0.000505626969528032
"LDB3",0.000670445541537149,0.000340808397518915,0.000505626969528032
"ZNF346",0.000670445541537149,0.000340808397518915,0.000505626969528032
"ODC1-DT",0.000670445541537149,0.000340808397518915,0.000505626969528032
"YPEL3",0.000670445541537149,0.000340808397518915,0.000505626969528032
"DHRS4-AS1",0.000670445541537149,0.000340808397518915,0.000505626969528032
"ENSG00000288984.1",0.000670445541537149,0.000340808397518915,0.000505626969528032
"BTNL9",0.000670445541537149,0.000340808397518915,0.000505626969528032
"USP33",0.000670445541537149,0.000340808397518915,0.000505626969528032
"RWDD2A",0.000670445541537149,0.000340808397518915,0.000505626969528032
"DKK2",0.000121899189370391,0.000886101833549179,0.000504000511459785
"ARRB1",0.000121899189370391,0.000886101833549179,0.000504000511459785
"UNC93B1",0.000121899189370391,0.000886101833549179,0.000504000511459785
"LNX2",0.000731395136222344,0.000272646718015132,0.000502020927118738
"ENSG00000267385.1",0.000731395136222344,0.000272646718015132,0.000502020927118738
"MRPL46",0.000731395136222344,0.000272646718015132,0.000502020927118738
"DHX16",0.000731395136222344,0.000272646718015132,0.000502020927118738
"COPRS",0.000731395136222344,0.000272646718015132,0.000502020927118738
"MRPL13",0.000731395136222344,0.000272646718015132,0.000502020927118738
"ESYT3",0.000731395136222344,0.000272646718015132,0.000502020927118738
"MRPS9",0.000731395136222344,0.000272646718015132,0.000502020927118738
"TIMM8A",0.000731395136222344,0.000272646718015132,0.000502020927118738
"MRPS7",0.000731395136222344,0.000272646718015132,0.000502020927118738
"ADAT1",0.000731395136222344,0.000272646718015132,0.000502020927118738
"HNRNPDL",0.000731395136222344,0.000272646718015132,0.000502020927118738
"CDYL2",0.000731395136222344,0.000272646718015132,0.000502020927118738
"SCRN2",0.000731395136222344,0.000272646718015132,0.000502020927118738
"SEMA6A-AS1",0.000731395136222344,0.000272646718015132,0.000502020927118738
"CCDC112",0.000731395136222344,0.000272646718015132,0.000502020927118738
"ENSG00000278869.1",0.000182848784055586,0.000817940154045396,0.000500394469050491
"ENSG00000273812.3",0.000243798378740781,0.000749778474541613,0.000496788426641197
"CA3-AS1",0.000243798378740781,0.000749778474541613,0.000496788426641197
"AAMP",0.000243798378740781,0.000749778474541613,0.000496788426641197
"ARFIP1",0.000243798378740781,0.000749778474541613,0.000496788426641197
"UNC5CL",0.000243798378740781,0.000749778474541613,0.000496788426641197
"CAPS",0.000243798378740781,0.000749778474541613,0.000496788426641197
"BMT2",0.000243798378740781,0.000749778474541613,0.000496788426641197
"AKAP9",0.000853294325592735,0.000136323359007566,0.00049480884230015
"MED28",0.000853294325592735,0.000136323359007566,0.00049480884230015
"DUSP22",0.000853294325592735,0.000136323359007566,0.00049480884230015
"SMC6",0.000304747973425977,0.00068161679503783,0.000493182384231903
"FABP5",0.00091424392027793,6.8161679503783e-05,0.000491202799890857
"AHSA1",0.00091424392027793,6.8161679503783e-05,0.000491202799890857
"SLC38A9",0.000365697568111172,0.000613455115534047,0.000489576341822609
"SEMA7A",0.000365697568111172,0.000613455115534047,0.000489576341822609
"UNC50",0.000365697568111172,0.000613455115534047,0.000489576341822609
"LINC00707",0.000975193514963125,0,0.000487596757481563
"CNPPD1",0.000975193514963125,0,0.000487596757481563
"TTI2",0.000975193514963125,0,0.000487596757481563
"ABCF2-H2BE1",0.000975193514963125,0,0.000487596757481563
"EIF3M",0.000975193514963125,0,0.000487596757481563
"ZNF593",0.000975193514963125,0,0.000487596757481563
"ACTR2",0.000975193514963125,0,0.000487596757481563
"ITGAV",0.000975193514963125,0,0.000487596757481563
"OSER1-DT",0.000975193514963125,0,0.000487596757481563
"IGF2",0.000975193514963125,0,0.000487596757481563
"TRIM13",0.000975193514963125,0,0.000487596757481563
"PDXDC2P-NPIPB14P",0.000975193514963125,0,0.000487596757481563
"FAM222B",0.000975193514963125,0,0.000487596757481563
"SUDS3",0.000975193514963125,0,0.000487596757481563
"OAS1",0.000975193514963125,0,0.000487596757481563
"CDK2AP2",0.000975193514963125,0,0.000487596757481563
"TRIM26",0.000426647162796367,0.000545293436030264,0.000485970299413316
"TMEM184B",0.000426647162796367,0.000545293436030264,0.000485970299413316
"CXCL9",0.000426647162796367,0.000545293436030264,0.000485970299413316
"ZNF213-AS1",0.000426647162796367,0.000545293436030264,0.000485970299413316
"NELFE",0.000426647162796367,0.000545293436030264,0.000485970299413316
"TMEM108",0.000426647162796367,0.000545293436030264,0.000485970299413316
"FHOD3",0.000426647162796367,0.000545293436030264,0.000485970299413316
"EEFSEC",0.000426647162796367,0.000545293436030264,0.000485970299413316
"NCDN",0.000426647162796367,0.000545293436030264,0.000485970299413316
"TIGD1",0.000426647162796367,0.000545293436030264,0.000485970299413316
"CTBP2",0.000426647162796367,0.000545293436030264,0.000485970299413316
"STOX2",0.000426647162796367,0.000545293436030264,0.000485970299413316
"MEIS3",0.000426647162796367,0.000545293436030264,0.000485970299413316
"ZBTB25",0.000426647162796367,0.000545293436030264,0.000485970299413316
"MKRN2",0.000426647162796367,0.000545293436030264,0.000485970299413316
"ENSG00000279168.2",0.000426647162796367,0.000545293436030264,0.000485970299413316
"GOLGA8N",0.000426647162796367,0.000545293436030264,0.000485970299413316
"TP73-AS1",0.000426647162796367,0.000545293436030264,0.000485970299413316
"FAM71F2",0.000426647162796367,0.000545293436030264,0.000485970299413316
"HID1",0.000426647162796367,0.000545293436030264,0.000485970299413316
"FRG1HP",0.000426647162796367,0.000545293436030264,0.000485970299413316
"KDM4D",0.000426647162796367,0.000545293436030264,0.000485970299413316
"FAM215B",0.000487596757481563,0.000477131756526481,0.000482364257004022
"SIRPA",0.000487596757481563,0.000477131756526481,0.000482364257004022
"HMBOX1",0.000487596757481563,0.000477131756526481,0.000482364257004022
"ABCA11P",0.000487596757481563,0.000477131756526481,0.000482364257004022
"SYDE2",0.000487596757481563,0.000477131756526481,0.000482364257004022
"SEC24B",0.000548546352166758,0.000408970077022698,0.000478758214594728
"MOB3C",0.000548546352166758,0.000408970077022698,0.000478758214594728
"POMGNT2",0.000548546352166758,0.000408970077022698,0.000478758214594728
"HAPLN3",0,0.000954263513052962,0.000477131756526481
"CD276",0,0.000954263513052962,0.000477131756526481
"SLC33A1",0,0.000954263513052962,0.000477131756526481
"ENSG00000286905.1",0,0.000954263513052962,0.000477131756526481
"AATF",0,0.000954263513052962,0.000477131756526481
"LIN52",0,0.000954263513052962,0.000477131756526481
"GASK1B",0,0.000954263513052962,0.000477131756526481
"ZFHX2",0,0.000954263513052962,0.000477131756526481
"GTF3C3",0,0.000954263513052962,0.000477131756526481
"GNA11",0,0.000954263513052962,0.000477131756526481
"YIPF7",0,0.000954263513052962,0.000477131756526481
"KCTD13",0,0.000954263513052962,0.000477131756526481
"CMBL",0,0.000954263513052962,0.000477131756526481
"DCP1B",0,0.000954263513052962,0.000477131756526481
"SH3GLB1",0,0.000954263513052962,0.000477131756526481
"SYNE2",0,0.000954263513052962,0.000477131756526481
"PUS1",0,0.000954263513052962,0.000477131756526481
"RGPD8",0,0.000954263513052962,0.000477131756526481
"SPRED1",0,0.000954263513052962,0.000477131756526481
"ENSG00000284691.1",0,0.000954263513052962,0.000477131756526481
"ZNF736",0,0.000954263513052962,0.000477131756526481
"ENSG00000215154.6",0,0.000954263513052962,0.000477131756526481
"FAM118B",0,0.000954263513052962,0.000477131756526481
"IPP",0,0.000954263513052962,0.000477131756526481
"MTBP",0,0.000954263513052962,0.000477131756526481
"SFXN5",0,0.000954263513052962,0.000477131756526481
"BNIP2",0,0.000954263513052962,0.000477131756526481
"FCGR2B",0,0.000954263513052962,0.000477131756526481
"FECH",0,0.000954263513052962,0.000477131756526481
"GALC",0,0.000954263513052962,0.000477131756526481
"MRE11",0,0.000954263513052962,0.000477131756526481
"ENSG00000287839.1",0,0.000954263513052962,0.000477131756526481
"LMBR1",0.000609495946851953,0.000340808397518915,0.000475152172185434
"ENSG00000285728.2",0.000609495946851953,0.000340808397518915,0.000475152172185434
"AASDH",0.000609495946851953,0.000340808397518915,0.000475152172185434
"STAMBP",0.000609495946851953,0.000340808397518915,0.000475152172185434
"STIM2",0.000609495946851953,0.000340808397518915,0.000475152172185434
"ENSG00000272008.1",0.000609495946851953,0.000340808397518915,0.000475152172185434
"ENSG00000259959.1",0.000609495946851953,0.000340808397518915,0.000475152172185434
"LRRC28",0.000609495946851953,0.000340808397518915,0.000475152172185434
"SLC25A37",0.000670445541537149,0.000272646718015132,0.00047154612977614
"TM2D1",0.000670445541537149,0.000272646718015132,0.00047154612977614
"CUTC",0.000670445541537149,0.000272646718015132,0.00047154612977614
"CMC2",0.000670445541537149,0.000272646718015132,0.00047154612977614
"ENPP4",0.000670445541537149,0.000272646718015132,0.00047154612977614
"PAIP2",0.000670445541537149,0.000272646718015132,0.00047154612977614
"GAN",0.000670445541537149,0.000272646718015132,0.00047154612977614
"PECAM1",0.000670445541537149,0.000272646718015132,0.00047154612977614
"SERBP1",0.000670445541537149,0.000272646718015132,0.00047154612977614
"CEP89",0.000670445541537149,0.000272646718015132,0.00047154612977614
"ENSG00000264007.1",0.000670445541537149,0.000272646718015132,0.00047154612977614
"NDNF",0.000670445541537149,0.000272646718015132,0.00047154612977614
"C14orf93",0.000670445541537149,0.000272646718015132,0.00047154612977614
"ENSG00000269982.1",0.000121899189370391,0.000817940154045396,0.000469919671707893
"ANKAR",0.000121899189370391,0.000817940154045396,0.000469919671707893
"EPB41L1",0.000121899189370391,0.000817940154045396,0.000469919671707893
"DMRTA1",0.000121899189370391,0.000817940154045396,0.000469919671707893
"ORC6",0.000121899189370391,0.000817940154045396,0.000469919671707893
"JAGN1",0.000731395136222344,0.000204485038511349,0.000467940087366847
"EFL1",0.000731395136222344,0.000204485038511349,0.000467940087366847
"MRPS31",0.000731395136222344,0.000204485038511349,0.000467940087366847
"PSMA7",0.000731395136222344,0.000204485038511349,0.000467940087366847
"METTL2A",0.000731395136222344,0.000204485038511349,0.000467940087366847
"FAM214B",0.000731395136222344,0.000204485038511349,0.000467940087366847
"FBXW2",0.000731395136222344,0.000204485038511349,0.000467940087366847
"LINC00663",0.000731395136222344,0.000204485038511349,0.000467940087366847
"ENSG00000275454.1",0.000182848784055586,0.000749778474541613,0.000466313629298599
"ILF3-DT",0.000182848784055586,0.000749778474541613,0.000466313629298599
"CTU2",0.000182848784055586,0.000749778474541613,0.000466313629298599
"ZNF319",0.000182848784055586,0.000749778474541613,0.000466313629298599
"CLCN6",0.000182848784055586,0.000749778474541613,0.000466313629298599
"NABP1",0.000182848784055586,0.000749778474541613,0.000466313629298599
"ENOX1",0.00079234473090754,0.000136323359007566,0.000464334044957553
"DLG2",0.00079234473090754,0.000136323359007566,0.000464334044957553
"UPF3B",0.000243798378740781,0.00068161679503783,0.000462707586889306
"SMG1P4",0.000304747973425977,0.000613455115534047,0.000459101544480012
"KLHL28",0.000304747973425977,0.000613455115534047,0.000459101544480012
"TTLL1",0.000304747973425977,0.000613455115534047,0.000459101544480012
"ENSG00000276570.1",0.000304747973425977,0.000613455115534047,0.000459101544480012
"NUPR1",0.000304747973425977,0.000613455115534047,0.000459101544480012
"WNT4",0.000304747973425977,0.000613455115534047,0.000459101544480012
"RPA2",0.000304747973425977,0.000613455115534047,0.000459101544480012
"ZNF821",0.000304747973425977,0.000613455115534047,0.000459101544480012
"C3orf33",0.000304747973425977,0.000613455115534047,0.000459101544480012
"ZNF688",0.00091424392027793,0,0.000457121960138965
"APRT",0.00091424392027793,0,0.000457121960138965
"IRX6",0.00091424392027793,0,0.000457121960138965
"CCR3",0.00091424392027793,0,0.000457121960138965
"MGST3",0.00091424392027793,0,0.000457121960138965
"RPN2",0.00091424392027793,0,0.000457121960138965
"CACUL1",0.00091424392027793,0,0.000457121960138965
"TBCC",0.00091424392027793,0,0.000457121960138965
"ASH1L",0.00091424392027793,0,0.000457121960138965
"CCNK",0.00091424392027793,0,0.000457121960138965
"ENSG00000288832.1",0.00091424392027793,0,0.000457121960138965
"TSPAN5-DT",0.00091424392027793,0,0.000457121960138965
"IGF2R",0.00091424392027793,0,0.000457121960138965
"PHYKPL",0.00091424392027793,0,0.000457121960138965
"TUBB2B",0.00091424392027793,0,0.000457121960138965
"ARFGEF2",0.00091424392027793,0,0.000457121960138965
"TUSC3",0.00091424392027793,0,0.000457121960138965
"LINC02009",0.00091424392027793,0,0.000457121960138965
"LSP1P4",0.00091424392027793,0,0.000457121960138965
"ENSG00000258317.1",0.00091424392027793,0,0.000457121960138965
"SCIRT",0.00091424392027793,0,0.000457121960138965
"MYBL1",0.000365697568111172,0.000545293436030264,0.000455495502070718
"ZNF480",0.000365697568111172,0.000545293436030264,0.000455495502070718
"TCFL5",0.000426647162796367,0.000477131756526481,0.000451889459661424
"CDR2",0.000426647162796367,0.000477131756526481,0.000451889459661424
"WEE1",0.000426647162796367,0.000477131756526481,0.000451889459661424
"TUBB6",0.000426647162796367,0.000477131756526481,0.000451889459661424
"KLHL5",0.000426647162796367,0.000477131756526481,0.000451889459661424
"ULK3",0.000426647162796367,0.000477131756526481,0.000451889459661424
"DNAL4",0.000426647162796367,0.000477131756526481,0.000451889459661424
"HADHA",0.000426647162796367,0.000477131756526481,0.000451889459661424
"OSBPL9",0.000426647162796367,0.000477131756526481,0.000451889459661424
"ENSG00000279500.1",0.000426647162796367,0.000477131756526481,0.000451889459661424
"ENSG00000273599.1",0.000426647162796367,0.000477131756526481,0.000451889459661424
"TMEM185B",0.000426647162796367,0.000477131756526481,0.000451889459661424
"AGPAT2",0.000426647162796367,0.000477131756526481,0.000451889459661424
"VCAM1",0.000426647162796367,0.000477131756526481,0.000451889459661424
"RHOC",0.000426647162796367,0.000477131756526481,0.000451889459661424
"MYOD1",0.000426647162796367,0.000477131756526481,0.000451889459661424
"POR",0.000426647162796367,0.000477131756526481,0.000451889459661424
"UBIAD1",0.000426647162796367,0.000477131756526481,0.000451889459661424
"PPARD",0.000426647162796367,0.000477131756526481,0.000451889459661424
"CCNJ",0.000426647162796367,0.000477131756526481,0.000451889459661424
"HSP90AA1",0.000426647162796367,0.000477131756526481,0.000451889459661424
"ENSG00000284391.1",0.000426647162796367,0.000477131756526481,0.000451889459661424
"ENSG00000259366.2",0.000426647162796367,0.000477131756526481,0.000451889459661424
"MID1IP1",0.000426647162796367,0.000477131756526481,0.000451889459661424
"AMT",0.000426647162796367,0.000477131756526481,0.000451889459661424
"ITM2B",0.000426647162796367,0.000477131756526481,0.000451889459661424
"NCOA3",0.000426647162796367,0.000477131756526481,0.000451889459661424
"ENSG00000261663.1",0.000426647162796367,0.000477131756526481,0.000451889459661424
"ENSG00000188897.9",0.000426647162796367,0.000477131756526481,0.000451889459661424
"NUDCD1",0.000426647162796367,0.000477131756526481,0.000451889459661424
"VAMP3",0.000487596757481563,0.000408970077022698,0.00044828341725213
"KL",0.000487596757481563,0.000408970077022698,0.00044828341725213
"ENSG00000248015.7",0.000548546352166758,0.000340808397518915,0.000444677374842836
"KBTBD7",0.000548546352166758,0.000340808397518915,0.000444677374842836
"ZDHHC2",0.000548546352166758,0.000340808397518915,0.000444677374842836
"PCCA",0.000548546352166758,0.000340808397518915,0.000444677374842836
"ENSG00000247903.1",0.000548546352166758,0.000340808397518915,0.000444677374842836
"RBMS3-AS3",0.000548546352166758,0.000340808397518915,0.000444677374842836
"CCDC180",0.000548546352166758,0.000340808397518915,0.000444677374842836
"TMCC2",0.000548546352166758,0.000340808397518915,0.000444677374842836
"ARHGEF9",0.000548546352166758,0.000340808397518915,0.000444677374842836
"FAM168A",0.000548546352166758,0.000340808397518915,0.000444677374842836
"LPL",0,0.000886101833549179,0.000443050916774589
"MEX3D",0,0.000886101833549179,0.000443050916774589
"TNFRSF10A",0,0.000886101833549179,0.000443050916774589
"UBALD1",0,0.000886101833549179,0.000443050916774589
"ATP8B1",0,0.000886101833549179,0.000443050916774589
"ATP5PO",0,0.000886101833549179,0.000443050916774589
"GTPBP8",0,0.000886101833549179,0.000443050916774589
"PPP1R3D",0,0.000886101833549179,0.000443050916774589
"ACTN2",0,0.000886101833549179,0.000443050916774589
"ENSG00000250397.2",0,0.000886101833549179,0.000443050916774589
"CREB3",0,0.000886101833549179,0.000443050916774589
"KATNIP",0,0.000886101833549179,0.000443050916774589
"CES3",0,0.000886101833549179,0.000443050916774589
"MAP2K6",0,0.000886101833549179,0.000443050916774589
"CLCN4",0,0.000886101833549179,0.000443050916774589
"ENSG00000272779.1",0,0.000886101833549179,0.000443050916774589
"ENSG00000272668.2",0,0.000886101833549179,0.000443050916774589
"NOLC1",0.000609495946851953,0.000272646718015132,0.000441071332433543
"ENSG00000286970.1",0.000609495946851953,0.000272646718015132,0.000441071332433543
"GPAT4",0.000609495946851953,0.000272646718015132,0.000441071332433543
"PAX1",0.000609495946851953,0.000272646718015132,0.000441071332433543
"QSER1",0.000609495946851953,0.000272646718015132,0.000441071332433543
"UBXN11",0.000670445541537149,0.000204485038511349,0.000437465290024249
"REEP5",0.000670445541537149,0.000204485038511349,0.000437465290024249
"YWHAG",0.000670445541537149,0.000204485038511349,0.000437465290024249
"ALKBH8",0.000670445541537149,0.000204485038511349,0.000437465290024249
"GRK4",0.000670445541537149,0.000204485038511349,0.000437465290024249
"EIF5",0.000670445541537149,0.000204485038511349,0.000437465290024249
"SPECC1L",0.000670445541537149,0.000204485038511349,0.000437465290024249
"ENSG00000173727.13",0.000670445541537149,0.000204485038511349,0.000437465290024249
"ABRAXAS2",0.000670445541537149,0.000204485038511349,0.000437465290024249
"CCDC93",0.000670445541537149,0.000204485038511349,0.000437465290024249
"KLRA1P",0.000670445541537149,0.000204485038511349,0.000437465290024249
"C1QTNF9",0.000670445541537149,0.000204485038511349,0.000437465290024249
"NDRG2",0.000670445541537149,0.000204485038511349,0.000437465290024249
"FBXL5",0.000670445541537149,0.000204485038511349,0.000437465290024249
"ANAPC1P2",0.000121899189370391,0.000749778474541613,0.000435838831956002
"MAN1C1",0.000121899189370391,0.000749778474541613,0.000435838831956002
"ENSG00000250282.1",0.000731395136222344,0.000136323359007566,0.000433859247614955
"ARAP3",0.000731395136222344,0.000136323359007566,0.000433859247614955
"TAFAZZIN",0.000731395136222344,0.000136323359007566,0.000433859247614955
"OAZ2",0.000731395136222344,0.000136323359007566,0.000433859247614955
"ENSG00000227766.1",0.00079234473090754,6.8161679503783e-05,0.000430253205205661
"SMTNL1",0.00079234473090754,6.8161679503783e-05,0.000430253205205661
"NT5C3A",0.000243798378740781,0.000613455115534047,0.000428626747137414
"SLC5A1",0.000243798378740781,0.000613455115534047,0.000428626747137414
"NOTCH4",0.000243798378740781,0.000613455115534047,0.000428626747137414
"ESF1",0.000243798378740781,0.000613455115534047,0.000428626747137414
"MCC",0.000853294325592735,0,0.000426647162796367
"BCKDHA",0.000853294325592735,0,0.000426647162796367
"HLA-DRB1",0.000853294325592735,0,0.000426647162796367
"ZNF514",0.000853294325592735,0,0.000426647162796367
"TTLL11",0.000853294325592735,0,0.000426647162796367
"RAB40B",0.000853294325592735,0,0.000426647162796367
"IL6ST",0.000853294325592735,0,0.000426647162796367
"KIF1B",0.000853294325592735,0,0.000426647162796367
"TAPBP",0.000853294325592735,0,0.000426647162796367
"DGAT1",0.000853294325592735,0,0.000426647162796367
"CENPBD1",0.000853294325592735,0,0.000426647162796367
"ZNF35",0.000853294325592735,0,0.000426647162796367
"DUSP23",0.000853294325592735,0,0.000426647162796367
"MYG1",0.000853294325592735,0,0.000426647162796367
"PITPNM2",0.000853294325592735,0,0.000426647162796367
"ENSG00000259868.3",0.000853294325592735,0,0.000426647162796367
"MPLKIP",0.000853294325592735,0,0.000426647162796367
"ADCY9",0.000853294325592735,0,0.000426647162796367
"FAM181A",0.000853294325592735,0,0.000426647162796367
"ADAM10",0.000853294325592735,0,0.000426647162796367
"ODF3B",0.000853294325592735,0,0.000426647162796367
"ARIH2OS",0.000853294325592735,0,0.000426647162796367
"RASA4CP",0.000304747973425977,0.000545293436030264,0.00042502070472812
"LMOD2",0.000304747973425977,0.000545293436030264,0.00042502070472812
"TTC39B",0.000304747973425977,0.000545293436030264,0.00042502070472812
"ENSG00000288748.1",0.000304747973425977,0.000545293436030264,0.00042502070472812
"TRIM35",0.000365697568111172,0.000477131756526481,0.000421414662318826
"RIC1",0.000365697568111172,0.000477131756526481,0.000421414662318826
"GPT",0.000426647162796367,0.000408970077022698,0.000417808619909533
"ATPSCKMT",0.000426647162796367,0.000408970077022698,0.000417808619909533
"CCDC18",0.000426647162796367,0.000408970077022698,0.000417808619909533
"SCARB2",0.000426647162796367,0.000408970077022698,0.000417808619909533
"ZNF169",0.000426647162796367,0.000408970077022698,0.000417808619909533
"SLC15A3",0.000426647162796367,0.000408970077022698,0.000417808619909533
"SYNPO2L-AS1",0.000487596757481563,0.000340808397518915,0.000414202577500239
"ENSG00000287562.1",0.000487596757481563,0.000340808397518915,0.000414202577500239
"SGTB",0.000487596757481563,0.000340808397518915,0.000414202577500239
"TCEANC",0.000487596757481563,0.000340808397518915,0.000414202577500239
"PPP2R3A",0.000487596757481563,0.000340808397518915,0.000414202577500239
"ENSG00000239665.8",0.000487596757481563,0.000340808397518915,0.000414202577500239
"CFAP46",0.000548546352166758,0.000272646718015132,0.000410596535090945
"TRIM27",0.000548546352166758,0.000272646718015132,0.000410596535090945
"MCMBP",0.000548546352166758,0.000272646718015132,0.000410596535090945
"GBP2",0.000548546352166758,0.000272646718015132,0.000410596535090945
"ATM",0.000548546352166758,0.000272646718015132,0.000410596535090945
"HSPB6",0.000548546352166758,0.000272646718015132,0.000410596535090945
"SH3BP5",0.000548546352166758,0.000272646718015132,0.000410596535090945
"FAM98A",0.000548546352166758,0.000272646718015132,0.000410596535090945
"SURF2",0.000548546352166758,0.000272646718015132,0.000410596535090945
"RAB3GAP2",0,0.000817940154045396,0.000408970077022698
"PRDM2",0,0.000817940154045396,0.000408970077022698
"MAP1B",0,0.000817940154045396,0.000408970077022698
"DSTNP2",0,0.000817940154045396,0.000408970077022698
"PLCXD2",0,0.000817940154045396,0.000408970077022698
"ENSG00000235296.1",0,0.000817940154045396,0.000408970077022698
"PSMD13",0,0.000817940154045396,0.000408970077022698
"DRC3",0,0.000817940154045396,0.000408970077022698
"GON7",0,0.000817940154045396,0.000408970077022698
"DSCC1",0,0.000817940154045396,0.000408970077022698
"PLAGL2",0,0.000817940154045396,0.000408970077022698
"ENSG00000278576.1",0,0.000817940154045396,0.000408970077022698
"CARD8-AS1",0,0.000817940154045396,0.000408970077022698
"ENSG00000262580.5",0,0.000817940154045396,0.000408970077022698
"LINC01634",0,0.000817940154045396,0.000408970077022698
"CAST",0,0.000817940154045396,0.000408970077022698
"CSRP3",0,0.000817940154045396,0.000408970077022698
"TUBA1B",0,0.000817940154045396,0.000408970077022698
"PDE8A",0,0.000817940154045396,0.000408970077022698
"BAIAP2-DT",0,0.000817940154045396,0.000408970077022698
"DENND2C",0,0.000817940154045396,0.000408970077022698
"GDNF",0,0.000817940154045396,0.000408970077022698
"ANKS3",0,0.000817940154045396,0.000408970077022698
"PRKAA2",0,0.000817940154045396,0.000408970077022698
"PDE9A",0,0.000817940154045396,0.000408970077022698
"PLA2R1",0,0.000817940154045396,0.000408970077022698
"KCNMB4",0,0.000817940154045396,0.000408970077022698
"PRRG3",0,0.000817940154045396,0.000408970077022698
"ATG2A",0,0.000817940154045396,0.000408970077022698
"BCL7B",0,0.000817940154045396,0.000408970077022698
"C1QTNF3",0,0.000817940154045396,0.000408970077022698
"H4-16",0,0.000817940154045396,0.000408970077022698
"LIPT2",0,0.000817940154045396,0.000408970077022698
"NECTIN2",0.000609495946851953,0.000204485038511349,0.000406990492681651
"HOXA13",0.000609495946851953,0.000204485038511349,0.000406990492681651
"SNAP47",0.000609495946851953,0.000204485038511349,0.000406990492681651
"PDE7A",0.000609495946851953,0.000204485038511349,0.000406990492681651
"FAM120AOS",0.000609495946851953,0.000204485038511349,0.000406990492681651
"VPS39",0.000609495946851953,0.000204485038511349,0.000406990492681651
"ARRDC2",0.000609495946851953,0.000204485038511349,0.000406990492681651
"TBL1XR1",6.09495946851953e-05,0.000749778474541613,0.000405364034613404
"C10orf95-AS1",6.09495946851953e-05,0.000749778474541613,0.000405364034613404
"COL4A2",0.000670445541537149,0.000136323359007566,0.000403384450272357
"SF3B2",0.000121899189370391,0.00068161679503783,0.00040175799220411
"PCDH19",0.000121899189370391,0.00068161679503783,0.00040175799220411
"DENND4B",0.000731395136222344,6.8161679503783e-05,0.000399778407863064
"FLII",0.000731395136222344,6.8161679503783e-05,0.000399778407863064
"AOPEP",0.000182848784055586,0.000613455115534047,0.000398151949794816
"ENSG00000248538.9",0.000182848784055586,0.000613455115534047,0.000398151949794816
"ENSG00000235263.1",0.000182848784055586,0.000613455115534047,0.000398151949794816
"PERM1",0.000182848784055586,0.000613455115534047,0.000398151949794816
"PIH1D1",0.000182848784055586,0.000613455115534047,0.000398151949794816
"BRCA1",0.000182848784055586,0.000613455115534047,0.000398151949794816
"IGFLR1",0.000182848784055586,0.000613455115534047,0.000398151949794816
"RARB",0.00079234473090754,0,0.00039617236545377
"PXN",0.00079234473090754,0,0.00039617236545377
"KMT5A",0.00079234473090754,0,0.00039617236545377
"ENSG00000280152.1",0.00079234473090754,0,0.00039617236545377
"ENSG00000253389.2",0.00079234473090754,0,0.00039617236545377
"WSB1",0.00079234473090754,0,0.00039617236545377
"TAB1",0.00079234473090754,0,0.00039617236545377
"GATC",0.00079234473090754,0,0.00039617236545377
"LINC00649",0.00079234473090754,0,0.00039617236545377
"C10orf71",0.00079234473090754,0,0.00039617236545377
"ENSG00000214708.4",0.00079234473090754,0,0.00039617236545377
"MT-TN",0.00079234473090754,0,0.00039617236545377
"GEN1",0.00079234473090754,0,0.00039617236545377
"PTCHD1",0.00079234473090754,0,0.00039617236545377
"ZNF827",0.00079234473090754,0,0.00039617236545377
"FAM117A",0.00079234473090754,0,0.00039617236545377
"NKG7",0.00079234473090754,0,0.00039617236545377
"MRPL20-DT",0.00079234473090754,0,0.00039617236545377
"TTC9C",0.00079234473090754,0,0.00039617236545377
"ENSG00000284057.1",0.00079234473090754,0,0.00039617236545377
"ENSG00000242282.6",0.00079234473090754,0,0.00039617236545377
"ZC3HAV1L",0.00079234473090754,0,0.00039617236545377
"WDSUB1",0.00079234473090754,0,0.00039617236545377
"MET",0.00079234473090754,0,0.00039617236545377
"TUT7",0.000243798378740781,0.000545293436030264,0.000394545907385523
"PHYHD1",0.000304747973425977,0.000477131756526481,0.000390939864976229
"FBXL7",0.000304747973425977,0.000477131756526481,0.000390939864976229
"MAP1LC3B2",0.000304747973425977,0.000477131756526481,0.000390939864976229
"LRRN2",0.000304747973425977,0.000477131756526481,0.000390939864976229
"CLCF1",0.000365697568111172,0.000408970077022698,0.000387333822566935
"MBNL3",0.000365697568111172,0.000408970077022698,0.000387333822566935
"SCAND2P",0.000426647162796367,0.000340808397518915,0.000383727780157641
"ENSG00000262050.1",0.000426647162796367,0.000340808397518915,0.000383727780157641
"RBM38-AS1",0.000426647162796367,0.000340808397518915,0.000383727780157641
"NAA30",0.000426647162796367,0.000340808397518915,0.000383727780157641
"BCKDHB",0.000426647162796367,0.000340808397518915,0.000383727780157641
"NCOR2",0.000426647162796367,0.000340808397518915,0.000383727780157641
"SUGT1P4-STRA6LP-CCDC180",0.000426647162796367,0.000340808397518915,0.000383727780157641
"ENSG00000230715.3",0.000426647162796367,0.000340808397518915,0.000383727780157641
"MTA3",0.000426647162796367,0.000340808397518915,0.000383727780157641
"STK32A",0.000426647162796367,0.000340808397518915,0.000383727780157641
"MZF1",0.000426647162796367,0.000340808397518915,0.000383727780157641
"POLA2",0.000426647162796367,0.000340808397518915,0.000383727780157641
"PARS2",0.000426647162796367,0.000340808397518915,0.000383727780157641
"AATBC",0.000426647162796367,0.000340808397518915,0.000383727780157641
"MMADHC",0.000487596757481563,0.000272646718015132,0.000380121737748347
"ZNF384",0.000487596757481563,0.000272646718015132,0.000380121737748347
"CCDC28A",0.000487596757481563,0.000272646718015132,0.000380121737748347
"ZNF658B",0.000548546352166758,0.000204485038511349,0.000376515695339053
"DDRGK1",0.000548546352166758,0.000204485038511349,0.000376515695339053
"PLEKHA8P1",0.000548546352166758,0.000204485038511349,0.000376515695339053
"AKIRIN1",0.000548546352166758,0.000204485038511349,0.000376515695339053
"HOXB6",0.000548546352166758,0.000204485038511349,0.000376515695339053
"RGMB",0.000548546352166758,0.000204485038511349,0.000376515695339053
"RMRP",0.000548546352166758,0.000204485038511349,0.000376515695339053
"NKAPP1",0.000548546352166758,0.000204485038511349,0.000376515695339053
"DDX56",0.000548546352166758,0.000204485038511349,0.000376515695339053
"RPL26P6",0,0.000749778474541613,0.000374889237270806
"EDRF1-DT",0,0.000749778474541613,0.000374889237270806
"LRSAM1",0,0.000749778474541613,0.000374889237270806
"ELMOD1",0,0.000749778474541613,0.000374889237270806
"MZF1-AS1",0,0.000749778474541613,0.000374889237270806
"GCC1",0,0.000749778474541613,0.000374889237270806
"PWP1",0,0.000749778474541613,0.000374889237270806
"MAP3K4",0,0.000749778474541613,0.000374889237270806
"KIAA1191",0,0.000749778474541613,0.000374889237270806
"ASIC3",0,0.000749778474541613,0.000374889237270806
"CPT1B",0,0.000749778474541613,0.000374889237270806
"B3GNTL1",0,0.000749778474541613,0.000374889237270806
"CARNMT1",0,0.000749778474541613,0.000374889237270806
"VTI1A",0,0.000749778474541613,0.000374889237270806
"ITPA",0,0.000749778474541613,0.000374889237270806
"PSME2",0,0.000749778474541613,0.000374889237270806
"GATB",0,0.000749778474541613,0.000374889237270806
"TBC1D22A",0,0.000749778474541613,0.000374889237270806
"NONO",0,0.000749778474541613,0.000374889237270806
"HRK",0,0.000749778474541613,0.000374889237270806
"MCF2L",0,0.000749778474541613,0.000374889237270806
"ABL1",0,0.000749778474541613,0.000374889237270806
"HEXA",0,0.000749778474541613,0.000374889237270806
"NCR3LG1",0,0.000749778474541613,0.000374889237270806
"CSK",0,0.000749778474541613,0.000374889237270806
"CERK",0,0.000749778474541613,0.000374889237270806
"CDC42",0,0.000749778474541613,0.000374889237270806
"TRHDE-AS1",0,0.000749778474541613,0.000374889237270806
"ASB15-AS1",0,0.000749778474541613,0.000374889237270806
"BOLA1",0,0.000749778474541613,0.000374889237270806
"SAMD9L",0,0.000749778474541613,0.000374889237270806
"VANGL2",0,0.000749778474541613,0.000374889237270806
"SETDB1",0,0.000749778474541613,0.000374889237270806
"CSAD",0,0.000749778474541613,0.000374889237270806
"AMDHD1",0,0.000749778474541613,0.000374889237270806
"TMEM63B",0,0.000749778474541613,0.000374889237270806
"FTSJ3",0,0.000749778474541613,0.000374889237270806
"ENSG00000283189.2",0,0.000749778474541613,0.000374889237270806
"CDC123",0,0.000749778474541613,0.000374889237270806
"RASL10A",0.000609495946851953,0.000136323359007566,0.00037290965292976
"POLR2J4",0.000609495946851953,0.000136323359007566,0.00037290965292976
"SPIN2A",0.000609495946851953,0.000136323359007566,0.00037290965292976
"DHRS11",0.000670445541537149,6.8161679503783e-05,0.000369303610520466
"ACOT9",0.000670445541537149,6.8161679503783e-05,0.000369303610520466
"MYL12A",0.000670445541537149,6.8161679503783e-05,0.000369303610520466
"ACSS3",0.000670445541537149,6.8161679503783e-05,0.000369303610520466
"LAMB1",0.000121899189370391,0.000613455115534047,0.000367677152452219
"PDLIM7",0.000121899189370391,0.000613455115534047,0.000367677152452219
"ADH1C",0.000121899189370391,0.000613455115534047,0.000367677152452219
"EXOC7",0.000121899189370391,0.000613455115534047,0.000367677152452219
"SEMA5B",0.000121899189370391,0.000613455115534047,0.000367677152452219
"CAMK2A",0.000121899189370391,0.000613455115534047,0.000367677152452219
"ATG101",0.000731395136222344,0,0.000365697568111172
"TLE4",0.000731395136222344,0,0.000365697568111172
"MARCHF3",0.000731395136222344,0,0.000365697568111172
"ZNF394",0.000731395136222344,0,0.000365697568111172
"UBE2Z",0.000731395136222344,0,0.000365697568111172
"POGK",0.000731395136222344,0,0.000365697568111172
"TBC1D9",0.000731395136222344,0,0.000365697568111172
"ENSG00000288849.1",0.000731395136222344,0,0.000365697568111172
"FLJ38576",0.000731395136222344,0,0.000365697568111172
"ENSG00000279207.1",0.000731395136222344,0,0.000365697568111172
"PGAM5",0.000731395136222344,0,0.000365697568111172
"ENSG00000243155.1",0.000731395136222344,0,0.000365697568111172
"VARS1",0.000731395136222344,0,0.000365697568111172
"KIFBP",0.000731395136222344,0,0.000365697568111172
"MROH1",0.000731395136222344,0,0.000365697568111172
"ZFPM1",0.000731395136222344,0,0.000365697568111172
"PNPLA2",0.000731395136222344,0,0.000365697568111172
"CKAP5",0.000731395136222344,0,0.000365697568111172
"FAM86JP",0.000731395136222344,0,0.000365697568111172
"SERPINI1",0.000731395136222344,0,0.000365697568111172
"C7orf50",0.000731395136222344,0,0.000365697568111172
"MMUT",0.000731395136222344,0,0.000365697568111172
"SLC47A1",0.000731395136222344,0,0.000365697568111172
"TBRG4",0.000731395136222344,0,0.000365697568111172
"TMEM204",0.000731395136222344,0,0.000365697568111172
"MRPS26",0.000731395136222344,0,0.000365697568111172
"WBP4",0.000731395136222344,0,0.000365697568111172
"COX7A2L",0.000731395136222344,0,0.000365697568111172
"MRPL3",0.000731395136222344,0,0.000365697568111172
"ACBD5",0.000731395136222344,0,0.000365697568111172
"SGTA",0.000731395136222344,0,0.000365697568111172
"IGDCC4",0.000731395136222344,0,0.000365697568111172
"CLN5",0.000731395136222344,0,0.000365697568111172
"ISOC1",0.000731395136222344,0,0.000365697568111172
"PSMC4",0.000731395136222344,0,0.000365697568111172
"TMEM167B",0.000731395136222344,0,0.000365697568111172
"DNLZ",0.000731395136222344,0,0.000365697568111172
"DUSP3",0.000731395136222344,0,0.000365697568111172
"DNAJB6",0.000731395136222344,0,0.000365697568111172
"PLRG1",0.000731395136222344,0,0.000365697568111172
"IL34",0.000731395136222344,0,0.000365697568111172
"IFI44L",0.000731395136222344,0,0.000365697568111172
"PLGLB2",0.000731395136222344,0,0.000365697568111172
"ENSG00000261130.5",0.000731395136222344,0,0.000365697568111172
"ZMYM1",0.000731395136222344,0,0.000365697568111172
"CAPN10-DT",0.000182848784055586,0.000545293436030264,0.000364071110042925
"TOM1L2",0.000182848784055586,0.000545293436030264,0.000364071110042925
"IPO9",0.000243798378740781,0.000477131756526481,0.000360465067633631
"NDRG1",0.000243798378740781,0.000477131756526481,0.000360465067633631
"ZMYND8",0.000243798378740781,0.000477131756526481,0.000360465067633631
"ENSG00000285130.2",0.000365697568111172,0.000340808397518915,0.000353252982815043
"ELFN1",0.000365697568111172,0.000340808397518915,0.000353252982815043
"CDADC1",0.000365697568111172,0.000340808397518915,0.000353252982815043
"RAD17",0.000365697568111172,0.000340808397518915,0.000353252982815043
"HIPK2",0.000365697568111172,0.000340808397518915,0.000353252982815043
"TUT4",0.000426647162796367,0.000272646718015132,0.00034964694040575
"TBL2",0.000426647162796367,0.000272646718015132,0.00034964694040575
"NUMBL",0.000426647162796367,0.000272646718015132,0.00034964694040575
"ANXA2",0.000426647162796367,0.000272646718015132,0.00034964694040575
"NAPG",0.000426647162796367,0.000272646718015132,0.00034964694040575
"NOS1",0.000426647162796367,0.000272646718015132,0.00034964694040575
"UBE2G1",0.000426647162796367,0.000272646718015132,0.00034964694040575
"ENSG00000289609.1",0.000426647162796367,0.000272646718015132,0.00034964694040575
"TM4SF1",0.000426647162796367,0.000272646718015132,0.00034964694040575
"SPART",0.000426647162796367,0.000272646718015132,0.00034964694040575
"UBE2A",0.000426647162796367,0.000272646718015132,0.00034964694040575
"MNAT1",0.000426647162796367,0.000272646718015132,0.00034964694040575
"BEND3P3",0.000426647162796367,0.000272646718015132,0.00034964694040575
"ZNF41",0.000426647162796367,0.000272646718015132,0.00034964694040575
"FLT4",0.000426647162796367,0.000272646718015132,0.00034964694040575
"CRAMP1",0.000426647162796367,0.000272646718015132,0.00034964694040575
"ESR2",0.000426647162796367,0.000272646718015132,0.00034964694040575
"HECW2",0.000426647162796367,0.000272646718015132,0.00034964694040575
"HEXIM1",0.000487596757481563,0.000204485038511349,0.000346040897996456
"DHTKD1",0.000548546352166758,0.000136323359007566,0.000342434855587162
"IL20RB",0.000548546352166758,0.000136323359007566,0.000342434855587162
"NPIPB6",0,0.00068161679503783,0.000340808397518915
"FUT11",0,0.00068161679503783,0.000340808397518915
"ANKRD39",0,0.00068161679503783,0.000340808397518915
"ENSG00000279283.1",0,0.00068161679503783,0.000340808397518915
"ENSG00000272077.1",0,0.00068161679503783,0.000340808397518915
"PDE1C",0,0.00068161679503783,0.000340808397518915
"CCNG2",0,0.00068161679503783,0.000340808397518915
"EID2",0,0.00068161679503783,0.000340808397518915
"NBPF12",0,0.00068161679503783,0.000340808397518915
"NAA80",0,0.00068161679503783,0.000340808397518915
"HLA-DMB",0,0.00068161679503783,0.000340808397518915
"PKD1L1",0,0.00068161679503783,0.000340808397518915
"YIPF2",0,0.00068161679503783,0.000340808397518915
"NLRP1",0,0.00068161679503783,0.000340808397518915
"SART3",0,0.00068161679503783,0.000340808397518915
"ZNF829",0,0.00068161679503783,0.000340808397518915
"ENSG00000272918.1",0,0.00068161679503783,0.000340808397518915
"FARSA",0.000609495946851953,6.8161679503783e-05,0.000338828813177868
"MAFA",0.000609495946851953,6.8161679503783e-05,0.000338828813177868
"GTF3C5",6.09495946851953e-05,0.000613455115534047,0.000337202355109621
"SPOP",0.000670445541537149,0,0.000335222770768574
"ENSG00000287356.1",0.000670445541537149,0,0.000335222770768574
"ENSG00000281571.2",0.000670445541537149,0,0.000335222770768574
"RAP1A",0.000670445541537149,0,0.000335222770768574
"NAGPA",0.000670445541537149,0,0.000335222770768574
"RTCB",0.000670445541537149,0,0.000335222770768574
"SLC52A3",0.000670445541537149,0,0.000335222770768574
"SMYD3",0.000670445541537149,0,0.000335222770768574
"CASP7",0.000670445541537149,0,0.000335222770768574
"PTPN12",0.000670445541537149,0,0.000335222770768574
"BCL7A",0.000670445541537149,0,0.000335222770768574
"ENSG00000285756.2",0.000670445541537149,0,0.000335222770768574
"ENSG00000251602.7",0.000670445541537149,0,0.000335222770768574
"RPL17-C18orf32",0.000670445541537149,0,0.000335222770768574
"SND1",0.000670445541537149,0,0.000335222770768574
"INPP5J",0.000670445541537149,0,0.000335222770768574
"PI4KAP2",0.000670445541537149,0,0.000335222770768574
"CYYR1",0.000670445541537149,0,0.000335222770768574
"TMEM144",0.000670445541537149,0,0.000335222770768574
"POLR3K",0.000670445541537149,0,0.000335222770768574
"PPP1R16A",0.000670445541537149,0,0.000335222770768574
"ATP6V0D1",0.000670445541537149,0,0.000335222770768574
"DPH3",0.000670445541537149,0,0.000335222770768574
"TATDN1",0.000670445541537149,0,0.000335222770768574
"SNRPG",0.000670445541537149,0,0.000335222770768574
"SUSD4",0.000670445541537149,0,0.000335222770768574
"SLC5A6",0.000670445541537149,0,0.000335222770768574
"MRPL35",0.000670445541537149,0,0.000335222770768574
"NDUFAF4",0.000670445541537149,0,0.000335222770768574
"MYOT",0.000670445541537149,0,0.000335222770768574
"PSMD14",0.000670445541537149,0,0.000335222770768574
"CEP70",0.000670445541537149,0,0.000335222770768574
"FAM162A",0.000670445541537149,0,0.000335222770768574
"PANX1",0.000670445541537149,0,0.000335222770768574
"SUGP1",0.000670445541537149,0,0.000335222770768574
"CHMP4B",0.000670445541537149,0,0.000335222770768574
"THPO",0.000670445541537149,0,0.000335222770768574
"KIF16B",0.000670445541537149,0,0.000335222770768574
"EFR3B",0.000670445541537149,0,0.000335222770768574
"NSUN2",0.000670445541537149,0,0.000335222770768574
"H2AC6",0.000670445541537149,0,0.000335222770768574
"ENSG00000273763.3",0.000670445541537149,0,0.000335222770768574
"ENSG00000227704.2",0.000670445541537149,0,0.000335222770768574
"NBEA",0.000670445541537149,0,0.000335222770768574
"RBP1",0.000670445541537149,0,0.000335222770768574
"HRCT1",0.000670445541537149,0,0.000335222770768574
"XKR8",0.000670445541537149,0,0.000335222770768574
"GSTM1",0.000670445541537149,0,0.000335222770768574
"RBMS2",0.000670445541537149,0,0.000335222770768574
"ANKIB1",0.000670445541537149,0,0.000335222770768574
"COMMD1",0.000670445541537149,0,0.000335222770768574
"SCARNA7",0.000670445541537149,0,0.000335222770768574
"GRIN3A",0.000670445541537149,0,0.000335222770768574
"VPS33A",0.000670445541537149,0,0.000335222770768574
"ANKRD10-IT1",0.000670445541537149,0,0.000335222770768574
"ZBTB26",0.000670445541537149,0,0.000335222770768574
"CEP43",0.000670445541537149,0,0.000335222770768574
"LINC00304",0.000670445541537149,0,0.000335222770768574
"TEC",0.000121899189370391,0.000545293436030264,0.000333596312700327
"COMMD5",0.000182848784055586,0.000477131756526481,0.000329990270291033
"MUC20",0.000243798378740781,0.000408970077022698,0.00032638422788174
"ZNF544",0.000243798378740781,0.000408970077022698,0.00032638422788174
"ZNF180",0.000243798378740781,0.000408970077022698,0.00032638422788174
"ZNF276",0.000304747973425977,0.000340808397518915,0.000322778185472446
"SH3TC2",0.000304747973425977,0.000340808397518915,0.000322778185472446
"CTHRC1",0.000304747973425977,0.000340808397518915,0.000322778185472446
"PDZRN4",0.000304747973425977,0.000340808397518915,0.000322778185472446
"RNF217-AS1",0.000365697568111172,0.000272646718015132,0.000319172143063152
"SLC25A22",0.000365697568111172,0.000272646718015132,0.000319172143063152
"ENSG00000260400.1",0.000365697568111172,0.000272646718015132,0.000319172143063152
"RNU4-2",0.000365697568111172,0.000272646718015132,0.000319172143063152
"KBTBD3",0.000426647162796367,0.000204485038511349,0.000315566100653858
"UQCRHL",0.000426647162796367,0.000204485038511349,0.000315566100653858
"BZW2",0.000426647162796367,0.000204485038511349,0.000315566100653858
"XPO7",0.000426647162796367,0.000204485038511349,0.000315566100653858
"SLC2A9",0.000426647162796367,0.000204485038511349,0.000315566100653858
"ZNF45",0.000426647162796367,0.000204485038511349,0.000315566100653858
"WDR83",0.000426647162796367,0.000204485038511349,0.000315566100653858
"NSMCE3",0.000426647162796367,0.000204485038511349,0.000315566100653858
"LRRC14B",0.000426647162796367,0.000204485038511349,0.000315566100653858
"MFSD5",0.000426647162796367,0.000204485038511349,0.000315566100653858
"TRIM55",0.000426647162796367,0.000204485038511349,0.000315566100653858
"RCBTB1",0.000426647162796367,0.000204485038511349,0.000315566100653858
"CIT",0.000426647162796367,0.000204485038511349,0.000315566100653858
"ZNF638",0.000426647162796367,0.000204485038511349,0.000315566100653858
"SLC50A1",0.000426647162796367,0.000204485038511349,0.000315566100653858
"ZNF226",0.000426647162796367,0.000204485038511349,0.000315566100653858
"ATG3",0.000426647162796367,0.000204485038511349,0.000315566100653858
"ALDH7A1",0.000487596757481563,0.000136323359007566,0.000311960058244564
"ALG5",0.000487596757481563,0.000136323359007566,0.000311960058244564
"MLLT6",0.000487596757481563,0.000136323359007566,0.000311960058244564
"ITGA7",0.000548546352166758,6.8161679503783e-05,0.000308354015835271
"U2AF2",0.000548546352166758,6.8161679503783e-05,0.000308354015835271
"PSMB4",0.000548546352166758,6.8161679503783e-05,0.000308354015835271
"SLX1A-SULT1A3",0,0.000613455115534047,0.000306727557767023
"C6orf163",0,0.000613455115534047,0.000306727557767023
"C1GALT1C1",0,0.000613455115534047,0.000306727557767023
"KLHL31",0,0.000613455115534047,0.000306727557767023
"PHF5A",0,0.000613455115534047,0.000306727557767023
"VMP1",0,0.000613455115534047,0.000306727557767023
"RNF19A",0,0.000613455115534047,0.000306727557767023
"NFE2L1-DT",0,0.000613455115534047,0.000306727557767023
"TAF5",0,0.000613455115534047,0.000306727557767023
"BIRC6",0,0.000613455115534047,0.000306727557767023
"REXO1",0,0.000613455115534047,0.000306727557767023
"SELENOK",0,0.000613455115534047,0.000306727557767023
"INTS6",0,0.000613455115534047,0.000306727557767023
"GATD3B",0,0.000613455115534047,0.000306727557767023
"CYFIP1",0,0.000613455115534047,0.000306727557767023
"ENSG00000260917.1",0,0.000613455115534047,0.000306727557767023
"GALT",0,0.000613455115534047,0.000306727557767023
"ENTPD7",0,0.000613455115534047,0.000306727557767023
"TMEM120A",0,0.000613455115534047,0.000306727557767023
"FAF1",0,0.000613455115534047,0.000306727557767023
"SHKBP1",0,0.000613455115534047,0.000306727557767023
"MIX23",0,0.000613455115534047,0.000306727557767023
"CREB3L4",0,0.000613455115534047,0.000306727557767023
"PREB",0,0.000613455115534047,0.000306727557767023
"CNDP2",0,0.000613455115534047,0.000306727557767023
"OSGEPL1",0,0.000613455115534047,0.000306727557767023
"NUP93",0,0.000613455115534047,0.000306727557767023
"ARL17B",0,0.000613455115534047,0.000306727557767023
"ENSG00000227544.10",0,0.000613455115534047,0.000306727557767023
"RASGRP4",0,0.000613455115534047,0.000306727557767023
"TLCD4",0,0.000613455115534047,0.000306727557767023
"MDH1B",0,0.000613455115534047,0.000306727557767023
"FAM124B",0,0.000613455115534047,0.000306727557767023
"MTERF2",0,0.000613455115534047,0.000306727557767023
"ADAM23",0,0.000613455115534047,0.000306727557767023
"SMOC2",0,0.000613455115534047,0.000306727557767023
"LZTS2",0,0.000613455115534047,0.000306727557767023
"TOP2B",0,0.000613455115534047,0.000306727557767023
"LRRC40",0,0.000613455115534047,0.000306727557767023
"TOR4A",0,0.000613455115534047,0.000306727557767023
"ZNF749",0,0.000613455115534047,0.000306727557767023
"HOMER1",0,0.000613455115534047,0.000306727557767023
"GRIP2",0,0.000613455115534047,0.000306727557767023
"ELAC1",0,0.000613455115534047,0.000306727557767023
"KIFC3",0,0.000613455115534047,0.000306727557767023
"GNL3L",0,0.000613455115534047,0.000306727557767023
"TCTN3",0,0.000613455115534047,0.000306727557767023
"TNKS2",0,0.000613455115534047,0.000306727557767023
"DENND3",0,0.000613455115534047,0.000306727557767023
"DNAJC3",0,0.000613455115534047,0.000306727557767023
"VAPA",0,0.000613455115534047,0.000306727557767023
"MYO9B",0,0.000613455115534047,0.000306727557767023
"WASHC2A",0,0.000613455115534047,0.000306727557767023
"ZNF343",0,0.000613455115534047,0.000306727557767023
"CCDC163",0,0.000613455115534047,0.000306727557767023
"ENSG00000272510.1",0,0.000613455115534047,0.000306727557767023
"ENSG00000268205.1",0,0.000613455115534047,0.000306727557767023
"ENSG00000268119.7",0,0.000613455115534047,0.000306727557767023
"ZBED3-AS1",0,0.000613455115534047,0.000306727557767023
"RCSD1",0,0.000613455115534047,0.000306727557767023
"RHNO1",0,0.000613455115534047,0.000306727557767023
"P2RY6",0,0.000613455115534047,0.000306727557767023
"DVL3",0,0.000613455115534047,0.000306727557767023
"ABCA10",0,0.000613455115534047,0.000306727557767023
"WDR33",0,0.000613455115534047,0.000306727557767023
"CCDC61",0,0.000613455115534047,0.000306727557767023
"PORCN",0,0.000613455115534047,0.000306727557767023
"ANKRD24",0,0.000613455115534047,0.000306727557767023
"SLC46A1",0,0.000613455115534047,0.000306727557767023
"TLL1",0,0.000613455115534047,0.000306727557767023
"CSNK1A1",0,0.000613455115534047,0.000306727557767023
"CLDN1",0,0.000613455115534047,0.000306727557767023
"CYP46A1",0,0.000613455115534047,0.000306727557767023
"BRD4",0.000609495946851953,0,0.000304747973425977
"MSL1",0.000609495946851953,0,0.000304747973425977
"NCK2",0.000609495946851953,0,0.000304747973425977
"RAB9A",0.000609495946851953,0,0.000304747973425977
"DCAF12",0.000609495946851953,0,0.000304747973425977
"STIP1",0.000609495946851953,0,0.000304747973425977
"SLC16A9",0.000609495946851953,0,0.000304747973425977
"MACROH2A1",0.000609495946851953,0,0.000304747973425977
"NUFIP1",0.000609495946851953,0,0.000304747973425977
"XPO1",0.000609495946851953,0,0.000304747973425977
"USF1",0.000609495946851953,0,0.000304747973425977
"MX1",0.000609495946851953,0,0.000304747973425977
"DYNC1LI2",0.000609495946851953,0,0.000304747973425977
"CDK7",0.000609495946851953,0,0.000304747973425977
"RPL36",0.000609495946851953,0,0.000304747973425977
"ANKRD54",0.000609495946851953,0,0.000304747973425977
"TAF11",0.000609495946851953,0,0.000304747973425977
"ENSG00000286883.1",0.000609495946851953,0,0.000304747973425977
"ZNF34",0.000609495946851953,0,0.000304747973425977
"HOXC9",0.000609495946851953,0,0.000304747973425977
"PRIMA1",0.000609495946851953,0,0.000304747973425977
"ZNF248",0.000609495946851953,0,0.000304747973425977
"TRIM24",6.09495946851953e-05,0.000545293436030264,0.00030312151535773
"ENSG00000275367.1",0.000121899189370391,0.000477131756526481,0.000299515472948436
"ENSG00000267784.1",0.000121899189370391,0.000477131756526481,0.000299515472948436
"CDK10",0.000121899189370391,0.000477131756526481,0.000299515472948436
"CCR10",0.000121899189370391,0.000477131756526481,0.000299515472948436
"ATP7B",0.000121899189370391,0.000477131756526481,0.000299515472948436
"TNFAIP1",0.000121899189370391,0.000477131756526481,0.000299515472948436
"LCN10",0.000182848784055586,0.000408970077022698,0.000295909430539142
"STRN",0.000243798378740781,0.000340808397518915,0.000292303388129848
"ACO1",0.000243798378740781,0.000340808397518915,0.000292303388129848
"DLST",0.000243798378740781,0.000340808397518915,0.000292303388129848
"EHMT2",0.000243798378740781,0.000340808397518915,0.000292303388129848
"CRACR2B",0.000243798378740781,0.000340808397518915,0.000292303388129848
"CCDC90B",0.000243798378740781,0.000340808397518915,0.000292303388129848
"SYT6",0.000243798378740781,0.000340808397518915,0.000292303388129848
"ENSG00000283352.1",0.000243798378740781,0.000340808397518915,0.000292303388129848
"UBTD1",0.000304747973425977,0.000272646718015132,0.000288697345720554
"RABGEF1",0.000304747973425977,0.000272646718015132,0.000288697345720554
"C19orf54",0.000304747973425977,0.000272646718015132,0.000288697345720554
"GABARAP",0.000304747973425977,0.000272646718015132,0.000288697345720554
"DDX55",0.000304747973425977,0.000272646718015132,0.000288697345720554
"STPG1",0.000304747973425977,0.000272646718015132,0.000288697345720554
"ABHD5",0.000304747973425977,0.000272646718015132,0.000288697345720554
"FBXO3",0.000365697568111172,0.000204485038511349,0.00028509130331126
"ENSG00000241057.2",0.000426647162796367,0.000136323359007566,0.000281485260901967
"BFAR",0.000426647162796367,0.000136323359007566,0.000281485260901967
"C1RL",0.000426647162796367,0.000136323359007566,0.000281485260901967
"POC1B-AS1",0.000426647162796367,0.000136323359007566,0.000281485260901967
"USP9X",0.000426647162796367,0.000136323359007566,0.000281485260901967
"CTSO",0.000426647162796367,0.000136323359007566,0.000281485260901967
"ENSG00000229413.2",0.000426647162796367,0.000136323359007566,0.000281485260901967
"TERF1",0.000426647162796367,0.000136323359007566,0.000281485260901967
"CLVS2",0.000426647162796367,0.000136323359007566,0.000281485260901967
"GAS8",0.000426647162796367,0.000136323359007566,0.000281485260901967
"EXOC4",0.000426647162796367,0.000136323359007566,0.000281485260901967
"MAST3",0.000426647162796367,0.000136323359007566,0.000281485260901967
"CCT7",0.000487596757481563,6.8161679503783e-05,0.000277879218492673
"ENSG00000271810.5",0.000548546352166758,0,0.000274273176083379
"MTPN",0.000548546352166758,0,0.000274273176083379
"ENSG00000289579.1",0.000548546352166758,0,0.000274273176083379
"KLHL23",0.000548546352166758,0,0.000274273176083379
"TBL1X",0.000548546352166758,0,0.000274273176083379
"FYTTD1",0.000548546352166758,0,0.000274273176083379
"GTF2A2",0.000548546352166758,0,0.000274273176083379
"AHCYL1",0.000548546352166758,0,0.000274273176083379
"RNF6",0.000548546352166758,0,0.000274273176083379
"MIR3936HG",0.000548546352166758,0,0.000274273176083379
"SMG5",0.000548546352166758,0,0.000274273176083379
"PCGF6",0.000548546352166758,0,0.000274273176083379
"GLUL",0.000548546352166758,0,0.000274273176083379
"TFG",0.000548546352166758,0,0.000274273176083379
"ENSG00000280441.3",0.000548546352166758,0,0.000274273176083379
"LINC02328",0.000548546352166758,0,0.000274273176083379
"ZDHHC17",0.000548546352166758,0,0.000274273176083379
"TMEM64",0.000548546352166758,0,0.000274273176083379
"CEP120",0.000548546352166758,0,0.000274273176083379
"CA4",0.000548546352166758,0,0.000274273176083379
"WDR19",0.000548546352166758,0,0.000274273176083379
"TAPBPL",0.000548546352166758,0,0.000274273176083379
"THAP12",0.000548546352166758,0,0.000274273176083379
"SAMD8",0.000548546352166758,0,0.000274273176083379
"ARID5B",0.000548546352166758,0,0.000274273176083379
"VPS33B",0.000548546352166758,0,0.000274273176083379
"HPF1",0.000548546352166758,0,0.000274273176083379
"IL3RA",0.000548546352166758,0,0.000274273176083379
"DDX11L2",0,0.000545293436030264,0.000272646718015132
"USP16",0,0.000545293436030264,0.000272646718015132
"ZFP36",0,0.000545293436030264,0.000272646718015132
"LRRC41",0,0.000545293436030264,0.000272646718015132
"PELI1",0,0.000545293436030264,0.000272646718015132
"NSUN6",0,0.000545293436030264,0.000272646718015132
"FOCAD",0,0.000545293436030264,0.000272646718015132
"CIB1",0,0.000545293436030264,0.000272646718015132
"PTPRM",0,0.000545293436030264,0.000272646718015132
"C9orf78",0,0.000545293436030264,0.000272646718015132
"RFK",0,0.000545293436030264,0.000272646718015132
"CCDC91",0,0.000545293436030264,0.000272646718015132
"MCM4",0,0.000545293436030264,0.000272646718015132
"TLL2",0,0.000545293436030264,0.000272646718015132
"MIPEP",0,0.000545293436030264,0.000272646718015132
"PPP5C",0,0.000545293436030264,0.000272646718015132
"FAM157C",0,0.000545293436030264,0.000272646718015132
"PALLD",0,0.000545293436030264,0.000272646718015132
"IFIH1",0,0.000545293436030264,0.000272646718015132
"HINFP",0,0.000545293436030264,0.000272646718015132
"KSR1",0,0.000545293436030264,0.000272646718015132
"LTBR",0,0.000545293436030264,0.000272646718015132
"C2orf74",0,0.000545293436030264,0.000272646718015132
"SH3BP5L",0,0.000545293436030264,0.000272646718015132
"ZNF483",0,0.000545293436030264,0.000272646718015132
"CRABP2",0,0.000545293436030264,0.000272646718015132
"INTS14",0,0.000545293436030264,0.000272646718015132
"UBR4",0,0.000545293436030264,0.000272646718015132
"FAM120B",0,0.000545293436030264,0.000272646718015132
"CRTC1",0,0.000545293436030264,0.000272646718015132
"ENSG00000256591.5",0,0.000545293436030264,0.000272646718015132
"ENSG00000279833.1",0,0.000545293436030264,0.000272646718015132
"ATP7A",0,0.000545293436030264,0.000272646718015132
"ENSG00000272638.1",0,0.000545293436030264,0.000272646718015132
"ZNF354C",6.09495946851953e-05,0.000477131756526481,0.000269040675605838
"SOD2",6.09495946851953e-05,0.000477131756526481,0.000269040675605838
"ZPR1",6.09495946851953e-05,0.000477131756526481,0.000269040675605838
"SGSM2",6.09495946851953e-05,0.000477131756526481,0.000269040675605838
"KANK3",0.000121899189370391,0.000408970077022698,0.000265434633196544
"SNX21",0.000121899189370391,0.000408970077022698,0.000265434633196544
"MYO15A",0.000121899189370391,0.000408970077022698,0.000265434633196544
"FSIP2",0.000121899189370391,0.000408970077022698,0.000265434633196544
"VPS35L",0.000121899189370391,0.000408970077022698,0.000265434633196544
"PER3",0.000182848784055586,0.000340808397518915,0.00026182859078725
"PTCH2",0.000182848784055586,0.000340808397518915,0.00026182859078725
"QPRT",0.000243798378740781,0.000272646718015132,0.000258222548377957
"C1orf198",0.000243798378740781,0.000272646718015132,0.000258222548377957
"INTS9",0.000243798378740781,0.000272646718015132,0.000258222548377957
"ENSG00000272447.1",0.000243798378740781,0.000272646718015132,0.000258222548377957
"HSDL1",0.000243798378740781,0.000272646718015132,0.000258222548377957
"ABCA3",0.000243798378740781,0.000272646718015132,0.000258222548377957
"TMEM60",0.000243798378740781,0.000272646718015132,0.000258222548377957
"ENSG00000260597.1",0.000243798378740781,0.000272646718015132,0.000258222548377957
"ATP1B2",0.000243798378740781,0.000272646718015132,0.000258222548377957
"ATG2B",0.000304747973425977,0.000204485038511349,0.000254616505968663
"VCL",0.000304747973425977,0.000204485038511349,0.000254616505968663
"CTDSP1",0.000304747973425977,0.000204485038511349,0.000254616505968663
"TRIT1",0.000304747973425977,0.000204485038511349,0.000254616505968663
"ENOX2",0.000365697568111172,0.000136323359007566,0.000251010463559369
"TMEM222",0.000365697568111172,0.000136323359007566,0.000251010463559369
"POLR2B",0.000487596757481563,0,0.000243798378740781
"WDR75",0.000487596757481563,0,0.000243798378740781
"LYNX1",0.000487596757481563,0,0.000243798378740781
"CNNM4",0.000487596757481563,0,0.000243798378740781
"ZNF702P",0.000487596757481563,0,0.000243798378740781
"MSRB3",0.000487596757481563,0,0.000243798378740781
"CCDC110",0.000487596757481563,0,0.000243798378740781
"NCK1",0.000487596757481563,0,0.000243798378740781
"CCDC50",0.000487596757481563,0,0.000243798378740781
"ICE2",0.000487596757481563,0,0.000243798378740781
"CHST10",0.000487596757481563,0,0.000243798378740781
"SOS2",0.000487596757481563,0,0.000243798378740781
"TFAP4",0.000487596757481563,0,0.000243798378740781
"RBM6",0.000487596757481563,0,0.000243798378740781
"TAF4B",0.000487596757481563,0,0.000243798378740781
"RNA5-8SN2",0.000487596757481563,0,0.000243798378740781
"RNA5-8SN1",0.000487596757481563,0,0.000243798378740781
"RNA5-8SN4",0.000487596757481563,0,0.000243798378740781
"RNA5-8SN3",0.000487596757481563,0,0.000243798378740781
"RNA5-8SN5",0.000487596757481563,0,0.000243798378740781
"5_8S_rRNA",0.000487596757481563,0,0.000243798378740781
"SLITRK4",0.000487596757481563,0,0.000243798378740781
"PSMA4",0.000487596757481563,0,0.000243798378740781
"EBF4",0.000487596757481563,0,0.000243798378740781
"TAF10",0,0.000477131756526481,0.00023856587826324
"LYSMD2",0,0.000477131756526481,0.00023856587826324
"HSP90AB1",0,0.000477131756526481,0.00023856587826324
"ENSG00000279551.1",0,0.000477131756526481,0.00023856587826324
"POU3F1",0,0.000477131756526481,0.00023856587826324
"HYAL2",0,0.000477131756526481,0.00023856587826324
"ZNF658",0,0.000477131756526481,0.00023856587826324
"PEDS1",0,0.000477131756526481,0.00023856587826324
"NUTM2A-AS1",0,0.000477131756526481,0.00023856587826324
"LARP6",0,0.000477131756526481,0.00023856587826324
"PDCD2L",0,0.000477131756526481,0.00023856587826324
"DARS1",0,0.000477131756526481,0.00023856587826324
"CLEC16A",0,0.000477131756526481,0.00023856587826324
"ENSG00000278464.2",0,0.000477131756526481,0.00023856587826324
"DAPK1",0,0.000477131756526481,0.00023856587826324
"RAB8B",0,0.000477131756526481,0.00023856587826324
"CRHR2",0,0.000477131756526481,0.00023856587826324
"ENSG00000287955.1",0,0.000477131756526481,0.00023856587826324
"ENSG00000280486.2",0,0.000477131756526481,0.00023856587826324
"ENSG00000215861.7",0,0.000477131756526481,0.00023856587826324
"MYO5A",0,0.000477131756526481,0.00023856587826324
"MMRN2",0,0.000477131756526481,0.00023856587826324
"BRI3",0,0.000477131756526481,0.00023856587826324
"LRRC58",0,0.000477131756526481,0.00023856587826324
"CHAC1",0,0.000477131756526481,0.00023856587826324
"IL27RA",0,0.000477131756526481,0.00023856587826324
"SQLE",0,0.000477131756526481,0.00023856587826324
"NMRK2",0,0.000477131756526481,0.00023856587826324
"ARX",0,0.000477131756526481,0.00023856587826324
"ENSG00000285847.2",0,0.000477131756526481,0.00023856587826324
"PROB1",0,0.000477131756526481,0.00023856587826324
"WASH8P",0,0.000477131756526481,0.00023856587826324
"HSD17B11",0,0.000477131756526481,0.00023856587826324
"ZNF107",0,0.000477131756526481,0.00023856587826324
"PLEKHM3",0,0.000477131756526481,0.00023856587826324
"CDC42SE2",0,0.000477131756526481,0.00023856587826324
"MIF4GD",0,0.000477131756526481,0.00023856587826324
"BRAP",0,0.000477131756526481,0.00023856587826324
"GUSBP14",0,0.000477131756526481,0.00023856587826324
"ENSG00000277400.1",0,0.000477131756526481,0.00023856587826324
"NLRP3",6.09495946851953e-05,0.000408970077022698,0.000234959835853947
"DIRC3",0.000121899189370391,0.000340808397518915,0.000231353793444653
"CD34",0.000121899189370391,0.000340808397518915,0.000231353793444653
"TMEM88",0.000121899189370391,0.000340808397518915,0.000231353793444653
"MINK1",0.000121899189370391,0.000340808397518915,0.000231353793444653
"IDNK",0.000121899189370391,0.000340808397518915,0.000231353793444653
"KITLG",0.000182848784055586,0.000272646718015132,0.000227747751035359
"FZD7",0.000182848784055586,0.000272646718015132,0.000227747751035359
"GTF2H2C",0.000182848784055586,0.000272646718015132,0.000227747751035359
"CFAP69",0.000182848784055586,0.000272646718015132,0.000227747751035359
"ZNF133",0.000243798378740781,0.000204485038511349,0.000224141708626065
"RBM34",0.000243798378740781,0.000204485038511349,0.000224141708626065
"UNC5C",0.000243798378740781,0.000204485038511349,0.000224141708626065
"FKBP15",0.000304747973425977,0.000136323359007566,0.000220535666216771
"GPBP1",0.000426647162796367,0,0.000213323581398184
"KIF24",0.000426647162796367,0,0.000213323581398184
"CAPS2",0.000426647162796367,0,0.000213323581398184
"R3HDM2",0.000426647162796367,0,0.000213323581398184
"C1orf162",0.000426647162796367,0,0.000213323581398184
"ERG28",0.000426647162796367,0,0.000213323581398184
"SRM",0.000426647162796367,0,0.000213323581398184
"ABHD14B",0.000426647162796367,0,0.000213323581398184
"SLAIN2",0.000426647162796367,0,0.000213323581398184
"SEC23IP",0.000426647162796367,0,0.000213323581398184
"FAR2",0.000426647162796367,0,0.000213323581398184
"ITIH4",0.000426647162796367,0,0.000213323581398184
"DNAJC3-DT",0.000426647162796367,0,0.000213323581398184
"SSTR2",0.000426647162796367,0,0.000213323581398184
"SMG9",0.000426647162796367,0,0.000213323581398184
"MYL6",0.000426647162796367,0,0.000213323581398184
"BIRC3",0.000426647162796367,0,0.000213323581398184
"LIN54",0.000426647162796367,0,0.000213323581398184
"CMTR2",0.000426647162796367,0,0.000213323581398184
"RBM4",0.000426647162796367,0,0.000213323581398184
"RBM17",0.000426647162796367,0,0.000213323581398184
"NUTF2",0.000426647162796367,0,0.000213323581398184
"BRMS1L",0.000426647162796367,0,0.000213323581398184
"PKN2",0.000426647162796367,0,0.000213323581398184
"WAPL",0.000426647162796367,0,0.000213323581398184
"ENSG00000273448.1",0.000426647162796367,0,0.000213323581398184
"DYNLL2",0.000426647162796367,0,0.000213323581398184
"CEBPZOS",0.000426647162796367,0,0.000213323581398184
"MAP6D1",0.000426647162796367,0,0.000213323581398184
"VCP",0.000426647162796367,0,0.000213323581398184
"GALM",0.000426647162796367,0,0.000213323581398184
"ATIC",0.000426647162796367,0,0.000213323581398184
"CYP2J2",0.000426647162796367,0,0.000213323581398184
"ASPA",0.000426647162796367,0,0.000213323581398184
"GARS1",0.000426647162796367,0,0.000213323581398184
"PLA2G4C",0.000426647162796367,0,0.000213323581398184
"LYPLA2",0.000426647162796367,0,0.000213323581398184
"RPL23AP7",0.000426647162796367,0,0.000213323581398184
"FAM193A",0.000426647162796367,0,0.000213323581398184
"CNOT2",0.000426647162796367,0,0.000213323581398184
"ANOS1",0.000426647162796367,0,0.000213323581398184
"ENSG00000286952.1",0.000426647162796367,0,0.000213323581398184
"NBPF19",0.000426647162796367,0,0.000213323581398184
"ENSG00000247121.7",0.000426647162796367,0,0.000213323581398184
"ALG3",0.000426647162796367,0,0.000213323581398184
"ADAT3",0.000426647162796367,0,0.000213323581398184
"SLC35B4",0.000426647162796367,0,0.000213323581398184
"KIAA1671-AS1",0.000426647162796367,0,0.000213323581398184
"NPIPB13",0.000426647162796367,0,0.000213323581398184
"KIAA1671",0.000426647162796367,0,0.000213323581398184
"FAM20C",0.000426647162796367,0,0.000213323581398184
"CLP1",0.000426647162796367,0,0.000213323581398184
"TANC2",0.000426647162796367,0,0.000213323581398184
"TAS1R3",0.000426647162796367,0,0.000213323581398184
"MAPKAPK2",0.000426647162796367,0,0.000213323581398184
"PSD3",0.000426647162796367,0,0.000213323581398184
"CNKSR2",0.000426647162796367,0,0.000213323581398184
"CNKSR1",0.000426647162796367,0,0.000213323581398184
"CTSL",0.000426647162796367,0,0.000213323581398184
"TRAF2",0.000426647162796367,0,0.000213323581398184
"GGA3",0.000426647162796367,0,0.000213323581398184
"SHB",0.000426647162796367,0,0.000213323581398184
"DTX2",0.000426647162796367,0,0.000213323581398184
"PLOD1",0.000426647162796367,0,0.000213323581398184
"MARK3",0.000426647162796367,0,0.000213323581398184
"TRIO",0.000426647162796367,0,0.000213323581398184
"ENSG00000272983.1",0.000426647162796367,0,0.000213323581398184
"PAXBP1-AS1",0.000426647162796367,0,0.000213323581398184
"MTCO2P12",0.000426647162796367,0,0.000213323581398184
"NEURL1B",0.000426647162796367,0,0.000213323581398184
"TRAF3IP1",0.000426647162796367,0,0.000213323581398184
"SMIM10L2B",0.000426647162796367,0,0.000213323581398184
"SLN",0.000426647162796367,0,0.000213323581398184
"ZNF232",0.000426647162796367,0,0.000213323581398184
"DDX19B",0.000426647162796367,0,0.000213323581398184
"PTDSS1",0.000426647162796367,0,0.000213323581398184
"PRIM2",0.000426647162796367,0,0.000213323581398184
"TNFRSF21",0.000426647162796367,0,0.000213323581398184
"MGAT3",0.000426647162796367,0,0.000213323581398184
"PCDHB14",0.000426647162796367,0,0.000213323581398184
"NFATC3",0.000426647162796367,0,0.000213323581398184
"PCDHGA12",0.000426647162796367,0,0.000213323581398184
"ENSG00000260772.1",0.000426647162796367,0,0.000213323581398184
"GULP1",0.000426647162796367,0,0.000213323581398184
"PGBD4",0.000426647162796367,0,0.000213323581398184
"RGCC",0.000426647162796367,0,0.000213323581398184
"SMIM7",0,0.000408970077022698,0.000204485038511349
"STXBP3",0,0.000408970077022698,0.000204485038511349
"DOP1B",0,0.000408970077022698,0.000204485038511349
"CCNH",0,0.000408970077022698,0.000204485038511349
"CA14",0,0.000408970077022698,0.000204485038511349
"RAB2B",0,0.000408970077022698,0.000204485038511349
"MAPK14",0,0.000408970077022698,0.000204485038511349
"FOXM1",0,0.000408970077022698,0.000204485038511349
"SERPINB8",0,0.000408970077022698,0.000204485038511349
"MPP3",0,0.000408970077022698,0.000204485038511349
"RCAN3",0,0.000408970077022698,0.000204485038511349
"PLXNA1",0,0.000408970077022698,0.000204485038511349
"DOCK9",0,0.000408970077022698,0.000204485038511349
"TSTD3",0,0.000408970077022698,0.000204485038511349
"TNFSF12",0,0.000408970077022698,0.000204485038511349
"INKA2",0,0.000408970077022698,0.000204485038511349
"ERCC6L2",0,0.000408970077022698,0.000204485038511349
"LCA5L",0,0.000408970077022698,0.000204485038511349
"PREX2",0,0.000408970077022698,0.000204485038511349
"ENSG00000183154.1",0,0.000408970077022698,0.000204485038511349
"MT-TC",0.000121899189370391,0.000272646718015132,0.000197272953692761
"ITGB3BP",0.000121899189370391,0.000272646718015132,0.000197272953692761
"IVD",0.000121899189370391,0.000272646718015132,0.000197272953692761
"SIRT4",0.000121899189370391,0.000272646718015132,0.000197272953692761
"CLEC2D",0.000121899189370391,0.000272646718015132,0.000197272953692761
"ZNF594-DT",0.000121899189370391,0.000272646718015132,0.000197272953692761
"GATA2-AS1",0.000182848784055586,0.000204485038511349,0.000193666911283467
"MUC4",0.000243798378740781,0.000136323359007566,0.000190060868874174
"GLDC",0.000243798378740781,0.000136323359007566,0.000190060868874174
"IRAK3",0.000243798378740781,0.000136323359007566,0.000190060868874174
"KIF26A",0.000243798378740781,0.000136323359007566,0.000190060868874174
"GMDS-DT",0.000243798378740781,0.000136323359007566,0.000190060868874174
"PGAP6",0.000304747973425977,6.8161679503783e-05,0.00018645482646488
"FKBP4",0.000304747973425977,6.8161679503783e-05,0.00018645482646488
"ZSCAN16",0.000365697568111172,0,0.000182848784055586
"VPS13D",0.000365697568111172,0,0.000182848784055586
"PHF20",0.000365697568111172,0,0.000182848784055586
"PPID",0.000365697568111172,0,0.000182848784055586
"ANO7",0.000365697568111172,0,0.000182848784055586
"GTF2IRD2P1",0.000365697568111172,0,0.000182848784055586
"CPT1C",0.000365697568111172,0,0.000182848784055586
"FAM20B",0.000365697568111172,0,0.000182848784055586
"RNF157-AS1",0.000365697568111172,0,0.000182848784055586
"ENSG00000285979.1",0,0.000340808397518915,0.000170404198759457
"SLC26A6",0,0.000340808397518915,0.000170404198759457
"CYGB",0,0.000340808397518915,0.000170404198759457
"NTAQ1",0,0.000340808397518915,0.000170404198759457
"TECTA",0,0.000340808397518915,0.000170404198759457
"PTCD1",0,0.000340808397518915,0.000170404198759457
"DIP2C-AS1",0,0.000340808397518915,0.000170404198759457
"FBXO46",0,0.000340808397518915,0.000170404198759457
"TRIM23",0,0.000340808397518915,0.000170404198759457
"CBFA2T2",0,0.000340808397518915,0.000170404198759457
"FBXL19-AS1",0,0.000340808397518915,0.000170404198759457
"LRRC37B",0,0.000340808397518915,0.000170404198759457
"BANP",0,0.000340808397518915,0.000170404198759457
"PLBD1-AS1",0,0.000340808397518915,0.000170404198759457
"GK",0,0.000340808397518915,0.000170404198759457
"VDAC2P5",0,0.000340808397518915,0.000170404198759457
"LSM14B",0,0.000340808397518915,0.000170404198759457
"MPHOSPH6",0,0.000340808397518915,0.000170404198759457
"ENPP5",0,0.000340808397518915,0.000170404198759457
"FOXRED1",0,0.000340808397518915,0.000170404198759457
"RETSAT",0,0.000340808397518915,0.000170404198759457
"ENSG00000239219.2",0,0.000340808397518915,0.000170404198759457
"ATXN2",0,0.000340808397518915,0.000170404198759457
"PJA2",0,0.000340808397518915,0.000170404198759457
"PARP14",0,0.000340808397518915,0.000170404198759457
"ZNF646",0,0.000340808397518915,0.000170404198759457
"SLC43A1",0,0.000340808397518915,0.000170404198759457
"UBE4A",0,0.000340808397518915,0.000170404198759457
"YPEL1",0,0.000340808397518915,0.000170404198759457
"ENSG00000267575.8",0,0.000340808397518915,0.000170404198759457
"ENSG00000260196.1",0,0.000340808397518915,0.000170404198759457
"ENSG00000250132.6",0,0.000340808397518915,0.000170404198759457
"LDLRAP1",0,0.000340808397518915,0.000170404198759457
"OSBPL2",0,0.000340808397518915,0.000170404198759457
"ENSG00000261799.1",0,0.000340808397518915,0.000170404198759457
"EGFL8",0,0.000340808397518915,0.000170404198759457
"SDHAF1",0,0.000340808397518915,0.000170404198759457
"CCDC9B",0,0.000340808397518915,0.000170404198759457
"AGRN",0,0.000340808397518915,0.000170404198759457
"TAL2",0,0.000340808397518915,0.000170404198759457
"SV2B",0,0.000340808397518915,0.000170404198759457
"HOXB4",0,0.000340808397518915,0.000170404198759457
"ALG10B",0,0.000340808397518915,0.000170404198759457
"NUDT5",0,0.000340808397518915,0.000170404198759457
"DHX57",0,0.000340808397518915,0.000170404198759457
"DENND4C",0,0.000340808397518915,0.000170404198759457
"TGM1",0,0.000340808397518915,0.000170404198759457
"GNAO1",0,0.000340808397518915,0.000170404198759457
"IFT80",0,0.000340808397518915,0.000170404198759457
"PLEKHH3",0,0.000340808397518915,0.000170404198759457
"CCL14",0,0.000340808397518915,0.000170404198759457
"ENSG00000267317.2",0,0.000340808397518915,0.000170404198759457
"TRMT10B",0,0.000340808397518915,0.000170404198759457
"MAD2L1",0,0.000340808397518915,0.000170404198759457
"KDM8",0,0.000340808397518915,0.000170404198759457
"SEPSECS",0,0.000340808397518915,0.000170404198759457
"FZR1",6.09495946851953e-05,0.000272646718015132,0.000166798156350164
"ENSG00000268555.2",0.000121899189370391,0.000204485038511349,0.00016319211394087
"SUPT4H1",0.000121899189370391,0.000204485038511349,0.00016319211394087
"ZXDA",0.000121899189370391,0.000204485038511349,0.00016319211394087
"CHST1",0.000121899189370391,0.000204485038511349,0.00016319211394087
"VIPR1",0.000121899189370391,0.000204485038511349,0.00016319211394087
"SHISA6",0.000121899189370391,0.000204485038511349,0.00016319211394087
"CXXC5",0.000121899189370391,0.000204485038511349,0.00016319211394087
"QSOX1",0.000182848784055586,0.000136323359007566,0.000159586071531576
"BABAM1",0.000182848784055586,0.000136323359007566,0.000159586071531576
"USP19",0.000304747973425977,0,0.000152373986712988
"SAP18",0.000304747973425977,0,0.000152373986712988
"TM9SF2",0.000304747973425977,0,0.000152373986712988
"VAMP7",0.000304747973425977,0,0.000152373986712988
"TBCEL",0.000304747973425977,0,0.000152373986712988
"POLR3C",0.000304747973425977,0,0.000152373986712988
"HSPE1",0.000304747973425977,0,0.000152373986712988
"ENSG00000288777.1",0.000304747973425977,0,0.000152373986712988
"ENSG00000273432.1",0.000304747973425977,0,0.000152373986712988
"ZNF100",0.000304747973425977,0,0.000152373986712988
"PLGLB1",0.000304747973425977,0,0.000152373986712988
"ATP9B",0.000304747973425977,0,0.000152373986712988
"DUSP10",0.000304747973425977,0,0.000152373986712988
"GGCX",0.000304747973425977,0,0.000152373986712988
"SLC4A7",0.000304747973425977,0,0.000152373986712988
"SYPL1",0.000304747973425977,0,0.000152373986712988
"ENSG00000271452.1",0.000304747973425977,0,0.000152373986712988
"RPL32P3",0.000304747973425977,0,0.000152373986712988
"SHLD3",0.000304747973425977,0,0.000152373986712988
"ENSG00000258728.2",0.000304747973425977,0,0.000152373986712988
"HOMEZ",0,0.000272646718015132,0.000136323359007566
"ATRN",0,0.000272646718015132,0.000136323359007566
"ENSG00000284879.1",0,0.000272646718015132,0.000136323359007566
"SNHG3",0,0.000272646718015132,0.000136323359007566
"ATP1A1-AS1",0,0.000272646718015132,0.000136323359007566
"RAB11FIP5",0,0.000272646718015132,0.000136323359007566
"DDN-AS1",0,0.000272646718015132,0.000136323359007566
"RACGAP1",0,0.000272646718015132,0.000136323359007566
"SNX27",0,0.000272646718015132,0.000136323359007566
"CYP1B1",0,0.000272646718015132,0.000136323359007566
"PABPC1",0,0.000272646718015132,0.000136323359007566
"ENSG00000259972.3",0,0.000272646718015132,0.000136323359007566
"ST20-AS1",0,0.000272646718015132,0.000136323359007566
"LINC01151",0,0.000272646718015132,0.000136323359007566
"PCAT7",0,0.000272646718015132,0.000136323359007566
"UBR1",0,0.000272646718015132,0.000136323359007566
"IFT43",0,0.000272646718015132,0.000136323359007566
"DHCR24",0,0.000272646718015132,0.000136323359007566
"ACAT1",0,0.000272646718015132,0.000136323359007566
"CHSY3",0,0.000272646718015132,0.000136323359007566
"AGFG1",0,0.000272646718015132,0.000136323359007566
"CDH11",0,0.000272646718015132,0.000136323359007566
"ZFHX4",0,0.000272646718015132,0.000136323359007566
"BMPR2",0,0.000272646718015132,0.000136323359007566
"CLIC2",0,0.000272646718015132,0.000136323359007566
"NIPA2",0,0.000272646718015132,0.000136323359007566
"PTPRE",0,0.000272646718015132,0.000136323359007566
"CAMSAP2",0,0.000272646718015132,0.000136323359007566
"NSMCE4A",0,0.000272646718015132,0.000136323359007566
"ADRA2B",0,0.000272646718015132,0.000136323359007566
"ENSG00000270039.1",0,0.000272646718015132,0.000136323359007566
"TMEM254-AS1",0,0.000272646718015132,0.000136323359007566
"SSBP3-AS1",0,0.000272646718015132,0.000136323359007566
"SVBP",0,0.000272646718015132,0.000136323359007566
"CFAP418",0,0.000272646718015132,0.000136323359007566
"AGO3",0,0.000272646718015132,0.000136323359007566
"SLC25A16",0,0.000272646718015132,0.000136323359007566
"IRX4",0,0.000272646718015132,0.000136323359007566
"SUFU",0,0.000272646718015132,0.000136323359007566
"NSUN5P2",0,0.000272646718015132,0.000136323359007566
"PSEN1",0,0.000272646718015132,0.000136323359007566
"C9orf85",0,0.000272646718015132,0.000136323359007566
"ENSG00000263370.1",0,0.000272646718015132,0.000136323359007566
"MRPL17",6.09495946851953e-05,0.000204485038511349,0.000132717316598272
"PRR3",6.09495946851953e-05,0.000204485038511349,0.000132717316598272
"STARD9",0.000121899189370391,0.000136323359007566,0.000129111274188978
"PLCB4",0.000121899189370391,0.000136323359007566,0.000129111274188978
"ENSG00000206567.10",0.000121899189370391,0.000136323359007566,0.000129111274188978
"LINC00205",0.000243798378740781,0,0.000121899189370391
"ENSG00000258987.2",0.000243798378740781,0,0.000121899189370391
"ENSG00000245330.4",0.000243798378740781,0,0.000121899189370391
"NOC2LP1",0.000243798378740781,0,0.000121899189370391
"RPF2",0.000243798378740781,0,0.000121899189370391
"KDM1B",0.000243798378740781,0,0.000121899189370391
"SAT2",0.000243798378740781,0,0.000121899189370391
"LTV1",0.000243798378740781,0,0.000121899189370391
"HSPA2",0.000243798378740781,0,0.000121899189370391
"ISG15",0.000243798378740781,0,0.000121899189370391
"GPATCH2",0.000243798378740781,0,0.000121899189370391
"COPZ2",0.000243798378740781,0,0.000121899189370391
"MTMR9LP",0.000243798378740781,0,0.000121899189370391
"PEAR1",0.000243798378740781,0,0.000121899189370391
"FBXO44",0.000243798378740781,0,0.000121899189370391
"IQSEC3",0.000243798378740781,0,0.000121899189370391
"UBFD1",0.000243798378740781,0,0.000121899189370391
"ERCC8",0.000243798378740781,0,0.000121899189370391
"ZDHHC13",0.000243798378740781,0,0.000121899189370391
"ENSG00000273711.2",0.000243798378740781,0,0.000121899189370391
"ZNF446",0.000243798378740781,0,0.000121899189370391
"SDCBP2-AS1",0,0.000204485038511349,0.000102242519255674
"FBXO36",0,0.000204485038511349,0.000102242519255674
"POLR3A",0,0.000204485038511349,0.000102242519255674
"PAIP2B",0,0.000204485038511349,0.000102242519255674
"B9D1",0,0.000204485038511349,0.000102242519255674
"CASP3",0,0.000204485038511349,0.000102242519255674
"DDX27",0,0.000204485038511349,0.000102242519255674
"CYTH3",0,0.000204485038511349,0.000102242519255674
"DHRS13",0,0.000204485038511349,0.000102242519255674
"HEATR3",0,0.000204485038511349,0.000102242519255674
"EXOC6B",0,0.000204485038511349,0.000102242519255674
"MYO18B",0,0.000204485038511349,0.000102242519255674
"DHX29",0,0.000204485038511349,0.000102242519255674
"GAS2L2",0,0.000204485038511349,0.000102242519255674
"ZNF566",0,0.000204485038511349,0.000102242519255674
"SOX13",0,0.000204485038511349,0.000102242519255674
"CDK8",0,0.000204485038511349,0.000102242519255674
"VRK1",0,0.000204485038511349,0.000102242519255674
"ATXN1-AS1",0,0.000204485038511349,0.000102242519255674
"KICS2",0,0.000204485038511349,0.000102242519255674
"CHTOP",0,0.000204485038511349,0.000102242519255674
"ETFBKMT",0,0.000204485038511349,0.000102242519255674
"ABI3",0,0.000204485038511349,0.000102242519255674
"TMED2-DT",0,0.000204485038511349,0.000102242519255674
"GPN1",0,0.000204485038511349,0.000102242519255674
"ZNF713",0,0.000204485038511349,0.000102242519255674
"AGTRAP",0,0.000204485038511349,0.000102242519255674
"SPRY1",0,0.000204485038511349,0.000102242519255674
"BBS4",0,0.000204485038511349,0.000102242519255674
"SHF",0,0.000204485038511349,0.000102242519255674
"FBXL8",0,0.000204485038511349,0.000102242519255674
"ACVR1B",0,0.000204485038511349,0.000102242519255674
"ODF2L",0,0.000204485038511349,0.000102242519255674
"RAD1",0,0.000204485038511349,0.000102242519255674
"ENSG00000240219.1",0,0.000204485038511349,0.000102242519255674
"ENSG00000285799.1",6.09495946851953e-05,0.000136323359007566,9.86364768463806e-05
"PPP1R10",6.09495946851953e-05,0.000136323359007566,9.86364768463806e-05
"AKAP13",0.000182848784055586,0,9.1424392027793e-05
"AMDHD2",0.000182848784055586,0,9.1424392027793e-05
"TXNL4B",0.000182848784055586,0,9.1424392027793e-05
"RRP8",0.000182848784055586,0,9.1424392027793e-05
"ASAH1",0.000182848784055586,0,9.1424392027793e-05
"GINS2",0.000182848784055586,0,9.1424392027793e-05
"LEPROTL1",0.000182848784055586,0,9.1424392027793e-05
"MIR4453HG",0.000182848784055586,0,9.1424392027793e-05
"JPT2",0,0.000136323359007566,6.8161679503783e-05
"LAYN",0,0.000136323359007566,6.8161679503783e-05
"SIAH2",0,0.000136323359007566,6.8161679503783e-05
"PXDN",0,0.000136323359007566,6.8161679503783e-05
"RBM14",0,0.000136323359007566,6.8161679503783e-05
"IGSF3",0,0.000136323359007566,6.8161679503783e-05
"AMOTL2",0,0.000136323359007566,6.8161679503783e-05
"ENSG00000279196.1",0,0.000136323359007566,6.8161679503783e-05
"HSD11B2",0,0.000136323359007566,6.8161679503783e-05
"RYK",0,0.000136323359007566,6.8161679503783e-05
"PRICKLE1",0,0.000136323359007566,6.8161679503783e-05
"EEF1E1",0,0.000136323359007566,6.8161679503783e-05
"NFE2",0,0.000136323359007566,6.8161679503783e-05
"C5orf22",0,0.000136323359007566,6.8161679503783e-05
"ENSG00000229618.3",0,0.000136323359007566,6.8161679503783e-05
"STAC3",0,0.000136323359007566,6.8161679503783e-05
"LYST",0,0.000136323359007566,6.8161679503783e-05
"SMAD4",0,0.000136323359007566,6.8161679503783e-05
"KIF13A",0,0.000136323359007566,6.8161679503783e-05
"KDELR1",0,0.000136323359007566,6.8161679503783e-05
"ANKRD10",0,0.000136323359007566,6.8161679503783e-05
"PCDHB4",0,0.000136323359007566,6.8161679503783e-05
"KLHL20",0,0.000136323359007566,6.8161679503783e-05
"LIMCH1",0,0.000136323359007566,6.8161679503783e-05
"PLEKHG1",0,0.000136323359007566,6.8161679503783e-05
"ENSG00000279700.1",0,0.000136323359007566,6.8161679503783e-05
"ENSG00000278931.1",0,0.000136323359007566,6.8161679503783e-05
"TMEM51",0,0.000136323359007566,6.8161679503783e-05
"SLU7",0,0.000136323359007566,6.8161679503783e-05
"RADIL",0,0.000136323359007566,6.8161679503783e-05
"DBNDD1",0,0.000136323359007566,6.8161679503783e-05
"MXRA8",0,0.000136323359007566,6.8161679503783e-05
"GIPC2",0,0.000136323359007566,6.8161679503783e-05
"RHBDF1",6.09495946851953e-05,6.8161679503783e-05,6.45556370944892e-05
"IL12RB2",6.09495946851953e-05,6.8161679503783e-05,6.45556370944892e-05
"ZBED8",0.000121899189370391,0,6.09495946851953e-05
"BCL9",0.000121899189370391,0,6.09495946851953e-05
"TFPI",0.000121899189370391,0,6.09495946851953e-05
"SMIM38",0.000121899189370391,0,6.09495946851953e-05
"MT-TE",0.000121899189370391,0,6.09495946851953e-05
"IFI44",0.000121899189370391,0,6.09495946851953e-05
"MED10",0.000121899189370391,0,6.09495946851953e-05
"P2RX6",0.000121899189370391,0,6.09495946851953e-05
"ENSG00000255197.7",0.000121899189370391,0,6.09495946851953e-05
"ENSG00000227741.1",0,6.8161679503783e-05,3.40808397518915e-05
"TBCE",0,6.8161679503783e-05,3.40808397518915e-05
"ZNF503-AS1",0,6.8161679503783e-05,3.40808397518915e-05
"PLIN5",0,6.8161679503783e-05,3.40808397518915e-05
"COMTD1",0,6.8161679503783e-05,3.40808397518915e-05
"UCK1",0,6.8161679503783e-05,3.40808397518915e-05
"FXR2",0,6.8161679503783e-05,3.40808397518915e-05
"MYOM1",0,6.8161679503783e-05,3.40808397518915e-05
"MRPL14",0,6.8161679503783e-05,3.40808397518915e-05
"MAP4",0,6.8161679503783e-05,3.40808397518915e-05
"CD63-AS1",0,6.8161679503783e-05,3.40808397518915e-05
"SNRNP27",0,6.8161679503783e-05,3.40808397518915e-05
"ENSG00000261253.2",6.09495946851953e-05,0,3.04747973425977e-05
"YOD1",6.09495946851953e-05,0,3.04747973425977e-05
"LMNA",6.09495946851953e-05,0,3.04747973425977e-05
"PUM2",6.09495946851953e-05,0,3.04747973425977e-05
"TUBA4A",6.09495946851953e-05,0,3.04747973425977e-05
"TMEM33",6.09495946851953e-05,0,3.04747973425977e-05
"FTSJ1",6.09495946851953e-05,0,3.04747973425977e-05
"ENSG00000261616.1",6.09495946851953e-05,0,3.04747973425977e-05
"ANKRD35",6.09495946851953e-05,0,3.04747973425977e-05
"ATP2B4",6.09495946851953e-05,0,3.04747973425977e-05
"EIF6",6.09495946851953e-05,0,3.04747973425977e-05
"CAR 26:0",0,0,0
"TG 44:3",0,0,0
"ENSG00000256029.6",0,0,0
"ENSG00000230910.5",0,0,0
"ENSG00000230454.1",0,0,0
"CROCCP2",0,0,0
"TMEM242",0,0,0
"MAB21L1",0,0,0
"NUDT6",0,0,0
"AKIP1",0,0,0
"CAPN2",0,0,0
"Behenic acid",0,0,0
"LRP3",0,0,0
"FA 22:6;O",0,0,0
"Monoethylhexyl phthalic acid",0,0,0
"Cer 36:0;O2",0,0,0
"TG 18:0_18:0_20:4",0,0,0
"FA 20:3;O",0,0,0
"IMP",0,0,0
"Myristic acid",0,0,0
"PE 36:2",0,0,0
"DG 32:0",0,0,0
"DHA",0,0,0
"Aspirin",0,0,0
"Taurodeoxycholic acid",0,0,0
"PC 37:6",0,0,0
"N-6-Trimethyllysine",0,0,0
"1-Methylguanine",0,0,0
"SCARF1",0,0,0
"PC O-18:0/18:2",0,0,0
"EPA",0,0,0
"LPC O-18:2",0,0,0
"Choline",0,0,0
"SM 41:0;O2",0,0,0
"Pentadecenoic acid",0,0,0
"PE 34:1",0,0,0
"LZTS1",0,0,0
"PIGV",0,0,0
"Ile-Val",0,0,0
"TG 18:0_18:1_22:6",0,0,0
"PE 34:2",0,0,0
"TG 55:5",0,0,0
"PC O-18:1/18:2",0,0,0
"Glycodeoxycholic acid",0,0,0
"N,N-Diphenylguanidine",0,0,0
"TG 16:0_18:1_22:6",0,0,0
"PC O-34:1",0,0,0
"PC 33:3",0,0,0
"SM 34:1;O2",0,0,0
"Cytosine",0,0,0
"Glycodeoxycholic acid/Glycochenodeoxycholic acid",0,0,0
"SM 18:1;O2/19:0",0,0,0
"Tricosylic acid",0,0,0
"TG 56:9",0,0,0
"TG 16:0_18:1_20:4",0,0,0
"SEMA3B",0,0,0
"PI 18:0_22:6",0,0,0
"LPC 14:0/0:0",0,0,0
"TG 56:6",0,0,0
"PC O-38:4",0,0,0
"PC 36:6",0,0,0
"LPC 22:4",0,0,0
"LPC 16:0/0:0",0,0,0
"Cer 18:1;O2/25:0",0,0,0
"SM 37:1;O2",0,0,0
"SM 32:1;O2",0,0,0
"Octacosaheptaenoic acid",0,0,0
"Cer 18:1;O2/24:0",0,0,0
"Cer 18:1;O2/22:0",0,0,0
"PC O-16:1/22:4",0,0,0
"Octadecatetraenoic acid",0,0,0
"Theobromine",0,0,0
"Ile-Ile",0,0,0
"PE O-20:2/20:4",0,0,0
"TSPAN6",0,0,0
"PE 18:1_22:5",0,0,0
"PC 42:10",0,0,0
"Cerotic acid",0,0,0
"DERPC",0,0,0
"CTBP1-AS",0,0,0
"HSP90AA2P",0,0,0
"TG 18:0_18:1_22:4",0,0,0
"PC O-18:0/16:0",0,0,0
"ZNF28",0,0,0
"METRNL",0,0,0
"SLC25A6",0,0,0
"Nortriptyline",0,0,0
"Nicotinic acid",0,0,0
"DG 36:5",0,0,0
"FA 26:5;O2",0,0,0
"SM 36:1;O2",0,0,0
"RAP1B",0,0,0
"LRIF1",0,0,0
"STK38",0,0,0
"Hypotaurine",0,0,0
"HSPA8",0,0,0
"PE 18:0_20:3",0,0,0
"L-Urobilin",0,0,0
"3-Methylxanthine",0,0,0
"Mesobilirubinogen",0,0,0
"Cer 18:1;O2/15:0",0,0,0
"FA 15:4;O",0,0,0
"KAT6A",0,0,0
"5-Hydroxyindoleacetic acid",0,0,0
"TG 53:5",0,0,0
"Eicosadienoic acid",0,0,0
"Nonadecadienoic acid",0,0,0
"DMGV",0,0,0
"Ser-Pro",0,0,0
"Hexacosapentaenoic acid",0,0,0
"CAR 13:0",0,0,0
"Pseudouridine",0,0,0
"Histidine",0,0,0
"Alanine",0,0,0
"Cer 18:1;O2/14:0",0,0,0
"CAR 18:1",0,0,0
"Lys-Gly",0,0,0
"PE O-38:6",0,0,0
"PC O-35:1",0,0,0
"PC P-34:2 or PC O-34:3",0,0,0
"DG 18:1_20:4",0,0,0
"Hex2Cer 18:1;O2/24:1",0,0,0
"DG 40:6",0,0,0
"Proline",0,0,0
"PC P-36:4 or PC O-36:5",0,0,0
"N1-Acetylspermidine",0,0,0
"3-Hydroxyanthranilic acid",0,0,0
"3-Dehydroxycarnitine",0,0,0
"TG 52:7",0,0,0
"PC 16:0_22:5",0,0,0
"Acisoga",0,0,0
"PTBP1",0,0,0
"CAR 5:0",0,0,0
"2-Oxoglutaric acid",0,0,0
"Glyceraldehyde 3-phosphate",0,0,0
"Citric acid/Isocitric acid",0,0,0
"Deoxyuridine",0,0,0
"FA 26:1;O2",0,0,0
"LPE 20:4",0,0,0
"Tetracosatrienoic acid",0,0,0
"FNTB",0,0,0
"ENSG00000256664.1",0,0,0
"KMT2E-AS1",0,0,0
"SVIL2P",0,0,0
"GAS5",0,0,0
"ENSG00000228606.3",0,0,0
"ARHGEF12",0,0,0
"PRKX",0,0,0
"SIX2",0,0,0
"KLHL30",0,0,0
"SEMA6B",0,0,0
"DG 34:1",0,0,0
"sn-Glycero-3-phosphocholine",0,0,0
"ATRIP",0,0,0
"GDPD5",0,0,0
"TSPAN7",0,0,0
"TG 58:6",0,0,0
"C16 Sphinganine",0,0,0
"AKAP6",0,0,0
"FA 20:5;O",0,0,0
"PDCD4",0,0,0
"PS 36:1",0,0,0
"RNF217",0,0,0
"TG 54:4",0,0,0
"WNT9A",0,0,0
"PE O-20:1/22:4",0,0,0
"Cer 17:1;O2/24:1",0,0,0
"TG 16:0_18:1_18:2",0,0,0
"1-Methylhistamine",0,0,0
"TG 54:6",0,0,0
"N-Acetylalanine",0,0,0
"STIL",0,0,0
"Myristoleic acid",0,0,0
"KLHL12",0,0,0
"Sphinganine",0,0,0
"UST",0,0,0
"ICAM2",0,0,0
"Glycolithocholic acid",0,0,0
"PITRM1",0,0,0
"ABHD17B",0,0,0
"DG 34:3",0,0,0
"FA 20:4;O",0,0,0
"PC 31:1",0,0,0
"PLP2",0,0,0
"DG 36:3",0,0,0
"TTI1",0,0,0
"NA-Gly 18:2(9Z,12Z)",0,0,0
"NAD",0,0,0
"Fructose 6-phosphate",0,0,0
"PG 16:0_18:2",0,0,0
"cis-Aconitic acid",0,0,0
"PC 18:0_22:4",0,0,0
"PE O-18:0/22:5",0,0,0
"TG 48:4",0,0,0
"5-Hydroxy-tryptophan",0,0,0
"Tributylamine",0,0,0
"ADD2",0,0,0
"PS P-36:2 or PS O-36:3",0,0,0
"Docosenoic acid",0,0,0
"SM 36:2;O2",0,0,0
"TG 58:7",0,0,0
"PC P-35:2 or PC O-35:3",0,0,0
"LPE 0:0/18:1",0,0,0
"PE 36:4",0,0,0
"Caffeine",0,0,0
"Glycidyl linoleate",0,0,0
"CAR 4:0",0,0,0
"FA 17:2;O2",0,0,0
"5-Hydroxytryptophol",0,0,0
"Maleic acid",0,0,0
"CAR 11:1",0,0,0
"PC P-18:1/20:4",0,0,0
"TG 18:1_18:2_18:2",0,0,0
"TG 16:0_18:2_18:2",0,0,0
"ST 23:1;O4",0,0,0
"Glucose",0,0,0
"4-Pyridoxic acid",0,0,0
"N6-Acetyllysine",0,0,0
"PC 35:4",0,0,0
"LPE 18:3",0,0,0
"LPE 18:0",0,0,0
"LPC 18:3",0,0,0
"TG 56:4",0,0,0
"PC 40:8",0,0,0
"N-Acetylputrescine",0,0,0
"4-Acetamidobutanoic acid",0,0,0
"1-Methyluric acid",0,0,0
"TG 16:0_16:0_18:2",0,0,0
"PC 36:5",0,0,0
"CAR 20:1",0,0,0
"SM 35:1;O2",0,0,0
"PC 18:0_20:4",0,0,0
"Docosahexaenoic acid",0,0,0
"Tricosenoic acid",0,0,0
"Homocitrulline",0,0,0
"Homoarginine",0,0,0
"LPE 18:1",0,0,0
"TG 54:3",0,0,0
"PC 41:6",0,0,0
"PC 38:6",0,0,0
"FA 22:4;O",0,0,0
"PC 40:5",0,0,0
"N-Acetylornithine",0,0,0
"Ribothymidine",0,0,0
"ENSG00000260228.6",0,0,0
"STXBP1",0,0,0
"NFKB1",0,0,0
"N2,N2-Dimethylguanosine",0,0,0
"TG 54:8",0,0,0
"DG 18:2_18:2",0,0,0
"Margaric acid",0,0,0
"TG 49:3",0,0,0
"Hex2Cer 18:1;O2/24:0",0,0,0
"DG 38:4",0,0,0
"Tetracosahexaenoic acid",0,0,0
"Tetradecenoic acid",0,0,0
"N-Acetylisoputreanine",0,0,0
"TG 56:5",0,0,0
"Phenylalanine",0,0,0
"PC P-30:0 or PC O-30:1",0,0,0
"NA-Gly 14:0",0,0,0
"Kynurenic acid",0,0,0
"DG 38:5",0,0,0
"FA 18:2;O2",0,0,0
"PE P-35:2 or PE O-35:3",0,0,0
"RB1CC1",0,0,0
"Muricholic acid",0,0,0
"PI 34:1",0,0,0
"SM 18:1;O2/15:0",0,0,0
"TG 18:1_18:1_19:1",0,0,0
"Cer 18:1;O2/16:1",0,0,0
"1-Methyladenosine",0,0,0
"CAR 12:0;OH",0,0,0
"Cer 18:1;O2/18:1",0,0,0
"ENSG00000278817.1",0,0,0
"MROH7-TTC4",0,0,0
"FAM222A-AS1",0,0,0
"LINC02761",0,0,0
"CHMP4A",0,0,0
"TIMM23B",0,0,0
"TMEM186",0,0,0
"UFSP1",0,0,0
"CSTF3",0,0,0
"CCDC85B",0,0,0
"ZNF764",0,0,0
"MARS1",0,0,0
"PMPCA",0,0,0
"PIGO",0,0,0
"VPS28",0,0,0
"PSKH1",0,0,0
"CPT2",0,0,0
"NPTN",0,0,0
"MED7",0,0,0
"EBP",0,0,0
"OSBPL11",0,0,0
"NXPE3",0,0,0
"ARL6IP5",0,0,0
"ABHD1",0,0,0
"NOL3",0,0,0
"SNRPF",0,0,0
"ALDH1B1",0,0,0
"MRPL47",0,0,0
"Oleic acid",0,0,0
"7-Methylguanine",0,0,0
"NQO2",0,0,0
"PLA2G12A",0,0,0
"Octadecadienoic acid",0,0,0
"PE O-39:6",0,0,0
"CCDC47",0,0,0
"COA1",0,0,0
"GCDH",0,0,0
"FAH",0,0,0
"LONP2",0,0,0
"SRP54",0,0,0
"GTP",0,0,0
"COMT",0,0,0
"FA 14:4;O3",0,0,0
"FA 11:3;O",0,0,0
"LPC 0:0/20:2",0,0,0
"DG 18:2_18:3",0,0,0
"ITM2A",0,0,0
"RPS6KA2",0,0,0
"LPC 17:0",0,0,0
"FUNDC1",0,0,0
"SM 18:1;O2/22:0",0,0,0
"Glutamine",0,0,0
"PC 35:0",0,0,0
"Aspartic acid",0,0,0
"PE O-38:4",0,0,0
"PE 17:0_18:3",0,0,0
"PPP1R3F",0,0,0
"CAR 8:1",0,0,0
"PC O-15:1/20:4",0,0,0
"GlcCer 18:1;O2/20:0",0,0,0
"PE O-20:0/18:2",0,0,0
"Hydroxytetradecanoic acid",0,0,0
"Tetradecylamine",0,0,0
"CerPE 16:1;O2/18:0",0,0,0
"PHLDB1",0,0,0
"Cer 18:1;O2/22:1",0,0,0
"GlcCer 18:1;O2/18:0",0,0,0
"COX15",0,0,0
"Sarcosine",0,0,0
"GMP",0,0,0
"PE O-16:1/20:4",0,0,0
"PE O-20:1/22:6",0,0,0
"PC O-16:1/18:1",0,0,0
"gamma-Glutamylleucine",0,0,0
"gamma-Glutamylisoleucine",0,0,0
"TG 16:0_17:1_18:1",0,0,0
"PC O-36:2",0,0,0
"PE O-18:1/22:5",0,0,0
"PC 31:0",0,0,0
"Heneicosapentaenoic acid",0,0,0
"PC P-38:6 or PC O-38:7",0,0,0
"Cer 42:1;O2",0,0,0
"PE P-38:4 or PE O-38:5",0,0,0
"PC O-36:7",0,0,0
"Cer 18:0;O2/24:0",0,0,0
"Ursodeoxycholic acid",0,0,0
"TG 51:5",0,0,0
"SM 43:2;O2",0,0,0
"PE P-38:6 or PE O-38:7",0,0,0
"AP2B1",0,0,0
"SM 43:3;O2",0,0,0
"Cer 19:1;O2/24:0",0,0,0
"Cer 41:1;O2",0,0,0
"Lysine",0,0,0
"SM 35:0;O2",0,0,0
"S-Allylcysteine",0,0,0
"GlcCer 18:2;O2/23:0",0,0,0
"LPC 17:0/0:0",0,0,0
"PC O-31:1",0,0,0
"PC 16:0_18:1",0,0,0
"SM 38:0;O2",0,0,0
"PC 32:2",0,0,0
"CE 22:5",0,0,0
"Cotinine",0,0,0
"Cer 18:1;O2/19:0",0,0,0
"Hex3Cer 18:1;O2/18:0",0,0,0
"TG 16:0_20:4_22:6",0,0,0
"FA 22:7;O",0,0,0
"ENSG00000285106.2",0,0,0
"ENSG00000279518.1",0,0,0
"C16 Sphingosine",0,0,0
"ENSG00000262879.6",0,0,0
"ENSG00000260948.1",0,0,0
"ENSG00000260583.1",0,0,0
"QTRT1",0,0,0
"RAB12",0,0,0
"N-Acetylaspartic acid",0,0,0
"NOL8",0,0,0
"PCDHB11",0,0,0
"KANK2",0,0,0
"EHBP1L1",0,0,0
"PLK1",0,0,0
"WIPI2",0,0,0
"Arginine",0,0,0
"PXYLP1",0,0,0
"Glu-Lys",0,0,0
"PC O-35:3",0,0,0
"MYO5C",0,0,0
"LPC 22:6/0:0",0,0,0
"MACF1",0,0,0
"RNF2",0,0,0
"LRP11",0,0,0
"Dimethylglycine",0,0,0
"HexCer 41:0;O3",0,0,0
"ARID3A",0,0,0
"Diethanolamine",0,0,0
"PE 40:7",0,0,0
"FA 22:4;O2",0,0,0
"GSK3A",0,0,0
"PC P-34:1 or PC O-34:2",0,0,0
"N4BP1",0,0,0
"TG 52:2",0,0,0
"SLC8A3",0,0,0
"25-Hydroxycholesterol",0,0,0
"LPC P-16:0 or LPC O-16:1",0,0,0
"AMP",0,0,0
"TG 14:0_16:0_22:6",0,0,0
"HexCer 18:1;O2/24:0",0,0,0
"PC O-40:7",0,0,0
"FA 18:1;O",0,0,0
"PC O-40:2",0,0,0
"HUWE1",0,0,0
"LPC 22:6",0,0,0
"PC 38:7",0,0,0
"S-Methylcysteine S-oxide",0,0,0
"PE 38:5",0,0,0
"LPC 0:0/18:0",0,0,0
"NCBP3",0,0,0
"TG 55:7",0,0,0
"2-Deoxy-glucose",0,0,0
"LPC 22:5/0:0",0,0,0
"Dodecadienoic acid",0,0,0
"PI 18:0_20:3",0,0,0
"TG 16:0_18:2_20:4",0,0,0
"TG 18:1_18:1_18:2",0,0,0
"Indole-4-carboxaldehyde",0,0,0
"D-Urobilinogen",0,0,0
"FA 19:3;O2",0,0,0
"Palmitoleoyl-EA",0,0,0
"LPE 17:0",0,0,0
"TG 17:0_18:1_18:1",0,0,0
"LPC 22:0",0,0,0
"PE O-17:1/18:2",0,0,0
"TBC1D23",0,0,0
"LPC O-16:0",0,0,0
"TG 42:1",0,0,0
"Glutaric acid",0,0,0
"SM 44:3;O2",0,0,0
"Pipecolic acid",0,0,0
"Trimethylbenzene",0,0,0
"SM 39:1;O2",0,0,0
"SM 18:1;O2/17:1",0,0,0
"TG 55:3",0,0,0
"TG 54:2",0,0,0
"3-Methylhistidine",0,0,0
"Putrescine",0,0,0
"Homocysteine",0,0,0
"1-DeoxyCer 18:0;O/24:1",0,0,0
"PC 18:1_20:4",0,0,0
"Dodecenoic acid",0,0,0
"SM 38:3;O2",0,0,0
"SM 36:3;O2",0,0,0
"Piperine",0,0,0
"PE 38:6",0,0,0
"PC P-32:1 or PC O-32:2",0,0,0
"Cer 43:2;O2",0,0,0
"PI 18:1_18:2",0,0,0
"PC 18:2_20:1",0,0,0
"PC O-28:0",0,0,0
"LPE 18:2",0,0,0
"LPC 18:0",0,0,0
"Hex3Cer 18:1;O2/24:0",0,0,0
"PC O-18:1/20:3",0,0,0
"Hexose",0,0,0
"PI 36:3",0,0,0
"FA 26:4;O2",0,0,0
"Ser-Leu",0,0,0
"ST 24:1;O5",0,0,0
"FA 22:5;O4",0,0,0
"O-Ethylhomoserine",0,0,0
"Dimethylarginine",0,0,0
"PI 18:0_20:4",0,0,0
"TG 16:0_18:0_18:1",0,0,0
"Cer 18:1;O2/16:0",0,0,0
"gamma-Glutamylmethionine",0,0,0
"PC 40:2",0,0,0
"PE 18:0_18:1",0,0,0
"PE P-38:5 or PE O-38:6",0,0,0
"ENSG00000278831.1",0,0,0
"PCAT19",0,0,0
"ENSG00000267059.2",0,0,0
"PSMA3-AS1",0,0,0
"CTC-338M12.4",0,0,0
"LIMD1-AS1",0,0,0
"MEG9",0,0,0
"DNASE1",0,0,0
"HSPA1L",0,0,0
"GRK5",0,0,0
"PE O-40:7",0,0,0
"RTL6",0,0,0
"UTS2R",0,0,0
"METTL23",0,0,0
"C14orf119",0,0,0
"PLD6",0,0,0
"LCORL",0,0,0
"Retinoic acid",0,0,0
"VPS26C",0,0,0
"Phe-Trp",0,0,0
"CAR 10:0;OH",0,0,0
"DYNC1LI1",0,0,0
"PSMA5",0,0,0
"ERVK3-1",0,0,0
"PC O-38:3",0,0,0
"TCHP",0,0,0
"Arachidic acid",0,0,0
"LOXL2",0,0,0
"MG 16:0",0,0,0
"ATP5IF1",0,0,0
"STEAP4",0,0,0
"RAB29",0,0,0
"TG 50:5",0,0,0
"TG 50:2",0,0,0
"LIFR",0,0,0
"PE O-36:2",0,0,0
"ASCC3",0,0,0
"CARS1",0,0,0
"PMP22",0,0,0
"12(13)-EpOME",0,0,0
"TG 16:0_18:0_22:6",0,0,0
"PC 32:0",0,0,0
"Pro-Lys",0,0,0
"CAR 6:0",0,0,0
"Cer 42:3;O2",0,0,0
"Hexacosahexaenoic acid",0,0,0
"DG 18:1_18:2",0,0,0
"Methylguanidine",0,0,0
"PC 32:1",0,0,0
"PI 38:3",0,0,0
"SM 18:1;O2/22:1",0,0,0
"Glu-Phe",0,0,0
"PC 37:4",0,0,0
"PC O-16:0/18:2",0,0,0
"PC O-18:2/20:4",0,0,0
"ERP29",0,0,0
"PC 40:6",0,0,0
"Octacosapentaenoic acid",0,0,0
"PI 38:6",0,0,0
"SM 34:3;O2",0,0,0
"SM 18:1;O2/22:3",0,0,0
"Oxaloacetic acid",0,0,0
"SM 42:0;O2",0,0,0
"PE P-34:0 or PE O-34:1",0,0,0
"TG 51:2",0,0,0
"TG 46:3",0,0,0
"TG 51:4",0,0,0
"PE O-18:2/24:6",0,0,0
"Pentadecylic acid",0,0,0
"PC O-16:1/22:5",0,0,0
"MG 14:0",0,0,0
"PE 18:0_22:6",0,0,0
"SM 18:1;O2/22:2",0,0,0
"TG 16:1_18:2_18:2",0,0,0
"SM 40:1;O2",0,0,0
"PE O-18:2/20:4",0,0,0
"TG 52:6",0,0,0
"TG 55:4",0,0,0
"TG 48:2",0,0,0
"7-Methylxanthine",0,0,0
"PI 18:0_18:1",0,0,0
"PC 18:0_22:6",0,0,0
"Cer 40:0;O2",0,0,0
"SM 44:2;O2",0,0,0
"PC 36:4",0,0,0
"PC 40:4",0,0,0
"PC 35:1",0,0,0
"CAR 14:0;OH",0,0,0
"Hexacosatetraenoic acid",0,0,0
"MG 18:1",0,0,0
"Cer 18:1;O2/20:1",0,0,0
"WDR3",0,0,0
"PE O-35:2",0,0,0
"3-Indolepropionic acid",0,0,0
"PE 34:0",0,0,0
"ZFR",0,0,0
"PC 39:4",0,0,0
"PC 42:9",0,0,0
"DG 16:1_18:1",0,0,0
"CAR 7:0",0,0,0
"PC 33:2",0,0,0
"PC O-36:4",0,0,0
"CAR 8:0;OH",0,0,0
"PC O-32:0",0,0,0
"5'-Methylthioadenosine",0,0,0
"Cer 18:1;O2/24:1",0,0,0
"N-Methyl-D-aspartic acid",0,0,0
"CAR 14:1",0,0,0
"DG 36:2",0,0,0
"Cer 41:0;O2",0,0,0
"LPE O-18:1",0,0,0
"PC 16:0/16:0",0,0,0
"PE P-34:1 or PE O-34:2",0,0,0
"LPE 16:1",0,0,0
"PC 30:2",0,0,0
"CAR 8:0",0,0,0
"N-Acetylglutamic acid",0,0,0
"PC 33:0",0,0,0
"Cer 18:2;O2/22:0",0,0,0
"LPE P-18:0 or LPE O-18:1",0,0,0
"CAR 14:2",0,0,0
"CAR 12:1",0,0,0
"CAR 12:0",0,0,0
"Deoxyguanosine",0,0,0
"2-Aminoheptanoic acid",0,0,0
"Cystathionine",0,0,0
"Cer 39:1;O2",0,0,0
"Tetradecadienoic acid",0,0,0
"PE 18:0_22:5",0,0,0
"CAR 16:0",0,0,0
"PC O-18:0/22:4",0,0,0
"CAR 5:0;OH",0,0,0
"FA 11:2;O2",0,0,0
"SM 18:1;O2/23:2",0,0,0
"PC 39:5",0,0,0
"PC 38:5",0,0,0
"PC 33:1",0,0,0
"PI 40:6",0,0,0
"DG 36:4",0,0,0
"Acetylphosphate",0,0,0
"EDTA",0,0,0
"PE O-16:1/22:6",0,0,0
"CAR DC3:0;2Me",0,0,0
"TG 52:1",0,0,0
"TG 46:2",0,0,0
"TG 56:8",0,0,0
"Thyroxine",0,0,0
"DG 32:1",0,0,0
"alpha-Tocopherol",0,0,0
"TG 51:3",0,0,0
"PG 16:0_18:1",0,0,0
"PE 38:4",0,0,0
"ENSG00000280339.1",0,0,0
"ENSG00000279792.1",0,0,0
"ENSG00000278948.1",0,0,0
"Benzyl butyl phthalate",0,0,0
"IPO5P1",0,0,0
"ENSG00000267287.1",0,0,0
"ENSG00000259363.6",0,0,0
"MIR100HG",0,0,0
"HOXA-AS2",0,0,0
"ENSG00000234175.1",0,0,0
"RBM26-AS1",0,0,0
"MTND2P28",0,0,0
"SYT15",0,0,0
"XRCC2",0,0,0
"9S-HODE",0,0,0
"ZP3",0,0,0
"GDPGP1",0,0,0
"NXPH3",0,0,0
"Asp-Leu",0,0,0
"HOXD8",0,0,0
"FAM182B",0,0,0
"SLC30A1",0,0,0
"ANKRD2",0,0,0
"DDIAS",0,0,0
"INTU",0,0,0
"BDH2",0,0,0
"SYNJ1",0,0,0
"GPRASP2",0,0,0
"ABCB9",0,0,0
"ADAMTS10",0,0,0
"HMG20A",0,0,0
"NA-Gly 11:0",0,0,0
"HERC5",0,0,0
"PC 42:8",0,0,0
"PIGC",0,0,0
"LPC 0:0/20:4",0,0,0
"ANKRD6",0,0,0
"APLNR",0,0,0
"CASD1",0,0,0
"METTL25",0,0,0
"IFI6",0,0,0
"CE 20:4",0,0,0
"PS 18:0_18:1",0,0,0
"13Z-Docosenamide",0,0,0
"UMP",0,0,0
"CHMP3",0,0,0
"Palmitic acid",0,0,0
"EFCC1",0,0,0
"ACAP2",0,0,0
"PHACTR2",0,0,0
"SERINC1",0,0,0
"PE P-18:0/22:4",0,0,0
"OAS2",0,0,0
"Triethanolamine",0,0,0
"MDK",0,0,0
"PE P-20:0/20:4",0,0,0
"LPC 17:1/0:0",0,0,0
"LPC 20:4/0:0",0,0,0
"13-HODE",0,0,0
"PC 18:1_22:5",0,0,0
"Phosphoserine",0,0,0
"PC O-14:0/18:2",0,0,0
"YJU2",0,0,0
"SM 44:1;O2",0,0,0
"N-Acetylserotonin",0,0,0
"HexCer 18:1;O2/24:1",0,0,0
"CDIPT",0,0,0
"LPC 20:3",0,0,0
"Phe-Phe",0,0,0
"SM 34:0;O2",0,0,0
"TG 46:0",0,0,0
"Pyridoxamine",0,0,0
"bis(2-Ethylhexyl)phthalic acid",0,0,0
"LPC 0:0/20:3",0,0,0
"PC O-16:0/16:0",0,0,0
"LPC 20:2/0:0",0,0,0
"TG 52:4",0,0,0
"LPC 18:1/0:0",0,0,0
"PC 44:5",0,0,0
"Uridine",0,0,0
"TG 53:2",0,0,0
"PE 36:3",0,0,0
"HexCer 40:2;O3",0,0,0
"DOP1A",0,0,0
"PC O-36:3",0,0,0
"LPC 0:0/16:0",0,0,0
"LPC 0:0/22:5",0,0,0
"LPC 18:2/0:0",0,0,0
"Cer 18:1;O2/4:0",0,0,0
"TG 58:8",0,0,0
"CE 18:2",0,0,0
"TG 56:3",0,0,0
"PC 18:0_22:5",0,0,0
"PC 42:5",0,0,0
"CE 22:4",0,0,0
"FA 20:1;O",0,0,0
"TG 49:0",0,0,0
"PC O-16:1/18:2",0,0,0
"1-Methylhistidine",0,0,0
"LPC 0:0/18:2",0,0,0
"SM 42:1;O3",0,0,0
"PS 18:0_18:2",0,0,0
"TG 56:2",0,0,0
"LPC 0:0/22:6",0,0,0
"PC O-16:2/22:5",0,0,0
"PC 18:1/18:1",0,0,0
"SRBD1",0,0,0
"CE 20:2",0,0,0
"Cer 18:1;O2/17:0",0,0,0
"PMS2P4",0,0,0
"Eicosapentaenoic acid",0,0,0
"Lauric acid",0,0,0
"PC O-38:1",0,0,0
"LPC 16:1",0,0,0
"13-cis-Retinoic acid",0,0,0
"PC O-18:1/22:4",0,0,0
"PI 35:2",0,0,0
"HexCer 18:1;O2/22:1",0,0,0
"PE O-39:7",0,0,0
"PC 38:1",0,0,0
"LPC 16:0",0,0,0
"TG 16:0_18:0_18:0",0,0,0
"Hexacosatrienoic acid",0,0,0
"Sphingosine",0,0,0
"Cholesterol sulfate",0,0,0
"LPC 20:3/0:0",0,0,0
"Glycine",0,0,0
"FA 18:0;O",0,0,0
"PC O-37:4",0,0,0
"Taurohyodeoxycholic acid",0,0,0
"Serine",0,0,0
"PC 18:0_18:1",0,0,0
"FA 16:2;O2",0,0,0
"Threonine",0,0,0
"SM 40:0;O2",0,0,0
"SM 33:0;O2",0,0,0
"2-Piperidinone",0,0,0
"TG 52:5",0,0,0
"LPC 18:2",0,0,0
"Hexadecadienoic acid",0,0,0
"PE O-18:1/18:1",0,0,0
"PC O-38:6",0,0,0
"TG 58:2",0,0,0
"PE 16:0_16:1",0,0,0
"PC O-38:5",0,0,0
"PI 18:0_18:2",0,0,0
"FA 18:3;O",0,0,0
"LPC O-18:0",0,0,0
"SM 38:1;O2",0,0,0
"TG 56:1",0,0,0
"PE O-18:1/20:4",0,0,0
"LPE 0:0/18:0",0,0,0
"LPE 18:0/0:0",0,0,0
"LPC O-16:1",0,0,0
"LPC P-18:0 or LPC O-18:1",0,0,0
"FA 24:1;O2",0,0,0
"Taurocholic acid",0,0,0
"SM 34:0;O3",0,0,0
"Pyroglutamic acid",0,0,0
"PC O-18:1/20:4",0,0,0
"Citrulline",0,0,0
"(E,E)-Trichostachine",0,0,0
"TG 58:5",0,0,0
"PC 16:0_22:4",0,0,0
"LPE 20:0",0,0,0
"Indole-3-methyl acetate",0,0,0
"TG 16:0_18:1_22:4",0,0,0
"PE O-38:5",0,0,0
"FA 18:1;O2",0,0,0
"5-Hydroxylysine",0,0,0
"Tauromuricholic acid",0,0,0
"LPC 20:1",0,0,0
"4-Hydroxy-3-methylacetophenone",0,0,0
"Biliverdin",0,0,0
"LPC 0:0/14:0",0,0,0
"PE 18:0/18:0",0,0,0
"PE 16:0_18:1",0,0,0
"Cytidine",0,0,0
"PC 38:2",0,0,0
"LPC 15:0/0:0",0,0,0
"LPE 16:0",0,0,0
"Campesterol ester 18:2",0,0,0
"TG 16:0/16:0/16:0",0,0,0
"TG 15:0_16:0_16:0",0,0,0
"TG 14:0_16:0_17:0",0,0,0
"LPC 14:0",0,0,0
"PE O-37:5",0,0,0
"CE 20:5",0,0,0
"Retinol",0,0,0
"Ile-Pro",0,0,0
"3-O-Methyl-DOPA",0,0,0
"PC O-42:5",0,0,0
"Heneicosatrienoic acid",0,0,0
"PC P-36:3 or PC O-36:4",0,0,0
"Hexacosadienoic acid",0,0,0
"PE O-35:3",0,0,0
"ANKRD12",0,0,0
"ZNF670",0,0,0
"TSC22D1",0,0,0
"ZNF571-AS1",0,0,0
"ENSG00000260618.1",0,0,0
"RANP4",0,0,0
"CRYGS",0,0,0
"EMC3-AS1",0,0,0
"EMX2",0,0,0
"TOR1A",0,0,0
"NSUN5",0,0,0
"ELK3",0,0,0
"PURA",0,0,0
"RELA",0,0,0
"ZNF511",0,0,0
"PROX1",0,0,0
"ZNF579",0,0,0
"MYPOP",0,0,0
"ERG",0,0,0
"CSF3",0,0,0
"MBD1",0,0,0
"BEST3",0,0,0
"ZHX3",0,0,0
"ENSG00000262160.1",0,NA,NA
"NEB",0.000609495946851953,NA,NA
"C12orf60",0.000487596757481563,NA,NA
"SLC25A38",0,NA,NA
"FA 22:4;O4",0,NA,NA
"Phosphoglyceric acid",0,NA,NA
"HOXA2",0.000670445541537149,NA,NA
"FAD",0,NA,NA
"Niacinamide",0,NA,NA
"GGA1",0.00483900877803843,NA,NA
"Tetracosenoic acid",0,NA,NA
"FA 21:3;O",0,NA,NA
"N-Acetylserine",0,NA,NA
"ENSG00000261054.1",0,NA,NA
"PE O-18:2/24:2",0,NA,NA
"STAG2",0,NA,NA
"USP27X",0.000365697568111172,NA,NA
"MYCBP",0.00713612515055839,NA,NA
"SGMS1",0,NA,NA
"DENND4A",0.000426647162796367,NA,NA
"TCP11L2",0.00725802433992878,NA,NA
"STK17A",0.000670445541537149,NA,NA
"SLC25A28",0.000609495946851953,NA,NA
"LRIG1",0.000243798378740781,NA,NA
"ARHGAP29",0.000548546352166758,NA,NA
"IGHMBP2",0.0012799414883891,NA,NA
"SYT11",0.000487596757481563,NA,NA
"ADP",0,NA,NA
"MED13L",0.0222117429816215,NA,NA
"SENP6",0.00115804229901871,NA,NA
"LRP2BP",0,NA,NA
"Taurine",0,NA,NA
"FSD1L",0.0039857144524457,NA,NA
"Glutathione",0,NA,NA
"STK24",0.000609495946851953,NA,NA
"MIB1",0.0397248557729636,NA,NA
"Suberic acid",0,NA,NA
"PC 16:0_18:2",0,NA,NA
"FA 24:2;O2",0,NA,NA
"KCTD7",0.000548546352166758,NA,NA
"PLEKHN1",0,NA,NA
"PC O-17:1/18:2",0,NA,NA
"LPC 19:0/0:0",0,NA,NA
"PC 34:0",0,NA,NA
"FDX2",0,NA,NA
"TMEM199",0.00455825160252046,NA,NA
"FITM2",0.0198077229320093,NA,NA
"UBE2G2",0.0124772373712277,NA,NA
"SLX1B",0,NA,NA
"WDR25",0.010420435491338,NA,NA
"NAE1",0.000670445541537149,NA,NA
"PGM5",0.00410761364181609,NA,NA
"NOPCHAP1",0.00103614310964832,NA,NA
"CISD2",0.019076327795787,NA,NA
"EPRS1",0.0107371738093755,NA,NA
"RNF128",0.000670445541537149,NA,NA
"CALU",0.00447331120992726,NA,NA
"PKMYT1",0.000975193514963125,NA,NA
"PCGF1",0.000975193514963125,NA,NA
"ACSL4",0.000731395136222344,NA,NA
"PPP4R3B",0.0121999640818201,NA,NA
"PS 38:4",0,NA,NA
"PS 38:3",0,NA,NA
"HexCer 41:1;O2",0,NA,NA
"TLK2",0.00459521039929765,NA,NA
"Lauroyl diethanolamide",0,NA,NA
"GTF3C4",0.0039857144524457,NA,NA
"STAU1",0,NA,NA
"PRDX6",0,NA,NA
"PE O-18:0/18:1",0,NA,NA
"GPD2",0.00079234473090754,NA,NA
"FXR1",0.00091424392027793,NA,NA
"UDP-N-acetylglucosamine",0,NA,NA
"CBLL1",0,NA,NA
"INTS10",0.00158468946181508,NA,NA
"CCDC134",0.00544850472489039,NA,NA
"SNX5",0.0124772373712277,NA,NA
"Ala-Leu",0,NA,NA
"Hordenine",0,NA,NA
"UDP-glucose",0.012012092725374,NA,NA
"PC O-37:5",0.0186505759736698,NA,NA
"ENSG00000289586.1",0,NA,NA
"ENSG00000287627.1",0.000182848784055586,NA,NA
"ENSG00000278993.1",0,NA,NA
"ENSG00000273151.1",0,NA,NA
"BUD13P1",0.000426647162796367,NA,NA
"GJA5",0.0039857144524457,NA,NA
"ENSG00000260121.1",0,NA,NA
"ENSG00000259560.2",0.0137571788596168,NA,NA
"ENSG00000235560.4",0.000731395136222344,NA,NA
"CDC42BPB",0.00567333487811371,NA,NA
"ZNF782",6.09495946851953e-05,NA,NA
"PGE2 ethanolamide",0,NA,NA
"NIM1K",0.000426647162796367,NA,NA
"SERPINF2",0.00567333487811371,NA,NA
"SAP30",0,NA,NA
"RETREG2",0,NA,NA
"SH3BGRL3",0.000426647162796367,NA,NA
"USP37",0.00109709270433352,NA,NA
"HS3ST3B1",0.0012799414883891,NA,NA
"HPCAL4",0.00091424392027793,NA,NA
"2-Aminobenzoic acid",0,NA,NA
"PE O-20:1/22:5",0,NA,NA
"PE O-38:3",0,NA,NA
"SM 41:2;O2",0,NA,NA
"UDP-glucuronic acid",0,NA,NA
"PE O-18:2/22:5",0,NA,NA
"ERC1",0,NA,NA
"PC 42:4",0.033222551675822,NA,NA
"Adenosine",0,NA,NA
"PE 18:0_18:2",0,NA,NA
"FUZ",0.000731395136222344,NA,NA
"PC 36:2",0,NA,NA
"ENSG00000275496.4",0.000548546352166758,NA,NA
"ENSG00000262223.9",0.000670445541537149,NA,NA
"SMG7-AS1",0.000426647162796367,NA,NA
"TMEM273",0,NA,NA
"RTN4RL2",0,NA,NA
"CLK2",0.00603903244622488,NA,NA
"TMEM51-AS1",0.000426647162796367,NA,NA
"ENSG00000173867.10",0,NA,NA
"CCDC138",0.000853294325592735,NA,NA
"SPEF2",0.00313242012685297,NA,NA
"Diethyl phthalate",0,NA,NA
"DMTF1",0.0292319691694578,NA,NA
"Azelaic acid",0,NA,NA
"DPP6",0.00349811769496414,NA,NA
"PARD6B",0.0183449326595646,NA,NA
"TG 54:5",0,NA,NA
"ATP",0,NA,NA
"FRMD4B",0,NA,NA
"EIF2B1",0.00483900877803843,NA,NA
"PS 18:0_20:4",0,NA,NA
"Lignoceric acid",0,NA,NA
"TMED8",0.000304747973425977,NA,NA
"PC 38:0",0,NA,NA
"UTP",0,NA,NA
"NA-Gly 12:0",0,NA,NA
"Glycocholic acid",0,NA,NA
"PC O-34:0",0,NA,NA
"2-Hydroxy-3-methylbutyric acid",0,NA,NA
"FBXO42",0.000487596757481563,NA,NA
"N(2)-Acetyllysine",0,NA,NA
"PE O-18:1/22:4",0,NA,NA
"EPOR",0.000243798378740781,NA,NA
"ENSG00000282024.1",0.00652662920370644,NA,NA
"LSM6",0.000426647162796367,NA,NA
"STX17",0.000609495946851953,NA,NA
"ENSG00000286786.1",0.000548546352166758,NA,NA
"TPPP2",0.000609495946851953,NA,NA
"PDIA5",0.000121899189370391,NA,NA
"PRDM6",0,NA,NA
"SNX11",0.000426647162796367,NA,NA
"ZNF770",0.000426647162796367,NA,NA
"TMEM87A",0.000304747973425977,NA,NA
"ENSG00000176134.5",0,NA,NA
"MRPL22",0.000426647162796367,NA,NA
"ENSG00000280214.1",NA,0.00791329558966394,NA
"ENSG00000279488.1",NA,0,NA
"SCARNA2",NA,0,NA
"LINC01358",NA,0.000886101833549179,NA
"ENSG00000235872.2",NA,0.000545293436030264,NA
"ENSG00000231050.2",NA,0,NA
"H1-10-AS1",NA,0.000613455115534047,NA
"CLCN1",NA,0.0383786225672332,NA
"HTR7P1",NA,0,NA
"IGIP",NA,0.0108702343447948,NA
"TNRC18",NA,0.00457010291036601,NA
"PLEKHA7",NA,0,NA
"TMEM67",NA,0.013765552187647,NA
"ANKRA2",NA,0.00426285310026719,NA
"PRIMPOL",NA,0,NA
"TAF6L",NA,0.00458524701226978,NA
"NEIL1",NA,0.000545293436030264,NA
"APOBEC3F",NA,0.00143139526957944,NA
"FRK",NA,0.00614109192256558,NA
"TNRC6B",NA,0.0125061146528856,NA
"TMCC3",NA,0.00832226566668663,NA
"PGAM1P8",NA,0,NA
"SMIM15-AS1",NA,0,NA
"ANKRD42-DT",NA,0.000272646718015132,NA
"RHOQP3",NA,0.0110747193833062,NA
"IRF2BP2",NA,0.00470642626937358,NA
"ATP13A3",NA,0.000749778474541613,NA
"MECOM",NA,0.000272646718015132,NA
"ENSG00000279738.1",NA,0,NA
"PRKG1-AS1",NA,0.00403995357623952,NA
"PITPNC1",NA,0.0230226223772067,NA
"SDCBP",NA,0.00930681738354713,NA
"ENSG00000263620.1",NA,0,NA
"SERBP1P1",NA,0,NA
"DMWD",NA,0,NA
"MAMDC4",NA,0.000477131756526481,NA
"OBSCN-AS1",NA,0.00109058687206053,NA
"FBXO27",NA,0,NA
"CHCHD6",NA,0.000817940154045396,NA
"DCDC2",NA,0,NA
"CHAC2",NA,0.000272646718015132,NA
"DPM2",NA,0.0188549619975751,NA
"EMC8",NA,0,NA
"TJP1",NA,6.8161679503783e-05,NA
"ENSG00000257298.1",NA,0.00149955694908323,NA
"ENSG00000234072.1",NA,0.00102242519255674,NA
"EIF4EP2",NA,0.00693957308643106,NA
"ENSG00000228748.2",NA,0.000613455115534047,NA
"MARCHF5",NA,0.00149955694908323,NA
"YRDC",NA,0.00417627693524709,NA
"DGKZP1",NA,0.000272646718015132,NA
"DLGAP1-AS1",NA,0.00923435403670402,NA
"PE P-40:4 or PE O-40:5",NA,0,NA
"RCE1",NA,0.00499421708929248,NA
"C11orf24",NA,0.00739829035744121,NA
"DYNLT3",NA,0.00526686380730761,NA
"GNL3",NA,0.00431260029425465,NA
"ST 24:5;O3",NA,0,NA
"HYOU1",NA,0.00115874855156431,NA
"TNKS1BP1",NA,0.000817940154045396,NA
"HABP2",NA,0.0249409473332135,NA
"MTTP",NA,0,NA
"ABCB1",NA,0.00526686380730761,NA
"ELAVL1",NA,0.00156771862858701,NA
"CDKL5",NA,0.000749778474541613,NA
"TRAIP",NA,0.000613455115534047,NA
"FADD",NA,0.000408970077022698,NA
"DNAL1",NA,0.000272646718015132,NA
"CLCN2",NA,0.00129507191057188,NA
"NLRC4",NA,0.000613455115534047,NA
"ENSG00000288961.1",NA,0.000477131756526481,NA
"ENSG00000287878.1",NA,0.000408970077022698,NA
"ENSG00000286379.1",NA,0.000408970077022698,NA
"ENSG00000284431.1",NA,0.000136323359007566,NA
"PTOV1-AS2",NA,0,NA
"ZFP2",NA,0.0296247258845423,NA
"ZNF790",NA,0.0116881744988402,NA
"C15orf62",NA,0.00762118988146889,NA
"ZNF707",NA,0.00136323359007566,NA
"ZNF443",NA,0.000340808397518915,NA
"PLD5",NA,0.00693957308643106,NA
"NSUN3",NA,0.00349466014020926,NA
"TVP23C",NA,0.000408970077022698,NA
"TMUB2",NA,0.00603505676736555,NA
"DTYMK",NA,0.00363098349921682,NA
"MAMDC2",NA,0.00115874855156431,NA
"TMOD2",NA,0.00102242519255674,NA
"RUNX1T1",NA,0.0186212884737939,NA
"SLC24A1",NA,0.00470642626937358,NA
"XYLT2",NA,0.00729657009051733,NA
"WDR20",NA,0,NA
"Undecanedioic acid",NA,0,NA
"TNFRSF8",NA,0.00470642626937358,NA
"ENSG00000279267.1",NA,0.000272646718015132,NA
"ATP6V0D1-DT",NA,0.00102242519255674,NA
"MYH4",NA,0.00068161679503783,NA
"ENSG00000254469.9",NA,0.000749778474541613,NA
"WHAMMP2",NA,0.00156771862858701,NA
"YAE1",NA,0.00109058687206053,NA
"ALKBH6",NA,0.0288814065214781,NA
"ZBTB22",NA,0.00307054596128279,NA
"AGAP10P",NA,0.00458524701226978,NA
"ZNF611",NA,0.00625795629139323,NA
"VMAC",NA,0.00109058687206053,NA
"NHLRC1",NA,0.00902986899819267,NA
"FAM186A",NA,0.000613455115534047,NA
"TMEM198B",NA,0.0128404639389271,NA
"CDC40",NA,0.0109297794686831,NA
"ATCAY",NA,0.00109058687206053,NA
"TK2",NA,0.00902986899819267,NA
"DNAJB14",NA,0.00197668870560971,NA
"CPSF4",NA,0.0151450428191009,NA
"Sphingosine 1-phosphate",NA,0,NA
"ZFAND2B",NA,0.00511539634639628,NA
"PPARGC1B",NA,0,NA
"SLC12A9",NA,0.00923435403670402,NA
"GIN1",NA,0.0114750729047134,NA
"NVL",NA,0.000817940154045396,NA
"ZNF287",NA,0.000613455115534047,NA
"DDX60",NA,0.00376730685822439,NA
"PGBD1",NA,0.00197668870560971,NA
"SMUG1",NA,0.00403995357623952,NA
"VPS4B",NA,0.000340808397518915,NA
"CPSF3",NA,0.0100252631496176,NA
"CIAO3",NA,0.000477131756526481,NA
"ATXN3",NA,0.036661649135747,NA
"ASTE1",NA,0.00308569006318656,NA
"ENSG00000286143.1",NA,0,NA
"ENSG00000279689.1",NA,0.000817940154045396,NA
"LPP-AS2",NA,0.000136323359007566,NA
"SPECC1L-ADORA2A",NA,0,NA
"SGO2",NA,0.00375216275632062,NA
"C12orf43",NA,0.000749778474541613,NA
"RABGAP1L",NA,0.0070239233725022,NA
"Stearic acid",NA,0,NA
"Spermine",NA,0,NA
"Spermidine",NA,0,NA
"ENSG00000286681.1",NA,0.000340808397518915,NA
"ENSG00000261584.1",NA,0.000340808397518915,NA
"ENSG00000251143.1",NA,0.0104612642677721,NA
"MFF-DT",NA,0.000340808397518915,NA
"TMEM72-AS1",NA,0,NA
"FAM228B",NA,0.000340808397518915,NA
"LRIG2",NA,0.000749778474541613,NA
"RAD9A",NA,0.00136323359007566,NA
"HDAC3",NA,0.000613455115534047,NA
"NFXL1",NA,0.000340808397518915,NA
"PTPRN2",NA,0.000477131756526481,NA
"CARM1",NA,0.000545293436030264,NA
"ARL3",NA,0.000340808397518915,NA
"DUOX1",NA,0.000340808397518915,NA
"PALS1",NA,0.000545293436030264,NA
"trans-Cyclohexane-1,2-diol",NA,0,NA
"ALG1",NA,0.000545293436030264,NA
"ENSG00000263489.1",NA,0,NA
"Aminododecanoic acid",NA,0,NA
"CCNB1",NA,0.000136323359007566,NA
"FBXO7",NA,0.000613455115534047,NA
"SF3B4",NA,0.000749778474541613,NA
"C1orf54",NA,0,NA
"FBXL14",NA,0.000136323359007566,NA
"ENSG00000280046.1",NA,0.000272646718015132,NA
"NPIPB14P",NA,0.000477131756526481,NA
"ZNF625-ZNF20",NA,0.000136323359007566,NA
"KIAA0753",NA,0.000340808397518915,NA
"CCDC71L",NA,0.00122691023106809,NA
"ISCA1P1",NA,0.00129507191057188,NA
"DDX10",NA,0.00457010291036601,NA
"RAPGEF4",NA,0.000408970077022698,NA
"ENSG00000280239.1",NA,0.0144536280941623,NA
"TMED7-TICAM2",NA,0.000340808397518915,NA
"ENSG00000269937.1",NA,0.0118840429817361,NA
"ENSG00000261512.2",NA,0.00458524701226978,NA
"MFAP1P1",NA,0.00984780915223807,NA
"ALG8",NA,0.00458524701226978,NA
"LENG1",NA,0.00902986899819267,NA
"SLC66A3",NA,0.000477131756526481,NA
"P2RX5-TAX1BP3",NA,0.000817940154045396,NA
"TMEM43",NA,0.00143139526957944,NA
"CDC42EP5",NA,0.00102242519255674,NA
"BTG1",NA,0.000613455115534047,NA
"NOX4",NA,0,NA
