"tissue","assay","feature_id","logFC_precawg","CI.L_precawg","CI.R_precawg","adj_p_value_precawg","randomGroupCode","Timepoint","platform","logFC_sex_diff","CI.L_sex_diff","CI.R_sex_diff","adj_p_value_sex_diff","entrez_gene","gene_symbol","ensembl_gene","uniprot","refmet_name","refmet_id","kegg_id"
"blood","transcript-rna-seq","ENSG00000069399.15",0.722342268311273,0.561095692598619,0.883588844023927,2.456249251683e-13,"ADUResist","post_3.5_4_hr","transcript-rna-seq",-0.501000957394812,-0.686728146725607,-0.315273768064017,0.000164487983882867,"602","BCL3","ENSG00000069399",NA,NA,NA,NA
"blood","transcript-rna-seq","ENSG00000170525.21",0.872221046161344,0.675930088818919,1.06851200350377,2.456249251683e-13,"ADUResist","post_3.5_4_hr","transcript-rna-seq",-0.559841936175692,-0.782273438892272,-0.337410433459112,0.00037561278459791,"5209","PFKFB3","ENSG00000170525",NA,NA,NA,NA
"blood","transcript-rna-seq","ENSG00000182541.18",0.575375305663265,0.4393349283793,0.71141568294723,4.23063105140432e-12,"ADUResist","post_3.5_4_hr","transcript-rna-seq",-0.383207299683329,-0.541217060631965,-0.225197538734694,0.00059983676343893,"3985","LIMK2","ENSG00000182541",NA,NA,NA,NA
"blood","transcript-rna-seq","ENSG00000140332.18",0.608199415982538,0.463042503776951,0.753356328188125,5.41862262979066e-12,"ADUResist","post_3.5_4_hr","transcript-rna-seq",-0.424434033155464,-0.58910048786062,-0.259767578450308,0.000308318345898433,"7090","TLE3","ENSG00000140332",NA,NA,NA,NA
"blood","transcript-rna-seq","ENSG00000158470.5",0.779480999661664,0.592892962656491,0.966069036666837,5.41862262979066e-12,"ADUResist","post_3.5_4_hr","transcript-rna-seq",-0.515791428322952,-0.732855714720318,-0.298727141925587,0.000796213098594525,"9334","B4GALT5","ENSG00000158470",NA,NA,NA,NA
"blood","transcript-rna-seq","ENSG00000179820.16",0.56344598828894,0.427641470880873,0.699250505697007,6.86089910400579e-12,"ADUResist","post_3.5_4_hr","transcript-rna-seq",-0.395904772220783,-0.554286100547756,-0.237523443893811,0.000400273753369955,"91663","MYADM","ENSG00000179820",NA,NA,NA,NA
"blood","transcript-rna-seq","ENSG00000196352.17",0.753148697566275,0.571180216984738,0.935117178147813,6.86089910400579e-12,"ADUResist","post_3.5_4_hr","transcript-rna-seq",-0.555110499032318,-0.758815317302731,-0.351405680761904,0.000164487983882867,"1604","CD55","ENSG00000196352",NA,NA,NA,NA
"blood","transcript-rna-seq","ENSG00000184557.4",0.901322420720389,0.67988818285882,1.12275665858196,1.63287491193396e-11,"ADUResist","post_3.5_4_hr","transcript-rna-seq",-0.456457019325678,-0.723901374408397,-0.18901266424296,0.0146830362733123,"9021","SOCS3","ENSG00000184557",NA,NA,NA,NA
"blood","transcript-rna-seq","ENSG00000135604.10",0.674578352649212,0.506028997381037,0.843127707917386,3.69506793757715e-11,"ADUResist","post_3.5_4_hr","transcript-rna-seq",-0.459627423915041,-0.657847251959637,-0.261407595870446,0.000967799915869833,"8676","STX11","ENSG00000135604",NA,NA,NA,NA
"blood","transcript-rna-seq","ENSG00000064932.16",0.567508782288369,0.425481158803116,0.709536405773623,3.69506793757715e-11,"ADUResist","post_3.5_4_hr","transcript-rna-seq",-0.413631534896172,-0.578694878278375,-0.248568191513969,0.000383174798610923,"22904","SBNO2","ENSG00000064932",NA,NA,NA,NA
"blood","transcript-rna-seq","ENSG00000274180.1",0.604957272097535,0.453378794609606,0.756535749585465,3.69506793757715e-11,"ADUResist","post_3.5_4_hr","transcript-rna-seq",-0.39674409806767,-0.569744862777041,-0.223743333358299,0.00105112125034225,"256302","NATD1","ENSG00000274180",NA,NA,NA,NA
"blood","transcript-rna-seq","ENSG00000113719.17",0.638365412670053,0.476015904612904,0.800714920727203,7.77126719683894e-11,"ADUResist","post_3.5_4_hr","transcript-rna-seq",-0.427060816864476,-0.611615713983505,-0.242505919745446,0.000980583612693665,"57222","ERGIC1","ENSG00000113719",NA,NA,NA,NA
"blood","transcript-rna-seq","ENSG00000166579.16",0.548211386934564,0.40849911937214,0.687923654496988,8.02693647022273e-11,"ADUResist","post_3.5_4_hr","transcript-rna-seq",-0.437825287819581,-0.598231176717699,-0.277419398921463,0.000164487983882867,"81565","NDEL1","ENSG00000166579",NA,NA,NA,NA
"blood","transcript-rna-seq","ENSG00000170876.8",0.468347962996313,0.348523947111126,0.5881719788815,9.12428764560274e-11,"ADUResist","post_3.5_4_hr","transcript-rna-seq",-0.259654056156478,-0.397840531641665,-0.121467580671291,0.00622641241790918,"79188","TMEM43","ENSG00000170876",NA,NA,NA,NA
"blood","transcript-rna-seq","ENSG00000059804.16",0.697302389979837,0.517292515624814,0.87731226433486,1.41334325451992e-10,"ADUResist","post_3.5_4_hr","transcript-rna-seq",-0.456826848690627,-0.66192444845884,-0.251729248922414,0.00132653751475576,"6515","SLC2A3","ENSG00000059804",NA,NA,NA,NA
"blood","transcript-rna-seq","ENSG00000109118.14",0.43642027601158,0.322487907142217,0.550352644880942,2.3813652750833e-10,"ADUResist","post_3.5_4_hr","transcript-rna-seq",-0.302398163048652,-0.432308122018126,-0.172488204079178,0.000927244834016447,"57649","PHF12","ENSG00000109118",NA,NA,NA,NA
"blood","transcript-rna-seq","ENSG00000185905.4",0.450497442844663,0.332636627177491,0.568358258511835,2.50448472549687e-10,"ADUResist","post_3.5_4_hr","transcript-rna-seq",-0.296062763527848,-0.429629842765721,-0.162495684289975,0.00138140837736798,"283897","C16orf54","ENSG00000185905",NA,NA,NA,NA
"blood","transcript-rna-seq","ENSG00000113916.18",0.68408372834808,0.503933309710797,0.864234146985363,3.38517509364397e-10,"ADUResist","post_3.5_4_hr","transcript-rna-seq",-0.471850537049761,-0.679398878021873,-0.264302196077649,0.00112356299638894,"604","BCL6","ENSG00000113916",NA,NA,NA,NA
"blood","transcript-rna-seq","ENSG00000105656.13",0.533261761376957,0.391823984892075,0.674699537861838,4.60008385369045e-10,"ADUResist","post_3.5_4_hr","transcript-rna-seq",-0.373072195144537,-0.534843649947991,-0.211300740341084,0.000984633349796912,"8178","ELL","ENSG00000105656",NA,NA,NA,NA
"blood","transcript-rna-seq","ENSG00000077238.14",0.426964319423034,0.313631837948384,0.540296800897684,4.60227327599614e-10,"ADUResist","post_3.5_4_hr","transcript-rna-seq",-0.289512033509714,-0.419742143426521,-0.159281923592907,0.00132680321262746,"3566","IL4R","ENSG00000077238",NA,NA,NA,NA
"blood","transcript-rna-seq","ENSG00000165801.10",0.553250701841697,0.40606565425395,0.700435749429444,4.92330582766455e-10,"ADUResist","post_3.5_4_hr","transcript-rna-seq",-0.435163370586692,-0.607160134594562,-0.263166606578823,0.000345889848956319,"55701","ARHGEF40","ENSG00000165801",NA,NA,NA,NA
"blood","transcript-rna-seq","ENSG00000124731.13",0.641323525622232,0.469606960744268,0.813040090500196,6.48697621471224e-10,"ADUResist","post_3.5_4_hr","transcript-rna-seq",-0.472920749278327,-0.669547376303781,-0.276294122252873,0.000673045055119809,"54210","TREM1","ENSG00000124731",NA,NA,NA,NA
"blood","transcript-rna-seq","ENSG00000131759.18",0.458920806563823,0.335912235728708,0.581929377398937,6.51783949105904e-10,"ADUResist","post_3.5_4_hr","transcript-rna-seq",-0.342177550779471,-0.484298742501434,-0.200056359057508,0.000664772435174935,"5914","RARA","ENSG00000131759",NA,NA,NA,NA
"blood","transcript-rna-seq","ENSG00000157800.18",0.951627650091907,0.695304018803542,1.20795128138027,7.91374479920497e-10,"ADUResist","post_3.5_4_hr","transcript-rna-seq",-0.703996565819961,-0.966014119546995,-0.441979012092927,0.000164487983882867,"84255","SLC37A3","ENSG00000157800",NA,NA,NA,NA
"blood","transcript-rna-seq","ENSG00000087157.19",0.498827506709971,0.364260823344901,0.633394190075042,8.29293319341998e-10,"ADUResist","post_3.5_4_hr","transcript-rna-seq",-0.299704784803846,-0.457741421369773,-0.141668148237919,0.00574048770949668,"9489","PGS1","ENSG00000087157",NA,NA,NA,NA
"blood","transcript-rna-seq","ENSG00000113368.12",0.592518949839218,0.432417744787771,0.752620154890665,8.39336344879583e-10,"ADUResist","post_3.5_4_hr","transcript-rna-seq",-0.465864018914924,-0.649401875457984,-0.282326162371863,0.000330579643598503,"4001","LMNB1","ENSG00000113368",NA,NA,NA,NA
"blood","transcript-rna-seq","ENSG00000235750.10",0.452096052411029,0.329904033264707,0.574288071557351,8.39336344879583e-10,"ADUResist","post_3.5_4_hr","transcript-rna-seq",-0.277314387553507,-0.416695819097971,-0.137932956009043,0.00371400273101462,"9674","KIAA0040","ENSG00000235750",NA,NA,NA,NA
"blood","transcript-rna-seq","ENSG00000089159.17",0.376105714840227,0.274329585034807,0.477881844645647,8.6145086521935e-10,"ADUResist","post_3.5_4_hr","transcript-rna-seq",-0.272541446291525,-0.393559264863941,-0.151523627719109,0.00121484134252668,"5829","PXN","ENSG00000089159",NA,NA,NA,NA
"blood","transcript-rna-seq","ENSG00000113749.8",0.553634823193789,0.403234142976174,0.704035503411405,1.01162899496303e-09,"ADUResist","post_3.5_4_hr","transcript-rna-seq",-0.350482346897786,-0.521519345110571,-0.179445348685002,0.0028647751766776,"3274","HRH2","ENSG00000113749",NA,NA,NA,NA
"blood","transcript-rna-seq","ENSG00000003402.21",0.441761261148617,0.32121950732786,0.562303014969374,1.21099451227613e-09,"ADUResist","post_3.5_4_hr","transcript-rna-seq",-0.364079614438586,-0.502129634728735,-0.226029594148436,0.000211378566871285,"8837","CFLAR","ENSG00000003402",NA,NA,NA,NA
"blood","transcript-rna-seq","ENSG00000018280.17",0.696828198685964,0.505908063609904,0.887748333762024,1.43095148391545e-09,"ADUResist","post_3.5_4_hr","transcript-rna-seq",-0.551154162282366,-0.768370178434863,-0.333938146129869,0.000330579643598503,"6556","SLC11A1","ENSG00000018280",NA,NA,NA,NA
"blood","transcript-rna-seq","ENSG00000102580.15",0.534901776984595,0.387488598700232,0.682314955268957,1.76805804030209e-09,"ADUResist","post_3.5_4_hr","transcript-rna-seq",-0.335071830315312,-0.503937019459006,-0.166206641171617,0.0038049788654556,"5611","DNAJC3","ENSG00000102580",NA,NA,NA,NA
"blood","transcript-rna-seq","ENSG00000116741.8",0.696147054247156,0.503990706179583,0.888303402314729,1.83509267272855e-09,"ADUResist","post_3.5_4_hr","transcript-rna-seq",-0.501017360694711,-0.717837911807422,-0.284196809581999,0.000981574888856155,"5997","RGS2","ENSG00000116741",NA,NA,NA,NA
"blood","transcript-rna-seq","ENSG00000072952.20",0.597284023636455,0.432378778542487,0.762189268730422,1.83509267272855e-09,"ADUResist","post_3.5_4_hr","transcript-rna-seq",-0.370632898725638,-0.562343234936063,-0.178922562515212,0.00488872999540437,"10335","IRAG1","ENSG00000072952",NA,NA,NA,NA
"blood","transcript-rna-seq","ENSG00000146094.16",0.583999810256648,0.422626792877504,0.745372827635792,1.84878038832852e-09,"ADUResist","post_3.5_4_hr","transcript-rna-seq",-0.414516350939667,-0.595008435609482,-0.234024266269853,0.00102741058669262,"79930","DOK3","ENSG00000146094",NA,NA,NA,NA
"blood","transcript-rna-seq","ENSG00000173281.5",0.675864193439425,0.488574599157622,0.863153787721228,2.05578391723728e-09,"ADUResist","post_3.5_4_hr","transcript-rna-seq",-0.45359747822507,-0.666295597749045,-0.240899358701094,0.0019222591045555,"79660","PPP1R3B","ENSG00000173281",NA,NA,NA,NA
"blood","transcript-rna-seq","ENSG00000135083.17",0.630774564092894,0.455805684058558,0.80574344412723,2.12384380656965e-09,"ADUResist","post_3.5_4_hr","transcript-rna-seq",-0.474759628353817,-0.680860975547203,-0.268658281160431,0.000990149463676255,"79616","CCNJL","ENSG00000135083",NA,NA,NA,NA
"blood","transcript-rna-seq","ENSG00000111913.20",0.453430824681449,0.327368568603396,0.579493080759503,2.22634512567038e-09,"ADUResist","post_3.5_4_hr","transcript-rna-seq",-0.30453818553968,-0.446010393145521,-0.16306597793384,0.00180415454022081,"9750","RIPOR2","ENSG00000111913",NA,NA,NA,NA
"blood","transcript-rna-seq","ENSG00000123146.20",0.442636210924368,0.319547009340334,0.565725412508402,2.22634512567038e-09,"ADUResist","post_3.5_4_hr","transcript-rna-seq",-0.307152652954324,-0.451688315348518,-0.162616990560129,0.0019758125283829,"976","ADGRE5","ENSG00000123146",NA,NA,NA,NA
"blood","transcript-rna-seq","ENSG00000163235.16",0.78538719429215,0.566849985162982,1.00392440342132,2.22634512567038e-09,"ADUResist","post_3.5_4_hr","transcript-rna-seq",-0.485082087539535,-0.734970243010562,-0.235193932068508,0.00471916699222974,"7039","TGFA","ENSG00000163235",NA,NA,NA,NA
"blood","transcript-rna-seq","ENSG00000167552.15",0.503822228082701,0.363576241569574,0.644068214595827,2.22634512567038e-09,"ADUResist","post_3.5_4_hr","transcript-rna-seq",-0.351257109660624,-0.509086464551941,-0.193427754769307,0.00132656265480874,"7846","TUBA1A","ENSG00000167552",NA,NA,NA,NA
"blood","transcript-rna-seq","ENSG00000173757.10",0.388261992456114,0.280149055968308,0.496374928943919,2.22634512567038e-09,"ADUResist","post_3.5_4_hr","transcript-rna-seq",-0.247110140237462,-0.373333722211824,-0.120886558263099,0.00432713401025147,"6777","STAT5B","ENSG00000173757",NA,NA,NA,NA
"blood","transcript-rna-seq","ENSG00000079277.22",0.507427672884725,0.365820318382527,0.649035027386923,2.4110202031514e-09,"ADUResist","post_3.5_4_hr","transcript-rna-seq",-0.362946583623919,-0.521628329058188,-0.20426483818965,0.00107461986528729,"8569","MKNK1","ENSG00000079277",NA,NA,NA,NA
"blood","transcript-rna-seq","ENSG00000170837.3",0.802240235692389,0.57727605483542,1.02720441654936,2.9587941208332e-09,"ADUResist","post_3.5_4_hr","transcript-rna-seq",-0.448766612005887,-0.693303082798298,-0.204230141213476,0.00777724309258917,"2850","GPR27","ENSG00000170837",NA,NA,NA,NA
"blood","transcript-rna-seq","ENSG00000170892.13",0.543418321851708,0.390143522429211,0.696693121274204,3.77299299026516e-09,"ADUResist","post_3.5_4_hr","transcript-rna-seq",-0.448727390159548,-0.624096550933747,-0.273358229385349,0.000319607531059352,"79042","TSEN34","ENSG00000170892",NA,NA,NA,NA
"blood","transcript-rna-seq","ENSG00000167470.14",0.373437844256989,0.26770900137187,0.479166687142108,4.39283594350682e-09,"ADUResist","post_3.5_4_hr","transcript-rna-seq",-0.322409305311176,-0.445987498433273,-0.198831112189079,0.000246222040407388,"90007","MIDN","ENSG00000167470",NA,NA,NA,NA
"blood","transcript-rna-seq","ENSG00000124126.14",0.545534629590911,0.390733097483688,0.700336161698134,4.73136904397358e-09,"ADUResist","post_3.5_4_hr","transcript-rna-seq",-0.443386481768311,-0.619878909735286,-0.266894053801335,0.000379715606863753,"57580","PREX1","ENSG00000124126",NA,NA,NA,NA
"blood","transcript-rna-seq","ENSG00000151726.15",0.847590644404699,0.606662599777288,1.08851868903211,5.03971727945367e-09,"ADUResist","post_3.5_4_hr","transcript-rna-seq",-0.637338446344012,-0.906283485421286,-0.368393407266738,0.000806398568473682,"2180","ACSL1","ENSG00000151726",NA,NA,NA,NA
"blood","transcript-rna-seq","ENSG00000126822.18",0.390212443835726,0.279050079288048,0.501374808383403,5.47845759604921e-09,"ADUResist","post_3.5_4_hr","transcript-rna-seq",-0.317577063436666,-0.446310687546028,-0.188843439327303,0.000482622084184431,"26030","PLEKHG3","ENSG00000126822",NA,NA,NA,NA
"blood","transcript-rna-seq","ENSG00000189067.14",0.48691522814074,0.348090294359033,0.625740161922446,5.56942481065907e-09,"ADUResist","post_3.5_4_hr","transcript-rna-seq",-0.322125199092428,-0.48338118488032,-0.160869213304535,0.00361273017926401,"9516","LITAF","ENSG00000189067",NA,NA,NA,NA
"blood","transcript-rna-seq","ENSG00000197852.12",0.514896632175738,0.367890325296546,0.66190293905493,5.82563883460084e-09,"ADUResist","post_3.5_4_hr","transcript-rna-seq",-0.346091213539076,-0.517982778527533,-0.174199648550618,0.00336865757732092,"55924","INKA2","ENSG00000197852",NA,NA,NA,NA
"blood","transcript-rna-seq","ENSG00000171608.17",0.347507413052391,0.248138396323438,0.446876429781343,6.0753831434691e-09,"ADUResist","post_3.5_4_hr","transcript-rna-seq",-0.232443317050947,-0.347255555810284,-0.117631078291611,0.00317188199825008,"5293","PIK3CD","ENSG00000171608",NA,NA,NA,NA
"blood","transcript-rna-seq","ENSG00000096063.16",0.657674190853457,0.46949525365056,0.845853128056353,6.0753831434691e-09,"ADUResist","post_3.5_4_hr","transcript-rna-seq",-0.445687156926004,-0.649515190059602,-0.241859123792406,0.00156354427662387,"6732","SRPK1","ENSG00000096063",NA,NA,NA,NA
"blood","transcript-rna-seq","ENSG00000012779.12",0.575313042972038,0.410678444206925,0.739947641737151,6.0753831434691e-09,"ADUResist","post_3.5_4_hr","transcript-rna-seq",-0.434372506140694,-0.620740940471579,-0.248004071809808,0.000925468427931198,"240","ALOX5","ENSG00000012779",NA,NA,NA,NA
"blood","transcript-rna-seq","ENSG00000102858.13",0.468661472313009,0.334375212291587,0.602947732334431,6.32629738375762e-09,"ADUResist","post_3.5_4_hr","transcript-rna-seq",-0.351211311742281,-0.503404364139334,-0.199018259345228,0.000984633349796912,"23295","MGRN1","ENSG00000102858",NA,NA,NA,NA
"blood","transcript-rna-seq","ENSG00000100030.15",0.457137215980948,0.325875362647885,0.588399069314012,6.76200492137376e-09,"ADUResist","post_3.5_4_hr","transcript-rna-seq",-0.324122949420429,-0.472231654694851,-0.176014244146006,0.00155982706320917,"5594","MAPK1","ENSG00000100030",NA,NA,NA,NA
"blood","transcript-rna-seq","ENSG00000158156.9",0.494386985877297,0.35238773705911,0.636386234695484,6.78699043984821e-09,"ADUResist","post_3.5_4_hr","transcript-rna-seq",-0.350219398281963,-0.514831934012341,-0.185606862551585,0.00196564080502148,"55113","XKR8","ENSG00000158156",NA,NA,NA,NA
"blood","transcript-rna-seq","ENSG00000010539.12",0.482910030683025,0.34352471392259,0.622295347443459,8.21398068577599e-09,"ADUResist","post_3.5_4_hr","transcript-rna-seq",-0.257938945283496,-0.415222167521598,-0.100655723045395,0.0199365994910683,"7752","ZNF200","ENSG00000010539",NA,NA,NA,NA
"blood","transcript-rna-seq","ENSG00000198792.13",0.441511927058444,0.314048554955748,0.568975299161141,8.21398068577599e-09,"ADUResist","post_3.5_4_hr","transcript-rna-seq",-0.280846852892912,-0.427617802018101,-0.134075903767723,0.00533842415184352,"25829","TMEM184B","ENSG00000198792",NA,NA,NA,NA
"blood","transcript-rna-seq","ENSG00000102010.15",1.41211361643619,1.00381695034929,1.82041028252309,8.61479734429671e-09,"ADUResist","post_3.5_4_hr","transcript-rna-seq",-0.74030698422199,-1.1542304904275,-0.326383478016474,0.00980914273241042,"660","BMX","ENSG00000102010",NA,NA,NA,NA
"blood","transcript-rna-seq","ENSG00000177169.10",0.478275016804492,0.339829570406071,0.616720463202913,8.9152832994857e-09,"ADUResist","post_3.5_4_hr","transcript-rna-seq",-0.421354881250835,-0.575388121241255,-0.267321641260415,0.000164487983882867,"8408","ULK1","ENSG00000177169",NA,NA,NA,NA
"blood","transcript-rna-seq","ENSG00000197622.13",0.326594592812073,0.231705934034518,0.421483251589628,1.02777830249493e-08,"ADUResist","post_3.5_4_hr","transcript-rna-seq",-0.264223469517017,-0.372221681486499,-0.156225257547534,0.000537107208453687,"56882","CDC42SE1","ENSG00000197622",NA,NA,NA,NA
"blood","transcript-rna-seq","ENSG00000097033.14",0.460109043950763,0.326045578152531,0.594172509748995,1.15182189621883e-08,"ADUResist","post_3.5_4_hr","transcript-rna-seq",-0.324273249235323,-0.473820903418843,-0.174725595051803,0.00168531288549024,"51100","SH3GLB1","ENSG00000097033",NA,NA,NA,NA
"blood","transcript-rna-seq","ENSG00000121060.19",0.486558538667206,0.344684451957034,0.628432625377377,1.1778847503877e-08,"ADUResist","post_3.5_4_hr","transcript-rna-seq",-0.382163123980209,-0.545776135462488,-0.218550112497931,0.000906376073332332,"7706","TRIM25","ENSG00000121060",NA,NA,NA,NA
"blood","transcript-rna-seq","ENSG00000121964.15",0.538430670042239,0.381023771706255,0.695837568378224,1.26323214785401e-08,"ADUResist","post_3.5_4_hr","transcript-rna-seq",-0.334891960012448,-0.508426010641842,-0.161357909383054,0.00494046768739894,"79712","GTDC1","ENSG00000121964",NA,NA,NA,NA
"blood","transcript-rna-seq","ENSG00000182022.18",0.560889683448908,0.396477958036509,0.725301408861306,1.42345057441619e-08,"ADUResist","post_3.5_4_hr","transcript-rna-seq",-0.410372373038188,-0.597300923047925,-0.223443823028451,0.00152329765354824,"51363","CHST15","ENSG00000182022",NA,NA,NA,NA
"blood","transcript-rna-seq","ENSG00000125347.15",0.366237757725658,0.258740363784453,0.473735151666864,1.49533897133389e-08,"ADUResist","post_3.5_4_hr","transcript-rna-seq",-0.269749487188752,-0.402004009170526,-0.137494965206979,0.00296281337047377,"3659","IRF1","ENSG00000125347",NA,NA,NA,NA
"blood","transcript-rna-seq","ENSG00000132155.14",0.419477418559685,0.296057637443849,0.542897199675521,1.62517681183043e-08,"ADUResist","post_3.5_4_hr","transcript-rna-seq",-0.290055616548434,-0.431771370732546,-0.148339862364322,0.00289748226890194,"5894","RAF1","ENSG00000132155",NA,NA,NA,NA
"blood","transcript-rna-seq","ENSG00000064012.23",0.375054331809372,0.264618975755307,0.485489687863436,1.65160066394224e-08,"ADUResist","post_3.5_4_hr","transcript-rna-seq",-0.252086983691985,-0.374796649355435,-0.129377318028535,0.00280960471858126,"841","CASP8","ENSG00000064012",NA,NA,NA,NA
"blood","transcript-rna-seq","ENSG00000163545.11",0.445688772600366,0.313785095284694,0.577592449916037,2.02062491978583e-08,"ADUResist","post_3.5_4_hr","transcript-rna-seq",-0.332168007327715,-0.482426535917798,-0.181909478737631,0.00142003937861007,"81788","NUAK2","ENSG00000163545",NA,NA,NA,NA
"blood","transcript-rna-seq","ENSG00000141562.19",0.411243186617432,0.289489515196573,0.532996858038292,2.03104667311665e-08,"ADUResist","post_3.5_4_hr","transcript-rna-seq",-0.297369640298918,-0.437461083950787,-0.157278196647048,0.00201100575954283,"26502","NARF","ENSG00000141562",NA,NA,NA,NA
"blood","transcript-rna-seq","ENSG00000115594.12",0.866358350917015,0.60955028460814,1.12316641722589,2.09975861936749e-08,"ADUResist","post_3.5_4_hr","transcript-rna-seq",-0.503630092880758,-0.786214794104943,-0.221045391656574,0.0101071530312091,"3554","IL1R1","ENSG00000115594",NA,NA,NA,NA
"blood","transcript-rna-seq","ENSG00000067182.8",0.414230111509362,0.291410267788805,0.537049955229919,2.10148176467325e-08,"ADUResist","post_3.5_4_hr","transcript-rna-seq",-0.319943849247311,-0.46385150629144,-0.176036192203182,0.00132680321262746,"7132","TNFRSF1A","ENSG00000067182",NA,NA,NA,NA
"blood","transcript-rna-seq","ENSG00000163421.9",0.697209227602699,0.490355885588874,0.904062569616524,2.1381981170365e-08,"ADUResist","post_3.5_4_hr","transcript-rna-seq",-0.576861835336809,-0.809408113930547,-0.34431555674307,0.000451458317525544,"60675","PROK2","ENSG00000163421",NA,NA,NA,NA
"blood","transcript-rna-seq","ENSG00000169180.12",0.496805759696835,0.349182126747114,0.644429392646557,2.23604168387488e-08,"ADUResist","post_3.5_4_hr","transcript-rna-seq",-0.37698899662387,-0.546873717667426,-0.207104275580315,0.00135922938855279,"23214","XPO6","ENSG00000169180",NA,NA,NA,NA
"blood","transcript-rna-seq","ENSG00000101474.12",0.607550632886031,0.426960659819861,0.788140605952202,2.23877234050135e-08,"ADUResist","post_3.5_4_hr","transcript-rna-seq",-0.590873445751171,-0.793762532218741,-0.387984359283602,6.38544509850279e-05,"57136","APMAP","ENSG00000101474",NA,NA,NA,NA
"blood","transcript-rna-seq","ENSG00000168610.16",0.427111983412107,0.300032473540591,0.554191493283623,2.2961512912911e-08,"ADUResist","post_3.5_4_hr","transcript-rna-seq",-0.307507663809268,-0.454716542779589,-0.160298784838947,0.00237048423849061,"6774","STAT3","ENSG00000168610",NA,NA,NA,NA
"blood","transcript-rna-seq","ENSG00000164104.12",0.769001540029082,0.539683286545217,0.998319793512947,2.4722436639162e-08,"ADUResist","post_3.5_4_hr","transcript-rna-seq",-0.776729933150037,-1.02237057490163,-0.53108929139844,1.80254094771275e-05,"3148","HMGB2","ENSG00000164104",NA,NA,NA,NA
"blood","transcript-rna-seq","ENSG00000197818.12",0.457278408505893,0.320594669516488,0.593962147495297,2.71040625115535e-08,"ADUResist","post_3.5_4_hr","transcript-rna-seq",-0.325256304213918,-0.478689557694824,-0.171823050733013,0.00201899505562625,"23315","SLC9A8","ENSG00000197818",NA,NA,NA,NA
"blood","transcript-rna-seq","ENSG00000105856.14",0.453941840075929,0.318072744863838,0.589810935288021,2.80461231521761e-08,"ADUResist","post_3.5_4_hr","transcript-rna-seq",-0.321185133664905,-0.469755504666574,-0.172614762663235,0.00172519146913077,"26959","HBP1","ENSG00000105856",NA,NA,NA,NA
"blood","transcript-rna-seq","ENSG00000112096.19",0.489466668031207,0.341939331820578,0.636994004241837,3.6420653396528e-08,"ADUResist","post_3.5_4_hr","transcript-rna-seq",-0.324190122314413,-0.495912057286863,-0.152468187341962,0.00595442711978737,"6648","SOD2","ENSG00000112096",NA,NA,NA,NA
"blood","transcript-rna-seq","ENSG00000135049.16",0.48716389375145,0.340217662098287,0.634110125404612,3.68450465878306e-08,"ADUResist","post_3.5_4_hr","transcript-rna-seq",-0.348680208619632,-0.512587751094098,-0.184772666145166,0.00196564080502148,"23287","AGTPBP1","ENSG00000135049",NA,NA,NA,NA
"blood","transcript-rna-seq","ENSG00000171223.6",0.417789073256897,0.291580646371425,0.543997500142368,3.8815355665109e-08,"ADUResist","post_3.5_4_hr","transcript-rna-seq",-0.29771401496077,-0.446563714925973,-0.148864314995567,0.00357099549497454,"3726","JUNB","ENSG00000171223",NA,NA,NA,NA
"blood","transcript-rna-seq","ENSG00000144711.16",0.389509563264729,0.271804886798195,0.507214239731264,3.8815355665109e-08,"ADUResist","post_3.5_4_hr","transcript-rna-seq",-0.279837821668051,-0.414974786982175,-0.144700856353928,0.00259743449160976,"9922","IQSEC1","ENSG00000144711",NA,NA,NA,NA
"blood","transcript-rna-seq","ENSG00000117298.16",0.420977407006847,0.293690521802586,0.548264292211107,3.93309698938883e-08,"ADUResist","post_3.5_4_hr","transcript-rna-seq",-0.354064841402415,-0.503466211555429,-0.204663471249401,0.000806398568473682,"1889","ECE1","ENSG00000117298",NA,NA,NA,NA
"blood","transcript-rna-seq","ENSG00000103569.10",0.623463267903585,0.434921235664304,0.812005300142865,3.93309698938883e-08,"ADUResist","post_3.5_4_hr","transcript-rna-seq",-0.428675242297258,-0.643451607265491,-0.213898877329024,0.0036414516953177,"366","AQP9","ENSG00000103569",NA,NA,NA,NA
"blood","transcript-rna-seq","ENSG00000129353.15",0.343333795942057,0.239218153053026,0.447449438831088,4.33983725803915e-08,"ADUResist","post_3.5_4_hr","transcript-rna-seq",-0.265161052206595,-0.387364779859205,-0.142957324553986,0.00168042612964206,"57153","SLC44A2","ENSG00000129353",NA,NA,NA,NA
"blood","transcript-rna-seq","ENSG00000182885.17",0.723184568440708,0.503618421119879,0.942750715761536,4.50740445257212e-08,"ADUResist","post_3.5_4_hr","transcript-rna-seq",-0.488265838168568,-0.744342800161744,-0.232188876175392,0.00547171165099736,"222487","ADGRG3","ENSG00000182885",NA,NA,NA,NA
"blood","transcript-rna-seq","ENSG00000142166.13",0.432982420751522,0.301433685959593,0.564531155543452,4.5837733062886e-08,"ADUResist","post_3.5_4_hr","transcript-rna-seq",-0.249590598744068,-0.399755411697475,-0.0994257857906608,0.0178816995519404,"3454","IFNAR1","ENSG00000142166",NA,NA,NA,NA
"blood","transcript-rna-seq","ENSG00000059377.18",0.390539822795256,0.271782367232222,0.50929727835829,4.69747159827098e-08,"ADUResist","post_3.5_4_hr","transcript-rna-seq",-0.296624506172362,-0.434455700573642,-0.158793311771083,0.00180415454022081,"6916","TBXAS1","ENSG00000059377",NA,NA,NA,NA
"blood","transcript-rna-seq","ENSG00000157551.19",0.658049430640613,0.457820546588832,0.858278314692394,4.78425770388259e-08,"ADUResist","post_3.5_4_hr","transcript-rna-seq",-0.499234522525006,-0.728052792290242,-0.270416252759769,0.00158724470342804,"3772","KCNJ15","ENSG00000157551",NA,NA,NA,NA
"blood","transcript-rna-seq","ENSG00000131724.11",0.610286134414738,0.42438102996628,0.796191238863196,4.90100832304807e-08,"ADUResist","post_3.5_4_hr","transcript-rna-seq",-0.412394590212762,-0.618482555017349,-0.206306625408175,0.00355161338194917,"3597","IL13RA1","ENSG00000131724",NA,NA,NA,NA
"blood","transcript-rna-seq","ENSG00000110046.13",0.564793650259163,0.392702538175655,0.73688476234267,4.90100832304807e-08,"ADUResist","post_3.5_4_hr","transcript-rna-seq",-0.34397146591527,-0.541288539804476,-0.146654392026064,0.0123683174365081,"23130","ATG2A","ENSG00000110046",NA,NA,NA,NA
"blood","transcript-rna-seq","ENSG00000021355.13",0.408798908483036,0.284173802002219,0.533424014963854,4.99363789512128e-08,"ADUResist","post_3.5_4_hr","transcript-rna-seq",-0.337529944452633,-0.47643403872172,-0.198625850183545,0.000588344246042318,"1992","SERPINB1","ENSG00000021355",NA,NA,NA,NA
"blood","transcript-rna-seq","ENSG00000010404.18",0.412361080337504,0.286435468662859,0.53828669201215,5.07718137796787e-08,"ADUResist","post_3.5_4_hr","transcript-rna-seq",-0.266270667284353,-0.409329195469226,-0.12321213909948,0.00675246718372005,"3423","IDS","ENSG00000010404",NA,NA,NA,NA
"blood","transcript-rna-seq","ENSG00000125505.17",0.498482751493439,0.346268324934827,0.650697178052051,5.07718137796787e-08,"ADUResist","post_3.5_4_hr","transcript-rna-seq",-0.361138354709141,-0.535982795651649,-0.186293913766633,0.00266414652914926,"79143","MBOAT7","ENSG00000125505",NA,NA,NA,NA
"blood","transcript-rna-seq","ENSG00000164691.18",0.44000922067772,0.305639239897355,0.574379201458084,5.07718137796787e-08,"ADUResist","post_3.5_4_hr","transcript-rna-seq",-0.277481546000896,-0.42759015952238,-0.127372932479411,0.00727918103234479,"117289","TAGAP","ENSG00000164691",NA,NA,NA,NA
"blood","transcript-rna-seq","ENSG00000026025.16",0.325342930616673,0.226001019056697,0.424684842176648,5.07718137796787e-08,"ADUResist","post_3.5_4_hr","transcript-rna-seq",-0.31350715746385,-0.430340588784955,-0.196673726142744,0.000164487983882867,"7431","VIM","ENSG00000026025",NA,NA,NA,NA
"blood","transcript-rna-seq","ENSG00000108582.12",0.70380369726922,0.488816959242048,0.918790435296392,5.07718137796787e-08,"ADUResist","post_3.5_4_hr","transcript-rna-seq",-0.409301573055092,-0.649354060744847,-0.169249085365338,0.014756301709921,"1362","CPD","ENSG00000108582",NA,NA,NA,NA
"blood","transcript-rna-seq","ENSG00000143384.14",0.419673512766103,0.291407702426274,0.547939323105932,5.17484450298961e-08,"ADUResist","post_3.5_4_hr","transcript-rna-seq",-0.325502627796526,-0.472945067483334,-0.178060188109718,0.00142588823413085,"4170","MCL1","ENSG00000143384",NA,NA,NA,NA
"blood","transcript-rna-seq","ENSG00000155744.10",0.73349811830713,0.509179489872205,0.957816746742055,5.24754653947103e-08,"ADUResist","post_3.5_4_hr","transcript-rna-seq",-0.499078099389053,-0.753892084328609,-0.244264114449497,0.00430060257274056,"285172","FAM126B","ENSG00000155744",NA,NA,NA,NA
"blood","transcript-rna-seq","ENSG00000112299.8",0.929293424842375,0.64480078167138,1.21378606801337,5.44152393199217e-08,"ADUResist","post_3.5_4_hr","transcript-rna-seq",-0.45908583919188,-0.758706070900411,-0.15946560748335,0.0336565007565435,"8876","VNN1","ENSG00000112299",NA,NA,NA,NA
"blood","transcript-rna-seq","ENSG00000133961.21",0.48375958490031,0.335610736577865,0.631908433222756,5.44152393199217e-08,"ADUResist","post_3.5_4_hr","transcript-rna-seq",-0.350375955136101,-0.517229684605732,-0.18352222566647,0.00227672110870007,"8650","NUMB","ENSG00000133961",NA,NA,NA,NA
"blood","transcript-rna-seq","ENSG00000143226.15",0.47575583363937,0.329693856545532,0.621817810733208,5.935338097634e-08,"ADUResist","post_3.5_4_hr","transcript-rna-seq",-0.336586413225062,-0.503921831509011,-0.169250994941112,0.00339010604987136,"2212","FCGR2A","ENSG00000143226",NA,NA,NA,NA
"blood","transcript-rna-seq","ENSG00000114316.13",0.319946286383368,0.221696656741822,0.418195916024915,5.935338097634e-08,"ADUResist","post_3.5_4_hr","transcript-rna-seq",-0.287079183482364,-0.399385857502065,-0.174772509462663,0.000319607531059352,"7375","USP4","ENSG00000114316",NA,NA,NA,NA
"blood","transcript-rna-seq","ENSG00000132334.17",0.383664366413016,0.265733939332593,0.501594793493438,6.13371774851531e-08,"ADUResist","post_3.5_4_hr","transcript-rna-seq",-0.256247631329484,-0.390508399591106,-0.121986863067862,0.00545310974541713,"5791","PTPRE","ENSG00000132334",NA,NA,NA,NA
"blood","transcript-rna-seq","ENSG00000113303.12",0.690706894261679,0.478178721424412,0.903235067098947,6.39110603603544e-08,"ADUResist","post_3.5_4_hr","transcript-rna-seq",-0.438102690091449,-0.678081106309757,-0.19812427387314,0.00814438278175758,"79908","BTNL8","ENSG00000113303",NA,NA,NA,NA
"blood","transcript-rna-seq","ENSG00000075426.12",0.50476665528298,0.349360500650735,0.660172809915225,6.414295235666e-08,"ADUResist","post_3.5_4_hr","transcript-rna-seq",-0.381652050687354,-0.563999452494145,-0.199304648880562,0.00233706366835686,"2355","FOSL2","ENSG00000075426",NA,NA,NA,NA
"blood","transcript-rna-seq","ENSG00000171236.10",0.688842195550087,0.476469556466885,0.90121483463329,6.71098614403679e-08,"ADUResist","post_3.5_4_hr","transcript-rna-seq",-0.497157425051328,-0.741036507920107,-0.253278342182549,0.00297886649632513,"116844","LRG1","ENSG00000171236",NA,NA,NA,NA
"blood","transcript-rna-seq","ENSG00000188559.16",0.509099554445803,0.351948782275308,0.666250326616298,6.93581948923847e-08,"ADUResist","post_3.5_4_hr","transcript-rna-seq",-0.342606789999628,-0.516006730015664,-0.169206849983593,0.00394397607527133,"57186","RALGAPA2","ENSG00000188559",NA,NA,NA,NA
"blood","transcript-rna-seq","ENSG00000062282.15",0.558383029241122,0.38599308747815,0.730772971004095,6.95235700578925e-08,"ADUResist","post_3.5_4_hr","transcript-rna-seq",-0.384944974911948,-0.583452048657182,-0.186437901166713,0.00474940147063366,"84649","DGAT2","ENSG00000062282",NA,NA,NA,NA
"blood","transcript-rna-seq","ENSG00000115604.12",0.988506840702309,0.683205898591092,1.29380778281353,6.95235700578925e-08,"ADUResist","post_3.5_4_hr","transcript-rna-seq",-0.705643735201348,-1.02160308077757,-0.389684389625125,0.00131947350476252,"8809","IL18R1","ENSG00000115604",NA,NA,NA,NA
"blood","transcript-rna-seq","ENSG00000123405.14",0.472822311959026,0.326732587374626,0.618912036543427,7.06458153115949e-08,"ADUResist","post_3.5_4_hr","transcript-rna-seq",-0.338638121417928,-0.506937552479574,-0.170338690356281,0.00337966622210726,"4778","NFE2","ENSG00000123405",NA,NA,NA,NA
"blood","transcript-rna-seq","ENSG00000084110.11",0.683093010057035,0.471950584849773,0.894235435264296,7.1062781578492e-08,"ADUResist","post_3.5_4_hr","transcript-rna-seq",-0.506276227873747,-0.740685238900983,-0.271867216846511,0.00175219669586255,"3034","HAL","ENSG00000084110",NA,NA,NA,NA
"blood","transcript-rna-seq","ENSG00000132475.10",0.416101711856369,0.28744875903896,0.544754664673777,7.12973145222723e-08,"ADUResist","post_3.5_4_hr","transcript-rna-seq",-0.341185649169786,-0.487195212698583,-0.195176085640989,0.000905293305319927,"3021","H3-3B","ENSG00000132475",NA,NA,NA,NA
"blood","transcript-rna-seq","ENSG00000165071.15",0.482992731191773,0.333619703719172,0.632365758664374,7.12973145222723e-08,"ADUResist","post_3.5_4_hr","transcript-rna-seq",-0.385971801021069,-0.552849415276077,-0.21909418676606,0.000980583612693665,"137835","TMEM71","ENSG00000165071",NA,NA,NA,NA
"blood","transcript-rna-seq","ENSG00000171302.17",0.396612779379767,0.273828781704498,0.519396777055036,7.33786733479303e-08,"ADUResist","post_3.5_4_hr","transcript-rna-seq",-0.322913272852282,-0.465639850420925,-0.180186695283639,0.00115531245305345,"124583","CANT1","ENSG00000171302",NA,NA,NA,NA
"blood","transcript-rna-seq","ENSG00000122862.5",0.539056859945671,0.37213000992616,0.705983709965182,7.34011207365717e-08,"ADUResist","post_3.5_4_hr","transcript-rna-seq",-0.455796217196648,-0.648407974115105,-0.263184460278191,0.000806398568473682,"5552","SRGN","ENSG00000122862",NA,NA,NA,NA
"blood","transcript-rna-seq","ENSG00000115271.11",0.630308566017447,0.435063646499294,0.825553485535601,7.34011207365717e-08,"ADUResist","post_3.5_4_hr","transcript-rna-seq",-0.495218496281643,-0.715458018740005,-0.27497897382328,0.00122141334500854,"25801","GCA","ENSG00000115271",NA,NA,NA,NA
"blood","transcript-rna-seq","ENSG00000008516.18",0.562263964604607,0.388098434024756,0.736429495184459,7.34011207365717e-08,"ADUResist","post_3.5_4_hr","transcript-rna-seq",-0.414161538090253,-0.611900921481413,-0.216422154699093,0.00232250381142936,"64386","MMP25","ENSG00000008516",NA,NA,NA,NA
"blood","transcript-rna-seq","ENSG00000173535.15",0.509916758733553,0.351937037469452,0.667896479997653,7.34011207365717e-08,"ADUResist","post_3.5_4_hr","transcript-rna-seq",-0.395843473700099,-0.577078650141127,-0.214608297259071,0.00157753636594866,"8794","TNFRSF10C","ENSG00000173535",NA,NA,NA,NA
"blood","transcript-rna-seq","ENSG00000255112.3",0.411683712691384,0.284043272024041,0.539324153358727,7.4393036057897e-08,"ADUResist","post_3.5_4_hr","transcript-rna-seq",-0.319830764960941,-0.463121184098763,-0.17654034582312,0.00132328064314154,"57132","CHMP1B","ENSG00000255112",NA,NA,NA,NA
"blood","transcript-rna-seq","ENSG00000228327.4",0.491879063945076,0.339226565617047,0.644531562273105,7.64088849637317e-08,"ADUResist","post_3.5_4_hr","transcript-rna-seq",-0.281122246549442,-0.45311930834623,-0.109125184752654,0.0205094289972822,NA,NA,"ENSG00000228327",NA,NA,NA,NA
"blood","transcript-rna-seq","ENSG00000139178.12",0.467475661332927,0.322367644253937,0.612583678411918,7.64088849637317e-08,"ADUResist","post_3.5_4_hr","transcript-rna-seq",-0.327797441488495,-0.490427278890057,-0.165167604086933,0.00333422267794009,"51279","C1RL","ENSG00000139178",NA,NA,NA,NA
"blood","transcript-rna-seq","ENSG00000162551.14",0.508654616112326,0.350696928283754,0.666612303940897,7.76147213050343e-08,"ADUResist","post_3.5_4_hr","transcript-rna-seq",-0.350157641213974,-0.552640972507472,-0.147674309920475,0.0132707593499859,"249","ALPL","ENSG00000162551",NA,NA,NA,NA
"blood","transcript-rna-seq","ENSG00000244482.10",0.52660649582195,0.362980949939475,0.690232041704424,7.82087389922112e-08,"ADUResist","post_3.5_4_hr","transcript-rna-seq",-0.411713272619023,-0.600690918427389,-0.222735626810658,0.00161993361466096,"79168","LILRA6","ENSG00000244482",NA,NA,NA,NA
"blood","transcript-rna-seq","ENSG00000101236.17",0.534587047636192,0.368384646721596,0.700789448550788,7.89660344219257e-08,"ADUResist","post_3.5_4_hr","transcript-rna-seq",-0.423099595413428,-0.612211173083306,-0.233988017743549,0.0013018924835837,"11237","RNF24","ENSG00000101236",NA,NA,NA,NA
"blood","transcript-rna-seq","ENSG00000144118.14",0.518673626699203,0.357352323464848,0.679994929933559,7.94405834610605e-08,"ADUResist","post_3.5_4_hr","transcript-rna-seq",-0.416885595364352,-0.599148631880772,-0.234622558847932,0.00107461986528729,"5899","RALB","ENSG00000144118",NA,NA,NA,NA
"blood","transcript-rna-seq","ENSG00000062716.13",0.469195550228651,0.323118007658061,0.615273092799241,8.18411888265066e-08,"ADUResist","post_3.5_4_hr","transcript-rna-seq",-0.420039507255238,-0.585376771988288,-0.254702242522187,0.000330579643598503,"81671","VMP1","ENSG00000062716",NA,NA,NA,NA
"blood","transcript-rna-seq","ENSG00000188895.12",0.448967888130017,0.309049312334834,0.5888864639252,8.42688006220812e-08,"ADUResist","post_3.5_4_hr","transcript-rna-seq",-0.3877480862271,-0.546135274626319,-0.229360897827881,0.000537107208453687,"339287","MSL1","ENSG00000188895",NA,NA,NA,NA
"blood","transcript-rna-seq","ENSG00000033327.13",0.539989421877365,0.371629226723682,0.708349617031049,8.51702854721468e-08,"ADUResist","post_3.5_4_hr","transcript-rna-seq",-0.344286840007918,-0.537677067767414,-0.150896612248422,0.0102021152828173,"9846","GAB2","ENSG00000033327",NA,NA,NA,NA
"blood","transcript-rna-seq","ENSG00000159388.6",0.358944413461515,0.246992946053969,0.470895880869061,8.56651814710852e-08,"ADUResist","post_3.5_4_hr","transcript-rna-seq",-0.251780040907875,-0.380049269041897,-0.123510812773853,0.00421811374646087,"7832","BTG2","ENSG00000159388",NA,NA,NA,NA
"blood","transcript-rna-seq","ENSG00000179134.16",0.322443555502838,0.221752358165185,0.423134752840491,8.78560054638188e-08,"ADUResist","post_3.5_4_hr","transcript-rna-seq",-0.261318916833705,-0.372074635592711,-0.1505631980747,0.00082522753269254,"55095","SAMD4B","ENSG00000179134",NA,NA,NA,NA
"blood","transcript-rna-seq","ENSG00000183762.13",0.65479639778171,0.450361694088883,0.859231101474537,8.78560054638188e-08,"ADUResist","post_3.5_4_hr","transcript-rna-seq",-0.551726589760056,-0.799333008423955,-0.304120171096157,0.00132653751475576,"83999","KREMEN1","ENSG00000183762",NA,NA,NA,NA
"blood","transcript-rna-seq","ENSG00000128016.7",0.373899859144634,0.257141188545242,0.490658529744026,8.78560054638188e-08,"ADUResist","post_3.5_4_hr","transcript-rna-seq",-0.261334586668923,-0.392628262158035,-0.130040911179811,0.00369458502474581,"7538","ZFP36","ENSG00000128016",NA,NA,NA,NA
"blood","transcript-rna-seq","ENSG00000137312.15",0.463252500581591,0.318423146533003,0.608081854630179,9.12268019035975e-08,"ADUResist","post_3.5_4_hr","transcript-rna-seq",-0.383963155250527,-0.548565020399566,-0.219361290101488,0.000916749552539914,"10211","FLOT1","ENSG00000137312",NA,NA,NA,NA
"blood","transcript-rna-seq","ENSG00000132510.11",0.466867216296457,0.320841687306824,0.61289274528609,9.12268019035975e-08,"ADUResist","post_3.5_4_hr","transcript-rna-seq",-0.34437217885008,-0.511097472423368,-0.177646885276791,0.00266414652914926,"23135","KDM6B","ENSG00000132510",NA,NA,NA,NA
"blood","transcript-rna-seq","ENSG00000169896.18",0.476362351131165,0.327327347139101,0.625397355123229,9.12268019035975e-08,"ADUResist","post_3.5_4_hr","transcript-rna-seq",-0.351061851577077,-0.522220778031037,-0.179902925123117,0.00284044342372552,"3684","ITGAM","ENSG00000169896",NA,NA,NA,NA
"blood","transcript-rna-seq","ENSG00000132965.10",0.77961105592539,0.53531215048185,1.02390996136893,9.59944393703401e-08,"ADUResist","post_3.5_4_hr","transcript-rna-seq",-0.559892747157972,-0.82896922579451,-0.290816268521435,0.00247078731604597,"241","ALOX5AP","ENSG00000132965",NA,NA,NA,NA
"blood","transcript-rna-seq","ENSG00000166987.15",0.448799245437565,0.30790268208789,0.58969580878724,1.02293150570301e-07,"ADUResist","post_3.5_4_hr","transcript-rna-seq",-0.324787372489064,-0.480560140945621,-0.169014604032507,0.00242222898454736,"114785","MBD6","ENSG00000166987",NA,NA,NA,NA
"blood","transcript-rna-seq","ENSG00000171206.15",0.294559814570865,0.202008079173813,0.387111549967916,1.04352938983904e-07,"ADUResist","post_3.5_4_hr","transcript-rna-seq",-0.232154332527894,-0.338223599512573,-0.126085065543214,0.00155982706320917,"81603","TRIM8","ENSG00000171206",NA,NA,NA,NA
"blood","transcript-rna-seq","ENSG00000181631.7",0.469066568512446,0.321638133302979,0.616495003721912,1.04352938983904e-07,"ADUResist","post_3.5_4_hr","transcript-rna-seq",-0.2882427000271,-0.455097558967171,-0.121387841087028,0.0133692104825226,"53829","P2RY13","ENSG00000181631",NA,NA,NA,NA
"blood","transcript-rna-seq","ENSG00000161638.11",0.322228696615724,0.220950646779477,0.423506746451972,1.04352938983904e-07,"ADUResist","post_3.5_4_hr","transcript-rna-seq",-0.213496251918409,-0.334133386486072,-0.0928591173507458,0.0108129949438032,"3678","ITGA5","ENSG00000161638",NA,NA,NA,NA
"blood","transcript-rna-seq","ENSG00000109466.14",0.742531695069865,0.509113966964475,0.975949423175256,1.04352938983904e-07,"ADUResist","post_3.5_4_hr","transcript-rna-seq",-0.567112260684817,-0.824714076880677,-0.309510444488957,0.00148437342808408,"11275","KLHL2","ENSG00000109466",NA,NA,NA,NA
"blood","transcript-rna-seq","ENSG00000189180.16",0.489626632904463,0.335653970185425,0.6435992956235,1.04352938983904e-07,"ADUResist","post_3.5_4_hr","transcript-rna-seq",-0.298081786993158,-0.466576304939708,-0.129587269046609,0.0108357871797939,"7581","ZNF33A","ENSG00000189180",NA,NA,NA,NA
"blood","transcript-rna-seq","ENSG00000163171.8",0.472495305007733,0.323928723329796,0.62106188668567,1.04352938983904e-07,"ADUResist","post_3.5_4_hr","transcript-rna-seq",-0.24655428501007,-0.410725796458911,-0.0823827735612282,0.0387972235342822,"10602","CDC42EP3","ENSG00000163171",NA,NA,NA,NA
"blood","transcript-rna-seq","ENSG00000110931.19",0.452904411658718,0.31038947549309,0.595419347824346,1.06345770813131e-07,"ADUResist","post_3.5_4_hr","transcript-rna-seq",-0.460446492757181,-0.621291956594888,-0.299601028919474,9.17318974589008e-05,"10645","CAMKK2","ENSG00000110931",NA,NA,NA,NA
"blood","transcript-rna-seq","ENSG00000103196.12",0.876227565094817,0.600469498676193,1.15198563151344,1.06345770813131e-07,"ADUResist","post_3.5_4_hr","transcript-rna-seq",-0.659182871608764,-0.96459141359149,-0.353774329626039,0.00176709019551179,"83716","CRISPLD2","ENSG00000103196",NA,NA,NA,NA
"blood","transcript-rna-seq","ENSG00000101558.14",0.4167605415854,0.285453098836032,0.548067984334767,1.09667872723684e-07,"ADUResist","post_3.5_4_hr","transcript-rna-seq",-0.335704544859254,-0.485300652906552,-0.186108436811956,0.0012630976055437,"9218","VAPA","ENSG00000101558",NA,NA,NA,NA
"blood","transcript-rna-seq","ENSG00000105520.11",0.536639483774374,0.367561167015685,0.705717800533062,1.09667872723684e-07,"ADUResist","post_3.5_4_hr","transcript-rna-seq",-0.331817179282225,-0.525612370656905,-0.138021987907544,0.0142540157714851,"64748","PLPPR2","ENSG00000105520",NA,NA,NA,NA
"blood","transcript-rna-seq","ENSG00000022567.10",0.456180518439956,0.312329415357119,0.600031621522792,1.12980541855897e-07,"ADUResist","post_3.5_4_hr","transcript-rna-seq",-0.30723297062039,-0.474101753493918,-0.140364187746863,0.00756057105717891,"57210","SLC45A4","ENSG00000022567",NA,NA,NA,NA
"blood","transcript-rna-seq","ENSG00000162413.17",0.456972616617733,0.312769535490268,0.601175697745199,1.14292476225957e-07,"ADUResist","post_3.5_4_hr","transcript-rna-seq",-0.3545431182027,-0.517498078272218,-0.191588158133181,0.00163872060102465,"9903","KLHL21","ENSG00000162413",NA,NA,NA,NA
"blood","transcript-rna-seq","ENSG00000125735.11",0.454128959483604,0.310653253891794,0.597604665075414,1.19480308541789e-07,"ADUResist","post_3.5_4_hr","transcript-rna-seq",-0.374536466585585,-0.538928795821786,-0.210144137349384,0.00112356299638894,"8740","TNFSF14","ENSG00000125735",NA,NA,NA,NA
"blood","transcript-rna-seq","ENSG00000196954.14",0.41240592011072,0.2820556228446,0.54275621737684,1.21139987764312e-07,"ADUResist","post_3.5_4_hr","transcript-rna-seq",-0.244986763484587,-0.394475513356408,-0.0954980136127649,0.0200562350226988,"837","CASP4","ENSG00000196954",NA,NA,NA,NA
"blood","transcript-rna-seq","ENSG00000138185.20",0.516049785418009,0.352767377496228,0.679332193339789,1.24361173150667e-07,"ADUResist","post_3.5_4_hr","transcript-rna-seq",-0.354889309641742,-0.532341375924635,-0.17743724335885,0.00357099549497454,"953","ENTPD1","ENSG00000138185",NA,NA,NA,NA
"blood","transcript-rna-seq","ENSG00000125827.9",0.507237972167276,0.346660318974657,0.667815625359894,1.25582677734547e-07,"ADUResist","post_3.5_4_hr","transcript-rna-seq",-0.402480757251131,-0.579094823652189,-0.225866690850073,0.00112356299638894,"56255","TMX4","ENSG00000125827",NA,NA,NA,NA
"blood","transcript-rna-seq","ENSG00000183726.11",0.329709808425277,0.225207880320431,0.434211736530123,1.30917221363669e-07,"ADUResist","post_3.5_4_hr","transcript-rna-seq",-0.298889221047644,-0.415850861543127,-0.181927580552161,0.000319607531059352,"23585","TMEM50A","ENSG00000183726",NA,NA,NA,NA
"blood","transcript-rna-seq","ENSG00000135365.17",0.349121635827204,0.238318176369126,0.459925095285281,1.37471160318269e-07,"ADUResist","post_3.5_4_hr","transcript-rna-seq",-0.292944974256028,-0.420737508148066,-0.16515244036399,0.0010537043648423,"51317","PHF21A","ENSG00000135365",NA,NA,NA,NA
"blood","transcript-rna-seq","ENSG00000105339.11",0.454148874083282,0.309817046586011,0.598480701580554,1.41704331421464e-07,"ADUResist","post_3.5_4_hr","transcript-rna-seq",-0.38271690181978,-0.54486262156032,-0.22057118207924,0.00082522753269254,"22898","DENND3","ENSG00000105339",NA,NA,NA,NA
"blood","transcript-rna-seq","ENSG00000118564.15",0.476161953372396,0.324831533696609,0.627492373048184,1.41704331421464e-07,"ADUResist","post_3.5_4_hr","transcript-rna-seq",-0.328115559970634,-0.495033399818161,-0.161197720123107,0.00415506720159455,"26234","FBXL5","ENSG00000118564",NA,NA,NA,NA
"blood","transcript-rna-seq","ENSG00000160796.18",0.428875058906984,0.292562164956912,0.565187952857056,1.41704331421464e-07,"ADUResist","post_3.5_4_hr","transcript-rna-seq",-0.278160974172511,-0.432614464577378,-0.123707483767644,0.00922518872110697,"23218","NBEAL2","ENSG00000160796",NA,NA,NA,NA
"blood","transcript-rna-seq","ENSG00000100307.13",0.244919838816039,0.167048691150557,0.322790986481521,1.43139709365183e-07,"ADUResist","post_3.5_4_hr","transcript-rna-seq",-0.15112666106993,-0.24300736482322,-0.0592459573166401,0.0194096998687954,"23492","CBX7","ENSG00000100307",NA,NA,NA,NA
"blood","transcript-rna-seq","ENSG00000118520.15",1.50369800012026,1.02533192056978,1.98206407967074,1.4566208292273e-07,"ADUResist","post_3.5_4_hr","transcript-rna-seq",-1.17071873384634,-1.60787020892615,-0.733567258766518,0.000164487983882867,"383","ARG1","ENSG00000118520",NA,NA,NA,NA
"blood","transcript-rna-seq","ENSG00000116679.16",0.425453241312096,0.289920526282348,0.560985956341844,1.51166584621012e-07,"ADUResist","post_3.5_4_hr","transcript-rna-seq",-0.442469401931334,-0.590796137748617,-0.294142666114051,4.85332338403005e-05,"10625","IVNS1ABP","ENSG00000116679",NA,NA,NA,NA
"blood","transcript-rna-seq","ENSG00000143409.17",0.441849213585686,0.300870189234971,0.5828282379364,1.59104219504654e-07,"ADUResist","post_3.5_4_hr","transcript-rna-seq",-0.321637712421127,-0.48078411734034,-0.162491307501915,0.00323382361371521,"55793","MINDY1","ENSG00000143409",NA,NA,NA,NA
"blood","transcript-rna-seq","ENSG00000225873.4",0.826764119495106,0.562972112613863,1.09055612637635,1.59104219504654e-07,"ADUResist","post_3.5_4_hr","transcript-rna-seq",-0.516924949725532,-0.811218938483008,-0.222630960968057,0.011565905219486,"102724231","C3orf86","ENSG00000225873",NA,NA,NA,NA
"blood","transcript-rna-seq","ENSG00000167676.5",0.671011005332063,0.456887201712336,0.885134808951789,1.59127403015886e-07,"ADUResist","post_3.5_4_hr","transcript-rna-seq",-0.44600412553029,-0.683015239679394,-0.208993011381185,0.00613379785684268,"729359","PLIN4","ENSG00000167676",NA,NA,NA,NA
"blood","transcript-rna-seq","ENSG00000181274.7",0.51729934988477,0.352106840442134,0.682491859327405,1.62176258284501e-07,"ADUResist","post_3.5_4_hr","transcript-rna-seq",-0.377714388245574,-0.566915515322764,-0.188513261168383,0.00363405061743511,"23401","FRAT2","ENSG00000181274",NA,NA,NA,NA
"blood","transcript-rna-seq","ENSG00000115828.17",0.789983565743781,0.537273989853497,1.04269314163407,1.71706469018231e-07,"ADUResist","post_3.5_4_hr","transcript-rna-seq",-0.599273167726357,-0.877894026068607,-0.320652309384106,0.00180493308406284,"25797","QPCT","ENSG00000115828",NA,NA,NA,NA
"blood","transcript-rna-seq","ENSG00000132405.19",0.457802406299317,0.311274326491173,0.60433048610746,1.73934695229838e-07,"ADUResist","post_3.5_4_hr","transcript-rna-seq",-0.356389116436128,-0.524389876512691,-0.188388356359565,0.00201899505562625,"57533","TBC1D14","ENSG00000132405",NA,NA,NA,NA
"blood","transcript-rna-seq","ENSG00000160588.10",0.538593448576301,0.366189824287935,0.710997072864667,1.73934695229838e-07,"ADUResist","post_3.5_4_hr","transcript-rna-seq",-0.413073559300145,-0.608702834847351,-0.217444283752938,0.00212350349768365,"196264","MPZL3","ENSG00000160588",NA,NA,NA,NA
"blood","transcript-rna-seq","ENSG00000257335.8",0.736378536694771,0.500578577936205,0.972178495453336,1.75347741460432e-07,"ADUResist","post_3.5_4_hr","transcript-rna-seq",-0.510859735452911,-0.781133425405454,-0.240586045500368,0.00590790672554542,"8972","MGAM","ENSG00000257335",NA,NA,NA,NA
"blood","transcript-rna-seq","ENSG00000087074.8",0.458218526972234,0.311393257260026,0.605043796684443,1.78343834978346e-07,"ADUResist","post_3.5_4_hr","transcript-rna-seq",-0.447173314490446,-0.613191782729069,-0.281154846251822,0.000164487983882867,"23645","PPP1R15A","ENSG00000087074",NA,NA,NA,NA
"blood","transcript-rna-seq","ENSG00000154845.16",0.414232836066349,0.281416191108581,0.547049481024116,1.81997087624936e-07,"ADUResist","post_3.5_4_hr","transcript-rna-seq",-0.280972976643339,-0.434903773890302,-0.127042179396375,0.00814934083442336,"9989","PPP4R1","ENSG00000154845",NA,NA,NA,NA
"blood","transcript-rna-seq","ENSG00000282508.2",0.572462910053847,0.388868249621538,0.756057570486157,1.81997087624936e-07,"ADUResist","post_3.5_4_hr","transcript-rna-seq",-0.334860872563818,-0.53745419159652,-0.132267553531115,0.0187291850959904,NA,"LINC01002","ENSG00000282508",NA,NA,NA,NA
"blood","transcript-rna-seq","ENSG00000146828.18",0.389076634590468,0.264102429090418,0.514050840090519,1.90073131361141e-07,"ADUResist","post_3.5_4_hr","transcript-rna-seq",-0.26572864660465,-0.409688513843243,-0.121768779366057,0.0073736684460747,"56996","SLC12A9","ENSG00000146828",NA,NA,NA,NA
"blood","transcript-rna-seq","ENSG00000151651.16",0.387428566765214,0.262797870843605,0.512059262686823,1.98464296601711e-07,"ADUResist","post_3.5_4_hr","transcript-rna-seq",-0.323490187913469,-0.468882642023465,-0.178097733803473,0.00132666798473276,"101","ADAM8","ENSG00000151651",NA,NA,NA,NA
"blood","transcript-rna-seq","ENSG00000105352.11",0.656641453796572,0.445399835885349,0.867883071707796,1.98464296601711e-07,"ADUResist","post_3.5_4_hr","transcript-rna-seq",-0.422001425098816,-0.648605475632584,-0.195397374565047,0.00674068686653756,"1089","CEACAM4","ENSG00000105352",NA,NA,NA,NA
"blood","transcript-rna-seq","ENSG00000176788.9",0.571839801666854,0.387821337504358,0.755858265829351,1.99930279428868e-07,"ADUResist","post_3.5_4_hr","transcript-rna-seq",-0.513162680126046,-0.720053223936163,-0.306272136315928,0.000451458317525544,"10409","BASP1","ENSG00000176788",NA,NA,NA,NA
"blood","transcript-rna-seq","ENSG00000101336.18",0.341643927498872,0.231668340926715,0.451619514071029,2.01478679726733e-07,"ADUResist","post_3.5_4_hr","transcript-rna-seq",-0.257725745528575,-0.387887943423384,-0.127563547633765,0.00387898616017009,"3055","HCK","ENSG00000101336",NA,NA,NA,NA
"blood","transcript-rna-seq","ENSG00000103005.12",0.359963439775903,0.243963780361666,0.47596309919014,2.08371111248124e-07,"ADUResist","post_3.5_4_hr","transcript-rna-seq",-0.308325642062642,-0.44534964754978,-0.171301636575505,0.00121823745561102,"79650","USB1","ENSG00000103005",NA,NA,NA,NA
"blood","transcript-rna-seq","ENSG00000181826.10",0.724081344447936,0.490494384833752,0.95766830406212,2.13901547776975e-07,"ADUResist","post_3.5_4_hr","transcript-rna-seq",-0.482889158994158,-0.733966184733779,-0.231812133254538,0.00506467811965495,"768211","RELL1","ENSG00000181826",NA,NA,NA,NA
"blood","transcript-rna-seq","ENSG00000111261.14",0.734868725028222,0.497398048189777,0.972339401866667,2.27305838575445e-07,"ADUResist","post_3.5_4_hr","transcript-rna-seq",-0.497937624728876,-0.761280084806478,-0.234595164651274,0.00590790672554542,"54682","MANSC1","ENSG00000111261",NA,NA,NA,NA
"blood","transcript-rna-seq","ENSG00000137575.12",0.584327154882262,0.395198658087418,0.773455651677106,2.38401203880593e-07,"ADUResist","post_3.5_4_hr","transcript-rna-seq",-0.396130348519758,-0.603833103974169,-0.188427593065347,0.00546409000353053,"6386","SDCBP","ENSG00000137575",NA,NA,NA,NA
"blood","transcript-rna-seq","ENSG00000136026.14",0.595743465684936,0.402891797789827,0.788595133580044,2.3929963508331e-07,"ADUResist","post_3.5_4_hr","transcript-rna-seq",-0.617374094177763,-0.827613074396835,-0.407135113958692,6.0978608037506e-05,"10970","CKAP4","ENSG00000136026",NA,NA,NA,NA
"blood","transcript-rna-seq","ENSG00000163464.8",0.527262619378094,0.356538458417055,0.697986780339133,2.40538048266911e-07,"ADUResist","post_3.5_4_hr","transcript-rna-seq",-0.450597880363631,-0.649344532147219,-0.251851228580043,0.00114036682033513,"3577","CXCR1","ENSG00000163464",NA,NA,NA,NA
"blood","transcript-rna-seq","ENSG00000171777.16",0.468487408179275,0.316763997553356,0.620210818805194,2.40719403664521e-07,"ADUResist","post_3.5_4_hr","transcript-rna-seq",-0.378769963126215,-0.552422682019421,-0.20511724423301,0.00158835092815788,"115727","RASGRP4","ENSG00000171777",NA,NA,NA,NA
"blood","transcript-rna-seq","ENSG00000103313.13",0.41589132827195,0.281144853272486,0.550637803271415,2.42302921139711e-07,"ADUResist","post_3.5_4_hr","transcript-rna-seq",-0.344014672530626,-0.503849912836415,-0.184179432224838,0.00180415454022081,"4210","MEFV","ENSG00000103313",NA,NA,NA,NA
"blood","transcript-rna-seq","ENSG00000012822.16",0.288611400556096,0.195079363473568,0.382143437638624,2.42302921139711e-07,"ADUResist","post_3.5_4_hr","transcript-rna-seq",-0.17474085196941,-0.281065512318118,-0.0684161916207033,0.0195370932181505,"57658","CALCOCO1","ENSG00000012822",NA,NA,NA,NA
"blood","transcript-rna-seq","ENSG00000133318.14",0.507227200610622,0.342668956217658,0.671785445003586,2.51662811235106e-07,"ADUResist","post_3.5_4_hr","transcript-rna-seq",-0.389175945269603,-0.573936303174538,-0.204415587364667,0.00219179972750768,"10313","RTN3","ENSG00000133318",NA,NA,NA,NA
"blood","transcript-rna-seq","ENSG00000130703.17",0.41336581333587,0.279034994368671,0.547696632303069,2.65382033929563e-07,"ADUResist","post_3.5_4_hr","transcript-rna-seq",-0.336063498402405,-0.488131480212332,-0.183995516592478,0.00142003937861007,"9885","OSBPL2","ENSG00000130703",NA,NA,NA,NA
"blood","transcript-rna-seq","ENSG00000156675.16",0.533872655494024,0.360208418567332,0.707536892420717,2.73390801881932e-07,"ADUResist","post_3.5_4_hr","transcript-rna-seq",-0.324758026979117,-0.521265286838633,-0.1282507671196,0.0187291850959904,"80223","RAB11FIP1","ENSG00000156675",NA,NA,NA,NA
"blood","transcript-rna-seq","ENSG00000112303.14",0.604469838715357,0.407655247427948,0.801284430002766,2.80268276364782e-07,"ADUResist","post_3.5_4_hr","transcript-rna-seq",-0.509230470355959,-0.730076288832717,-0.288384651879201,0.000984633349796912,"8875","VNN2","ENSG00000112303",NA,NA,NA,NA
"blood","transcript-rna-seq","ENSG00000146457.16",0.275048492780234,0.185453946760208,0.364643038800261,2.80268276364782e-07,"ADUResist","post_3.5_4_hr","transcript-rna-seq",-0.201970813029699,-0.302026400018466,-0.101915226040932,0.00326913871498497,"9589","WTAP","ENSG00000146457",NA,NA,NA,NA
"blood","transcript-rna-seq","ENSG00000068366.21",0.568963518890347,0.383516948602891,0.754410089177803,2.87526015471357e-07,"ADUResist","post_3.5_4_hr","transcript-rna-seq",-0.375218883294981,-0.584898316818349,-0.165539449771612,0.00979262074942494,"2182","ACSL4","ENSG00000068366",NA,NA,NA,NA
"blood","transcript-rna-seq","ENSG00000197324.9",0.434007660798994,0.292534557884002,0.575480763713985,2.87742192422623e-07,"ADUResist","post_3.5_4_hr","transcript-rna-seq",-0.383094468013212,-0.548424783494496,-0.217764152531929,0.000967799915869833,"26020","LRP10","ENSG00000197324",NA,NA,NA,NA
"blood","transcript-rna-seq","ENSG00000140379.9",0.67166118317945,0.452594370087242,0.890727996271658,2.92536033013282e-07,"ADUResist","post_3.5_4_hr","transcript-rna-seq",-0.59702436175793,-0.840970045621724,-0.353078677894137,0.000537107208453687,"597","BCL2A1","ENSG00000140379",NA,NA,NA,NA
"blood","transcript-rna-seq","ENSG00000100504.17",0.607446594858089,0.409150958527482,0.805742231188697,3.00501502005932e-07,"ADUResist","post_3.5_4_hr","transcript-rna-seq",-0.515961392724797,-0.738050699581225,-0.29387208586837,0.000952356814529323,"5836","PYGL","ENSG00000100504",NA,NA,NA,NA
"blood","transcript-rna-seq","ENSG00000110876.10",0.358449953235761,0.241354739560151,0.475545166911371,3.04889654918491e-07,"ADUResist","post_3.5_4_hr","transcript-rna-seq",-0.322584252289769,-0.457408871300195,-0.187759633279342,0.000738173725757662,"6404","SELPLG","ENSG00000110876",NA,NA,NA,NA
"blood","transcript-rna-seq","ENSG00000196843.17",0.400721970423554,0.269816925414106,0.531627015433002,3.04889654918491e-07,"ADUResist","post_3.5_4_hr","transcript-rna-seq",-0.299545088748653,-0.445244499246452,-0.153845678250854,0.00279568126407226,"10865","ARID5A","ENSG00000196843",NA,NA,NA,NA
"blood","transcript-rna-seq","ENSG00000099308.11",0.410311640555925,0.276243651168995,0.544379629942855,3.04937631166969e-07,"ADUResist","post_3.5_4_hr","transcript-rna-seq",-0.303652028369283,-0.460030842415641,-0.147273214322926,0.00471773916151831,"23031","MAST3","ENSG00000099308",NA,NA,NA,NA
"blood","transcript-rna-seq","ENSG00000077420.16",0.378840724035806,0.255020383786332,0.50266106428528,3.07430723330992e-07,"ADUResist","post_3.5_4_hr","transcript-rna-seq",-0.247833665001503,-0.388955135301176,-0.106712194701829,0.0115854372298724,"54518","APBB1IP","ENSG00000077420",NA,NA,NA,NA
"blood","transcript-rna-seq","ENSG00000197405.8",0.481435590077981,0.324063562271985,0.638807617883976,3.07430723330992e-07,"ADUResist","post_3.5_4_hr","transcript-rna-seq",-0.341161046477533,-0.521700422803869,-0.160621670151196,0.00591081989250479,"728","C5AR1","ENSG00000197405",NA,NA,NA,NA
"blood","transcript-rna-seq","ENSG00000011198.10",0.622732025847685,0.419108788398833,0.826355263296537,3.0820838417907e-07,"ADUResist","post_3.5_4_hr","transcript-rna-seq",-0.520190651499457,-0.745435301050414,-0.294946001948501,0.000984633349796912,"51099","ABHD5","ENSG00000011198",NA,NA,NA,NA
"blood","transcript-rna-seq","ENSG00000119535.18",0.486967764012922,0.327678616236657,0.646256911789187,3.10902564737423e-07,"ADUResist","post_3.5_4_hr","transcript-rna-seq",-0.360080703021444,-0.54168093869916,-0.178480467343728,0.00382610833051816,"1441","CSF3R","ENSG00000119535",NA,NA,NA,NA
"blood","transcript-rna-seq","ENSG00000163694.15",0.502843959506528,0.338354782230049,0.667333136783007,3.10902564737423e-07,"ADUResist","post_3.5_4_hr","transcript-rna-seq",-0.419711769831249,-0.604162250778023,-0.235261288884475,0.00112356299638894,"54502","RBM47","ENSG00000163694",NA,NA,NA,NA
"blood","transcript-rna-seq","ENSG00000143549.21",0.238331024951089,0.160260525124665,0.316401524777513,3.23743358497652e-07,"ADUResist","post_3.5_4_hr","transcript-rna-seq",-0.19199480608205,-0.283105223520104,-0.100884388643996,0.00218107065827894,"7170","TPM3","ENSG00000143549",NA,NA,NA,NA
"blood","transcript-rna-seq","ENSG00000180871.8",0.518504004267442,0.348569114078649,0.688438894456234,3.29230711893218e-07,"ADUResist","post_3.5_4_hr","transcript-rna-seq",-0.375248906875855,-0.569923935906206,-0.180573877845504,0.0049868310562153,"3579","CXCR2","ENSG00000180871",NA,NA,NA,NA
"blood","transcript-rna-seq","ENSG00000131355.15",0.511353465999393,0.343746733932461,0.678960198066326,3.29230711893218e-07,"ADUResist","post_3.5_4_hr","transcript-rna-seq",-0.317789825564119,-0.516109485068002,-0.119470166060235,0.0239845214263647,"84658","ADGRE3","ENSG00000131355",NA,NA,NA,NA
"blood","transcript-rna-seq","ENSG00000162889.11",0.381108246350814,0.25613289220004,0.506083600501587,3.29978014756542e-07,"ADUResist","post_3.5_4_hr","transcript-rna-seq",-0.330922320181304,-0.472686678912639,-0.189157961449968,0.000907850549112416,"9261","MAPKAPK2","ENSG00000162889",NA,NA,NA,NA
"blood","transcript-rna-seq","ENSG00000164715.6",0.60784768668645,0.408437534532538,0.807257838840361,3.34196065321318e-07,"ADUResist","post_3.5_4_hr","transcript-rna-seq",-0.34960310244873,-0.569773038424922,-0.129433166472537,0.0257568091782353,"22853","LMTK2","ENSG00000164715",NA,NA,NA,NA
"blood","transcript-rna-seq","ENSG00000100266.19",0.417028841312684,0.280215083216992,0.553842599408376,3.34197479281822e-07,"ADUResist","post_3.5_4_hr","transcript-rna-seq",-0.320459181342838,-0.477308478600082,-0.163609884085595,0.00293314954598404,"11252","PACSIN2","ENSG00000100266",NA,NA,NA,NA
"blood","transcript-rna-seq","ENSG00000183255.12",0.29300231892933,0.196866548299544,0.389138089559117,3.34197479281822e-07,"ADUResist","post_3.5_4_hr","transcript-rna-seq",-0.253594755201561,-0.365617536478292,-0.141571973924831,0.00115531245305345,"754","PTTG1IP","ENSG00000183255",NA,NA,NA,NA
"blood","transcript-rna-seq","ENSG00000160785.14",0.408260733909589,0.274140315404529,0.542381152414648,3.47730131342775e-07,"ADUResist","post_3.5_4_hr","transcript-rna-seq",-0.281211157477099,-0.430006408477105,-0.132415906477093,0.00590790672554542,"9673","SLC25A44","ENSG00000160785",NA,NA,NA,NA
"blood","transcript-rna-seq","ENSG00000229314.6",1.06354501215644,0.71410347875853,1.41298654555435,3.5024749356556e-07,"ADUResist","post_3.5_4_hr","transcript-rna-seq",-0.848603119232389,-1.22690322614294,-0.470303012321834,0.00126984317248654,"5004","ORM1","ENSG00000229314",NA,NA,NA,NA
"blood","transcript-rna-seq","ENSG00000198734.12",0.691676205156416,0.464236813820219,0.919115596492612,3.56271026863594e-07,"ADUResist","post_3.5_4_hr","transcript-rna-seq",-0.438938845892388,-0.691335074905274,-0.186542616879501,0.0125963199956076,"2153","F5","ENSG00000198734",NA,NA,NA,NA
"blood","transcript-rna-seq","ENSG00000057704.13",0.611197083263359,0.409591023778938,0.812803142747779,3.91689852508239e-07,"ADUResist","post_3.5_4_hr","transcript-rna-seq",-0.42712562201846,-0.651194995272839,-0.203056248764081,0.00547674538744465,"57458","TMCC3","ENSG00000057704",NA,NA,NA,NA
"blood","transcript-rna-seq","ENSG00000108244.17",0.54742897698894,0.36688048904913,0.72797746492875,3.91689852508239e-07,"ADUResist","post_3.5_4_hr","transcript-rna-seq",-0.360887473700155,-0.567427263238451,-0.154347684161858,0.0120981881095671,"25984","KRT23","ENSG00000108244",NA,NA,NA,NA
"blood","transcript-rna-seq","ENSG00000171862.12",0.519130453479505,0.347315527325219,0.690945379633792,4.32665016598254e-07,"ADUResist","post_3.5_4_hr","transcript-rna-seq",-0.378791713878941,-0.567979984252273,-0.18960344350561,0.0035381956734789,"5728","PTEN","ENSG00000171862",NA,NA,NA,NA
"blood","transcript-rna-seq","ENSG00000035664.11",0.632485156631777,0.423156590558018,0.841813722705536,4.32665016598254e-07,"ADUResist","post_3.5_4_hr","transcript-rna-seq",-0.418359100813119,-0.646831397663466,-0.189886803962773,0.00792477177626333,"23604","DAPK2","ENSG00000035664",NA,NA,NA,NA
"blood","transcript-rna-seq","ENSG00000090861.17",-0.387748447582318,-0.516103815137963,-0.259393080026673,4.32665016598254e-07,"ADUResist","post_3.5_4_hr","transcript-rna-seq",0.300369043786151,0.148019682236524,0.452718405335779,0.00402327922223822,"16","AARS1","ENSG00000090861",NA,NA,NA,NA
"blood","transcript-rna-seq","ENSG00000167995.17",0.548417936607452,0.366607229008259,0.730228644206644,4.54419011989214e-07,"ADUResist","post_3.5_4_hr","transcript-rna-seq",-0.453578783743095,-0.653287323450735,-0.253870244035454,0.00112670473612905,"7439","BEST1","ENSG00000167995",NA,NA,NA,NA
"blood","transcript-rna-seq","ENSG00000000938.13",0.279562840984365,0.186884290886635,0.372241391082095,4.54419011989214e-07,"ADUResist","post_3.5_4_hr","transcript-rna-seq",-0.251664518509827,-0.362470136200753,-0.140858900818901,0.00112670473612905,"2268","FGR","ENSG00000000938",NA,NA,NA,NA
"blood","transcript-rna-seq","ENSG00000105835.13",0.616194576727212,0.411878908701724,0.8205102447527,4.54419011989214e-07,"ADUResist","post_3.5_4_hr","transcript-rna-seq",-0.442477516568141,-0.671936368816904,-0.213018664319379,0.00496984586400565,"10135","NAMPT","ENSG00000105835",NA,NA,NA,NA
"blood","transcript-rna-seq","ENSG00000166888.12",0.321289219555927,0.21475205852803,0.427826380583825,4.54419011989214e-07,"ADUResist","post_3.5_4_hr","transcript-rna-seq",-0.251282980031995,-0.373774604150421,-0.128791355913569,0.00284044342372552,"6778","STAT6","ENSG00000166888",NA,NA,NA,NA
"blood","transcript-rna-seq","ENSG00000153310.20",0.392392979735604,0.262255143551007,0.5225308159202,4.54750630109514e-07,"ADUResist","post_3.5_4_hr","transcript-rna-seq",-0.272286435785269,-0.417914431461295,-0.126658440109244,0.00650438618808688,"51571","CYRIB","ENSG00000153310",NA,NA,NA,NA
"blood","transcript-rna-seq","ENSG00000257878.2",0.808138373922389,0.540074748713434,1.07620199913134,4.54750630109514e-07,"ADUResist","post_3.5_4_hr","transcript-rna-seq",-0.563257729170193,-0.850595619915702,-0.275919838424684,0.00425782719673835,NA,NA,"ENSG00000257878",NA,NA,NA,NA
"blood","transcript-rna-seq","ENSG00000135956.9",0.336672326012636,0.224918010061148,0.448426641964123,4.63647401450702e-07,"ADUResist","post_3.5_4_hr","transcript-rna-seq",-0.26673333077159,-0.395907744683456,-0.137558916859724,0.00266414652914926,"55654","TMEM127","ENSG00000135956",NA,NA,NA,NA
"blood","transcript-rna-seq","ENSG00000229644.6",0.684869561407934,0.457524817171537,0.912214305644332,4.67102987917101e-07,"ADUResist","post_3.5_4_hr","transcript-rna-seq",-0.514769591768855,-0.763415621917982,-0.266123561619727,0.00260249399335806,NA,"NAMPTP1","ENSG00000229644",NA,NA,NA,NA
"blood","transcript-rna-seq","ENSG00000197971.16",0.33767628711081,0.22551466572526,0.449837908496359,4.6966210253249e-07,"ADUResist","post_3.5_4_hr","transcript-rna-seq",-0.218171431698241,-0.344608655612291,-0.0917342077841924,0.0134682285268511,"4155","MBP","ENSG00000197971",NA,NA,NA,NA
"blood","transcript-rna-seq","ENSG00000204577.12",0.486954327428561,0.325222266223015,0.648686388634108,4.6966210253249e-07,"ADUResist","post_3.5_4_hr","transcript-rna-seq",-0.451158989812637,-0.633888423036573,-0.2684295565887,0.000480260439132792,"11025","LILRB3","ENSG00000204577",NA,NA,NA,NA
"blood","transcript-rna-seq","ENSG00000134698.11",0.449482885349489,0.299890369617744,0.599075401081235,4.98377680400622e-07,"ADUResist","post_3.5_4_hr","transcript-rna-seq",-0.335320452695823,-0.500376871673785,-0.170264033717862,0.00308106936514706,"192670","AGO4","ENSG00000134698",NA,NA,NA,NA
"blood","transcript-rna-seq","ENSG00000138772.13",0.65717741404697,0.438440841206458,0.875913986887482,5.01873912923229e-07,"ADUResist","post_3.5_4_hr","transcript-rna-seq",-0.547960509402648,-0.803681127123526,-0.292239891681769,0.00187729231509014,"306","ANXA3","ENSG00000138772",NA,NA,NA,NA
"blood","transcript-rna-seq","ENSG00000012232.9",0.441381469152418,0.29436160142288,0.588401336881956,5.09757717230346e-07,"ADUResist","post_3.5_4_hr","transcript-rna-seq",-0.395973896492682,-0.56436781966741,-0.227579973317954,0.000844908177660073,"2137","EXTL3","ENSG00000012232",NA,NA,NA,NA
"blood","transcript-rna-seq","ENSG00000148572.16",0.527330132732082,0.351662895678144,0.702997369786021,5.10127344642144e-07,"ADUResist","post_3.5_4_hr","transcript-rna-seq",-0.435199584164474,-0.632403004213934,-0.237996164115014,0.00143024347825597,"29982","NRBF2","ENSG00000148572",NA,NA,NA,NA
"blood","transcript-rna-seq","ENSG00000105514.8",0.502915559535294,0.335309993748254,0.670521125322334,5.14372061954426e-07,"ADUResist","post_3.5_4_hr","transcript-rna-seq",-0.326752819137935,-0.517679258480201,-0.13582637979567,0.0142911918819904,"9545","RAB3D","ENSG00000105514",NA,NA,NA,NA
"blood","transcript-rna-seq","ENSG00000188315.8",0.449511693978575,0.299510627305511,0.599512760651639,5.35927213768662e-07,"ADUResist","post_3.5_4_hr","transcript-rna-seq",-0.360633900890089,-0.52726819539313,-0.193999606387047,0.00170408455844428,"375341","C3orf62","ENSG00000188315",NA,NA,NA,NA
"blood","transcript-rna-seq","ENSG00000146826.17",0.377387382642691,0.251398169098256,0.503376596187125,5.39013615624239e-07,"ADUResist","post_3.5_4_hr","transcript-rna-seq",-0.292632578183373,-0.434572890669978,-0.150692265696767,0.00271708363532521,"55262","TRAPPC14","ENSG00000146826",NA,NA,NA,NA
"blood","transcript-rna-seq","ENSG00000173171.15",0.494337549173961,0.329314733437493,0.659360364910429,5.39013615624239e-07,"ADUResist","post_3.5_4_hr","transcript-rna-seq",-0.402985820234433,-0.58391257758314,-0.222059062885725,0.00132653751475576,"4580","MTX1","ENSG00000173171",NA,NA,NA,NA
"blood","transcript-rna-seq","ENSG00000069974.16",0.461419507167278,0.307288533961235,0.615550480373321,5.4714331495517e-07,"ADUResist","post_3.5_4_hr","transcript-rna-seq",-0.355867626881079,-0.523919611693711,-0.187815642068446,0.00204458293431708,"5873","RAB27A","ENSG00000069974",NA,NA,NA,NA
"blood","transcript-rna-seq","ENSG00000119682.18",0.354439984827955,0.235904979003388,0.472974990652523,5.66010078255217e-07,"ADUResist","post_3.5_4_hr","transcript-rna-seq",-0.253200444108668,-0.384164217426229,-0.122236670791106,0.00488872999540437,"9870","AREL1","ENSG00000119682",NA,NA,NA,NA
"blood","transcript-rna-seq","ENSG00000117676.14",0.329292400246487,0.219128855699988,0.439455944792986,5.72272247616917e-07,"ADUResist","post_3.5_4_hr","transcript-rna-seq",-0.276861621077249,-0.406347540073912,-0.147375702080585,0.00190300468324258,"6195","RPS6KA1","ENSG00000117676",NA,NA,NA,NA
"blood","transcript-rna-seq","ENSG00000075785.14",0.367238952169535,0.244318569480782,0.490159334858287,5.78582999828939e-07,"ADUResist","post_3.5_4_hr","transcript-rna-seq",-0.335643906373843,-0.474174819020733,-0.197112993726953,0.000604003193577512,"7879","RAB7A","ENSG00000075785",NA,NA,NA,NA
"blood","transcript-rna-seq","ENSG00000188404.10",0.474010271323127,0.315156757922166,0.632863784724089,6.01091914994144e-07,"ADUResist","post_3.5_4_hr","transcript-rna-seq",-0.367094496538146,-0.546892421589008,-0.187296571487283,0.00294901366816675,"6402","SELL","ENSG00000188404",NA,NA,NA,NA
"blood","transcript-rna-seq","ENSG00000099875.16",0.305009306202892,0.202714315916809,0.407304296488976,6.12614720767149e-07,"ADUResist","post_3.5_4_hr","transcript-rna-seq",-0.267747713435199,-0.390273176213177,-0.145222250657221,0.00156783321980753,"2872","MKNK2","ENSG00000099875",NA,NA,NA,NA
"blood","transcript-rna-seq","ENSG00000138639.18",0.639795208714295,0.425113238090487,0.854477179338102,6.14168443848863e-07,"ADUResist","post_3.5_4_hr","transcript-rna-seq",-0.372744094480912,-0.60275814404464,-0.142730044917185,0.0218229260113297,"83478","ARHGAP24","ENSG00000138639",NA,NA,NA,NA
"blood","transcript-rna-seq","ENSG00000090316.16",0.363891303190198,0.241810933692696,0.4859716726877,6.14168443848863e-07,"ADUResist","post_3.5_4_hr","transcript-rna-seq",-0.304681508965636,-0.440863956765424,-0.168499061165849,0.0013018924835837,"10296","MAEA","ENSG00000090316",NA,NA,NA,NA
"blood","transcript-rna-seq","ENSG00000073331.18",0.422837514164309,0.280939888247117,0.564735140081501,6.19682354901457e-07,"ADUResist","post_3.5_4_hr","transcript-rna-seq",-0.278435205419691,-0.441612713773116,-0.115257697066266,0.0147027439610615,"80216","ALPK1","ENSG00000073331",NA,NA,NA,NA
"blood","transcript-rna-seq","ENSG00000237441.10",0.397043033746204,0.263689177545872,0.530396889946536,6.32266763186395e-07,"ADUResist","post_3.5_4_hr","transcript-rna-seq",-0.318601838821621,-0.470641461677083,-0.166562215966159,0.00230558479315997,"5863","RGL2","ENSG00000237441",NA,NA,NA,NA
"blood","transcript-rna-seq","ENSG00000183019.8",0.785855310450595,0.521816398029605,1.04989422287158,6.3560971167652e-07,"ADUResist","post_3.5_4_hr","transcript-rna-seq",-0.537056930901033,-0.815532068695233,-0.258581793106834,0.00496984586400565,"199675","MCEMP1","ENSG00000183019",NA,NA,NA,NA
"blood","transcript-rna-seq","ENSG00000151948.12",0.419020456614659,0.278211352613924,0.559829560615394,6.3560971167652e-07,"ADUResist","post_3.5_4_hr","transcript-rna-seq",-0.334747058714452,-0.497636657334271,-0.171857460094633,0.0028077597945623,"144423","GLT1D1","ENSG00000151948",NA,NA,NA,NA
"blood","transcript-rna-seq","ENSG00000127948.16",0.412643423064604,0.273953800423944,0.551333045705264,6.3560971167652e-07,"ADUResist","post_3.5_4_hr","transcript-rna-seq",-0.360824006965742,-0.516043164997144,-0.20560484893434,0.000947186479358773,"5447","POR","ENSG00000127948",NA,NA,NA,NA
"blood","transcript-rna-seq","ENSG00000140563.16",0.478655562860488,0.317748122776512,0.639563002944463,6.37726326202512e-07,"ADUResist","post_3.5_4_hr","transcript-rna-seq",-0.295388957699406,-0.476912409205613,-0.113865506193199,0.0211021478362617,"55784","MCTP2","ENSG00000140563",NA,NA,NA,NA
"blood","transcript-rna-seq","ENSG00000181192.12",0.409371380784296,0.271691299820971,0.547051461747621,6.37841895215769e-07,"ADUResist","post_3.5_4_hr","transcript-rna-seq",-0.262886102710066,-0.414738059294746,-0.111034146125386,0.0131067757243749,"55526","DHTKD1","ENSG00000181192",NA,NA,NA,NA
"blood","transcript-rna-seq","ENSG00000136167.15",0.35939640917413,0.238543942323211,0.480248876025048,6.37841895215769e-07,"ADUResist","post_3.5_4_hr","transcript-rna-seq",-0.303635238512836,-0.442299564403571,-0.164970912622101,0.00155819840649,"3936","LCP1","ENSG00000136167",NA,NA,NA,NA
"blood","transcript-rna-seq","ENSG00000170345.10",0.621774953819798,0.412636652699267,0.830913254940328,6.41866054305148e-07,"ADUResist","post_3.5_4_hr","transcript-rna-seq",-0.46041273244606,-0.702524428518527,-0.218301036373593,0.00561644260872677,"2353","FOS","ENSG00000170345",NA,NA,NA,NA
"blood","transcript-rna-seq","ENSG00000126353.3",-0.5208565416021,-0.696141639805413,-0.345571443398787,6.52226084679464e-07,"ADUResist","post_3.5_4_hr","transcript-rna-seq",0.328412075199132,0.129532769596867,0.527291380801398,0.0188515761504376,"1236","CCR7","ENSG00000126353",NA,NA,NA,NA
"blood","transcript-rna-seq","ENSG00000196549.13",0.786618291920458,0.521527013186605,1.05170957065431,6.75245776748386e-07,"ADUResist","post_3.5_4_hr","transcript-rna-seq",-0.461863275097446,-0.760420342573085,-0.163306207621807,0.0314927882447164,"4311","MME","ENSG00000196549",NA,NA,NA,NA
"blood","transcript-rna-seq","ENSG00000160712.13",0.434006265809371,0.287505941216851,0.580506590401891,7.11467795790448e-07,"ADUResist","post_3.5_4_hr","transcript-rna-seq",-0.358103254409446,-0.525604472178678,-0.190602036640214,0.00190300468324258,"3570","IL6R","ENSG00000160712",NA,NA,NA,NA
"blood","transcript-rna-seq","ENSG00000118308.16",0.340839675297086,0.225685568248208,0.455993782345963,7.30127105946769e-07,"ADUResist","post_3.5_4_hr","transcript-rna-seq",-0.234646251271386,-0.36581289299951,-0.103479609543263,0.00980646298036878,"4033","IRAG2","ENSG00000118308",NA,NA,NA,NA
"blood","transcript-rna-seq","ENSG00000100365.16",0.533552442172779,0.352949198879036,0.714155685466521,7.74726431611439e-07,"ADUResist","post_3.5_4_hr","transcript-rna-seq",-0.389742707205535,-0.590983284573856,-0.188502129837214,0.00482014255090845,"4689","NCF4","ENSG00000100365",NA,NA,NA,NA
"blood","transcript-rna-seq","ENSG00000148400.13",0.385457964747582,0.254877321924065,0.516038607571099,7.92427427466444e-07,"ADUResist","post_3.5_4_hr","transcript-rna-seq",-0.268819545414507,-0.41825240875968,-0.119386682069335,0.00933247981036837,"4851","NOTCH1","ENSG00000148400",NA,NA,NA,NA
"blood","transcript-rna-seq","ENSG00000197208.6",0.588662356311644,0.389203953951854,0.788120758671433,7.95356628712018e-07,"ADUResist","post_3.5_4_hr","transcript-rna-seq",-0.3941398171337,-0.627000937967706,-0.161278696299695,0.0155620939628746,"6583","SLC22A4","ENSG00000197208",NA,NA,NA,NA
"blood","transcript-rna-seq","ENSG00000134830.6",0.495569885807461,0.327610953529863,0.663528818085059,7.97867022589589e-07,"ADUResist","post_3.5_4_hr","transcript-rna-seq",-0.381638984981196,-0.568392363398403,-0.194885606563989,0.00292817023168514,"27202","C5AR2","ENSG00000134830",NA,NA,NA,NA
"blood","transcript-rna-seq","ENSG00000171310.11",0.367220124505257,0.242741481924274,0.49169876708624,7.99547521543405e-07,"ADUResist","post_3.5_4_hr","transcript-rna-seq",-0.2628599347505,-0.405875047108405,-0.119844822392595,0.0076590569238096,"50515","CHST11","ENSG00000171310",NA,NA,NA,NA
"blood","transcript-rna-seq","ENSG00000171049.9",0.589510706790097,0.389598771892001,0.789422641688194,8.09581275451392e-07,"ADUResist","post_3.5_4_hr","transcript-rna-seq",-0.4886196242023,-0.716395191166977,-0.260844057237624,0.00185872317184474,"2358","FPR2","ENSG00000171049",NA,NA,NA,NA
"blood","transcript-rna-seq","ENSG00000163466.16",0.293476653559589,0.193923534832464,0.393029772286714,8.1225017739419e-07,"ADUResist","post_3.5_4_hr","transcript-rna-seq",-0.281003750954877,-0.390552474595696,-0.171455027314058,0.000319607531059352,"10109","ARPC2","ENSG00000163466",NA,NA,NA,NA
"blood","transcript-rna-seq","ENSG00000198909.8",0.407231323549155,0.269054097886173,0.545408549212137,8.15017903593077e-07,"ADUResist","post_3.5_4_hr","transcript-rna-seq",-0.320060560503867,-0.475401926140812,-0.164719194866922,0.00272262337377942,"4215","MAP3K3","ENSG00000198909",NA,NA,NA,NA
"blood","transcript-rna-seq","ENSG00000116688.18",0.373013731604194,0.246460353003115,0.499567110205274,8.1551492829729e-07,"ADUResist","post_3.5_4_hr","transcript-rna-seq",-0.302243137514288,-0.443524260968934,-0.160962014059641,0.00190300468324258,"9927","MFN2","ENSG00000116688",NA,NA,NA,NA
"blood","transcript-rna-seq","ENSG00000136869.16",0.582956364367545,0.385116319550612,0.780796409184478,8.17067052478818e-07,"ADUResist","post_3.5_4_hr","transcript-rna-seq",-0.464358885447837,-0.684675492140131,-0.244042278755543,0.00218066526601397,"7099","TLR4","ENSG00000136869",NA,NA,NA,NA
"blood","transcript-rna-seq","ENSG00000002834.18",0.314451647383427,0.207661718175709,0.421241576591144,8.31351046435295e-07,"ADUResist","post_3.5_4_hr","transcript-rna-seq",-0.287466836834385,-0.41431944863153,-0.16061422503724,0.00114357803577543,"3927","LASP1","ENSG00000002834",NA,NA,NA,NA
"blood","transcript-rna-seq","ENSG00000104973.19",0.353096075978788,0.232990737768213,0.473201414189364,8.71995801719579e-07,"ADUResist","post_3.5_4_hr","transcript-rna-seq",-0.213723239560736,-0.354983551459739,-0.0724629276617326,0.0367616312264668,"81857","MED25","ENSG00000104973",NA,NA,NA,NA
"blood","transcript-rna-seq","ENSG00000116260.17",0.452328700066586,0.298400570700095,0.606256829433076,8.74874520247945e-07,"ADUResist","post_3.5_4_hr","transcript-rna-seq",-0.319987293827872,-0.490681534589466,-0.149293053066278,0.00636889333604295,"5768","QSOX1","ENSG00000116260",NA,NA,NA,NA
"blood","transcript-rna-seq","ENSG00000204131.10",0.412804719830167,0.272329161673671,0.553280277986662,8.74874520247945e-07,"ADUResist","post_3.5_4_hr","transcript-rna-seq",-0.287346195777773,-0.445771630693488,-0.128920760862058,0.00865097896290495,"340527","NHSL2","ENSG00000204131",NA,NA,NA,NA
"blood","transcript-rna-seq","ENSG00000254087.8",0.383658679443737,0.253102803415241,0.514214555472234,8.74874520247945e-07,"ADUResist","post_3.5_4_hr","transcript-rna-seq",-0.277771323060968,-0.427262281482395,-0.12828036463954,0.00684068656051643,"4067","LYN","ENSG00000254087",NA,NA,NA,NA
"blood","transcript-rna-seq","ENSG00000169403.12",0.40032557412137,0.263993890696874,0.536657257545865,8.92913375403388e-07,"ADUResist","post_3.5_4_hr","transcript-rna-seq",-0.345886384419426,-0.502518195072708,-0.189254573766145,0.00142588823413085,"5724","PTAFR","ENSG00000169403",NA,NA,NA,NA
"blood","transcript-rna-seq","ENSG00000131236.18",0.361865970416403,0.23847368888127,0.485258251951536,9.24017225688497e-07,"ADUResist","post_3.5_4_hr","transcript-rna-seq",-0.276208610975367,-0.415166259347097,-0.137250962603636,0.00374071244680929,"10487","CAP1","ENSG00000131236",NA,NA,NA,NA
"blood","transcript-rna-seq","ENSG00000100731.16",0.51676390187176,0.339997776420532,0.693530027322989,1.01971371546653e-06,"ADUResist","post_3.5_4_hr","transcript-rna-seq",-0.423586526722094,-0.616945907472614,-0.230227145971574,0.00155496769080886,"22990","PCNX1","ENSG00000100731",NA,NA,NA,NA
"blood","transcript-rna-seq","ENSG00000161533.12",0.459477183371536,0.302009077924682,0.61694528881839,1.0844617205834e-06,"ADUResist","post_3.5_4_hr","transcript-rna-seq",-0.359059473493749,-0.539633344381401,-0.178485602606097,0.00373653109582367,"51","ACOX1","ENSG00000161533",NA,NA,NA,NA
"blood","transcript-rna-seq","ENSG00000121316.11",0.547549783829872,0.359884927903305,0.735214639756439,1.0844617205834e-06,"ADUResist","post_3.5_4_hr","transcript-rna-seq",-0.623170478588532,-0.83210861083135,-0.414232346345715,4.85332338403005e-05,"79887","PLBD1","ENSG00000121316",NA,NA,NA,NA
"blood","transcript-rna-seq","ENSG00000136040.9",0.516606831140992,0.339283815868715,0.693929846413269,1.13129473703735e-06,"ADUResist","post_3.5_4_hr","transcript-rna-seq",-0.309314003614539,-0.509830481470914,-0.108797525758163,0.0321504155222966,"10154","PLXNC1","ENSG00000136040",NA,NA,NA,NA
"blood","transcript-rna-seq","ENSG00000243646.10",0.448648468751803,0.294606840073608,0.602690097429998,1.13613560403593e-06,"ADUResist","post_3.5_4_hr","transcript-rna-seq",-0.372486737432934,-0.544442840852222,-0.200530634013645,0.00169840979348798,"3588","IL10RB","ENSG00000243646",NA,NA,NA,NA
"blood","transcript-rna-seq","ENSG00000072401.15",0.617052908861727,0.405164580321539,0.828941237401916,1.13934405859381e-06,"ADUResist","post_3.5_4_hr","transcript-rna-seq",-0.374331476898987,-0.611492281717996,-0.137170672079978,0.0270972447418689,"7321","UBE2D1","ENSG00000072401",NA,NA,NA,NA
"blood","transcript-rna-seq","ENSG00000136156.15",0.414010588090813,0.271631955251214,0.556389220930412,1.18835511081306e-06,"ADUResist","post_3.5_4_hr","transcript-rna-seq",-0.292770992760765,-0.453538976223772,-0.132003009297758,0.00833945721686208,"9445","ITM2B","ENSG00000136156",NA,NA,NA,NA
"blood","transcript-rna-seq","ENSG00000134815.19",0.401731916543007,0.263544263274383,0.53991956981163,1.19639205977019e-06,"ADUResist","post_3.5_4_hr","transcript-rna-seq",-0.319256856469031,-0.478156202986822,-0.16035750995124,0.0034245407405502,"9704","DHX34","ENSG00000134815",NA,NA,NA,NA
"blood","transcript-rna-seq","ENSG00000196547.15",0.343293288893762,0.225187637488314,0.461398940299211,1.19874512892403e-06,"ADUResist","post_3.5_4_hr","transcript-rna-seq",-0.278559325978055,-0.413001556561162,-0.144117095394948,0.00258268379740816,"4122","MAN2A2","ENSG00000196547",NA,NA,NA,NA
"blood","transcript-rna-seq","ENSG00000166527.8",1.06041845146388,0.695506526830296,1.42533037609747,1.20027497000108e-06,"ADUResist","post_3.5_4_hr","transcript-rna-seq",-0.805904957228523,-1.16806854927648,-0.443741365180567,0.00132656265480874,"338339","CLEC4D","ENSG00000166527",NA,NA,NA,NA
"blood","transcript-rna-seq","ENSG00000197965.12",0.485221869179433,0.318105739680208,0.652337998678659,1.22815786735004e-06,"ADUResist","post_3.5_4_hr","transcript-rna-seq",-0.401383363088163,-0.597575978351256,-0.20519074782507,0.00290793559156878,"9019","MPZL1","ENSG00000197965",NA,NA,NA,NA
"blood","transcript-rna-seq","ENSG00000142657.21",0.480765777871962,0.315122249955939,0.646409305787986,1.23301420725014e-06,"ADUResist","post_3.5_4_hr","transcript-rna-seq",-0.42992279931452,-0.615826661385548,-0.244018937243492,0.000980583612693665,"5226","PGD","ENSG00000142657",NA,NA,NA,NA
"blood","transcript-rna-seq","ENSG00000203879.12",0.293693410853363,0.192365408898408,0.395021412808319,1.27758765906904e-06,"ADUResist","post_3.5_4_hr","transcript-rna-seq",-0.193977219429621,-0.306379298952279,-0.0815751399069636,0.0134561852964912,"2664","GDI1","ENSG00000203879",NA,NA,NA,NA
"blood","transcript-rna-seq","ENSG00000125772.14",0.395769073600408,0.259235134695601,0.532303012505215,1.27758765906904e-06,"ADUResist","post_3.5_4_hr","transcript-rna-seq",-0.268111672794787,-0.417605574616453,-0.118617770973121,0.00956555052987088,"56261","GPCPD1","ENSG00000125772",NA,NA,NA,NA
"blood","transcript-rna-seq","ENSG00000197081.16",0.551058795120749,0.36080251454699,0.741315075694508,1.30444434689922e-06,"ADUResist","post_3.5_4_hr","transcript-rna-seq",-0.408416151843152,-0.626676516188019,-0.190155787498285,0.00646968159887717,"3482","IGF2R","ENSG00000197081",NA,NA,NA,NA
"blood","transcript-rna-seq","ENSG00000165879.9",0.485300967009582,0.317657103711272,0.652944830307893,1.3225063381562e-06,"ADUResist","post_3.5_4_hr","transcript-rna-seq",-0.409503101206983,-0.60050290546308,-0.218503296950886,0.00187001167480721,"10023","FRAT1","ENSG00000165879",NA,NA,NA,NA
"blood","transcript-rna-seq","ENSG00000008130.15",0.386751525155885,0.25301418342639,0.52048886688538,1.36528129989191e-06,"ADUResist","post_3.5_4_hr","transcript-rna-seq",-0.334143131573809,-0.493588866570319,-0.174697396577299,0.00230558479315997,"65220","NADK","ENSG00000008130",NA,NA,NA,NA
"blood","transcript-rna-seq","ENSG00000005020.13",0.489788295017008,0.320303042253944,0.659273547780072,1.38156560490786e-06,"ADUResist","post_3.5_4_hr","transcript-rna-seq",-0.392261816686998,-0.580726500565018,-0.203797132808978,0.00246605339942073,"8935","SKAP2","ENSG00000005020",NA,NA,NA,NA
"blood","transcript-rna-seq","ENSG00000183486.14",0.368204511237456,0.240807605877287,0.495601416597625,1.38156560490786e-06,"ADUResist","post_3.5_4_hr","transcript-rna-seq",-0.324677478310379,-0.486597342902273,-0.162757613718485,0.00349046309873948,"4600","MX2","ENSG00000183486",NA,NA,NA,NA
"blood","transcript-rna-seq","ENSG00000163162.9",0.435198565083152,0.284548093934267,0.585849036232036,1.39074643512718e-06,"ADUResist","post_3.5_4_hr","transcript-rna-seq",-0.382738298562899,-0.552823032144577,-0.21265356498122,0.00121823745561102,"284996","RNF149","ENSG00000163162",NA,NA,NA,NA
"blood","transcript-rna-seq","ENSG00000139112.11",0.452046245551559,0.295539148042262,0.608553343060856,1.39074643512718e-06,"ADUResist","post_3.5_4_hr","transcript-rna-seq",-0.388285360005674,-0.56502434282318,-0.211546377188168,0.0015197412959425,"23710","GABARAPL1","ENSG00000139112",NA,NA,NA,NA
"blood","transcript-rna-seq","ENSG00000169891.18",0.664704137866451,0.434553263001047,0.894855012731855,1.39202257928867e-06,"ADUResist","post_3.5_4_hr","transcript-rna-seq",-0.480103373852661,-0.73635608936332,-0.223850658342001,0.00639688041446336,"9185","REPS2","ENSG00000169891",NA,NA,NA,NA
"blood","transcript-rna-seq","ENSG00000214655.11",0.298192843010325,0.194888782364389,0.401496903656261,1.40223693307457e-06,"ADUResist","post_3.5_4_hr","transcript-rna-seq",-0.20213704873759,-0.31845587700011,-0.0858182204750695,0.0126486502318848,"23053","ZSWIM8","ENSG00000214655",NA,NA,NA,NA
"blood","transcript-rna-seq","ENSG00000203710.12",0.628048188034755,0.41032380794013,0.845772568129381,1.43765927397333e-06,"ADUResist","post_3.5_4_hr","transcript-rna-seq",-0.372464089891427,-0.613954867257602,-0.130973312525251,0.0321573672761084,"1378","CR1","ENSG00000203710",NA,NA,NA,NA
"blood","transcript-rna-seq","ENSG00000067560.14",0.259667928240324,0.169542434304454,0.349793422176194,1.48294272236073e-06,"ADUResist","post_3.5_4_hr","transcript-rna-seq",-0.290750707483395,-0.393821189122804,-0.187680225843987,0.000123266428059444,"387","RHOA","ENSG00000067560",NA,NA,NA,NA
"blood","transcript-rna-seq","ENSG00000112062.11",0.467008260249314,0.30486133165307,0.629155188845557,1.50202239377611e-06,"ADUResist","post_3.5_4_hr","transcript-rna-seq",-0.396637014530843,-0.577978725921213,-0.215295303140474,0.00156354427662387,"1432","MAPK14","ENSG00000112062",NA,NA,NA,NA
"blood","transcript-rna-seq","ENSG00000113269.14",0.376052515522666,0.245429342089516,0.506675688955815,1.5153148239196e-06,"ADUResist","post_3.5_4_hr","transcript-rna-seq",-0.327386454589842,-0.477413695607808,-0.177359213571876,0.00158570543192621,"55819","RNF130","ENSG00000113269",NA,NA,NA,NA
"blood","transcript-rna-seq","ENSG00000119801.13",0.384451916585322,0.250755792409927,0.518148040760717,1.5580873097611e-06,"ADUResist","post_3.5_4_hr","transcript-rna-seq",-0.278063212319554,-0.425622876135195,-0.130503548503913,0.00604581156735084,"51646","YPEL5","ENSG00000119801",NA,NA,NA,NA
"blood","transcript-rna-seq","ENSG00000130382.9",0.282758681580949,0.18432463784489,0.381192725317008,1.61515375945663e-06,"ADUResist","post_3.5_4_hr","transcript-rna-seq",-0.185429255312106,-0.297534232722302,-0.0733242779019091,0.0186279134308791,"4298","MLLT1","ENSG00000130382",NA,NA,NA,NA
"blood","transcript-rna-seq","ENSG00000164674.17",0.484734662084652,0.315861130805652,0.653608193363653,1.63914865355249e-06,"ADUResist","post_3.5_4_hr","transcript-rna-seq",-0.508773555699994,-0.701016752436875,-0.316530358963114,0.00020849647690792,"94120","SYTL3","ENSG00000164674",NA,NA,NA,NA
"blood","transcript-rna-seq","ENSG00000135074.16",0.586164289392697,0.381934319267748,0.790394259517647,1.63914865355249e-06,"ADUResist","post_3.5_4_hr","transcript-rna-seq",-0.46910568038531,-0.694325847884822,-0.243885512885798,0.00245066161319856,"8728","ADAM19","ENSG00000135074",NA,NA,NA,NA
"blood","transcript-rna-seq","ENSG00000076685.19",0.422707678205426,0.275287837782432,0.57012751862842,1.68387424392336e-06,"ADUResist","post_3.5_4_hr","transcript-rna-seq",-0.321116841462461,-0.484137695671914,-0.158095987253009,0.00405696062075296,"22978","NT5C2","ENSG00000076685",NA,NA,NA,NA
"blood","transcript-rna-seq","ENSG00000076513.17",0.371330013457265,0.241814680813392,0.500845346101139,1.68387424392336e-06,"ADUResist","post_3.5_4_hr","transcript-rna-seq",-0.297323174157484,-0.443310054447583,-0.151336293867384,0.00301833093724912,"88455","ANKRD13A","ENSG00000076513",NA,NA,NA,NA
"blood","transcript-rna-seq","ENSG00000112195.9",0.448274583066015,0.291709825969379,0.60483934016265,1.75382445297615e-06,"ADUResist","post_3.5_4_hr","transcript-rna-seq",-0.390259451723519,-0.568393289020661,-0.212125614426376,0.00155496769080886,"79865","TREML2","ENSG00000112195",NA,NA,NA,NA
"blood","transcript-rna-seq","ENSG00000204304.12",0.296530117390308,0.192838218568335,0.400222016212281,1.80943237949825e-06,"ADUResist","post_3.5_4_hr","transcript-rna-seq",-0.218529051740871,-0.337435645685353,-0.09962245779639,0.00766103866218791,"5089","PBX2","ENSG00000204304",NA,NA,NA,NA
"blood","transcript-rna-seq","ENSG00000102921.8",0.315599159051899,0.205225333951698,0.425972984152099,1.80943237949825e-06,"ADUResist","post_3.5_4_hr","transcript-rna-seq",-0.32407554057626,-0.451644981436242,-0.196506099716278,0.000330579643598503,"9683","N4BP1","ENSG00000102921",NA,NA,NA,NA
"blood","transcript-rna-seq","ENSG00000115607.10",0.650058132229255,0.422726284799055,0.877389979659454,1.80943237949825e-06,"ADUResist","post_3.5_4_hr","transcript-rna-seq",-0.497907936968184,-0.739366456835756,-0.256449417100611,0.00271708363532521,"8807","IL18RAP","ENSG00000115607",NA,NA,NA,NA
"blood","transcript-rna-seq","ENSG00000198736.13",0.511460900702078,0.332537190014345,0.69038461138981,1.81808697691994e-06,"ADUResist","post_3.5_4_hr","transcript-rna-seq",-0.414265111672494,-0.616287926843403,-0.212242296501585,0.00284200209920375,"51734","MSRB1","ENSG00000198736",NA,NA,NA,NA
"blood","transcript-rna-seq","ENSG00000235568.7",0.422683771905643,0.274649156156487,0.570718387654798,1.8782332797731e-06,"ADUResist","post_3.5_4_hr","transcript-rna-seq",-0.384025992446908,-0.558608706537753,-0.209443278356063,0.00149771669313089,"150372","NFAM1","ENSG00000235568",NA,NA,NA,NA
"blood","transcript-rna-seq","ENSG00000167106.12",-0.384074211290231,-0.518718885192057,-0.249429537388404,1.93173074466795e-06,"ADUResist","post_3.5_4_hr","transcript-rna-seq",0.390865423851526,0.235814267606969,0.545916580096083,0.000370477976598256,"399665","FAM102A","ENSG00000167106",NA,NA,NA,NA
"blood","transcript-rna-seq","ENSG00000101265.16",0.428844502709095,0.27834541542226,0.579343589995931,1.98581033701002e-06,"ADUResist","post_3.5_4_hr","transcript-rna-seq",-0.331439105053139,-0.501068846901905,-0.161809363204374,0.00440801703190278,"9770","RASSF2","ENSG00000101265",NA,NA,NA,NA
"blood","transcript-rna-seq","ENSG00000178927.18",0.293033711505556,0.1901610524478,0.395906370563312,2.0033995364641e-06,"ADUResist","post_3.5_4_hr","transcript-rna-seq",-0.230667968533895,-0.347102199548632,-0.114233737519159,0.00385739867031025,"79415","CYBC1","ENSG00000178927",NA,NA,NA,NA
"blood","transcript-rna-seq","ENSG00000233369.7",0.528968160782927,0.343163060706652,0.714773260859203,2.02771999909632e-06,"ADUResist","post_3.5_4_hr","transcript-rna-seq",-0.422613310372485,-0.62763748817186,-0.21758913257311,0.00272038293484834,"100093631","GTF2IP4","ENSG00000233369",NA,NA,NA,NA
"blood","transcript-rna-seq","ENSG00000131389.18",0.422751013483309,0.274224839487168,0.571277187479449,2.03274721693109e-06,"ADUResist","post_3.5_4_hr","transcript-rna-seq",-0.280349814892327,-0.450167002122637,-0.110532627662018,0.018887530641137,"6533","SLC6A6","ENSG00000131389",NA,NA,NA,NA
"blood","transcript-rna-seq","ENSG00000142405.22",0.531958520757517,0.344939904085403,0.718977137429631,2.0649576041952e-06,"ADUResist","post_3.5_4_hr","transcript-rna-seq",-0.439209621250443,-0.646331015614095,-0.232088226886792,0.00201899505562625,"91662","NLRP12","ENSG00000142405",NA,NA,NA,NA
"blood","transcript-rna-seq","ENSG00000170871.12",0.420425379826082,0.272452987599668,0.568397772052497,2.12547282912466e-06,"ADUResist","post_3.5_4_hr","transcript-rna-seq",-0.352124675203838,-0.516471792279334,-0.187777558128343,0.00187729231509014,"9778","KIAA0232","ENSG00000170871",NA,NA,NA,NA
"blood","transcript-rna-seq","ENSG00000117139.18",0.396010160838248,0.256471083451073,0.535549238225423,2.18283703516555e-06,"ADUResist","post_3.5_4_hr","transcript-rna-seq",-0.26740774152098,-0.418698537724495,-0.116116945317465,0.0109005795395611,"10765","KDM5B","ENSG00000117139",NA,NA,NA,NA
"blood","transcript-rna-seq","ENSG00000148925.11",0.412823927996223,0.267327040645375,0.558320815347072,2.2001269288103e-06,"ADUResist","post_3.5_4_hr","transcript-rna-seq",-0.421704307657871,-0.578384312344375,-0.265024302971367,0.000164487983882867,"84280","BTBD10","ENSG00000148925",NA,NA,NA,NA
"blood","transcript-rna-seq","ENSG00000172936.16",0.323772289944726,0.209629596409724,0.437914983479728,2.22736523434914e-06,"ADUResist","post_3.5_4_hr","transcript-rna-seq",-0.238966869459331,-0.373352237770372,-0.104581501148289,0.0103114572952842,"4615","MYD88","ENSG00000172936",NA,NA,NA,NA
"blood","transcript-rna-seq","ENSG00000107742.14",-0.336540566480145,-0.455226927353993,-0.217854205606297,2.2437448896208e-06,"ADUResist","post_3.5_4_hr","transcript-rna-seq",0.335228627697858,0.201963194353259,0.468494061042457,0.00037561278459791,"9806","SPOCK2","ENSG00000107742",NA,NA,NA,NA
"blood","transcript-rna-seq","ENSG00000147065.17",0.264600707210811,0.171171835572828,0.358029578848793,2.30293832933914e-06,"ADUResist","post_3.5_4_hr","transcript-rna-seq",-0.249745898030818,-0.358152311434764,-0.141339484626873,0.000990149463676255,"4478","MSN","ENSG00000147065",NA,NA,NA,NA
"blood","transcript-rna-seq","ENSG00000131873.7",0.531281860310472,0.343500747198191,0.719062973422752,2.38020657904678e-06,"ADUResist","post_3.5_4_hr","transcript-rna-seq",-0.354416934087796,-0.566227379467168,-0.142606488708424,0.0170632668754937,"22856","CHSY1","ENSG00000131873",NA,NA,NA,NA
"blood","transcript-rna-seq","ENSG00000173890.17",0.818117984600724,0.528767411196834,1.10746855800461,2.40667465262032e-06,"ADUResist","post_3.5_4_hr","transcript-rna-seq",-0.588061228959248,-0.8862180103104,-0.289904447608096,0.00400423622326737,"26996","GPR160","ENSG00000173890",NA,NA,NA,NA
"blood","transcript-rna-seq","ENSG00000103381.12",0.368820920572634,0.238392984468621,0.499248856676648,2.40820603741118e-06,"ADUResist","post_3.5_4_hr","transcript-rna-seq",-0.274210577824642,-0.426174914625192,-0.122246241024091,0.00907631171251438,"55313","CPPED1","ENSG00000103381",NA,NA,NA,NA
"blood","transcript-rna-seq","ENSG00000266094.8",0.249109389326026,0.160991393219178,0.337227385432875,2.40955535817438e-06,"ADUResist","post_3.5_4_hr","transcript-rna-seq",-0.234754360220329,-0.335979912830258,-0.133528807610399,0.000967799915869833,"83593","RASSF5","ENSG00000266094",NA,NA,NA,NA
"blood","transcript-rna-seq","ENSG00000101307.16",0.44405784011793,0.286971122342988,0.601144557892872,2.42118513610992e-06,"ADUResist","post_3.5_4_hr","transcript-rna-seq",-0.323444993312396,-0.503017630080312,-0.14387235654448,0.00922518872110697,"10326","SIRPB1","ENSG00000101307",NA,NA,NA,NA
"blood","transcript-rna-seq","ENSG00000173597.9",0.679052960939985,0.438771266808364,0.919334655071606,2.42144103584646e-06,"ADUResist","post_3.5_4_hr","transcript-rna-seq",-0.44339434467514,-0.7038387543297,-0.182949935020581,0.0149011477497031,"27284","SULT1B1","ENSG00000173597",NA,NA,NA,NA
"blood","transcript-rna-seq","ENSG00000280279.1",0.585171276525023,0.378170707634423,0.792171845415623,2.42144103584646e-06,"ADUResist","post_3.5_4_hr","transcript-rna-seq",-0.376781046907462,-0.604724026534252,-0.148838067280672,0.0187291850959904,NA,"LINC02887","ENSG00000280279",NA,NA,NA,NA
"blood","transcript-rna-seq","ENSG00000114030.13",0.363294508478399,0.234546922670497,0.4920420942863,2.50493560174394e-06,"ADUResist","post_3.5_4_hr","transcript-rna-seq",-0.258788273467869,-0.40074208768759,-0.116834459248148,0.0082406374277826,"3836","KPNA1","ENSG00000114030",NA,NA,NA,NA
"blood","transcript-rna-seq","ENSG00000116604.19",0.245086075955611,0.158179364623549,0.331992787287674,2.54265986694438e-06,"ADUResist","post_3.5_4_hr","transcript-rna-seq",-0.17047701719077,-0.268476764903871,-0.072477269477668,0.012594258032982,"4209","MEF2D","ENSG00000116604",NA,NA,NA,NA
"blood","transcript-rna-seq","ENSG00000073150.14",0.571777927305066,0.369059282052067,0.774496572558066,2.54543410537439e-06,"ADUResist","post_3.5_4_hr","transcript-rna-seq",-0.378623625610575,-0.6070426577059,-0.150204593515251,0.0183059386804799,"56666","PANX2","ENSG00000073150",NA,NA,NA,NA
"blood","transcript-rna-seq","ENSG00000110934.13",0.299188902128977,0.193068110934787,0.405309693323167,2.55680580775177e-06,"ADUResist","post_3.5_4_hr","transcript-rna-seq",-0.239903107601172,-0.360820522405654,-0.118985692796691,0.0038049788654556,"51411","BIN2","ENSG00000110934",NA,NA,NA,NA
"blood","transcript-rna-seq","ENSG00000105355.9",0.372000799414176,0.240026504298062,0.503975094530289,2.57505437364e-06,"ADUResist","post_3.5_4_hr","transcript-rna-seq",-0.325320458360469,-0.477163224021975,-0.173477692698963,0.00187729231509014,"10226","PLIN3","ENSG00000105355",NA,NA,NA,NA
"blood","transcript-rna-seq","ENSG00000102882.12",0.403664861814486,0.260440855952283,0.54688886767669,2.57505437364e-06,"ADUResist","post_3.5_4_hr","transcript-rna-seq",-0.346705761531184,-0.507935266019454,-0.185476257042914,0.00180610280450647,"5595","MAPK3","ENSG00000102882",NA,NA,NA,NA
"blood","transcript-rna-seq","ENSG00000165886.5",0.557489959025357,0.359627643093177,0.755352274957538,2.57683317364056e-06,"ADUResist","post_3.5_4_hr","transcript-rna-seq",-0.352701482661002,-0.57452123153159,-0.130881733790414,0.0254456871831941,"80019","UBTD1","ENSG00000165886",NA,NA,NA,NA
"blood","transcript-rna-seq","ENSG00000169220.18",0.352663405521813,0.227435588255148,0.477891222788478,2.60696844308428e-06,"ADUResist","post_3.5_4_hr","transcript-rna-seq",-0.293113310935993,-0.434043363271382,-0.152183258600605,0.00247834270514265,"10636","RGS14","ENSG00000169220",NA,NA,NA,NA
"blood","transcript-rna-seq","ENSG00000048740.19",0.337079914123532,0.217307507100867,0.456852321146196,2.63436406563017e-06,"ADUResist","post_3.5_4_hr","transcript-rna-seq",-0.250709758042975,-0.382754832951607,-0.118664683134343,0.0056830970812333,"10659","CELF2","ENSG00000048740",NA,NA,NA,NA
"blood","transcript-rna-seq","ENSG00000172081.14",0.314177236742063,0.202468506962253,0.425885966521874,2.68446963496414e-06,"ADUResist","post_3.5_4_hr","transcript-rna-seq",-0.286137182047897,-0.41682288067026,-0.155451483425533,0.00155819840649,"126308","MOB3A","ENSG00000172081",NA,NA,NA,NA
"blood","transcript-rna-seq","ENSG00000116991.12",0.780783480676358,0.503050494584137,1.05851646676858,2.71358558990609e-06,"ADUResist","post_3.5_4_hr","transcript-rna-seq",-0.682208563818449,-0.982835322314482,-0.381581805322416,0.00113184393656794,"57568","SIPA1L2","ENSG00000116991",NA,NA,NA,NA
"blood","transcript-rna-seq","ENSG00000135677.11",0.339437884846536,0.218534490563459,0.460341279129613,2.81064741909333e-06,"ADUResist","post_3.5_4_hr","transcript-rna-seq",-0.288477222706574,-0.433263861993673,-0.143690583419476,0.00369032287807036,"2799","GNS","ENSG00000135677",NA,NA,NA,NA
"blood","transcript-rna-seq","ENSG00000156711.17",0.473431204584306,0.304711372742411,0.6421510364262,2.84225378613786e-06,"ADUResist","post_3.5_4_hr","transcript-rna-seq",-0.332380777088972,-0.520444641840389,-0.144316912337554,0.0109005795395611,"5603","MAPK13","ENSG00000156711",NA,NA,NA,NA
"blood","transcript-rna-seq","ENSG00000106780.9",0.616568618861285,0.396692754539082,0.836444483183488,2.87082159287839e-06,"ADUResist","post_3.5_4_hr","transcript-rna-seq",-0.511584358200807,-0.757918543200487,-0.265250173201127,0.00250950471962302,"1955","MEGF9","ENSG00000106780",NA,NA,NA,NA
"blood","transcript-rna-seq","ENSG00000163219.12",0.293049666225151,0.188546182259686,0.397553150190617,2.87082159287839e-06,"ADUResist","post_3.5_4_hr","transcript-rna-seq",-0.247051416741833,-0.367501931534071,-0.126600901949595,0.00284044342372552,"9938","ARHGAP25","ENSG00000163219",NA,NA,NA,NA
"blood","transcript-rna-seq","ENSG00000135932.12",0.40238382277373,0.258860993117228,0.545906652430233,2.87082159287839e-06,"ADUResist","post_3.5_4_hr","transcript-rna-seq",-0.343616298719573,-0.504851966046524,-0.182380631392621,0.00192994012208438,"51719","CAB39","ENSG00000135932",NA,NA,NA,NA
"blood","transcript-rna-seq","ENSG00000163041.13",0.408107276761715,0.262546428710132,0.553668124813298,2.87082159287839e-06,"ADUResist","post_3.5_4_hr","transcript-rna-seq",-0.306863490332706,-0.469621006527059,-0.144105974138352,0.00602552818115463,"3020","H3-3A","ENSG00000163041",NA,NA,NA,NA
"blood","transcript-rna-seq","ENSG00000168297.16",0.526019056767022,0.338368779902972,0.713669333631072,2.87082159287839e-06,"ADUResist","post_3.5_4_hr","transcript-rna-seq",-0.374792721627929,-0.580937045428587,-0.168648397827271,0.00844445124065605,"54899","PXK","ENSG00000168297",NA,NA,NA,NA
"blood","transcript-rna-seq","ENSG00000181220.18",0.389763563916102,0.25071833108928,0.528808796742924,2.87916835047977e-06,"ADUResist","post_3.5_4_hr","transcript-rna-seq",-0.314055372976828,-0.472096536882918,-0.156014209070737,0.00375209715836484,"155061","ZNF746","ENSG00000181220",NA,NA,NA,NA
"blood","transcript-rna-seq","ENSG00000179918.19",0.298074912561494,0.191707465459862,0.404442359663126,2.88648547251255e-06,"ADUResist","post_3.5_4_hr","transcript-rna-seq",-0.205789990829811,-0.327451837466232,-0.0841281441933911,0.0156033995349091,"22928","SEPHS2","ENSG00000179918",NA,NA,NA,NA
"blood","transcript-rna-seq","ENSG00000254470.3",0.450818462569545,0.289918230844747,0.611718694294343,2.90901935973505e-06,"ADUResist","post_3.5_4_hr","transcript-rna-seq",-0.41608450445823,-0.603230127970937,-0.228938880945522,0.00132680321262746,"91056","AP5B1","ENSG00000254470",NA,NA,NA,NA
"blood","transcript-rna-seq","ENSG00000147439.14",0.374879319017762,0.241050408908969,0.508708229126555,2.90957746697076e-06,"ADUResist","post_3.5_4_hr","transcript-rna-seq",-0.21417600784928,-0.361487448813027,-0.0668645668855324,0.047887606567195,"55909","BIN3","ENSG00000147439",NA,NA,NA,NA
"blood","transcript-rna-seq","ENSG00000110619.18",0.286775826627981,0.184306071244958,0.389245582011004,2.96699841653693e-06,"ADUResist","post_3.5_4_hr","transcript-rna-seq",-0.210990595885531,-0.32226940660018,-0.0997117851708818,0.00574048770949668,"833","CARS1","ENSG00000110619",NA,NA,NA,NA
"blood","transcript-rna-seq","ENSG00000108509.21",0.281271073902996,0.180722696096444,0.381819451709548,3.00649555480915e-06,"ADUResist","post_3.5_4_hr","transcript-rna-seq",-0.190787895302943,-0.303688429710873,-0.0778873608950134,0.0157136663285118,"23125","CAMTA2","ENSG00000108509",NA,NA,NA,NA
"blood","transcript-rna-seq","ENSG00000197579.8",0.464648571102221,0.298438380505581,0.630858761698861,3.06739384804132e-06,"ADUResist","post_3.5_4_hr","transcript-rna-seq",-0.330981931155577,-0.516613698955703,-0.145350163355451,0.0100804418528282,"10210","TOPORS","ENSG00000197579",NA,NA,NA,NA
"blood","transcript-rna-seq","ENSG00000148411.8",0.351249416225405,0.225600831476895,0.476898000973914,3.06834753404898e-06,"ADUResist","post_3.5_4_hr","transcript-rna-seq",-0.29448820589434,-0.436461589949439,-0.152514821839241,0.00254007364834919,"138151","NACC2","ENSG00000148411",NA,NA,NA,NA
"blood","transcript-rna-seq","ENSG00000106714.18",0.762348140107273,0.489662885247662,1.03503339496688,3.07591367183159e-06,"ADUResist","post_3.5_4_hr","transcript-rna-seq",-0.461751916052831,-0.779671442736043,-0.14383238936962,0.0480925520851034,"79937","CNTNAP3","ENSG00000106714",NA,NA,NA,NA
"blood","transcript-rna-seq","ENSG00000198408.14",0.299570900637567,0.192357014619133,0.406784786656002,3.07591367183159e-06,"ADUResist","post_3.5_4_hr","transcript-rna-seq",-0.259294796772672,-0.374282080306948,-0.144307513238395,0.00120473217821495,"10724","OGA","ENSG00000198408",NA,NA,NA,NA
"blood","transcript-rna-seq","ENSG00000164924.18",0.249782909647042,0.16038010304252,0.339185716251564,3.07591367183159e-06,"ADUResist","post_3.5_4_hr","transcript-rna-seq",-0.200734645551654,-0.2999167188872,-0.101552572216107,0.00317567614759574,"7534","YWHAZ","ENSG00000164924",NA,NA,NA,NA
"blood","transcript-rna-seq","ENSG00000125753.14",0.362065539107293,0.232483295762699,0.491647782451887,3.08307892911697e-06,"ADUResist","post_3.5_4_hr","transcript-rna-seq",-0.329494830906317,-0.481206375305787,-0.177783286506847,0.00166965662640452,"7408","VASP","ENSG00000125753",NA,NA,NA,NA
"blood","transcript-rna-seq","ENSG00000131042.15",0.348475203475781,0.223759398014225,0.473191008937337,3.08307892911697e-06,"ADUResist","post_3.5_4_hr","transcript-rna-seq",-0.26462670409356,-0.411830668564659,-0.117422739622461,0.00940541025815283,"10288","LILRB2","ENSG00000131042",NA,NA,NA,NA
"blood","transcript-rna-seq","ENSG00000116701.15",0.376633460335615,0.24179588604983,0.5114710346214,3.09706945257314e-06,"ADUResist","post_3.5_4_hr","transcript-rna-seq",-0.297550685437999,-0.453365521267045,-0.141735849608953,0.00541885034472654,"4688","NCF2","ENSG00000116701",NA,NA,NA,NA
"blood","transcript-rna-seq","ENSG00000100330.16",0.438077763847595,0.281120418368792,0.595035109326398,3.1449931168374e-06,"ADUResist","post_3.5_4_hr","transcript-rna-seq",-0.369938978230898,-0.545769370546714,-0.194108585915083,0.00222318370860977,"8897","MTMR3","ENSG00000100330",NA,NA,NA,NA
"blood","transcript-rna-seq","ENSG00000153207.16",0.402961638196354,0.258589702761322,0.547333573631386,3.1449931168374e-06,"ADUResist","post_3.5_4_hr","transcript-rna-seq",-0.251779043579368,-0.417759170443346,-0.085798916715389,0.0361832049479434,"25909","AHCTF1","ENSG00000153207",NA,NA,NA,NA
"blood","transcript-rna-seq","ENSG00000140678.17",0.402350251439257,0.258198924489167,0.546501578389347,3.14704625239688e-06,"ADUResist","post_3.5_4_hr","transcript-rna-seq",-0.248185971023318,-0.415957596698304,-0.0804143453483318,0.0427765147266508,"3687","ITGAX","ENSG00000140678",NA,NA,NA,NA
"blood","transcript-rna-seq","ENSG00000100647.8",0.375460512136097,0.240782932783227,0.510138091488966,3.24121498015442e-06,"ADUResist","post_3.5_4_hr","transcript-rna-seq",-0.288962121530877,-0.44444440660059,-0.133479836461163,0.00682682414928641,"9766","SUSD6","ENSG00000100647",NA,NA,NA,NA
"blood","transcript-rna-seq","ENSG00000136279.21",0.293292196813285,0.188007850431644,0.398576543194926,3.29369992273359e-06,"ADUResist","post_3.5_4_hr","transcript-rna-seq",-0.270696412834942,-0.384995566944299,-0.156397258725586,0.000806398568473682,"28988","DBNL","ENSG00000136279",NA,NA,NA,NA
"blood","transcript-rna-seq","ENSG00000236438.7",0.480440646364068,0.308011465005554,0.652869827722582,3.29369992273359e-06,"ADUResist","post_3.5_4_hr","transcript-rna-seq",-0.347329593761053,-0.54652581838798,-0.148133369134126,0.0123683174365081,NA,"FAM157A","ENSG00000236438",NA,NA,NA,NA
"blood","transcript-rna-seq","ENSG00000172216.6",0.436685424752126,0.279893490717023,0.593477358787229,3.3099291831705e-06,"ADUResist","post_3.5_4_hr","transcript-rna-seq",-0.405341051483932,-0.590122420327718,-0.220559682640145,0.0015406250671331,"1051","CEBPB","ENSG00000172216",NA,NA,NA,NA
"blood","transcript-rna-seq","ENSG00000144635.9",0.330465649934617,0.211751198891495,0.44918010097774,3.34441755910288e-06,"ADUResist","post_3.5_4_hr","transcript-rna-seq",-0.224866771982039,-0.357577253278063,-0.0921562906860144,0.0154213242733716,"51143","DYNC1LI1","ENSG00000144635",NA,NA,NA,NA
"blood","transcript-rna-seq","ENSG00000241878.12",0.353873922631667,0.226701859732661,0.481045985530673,3.38351691483631e-06,"ADUResist","post_3.5_4_hr","transcript-rna-seq",-0.320506121410264,-0.470781191423888,-0.17023105139664,0.0019222591045555,"23761","PISD","ENSG00000241878",NA,NA,NA,NA
"blood","transcript-rna-seq","ENSG00000272333.8",0.238318132621039,0.152635484844883,0.324000780397195,3.38498905374971e-06,"ADUResist","post_3.5_4_hr","transcript-rna-seq",-0.185164841458897,-0.28138127779493,-0.088948405122863,0.0050331526276646,"9757","KMT2B","ENSG00000272333",NA,NA,NA,NA
"blood","transcript-rna-seq","ENSG00000071054.17",0.400105115097151,0.256240757157108,0.543969473037195,3.40703059021599e-06,"ADUResist","post_3.5_4_hr","transcript-rna-seq",-0.354153219899253,-0.515424914484011,-0.192881525314495,0.00151988791073555,"9448","MAP4K4","ENSG00000071054",NA,NA,NA,NA
"blood","transcript-rna-seq","ENSG00000225190.11",0.300435283442738,0.192386238826236,0.40848432805924,3.41657289152361e-06,"ADUResist","post_3.5_4_hr","transcript-rna-seq",-0.293336254219497,-0.415848866025303,-0.170823642413691,0.0007338661311697,"9842","PLEKHM1","ENSG00000225190",NA,NA,NA,NA
"blood","transcript-rna-seq","ENSG00000072518.22",0.292173953561605,0.187023673169629,0.39732423395358,3.48477686610687e-06,"ADUResist","post_3.5_4_hr","transcript-rna-seq",-0.243441400651486,-0.36302823784137,-0.123854563461602,0.00302795321204746,"2011","MARK2","ENSG00000072518",NA,NA,NA,NA
"blood","transcript-rna-seq","ENSG00000139946.10",0.487422805349047,0.311706259150561,0.663139351547533,3.63504131301085e-06,"ADUResist","post_3.5_4_hr","transcript-rna-seq",-0.315074688595203,-0.509875860525808,-0.120273516664598,0.0221746301354993,"57161","PELI2","ENSG00000139946",NA,NA,NA,NA
"blood","transcript-rna-seq","ENSG00000068024.18",0.381257655502369,0.243742559135163,0.518772751869574,3.6782761746439e-06,"ADUResist","post_3.5_4_hr","transcript-rna-seq",-0.252066574723174,-0.406332127084364,-0.0978010223619845,0.0205168187061719,"9759","HDAC4","ENSG00000068024",NA,NA,NA,NA
"blood","transcript-rna-seq","ENSG00000123643.13",0.459434057832298,0.293728316001517,0.625139799663079,3.6782761746439e-06,"ADUResist","post_3.5_4_hr","transcript-rna-seq",-0.305673067390272,-0.482771459358002,-0.128574675422541,0.0134474116386704,"206358","SLC36A1","ENSG00000123643",NA,NA,NA,NA
"blood","transcript-rna-seq","ENSG00000072110.16",0.38508784817498,0.246190813834408,0.523984882515551,3.6782761746439e-06,"ADUResist","post_3.5_4_hr","transcript-rna-seq",-0.310020242877901,-0.467771436821395,-0.152269048934407,0.00416447396667151,"87","ACTN1","ENSG00000072110",NA,NA,NA,NA
"blood","transcript-rna-seq","ENSG00000059728.11",0.531934673365967,0.34003854212314,0.723830804608794,3.68653338064773e-06,"ADUResist","post_3.5_4_hr","transcript-rna-seq",-0.455663914923008,-0.673555877323169,-0.237771952522847,0.00235300490944365,"4084","MXD1","ENSG00000059728",NA,NA,NA,NA
"blood","transcript-rna-seq","ENSG00000159128.15",0.403028102761054,0.257600537709257,0.54845566781285,3.69862610312384e-06,"ADUResist","post_3.5_4_hr","transcript-rna-seq",-0.323534302420867,-0.489688317430085,-0.15738028741165,0.00455203912627793,"3460","IFNGR2","ENSG00000159128",NA,NA,NA,NA
"blood","transcript-rna-seq","ENSG00000213390.11",0.460082234910224,0.293990037265759,0.62617443255469,3.72014429458972e-06,"ADUResist","post_3.5_4_hr","transcript-rna-seq",-0.315947586393691,-0.499174876873994,-0.132720295913388,0.0135133418903246,"84986","ARHGAP19","ENSG00000213390",NA,NA,NA,NA
"blood","transcript-rna-seq","ENSG00000155849.16",0.295363555616272,0.188720413960164,0.40200669727238,3.72633993434232e-06,"ADUResist","post_3.5_4_hr","transcript-rna-seq",-0.256327631335604,-0.373272213555714,-0.139383049115494,0.00154909210643074,"9844","ELMO1","ENSG00000155849",NA,NA,NA,NA
"blood","transcript-rna-seq","ENSG00000168461.13",0.360295581960651,0.230220512101656,0.490370651819646,3.72988996177275e-06,"ADUResist","post_3.5_4_hr","transcript-rna-seq",-0.257291864583998,-0.407919962330224,-0.106663766837772,0.0145905471833642,"11031","RAB31","ENSG00000168461",NA,NA,NA,NA
"blood","transcript-rna-seq","ENSG00000139370.12",0.367268714825205,0.234592823736747,0.499944605913662,3.78669898608345e-06,"ADUResist","post_3.5_4_hr","transcript-rna-seq",-0.213443804998045,-0.359756614762264,-0.0671309952338258,0.0469490713011876,"121260","SLC15A4","ENSG00000139370",NA,NA,NA,NA
"blood","transcript-rna-seq","ENSG00000175274.19",0.611686159335626,0.39053053581182,0.832841782859433,3.86713817240923e-06,"ADUResist","post_3.5_4_hr","transcript-rna-seq",-0.55816464521269,-0.805637805784014,-0.310691484641366,0.00120473217821495,"9537","TP53I11","ENSG00000175274",NA,NA,NA,NA
"blood","transcript-rna-seq","ENSG00000281162.3",0.693901378252833,0.443018598850308,0.944784157655358,3.88081825005697e-06,"ADUResist","post_3.5_4_hr","transcript-rna-seq",-0.573595181227694,-0.85330863807014,-0.293881724385249,0.00284200209920375,NA,"LINC01127","ENSG00000281162",NA,NA,NA,NA
"blood","transcript-rna-seq","ENSG00000163754.18",0.470557218181519,0.300386676156925,0.640727760206114,3.88081825005697e-06,"ADUResist","post_3.5_4_hr","transcript-rna-seq",-0.31167818451947,-0.497907251857383,-0.125449117181557,0.0170420890012674,"2992","GYG1","ENSG00000163754",NA,NA,NA,NA
"blood","transcript-rna-seq","ENSG00000141551.15",0.261312490766526,0.166794185251276,0.355830796281776,3.89067732618341e-06,"ADUResist","post_3.5_4_hr","transcript-rna-seq",-0.233228402268955,-0.342438439743536,-0.124018364794374,0.0019222591045555,"1453","CSNK1D","ENSG00000141551",NA,NA,NA,NA
"blood","transcript-rna-seq","ENSG00000078618.23",0.289228375663781,0.184583002575606,0.393873748751957,3.8965118102757e-06,"ADUResist","post_3.5_4_hr","transcript-rna-seq",-0.258080252899934,-0.379794907338147,-0.13636559846172,0.00201899505562625,"4898","NRDC","ENSG00000078618",NA,NA,NA,NA
"blood","transcript-rna-seq","ENSG00000111802.14",0.416889034141866,0.26604491976437,0.567733148519361,3.8965118102757e-06,"ADUResist","post_3.5_4_hr","transcript-rna-seq",-0.271881542479058,-0.438202379502279,-0.105560705455837,0.0204861937016432,"51567","TDP2","ENSG00000111802",NA,NA,NA,NA
"blood","transcript-rna-seq","ENSG00000171791.14",-0.448793291184333,-0.611187335634652,-0.286399246734014,3.8965118102757e-06,"ADUResist","post_3.5_4_hr","transcript-rna-seq",0.339704905733469,0.147746194116447,0.531663617350491,0.0108129949438032,"596","BCL2","ENSG00000171791",NA,NA,NA,NA
"blood","transcript-rna-seq","ENSG00000166900.17",0.427606376104478,0.272842729032867,0.58237002317609,3.9164596056467e-06,"ADUResist","post_3.5_4_hr","transcript-rna-seq",-0.350093165668124,-0.524889973303987,-0.17529635803226,0.00352804377600565,"6809","STX3","ENSG00000166900",NA,NA,NA,NA
"blood","transcript-rna-seq","ENSG00000100721.11",-0.506185889833023,-0.689415422062904,-0.322956357603141,3.95552566184478e-06,"ADUResist","post_3.5_4_hr","transcript-rna-seq",0.393273169333252,0.167541126384146,0.619005212282358,0.0124476748566258,"8115","TCL1A","ENSG00000100721",NA,NA,NA,NA
"blood","transcript-rna-seq","ENSG00000142347.19",0.357210870752205,0.227742283068024,0.486679458436385,4.06121968277063e-06,"ADUResist","post_3.5_4_hr","transcript-rna-seq",-0.286135467835475,-0.435228498071789,-0.137042437599161,0.00518305623664359,"4542","MYO1F","ENSG00000142347",NA,NA,NA,NA
"blood","transcript-rna-seq","ENSG00000198053.12",0.412028344979925,0.262680002686748,0.561376687273102,4.06121968277063e-06,"ADUResist","post_3.5_4_hr","transcript-rna-seq",-0.321037808779147,-0.493602707828804,-0.148472909729491,0.0067709512195618,"140885","SIRPA","ENSG00000198053",NA,NA,NA,NA
"blood","transcript-rna-seq","ENSG00000109743.11",0.552195191916947,0.352001602458526,0.752388781375369,4.07066343373368e-06,"ADUResist","post_3.5_4_hr","transcript-rna-seq",-0.44106729411314,-0.664011891394126,-0.218122696832154,0.00390587977996506,"683","BST1","ENSG00000109743",NA,NA,NA,NA
"blood","transcript-rna-seq","ENSG00000047410.14",0.251123057709636,0.160059398382765,0.342186717036507,4.07066343373368e-06,"ADUResist","post_3.5_4_hr","transcript-rna-seq",-0.15313631112758,-0.256071716070324,-0.0502009061848348,0.0413261554565253,"7175","TPR","ENSG00000047410",NA,NA,NA,NA
"blood","transcript-rna-seq","ENSG00000071967.12",0.525350049701836,0.334738095409485,0.715962003994187,4.16302567461026e-06,"ADUResist","post_3.5_4_hr","transcript-rna-seq",-0.409810166803231,-0.61020763726061,-0.209412696345852,0.00291602435067979,"79901","CYBRD1","ENSG00000071967",NA,NA,NA,NA
"blood","transcript-rna-seq","ENSG00000196684.12",0.338190481472299,0.215435803776368,0.460945159168231,4.1996595119878e-06,"ADUResist","post_3.5_4_hr","transcript-rna-seq",-0.265581410807208,-0.415069083807511,-0.116093737806905,0.0104195529328641,"84941","HSH2D","ENSG00000196684",NA,NA,NA,NA
"blood","transcript-rna-seq","ENSG00000124224.18",0.51508814222285,0.328042854733533,0.702133429712167,4.22019671825378e-06,"ADUResist","post_3.5_4_hr","transcript-rna-seq",-0.32477979132188,-0.525114816659257,-0.124444765984502,0.0217515073013,NA,"PPP4R1L","ENSG00000124224",NA,NA,NA,NA
"blood","transcript-rna-seq","ENSG00000113648.17",0.289404944733977,0.184307304927869,0.394502584540086,4.22019671825378e-06,"ADUResist","post_3.5_4_hr","transcript-rna-seq",-0.31286389167539,-0.428347998982363,-0.197379784368416,0.000164487983882867,"9555","MACROH2A1","ENSG00000113648",NA,NA,NA,NA
"blood","transcript-rna-seq","ENSG00000145860.12",0.316324267491511,0.201397402691957,0.431251132291064,4.24360592655253e-06,"ADUResist","post_3.5_4_hr","transcript-rna-seq",-0.254337928412208,-0.383909793612503,-0.124766063211913,0.00421811374646087,"153830","RNF145","ENSG00000145860",NA,NA,NA,NA
"blood","transcript-rna-seq","ENSG00000204713.11",0.253633931235188,0.161306751080629,0.345961111389747,4.50380476349677e-06,"ADUResist","post_3.5_4_hr","transcript-rna-seq",-0.193951122373915,-0.298652429827192,-0.0892498149206375,0.00709688910496039,"5987","TRIM27","ENSG00000204713",NA,NA,NA,NA
"blood","transcript-rna-seq","ENSG00000198055.11",0.275789099683653,0.175383871612678,0.376194327754627,4.50380476349677e-06,"ADUResist","post_3.5_4_hr","transcript-rna-seq",-0.267948018742199,-0.38213974932539,-0.153756288159008,0.000863012526017009,"2870","GRK6","ENSG00000198055",NA,NA,NA,NA
"blood","transcript-rna-seq","ENSG00000181409.14",0.499353323680838,0.317509234795754,0.681197412565921,4.55029574168103e-06,"ADUResist","post_3.5_4_hr","transcript-rna-seq",-0.385955237929659,-0.595055530670022,-0.176854945189296,0.0073736684460747,"9625","AATK","ENSG00000181409",NA,NA,NA,NA
"blood","transcript-rna-seq","ENSG00000282416.1",0.5380159739292,0.342001729008749,0.734030218849651,4.60387528223753e-06,"ADUResist","post_3.5_4_hr","transcript-rna-seq",-0.350635408532832,-0.578661919448222,-0.122608897617442,0.0328411672569478,NA,NA,"ENSG00000282416",NA,NA,NA,NA
"blood","transcript-rna-seq","ENSG00000145819.18",0.352633969226634,0.224125041274029,0.481142897179239,4.61710830159955e-06,"ADUResist","post_3.5_4_hr","transcript-rna-seq",-0.29986525572907,-0.446779398971512,-0.152951112486629,0.00295005709422292,"23092","ARHGAP26","ENSG00000145819",NA,NA,NA,NA
"blood","transcript-rna-seq","ENSG00000135838.14",0.47887128387732,0.304301860878095,0.653440706876544,4.63846204850043e-06,"ADUResist","post_3.5_4_hr","transcript-rna-seq",-0.331676855131146,-0.529618819608142,-0.13373489065415,0.0168843360946425,"80896","NPL","ENSG00000135838",NA,NA,NA,NA
"blood","transcript-rna-seq","ENSG00000125734.16",0.310477075122925,0.197273868449469,0.423680281796382,4.63846204850043e-06,"ADUResist","post_3.5_4_hr","transcript-rna-seq",-0.256291210877367,-0.38490820250197,-0.127674219252764,0.00369032287807036,"56927","GPR108","ENSG00000125734",NA,NA,NA,NA
"blood","transcript-rna-seq","ENSG00000196182.11",0.317475218559485,0.201504640361764,0.433445796757206,4.89361382938809e-06,"ADUResist","post_3.5_4_hr","transcript-rna-seq",-0.27231303561487,-0.408574846447809,-0.13605122478193,0.00360040127130533,"83931","STK40","ENSG00000196182",NA,NA,NA,NA
"blood","transcript-rna-seq","ENSG00000118518.17",0.376630604429804,0.238865514434587,0.514395694425022,5.03802763220548e-06,"ADUResist","post_3.5_4_hr","transcript-rna-seq",-0.244291321253858,-0.395410595338077,-0.0931720471696386,0.0222660594692762,"81847","RNF146","ENSG00000118518",NA,NA,NA,NA
"blood","transcript-rna-seq","ENSG00000189337.17",0.681589032686363,0.432339191229601,0.930838874143125,5.0815353969071e-06,"ADUResist","post_3.5_4_hr","transcript-rna-seq",-0.474925299655619,-0.751958941560225,-0.197891657751014,0.0141798467754058,"23254","KAZN","ENSG00000189337",NA,NA,NA,NA
"blood","transcript-rna-seq","ENSG00000204160.12",0.391920086335258,0.248387383272341,0.535452789398175,5.23294456361754e-06,"ADUResist","post_3.5_4_hr","transcript-rna-seq",-0.368786507465828,-0.537422360456077,-0.200150654475578,0.00156354427662387,"84243","ZDHHC18","ENSG00000204160",NA,NA,NA,NA
"blood","transcript-rna-seq","ENSG00000197555.10",0.384003251989757,0.243323837368741,0.524682666610773,5.26423055081072e-06,"ADUResist","post_3.5_4_hr","transcript-rna-seq",-0.345825639365848,-0.510094954489537,-0.181556324242159,0.00220741854770945,"26037","SIPA1L1","ENSG00000197555",NA,NA,NA,NA
"blood","transcript-rna-seq","ENSG00000172349.18",0.208008478123137,0.131742328197422,0.284274628048852,5.36339593075531e-06,"ADUResist","post_3.5_4_hr","transcript-rna-seq",-0.148860470810112,-0.236341194119597,-0.0613797475006261,0.014921636186053,"3603","IL16","ENSG00000172349",NA,NA,NA,NA
"blood","transcript-rna-seq","ENSG00000089351.15",0.322123787080158,0.204008606306981,0.440238967853335,5.36339593075531e-06,"ADUResist","post_3.5_4_hr","transcript-rna-seq",-0.280503769361957,-0.412983239817458,-0.148024298906456,0.00204508762212082,"57655","GRAMD1A","ENSG00000089351",NA,NA,NA,NA
"blood","transcript-rna-seq","ENSG00000110315.7",0.473020330833567,0.29954938336857,0.646491278298564,5.36339593075531e-06,"ADUResist","post_3.5_4_hr","transcript-rna-seq",-0.270622578696932,-0.456539725935987,-0.0847054314578759,0.0475647356319303,"50862","RNF141","ENSG00000110315",NA,NA,NA,NA
"blood","transcript-rna-seq","ENSG00000111859.17",0.404629606305791,0.256168564093012,0.55309064851857,5.4331741169564e-06,"ADUResist","post_3.5_4_hr","transcript-rna-seq",-0.250217755125129,-0.418858402923671,-0.081577107326587,0.0419752186867206,"4739","NEDD9","ENSG00000111859",NA,NA,NA,NA
"blood","transcript-rna-seq","ENSG00000160991.17",0.401003009370436,0.253822967643713,0.54818305109716,5.48488022316644e-06,"ADUResist","post_3.5_4_hr","transcript-rna-seq",-0.415482789851913,-0.578434780560513,-0.252530799143312,0.000327237448575335,"80228","ORAI2","ENSG00000160991",NA,NA,NA,NA
"blood","transcript-rna-seq","ENSG00000176463.14",0.313351786509595,0.198320928054799,0.428382644964391,5.48488022316644e-06,"ADUResist","post_3.5_4_hr","transcript-rna-seq",-0.274563731079628,-0.405461967222011,-0.143665494937245,0.00229792522199279,"28232","SLCO3A1","ENSG00000176463",NA,NA,NA,NA
"blood","transcript-rna-seq","ENSG00000118263.15",0.449367077799018,0.284389565776999,0.614344589821036,5.48488022316644e-06,"ADUResist","post_3.5_4_hr","transcript-rna-seq",-0.333100062949425,-0.514294129698546,-0.151905996200304,0.0076454872039574,"8609","KLF7","ENSG00000118263",NA,NA,NA,NA
"blood","transcript-rna-seq","ENSG00000066027.12",0.435986195859074,0.275607349800572,0.596365041917575,5.79568444171847e-06,"ADUResist","post_3.5_4_hr","transcript-rna-seq",-0.479993233852399,-0.655435513944221,-0.304550953760577,0.000164487983882867,"5525","PPP2R5A","ENSG00000066027",NA,NA,NA,NA
"blood","transcript-rna-seq","ENSG00000005302.19",0.304314954658961,0.192286770053391,0.416343139264532,5.91355505004025e-06,"ADUResist","post_3.5_4_hr","transcript-rna-seq",-0.18875823945648,-0.312816811214597,-0.0646996676983636,0.0354474156944613,"10943","MSL3","ENSG00000005302",NA,NA,NA,NA
"blood","transcript-rna-seq","ENSG00000241839.10",0.312574314238853,0.197493633050354,0.427654995427353,5.91938252462901e-06,"ADUResist","post_3.5_4_hr","transcript-rna-seq",-0.27446385415297,-0.411906719003818,-0.137020989302121,0.00362462954114981,"80301","PLEKHO2","ENSG00000241839",NA,NA,NA,NA
"blood","transcript-rna-seq","ENSG00000127084.19",0.35506342929502,0.224278870547611,0.48584798804243,5.97278693969271e-06,"ADUResist","post_3.5_4_hr","transcript-rna-seq",-0.314258274006477,-0.461653302056882,-0.166863245956072,0.0019222591045555,"89846","FGD3","ENSG00000127084",NA,NA,NA,NA
"blood","transcript-rna-seq","ENSG00000140564.13",0.294845691810176,0.186218430310576,0.403472953309776,6.0016460146004e-06,"ADUResist","post_3.5_4_hr","transcript-rna-seq",-0.250403843138956,-0.382569121605729,-0.118238564672184,0.00579394433285528,"5045","FURIN","ENSG00000140564",NA,NA,NA,NA
"blood","transcript-rna-seq","ENSG00000197249.14",0.363514271130091,0.229588329423657,0.497440212836526,6.0016460146004e-06,"ADUResist","post_3.5_4_hr","transcript-rna-seq",-0.335742485946735,-0.491684906318448,-0.179800065575022,0.00180415454022081,"5265","SERPINA1","ENSG00000197249",NA,NA,NA,NA
"blood","transcript-rna-seq","ENSG00000115091.12",0.283038437010504,0.178691742991944,0.387385131029063,6.07264474684431e-06,"ADUResist","post_3.5_4_hr","transcript-rna-seq",-0.216955117646885,-0.334960998762612,-0.0989492365311578,0.0076454872039574,"10096","ACTR3","ENSG00000115091",NA,NA,NA,NA
"blood","transcript-rna-seq","ENSG00000132824.14",0.319203595940531,0.201352107604258,0.437055084276803,6.3022139414943e-06,"ADUResist","post_3.5_4_hr","transcript-rna-seq",-0.218174121831527,-0.349701419217313,-0.0866468244457405,0.0182124136818079,"10955","SERINC3","ENSG00000132824",NA,NA,NA,NA
"blood","transcript-rna-seq","ENSG00000111716.14",-0.349730096053129,-0.478852637865776,-0.220607554240482,6.31044450599903e-06,"ADUResist","post_3.5_4_hr","transcript-rna-seq",0.327520081406888,0.17746129100925,0.477578871804527,0.00158570543192621,"3945","LDHB","ENSG00000111716",NA,NA,NA,NA
"blood","transcript-rna-seq","ENSG00000111540.16",0.282394828239257,0.178108424994648,0.386681231483866,6.31317670320688e-06,"ADUResist","post_3.5_4_hr","transcript-rna-seq",-0.256823814988992,-0.372937470043824,-0.140710159934159,0.00142003937861007,"5869","RAB5B","ENSG00000111540",NA,NA,NA,NA
"blood","transcript-rna-seq","ENSG00000132589.16",0.363150470937429,0.229008382622927,0.497292559251931,6.38734644805099e-06,"ADUResist","post_3.5_4_hr","transcript-rna-seq",-0.374177784585369,-0.526555550596358,-0.221800018574379,0.000521976981075589,"2319","FLOT2","ENSG00000132589",NA,NA,NA,NA
"blood","transcript-rna-seq","ENSG00000128383.13",0.473848727548406,0.298731211986068,0.648966243110743,6.45456726267171e-06,"ADUResist","post_3.5_4_hr","transcript-rna-seq",-0.500437481850946,-0.701794843888886,-0.299080119813007,0.000451458317525544,"200315","APOBEC3A","ENSG00000128383",NA,NA,NA,NA
"blood","transcript-rna-seq","ENSG00000138463.9",0.58147793002735,0.3664332349961,0.7965226250586,6.52029921424216e-06,"ADUResist","post_3.5_4_hr","transcript-rna-seq",-0.433283735698014,-0.656529051425557,-0.210038419970471,0.00471916699222974,"84925","SLC49A4","ENSG00000138463",NA,NA,NA,NA
"blood","transcript-rna-seq","ENSG00000070831.17",0.241120224447183,0.151902221717813,0.330338227176553,6.6090115285387e-06,"ADUResist","post_3.5_4_hr","transcript-rna-seq",-0.232505553946524,-0.330688123844496,-0.134322984048552,0.000806398568473682,"998","CDC42","ENSG00000070831",NA,NA,NA,NA
"blood","transcript-rna-seq","ENSG00000226091.7",0.705253798903098,0.444202409278907,0.966305188527289,6.68368370277691e-06,"ADUResist","post_3.5_4_hr","transcript-rna-seq",-0.481973799110591,-0.764594245392414,-0.199353352828768,0.014756301709921,"389634","LINC00937","ENSG00000226091",NA,NA,NA,NA
"blood","transcript-rna-seq","ENSG00000139644.13",0.230989809719125,0.145459621691985,0.316519997746264,6.68368370277691e-06,"ADUResist","post_3.5_4_hr","transcript-rna-seq",-0.181232964523442,-0.280441638565164,-0.08202429048172,0.00807992493049844,"7009","TMBIM6","ENSG00000139644",NA,NA,NA,NA
"blood","transcript-rna-seq","ENSG00000165030.4",0.507711075395867,0.31972754101185,0.695694609779884,6.68368370277691e-06,"ADUResist","post_3.5_4_hr","transcript-rna-seq",-0.454580927727015,-0.66638477379676,-0.24277708165727,0.00184716246498258,"4783","NFIL3","ENSG00000165030",NA,NA,NA,NA
"blood","transcript-rna-seq","ENSG00000102710.21",0.32595007404253,0.205236267229844,0.446663880855216,6.70809549095425e-06,"ADUResist","post_3.5_4_hr","transcript-rna-seq",-0.212069701299427,-0.342232276302491,-0.0819071262963635,0.020895571653821,"55578","SUPT20H","ENSG00000102710",NA,NA,NA,NA
"blood","transcript-rna-seq","ENSG00000081059.20",-0.387493405055709,-0.531086843033416,-0.243899967078002,6.80773336120932e-06,"ADUResist","post_3.5_4_hr","transcript-rna-seq",0.427091819209255,0.263760159711426,0.590423478707083,0.000246222040407388,"6932","TCF7","ENSG00000081059",NA,NA,NA,NA
"blood","transcript-rna-seq","ENSG00000100605.17",0.350619198397624,0.220644836564644,0.480593560230604,6.84064626923694e-06,"ADUResist","post_3.5_4_hr","transcript-rna-seq",-0.250879636132948,-0.40108522996058,-0.100674042305317,0.0172389596808075,"3705","ITPK1","ENSG00000100605",NA,NA,NA,NA
"blood","transcript-rna-seq","ENSG00000107341.5",0.304890416645918,0.191843607271309,0.417937226020527,6.87412069062759e-06,"ADUResist","post_3.5_4_hr","transcript-rna-seq",-0.248216611572242,-0.379553958953124,-0.11687926419136,0.00590790672554542,"54926","UBE2R2","ENSG00000107341",NA,NA,NA,NA
"blood","transcript-rna-seq","ENSG00000170852.12",0.341272372854909,0.214675705701005,0.467869040008813,6.91033943145993e-06,"ADUResist","post_3.5_4_hr","transcript-rna-seq",-0.296821746457245,-0.436464614488954,-0.157178878425536,0.0019758125283829,"25948","KBTBD2","ENSG00000170852",NA,NA,NA,NA
"blood","transcript-rna-seq","ENSG00000144802.11",0.431502080432285,0.271402061312584,0.591602099551986,6.95917150476862e-06,"ADUResist","post_3.5_4_hr","transcript-rna-seq",-0.267086994878887,-0.447413411865367,-0.0867605778924067,0.042500654894992,"64332","NFKBIZ","ENSG00000144802",NA,NA,NA,NA
"blood","transcript-rna-seq","ENSG00000141298.19",0.42638225732972,0.268172570198912,0.584591944460529,6.95917150476862e-06,"ADUResist","post_3.5_4_hr","transcript-rna-seq",-0.324991863514683,-0.504555733956311,-0.145427993073055,0.00883636851258975,"85464","SSH2","ENSG00000141298",NA,NA,NA,NA
"blood","transcript-rna-seq","ENSG00000130775.16",0.318080490179167,0.200043628646234,0.436117351712099,6.97990864657243e-06,"ADUResist","post_3.5_4_hr","transcript-rna-seq",-0.358086937206101,-0.49625512341932,-0.219918750992883,0.000275792454083562,"9473","THEMIS2","ENSG00000130775",NA,NA,NA,NA
"blood","transcript-rna-seq","ENSG00000160703.16",0.502580178615513,0.315994335683133,0.689166021547892,7.02024274699832e-06,"ADUResist","post_3.5_4_hr","transcript-rna-seq",-0.413507100103442,-0.615601105884536,-0.211413094322348,0.00290252694563631,"79671","NLRX1","ENSG00000160703",NA,NA,NA,NA
"blood","transcript-rna-seq","ENSG00000230724.9",0.576676137349639,0.362580550832605,0.790771723866673,7.04499933719268e-06,"ADUResist","post_3.5_4_hr","transcript-rna-seq",-0.33977478314501,-0.570984367290578,-0.108565198999441,0.0445818724903295,NA,"LINC01001","ENSG00000230724",NA,NA,NA,NA
"blood","transcript-rna-seq","ENSG00000080815.19",0.31611914754897,0.198688999537607,0.433549295560333,7.11514227130227e-06,"ADUResist","post_3.5_4_hr","transcript-rna-seq",-0.291471024696795,-0.421527880337097,-0.161414169056494,0.00127315924580871,"5663","PSEN1","ENSG00000080815",NA,NA,NA,NA
"blood","transcript-rna-seq","ENSG00000100461.18",0.299693709826677,0.188339363012713,0.411048056640641,7.15134967693921e-06,"ADUResist","post_3.5_4_hr","transcript-rna-seq",-0.200127037941047,-0.326756119592949,-0.0734979562891449,0.0268215187856859,"55147","RBM23","ENSG00000100461",NA,NA,NA,NA
"blood","transcript-rna-seq","ENSG00000124831.19",0.267659465446673,0.168194155922999,0.367124774970347,7.16224414208354e-06,"ADUResist","post_3.5_4_hr","transcript-rna-seq",-0.219513451863024,-0.332681780758932,-0.106345122967116,0.00474172747471053,"9208","LRRFIP1","ENSG00000124831",NA,NA,NA,NA
"blood","transcript-rna-seq","ENSG00000135636.15",0.570616535882918,0.358345753337571,0.782887318428265,7.37444859206675e-06,"ADUResist","post_3.5_4_hr","transcript-rna-seq",-0.493137325343666,-0.736510593418127,-0.249764057269205,0.00315918692167647,"8291","DYSF","ENSG00000135636",NA,NA,NA,NA
"blood","transcript-rna-seq","ENSG00000104763.20",0.353710555599934,0.222095130112884,0.485325981086983,7.41010410915682e-06,"ADUResist","post_3.5_4_hr","transcript-rna-seq",-0.336496415547904,-0.482387822208867,-0.190605008886941,0.000984633349796912,"427","ASAH1","ENSG00000104763",NA,NA,NA,NA
"blood","transcript-rna-seq","ENSG00000197943.11",0.335700136258782,0.210757338423167,0.460642934094397,7.41568497978812e-06,"ADUResist","post_3.5_4_hr","transcript-rna-seq",-0.250087506686496,-0.392915826709636,-0.107259186663356,0.0118920157824544,"5336","PLCG2","ENSG00000197943",NA,NA,NA,NA
"blood","transcript-rna-seq","ENSG00000114268.12",0.471208010549072,0.295839147765693,0.646576873332451,7.41568497978812e-06,"ADUResist","post_3.5_4_hr","transcript-rna-seq",-0.425320426144213,-0.622587201473624,-0.228053650814803,0.00178426567260702,"5210","PFKFB4","ENSG00000114268",NA,NA,NA,NA
"blood","transcript-rna-seq","ENSG00000036257.14",0.313456013733853,0.196685827854811,0.430226199612894,7.55015194326539e-06,"ADUResist","post_3.5_4_hr","transcript-rna-seq",-0.20180881761078,-0.332986944435377,-0.0706306907861822,0.0327382933358974,"8452","CUL3","ENSG00000036257",NA,NA,NA,NA
"blood","transcript-rna-seq","ENSG00000092929.12",0.331381870988084,0.207893549231685,0.454870192744483,7.60170073414731e-06,"ADUResist","post_3.5_4_hr","transcript-rna-seq",-0.29103046499249,-0.430610839018302,-0.151450090966678,0.00242222898454736,"201294","UNC13D","ENSG00000092929",NA,NA,NA,NA
"blood","transcript-rna-seq","ENSG00000169714.17",0.211120258506698,0.132441211745028,0.289799305268368,7.60427812218421e-06,"ADUResist","post_3.5_4_hr","transcript-rna-seq",-0.141700254974486,-0.22997482080223,-0.0534256891467422,0.0236275564049519,"7555","CNBP","ENSG00000169714",NA,NA,NA,NA
"blood","transcript-rna-seq","ENSG00000006652.15",0.567892861858186,0.35622021612924,0.779565507587132,7.63616877361093e-06,"ADUResist","post_3.5_4_hr","transcript-rna-seq",-0.43143769177615,-0.658392348850832,-0.204483034701468,0.00563894638782211,"3475","IFRD1","ENSG00000006652",NA,NA,NA,NA
"blood","transcript-rna-seq","ENSG00000167874.7",0.658237838315711,0.412694007032332,0.90378166959909,7.78039274004441e-06,"ADUResist","post_3.5_4_hr","transcript-rna-seq",-0.476999879990207,-0.735887318490743,-0.218112441489672,0.00749928309015962,"92162","TMEM88","ENSG00000167874",NA,NA,NA,NA
"blood","transcript-rna-seq","ENSG00000082996.20",0.429010464047046,0.268877387572304,0.589143540521788,7.90085613364572e-06,"ADUResist","post_3.5_4_hr","transcript-rna-seq",-0.339087447356597,-0.519070760493324,-0.159104134219871,0.00606110548387794,"11342","RNF13","ENSG00000082996",NA,NA,NA,NA
"blood","transcript-rna-seq","ENSG00000100368.15",0.43523043470706,0.272671354429073,0.597789514985048,8.01300192196622e-06,"ADUResist","post_3.5_4_hr","transcript-rna-seq",-0.319907281704836,-0.503828892637233,-0.135985670772439,0.012594258032982,"1439","CSF2RB","ENSG00000100368",NA,NA,NA,NA
"blood","transcript-rna-seq","ENSG00000065427.15",-0.269066084402902,-0.369574793125387,-0.168557375680417,8.01300192196622e-06,"ADUResist","post_3.5_4_hr","transcript-rna-seq",0.199938287522025,0.0822336344905725,0.317642940553478,0.0151209855647937,"3735","KARS1","ENSG00000065427",NA,NA,NA,NA
"blood","transcript-rna-seq","ENSG00000119541.10",0.379771181411672,0.237644631669053,0.521897731154291,8.38635418674122e-06,"ADUResist","post_3.5_4_hr","transcript-rna-seq",-0.294640388154198,-0.449744371081533,-0.139536405226863,0.00566133913443178,"9525","VPS4B","ENSG00000119541",NA,NA,NA,NA
"blood","transcript-rna-seq","ENSG00000140575.13",0.384282003623088,0.240422157835861,0.528141849410316,8.47759263284393e-06,"ADUResist","post_3.5_4_hr","transcript-rna-seq",-0.305016414873505,-0.46886702655331,-0.141165803193699,0.00675246718372005,"8826","IQGAP1","ENSG00000140575",NA,NA,NA,NA
"blood","transcript-rna-seq","ENSG00000159840.16",0.369808691322524,0.231261907009925,0.508355475635122,8.65942519177103e-06,"ADUResist","post_3.5_4_hr","transcript-rna-seq",-0.260435582146009,-0.419950810201063,-0.100920354090955,0.0206459311859206,"7791","ZYX","ENSG00000159840",NA,NA,NA,NA
"blood","transcript-rna-seq","ENSG00000196923.14",0.493218405625548,0.308398600808566,0.67803821044253,8.663344878015e-06,"ADUResist","post_3.5_4_hr","transcript-rna-seq",-0.400629822963385,-0.605958754285537,-0.195300891641233,0.0044604478838615,"9260","PDLIM7","ENSG00000196923",NA,NA,NA,NA
"blood","transcript-rna-seq","ENSG00000108349.17",0.293682635175786,0.183527601268758,0.403837669082814,8.85920966853303e-06,"ADUResist","post_3.5_4_hr","transcript-rna-seq",-0.242931086931938,-0.370857254641538,-0.115004919222337,0.00567989459411949,"22794","CASC3","ENSG00000108349",NA,NA,NA,NA
"blood","transcript-rna-seq","ENSG00000084070.12",0.54881661299455,0.342946845891346,0.754686380097754,8.85920966853303e-06,"ADUResist","post_3.5_4_hr","transcript-rna-seq",-0.559401321766419,-0.788073943480462,-0.330728700052376,0.000537107208453687,"64744","SMAP2","ENSG00000084070",NA,NA,NA,NA
"blood","transcript-rna-seq","ENSG00000135821.19",0.343395943686005,0.21456547027598,0.47222641709603,8.88870026887628e-06,"ADUResist","post_3.5_4_hr","transcript-rna-seq",-0.268829747645439,-0.420524506886892,-0.117134988403986,0.0106708006980034,"2752","GLUL","ENSG00000135821",NA,NA,NA,NA
"blood","transcript-rna-seq","ENSG00000196189.14",0.36880044629042,0.230279072850262,0.507321819730578,9.16641784567261e-06,"ADUResist","post_3.5_4_hr","transcript-rna-seq",-0.312452103709441,-0.473538327189285,-0.151365880229596,0.00474172747471053,"64218","SEMA4A","ENSG00000196189",NA,NA,NA,NA
"blood","transcript-rna-seq","ENSG00000175029.17",0.328775105549209,0.205234433901034,0.452315777197383,9.21946337793019e-06,"ADUResist","post_3.5_4_hr","transcript-rna-seq",-0.360197097536267,-0.496411025286366,-0.223983169786169,0.00020849647690792,"1488","CTBP2","ENSG00000175029",NA,NA,NA,NA
"blood","transcript-rna-seq","ENSG00000119979.18",0.32163212002587,0.200703143057418,0.442561096994322,9.35747337182181e-06,"ADUResist","post_3.5_4_hr","transcript-rna-seq",-0.30049458011927,-0.435442616995485,-0.165546543243054,0.00132653751475576,"404636","DENND10","ENSG00000119979",NA,NA,NA,NA
"blood","transcript-rna-seq","ENSG00000183283.16",0.338817262736736,0.211390174018478,0.466244351454994,9.38735685064515e-06,"ADUResist","post_3.5_4_hr","transcript-rna-seq",-0.261622703099876,-0.401075379707917,-0.122170026491835,0.00631168073015095,"9802","DAZAP2","ENSG00000183283",NA,NA,NA,NA
"blood","transcript-rna-seq","ENSG00000115956.10",0.276749334172834,0.17255197320531,0.380946695140358,9.68466142736947e-06,"ADUResist","post_3.5_4_hr","transcript-rna-seq",-0.220808248259811,-0.343847754470533,-0.0977687420490886,0.009516034651367,"5341","PLEK","ENSG00000115956",NA,NA,NA,NA
"blood","transcript-rna-seq","ENSG00000070614.15",0.609664266625776,0.379919329343049,0.839409203908503,9.8718544925031e-06,"ADUResist","post_3.5_4_hr","transcript-rna-seq",-0.491156904798637,-0.739709791285463,-0.242604018311811,0.00394397607527133,"3340","NDST1","ENSG00000070614",NA,NA,NA,NA
"blood","transcript-rna-seq","ENSG00000128340.15",0.278753275163909,0.173673294130507,0.383833256197312,9.92001185816475e-06,"ADUResist","post_3.5_4_hr","transcript-rna-seq",-0.220428669767088,-0.340267202526096,-0.10059013700808,0.00763669207688144,"5880","RAC2","ENSG00000128340",NA,NA,NA,NA
"blood","transcript-rna-seq","ENSG00000022277.13",0.360893723609431,0.224794052105462,0.4969933951134,9.98621616583506e-06,"ADUResist","post_3.5_4_hr","transcript-rna-seq",-0.302315152986885,-0.457415328502049,-0.147214977471721,0.00450286543237661,"51507","RTF2","ENSG00000022277",NA,NA,NA,NA
"blood","transcript-rna-seq","ENSG00000169087.11",0.360240268870649,0.224369123022115,0.496111414719182,1.00212076403893e-05,"ADUResist","post_3.5_4_hr","transcript-rna-seq",-0.254021718638891,-0.399916213358187,-0.108127223919596,0.0124944947847684,"79663","HSPBAP1","ENSG00000169087",NA,NA,NA,NA
"blood","transcript-rna-seq","ENSG00000070444.15",0.250186786359641,0.155766626764536,0.344606945954746,1.01245619423377e-05,"ADUResist","post_3.5_4_hr","transcript-rna-seq",-0.163010082412405,-0.273088808900637,-0.0529313559241729,0.04253184264752,"4335","MNT","ENSG00000070444",NA,NA,NA,NA
"blood","transcript-rna-seq","ENSG00000138795.10",-0.407551894902011,-0.561364116852218,-0.253739672951803,1.01568428732267e-05,"ADUResist","post_3.5_4_hr","transcript-rna-seq",0.456901755704661,0.276781254646328,0.637022256762994,0.000330579643598503,"51176","LEF1","ENSG00000138795",NA,NA,NA,NA
"blood","transcript-rna-seq","ENSG00000134996.12",0.337187793514259,0.209808992424497,0.464566594604021,1.03677483149124e-05,"ADUResist","post_3.5_4_hr","transcript-rna-seq",-0.340269610011266,-0.484016017924642,-0.196523202097889,0.000806398568473682,"26578","OSTF1","ENSG00000134996",NA,NA,NA,NA
"blood","transcript-rna-seq","ENSG00000111897.7",0.359391961687209,0.223592640194561,0.495191283179857,1.04043811728987e-05,"ADUResist","post_3.5_4_hr","transcript-rna-seq",-0.264360579003633,-0.4178715407445,-0.110849617262767,0.0136379727931712,"57515","SERINC1","ENSG00000111897",NA,NA,NA,NA
"blood","transcript-rna-seq","ENSG00000087152.16",0.230175776688022,0.14313119637326,0.317220357002785,1.05514799880202e-05,"ADUResist","post_3.5_4_hr","transcript-rna-seq",-0.153377916424852,-0.253396279614367,-0.0533595532353375,0.0334505987750912,"56970","ATXN7L3","ENSG00000087152",NA,NA,NA,NA
"blood","transcript-rna-seq","ENSG00000135766.9",0.43298070175002,0.269207115965102,0.596754287534939,1.06582677550024e-05,"ADUResist","post_3.5_4_hr","transcript-rna-seq",-0.372520872714317,-0.557047632862634,-0.187994112565999,0.00326913871498497,"54583","EGLN1","ENSG00000135766",NA,NA,NA,NA
"blood","transcript-rna-seq","ENSG00000091317.8",0.397450910312092,0.24706739742111,0.547834423203075,1.07102252254623e-05,"ADUResist","post_3.5_4_hr","transcript-rna-seq",-0.363295382494988,-0.530335502537756,-0.196255262452221,0.0016441944312588,"54918","CMTM6","ENSG00000091317",NA,NA,NA,NA
"blood","transcript-rna-seq","ENSG00000122694.16",0.36030916640313,0.223973533483158,0.496644799323102,1.07195786655951e-05,"ADUResist","post_3.5_4_hr","transcript-rna-seq",-0.31590694397833,-0.471105718476596,-0.160708169480064,0.00302795321204746,"152007","GLIPR2","ENSG00000122694",NA,NA,NA,NA
"blood","transcript-rna-seq","ENSG00000165175.17",0.348540407730944,0.216531661487745,0.480549153974143,1.09562082429101e-05,"ADUResist","post_3.5_4_hr","transcript-rna-seq",-0.256714552825848,-0.409582638773898,-0.103846466877798,0.0165596010524725,"58526","MID1IP1","ENSG00000165175",NA,NA,NA,NA
"blood","transcript-rna-seq","ENSG00000261971.9",0.472211405994464,0.293342128183539,0.65108068380539,1.09562082429101e-05,"ADUResist","post_3.5_4_hr","transcript-rna-seq",-0.361006411658623,-0.547712680167829,-0.174300143149418,0.00488872999540437,NA,"MMP25-AS1","ENSG00000261971",NA,NA,NA,NA
"blood","transcript-rna-seq","ENSG00000078804.13",0.61073508737524,0.379395712154467,0.842074462596012,1.09562082429101e-05,"ADUResist","post_3.5_4_hr","transcript-rna-seq",-0.380040168062953,-0.641678272466061,-0.118402063659845,0.0480925520851034,"58476","TP53INP2","ENSG00000078804",NA,NA,NA,NA
"blood","transcript-rna-seq","ENSG00000127663.15",0.343199397366558,0.213199537875464,0.473199256857652,1.09562082429101e-05,"ADUResist","post_3.5_4_hr","transcript-rna-seq",-0.301371240464061,-0.447305783388855,-0.155436697539267,0.00266414652914926,"23030","KDM4B","ENSG00000127663",NA,NA,NA,NA
"blood","transcript-rna-seq","ENSG00000064666.15",0.320195175950309,0.198841008744094,0.441549343156523,1.11060918664431e-05,"ADUResist","post_3.5_4_hr","transcript-rna-seq",-0.263128616580286,-0.402300734053484,-0.123956499107087,0.00590790672554542,"1265","CNN2","ENSG00000064666",NA,NA,NA,NA
"blood","transcript-rna-seq","ENSG00000138190.17",0.536812965669199,0.333302145270665,0.740323786067733,1.11060918664431e-05,"ADUResist","post_3.5_4_hr","transcript-rna-seq",-0.385684984907114,-0.609446399053533,-0.161923570760696,0.0135406836562681,"54536","EXOC6","ENSG00000138190",NA,NA,NA,NA
"blood","transcript-rna-seq","ENSG00000173334.4",0.509314691656001,0.316147959524151,0.70248142378785,1.12417769062106e-05,"ADUResist","post_3.5_4_hr","transcript-rna-seq",-0.500763387190444,-0.720866261698273,-0.280660512682616,0.00112356299638894,"10221","TRIB1","ENSG00000173334",NA,NA,NA,NA
"blood","transcript-rna-seq","ENSG00000162747.12",0.483880172968544,0.300089940578416,0.667670405358672,1.17915469073035e-05,"ADUResist","post_3.5_4_hr","transcript-rna-seq",-0.410937874310788,-0.623639696801886,-0.19823605181969,0.00491291581838331,"2215","FCGR3B","ENSG00000162747",NA,NA,NA,NA
"blood","transcript-rna-seq","ENSG00000073921.18",0.377487805637825,0.234008401537684,0.520967209737966,1.18542848547528e-05,"ADUResist","post_3.5_4_hr","transcript-rna-seq",-0.24083446441678,-0.40072720687152,-0.08094172196204,0.0379106963090807,"8301","PICALM","ENSG00000073921",NA,NA,NA,NA
"blood","transcript-rna-seq","ENSG00000118900.15",0.401728576186793,0.249006696190585,0.554450456183,1.19109966914212e-05,"ADUResist","post_3.5_4_hr","transcript-rna-seq",-0.355917549313684,-0.532187971598585,-0.179647127028783,0.00326913871498497,"29855","UBN1","ENSG00000118900",NA,NA,NA,NA
"blood","transcript-rna-seq","ENSG00000157933.10",0.353170116026256,0.218847239323716,0.487492992728795,1.20127438158846e-05,"ADUResist","post_3.5_4_hr","transcript-rna-seq",-0.257255615001585,-0.40770913529748,-0.106802094705689,0.0144338977966078,"6497","SKI","ENSG00000157933",NA,NA,NA,NA
"blood","transcript-rna-seq","ENSG00000117410.14",0.371832915333004,0.230356747455136,0.513309083210871,1.21291269129299e-05,"ADUResist","post_3.5_4_hr","transcript-rna-seq",-0.307606025859478,-0.47048995762808,-0.144722094090876,0.00593027236507264,"533","ATP6V0B","ENSG00000117410",NA,NA,NA,NA
"blood","transcript-rna-seq","ENSG00000127527.14",0.275546176872805,0.170696981697728,0.380395372047881,1.21357128554366e-05,"ADUResist","post_3.5_4_hr","transcript-rna-seq",-0.225439291781512,-0.345478559582863,-0.10540002398016,0.00625593210159417,"58513","EPS15L1","ENSG00000127527",NA,NA,NA,NA
"blood","transcript-rna-seq","ENSG00000072864.16",0.301489621332449,0.186732758594951,0.416246484069947,1.22080460270657e-05,"ADUResist","post_3.5_4_hr","transcript-rna-seq",-0.304586067978115,-0.433784173154158,-0.175387962802072,0.000831571938765012,"54820","NDE1","ENSG00000072864",NA,NA,NA,NA
"blood","transcript-rna-seq","ENSG00000158825.6",0.635444488992178,0.393377904058851,0.877511073925505,1.2451215604952e-05,"ADUResist","post_3.5_4_hr","transcript-rna-seq",-0.57171879374673,-0.837447681750887,-0.305989905742573,0.00180493308406284,"978","CDA","ENSG00000158825",NA,NA,NA,NA
"blood","transcript-rna-seq","ENSG00000174444.15",-0.267469822015341,-0.369376187829635,-0.165563456201048,1.24775165575074e-05,"ADUResist","post_3.5_4_hr","transcript-rna-seq",0.197557948783436,0.0792658471437641,0.315850050423107,0.0172406600440513,"6124","RPL4","ENSG00000174444",NA,NA,NA,NA
"blood","transcript-rna-seq","ENSG00000180370.10",0.341645479312046,0.211432054219132,0.471858904404959,1.25564391855471e-05,"ADUResist","post_3.5_4_hr","transcript-rna-seq",-0.260881418703863,-0.405381317937448,-0.116381519470278,0.0090307070398834,"5062","PAK2","ENSG00000180370",NA,NA,NA,NA
"blood","transcript-rna-seq","ENSG00000164506.15",0.5074517765704,0.313933476994402,0.700970076146397,1.26620096963432e-05,"ADUResist","post_3.5_4_hr","transcript-rna-seq",-0.319766805994623,-0.527196885665721,-0.112336726323524,0.0322923892306079,"134957","STXBP5","ENSG00000164506",NA,NA,NA,NA
"blood","transcript-rna-seq","ENSG00000188305.6",0.516001258584167,0.319184507151009,0.712818010017324,1.27370855143699e-05,"ADUResist","post_3.5_4_hr","transcript-rna-seq",-0.45318932271364,-0.671221208321852,-0.235157437105428,0.00248535977414151,"374872","PEAK3","ENSG00000188305",NA,NA,NA,NA
"blood","transcript-rna-seq","ENSG00000008988.11",-0.305966039661712,-0.422687051345404,-0.18924502797802,1.27502622436211e-05,"ADUResist","post_3.5_4_hr","transcript-rna-seq",0.202210590935753,0.0662377938974602,0.338183387974045,0.0413582986286214,"6224","RPS20","ENSG00000008988",NA,NA,NA,NA
"blood","transcript-rna-seq","ENSG00000187764.12",0.302139717773677,0.186827301356596,0.417452134190759,1.28776083531358e-05,"ADUResist","post_3.5_4_hr","transcript-rna-seq",-0.268803163953036,-0.399771807160645,-0.137834520745428,0.0028320064618351,"10507","SEMA4D","ENSG00000187764",NA,NA,NA,NA
"blood","transcript-rna-seq","ENSG00000119669.5",0.358572367893916,0.221615880070031,0.495528855717801,1.31328325956418e-05,"ADUResist","post_3.5_4_hr","transcript-rna-seq",-0.284151120831812,-0.443951420271051,-0.124350821392572,0.0103114572952842,"64207","IRF2BPL","ENSG00000119669",NA,NA,NA,NA
"blood","transcript-rna-seq","ENSG00000175215.11",0.263444827881946,0.16275872678865,0.364130928975242,1.32831100412192e-05,"ADUResist","post_3.5_4_hr","transcript-rna-seq",-0.259964988434326,-0.376697601238845,-0.143232375629808,0.00132653751475576,"10106","CTDSP2","ENSG00000175215",NA,NA,NA,NA
"blood","transcript-rna-seq","ENSG00000159314.12",0.263254040649036,0.162516215162484,0.363991866135588,1.37173458236234e-05,"ADUResist","post_3.5_4_hr","transcript-rna-seq",-0.229350007872759,-0.348105289859658,-0.110594725885859,0.00491291581838331,"201176","ARHGAP27","ENSG00000159314",NA,NA,NA,NA
"blood","transcript-rna-seq","ENSG00000153179.13",0.364436227398915,0.224949409232037,0.503923045565794,1.37466149567914e-05,"ADUResist","post_3.5_4_hr","transcript-rna-seq",-0.269678682564484,-0.425498765246301,-0.113858599882667,0.0131403952210999,"283349","RASSF3","ENSG00000153179",NA,NA,NA,NA
"blood","transcript-rna-seq","ENSG00000101150.18",0.36255754481991,0.223752306718343,0.501362782921477,1.37939972224207e-05,"ADUResist","post_3.5_4_hr","transcript-rna-seq",-0.320207815986116,-0.477914986614896,-0.162500645357336,0.00309698862342355,"7165","TPD52L2","ENSG00000101150",NA,NA,NA,NA
"blood","transcript-rna-seq","ENSG00000090554.13",-0.420657889075265,-0.58173083302482,-0.25958494512571,1.37939972224207e-05,"ADUResist","post_3.5_4_hr","transcript-rna-seq",0.410460662121771,0.221856847165161,0.599064477078382,0.00163872060102465,"2323","FLT3LG","ENSG00000090554",NA,NA,NA,NA
"blood","transcript-rna-seq","ENSG00000189077.11",0.488873885753073,0.301594883248467,0.676152888257678,1.39476905651464e-05,"ADUResist","post_3.5_4_hr","transcript-rna-seq",-0.361157243533605,-0.56763364381752,-0.15468084324969,0.0120152470765239,"83862","TMEM120A","ENSG00000189077",NA,NA,NA,NA
"blood","transcript-rna-seq","ENSG00000116852.15",0.285396290420558,0.17606329830323,0.394729282537886,1.39476905651464e-05,"ADUResist","post_3.5_4_hr","transcript-rna-seq",-0.239170820439403,-0.360095647011503,-0.118245993867303,0.0039092468969348,"23046","KIF21B","ENSG00000116852",NA,NA,NA,NA
"blood","transcript-rna-seq","ENSG00000104324.16",0.369232544819846,0.227735048152254,0.510730041487438,1.40717290634815e-05,"ADUResist","post_3.5_4_hr","transcript-rna-seq",-0.318117074350149,-0.48284771195398,-0.153386436746319,0.00491291581838331,"10404","CPQ","ENSG00000104324",NA,NA,NA,NA
"blood","transcript-rna-seq","ENSG00000172354.10",0.344718799032544,0.212548682795325,0.476888915269762,1.42085576775253e-05,"ADUResist","post_3.5_4_hr","transcript-rna-seq",-0.32412101799587,-0.47494968992118,-0.173292346070559,0.00182231167720722,"2783","GNB2","ENSG00000172354",NA,NA,NA,NA
"blood","transcript-rna-seq","ENSG00000125910.6",0.353504404684802,0.217906875914921,0.489101933454683,1.43309717811688e-05,"ADUResist","post_3.5_4_hr","transcript-rna-seq",-0.285928325816561,-0.43910235529444,-0.132754296338682,0.00660388310961165,"8698","S1PR4","ENSG00000125910",NA,NA,NA,NA
"blood","transcript-rna-seq","ENSG00000146592.17",0.487907539843944,0.300684700474419,0.675130379213468,1.4494056422999e-05,"ADUResist","post_3.5_4_hr","transcript-rna-seq",-0.32705785555669,-0.539944815791531,-0.114170895321849,0.0330511194536856,"9586","CREB5","ENSG00000146592",NA,NA,NA,NA
"blood","transcript-rna-seq","ENSG00000054118.15",0.209015164980568,0.128722130126956,0.289308199834179,1.47509269983262e-05,"ADUResist","post_3.5_4_hr","transcript-rna-seq",-0.205239731304355,-0.295416447215909,-0.1150630153928,0.00112356299638894,"9967","THRAP3","ENSG00000054118",NA,NA,NA,NA
"blood","transcript-rna-seq","ENSG00000143119.14",0.306399720304555,0.188687521574159,0.42411191903495,1.48330935789292e-05,"ADUResist","post_3.5_4_hr","transcript-rna-seq",-0.254359113524149,-0.387480853809638,-0.121237373238661,0.00539779073668865,"963","CD53","ENSG00000143119",NA,NA,NA,NA
"blood","transcript-rna-seq","ENSG00000224397.8",0.397946566452799,0.245071114365377,0.550822018540221,1.48399963499698e-05,"ADUResist","post_3.5_4_hr","transcript-rna-seq",-0.363926313139586,-0.537497024049016,-0.190355602230156,0.00230051937772803,"100506115","PELATON","ENSG00000224397",NA,NA,NA,NA
"blood","transcript-rna-seq","ENSG00000087266.17",0.216764898541387,0.133480355487817,0.300049441594956,1.48589652855221e-05,"ADUResist","post_3.5_4_hr","transcript-rna-seq",-0.175230214542095,-0.272389816424701,-0.0780706126594898,0.00912182700687022,"6452","SH3BP2","ENSG00000087266",NA,NA,NA,NA
"blood","transcript-rna-seq","ENSG00000168010.11",0.420196247400209,0.258719532341033,0.581672962459386,1.48807279858114e-05,"ADUResist","post_3.5_4_hr","transcript-rna-seq",-0.304402100659955,-0.481697503960172,-0.127106697359737,0.0139756236986653,"89849","ATG16L2","ENSG00000168010",NA,NA,NA,NA
"blood","transcript-rna-seq","ENSG00000167536.14",0.587812152796132,0.361891188510075,0.813733117082189,1.491782065156e-05,"ADUResist","post_3.5_4_hr","transcript-rna-seq",-0.561275529664935,-0.810174030594158,-0.312377028735712,0.00120473217821495,"147015","DHRS13","ENSG00000167536",NA,NA,NA,NA
"blood","transcript-rna-seq","ENSG00000081913.14",0.516859082489622,0.318164964913513,0.715553200065732,1.49337613070566e-05,"ADUResist","post_3.5_4_hr","transcript-rna-seq",-0.394408192762806,-0.617618451788648,-0.171197933736964,0.0109005795395611,"23239","PHLPP1","ENSG00000081913",NA,NA,NA,NA
"blood","transcript-rna-seq","ENSG00000086730.17",0.36274343474255,0.223267470919441,0.50221939856566,1.50433063213048e-05,"ADUResist","post_3.5_4_hr","transcript-rna-seq",-0.356238181091788,-0.514595194995322,-0.197881167188254,0.00121823745561102,"7462","LAT2","ENSG00000086730",NA,NA,NA,NA
"blood","transcript-rna-seq","ENSG00000162704.16",0.346140034726075,0.212948023876077,0.479332045576072,1.5270894276749e-05,"ADUResist","post_3.5_4_hr","transcript-rna-seq",-0.322394876122369,-0.468676922532359,-0.176112829712378,0.00146053123103239,"10092","ARPC5","ENSG00000162704",NA,NA,NA,NA
"blood","transcript-rna-seq","ENSG00000100439.11",0.359758531645726,0.221293848187642,0.498223215103809,1.53100509225443e-05,"ADUResist","post_3.5_4_hr","transcript-rna-seq",-0.304769443948474,-0.462237385707372,-0.147301502189575,0.00485588476777087,"63874","ABHD4","ENSG00000100439",NA,NA,NA,NA
"blood","transcript-rna-seq","ENSG00000084234.18",0.288798140065012,0.177427656088494,0.40016862404153,1.6109104253164e-05,"ADUResist","post_3.5_4_hr","transcript-rna-seq",-0.200618305946559,-0.331460868014567,-0.0697757438785508,0.0334824960963934,"334","APLP2","ENSG00000084234",NA,NA,NA,NA
"blood","transcript-rna-seq","ENSG00000164032.12",0.267977663149673,0.164594262592444,0.371361063706903,1.62242899613184e-05,"ADUResist","post_3.5_4_hr","transcript-rna-seq",-0.210763056330428,-0.330668599848357,-0.0908575128124999,0.0114938418397714,"3015","H2AZ1","ENSG00000164032",NA,NA,NA,NA
"blood","transcript-rna-seq","ENSG00000109046.15",0.35201642489311,0.216193004496347,0.487839845289873,1.6251996341078e-05,"ADUResist","post_3.5_4_hr","transcript-rna-seq",-0.226297996355272,-0.37550419767451,-0.0770917950360335,0.0361833710260853,"26118","WSB1","ENSG00000109046",NA,NA,NA,NA
"blood","transcript-rna-seq","ENSG00000066336.12",0.367766860347684,0.225767213103866,0.509766507591503,1.65141876317528e-05,"ADUResist","post_3.5_4_hr","transcript-rna-seq",-0.289627979895043,-0.449918996538001,-0.129336963252085,0.00898479507798211,"6688","SPI1","ENSG00000066336",NA,NA,NA,NA
"blood","transcript-rna-seq","ENSG00000184014.9",0.331557835695589,0.203482797653912,0.459632873737266,1.66757628361157e-05,"ADUResist","post_3.5_4_hr","transcript-rna-seq",-0.223977000499811,-0.370678366195232,-0.077275634804391,0.034596839550744,"23258","DENND5A","ENSG00000184014",NA,NA,NA,NA
"blood","transcript-rna-seq","ENSG00000171051.9",0.464151633717986,0.284785971313147,0.643517296122825,1.6798839893392e-05,"ADUResist","post_3.5_4_hr","transcript-rna-seq",-0.414934346111894,-0.619860574953812,-0.210008117269975,0.00317188199825008,"2357","FPR1","ENSG00000171051",NA,NA,NA,NA
"blood","transcript-rna-seq","ENSG00000160746.13",0.509552131914906,0.312453940709726,0.706650323120086,1.70298471264662e-05,"ADUResist","post_3.5_4_hr","transcript-rna-seq",-0.321179310101485,-0.526549606967691,-0.115809013235279,0.0289580430728986,"55129","ANO10","ENSG00000160746",NA,NA,NA,NA
"blood","transcript-rna-seq","ENSG00000140995.17",0.382261251917583,0.234274002917779,0.530248500917387,1.74499885405405e-05,"ADUResist","post_3.5_4_hr","transcript-rna-seq",-0.332033565592459,-0.500578149522204,-0.163488981662714,0.00405696062075296,"54849","DEF8","ENSG00000140995",NA,NA,NA,NA
"blood","transcript-rna-seq","ENSG00000120709.11",0.413281832846224,0.253254892133153,0.573308773559296,1.75134060827595e-05,"ADUResist","post_3.5_4_hr","transcript-rna-seq",-0.343433072929037,-0.527304282776124,-0.159561863081951,0.00657571496959693,"51307","FAM53C","ENSG00000120709",NA,NA,NA,NA
"blood","transcript-rna-seq","ENSG00000220267.1",0.866411674710677,0.530980689602769,1.20184265981859,1.75134060827595e-05,"ADUResist","post_3.5_4_hr","transcript-rna-seq",-0.75883537699232,-1.15203008473869,-0.365640669245951,0.0049473143557872,NA,"ACTBP8","ENSG00000220267",NA,NA,NA,NA
"blood","transcript-rna-seq","ENSG00000065882.17",0.331365344141366,0.202872371279612,0.45985831700312,1.80518039742328e-05,"ADUResist","post_3.5_4_hr","transcript-rna-seq",-0.301374212942211,-0.447441562072689,-0.155306863811734,0.00269400987179073,"23216","TBC1D1","ENSG00000065882",NA,NA,NA,NA
"blood","transcript-rna-seq","ENSG00000130150.12",0.476435318931963,0.291630860918616,0.66123977694531,1.81625105771892e-05,"ADUResist","post_3.5_4_hr","transcript-rna-seq",-0.3911674553101,-0.59157837248306,-0.19075653813714,0.00445291284929189,"158747","MOSPD2","ENSG00000130150",NA,NA,NA,NA
"blood","transcript-rna-seq","ENSG00000140443.15",0.469114091236081,0.287107800175416,0.651120382296747,1.82762979245242e-05,"ADUResist","post_3.5_4_hr","transcript-rna-seq",-0.417273653066595,-0.619888356611995,-0.214658949521196,0.00273787892290255,"3480","IGF1R","ENSG00000140443",NA,NA,NA,NA
"blood","transcript-rna-seq","ENSG00000213347.11",0.431400703950803,0.264012989125528,0.598788418776079,1.82762979245242e-05,"ADUResist","post_3.5_4_hr","transcript-rna-seq",-0.305747789549092,-0.490270466679183,-0.121225112419001,0.0183389182266376,"83463","MXD3","ENSG00000213347",NA,NA,NA,NA
"blood","transcript-rna-seq","ENSG00000176095.12",0.287335896342783,0.175789552070254,0.398882240615312,1.84393891098091e-05,"ADUResist","post_3.5_4_hr","transcript-rna-seq",-0.273177542603886,-0.400335355078034,-0.146019730129738,0.00182356939394206,"9807","IP6K1","ENSG00000176095",NA,NA,NA,NA
"blood","transcript-rna-seq","ENSG00000077454.17",0.278524224367185,0.170373930876835,0.386674517857536,1.85312094222197e-05,"ADUResist","post_3.5_4_hr","transcript-rna-seq",-0.245962311756504,-0.366860977447494,-0.125063646065514,0.0030467754213493,"4034","LRCH4","ENSG00000077454",NA,NA,NA,NA
"blood","transcript-rna-seq","ENSG00000110713.17",0.303290473288525,0.185477169612251,0.421103776964799,1.86185541420812e-05,"ADUResist","post_3.5_4_hr","transcript-rna-seq",-0.229001512653912,-0.363793945536331,-0.0942090797714916,0.0150987202921785,"4928","NUP98","ENSG00000110713",NA,NA,NA,NA
"blood","transcript-rna-seq","ENSG00000185033.15",0.343398320622323,0.210005031116769,0.476791610127877,1.86185541420812e-05,"ADUResist","post_3.5_4_hr","transcript-rna-seq",-0.265511520937713,-0.420940885620052,-0.110082156255375,0.0145857694147536,"10509","SEMA4B","ENSG00000185033",NA,NA,NA,NA
"blood","transcript-rna-seq","ENSG00000263528.8",-0.332557696492204,-0.461749808499928,-0.20336558448448,1.86185541420812e-05,"ADUResist","post_3.5_4_hr","transcript-rna-seq",0.271989298303616,0.120498549162449,0.423480047444783,0.00949334981359889,"9641","IKBKE","ENSG00000263528",NA,NA,NA,NA
"blood","transcript-rna-seq","ENSG00000119048.8",0.396681526175946,0.242578269838747,0.550784782513146,1.86204081690844e-05,"ADUResist","post_3.5_4_hr","transcript-rna-seq",-0.340835065777192,-0.512252621683705,-0.169417509870679,0.00373653109582367,"7320","UBE2B","ENSG00000119048",NA,NA,NA,NA
"blood","transcript-rna-seq","ENSG00000166326.7",-0.264667664042966,-0.367579591659411,-0.16175573642652,1.8952569470012e-05,"ADUResist","post_3.5_4_hr","transcript-rna-seq",0.231077299010028,0.111264775530668,0.350889822489389,0.00496919570716315,"54765","TRIM44","ENSG00000166326",NA,NA,NA,NA
"blood","transcript-rna-seq","ENSG00000126262.5",0.387977788529723,0.237123038037407,0.538832539022038,1.89946202890894e-05,"ADUResist","post_3.5_4_hr","transcript-rna-seq",-0.262764884963776,-0.438911944532586,-0.0866178253949657,0.0406428941569149,"2867","FFAR2","ENSG00000126262",NA,NA,NA,NA
"blood","transcript-rna-seq","ENSG00000155926.14",0.427707547371766,0.261307777722916,0.594107317020615,1.91564718361767e-05,"ADUResist","post_3.5_4_hr","transcript-rna-seq",-0.368064215023328,-0.557748057745734,-0.178380372300921,0.00473194314701139,"6503","SLA","ENSG00000155926",NA,NA,NA,NA
"blood","transcript-rna-seq","ENSG00000047644.20",0.322442433853535,0.196978065200348,0.447906802506722,1.91887072991208e-05,"ADUResist","post_3.5_4_hr","transcript-rna-seq",-0.253486614758565,-0.397740632363925,-0.109232597153206,0.01152736293784,"55841","WWC3","ENSG00000047644",NA,NA,NA,NA
"blood","transcript-rna-seq","ENSG00000015285.11",0.350218916725549,0.213889797723123,0.486548035727975,1.93503310311669e-05,"ADUResist","post_3.5_4_hr","transcript-rna-seq",-0.280297435834324,-0.434769281554017,-0.125825590114631,0.0086167387512593,"7454","WAS","ENSG00000015285",NA,NA,NA,NA
"blood","transcript-rna-seq","ENSG00000151465.14",0.273628443278605,0.16710453937555,0.380152347181661,1.93888177033182e-05,"ADUResist","post_3.5_4_hr","transcript-rna-seq",-0.203973876882448,-0.325271679954167,-0.0826760738107288,0.0163719172131807,"8872","CDC123","ENSG00000151465",NA,NA,NA,NA
"blood","transcript-rna-seq","ENSG00000148926.10",0.448191561477206,0.273621633617265,0.622761489337146,1.96295366487289e-05,"ADUResist","post_3.5_4_hr","transcript-rna-seq",-0.350952474099607,-0.56061556340954,-0.141289384789674,0.0170420890012674,"133","ADM","ENSG00000148926",NA,NA,NA,NA
"blood","transcript-rna-seq","ENSG00000157557.13",0.363614976673018,0.221940637529352,0.505289315816684,1.97089589183695e-05,"ADUResist","post_3.5_4_hr","transcript-rna-seq",-0.310597639140497,-0.473374567942201,-0.147820710338794,0.00545310974541713,"2114","ETS2","ENSG00000157557",NA,NA,NA,NA
"blood","transcript-rna-seq","ENSG00000196209.13",0.42749514367132,0.260910354560045,0.594079932782594,1.97089589183695e-05,"ADUResist","post_3.5_4_hr","transcript-rna-seq",-0.380129510673992,-0.566460032481837,-0.193798988866147,0.00296269711869476,"284759","SIRPB2","ENSG00000196209",NA,NA,NA,NA
"blood","transcript-rna-seq","ENSG00000175538.11",0.418047058926355,0.255019140117176,0.581074977735534,1.99357406453117e-05,"ADUResist","post_3.5_4_hr","transcript-rna-seq",-0.327348537042755,-0.51078526743249,-0.14391180665302,0.0100014595777571,"10008","KCNE3","ENSG00000175538",NA,NA,NA,NA
"blood","transcript-rna-seq","ENSG00000122359.18",0.305868587483054,0.1865858295999,0.425151345366209,1.99357406453117e-05,"ADUResist","post_3.5_4_hr","transcript-rna-seq",-0.340285679996871,-0.473121658089839,-0.207449701903903,0.000319607531059352,"311","ANXA11","ENSG00000122359",NA,NA,NA,NA
"blood","transcript-rna-seq","ENSG00000135655.16",0.372311767859436,0.227088920628984,0.517534615089889,2.00111440484777e-05,"ADUResist","post_3.5_4_hr","transcript-rna-seq",-0.27431833727095,-0.435764347971329,-0.112872326570571,0.015097059815214,"9958","USP15","ENSG00000135655",NA,NA,NA,NA
"blood","transcript-rna-seq","ENSG00000114626.18",0.440497220936759,0.268615469877453,0.612378971996065,2.01538922988821e-05,"ADUResist","post_3.5_4_hr","transcript-rna-seq",-0.366383583138848,-0.561072386810188,-0.171694779467508,0.00613345647373654,"80325","ABTB1","ENSG00000114626",NA,NA,NA,NA
"blood","transcript-rna-seq","ENSG00000105397.14",0.276581400527297,0.168626940469011,0.384535860585583,2.02515617009257e-05,"ADUResist","post_3.5_4_hr","transcript-rna-seq",-0.242669233933158,-0.364519091140601,-0.120819376725716,0.00369399558686866,"7297","TYK2","ENSG00000105397",NA,NA,NA,NA
"blood","transcript-rna-seq","ENSG00000154358.23",-0.421307580546026,-0.58582078935963,-0.256794371732422,2.04784354411131e-05,"ADUResist","post_3.5_4_hr","transcript-rna-seq",0.361367990051898,0.175975039338097,0.546760940765698,0.00450286543237661,"84033","OBSCN","ENSG00000154358",NA,NA,NA,NA
"blood","transcript-rna-seq","ENSG00000198933.10",0.395405902387592,0.24096121288414,0.549850591891045,2.06343626543339e-05,"ADUResist","post_3.5_4_hr","transcript-rna-seq",-0.313256195093649,-0.491882731255978,-0.13462965893132,0.011716319226962,"9755","TBKBP1","ENSG00000198933",NA,NA,NA,NA
"blood","transcript-rna-seq","ENSG00000106348.18",0.380363514802424,0.231726890011634,0.529000139593214,2.08122533768536e-05,"ADUResist","post_3.5_4_hr","transcript-rna-seq",-0.328955710556095,-0.496251836006553,-0.161659585105636,0.00414975188100109,"3614","IMPDH1","ENSG00000106348",NA,NA,NA,NA
"blood","transcript-rna-seq","ENSG00000168216.13",0.422114433650755,0.257053529333922,0.587175337967588,2.09951764077347e-05,"ADUResist","post_3.5_4_hr","transcript-rna-seq",-0.272009082279737,-0.45507495058102,-0.0889432139784544,0.041561992464278,"55788","LMBRD1","ENSG00000168216",NA,NA,NA,NA
"blood","transcript-rna-seq","ENSG00000136867.11",0.514591467890442,0.313411907176867,0.715771028604018,2.09951764077347e-05,"ADUResist","post_3.5_4_hr","transcript-rna-seq",-0.566364997414895,-0.799183925231161,-0.333546069598628,0.000588085329630059,"1318","SLC31A2","ENSG00000136867",NA,NA,NA,NA
"blood","transcript-rna-seq","ENSG00000140941.14",0.29450356117773,0.179339724404363,0.409667397951096,2.10242174863425e-05,"ADUResist","post_3.5_4_hr","transcript-rna-seq",-0.253018395199973,-0.378832993405494,-0.127203796994452,0.00339010604987136,"81631","MAP1LC3B","ENSG00000140941",NA,NA,NA,NA
"blood","transcript-rna-seq","ENSG00000184602.6",0.353850332731794,0.215467371210762,0.492233294252825,2.10425050420618e-05,"ADUResist","post_3.5_4_hr","transcript-rna-seq",-0.378930673500651,-0.53505068987996,-0.222810657121343,0.000594364091920047,"8303","SNN","ENSG00000184602",NA,NA,NA,NA
"blood","transcript-rna-seq","ENSG00000157978.12",-0.292413549764642,-0.406793312361743,-0.178033787167541,2.11930154168813e-05,"ADUResist","post_3.5_4_hr","transcript-rna-seq",0.277640511913799,0.147494177221426,0.407786846606172,0.0019222591045555,"26119","LDLRAP1","ENSG00000157978",NA,NA,NA,NA
"blood","transcript-rna-seq","ENSG00000005893.16",0.436341154592144,0.265620403786683,0.607061905397605,2.12179534274118e-05,"ADUResist","post_3.5_4_hr","transcript-rna-seq",-0.289800267979044,-0.482534544988369,-0.0970659909697191,0.0384453548065363,"3920","LAMP2","ENSG00000005893",NA,NA,NA,NA
"blood","transcript-rna-seq","ENSG00000131378.14",-0.336563443974696,-0.468298220376558,-0.204828667572834,2.13484382775256e-05,"ADUResist","post_3.5_4_hr","transcript-rna-seq",0.299178479561622,0.150226155519322,0.448130803603922,0.00343148579634748,"23180","RFTN1","ENSG00000131378",NA,NA,NA,NA
"blood","transcript-rna-seq","ENSG00000141279.17",0.294279819440046,0.179100731810651,0.409458907069441,2.13484382775256e-05,"ADUResist","post_3.5_4_hr","transcript-rna-seq",-0.263016834036819,-0.392887444361723,-0.133146223711914,0.00317060683515083,"9520","NPEPPS","ENSG00000141279",NA,NA,NA,NA
"blood","transcript-rna-seq","ENSG00000154767.15",0.235720451953928,0.143426696562856,0.328014207345001,2.147841791739e-05,"ADUResist","post_3.5_4_hr","transcript-rna-seq",-0.155506170283958,-0.262579479027051,-0.0484328615408641,0.0480925520851034,"7508","XPC","ENSG00000154767",NA,NA,NA,NA
"blood","transcript-rna-seq","ENSG00000163191.6",0.464629882152199,0.282698651274612,0.646561113029785,2.15518788846416e-05,"ADUResist","post_3.5_4_hr","transcript-rna-seq",-0.424810778712933,-0.624589314765077,-0.225032242660789,0.0019758125283829,"6282","S100A11","ENSG00000163191",NA,NA,NA,NA
"blood","transcript-rna-seq","ENSG00000102144.15",0.23025014265732,0.140050919306168,0.320449366008473,2.17774655202527e-05,"ADUResist","post_3.5_4_hr","transcript-rna-seq",-0.202702493332021,-0.308096865112415,-0.0973081215516269,0.00506467811965495,"5230","PGK1","ENSG00000102144",NA,NA,NA,NA
"blood","transcript-rna-seq","ENSG00000265666.1",0.49737633339568,0.302416514264273,0.692336152527087,2.2042722802645e-05,"ADUResist","post_3.5_4_hr","transcript-rna-seq",-0.439649881041946,-0.655164840324656,-0.224134921759237,0.00296269711869476,"101929693","RARA-AS1","ENSG00000265666",NA,NA,NA,NA
"blood","transcript-rna-seq","ENSG00000111348.9",0.265400684404012,0.161335543564328,0.369465825243697,2.2143173056092e-05,"ADUResist","post_3.5_4_hr","transcript-rna-seq",-0.228043470926837,-0.345346129529143,-0.11074081232453,0.00464829826177418,"397","ARHGDIB","ENSG00000111348",NA,NA,NA,NA
"blood","transcript-rna-seq","ENSG00000089639.11",0.322049469998372,0.195623642396856,0.448475297599889,2.27353575444557e-05,"ADUResist","post_3.5_4_hr","transcript-rna-seq",-0.319835588590289,-0.462549218928314,-0.177121958252263,0.00127315924580871,"51291","GMIP","ENSG00000089639",NA,NA,NA,NA
"blood","transcript-rna-seq","ENSG00000141526.18",0.395863378782902,0.240373389759438,0.551353367806367,2.29899850030594e-05,"ADUResist","post_3.5_4_hr","transcript-rna-seq",-0.41789221063383,-0.596631291486192,-0.239153129781469,0.000902112256606226,"9123","SLC16A3","ENSG00000141526",NA,NA,NA,NA
"blood","transcript-rna-seq","ENSG00000138069.18",0.308927848564725,0.187548637855197,0.430307059274253,2.30637345423304e-05,"ADUResist","post_3.5_4_hr","transcript-rna-seq",-0.256806617945925,-0.392266647372743,-0.121346588519107,0.00574692978887707,"5861","RAB1A","ENSG00000138069",NA,NA,NA,NA
"blood","transcript-rna-seq","ENSG00000159339.13",0.759198593958699,0.460804341051737,1.05759284686566,2.3279462235979e-05,"ADUResist","post_3.5_4_hr","transcript-rna-seq",-0.655900904972471,-0.979042079149017,-0.332759730795925,0.00310191123685032,"23569","PADI4","ENSG00000159339",NA,NA,NA,NA
"blood","transcript-rna-seq","ENSG00000213626.13",-0.309467220951432,-0.431158604115588,-0.187775837787276,2.35086718587686e-05,"ADUResist","post_3.5_4_hr","transcript-rna-seq",0.377196482710344,0.236698860027871,0.517694105392818,0.000164487983882867,"81606","LBH","ENSG00000213626",NA,NA,NA,NA
"blood","transcript-rna-seq","ENSG00000108799.13",0.22363918662723,0.13568168975397,0.311596683500491,2.35086718587686e-05,"ADUResist","post_3.5_4_hr","transcript-rna-seq",-0.214842160853274,-0.313796307667371,-0.115888014039177,0.00166965662640452,"2145","EZH1","ENSG00000108799",NA,NA,NA,NA
"blood","transcript-rna-seq","ENSG00000226777.8",-0.41530476728099,-0.578721141097697,-0.251888393464282,2.3882947134885e-05,"ADUResist","post_3.5_4_hr","transcript-rna-seq",0.31568413172172,0.108666137824494,0.522702125618946,0.0348263879460505,"9834","FAM30A","ENSG00000226777",NA,NA,NA,NA
"blood","transcript-rna-seq","ENSG00000122783.17",0.345957386766321,0.209809838035009,0.482104935497632,2.38926583456289e-05,"ADUResist","post_3.5_4_hr","transcript-rna-seq",-0.251344949368013,-0.410645191974934,-0.0920447067610926,0.027134302230822,"78996","CYREN","ENSG00000122783",NA,NA,NA,NA
"blood","transcript-rna-seq","ENSG00000115165.10",0.263408698359053,0.159709127116752,0.367108269601355,2.40171449661028e-05,"ADUResist","post_3.5_4_hr","transcript-rna-seq",-0.215809222198447,-0.332279626840802,-0.0993388175560927,0.00708445811610541,"9595","CYTIP","ENSG00000115165",NA,NA,NA,NA
"blood","transcript-rna-seq","ENSG00000070731.11",0.44844374251843,0.271918495345335,0.624968989691525,2.40171449661028e-05,"ADUResist","post_3.5_4_hr","transcript-rna-seq",-0.38239093688141,-0.585449041458397,-0.179332832304423,0.0060912928610555,"10610","ST6GALNAC2","ENSG00000070731",NA,NA,NA,NA
"blood","transcript-rna-seq","ENSG00000105851.11",0.35540724521728,0.215455754184187,0.495358736250372,2.40315656877697e-05,"ADUResist","post_3.5_4_hr","transcript-rna-seq",-0.236173901899031,-0.390818330326395,-0.0815294734716665,0.0345213215031339,"5294","PIK3CG","ENSG00000105851",NA,NA,NA,NA
"blood","transcript-rna-seq","ENSG00000198373.13",0.272565345385955,0.1652013856124,0.37992930515951,2.42191205093499e-05,"ADUResist","post_3.5_4_hr","transcript-rna-seq",-0.235511177814332,-0.355713052941885,-0.115309302686779,0.00428417871764109,"11060","WWP2","ENSG00000198373",NA,NA,NA,NA
"blood","transcript-rna-seq","ENSG00000267519.6",0.427701566539447,0.259061165014118,0.596341968064776,2.48507632737341e-05,"ADUResist","post_3.5_4_hr","transcript-rna-seq",-0.394416882166406,-0.579947250497279,-0.208886513835534,0.0019758125283829,NA,"MIR23AHG","ENSG00000267519",NA,NA,NA,NA
"blood","transcript-rna-seq","ENSG00000129657.16",0.34180735792175,0.207018754555537,0.476595961287964,2.48593839191775e-05,"ADUResist","post_3.5_4_hr","transcript-rna-seq",-0.229733745830174,-0.386442487706292,-0.0730250039540564,0.0452089743994835,"6397","SEC14L1","ENSG00000129657",NA,NA,NA,NA
"blood","transcript-rna-seq","ENSG00000187446.12",0.29361039769466,0.177744789460937,0.409476005928383,2.5197661783894e-05,"ADUResist","post_3.5_4_hr","transcript-rna-seq",-0.280027326722805,-0.411341162847904,-0.148713490597706,0.0019222591045555,"11261","CHP1","ENSG00000187446",NA,NA,NA,NA
"blood","transcript-rna-seq","ENSG00000108405.4",0.418376174282843,0.253287262999088,0.583465085566597,2.52235637308575e-05,"ADUResist","post_3.5_4_hr","transcript-rna-seq",-0.330636404193356,-0.511320490509851,-0.149952317876861,0.0079927261647756,"5023","P2RX1","ENSG00000108405",NA,NA,NA,NA
"blood","transcript-rna-seq","ENSG00000123329.20",0.360826179452152,0.218317458965105,0.503334899939199,2.57132689326056e-05,"ADUResist","post_3.5_4_hr","transcript-rna-seq",-0.31520445318311,-0.477946548842125,-0.152462357524095,0.00482014255090845,"64333","ARHGAP9","ENSG00000123329",NA,NA,NA,NA
"blood","transcript-rna-seq","ENSG00000197771.13",0.306456944350766,0.185323059756738,0.427590828944795,2.6141072517246e-05,"ADUResist","post_3.5_4_hr","transcript-rna-seq",-0.255582206742292,-0.390221659662165,-0.120942753822419,0.00569527281244959,"79892","MCMBP","ENSG00000197771",NA,NA,NA,NA
"blood","transcript-rna-seq","ENSG00000035862.12",0.382785156029421,0.231437211843114,0.534133100215727,2.63051435094559e-05,"ADUResist","post_3.5_4_hr","transcript-rna-seq",-0.323290865998274,-0.493533449126751,-0.153048282869797,0.00567989459411949,"7077","TIMP2","ENSG00000035862",NA,NA,NA,NA
"blood","transcript-rna-seq","ENSG00000163412.13",0.365263021465946,0.220727128487464,0.509798914444428,2.68284799047392e-05,"ADUResist","post_3.5_4_hr","transcript-rna-seq",-0.314168936436164,-0.47427979101673,-0.154058081855598,0.00422222450429884,"317649","EIF4E3","ENSG00000163412",NA,NA,NA,NA
"blood","transcript-rna-seq","ENSG00000079805.19",0.235713690662195,0.142366235491879,0.32906114583251,2.72227448277173e-05,"ADUResist","post_3.5_4_hr","transcript-rna-seq",-0.278227591086852,-0.384005590311865,-0.172449591861838,0.00021841478816073,"1785","DNM2","ENSG00000079805",NA,NA,NA,NA
"blood","transcript-rna-seq","ENSG00000119471.15",0.428093498469893,0.258389628706235,0.59779736823355,2.79154239217757e-05,"ADUResist","post_3.5_4_hr","transcript-rna-seq",-0.358079612544074,-0.547108678830972,-0.169050546257176,0.00579394433285528,"84263","HSDL2","ENSG00000119471",NA,NA,NA,NA
"blood","transcript-rna-seq","ENSG00000166130.15",0.472389788488817,0.284943618861064,0.65983595811657,2.84708616368434e-05,"ADUResist","post_3.5_4_hr","transcript-rna-seq",-0.318482797154961,-0.533017343063089,-0.103948251246833,0.0418316520383568,"121457","IKBIP","ENSG00000166130",NA,NA,NA,NA
"blood","transcript-rna-seq","ENSG00000261596.2",0.70760484508904,0.426604564545733,0.988605125632346,2.87923151915479e-05,"ADUResist","post_3.5_4_hr","transcript-rna-seq",-0.473700031301877,-0.774259649950383,-0.173140412653371,0.0273440009618446,NA,NA,"ENSG00000261596",NA,NA,NA,NA
"blood","transcript-rna-seq","ENSG00000158710.15",0.300431611000342,0.181080205915047,0.419783016085636,2.9047537662285e-05,"ADUResist","post_3.5_4_hr","transcript-rna-seq",-0.221287633164268,-0.358528523797383,-0.0840467425311529,0.0227058202223935,"8407","TAGLN2","ENSG00000158710",NA,NA,NA,NA
"blood","transcript-rna-seq","ENSG00000116209.12",0.272561651541954,0.164242752946866,0.380880550137043,2.91381631024636e-05,"ADUResist","post_3.5_4_hr","transcript-rna-seq",-0.217828854242577,-0.339892650367715,-0.095765058117439,0.0100014595777571,"9528","TMEM59","ENSG00000116209",NA,NA,NA,NA
"blood","transcript-rna-seq","ENSG00000078369.18",0.203917429704775,0.122875832918939,0.284959026490612,2.91456389758288e-05,"ADUResist","post_3.5_4_hr","transcript-rna-seq",-0.194674299023827,-0.28987812448687,-0.0994704735607845,0.00291602435067979,"2782","GNB1","ENSG00000078369",NA,NA,NA,NA
"blood","transcript-rna-seq","ENSG00000162511.8",0.25109914898254,0.15127409387187,0.35092420409321,2.93984813122936e-05,"ADUResist","post_3.5_4_hr","transcript-rna-seq",-0.19957161610056,-0.314393273881076,-0.0847499583200431,0.0126486502318848,"7805","LAPTM5","ENSG00000162511",NA,NA,NA,NA
"blood","transcript-rna-seq","ENSG00000103194.16",0.43906760785904,0.264379807130349,0.613755408587731,2.99245378098982e-05,"ADUResist","post_3.5_4_hr","transcript-rna-seq",-0.382725612070159,-0.573101349206311,-0.192349874934006,0.00340629025753037,"9100","USP10","ENSG00000103194",NA,NA,NA,NA
"blood","transcript-rna-seq","ENSG00000143622.11",0.353257094612117,0.21260134557162,0.493912843652613,3.03268614600497e-05,"ADUResist","post_3.5_4_hr","transcript-rna-seq",-0.264108371052461,-0.419884138118352,-0.10833260398657,0.0153505119538405,"6016","RIT1","ENSG00000143622",NA,NA,NA,NA
"blood","transcript-rna-seq","ENSG00000166825.15",0.48123615476503,0.289527018505288,0.672945291024772,3.07761611004946e-05,"ADUResist","post_3.5_4_hr","transcript-rna-seq",-0.321158673812306,-0.538330236173269,-0.103987111451343,0.0428221297875071,"290","ANPEP","ENSG00000166825",NA,NA,NA,NA
"blood","transcript-rna-seq","ENSG00000188554.15",0.244891861834837,0.147307786592283,0.342475937077392,3.07942945993878e-05,"ADUResist","post_3.5_4_hr","transcript-rna-seq",-0.214340474982051,-0.32565292494111,-0.103028025022992,0.00501983841359051,"4077","NBR1","ENSG00000188554",NA,NA,NA,NA
"blood","transcript-rna-seq","ENSG00000138613.14",0.415547498702824,0.249896537317438,0.58119846008821,3.08875243966151e-05,"ADUResist","post_3.5_4_hr","transcript-rna-seq",-0.349058210141159,-0.526217900074062,-0.171898520208256,0.00405051145711394,"83464","APH1B","ENSG00000138613",NA,NA,NA,NA
"blood","transcript-rna-seq","ENSG00000253981.6",0.657697737335678,0.395588338557979,0.919807136113378,3.08875243966151e-05,"ADUResist","post_3.5_4_hr","transcript-rna-seq",-0.520274612926427,-0.803960105715952,-0.236589120136902,0.0078201235953577,NA,"ALG1L13P","ENSG00000253981",NA,NA,NA,NA
"blood","transcript-rna-seq","ENSG00000177663.14",0.383860241604316,0.230746711644024,0.536973771564607,3.1465716589724e-05,"ADUResist","post_3.5_4_hr","transcript-rna-seq",-0.368670283427248,-0.541144558889881,-0.196196007964614,0.00190352262182242,"23765","IL17RA","ENSG00000177663",NA,NA,NA,NA
"blood","transcript-rna-seq","ENSG00000186854.11",-0.395608010954657,-0.553452813677187,-0.237763208232127,3.16503466182233e-05,"ADUResist","post_3.5_4_hr","transcript-rna-seq",0.420027618369507,0.224981777928369,0.615073458810645,0.00180415454022081,"129293","TRABD2A","ENSG00000186854",NA,NA,NA,NA
"blood","transcript-rna-seq","ENSG00000163563.8",0.413344255210209,0.24839131554233,0.578297194878088,3.169743035731e-05,"ADUResist","post_3.5_4_hr","transcript-rna-seq",-0.332931837295106,-0.517712141971625,-0.148151532618588,0.00921993752171546,"4332","MNDA","ENSG00000163563",NA,NA,NA,NA
"blood","transcript-rna-seq","ENSG00000166548.17",0.317525123255755,0.190806403400548,0.444243843110961,3.169743035731e-05,"ADUResist","post_3.5_4_hr","transcript-rna-seq",-0.252705730664804,-0.392288613038724,-0.113122848290884,0.00882875371240591,"7084","TK2","ENSG00000166548",NA,NA,NA,NA
"blood","transcript-rna-seq","ENSG00000185201.18",0.452587678181111,0.271938154023228,0.633237202338993,3.17944851693924e-05,"ADUResist","post_3.5_4_hr","transcript-rna-seq",-0.428324647136781,-0.63030602781231,-0.226343266461253,0.00201899505562625,"10581","IFITM2","ENSG00000185201",NA,NA,NA,NA
"blood","transcript-rna-seq","ENSG00000182782.8",0.428644381033149,0.257524626322509,0.59976413574379,3.18424053797172e-05,"ADUResist","post_3.5_4_hr","transcript-rna-seq",-0.305314761553772,-0.498820996015037,-0.111808527092508,0.027134302230822,"338442","HCAR2","ENSG00000182782",NA,NA,NA,NA
"blood","transcript-rna-seq","ENSG00000116017.11",0.401409069576395,0.241135610592859,0.561682528559932,3.18424053797172e-05,"ADUResist","post_3.5_4_hr","transcript-rna-seq",-0.449228556758897,-0.624444301082733,-0.27401281243506,0.000319607531059352,"1820","ARID3A","ENSG00000116017",NA,NA,NA,NA
"blood","transcript-rna-seq","ENSG00000084112.15",0.327642006976951,0.196661658539225,0.458622355414678,3.26510645128443e-05,"ADUResist","post_3.5_4_hr","transcript-rna-seq",-0.212211420590736,-0.3580543941064,-0.0663684470750729,0.0476673797835577,"54434","SSH1","ENSG00000084112",NA,NA,NA,NA
"blood","transcript-rna-seq","ENSG00000134686.20",0.538759708056336,0.323402506901389,0.754116909211283,3.26510645128443e-05,"ADUResist","post_3.5_4_hr","transcript-rna-seq",-0.535164190192376,-0.777369152776131,-0.29295922760862,0.00142003937861007,"1912","PHC2","ENSG00000134686",NA,NA,NA,NA
"blood","transcript-rna-seq","ENSG00000124588.22",0.464607772077792,0.278666963297008,0.650548580858576,3.36258557594668e-05,"ADUResist","post_3.5_4_hr","transcript-rna-seq",-0.430330763800086,-0.641955627011633,-0.218705900588539,0.00306266899650566,"4835","NQO2","ENSG00000124588",NA,NA,NA,NA
"blood","transcript-rna-seq","ENSG00000173744.18",0.409036675716051,0.245208379735177,0.572864971696924,3.38925797677524e-05,"ADUResist","post_3.5_4_hr","transcript-rna-seq",-0.411471395255895,-0.586378147193583,-0.236564643318208,0.000844908177660073,"3267","AGFG1","ENSG00000173744",NA,NA,NA,NA
"blood","transcript-rna-seq","ENSG00000125637.16",0.249477171388595,0.149532684592338,0.349421658184851,3.42587837569169e-05,"ADUResist","post_3.5_4_hr","transcript-rna-seq",-0.214430713719093,-0.32949749546484,-0.0993639319733461,0.00671079833106289,"23550","PSD4","ENSG00000125637",NA,NA,NA,NA
"blood","transcript-rna-seq","ENSG00000128011.5",0.355374410102056,0.21297311651913,0.497775703684981,3.44037155516482e-05,"ADUResist","post_3.5_4_hr","transcript-rna-seq",-0.300442294437803,-0.4648214897257,-0.136063099149906,0.00805565870526641,"57622","LRFN1","ENSG00000128011",NA,NA,NA,NA
"blood","transcript-rna-seq","ENSG00000205352.11",0.331159524108086,0.198409342618776,0.463909705597396,3.45808284353345e-05,"ADUResist","post_3.5_4_hr","transcript-rna-seq",-0.322041890886144,-0.470035351049166,-0.174048430723122,0.00163872060102465,"54458","PRR13","ENSG00000205352",NA,NA,NA,NA
"blood","transcript-rna-seq","ENSG00000151893.15",0.387965235565095,0.232426433394724,0.543504037735465,3.45808284353345e-05,"ADUResist","post_3.5_4_hr","transcript-rna-seq",-0.275927524865144,-0.445966134868922,-0.105888914861365,0.0216090102750062,"143384","CACUL1","ENSG00000151893",NA,NA,NA,NA
"blood","transcript-rna-seq","ENSG00000131797.13",-0.416188773792506,-0.583151186049638,-0.249226361535373,3.52168121737236e-05,"ADUResist","post_3.5_4_hr","transcript-rna-seq",0.343603471474726,0.153763714948745,0.533443228000707,0.00883636851258975,"100132341","CLUHP3","ENSG00000131797",NA,NA,NA,NA
"blood","transcript-rna-seq","ENSG00000096060.15",0.895525047474021,0.535871431898807,1.25517866304924,3.57846869921134e-05,"ADUResist","post_3.5_4_hr","transcript-rna-seq",-0.797023688174142,-1.17778147823469,-0.41626589811359,0.00233337776781967,"2289","FKBP5","ENSG00000096060",NA,NA,NA,NA
"blood","transcript-rna-seq","ENSG00000173110.8",0.408369704148566,0.244339454937994,0.572399953359137,3.60766000334692e-05,"ADUResist","post_3.5_4_hr","transcript-rna-seq",-0.338971588433266,-0.527925861460559,-0.150017315405972,0.00954502906317115,"3310","HSPA6","ENSG00000173110",NA,NA,NA,NA
"blood","transcript-rna-seq","ENSG00000139641.13",-0.279769816340307,-0.392217460992155,-0.167322171688459,3.65467705751727e-05,"ADUResist","post_3.5_4_hr","transcript-rna-seq",0.287961447246085,0.160477630853415,0.415445263638755,0.0011883780961565,"23344","ESYT1","ENSG00000139641",NA,NA,NA,NA
"blood","transcript-rna-seq","ENSG00000177731.16",0.234868112936491,0.140425902019951,0.329310323853031,3.67296012700381e-05,"ADUResist","post_3.5_4_hr","transcript-rna-seq",-0.221444178124967,-0.331028673848441,-0.111859682401494,0.00323382361371521,"2314","FLII","ENSG00000177731",NA,NA,NA,NA
"blood","transcript-rna-seq","ENSG00000215114.10",0.467065505978975,0.279258302184269,0.654872709773681,3.67296012700381e-05,"ADUResist","post_3.5_4_hr","transcript-rna-seq",-0.359464365461163,-0.567944690311282,-0.150984040611043,0.013520166110308,"137886","UBXN2B","ENSG00000215114",NA,NA,NA,NA
"blood","transcript-rna-seq","ENSG00000137642.13",0.434118767692786,0.25955891476442,0.608678620621151,3.67296012700381e-05,"ADUResist","post_3.5_4_hr","transcript-rna-seq",-0.324943697604207,-0.522074299971762,-0.127813095236651,0.0190841221104941,"6653","SORL1","ENSG00000137642",NA,NA,NA,NA
"blood","transcript-rna-seq","ENSG00000147010.18",0.248160384631716,0.148320990280108,0.347999778983325,3.70832689607001e-05,"ADUResist","post_3.5_4_hr","transcript-rna-seq",-0.195587666809742,-0.31028607037007,-0.0808892632494145,0.014756301709921,"30011","SH3KBP1","ENSG00000147010",NA,NA,NA,NA
"blood","transcript-rna-seq","ENSG00000180353.11",0.323626260814775,0.193422977922242,0.453829543707308,3.70832689607001e-05,"ADUResist","post_3.5_4_hr","transcript-rna-seq",-0.316546177156479,-0.46510651527349,-0.167985839039467,0.00193147740337827,"3059","HCLS1","ENSG00000180353",NA,NA,NA,NA
"blood","transcript-rna-seq","ENSG00000064999.15",0.39116214394062,0.233636355309573,0.548687932571667,3.77184484813992e-05,"ADUResist","post_3.5_4_hr","transcript-rna-seq",-0.279737648376829,-0.454489300784574,-0.104985995969083,0.0241234179232474,"23294","ANKS1A","ENSG00000064999",NA,NA,NA,NA
"blood","transcript-rna-seq","ENSG00000151883.19",0.333837780030738,0.19940888440336,0.468266675658116,3.77184484813992e-05,"ADUResist","post_3.5_4_hr","transcript-rna-seq",-0.275051616219349,-0.42270938679203,-0.127393845646668,0.00672920531381433,"79668","PARP8","ENSG00000151883",NA,NA,NA,NA
"blood","transcript-rna-seq","ENSG00000035681.9",0.27407208220975,0.163639748787328,0.384504415632173,3.82750741641105e-05,"ADUResist","post_3.5_4_hr","transcript-rna-seq",-0.180846399162033,-0.302016326647739,-0.0596764716763272,0.0405008336317682,"8439","NSMAF","ENSG00000035681",NA,NA,NA,NA
"blood","transcript-rna-seq","ENSG00000167286.10",-0.418227294033152,-0.586895902897584,-0.24955868516872,3.90507092790799e-05,"ADUResist","post_3.5_4_hr","transcript-rna-seq",0.294139557738085,0.0944065986956177,0.493872516780551,0.0440271894281377,"915","CD3D","ENSG00000167286",NA,NA,NA,NA
"blood","transcript-rna-seq","ENSG00000051620.11",0.354453953546297,0.211445873892302,0.497462033200293,3.94506071923245e-05,"ADUResist","post_3.5_4_hr","transcript-rna-seq",-0.348199521421132,-0.508743818288405,-0.187655224553859,0.00168531288549024,"23593","HEBP2","ENSG00000051620",NA,NA,NA,NA
"blood","transcript-rna-seq","ENSG00000250575.1",0.471730905033052,0.281368083960389,0.662093726105715,3.96181132896497e-05,"ADUResist","post_3.5_4_hr","transcript-rna-seq",-0.312748927681913,-0.518442123601587,-0.107055731762238,0.0356122538309324,NA,NA,"ENSG00000250575",NA,NA,NA,NA
"blood","transcript-rna-seq","ENSG00000003756.17",0.18690218985615,0.111437179645221,0.26236720006708,3.9819702308864e-05,"ADUResist","post_3.5_4_hr","transcript-rna-seq",-0.137917856154099,-0.219650746765938,-0.0561849655422595,0.0158808201330255,"10181","RBM5","ENSG00000003756",NA,NA,NA,NA
"blood","transcript-rna-seq","ENSG00000139278.10",0.325422014245748,0.193972839200975,0.456871189290521,4.02921561630422e-05,"ADUResist","post_3.5_4_hr","transcript-rna-seq",-0.28665174230096,-0.431912648287556,-0.141390836314364,0.00400046559138018,"11010","GLIPR1","ENSG00000139278",NA,NA,NA,NA
"blood","transcript-rna-seq","ENSG00000070610.14",0.217240751294221,0.129393280673632,0.30508822191481,4.12481670466361e-05,"ADUResist","post_3.5_4_hr","transcript-rna-seq",-0.148401829728203,-0.247120054668301,-0.0496836047881057,0.0384802054948144,"57704","GBA2","ENSG00000070610",NA,NA,NA,NA
"blood","transcript-rna-seq","ENSG00000261371.6",0.24768627571768,0.147439543897002,0.347933007538357,4.21294686765055e-05,"ADUResist","post_3.5_4_hr","transcript-rna-seq",-0.18748031096616,-0.305651441556015,-0.069309180376305,0.0259478506773483,"5175","PECAM1","ENSG00000261371",NA,NA,NA,NA
"blood","transcript-rna-seq","ENSG00000167703.15",0.340517050957324,0.202515941174458,0.478518160740189,4.32543386542848e-05,"ADUResist","post_3.5_4_hr","transcript-rna-seq",-0.339022606544994,-0.499268087128466,-0.178777125961521,0.00206187591007649,"124935","SLC43A2","ENSG00000167703",NA,NA,NA,NA
"blood","transcript-rna-seq","ENSG00000123684.13",0.400064574968006,0.237787679073746,0.562341470862266,4.40173475056647e-05,"ADUResist","post_3.5_4_hr","transcript-rna-seq",-0.316380255520337,-0.498296538653463,-0.134463972387211,0.0125958424769087,"9926","LPGAT1","ENSG00000123684",NA,NA,NA,NA
"blood","transcript-rna-seq","ENSG00000120727.13",0.260493506910206,0.154815062145557,0.366171951674854,4.40293330966114e-05,"ADUResist","post_3.5_4_hr","transcript-rna-seq",-0.263744659912392,-0.381955773665971,-0.145533546158814,0.00132328064314154,"51247","PAIP2","ENSG00000120727",NA,NA,NA,NA
"blood","transcript-rna-seq","ENSG00000165119.21",0.208372671162689,0.123826989534707,0.292918352790671,4.41238754648673e-05,"ADUResist","post_3.5_4_hr","transcript-rna-seq",-0.183318993762972,-0.280132379123932,-0.0865056084020124,0.00581156350722226,"3190","HNRNPK","ENSG00000165119",NA,NA,NA,NA
"blood","transcript-rna-seq","ENSG00000101152.11",0.255907759274343,0.152080553979307,0.359734964569379,4.41283986409854e-05,"ADUResist","post_3.5_4_hr","transcript-rna-seq",-0.269457476119252,-0.387904995126268,-0.151009957112235,0.00112356299638894,"80331","DNAJC5","ENSG00000101152",NA,NA,NA,NA
"blood","transcript-rna-seq","ENSG00000204525.18",0.312188625123964,0.185422300388176,0.438954949859752,4.50415883705167e-05,"ADUResist","post_3.5_4_hr","transcript-rna-seq",-0.314886355324166,-0.460341643905375,-0.169431066742957,0.0017030166310847,"3107","HLA-C","ENSG00000204525",NA,NA,NA,NA
"blood","transcript-rna-seq","ENSG00000139505.12",0.504013920497536,0.299293390481508,0.708734450513565,4.50415883705167e-05,"ADUResist","post_3.5_4_hr","transcript-rna-seq",-0.33600964027275,-0.555261974016481,-0.11675730652902,0.0335803088218659,"9107","MTMR6","ENSG00000139505",NA,NA,NA,NA
"blood","transcript-rna-seq","ENSG00000150991.16",0.255627838847012,0.151800031733317,0.359455645960707,4.50868661404419e-05,"ADUResist","post_3.5_4_hr","transcript-rna-seq",-0.240309207624762,-0.35991003665735,-0.120708378592174,0.0034245407405502,"7316","UBC","ENSG00000150991",NA,NA,NA,NA
"blood","transcript-rna-seq","ENSG00000204389.10",0.408717648196189,0.242681211055079,0.5747540853373,4.52379761495064e-05,"ADUResist","post_3.5_4_hr","transcript-rna-seq",-0.498274974763572,-0.689256360585526,-0.307293588941618,0.000246222040407388,"3303","HSPA1A","ENSG00000204389",NA,NA,NA,NA
"blood","transcript-rna-seq","ENSG00000108588.15",0.336671016529111,0.199679521881788,0.473662511176435,4.65145025046467e-05,"ADUResist","post_3.5_4_hr","transcript-rna-seq",-0.218838278310819,-0.367507089555335,-0.0701694670663024,0.0440767065155377,"57003","CCDC47","ENSG00000108588",NA,NA,NA,NA
"blood","transcript-rna-seq","ENSG00000160710.18",0.298383870197059,0.177000717493345,0.419767022900772,4.66176020885399e-05,"ADUResist","post_3.5_4_hr","transcript-rna-seq",-0.245031240391157,-0.395175264235159,-0.0948872165471542,0.020691495740508,"103","ADAR","ENSG00000160710",NA,NA,NA,NA
"blood","transcript-rna-seq","ENSG00000088832.18",0.257876557018768,0.152947845780455,0.36280526825708,4.67103512099957e-05,"ADUResist","post_3.5_4_hr","transcript-rna-seq",-0.223004059087281,-0.341038066228482,-0.10497005194608,0.00591774987151288,"2280","FKBP1A","ENSG00000088832",NA,NA,NA,NA
"blood","transcript-rna-seq","ENSG00000198242.14",-0.280651459507068,-0.394890839113784,-0.166412079900351,4.69935675569434e-05,"ADUResist","post_3.5_4_hr","transcript-rna-seq",0.240255806000809,0.111356664324431,0.369154947677186,0.00670336761975886,"6147","RPL23A","ENSG00000198242",NA,NA,NA,NA
"blood","transcript-rna-seq","ENSG00000079739.17",0.4029990632683,0.238859185949449,0.567138940587152,4.74767206864105e-05,"ADUResist","post_3.5_4_hr","transcript-rna-seq",-0.406306936926725,-0.585104511785931,-0.227509362067519,0.00112457859207713,"5236","PGM1","ENSG00000079739",NA,NA,NA,NA
"blood","transcript-rna-seq","ENSG00000156639.12",0.282796803127883,0.167447179304269,0.398146426951496,4.89188179154953e-05,"ADUResist","post_3.5_4_hr","transcript-rna-seq",-0.229262668935222,-0.362697533750268,-0.0958278041201759,0.0138994162574302,"60685","ZFAND3","ENSG00000156639",NA,NA,NA,NA
"blood","transcript-rna-seq","ENSG00000186469.9",0.36021746924271,0.213278298080913,0.507156640404507,4.89188179154953e-05,"ADUResist","post_3.5_4_hr","transcript-rna-seq",-0.371200935315559,-0.535860480764761,-0.206541389866358,0.00120473217821495,"54331","GNG2","ENSG00000186469",NA,NA,NA,NA
"blood","transcript-rna-seq","ENSG00000174125.8",0.417501884863659,0.247164321779166,0.587839447948153,4.91313486528522e-05,"ADUResist","post_3.5_4_hr","transcript-rna-seq",-0.321376161839034,-0.510297992368709,-0.132454331309358,0.0149531723416278,"7096","TLR1","ENSG00000174125",NA,NA,NA,NA
"blood","transcript-rna-seq","ENSG00000168685.15",-0.440975383826761,-0.620967178719522,-0.260983588934,4.94805353591635e-05,"ADUResist","post_3.5_4_hr","transcript-rna-seq",0.389955618513768,0.197998321614519,0.581912915413016,0.00308106936514706,"3575","IL7R","ENSG00000168685",NA,NA,NA,NA
"blood","transcript-rna-seq","ENSG00000083444.17",0.381589658246765,0.225739918184768,0.537439398308761,5.01511840428812e-05,"ADUResist","post_3.5_4_hr","transcript-rna-seq",-0.396100212480099,-0.573732253528049,-0.218468171432149,0.00132413861535494,"5351","PLOD1","ENSG00000083444",NA,NA,NA,NA
"blood","transcript-rna-seq","ENSG00000077157.22",0.496162119093582,0.293297125954827,0.699027112232337,5.12754248798957e-05,"ADUResist","post_3.5_4_hr","transcript-rna-seq",-0.416969947574558,-0.644623446008365,-0.189316449140752,0.00791447511076481,"4660","PPP1R12B","ENSG00000077157",NA,NA,NA,NA
"blood","transcript-rna-seq","ENSG00000198189.11",0.363278687539678,0.214734913088972,0.511822461990384,5.12754248798957e-05,"ADUResist","post_3.5_4_hr","transcript-rna-seq",-0.312622300405516,-0.479104782413265,-0.146139818397766,0.00625593210159417,"51170","HSD17B11","ENSG00000198189",NA,NA,NA,NA
"blood","transcript-rna-seq","ENSG00000100034.14",0.278827468937838,0.16479692297856,0.392858014897115,5.15188553425608e-05,"ADUResist","post_3.5_4_hr","transcript-rna-seq",-0.202870218594212,-0.339153966794842,-0.0665864703935814,0.041213066654297,"9647","PPM1F","ENSG00000100034",NA,NA,NA,NA
"blood","transcript-rna-seq","ENSG00000237094.12",0.532947485040925,0.314954799063691,0.750940171018159,5.15516606075439e-05,"ADUResist","post_3.5_4_hr","transcript-rna-seq",-0.419072022697704,-0.658322896552539,-0.179821148842869,0.0118564322194097,NA,NA,"ENSG00000237094",NA,NA,NA,NA
"blood","transcript-rna-seq","ENSG00000169826.8",0.458456550443772,0.270837620620137,0.646075480267408,5.19042962653487e-05,"ADUResist","post_3.5_4_hr","transcript-rna-seq",-0.42417824455264,-0.622984094154089,-0.225372394951191,0.0019222591045555,"55454","CSGALNACT2","ENSG00000169826",NA,NA,NA,NA
"blood","transcript-rna-seq","ENSG00000214456.8",0.542918267397594,0.320694716941008,0.76514181785418,5.23253430199671e-05,"ADUResist","post_3.5_4_hr","transcript-rna-seq",-0.505743933756452,-0.746563304460143,-0.264924563052762,0.00227672110870007,"440503","PLIN5","ENSG00000214456",NA,NA,NA,NA
"blood","transcript-rna-seq","ENSG00000170006.12",0.417704064959601,0.246689652327679,0.588718477591523,5.24284979342571e-05,"ADUResist","post_3.5_4_hr","transcript-rna-seq",-0.286261526938581,-0.475464724393154,-0.097058329484009,0.0367616312264668,"201799","TMEM154","ENSG00000170006",NA,NA,NA,NA
"blood","transcript-rna-seq","ENSG00000215717.7",0.304172144397183,0.179605243727811,0.428739045066555,5.25409596579929e-05,"ADUResist","post_3.5_4_hr","transcript-rna-seq",-0.233825010889396,-0.378809979419578,-0.088840042359215,0.0226779297456524,"56900","TMEM167B","ENSG00000215717",NA,NA,NA,NA
"blood","transcript-rna-seq","ENSG00000140848.17",0.415873476649374,0.245494465657996,0.586252487640751,5.31137214208823e-05,"ADUResist","post_3.5_4_hr","transcript-rna-seq",-0.343193134901294,-0.540875444300823,-0.145510825501765,0.0127596162277818,"221184","CPNE2","ENSG00000140848",NA,NA,NA,NA
"blood","transcript-rna-seq","ENSG00000056558.11",-0.329598972590012,-0.464678888632476,-0.194519056547548,5.34916057271026e-05,"ADUResist","post_3.5_4_hr","transcript-rna-seq",0.28328318111557,0.131236038252622,0.435330323978517,0.00672270778315067,"7185","TRAF1","ENSG00000056558",NA,NA,NA,NA
"blood","transcript-rna-seq","ENSG00000184922.15",0.300360673841753,0.177216040310281,0.423505307373226,5.37531702417742e-05,"ADUResist","post_3.5_4_hr","transcript-rna-seq",-0.259245687549761,-0.400790695892683,-0.117700679206839,0.00791447511076481,"752","FMNL1","ENSG00000184922",NA,NA,NA,NA
"blood","transcript-rna-seq","ENSG00000163297.18",0.352116219743391,0.20774668996843,0.496485749518352,5.37531702417742e-05,"ADUResist","post_3.5_4_hr","transcript-rna-seq",-0.334733175872606,-0.498491413984791,-0.170974937760421,0.00292681588191479,"118429","ANTXR2","ENSG00000163297",NA,NA,NA,NA
"blood","transcript-rna-seq","ENSG00000101347.11",-0.188521139610625,-0.265811819211681,-0.111230460009569,5.38199927971058e-05,"ADUResist","post_3.5_4_hr","transcript-rna-seq",0.149359566704418,0.0506123238258689,0.248106809582967,0.0368070042878633,"25939","SAMHD1","ENSG00000101347",NA,NA,NA,NA
"blood","transcript-rna-seq","ENSG00000166946.14",0.262873638631222,0.155079705063518,0.370667572198925,5.38674130169565e-05,"ADUResist","post_3.5_4_hr","transcript-rna-seq",-0.312185579211127,-0.43665830143361,-0.187712856988644,0.000383174798610923,"23582","CCNDBP1","ENSG00000166946",NA,NA,NA,NA
"blood","transcript-rna-seq","ENSG00000131370.16",0.291263068614478,0.171806531612531,0.410719605616426,5.39547488589937e-05,"ADUResist","post_3.5_4_hr","transcript-rna-seq",-0.224691227922745,-0.358895297123383,-0.0904871587221061,0.0170035507819775,"9467","SH3BP5","ENSG00000131370",NA,NA,NA,NA
"blood","transcript-rna-seq","ENSG00000120899.18",0.242246601085276,0.142887338040046,0.341605864130505,5.40176998743145e-05,"ADUResist","post_3.5_4_hr","transcript-rna-seq",-0.240574923671874,-0.355131109884062,-0.126018737459686,0.00227672110870007,"2185","PTK2B","ENSG00000120899",NA,NA,NA,NA
"blood","transcript-rna-seq","ENSG00000100612.14",0.342844462023278,0.202207013581158,0.483481910465398,5.40794115225265e-05,"ADUResist","post_3.5_4_hr","transcript-rna-seq",-0.336495511456076,-0.495839239932206,-0.177151782979946,0.00212350349768365,"51635","DHRS7","ENSG00000100612",NA,NA,NA,NA
"blood","transcript-rna-seq","ENSG00000186635.15",0.282763075723537,0.166737865215991,0.398788286231083,5.4419911407976e-05,"ADUResist","post_3.5_4_hr","transcript-rna-seq",-0.275859565984195,-0.408560724084362,-0.143158407884028,0.00248535977414151,"116985","ARAP1","ENSG00000186635",NA,NA,NA,NA
"blood","transcript-rna-seq","ENSG00000238035.8",0.568372987319743,0.335125805019872,0.801620169619615,5.45968719333925e-05,"ADUResist","post_3.5_4_hr","transcript-rna-seq",-0.36480176022705,-0.6161109341143,-0.113492586339801,0.0482140016231805,NA,NA,"ENSG00000238035",NA,NA,NA,NA
"blood","transcript-rna-seq","ENSG00000100316.16",-0.288714703677313,-0.40725422485048,-0.170175182504145,5.49436131051269e-05,"ADUResist","post_3.5_4_hr","transcript-rna-seq",0.21723359521437,0.0788019428496181,0.355665247579123,0.0282934570273125,"6122","RPL3","ENSG00000100316",NA,NA,NA,NA
"blood","transcript-rna-seq","ENSG00000163221.9",0.714777104080842,0.421225661300889,1.0083285468608,5.53184948421922e-05,"ADUResist","post_3.5_4_hr","transcript-rna-seq",-0.749661409768804,-1.07164847167253,-0.42767434786508,0.000927244834016447,"6283","S100A12","ENSG00000163221",NA,NA,NA,NA
"blood","transcript-rna-seq","ENSG00000093134.15",0.517209728309488,0.304771434768937,0.729648021850039,5.53444181644583e-05,"ADUResist","post_3.5_4_hr","transcript-rna-seq",-0.414722073842927,-0.65158050803594,-0.177863639649913,0.0118920157824544,"55350","VNN3","ENSG00000093134",NA,NA,NA,NA
"blood","transcript-rna-seq","ENSG00000186431.19",0.671224432760924,0.394957188168118,0.94749167735373,5.79791199587415e-05,"ADUResist","post_3.5_4_hr","transcript-rna-seq",-0.684697583093637,-0.985837189877205,-0.383557976310069,0.00112356299638894,"2204","FCAR","ENSG00000186431",NA,NA,NA,NA
"blood","transcript-rna-seq","ENSG00000100985.7",0.989894193557982,0.582315745124768,1.3974726419912,5.8317318339539e-05,"ADUResist","post_3.5_4_hr","transcript-rna-seq",-0.883588546190492,-1.32468285949701,-0.442494232883969,0.00352624376220538,"4318","MMP9","ENSG00000100985",NA,NA,NA,NA
"blood","transcript-rna-seq","ENSG00000160685.14",0.257144651193151,0.151192209502022,0.36309709288428,5.91615188571038e-05,"ADUResist","post_3.5_4_hr","transcript-rna-seq",-0.21578325626286,-0.341678527396822,-0.0898879851288979,0.0141798467754058,"51043","ZBTB7B","ENSG00000160685",NA,NA,NA,NA
"blood","transcript-rna-seq","ENSG00000115935.18",0.28064263364976,0.164902785558813,0.396382481740708,6.0204772524175e-05,"ADUResist","post_3.5_4_hr","transcript-rna-seq",-0.203624061267613,-0.336666014928957,-0.0705821076062686,0.0339482581719436,"7456","WIPF1","ENSG00000115935",NA,NA,NA,NA
"blood","transcript-rna-seq","ENSG00000105327.18",0.37163776850399,0.218229459915294,0.525046077092686,6.12763205218715e-05,"ADUResist","post_3.5_4_hr","transcript-rna-seq",-0.255125151771757,-0.424966225143383,-0.0852840784001299,0.0387371842791121,"27113","BBC3","ENSG00000105327",NA,NA,NA,NA
"blood","transcript-rna-seq","ENSG00000148358.20",0.248222712988287,0.145723285536594,0.35072214043998,6.1478312487937e-05,"ADUResist","post_3.5_4_hr","transcript-rna-seq",-0.197406434420672,-0.311678720781375,-0.0831341480599691,0.0133675069185791,"57720","GPR107","ENSG00000148358",NA,NA,NA,NA
"blood","transcript-rna-seq","ENSG00000163931.17",0.341205876744091,0.200235342528674,0.482176410959508,6.2357283370493e-05,"ADUResist","post_3.5_4_hr","transcript-rna-seq",-0.360386483525762,-0.520341422408518,-0.200431544643005,0.0012109017848693,"7086","TKT","ENSG00000163931",NA,NA,NA,NA
"blood","transcript-rna-seq","ENSG00000122406.14",-0.263410002857361,-0.37225466977074,-0.154565335943982,6.24051060499306e-05,"ADUResist","post_3.5_4_hr","transcript-rna-seq",0.225058245988187,0.0986550874343978,0.351461404541976,0.0101952034662593,"6125","RPL5","ENSG00000122406",NA,NA,NA,NA
"blood","transcript-rna-seq","ENSG00000131626.19",0.373371250872431,0.218924834098874,0.527817667645987,6.37843544444667e-05,"ADUResist","post_3.5_4_hr","transcript-rna-seq",-0.31172370197361,-0.479119904318244,-0.144327499628975,0.00674068686653756,"8500","PPFIA1","ENSG00000131626",NA,NA,NA,NA
"blood","transcript-rna-seq","ENSG00000136997.21",-0.337263734049903,-0.476852942553142,-0.197674525546663,6.44442141736994e-05,"ADUResist","post_3.5_4_hr","transcript-rna-seq",0.251790004907622,0.0864247391769036,0.41715527063834,0.0352687942282343,"4609","MYC","ENSG00000136997",NA,NA,NA,NA
"blood","transcript-rna-seq","ENSG00000239998.7",0.398251470695673,0.233395442271337,0.563107499120008,6.47910567783243e-05,"ADUResist","post_3.5_4_hr","transcript-rna-seq",-0.329635451132098,-0.521594668966898,-0.137676233297299,0.0139649028446628,"11027","LILRA2","ENSG00000239998",NA,NA,NA,NA
"blood","transcript-rna-seq","ENSG00000107566.14",0.532259119166084,0.311768371741935,0.752749866590233,6.5389170793288e-05,"ADUResist","post_3.5_4_hr","transcript-rna-seq",-0.400145925784402,-0.63615722589606,-0.164134625672744,0.0153505119538405,"10613","ERLIN1","ENSG00000107566",NA,NA,NA,NA
"blood","transcript-rna-seq","ENSG00000247774.8",-0.345360032288413,-0.48848671823624,-0.202233346340586,6.59296475513112e-05,"ADUResist","post_3.5_4_hr","transcript-rna-seq",0.328113209735819,0.166137223990962,0.490089195480676,0.00316577353714507,"100233209","PCED1B-AS1","ENSG00000247774",NA,NA,NA,NA
"blood","transcript-rna-seq","ENSG00000235655.3",0.392210232570677,0.229458674933368,0.554961790207986,6.77178765641265e-05,"ADUResist","post_3.5_4_hr","transcript-rna-seq",-0.304064074844447,-0.489180493143137,-0.118947656545756,0.0196424350923714,NA,"H3P6","ENSG00000235655",NA,NA,NA,NA
"blood","transcript-rna-seq","ENSG00000132694.19",0.330682437715785,0.193453807157843,0.467911068273727,6.78178891948869e-05,"ADUResist","post_3.5_4_hr","transcript-rna-seq",-0.322849975093162,-0.477146699220274,-0.168553250966051,0.00233728882823797,"9826","ARHGEF11","ENSG00000132694",NA,NA,NA,NA
"blood","transcript-rna-seq","ENSG00000136044.12",0.313977593122288,0.183528901807704,0.444426284436871,6.92154008763704e-05,"ADUResist","post_3.5_4_hr","transcript-rna-seq",-0.265513227617482,-0.404687443275084,-0.12633901195988,0.00545310974541713,"55198","APPL2","ENSG00000136044",NA,NA,NA,NA
"blood","transcript-rna-seq","ENSG00000139433.11",0.275833477508908,0.161206928109577,0.390460026908238,6.94987952923277e-05,"ADUResist","post_3.5_4_hr","transcript-rna-seq",-0.191421461785769,-0.318732767572656,-0.064110155998882,0.0384453548065363,"51228","GLTP","ENSG00000139433",NA,NA,NA,NA
"blood","transcript-rna-seq","ENSG00000124181.15",-0.319942202041346,-0.453039377340439,-0.186845026742253,7.11041511575929e-05,"ADUResist","post_3.5_4_hr","transcript-rna-seq",0.373251237811098,0.224377711763709,0.522124763858486,0.000383174798610923,"5335","PLCG1","ENSG00000124181",NA,NA,NA,NA
"blood","transcript-rna-seq","ENSG00000119013.10",0.34573762847751,0.201880278665017,0.489594978290003,7.1243819259529e-05,"ADUResist","post_3.5_4_hr","transcript-rna-seq",-0.288422803869998,-0.44621496980747,-0.130630637932526,0.00804929564369592,"4709","NDUFB3","ENSG00000119013",NA,NA,NA,NA
"blood","transcript-rna-seq","ENSG00000114770.17",0.42043098812467,0.245415022158615,0.595446954090725,7.2057870869564e-05,"ADUResist","post_3.5_4_hr","transcript-rna-seq",-0.397795261193276,-0.586377010271317,-0.209213512115236,0.0021563863688353,"10057","ABCC5","ENSG00000114770",NA,NA,NA,NA
"blood","transcript-rna-seq","ENSG00000153395.10",0.22902192907226,0.133653659223305,0.324390198921214,7.2484803872496e-05,"ADUResist","post_3.5_4_hr","transcript-rna-seq",-0.16497909018916,-0.274151295320417,-0.0558068850579025,0.0370272606269477,"79888","LPCAT1","ENSG00000153395",NA,NA,NA,NA
"blood","transcript-rna-seq","ENSG00000142208.18",0.210635017597478,0.122902044749504,0.298367990445452,7.26410801990921e-05,"ADUResist","post_3.5_4_hr","transcript-rna-seq",-0.199134915810324,-0.302215013907009,-0.0960548177136394,0.00491291581838331,"207","AKT1","ENSG00000142208",NA,NA,NA,NA
"blood","transcript-rna-seq","ENSG00000163812.15",0.229452026947269,0.133870324241638,0.3250337296529,7.2652539889927e-05,"ADUResist","post_3.5_4_hr","transcript-rna-seq",-0.237557891143294,-0.347684292777605,-0.127431489508983,0.00177479495008157,"51304","ZDHHC3","ENSG00000163812",NA,NA,NA,NA
"blood","transcript-rna-seq","ENSG00000066136.21",0.271446410739657,0.158308547654931,0.384584273824384,7.34116938450664e-05,"ADUResist","post_3.5_4_hr","transcript-rna-seq",-0.21405127341425,-0.342122906928869,-0.0859796398996313,0.0171644109767827,"4802","NFYC","ENSG00000066136",NA,NA,NA,NA
"blood","transcript-rna-seq","ENSG00000100938.19",0.262431329928876,0.153046615646206,0.371816044211545,7.35457224621482e-05,"ADUResist","post_3.5_4_hr","transcript-rna-seq",-0.261364999088621,-0.38434135814942,-0.138388640027822,0.0019758125283829,"51292","GMPR2","ENSG00000100938",NA,NA,NA,NA
"blood","transcript-rna-seq","ENSG00000140455.17",0.296892777051279,0.173035550396612,0.420750003705946,7.48181836355529e-05,"ADUResist","post_3.5_4_hr","transcript-rna-seq",-0.251060231760849,-0.388732958634096,-0.113387504887601,0.0082265623949173,"9960","USP3","ENSG00000140455",NA,NA,NA,NA
"blood","transcript-rna-seq","ENSG00000146112.12",0.266108694158921,0.155029577613948,0.377187810703895,7.56864311011752e-05,"ADUResist","post_3.5_4_hr","transcript-rna-seq",-0.246010780993887,-0.379214731854499,-0.112806830133274,0.0073432929263823,"170954","PPP1R18","ENSG00000146112",NA,NA,NA,NA
"blood","transcript-rna-seq","ENSG00000171475.14",0.261066191143111,0.152075551479459,0.370056830806762,7.56864311011752e-05,"ADUResist","post_3.5_4_hr","transcript-rna-seq",-0.248490912731518,-0.371811937712369,-0.125169887750667,0.00333998855751649,"147179","WIPF2","ENSG00000171475",NA,NA,NA,NA
"blood","transcript-rna-seq","ENSG00000138764.15",0.436797295826142,0.254327031805219,0.619267559847064,7.65474306286673e-05,"ADUResist","post_3.5_4_hr","transcript-rna-seq",-0.293492456306375,-0.489280396217272,-0.0977045163954793,0.0393128273213737,"901","CCNG2","ENSG00000138764",NA,NA,NA,NA
"blood","transcript-rna-seq","ENSG00000161217.12",0.242568738720721,0.141246286764365,0.343891190677078,7.65474306286673e-05,"ADUResist","post_3.5_4_hr","transcript-rna-seq",-0.216808787080656,-0.331703903090202,-0.101913671071111,0.00598177728855883,"5130","PCYT1A","ENSG00000161217",NA,NA,NA,NA
"blood","transcript-rna-seq","ENSG00000090376.11",0.555885226062042,0.323574579380919,0.788195872743165,7.73661007159491e-05,"ADUResist","post_3.5_4_hr","transcript-rna-seq",-0.591297354882263,-0.847088801371253,-0.335505908393273,0.000980583612693665,"11213","IRAK3","ENSG00000090376",NA,NA,NA,NA
"blood","transcript-rna-seq","ENSG00000182149.21",0.186652527970315,0.108604989852243,0.264700066088387,7.790995313285e-05,"ADUResist","post_3.5_4_hr","transcript-rna-seq",-0.205427829248548,-0.294647768914025,-0.116207889583071,0.000990149463676255,"9798","IST1","ENSG00000182149",NA,NA,NA,NA
"blood","transcript-rna-seq","ENSG00000228242.6",0.535452662725269,0.311580094270021,0.759325231180517,7.79887130230487e-05,"ADUResist","post_3.5_4_hr","transcript-rna-seq",-0.449036217154128,-0.692579260276027,-0.205493174032229,0.00745221004257822,NA,"XPC-AS1","ENSG00000228242",NA,NA,NA,NA
"blood","transcript-rna-seq","ENSG00000156858.12",0.269116268771615,0.156484367448361,0.381748170094869,7.93940982436724e-05,"ADUResist","post_3.5_4_hr","transcript-rna-seq",-0.221988719008731,-0.345028359418657,-0.0989490785988052,0.00907631171251438,"78994","PRR14","ENSG00000156858",NA,NA,NA,NA
"blood","transcript-rna-seq","ENSG00000072062.15",0.271358351954547,0.157714752225119,0.385001951683976,8.05947793328906e-05,"ADUResist","post_3.5_4_hr","transcript-rna-seq",-0.282174388008174,-0.409829400366059,-0.15451937565029,0.00142003937861007,"5566","PRKACA","ENSG00000072062",NA,NA,NA,NA
"blood","transcript-rna-seq","ENSG00000147457.14",-0.224659833604279,-0.318751187421386,-0.130568479787171,8.06947912044905e-05,"ADUResist","post_3.5_4_hr","transcript-rna-seq",0.245638109016043,0.135030963577172,0.356245254454914,0.00134565228318329,"91782","CHMP7","ENSG00000147457",NA,NA,NA,NA
"blood","transcript-rna-seq","ENSG00000126391.14",0.242957262849735,0.14114317340164,0.344771352297829,8.14808770394426e-05,"ADUResist","post_3.5_4_hr","transcript-rna-seq",-0.251343360099843,-0.368132194955157,-0.134554525244529,0.00180415454022081,"83786","FRMD8","ENSG00000126391",NA,NA,NA,NA
"blood","transcript-rna-seq","ENSG00000186205.13",0.732165651325512,0.425044172229363,1.03928713042166,8.31838687534153e-05,"ADUResist","post_3.5_4_hr","transcript-rna-seq",-0.57573428111669,-0.903715773144209,-0.247752789089172,0.0116249021987893,"64757","MTARC1","ENSG00000186205",NA,NA,NA,NA
"blood","transcript-rna-seq","ENSG00000245164.9",-0.375317618650298,-0.532787177369415,-0.217848059931181,8.33635816290512e-05,"ADUResist","post_3.5_4_hr","transcript-rna-seq",0.264148784047177,0.0870189843183222,0.441278583776032,0.0406563247209853,"100130231","LINC00861","ENSG00000245164",NA,NA,NA,NA
"blood","transcript-rna-seq","ENSG00000198755.11",-0.275166663422706,-0.390624287381032,-0.159709039464379,8.33635816290512e-05,"ADUResist","post_3.5_4_hr","transcript-rna-seq",0.215233447168522,0.0804024948337182,0.350064399503326,0.0246285629099469,"4736","RPL10A","ENSG00000198755",NA,NA,NA,NA
"blood","transcript-rna-seq","ENSG00000119321.10",0.189125763126262,0.109762372129877,0.268489154122648,8.35277570200486e-05,"ADUResist","post_3.5_4_hr","transcript-rna-seq",-0.147453156967423,-0.241173208035175,-0.0537331058996699,0.0276976142906492,"23307","FKBP15","ENSG00000119321",NA,NA,NA,NA
"blood","transcript-rna-seq","ENSG00000163904.13",0.276370704976992,0.160356235072082,0.392385174881903,8.36064299745407e-05,"ADUResist","post_3.5_4_hr","transcript-rna-seq",-0.285873913868081,-0.422144172112695,-0.149603655623467,0.00229792522199279,"59343","SENP2","ENSG00000163904",NA,NA,NA,NA
"blood","transcript-rna-seq","ENSG00000148110.17",0.405979031718688,0.235450097549453,0.576507965887922,8.50354785467114e-05,"ADUResist","post_3.5_4_hr","transcript-rna-seq",-0.416571884528458,-0.604973150445435,-0.228170618611481,0.00142003937861007,"84641","MFSD14B","ENSG00000148110",NA,NA,NA,NA
"blood","transcript-rna-seq","ENSG00000155096.15",0.354832482729476,0.205752526720393,0.503912438738559,8.50354785467114e-05,"ADUResist","post_3.5_4_hr","transcript-rna-seq",-0.311270100916249,-0.475301435901475,-0.147238765931023,0.0057089389054009,"51582","AZIN1","ENSG00000155096",NA,NA,NA,NA
"blood","transcript-rna-seq","ENSG00000164754.16",0.3356707715412,0.194561058845277,0.476780484237123,8.5768455356741e-05,"ADUResist","post_3.5_4_hr","transcript-rna-seq",-0.246682281387931,-0.401730440949527,-0.0916341218263358,0.0253455311145083,"5885","RAD21","ENSG00000164754",NA,NA,NA,NA
"blood","transcript-rna-seq","ENSG00000123609.11",0.324806676364546,0.188285110634987,0.461328242094106,8.58121653096778e-05,"ADUResist","post_3.5_4_hr","transcript-rna-seq",-0.255459136568716,-0.419457257464825,-0.0914610156726058,0.0299323293175994,"9111","NMI","ENSG00000123609",NA,NA,NA,NA
"blood","transcript-rna-seq","ENSG00000156860.16",0.234429908412681,0.135871687100737,0.332988129724624,8.58249254448015e-05,"ADUResist","post_3.5_4_hr","transcript-rna-seq",-0.226664711527256,-0.340270560058183,-0.113058862996329,0.00364905771372215,"64319","FBRS","ENSG00000156860",NA,NA,NA,NA
"blood","transcript-rna-seq","ENSG00000105483.18",0.281397316140564,0.163082550165709,0.399712082115418,8.59956958558837e-05,"ADUResist","post_3.5_4_hr","transcript-rna-seq",-0.228753306009933,-0.362043096817777,-0.0954635152020889,0.0140091798835508,"22900","CARD8","ENSG00000105483",NA,NA,NA,NA
"blood","transcript-rna-seq","ENSG00000123728.10",0.401805251927302,0.232771066052985,0.570839437801618,8.67658328506171e-05,"ADUResist","post_3.5_4_hr","transcript-rna-seq",-0.290373308296941,-0.474250719405927,-0.106495897187954,0.0269956560665674,"57826","RAP2C","ENSG00000123728",NA,NA,NA,NA
"blood","transcript-rna-seq","ENSG00000076662.10",0.364674037220661,0.211275380122682,0.518072694318641,8.67658328506171e-05,"ADUResist","post_3.5_4_hr","transcript-rna-seq",-0.33855515123782,-0.514410963098608,-0.162699339377032,0.00501983841359051,"3385","ICAM3","ENSG00000076662",NA,NA,NA,NA
"blood","transcript-rna-seq","ENSG00000160410.15",0.326458892293571,0.189111205861378,0.463806578725765,8.69632786045903e-05,"ADUResist","post_3.5_4_hr","transcript-rna-seq",-0.243799920648465,-0.400869703601911,-0.0867301376950192,0.0307629457770572,"92799","SHKBP1","ENSG00000160410",NA,NA,NA,NA
"blood","transcript-rna-seq","ENSG00000124788.19",0.361746037636357,0.209527970595003,0.513964104677712,8.69632786045903e-05,"ADUResist","post_3.5_4_hr","transcript-rna-seq",-0.252392537565659,-0.422866951807478,-0.0819181233238404,0.0425917590184286,"6310","ATXN1","ENSG00000124788",NA,NA,NA,NA
"blood","transcript-rna-seq","ENSG00000013725.14",-0.341700897610971,-0.485482068331233,-0.197919726890709,8.69971488019251e-05,"ADUResist","post_3.5_4_hr","transcript-rna-seq",0.308693438441253,0.145585373413424,0.471801503469082,0.00584340650715082,"923","CD6","ENSG00000013725",NA,NA,NA,NA
"blood","transcript-rna-seq","ENSG00000179583.20",-0.283406318493399,-0.402666605737952,-0.164146031248846,8.70363709126672e-05,"ADUResist","post_3.5_4_hr","transcript-rna-seq",0.251896477493153,0.114063707610618,0.389729247375688,0.00805871777182392,"4261","CIITA","ENSG00000179583",NA,NA,NA,NA
"blood","transcript-rna-seq","ENSG00000161036.13",0.427895004620817,0.24781247992446,0.607977529317174,8.71607494990425e-05,"ADUResist","post_3.5_4_hr","transcript-rna-seq",-0.41237022729751,-0.609064447616176,-0.215676006978844,0.00230051937772803,"222229","LRWD1","ENSG00000161036",NA,NA,NA,NA
"blood","transcript-rna-seq","ENSG00000143382.16",0.326979560576584,0.189254747239645,0.464704373913523,8.8347875926523e-05,"ADUResist","post_3.5_4_hr","transcript-rna-seq",-0.2624107833391,-0.421384588995443,-0.103436977682758,0.0189040379116607,"54507","ADAMTSL4","ENSG00000143382",NA,NA,NA,NA
"blood","transcript-rna-seq","ENSG00000127152.18",-0.401372959427992,-0.570470451319063,-0.23227546753692,8.85816673419702e-05,"ADUResist","post_3.5_4_hr","transcript-rna-seq",0.374615176358695,0.165071388261051,0.584158964456339,0.00985796651715038,"64919","BCL11B","ENSG00000127152",NA,NA,NA,NA
"blood","transcript-rna-seq","ENSG00000100055.21",0.232734363519908,0.134611570315543,0.330857156724273,9.00140819678048e-05,"ADUResist","post_3.5_4_hr","transcript-rna-seq",-0.16542005486286,-0.277994137865442,-0.0528459718602778,0.0445818724903295,"27128","CYTH4","ENSG00000100055",NA,NA,NA,NA
"blood","transcript-rna-seq","ENSG00000143546.10",0.536367598345635,0.310206061014907,0.762529135676362,9.00231375594117e-05,"ADUResist","post_3.5_4_hr","transcript-rna-seq",-0.563985843555637,-0.812706500476081,-0.315265186635192,0.00114036682033513,"6279","S100A8","ENSG00000143546",NA,NA,NA,NA
"blood","transcript-rna-seq","ENSG00000289273.1",0.41662123247136,0.240880233125022,0.592362231817699,9.06992133598686e-05,"ADUResist","post_3.5_4_hr","transcript-rna-seq",-0.317035047869355,-0.519933111475842,-0.114136984262869,0.0291316452491053,NA,NA,"ENSG00000289273",NA,NA,NA,NA
"blood","transcript-rna-seq","ENSG00000002919.15",0.330994283461471,0.191260023726702,0.47072854319624,9.18223504842457e-05,"ADUResist","post_3.5_4_hr","transcript-rna-seq",-0.283119174387752,-0.44389210394865,-0.122346244826855,0.0112904757643334,"29916","SNX11","ENSG00000002919",NA,NA,NA,NA
"blood","transcript-rna-seq","ENSG00000085514.16",0.391698192292699,0.226311222108438,0.55708516247696,9.20109262663999e-05,"ADUResist","post_3.5_4_hr","transcript-rna-seq",-0.310681724644448,-0.498960879938849,-0.122402569350047,0.0189547962500912,"29992","PILRA","ENSG00000085514",NA,NA,NA,NA
"blood","transcript-rna-seq","ENSG00000125304.10",0.360386235904476,0.20820671483183,0.512565756977123,9.20109262663999e-05,"ADUResist","post_3.5_4_hr","transcript-rna-seq",-0.282449053648385,-0.448808149457276,-0.116089957839494,0.0151879744819762,"9375","TM9SF2","ENSG00000125304",NA,NA,NA,NA
"blood","transcript-rna-seq","ENSG00000180549.8",0.441884226045723,0.255234015879258,0.628534436212187,9.27086785873175e-05,"ADUResist","post_3.5_4_hr","transcript-rna-seq",-0.408870335822483,-0.61700643918459,-0.200734232460376,0.00418446625093053,"2529","FUT7","ENSG00000180549",NA,NA,NA,NA
"blood","transcript-rna-seq","ENSG00000175137.11",0.374178595878451,0.21597738824173,0.532379803515172,9.41707132591286e-05,"ADUResist","post_3.5_4_hr","transcript-rna-seq",-0.382774950402368,-0.560746215358905,-0.204803685445831,0.00180493308406284,"80851","SH3BP5L","ENSG00000175137",NA,NA,NA,NA
"blood","transcript-rna-seq","ENSG00000005238.20",0.287820766390146,0.166101509565223,0.409540023215069,9.46140083693716e-05,"ADUResist","post_3.5_4_hr","transcript-rna-seq",-0.28333926575919,-0.425580687005115,-0.141097844513264,0.00369032287807036,"80256","FAM214B","ENSG00000005238",NA,NA,NA,NA
"blood","transcript-rna-seq","ENSG00000120733.14",0.276274630252731,0.159371184868398,0.393178075637063,9.53300164980939e-05,"ADUResist","post_3.5_4_hr","transcript-rna-seq",-0.202244858010667,-0.330907508308182,-0.0735822077131524,0.0278518211920193,"51780","KDM3B","ENSG00000120733",NA,NA,NA,NA
"blood","transcript-rna-seq","ENSG00000140932.10",0.542721455274973,0.313051910799575,0.77239099975037,9.56901775431643e-05,"ADUResist","post_3.5_4_hr","transcript-rna-seq",-0.496803131053182,-0.754748946349062,-0.238857315757303,0.00501983841359051,"146225","CMTM2","ENSG00000140932",NA,NA,NA,NA
"blood","transcript-rna-seq","ENSG00000152291.15",0.211332827161437,0.121779226573493,0.30088642774938,9.832982357659e-05,"ADUResist","post_3.5_4_hr","transcript-rna-seq",-0.175852848140689,-0.278968138679792,-0.0727375576015864,0.014756301709921,"10618","TGOLN2","ENSG00000152291",NA,NA,NA,NA
"blood","transcript-rna-seq","ENSG00000146278.11",0.302662378715628,0.174283602856424,0.431041154574831,0.000100344138109686,"ADUResist","post_3.5_4_hr","transcript-rna-seq",-0.226410890337137,-0.372125097119269,-0.0806966835550045,0.0305497354716857,"10957","PNRC1","ENSG00000146278",NA,NA,NA,NA
"blood","transcript-rna-seq","ENSG00000105202.9",-0.340016982441154,-0.484378220168489,-0.195655744713819,0.00010211023284316,"ADUResist","post_3.5_4_hr","transcript-rna-seq",0.302923925111379,0.133620669159941,0.472227181062818,0.0097978364712182,"2091","FBL","ENSG00000105202",NA,NA,NA,NA
"blood","transcript-rna-seq","ENSG00000273559.5",0.260756688390356,0.150041566079022,0.37147181070169,0.00010211023284316,"ADUResist","post_3.5_4_hr","transcript-rna-seq",-0.26251872167028,-0.386365802364456,-0.138671640976104,0.00201899505562625,"54883","CWC25","ENSG00000273559",NA,NA,NA,NA
"blood","transcript-rna-seq","ENSG00000198034.11",-0.281860303871417,-0.401541720980197,-0.162178886762637,0.000102163014026694,"ADUResist","post_3.5_4_hr","transcript-rna-seq",0.237024616444433,0.0976359765812706,0.376413256307596,0.0149893461423298,"6191","RPS4X","ENSG00000198034",NA,NA,NA,NA
"blood","transcript-rna-seq","ENSG00000168028.14",-0.304840814174378,-0.434298459042474,-0.175383169306283,0.000102392092160258,"ADUResist","post_3.5_4_hr","transcript-rna-seq",0.230201671471439,0.082249036247927,0.378154306694952,0.0302049050345338,"3921","RPSA","ENSG00000168028",NA,NA,NA,NA
"blood","transcript-rna-seq","ENSG00000147416.11",0.325106893060436,0.186951808559655,0.463261977561218,0.000103714190263794,"ADUResist","post_3.5_4_hr","transcript-rna-seq",-0.282836784233579,-0.441076118763869,-0.124597449703289,0.00987043169651383,"526","ATP6V1B2","ENSG00000147416",NA,NA,NA,NA
"blood","transcript-rna-seq","ENSG00000148841.17",0.34876332427932,0.200534428423514,0.496992220135125,0.000103861330982252,"ADUResist","post_3.5_4_hr","transcript-rna-seq",-0.329517698725529,-0.502649431629714,-0.156385965821344,0.00556382362500164,"85450","ITPRIP","ENSG00000148841",NA,NA,NA,NA
"blood","transcript-rna-seq","ENSG00000089220.5",-0.330924187548248,-0.471607429369029,-0.190240945727466,0.000104070572079602,"ADUResist","post_3.5_4_hr","transcript-rna-seq",0.24025421076693,0.0748131718706852,0.405695249663175,0.048103573189649,"5037","PEBP1","ENSG00000089220",NA,NA,NA,NA
"blood","transcript-rna-seq","ENSG00000132823.11",0.323908634793705,0.186200735441295,0.461616534146115,0.000104189876144427,"ADUResist","post_3.5_4_hr","transcript-rna-seq",-0.26624566206093,-0.419304192869342,-0.113187131252519,0.012594258032982,"51526","OSER1","ENSG00000132823",NA,NA,NA,NA
"blood","transcript-rna-seq","ENSG00000168421.13",-0.360188872252783,-0.513353671148043,-0.207024073357523,0.000104512801997815,"ADUResist","post_3.5_4_hr","transcript-rna-seq",0.280999056301777,0.101313415724285,0.460684696879269,0.0289700083949736,"399","RHOH","ENSG00000168421",NA,NA,NA,NA
"blood","transcript-rna-seq","ENSG00000108669.17",0.145198648886067,0.0834277656084026,0.206969532163732,0.000105423923084453,"ADUResist","post_3.5_4_hr","transcript-rna-seq",-0.150782055219786,-0.218507069291963,-0.0830570411476081,0.00132653751475576,"9267","CYTH1","ENSG00000108669",NA,NA,NA,NA
"blood","transcript-rna-seq","ENSG00000143373.18",0.270939364089172,0.155572653419228,0.386306074759115,0.000106966185654816,"ADUResist","post_3.5_4_hr","transcript-rna-seq",-0.283912034961058,-0.414524141504849,-0.153299928417267,0.00165444126661871,"57592","ZNF687","ENSG00000143373",NA,NA,NA,NA
"blood","transcript-rna-seq","ENSG00000225889.10",0.424615960676503,0.243815348356209,0.605416572996797,0.000107174687409604,"ADUResist","post_3.5_4_hr","transcript-rna-seq",-0.394159119398421,-0.592692397717707,-0.195625841079135,0.00379481345543099,NA,NA,"ENSG00000225889",NA,NA,NA,NA
"blood","transcript-rna-seq","ENSG00000155099.8",0.448025622458511,0.257188221468401,0.638863023448621,0.000107553342233326,"ADUResist","post_3.5_4_hr","transcript-rna-seq",-0.333868715892395,-0.543809399549704,-0.123928032235086,0.0254456871831941,"55529","PIP4P2","ENSG00000155099",NA,NA,NA,NA
"blood","transcript-rna-seq","ENSG00000198223.17",0.366401456534913,0.21029168947724,0.522511223592586,0.00010814592049178,"ADUResist","post_3.5_4_hr","transcript-rna-seq",-0.315431769021709,-0.490561841300003,-0.140301696743415,0.00922518872110697,"1438","CSF2RA","ENSG00000198223",NA,NA,NA,NA
"blood","transcript-rna-seq","ENSG00000198223.17_PAR_Y",0.366401456534913,0.21029168947724,0.522511223592586,0.00010814592049178,"ADUResist","post_3.5_4_hr","transcript-rna-seq",-0.315431769021709,-0.490561841300003,-0.140301696743415,0.00922518872110697,"1438","CSF2RA","ENSG00000198223",NA,NA,NA,NA
"blood","transcript-rna-seq","ENSG00000137462.9",0.47193092096852,0.270665581098279,0.673196260838762,0.000110164429182115,"ADUResist","post_3.5_4_hr","transcript-rna-seq",-0.335060976215978,-0.556582914169727,-0.113539038262229,0.0368070042878633,"7097","TLR2","ENSG00000137462",NA,NA,NA,NA
"blood","transcript-rna-seq","ENSG00000144655.15",0.37303207342873,0.213916963029789,0.532147183827671,0.000110466172280643,"ADUResist","post_3.5_4_hr","transcript-rna-seq",-0.34999969891353,-0.536420409347958,-0.163578988479102,0.00626057295794785,"64651","CSRNP1","ENSG00000144655",NA,NA,NA,NA
"blood","transcript-rna-seq","ENSG00000185862.7",0.422380895168741,0.24210586168595,0.602655928651533,0.000111248825759233,"ADUResist","post_3.5_4_hr","transcript-rna-seq",-0.29916898317075,-0.499164624392989,-0.099173341948511,0.0399229300647177,"2124","EVI2B","ENSG00000185862",NA,NA,NA,NA
"blood","transcript-rna-seq","ENSG00000108424.11",0.257673286827826,0.147651948200254,0.367694625455398,0.000112341805285228,"ADUResist","post_3.5_4_hr","transcript-rna-seq",-0.222756428484812,-0.353711731919605,-0.0918011250500196,0.0149544261469614,"3837","KPNB1","ENSG00000108424",NA,NA,NA,NA
"blood","transcript-rna-seq","ENSG00000179361.18",0.288024672542511,0.164762713793888,0.411286631291134,0.000117180877696246,"ADUResist","post_3.5_4_hr","transcript-rna-seq",-0.268770975129773,-0.408105293228662,-0.129436657030885,0.00496338764607827,"10620","ARID3B","ENSG00000179361",NA,NA,NA,NA
"blood","transcript-rna-seq","ENSG00000117859.19",0.311718429475317,0.178303478606572,0.445133380344062,0.00011723266553787,"ADUResist","post_3.5_4_hr","transcript-rna-seq",-0.308914070007688,-0.45176584099914,-0.166062299016236,0.00172054292059684,"114883","OSBPL9","ENSG00000117859",NA,NA,NA,NA
"blood","transcript-rna-seq","ENSG00000189091.13",-0.241144711280858,-0.344416620202094,-0.137872802359623,0.000118307178191694,"ADUResist","post_3.5_4_hr","transcript-rna-seq",0.197162049774598,0.0829314801720661,0.31139261937713,0.0134474116386704,"23450","SF3B3","ENSG00000189091",NA,NA,NA,NA
"blood","transcript-rna-seq","ENSG00000132471.12",0.280309362549522,0.160269777613591,0.400348947485453,0.00011836903961911,"ADUResist","post_3.5_4_hr","transcript-rna-seq",-0.269919865697352,-0.403754781749215,-0.136084949645488,0.00330722035295575,"23558","WBP2","ENSG00000132471",NA,NA,NA,NA
"blood","transcript-rna-seq","ENSG00000100345.23",0.301948398308749,0.172611808078805,0.431284988538693,0.000118558884781929,"ADUResist","post_3.5_4_hr","transcript-rna-seq",-0.303401459534046,-0.448618290957213,-0.158184628110878,0.00237048423849061,"4627","MYH9","ENSG00000100345",NA,NA,NA,NA
"blood","transcript-rna-seq","ENSG00000163220.11",0.491235686561232,0.280629338274048,0.701842034848417,0.000121054053180912,"ADUResist","post_3.5_4_hr","transcript-rna-seq",-0.514584898448557,-0.747634811331048,-0.281534985566067,0.00142588823413085,"6280","S100A9","ENSG00000163220",NA,NA,NA,NA
"blood","transcript-rna-seq","ENSG00000169564.7",0.223739130563178,0.12779997496048,0.319678286165876,0.000121215496447763,"ADUResist","post_3.5_4_hr","transcript-rna-seq",-0.209106490084888,-0.321508617866719,-0.0967043623030583,0.0067709512195618,"5093","PCBP1","ENSG00000169564",NA,NA,NA,NA
"blood","transcript-rna-seq","ENSG00000168918.14",0.234036271473402,0.133633370670132,0.334439172276672,0.000122244592296967,"ADUResist","post_3.5_4_hr","transcript-rna-seq",-0.306919697770955,-0.420652203831786,-0.193187191710123,0.000164487983882867,"3635","INPP5D","ENSG00000168918",NA,NA,NA,NA
"blood","transcript-rna-seq","ENSG00000136810.13",0.503288704307132,0.287268441711354,0.71930896690291,0.00012337165706033,"ADUResist","post_3.5_4_hr","transcript-rna-seq",-0.539402739294228,-0.772759919040351,-0.306045559548105,0.000980583612693665,"7295","TXN","ENSG00000136810",NA,NA,NA,NA
"blood","transcript-rna-seq","ENSG00000165006.14",0.269076697561201,0.153567498560385,0.384585896562017,0.00012374493204592,"ADUResist","post_3.5_4_hr","transcript-rna-seq",-0.241222749597206,-0.375861772167998,-0.106583727026415,0.00967209815692395,"51271","UBAP1","ENSG00000165006",NA,NA,NA,NA
"blood","transcript-rna-seq","ENSG00000141480.18",0.292357284484115,0.166659600662636,0.418054968305594,0.000127283054848681,"ADUResist","post_3.5_4_hr","transcript-rna-seq",-0.249105580035669,-0.391553100781473,-0.106658059289866,0.0120330269251217,"409","ARRB2","ENSG00000141480",NA,NA,NA,NA
"blood","transcript-rna-seq","ENSG00000068323.17",0.272133023946768,0.155084030961928,0.389182016931609,0.000128180629785402,"ADUResist","post_3.5_4_hr","transcript-rna-seq",-0.27754249215091,-0.415047233241991,-0.140037751059829,0.00327164080029652,"7030","TFE3","ENSG00000068323",NA,NA,NA,NA
"blood","transcript-rna-seq","ENSG00000163932.15",0.315917484996875,0.179938325991248,0.451896644002503,0.000129740001267306,"ADUResist","post_3.5_4_hr","transcript-rna-seq",-0.296261363722468,-0.454342004259235,-0.138180723185702,0.00637749876072279,"5580","PRKCD","ENSG00000163932",NA,NA,NA,NA
"blood","transcript-rna-seq","ENSG00000142937.12",-0.289718318008047,-0.414478654058581,-0.164957981957513,0.000130412358012825,"ADUResist","post_3.5_4_hr","transcript-rna-seq",0.207675385098586,0.0642171661343026,0.351133604062869,0.0491255318687884,"6202","RPS8","ENSG00000142937",NA,NA,NA,NA
"blood","transcript-rna-seq","ENSG00000141576.16",-0.417803205417646,-0.597762936967682,-0.237843473867609,0.000130946977762731,"ADUResist","post_3.5_4_hr","transcript-rna-seq",0.472996555941527,0.251178210409355,0.6948149014737,0.0019222591045555,"114804","RNF157","ENSG00000141576",NA,NA,NA,NA
"blood","transcript-rna-seq","ENSG00000110203.10",0.573238208700434,0.326359408892388,0.82011700850848,0.000130946977762731,"ADUResist","post_3.5_4_hr","transcript-rna-seq",-0.414108215303892,-0.696813318605086,-0.131403112002697,0.0454879633461809,"2352","FOLR3","ENSG00000110203",NA,NA,NA,NA
"blood","transcript-rna-seq","ENSG00000130402.13",0.225544177961236,0.128284028542967,0.322804327379505,0.000133676055958113,"ADUResist","post_3.5_4_hr","transcript-rna-seq",-0.235585609361094,-0.347925788439348,-0.123245430282839,0.00229876070502312,"81","ACTN4","ENSG00000130402",NA,NA,NA,NA
"blood","transcript-rna-seq","ENSG00000137154.13",-0.275164261819024,-0.393823327712347,-0.1565051959257,0.000133676055958113,"ADUResist","post_3.5_4_hr","transcript-rna-seq",0.216465707981099,0.0781996720194379,0.35473174394276,0.0287052873413369,"6194","RPS6","ENSG00000137154",NA,NA,NA,NA
"blood","transcript-rna-seq","ENSG00000168591.16",0.277297197158311,0.157633930457449,0.396960463859173,0.000135316428027108,"ADUResist","post_3.5_4_hr","transcript-rna-seq",-0.247791954218786,-0.383412925645431,-0.112170982792141,0.00806779400382873,"79089","TMUB2","ENSG00000168591",NA,NA,NA,NA
"blood","transcript-rna-seq","ENSG00000129933.21",0.218847173436601,0.124379049502277,0.313315297370926,0.000136008667688872,"ADUResist","post_3.5_4_hr","transcript-rna-seq",-0.189381016269587,-0.2970167870637,-0.0817452454754755,0.0113745636827173,"23383","MAU2","ENSG00000129933",NA,NA,NA,NA
"blood","transcript-rna-seq","ENSG00000140350.15",0.298635371262533,0.169734562938829,0.427536179586237,0.000136008667688872,"ADUResist","post_3.5_4_hr","transcript-rna-seq",-0.280314400075728,-0.426391001039739,-0.134237799111716,0.00518372942772255,"8125","ANP32A","ENSG00000140350",NA,NA,NA,NA
"blood","transcript-rna-seq","ENSG00000166272.18",0.213396763152534,0.121265191023673,0.305528335281394,0.000136395049496028,"ADUResist","post_3.5_4_hr","transcript-rna-seq",-0.250211245302603,-0.353974379401341,-0.146448111203865,0.000663270726556525,"54838","WBP1L","ENSG00000166272",NA,NA,NA,NA
"blood","transcript-rna-seq","ENSG00000024048.11",0.311826569038643,0.177162827695289,0.446490310381997,0.000136955119212193,"ADUResist","post_3.5_4_hr","transcript-rna-seq",-0.24776589963506,-0.396623540247184,-0.0989082590229355,0.017714435137356,"23304","UBR2","ENSG00000024048",NA,NA,NA,NA
"blood","transcript-rna-seq","ENSG00000139436.22",0.238853507951491,0.135659123172894,0.342047892730088,0.000137956030505765,"ADUResist","post_3.5_4_hr","transcript-rna-seq",-0.168782321391066,-0.284519851845494,-0.0530447909366384,0.0470542439545575,"9815","GIT2","ENSG00000139436",NA,NA,NA,NA
"blood","transcript-rna-seq","ENSG00000143878.10",0.351649526124393,0.199719022963663,0.503580029285123,0.000138101665856907,"ADUResist","post_3.5_4_hr","transcript-rna-seq",-0.256379836359632,-0.432076422288247,-0.0806832504310172,0.0468582268653247,"388","RHOB","ENSG00000143878",NA,NA,NA,NA
"blood","transcript-rna-seq","ENSG00000065135.12",0.285029567584185,0.161782408434708,0.408276726733661,0.000139747947856341,"ADUResist","post_3.5_4_hr","transcript-rna-seq",-0.203522412316688,-0.340698896999157,-0.0663459276342187,0.0419752186867206,"2773","GNAI3","ENSG00000065135",NA,NA,NA,NA
"blood","transcript-rna-seq","ENSG00000071553.18",0.253003246147316,0.143590663428029,0.362415828866602,0.00013992772562358,"ADUResist","post_3.5_4_hr","transcript-rna-seq",-0.22294951277995,-0.34976153444148,-0.0961374911184193,0.0114700883597928,"537","ATP6AP1","ENSG00000071553",NA,NA,NA,NA
"blood","transcript-rna-seq","ENSG00000196358.12",0.51443731663063,0.291493914237792,0.737380719023468,0.000146052962858146,"ADUResist","post_3.5_4_hr","transcript-rna-seq",-0.570446675184466,-0.820199044443954,-0.320694305924978,0.00109151207439606,"84628","NTNG2","ENSG00000196358",NA,NA,NA,NA
"blood","transcript-rna-seq","ENSG00000060069.18",0.28924814900074,0.163734082214953,0.414762215786526,0.000149039383605765,"ADUResist","post_3.5_4_hr","transcript-rna-seq",-0.319187868504307,-0.460802875158763,-0.177572861849851,0.00120473217821495,"9150","CTDP1","ENSG00000060069",NA,NA,NA,NA
"blood","transcript-rna-seq","ENSG00000044446.12",0.271889970281931,0.153808185265576,0.389971755298286,0.000151231286264834,"ADUResist","post_3.5_4_hr","transcript-rna-seq",-0.207586185242299,-0.338314730706367,-0.0768576397782312,0.0257568091782353,"5256","PHKA2","ENSG00000044446",NA,NA,NA,NA
"blood","transcript-rna-seq","ENSG00000204592.9",0.229899218175518,0.130005722315938,0.329792714035098,0.000152940179562376,"ADUResist","post_3.5_4_hr","transcript-rna-seq",-0.187963885217737,-0.305048899789526,-0.0708788706459484,0.0236275564049519,"3133","HLA-E","ENSG00000204592",NA,NA,NA,NA
"blood","transcript-rna-seq","ENSG00000172780.17",0.414758255182167,0.234514554949943,0.595001955414391,0.00015299412581418,"ADUResist","post_3.5_4_hr","transcript-rna-seq",-0.451868852031615,-0.648455257339626,-0.255282446723605,0.0010140673024386,"339122","RAB43","ENSG00000172780",NA,NA,NA,NA
"blood","transcript-rna-seq","ENSG00000260078.4",0.474961587283346,0.26852367396513,0.681399500601562,0.000153624928542579,"ADUResist","post_3.5_4_hr","transcript-rna-seq",-0.338485566663734,-0.564501786672719,-0.112469346654749,0.0396119489388854,"643802",NA,"ENSG00000260078",NA,NA,NA,NA
"blood","transcript-rna-seq","ENSG00000107738.20",0.353203275121583,0.199657528107618,0.506749022135548,0.000153920964230212,"ADUResist","post_3.5_4_hr","transcript-rna-seq",-0.367145160439597,-0.544114348754635,-0.190175972124558,0.00253652506486572,"64115","VSIR","ENSG00000107738",NA,NA,NA,NA
"blood","transcript-rna-seq","ENSG00000008517.19",-0.382556262010135,-0.54897516491821,-0.216137359102061,0.000155953553388787,"ADUResist","post_3.5_4_hr","transcript-rna-seq",0.362646849392746,0.17394522477099,0.551348474014502,0.00511049791310108,"9235","IL32","ENSG00000008517",NA,NA,NA,NA
"blood","transcript-rna-seq","ENSG00000122965.11",-0.317230544692003,-0.455365337075278,-0.179095752308727,0.000158185348698094,"ADUResist","post_3.5_4_hr","transcript-rna-seq",0.252844945504584,0.0975637546850077,0.408126136324161,0.0209767008195249,"9904","RBM19","ENSG00000122965",NA,NA,NA,NA
"blood","transcript-rna-seq","ENSG00000100226.16",0.249152929640922,0.140610643189067,0.357695216092777,0.000159998798622864,"ADUResist","post_3.5_4_hr","transcript-rna-seq",-0.253886838888336,-0.38381114103853,-0.123962536738143,0.00440801703190278,"9567","GTPBP1","ENSG00000100226",NA,NA,NA,NA
"blood","transcript-rna-seq","ENSG00000070495.15",0.324734554004254,0.183226027641972,0.466243080366537,0.000160412070329592,"ADUResist","post_3.5_4_hr","transcript-rna-seq",-0.227498942698538,-0.385034282164034,-0.0699636032330415,0.0499368302521779,"23210","JMJD6","ENSG00000070495",NA,NA,NA,NA
"blood","transcript-rna-seq","ENSG00000203747.12",0.294961279660367,0.166410894376563,0.42351166494417,0.000160915071974607,"ADUResist","post_3.5_4_hr","transcript-rna-seq",-0.351948480374299,-0.501993644409776,-0.201903316338821,0.000865020916566344,"2214","FCGR3A","ENSG00000203747",NA,NA,NA,NA
"blood","transcript-rna-seq","ENSG00000160211.19",0.33935579539116,0.191378874779453,0.487332716002867,0.000161977603834356,"ADUResist","post_3.5_4_hr","transcript-rna-seq",-0.342975422842846,-0.509672699898068,-0.176278145787625,0.00277301038716713,"2539","G6PD","ENSG00000160211",NA,NA,NA,NA
"blood","transcript-rna-seq","ENSG00000100991.12",0.217519197162956,0.122525667123234,0.312512727202677,0.000166171399472545,"ADUResist","post_3.5_4_hr","transcript-rna-seq",-0.160056950054764,-0.266655286597309,-0.0534586135122185,0.0388408749932435,"26133","TRPC4AP","ENSG00000100991",NA,NA,NA,NA
"blood","transcript-rna-seq","ENSG00000135426.16",-0.317606052928869,-0.456334848408064,-0.178877257449674,0.000167168175631768,"ADUResist","post_3.5_4_hr","transcript-rna-seq",0.289748845390172,0.127040666951207,0.452457023829137,0.0101877344233574,"9840","TESPA1","ENSG00000135426",NA,NA,NA,NA
"blood","transcript-rna-seq","ENSG00000103507.14",0.322883744534452,0.181769550984083,0.463997938084821,0.000168606954898403,"ADUResist","post_3.5_4_hr","transcript-rna-seq",-0.364941913470226,-0.52074920136817,-0.209134625572281,0.000873379889568022,"10295","BCKDK","ENSG00000103507",NA,NA,NA,NA
"blood","transcript-rna-seq","ENSG00000174021.12",0.344856378629676,0.194118290087383,0.495594467171969,0.000169005540332851,"ADUResist","post_3.5_4_hr","transcript-rna-seq",-0.260600849038368,-0.426204080799646,-0.0949976172770892,0.0276491590689429,"2787","GNG5","ENSG00000174021",NA,NA,NA,NA
"blood","transcript-rna-seq","ENSG00000196405.13",-0.277126535647385,-0.398271504139,-0.15598156715577,0.000169230344833575,"ADUResist","post_3.5_4_hr","transcript-rna-seq",0.272731523372928,0.136693965899943,0.408769080845914,0.00349046309873948,"51466","EVL","ENSG00000196405",NA,NA,NA,NA
"blood","transcript-rna-seq","ENSG00000162869.16",0.270517272422487,0.152209763060483,0.388824781784492,0.000169613587394279,"ADUResist","post_3.5_4_hr","transcript-rna-seq",-0.193818482889716,-0.327846806478038,-0.0597901593013941,0.0494138933680853,"129285","PPP1R21","ENSG00000162869",NA,NA,NA,NA
"blood","transcript-rna-seq","ENSG00000198961.10",0.406042088753949,0.228491623474026,0.583592554033872,0.000169613587394279,"ADUResist","post_3.5_4_hr","transcript-rna-seq",-0.290679652939648,-0.485608651887344,-0.095750653991952,0.0406563247209853,"9867","PJA2","ENSG00000198961",NA,NA,NA,NA
"blood","transcript-rna-seq","ENSG00000101849.18",0.297892366812711,0.16756409786003,0.428220635765391,0.000171553914606224,"ADUResist","post_3.5_4_hr","transcript-rna-seq",-0.291822790403913,-0.439735488574237,-0.143910092233589,0.00400046559138018,"6907","TBL1X","ENSG00000101849",NA,NA,NA,NA
"blood","transcript-rna-seq","ENSG00000068383.19",0.381738003213764,0.214634503429659,0.548841502997868,0.000172930671595256,"ADUResist","post_3.5_4_hr","transcript-rna-seq",-0.293178680537408,-0.473421487093082,-0.112935873981734,0.0211621394366006,"3632","INPP5A","ENSG00000068383",NA,NA,NA,NA
"blood","transcript-rna-seq","ENSG00000112763.17",0.222223678944586,0.124882480317796,0.319564877571375,0.000175491620072068,"ADUResist","post_3.5_4_hr","transcript-rna-seq",-0.182198636047439,-0.295314791252453,-0.0690824808424252,0.0229204738596045,"11120","BTN2A1","ENSG00000112763",NA,NA,NA,NA
"blood","transcript-rna-seq","ENSG00000111737.12",0.224741402358866,0.126231208738676,0.323251595979056,0.00017688082455462,"ADUResist","post_3.5_4_hr","transcript-rna-seq",-0.233715648318408,-0.343883309917971,-0.123547986718845,0.00201899505562625,"11021","RAB35","ENSG00000111737",NA,NA,NA,NA
"blood","transcript-rna-seq","ENSG00000166986.15",0.211084195126943,0.118547149445957,0.303621240807928,0.000177476744669482,"ADUResist","post_3.5_4_hr","transcript-rna-seq",-0.153357538573638,-0.25637337734282,-0.0503416998044559,0.041213066654297,"4141","MARS1","ENSG00000166986",NA,NA,NA,NA
"blood","transcript-rna-seq","ENSG00000182866.17",-0.342914122902134,-0.493275264525681,-0.192552981278588,0.000178019959313217,"ADUResist","post_3.5_4_hr","transcript-rna-seq",0.384042049193237,0.215405602333678,0.552678496052796,0.00112356299638894,"3932","LCK","ENSG00000182866",NA,NA,NA,NA
"blood","transcript-rna-seq","ENSG00000137076.21",0.244068739968812,0.136927896031204,0.35120958390642,0.000181502342544144,"ADUResist","post_3.5_4_hr","transcript-rna-seq",-0.187704009762776,-0.312305037465272,-0.0631029820602792,0.0378748787367002,"7094","TLN1","ENSG00000137076",NA,NA,NA,NA
"blood","transcript-rna-seq","ENSG00000065615.14",0.362755568579239,0.203405248385577,0.522105888772901,0.000183900522746891,"ADUResist","post_3.5_4_hr","transcript-rna-seq",-0.319904693016504,-0.497025436008668,-0.14278395002434,0.0090014092670223,"51167","CYB5R4","ENSG00000065615",NA,NA,NA,NA
"blood","transcript-rna-seq","ENSG00000108599.15",0.280489068699883,0.157088679639303,0.403889457760464,0.000188816864841675,"ADUResist","post_3.5_4_hr","transcript-rna-seq",-0.213234398927696,-0.351059427458798,-0.0754093703965941,0.0314919616538071,"11216","AKAP10","ENSG00000108599",NA,NA,NA,NA
"blood","transcript-rna-seq","ENSG00000070413.20",0.255923530201655,0.143317483383723,0.368529577019588,0.000189295749993803,"ADUResist","post_3.5_4_hr","transcript-rna-seq",-0.23867606522775,-0.368978062485617,-0.108374067969884,0.00791447511076481,"9993","DGCR2","ENSG00000070413",NA,NA,NA,NA
"blood","transcript-rna-seq","ENSG00000160883.11",0.365073747788808,0.204432812153509,0.525714683424108,0.000189295749993803,"ADUResist","post_3.5_4_hr","transcript-rna-seq",-0.403048183802301,-0.583728495832811,-0.222367871771792,0.00132328064314154,"3101","HK3","ENSG00000160883",NA,NA,NA,NA
"blood","transcript-rna-seq","ENSG00000186517.14",0.23167752571918,0.129719555479356,0.333635495959003,0.000189295749993803,"ADUResist","post_3.5_4_hr","transcript-rna-seq",-0.236058845423933,-0.354818782350748,-0.117298908497119,0.00374071244680929,"257106","ARHGAP30","ENSG00000186517",NA,NA,NA,NA
"blood","transcript-rna-seq","ENSG00000187109.15",-0.200435615023491,-0.288661894158044,-0.112209335888939,0.000190113007024226,"ADUResist","post_3.5_4_hr","transcript-rna-seq",0.167777195429751,0.064552188747895,0.271002202111606,0.0213036438828088,"4673","NAP1L1","ENSG00000187109",NA,NA,NA,NA
"blood","transcript-rna-seq","ENSG00000143376.14",0.359950731352451,0.201485722479161,0.518415740225741,0.000190201037421709,"ADUResist","post_3.5_4_hr","transcript-rna-seq",-0.289179383140553,-0.467447552824177,-0.110911213456929,0.02163588988207,"81609","SNX27","ENSG00000143376",NA,NA,NA,NA
"blood","transcript-rna-seq","ENSG00000146067.16",0.269542930727323,0.150856400490617,0.38822946096403,0.000190307190467226,"ADUResist","post_3.5_4_hr","transcript-rna-seq",-0.24981026502225,-0.373251329928277,-0.126369200116224,0.00317574278386949,"54540","FAM193B","ENSG00000146067",NA,NA,NA,NA
"blood","transcript-rna-seq","ENSG00000187116.14",0.431938027212399,0.241699904520547,0.622176149904251,0.000191871793506438,"ADUResist","post_3.5_4_hr","transcript-rna-seq",-0.460965979309962,-0.682324708724493,-0.239607249895431,0.00245302562887817,"353514","LILRA5","ENSG00000187116",NA,NA,NA,NA
"blood","transcript-rna-seq","ENSG00000173011.12",0.287091662093761,0.160607649582429,0.413575674605094,0.000191919116894376,"ADUResist","post_3.5_4_hr","transcript-rna-seq",-0.221088281639661,-0.361353545931751,-0.080823017347571,0.0273440009618446,"93624","TADA2B","ENSG00000173011",NA,NA,NA,NA
"blood","transcript-rna-seq","ENSG00000023445.16",-0.369068561775,-0.53197791036425,-0.20615921318575,0.000198987041167205,"ADUResist","post_3.5_4_hr","transcript-rna-seq",0.396774287136141,0.206260331510435,0.587288242761847,0.00245105281591839,"330","BIRC3","ENSG00000023445",NA,NA,NA,NA
"blood","transcript-rna-seq","ENSG00000161905.13",-0.631637441348377,-0.910446822433503,-0.352828060263251,0.000199804714537107,"ADUResist","post_3.5_4_hr","transcript-rna-seq",0.592749903430399,0.190196788187715,0.995303018673084,0.0440615217477948,"246","ALOX15","ENSG00000161905",NA,NA,NA,NA
"blood","transcript-rna-seq","ENSG00000136371.11",0.486458850848885,0.271602846321402,0.701314855376367,0.000200611701322098,"ADUResist","post_3.5_4_hr","transcript-rna-seq",-0.539242506221282,-0.773713456433172,-0.304771556009393,0.00100800393384187,"10588","MTHFS","ENSG00000136371",NA,NA,NA,NA
"blood","transcript-rna-seq","ENSG00000100485.12",0.434625976272349,0.242665975847609,0.626585976697088,0.000200611701322098,"ADUResist","post_3.5_4_hr","transcript-rna-seq",-0.391559665637655,-0.60479811244562,-0.17832121882969,0.00773715996090845,"6655","SOS2","ENSG00000100485",NA,NA,NA,NA
"blood","transcript-rna-seq","ENSG00000120306.11",0.438983700628757,0.245086696001272,0.632880705256242,0.000201020729235312,"ADUResist","post_3.5_4_hr","transcript-rna-seq",-0.562317238911318,-0.78972516569019,-0.334909312132447,0.000470529286385611,"84418","CYSTM1","ENSG00000120306",NA,NA,NA,NA
"blood","transcript-rna-seq","ENSG00000130939.20",0.252869353659878,0.141147529290587,0.364591178029168,0.000201151376973134,"ADUResist","post_3.5_4_hr","transcript-rna-seq",-0.24987394839339,-0.375857123831583,-0.123890772955198,0.00381559436524689,"10277","UBE4B","ENSG00000130939",NA,NA,NA,NA
"blood","transcript-rna-seq","ENSG00000159882.13",0.455874033684138,0.254420023731788,0.657328043636487,0.000201997900960725,"ADUResist","post_3.5_4_hr","transcript-rna-seq",-0.365195573544566,-0.584009279530587,-0.146381867558544,0.0173172534137053,"7773","ZNF230","ENSG00000159882",NA,NA,NA,NA
"blood","transcript-rna-seq","ENSG00000162702.8",0.502638721189415,0.280407909397503,0.724869532981327,0.000203433062917987,"ADUResist","post_3.5_4_hr","transcript-rna-seq",-0.368995027642977,-0.605965175261466,-0.132024880024488,0.0299974309188237,"23528","ZNF281","ENSG00000162702",NA,NA,NA,NA
"blood","transcript-rna-seq","ENSG00000165272.16",-0.360450810067872,-0.519814086900529,-0.201087533235216,0.000203775486176965,"ADUResist","post_3.5_4_hr","transcript-rna-seq",0.378916088616706,0.194601302443214,0.563230874790198,0.00279568126407226,"360","AQP3","ENSG00000165272",NA,NA,NA,NA
"blood","transcript-rna-seq","ENSG00000159842.16",0.219569642690051,0.122474467754141,0.316664817625961,0.000204131956188649,"ADUResist","post_3.5_4_hr","transcript-rna-seq",-0.218833889024729,-0.330686839181256,-0.106980938868202,0.00435356707580938,"29","ABR","ENSG00000159842",NA,NA,NA,NA
"blood","transcript-rna-seq","ENSG00000108946.16",0.364014941765519,0.20285939982408,0.525170483706958,0.000208113029700995,"ADUResist","post_3.5_4_hr","transcript-rna-seq",-0.327799174082612,-0.507256324629875,-0.148342023535349,0.00808111030332957,"5573","PRKAR1A","ENSG00000108946",NA,NA,NA,NA
"blood","transcript-rna-seq","ENSG00000197321.16",0.357730534296729,0.199361270213241,0.516099798380216,0.000208165027827599,"ADUResist","post_3.5_4_hr","transcript-rna-seq",-0.29266553793625,-0.468993430055207,-0.116337645817292,0.0181264380074849,"6840","SVIL","ENSG00000197321",NA,NA,NA,NA
"blood","transcript-rna-seq","ENSG00000160570.14",0.262104634080493,0.146033518204321,0.378175749956665,0.000209140207297525,"ADUResist","post_3.5_4_hr","transcript-rna-seq",-0.338104602739814,-0.470784079618982,-0.205425125860646,0.000327237448575335,"162989","DEDD2","ENSG00000160570",NA,NA,NA,NA
"blood","transcript-rna-seq","ENSG00000198898.15",0.341197570447155,0.19004844946504,0.49234669142927,0.000210170386896498,"ADUResist","post_3.5_4_hr","transcript-rna-seq",-0.273242236177089,-0.43804780473234,-0.108436667621838,0.0182731985767463,"830","CAPZA2","ENSG00000198898",NA,NA,NA,NA
"blood","transcript-rna-seq","ENSG00000162341.18",0.350702326673179,0.195228580075299,0.50617607327106,0.000213286079030211,"ADUResist","post_3.5_4_hr","transcript-rna-seq",-0.346892609618265,-0.515819122725544,-0.177966096510986,0.00281423836742531,"219931","TPCN2","ENSG00000162341",NA,NA,NA,NA
"blood","transcript-rna-seq","ENSG00000159592.11",0.193415040818922,0.107638671213702,0.279191410424143,0.000213846640953154,"ADUResist","post_3.5_4_hr","transcript-rna-seq",-0.15383887161352,-0.247359134851355,-0.0603186083756835,0.0193827842796499,"60313","GPBP1L1","ENSG00000159592",NA,NA,NA,NA
"blood","transcript-rna-seq","ENSG00000233461.6",0.551719413705718,0.30705705445106,0.796381772960377,0.000214314884241547,"ADUResist","post_3.5_4_hr","transcript-rna-seq",-0.421738190251352,-0.711962632462661,-0.131513748040043,0.0480075108011728,NA,NA,"ENSG00000233461",NA,NA,NA,NA
"blood","transcript-rna-seq","ENSG00000179144.5",-0.270392558530456,-0.390348077298592,-0.15043703976232,0.000215489047544739,"ADUResist","post_3.5_4_hr","transcript-rna-seq",0.237995381779923,0.0982080161961061,0.37778274736374,0.0149011477497031,"168537","GIMAP7","ENSG00000179144",NA,NA,NA,NA
"blood","transcript-rna-seq","ENSG00000068650.19",0.437087736955976,0.243073047374863,0.631102426537089,0.0002174801938778,"ADUResist","post_3.5_4_hr","transcript-rna-seq",-0.355494026708105,-0.570088886309785,-0.140899167106426,0.0183486770592552,"23250","ATP11A","ENSG00000068650",NA,NA,NA,NA
"blood","transcript-rna-seq","ENSG00000159399.10",0.412239397870172,0.229120162761286,0.595358632979058,0.000220760493636655,"ADUResist","post_3.5_4_hr","transcript-rna-seq",-0.474833174068652,-0.676759749100512,-0.272906599036792,0.000844908177660073,"3099","HK2","ENSG00000159399",NA,NA,NA,NA
"blood","transcript-rna-seq","ENSG00000017797.13",0.268738761605558,0.1492686577366,0.388208865474516,0.00022336538885262,"ADUResist","post_3.5_4_hr","transcript-rna-seq",-0.285840317091571,-0.423296023635916,-0.148384610547226,0.00247963135352902,"10928","RALBP1","ENSG00000017797",NA,NA,NA,NA
"blood","transcript-rna-seq","ENSG00000070814.22",-0.263181812476089,-0.380218542625813,-0.146145082326366,0.000223913649109745,"ADUResist","post_3.5_4_hr","transcript-rna-seq",0.239395307041772,0.104875624515855,0.373914989567688,0.010222076733806,"6949","TCOF1","ENSG00000070814",NA,NA,NA,NA
"blood","transcript-rna-seq","ENSG00000111052.8",0.456151875070276,0.253273976186155,0.659029773954397,0.000224988483825448,"ADUResist","post_3.5_4_hr","transcript-rna-seq",-0.334688280547767,-0.55764824952169,-0.111728311573844,0.038911502627139,"8825","LIN7A","ENSG00000111052",NA,NA,NA,NA
"blood","transcript-rna-seq","ENSG00000146425.11",0.33498436324002,0.185946203520975,0.484022522959065,0.000226074202586228,"ADUResist","post_3.5_4_hr","transcript-rna-seq",-0.295901263756417,-0.468664945683415,-0.12313758182942,0.0142453876056744,"6993","DYNLT1","ENSG00000146425",NA,NA,NA,NA
"blood","transcript-rna-seq","ENSG00000116489.13",0.320117237482902,0.17765066407685,0.462583810888955,0.000226684929856631,"ADUResist","post_3.5_4_hr","transcript-rna-seq",-0.254408636563111,-0.412367368370398,-0.096449904755825,0.0229204738596045,"829","CAPZA1","ENSG00000116489",NA,NA,NA,NA
"blood","transcript-rna-seq","ENSG00000103335.22",-0.239502150099911,-0.346126251762172,-0.13287804843765,0.000228041029212315,"ADUResist","post_3.5_4_hr","transcript-rna-seq",0.213278058955442,0.0948047206279399,0.331751397282944,0.00925509696442019,"9780","PIEZO1","ENSG00000103335",NA,NA,NA,NA
"blood","transcript-rna-seq","ENSG00000163131.12",0.24530339740704,0.136092701123238,0.354514093690843,0.000228315288306683,"ADUResist","post_3.5_4_hr","transcript-rna-seq",-0.271635866664353,-0.401961205226566,-0.141310528102139,0.00243153984222184,"1520","CTSS","ENSG00000163131",NA,NA,NA,NA
"blood","transcript-rna-seq","ENSG00000167193.8",0.297556231445444,0.164970541733922,0.430141921156967,0.000231169759933731,"ADUResist","post_3.5_4_hr","transcript-rna-seq",-0.280898672738644,-0.433050288171095,-0.128747057306193,0.00736095279783477,"1398","CRK","ENSG00000167193",NA,NA,NA,NA
"blood","transcript-rna-seq","ENSG00000158717.11",0.225705074208122,0.124973794927111,0.326436353489133,0.000238221243392583,"ADUResist","post_3.5_4_hr","transcript-rna-seq",-0.208914249156248,-0.323097937620611,-0.0947305606918841,0.00799767838279296,"115992","RNF166","ENSG00000158717",NA,NA,NA,NA
"blood","transcript-rna-seq","ENSG00000177105.10",0.323850768086459,0.179289174068613,0.468412362104304,0.00023842785176671,"ADUResist","post_3.5_4_hr","transcript-rna-seq",-0.276112938230005,-0.440874099911096,-0.111351776548914,0.016870129895505,"391","RHOG","ENSG00000177105",NA,NA,NA,NA
"blood","transcript-rna-seq","ENSG00000113263.13",-0.374517523665483,-0.541762127339805,-0.207272919991161,0.000239506066254311,"ADUResist","post_3.5_4_hr","transcript-rna-seq",0.287032690439734,0.100701360833247,0.473364020046221,0.0325164715324698,"3702","ITK","ENSG00000113263",NA,NA,NA,NA
"blood","transcript-rna-seq","ENSG00000177156.11",0.338978860609243,0.187545679317135,0.490412041901351,0.000240904048624794,"ADUResist","post_3.5_4_hr","transcript-rna-seq",-0.311541717750186,-0.483114658128769,-0.139968777371604,0.00855799842289325,"6888","TALDO1","ENSG00000177156",NA,NA,NA,NA
"blood","transcript-rna-seq","ENSG00000135709.14",0.263081821828569,0.145527140034031,0.380636503623108,0.000241635868733099,"ADUResist","post_3.5_4_hr","transcript-rna-seq",-0.264651426016846,-0.401476180771926,-0.127826671261765,0.00488872999540437,"9764","KIAA0513","ENSG00000135709",NA,NA,NA,NA
"blood","transcript-rna-seq","ENSG00000117115.13",0.430683470886887,0.238189185202053,0.623177756571721,0.000242831092018518,"ADUResist","post_3.5_4_hr","transcript-rna-seq",-0.477767859617572,-0.696306966607312,-0.259228752627832,0.00156377987390197,"11240","PADI2","ENSG00000117115",NA,NA,NA,NA
"blood","transcript-rna-seq","ENSG00000215788.11",-0.374130820248009,-0.541405597485903,-0.206856043010115,0.000243700068423069,"ADUResist","post_3.5_4_hr","transcript-rna-seq",0.345787531894957,0.160356651408654,0.53121841238126,0.00667894841583058,"8718","TNFRSF25","ENSG00000215788",NA,NA,NA,NA
"blood","transcript-rna-seq","ENSG00000175061.19",-0.24936429717927,-0.360869325931395,-0.137859268427146,0.000244039217885189,"ADUResist","post_3.5_4_hr","transcript-rna-seq",0.22932600547209,0.0986723892556553,0.359979621688524,0.0116267529894193,"125144","SNHG29","ENSG00000175061",NA,NA,NA,NA
"blood","transcript-rna-seq","ENSG00000134954.14",-0.331019467564409,-0.479101786117437,-0.182937149011381,0.000245296750467961,"ADUResist","post_3.5_4_hr","transcript-rna-seq",0.308063403170038,0.146098888373476,0.470027917966599,0.0056093076262167,"2113","ETS1","ENSG00000134954",NA,NA,NA,NA
"blood","transcript-rna-seq","ENSG00000089169.15",0.643384573568839,0.355565056237806,0.931204090899872,0.000245863500365451,"ADUResist","post_3.5_4_hr","transcript-rna-seq",-0.462526837265511,-0.736448155674609,-0.188605518856413,0.0158083777650718,"22895","RPH3A","ENSG00000089169",NA,NA,NA,NA
"blood","transcript-rna-seq","ENSG00000054523.19",0.427571144972942,0.236224905763001,0.618917384182884,0.000246644159863498,"ADUResist","post_3.5_4_hr","transcript-rna-seq",-0.425234860590628,-0.641050728738989,-0.209418992442267,0.00405051145711394,"23095","KIF1B","ENSG00000054523",NA,NA,NA,NA
"blood","transcript-rna-seq","ENSG00000274536.8",0.468282705935824,0.258665810772874,0.677899601098774,0.000247477079566499,"ADUResist","post_3.5_4_hr","transcript-rna-seq",-0.511108771683821,-0.736347877241453,-0.285869666126189,0.00113184393656794,"115891964","MIR223HG","ENSG00000274536",NA,NA,NA,NA
"blood","transcript-rna-seq","ENSG00000005007.13",0.25829461530882,0.142599741727433,0.373989488890207,0.000249831452150706,"ADUResist","post_3.5_4_hr","transcript-rna-seq",-0.239261835899532,-0.37157635982744,-0.106947311971623,0.0089131926249116,"5976","UPF1","ENSG00000005007",NA,NA,NA,NA
"blood","transcript-rna-seq","ENSG00000064547.14",0.404433291744388,0.223268782052121,0.585597801436655,0.000250366725141147,"ADUResist","post_3.5_4_hr","transcript-rna-seq",-0.327378756336723,-0.52581877316918,-0.128938739504266,0.0189878470463986,"9170","LPAR2","ENSG00000064547",NA,NA,NA,NA
"blood","transcript-rna-seq","ENSG00000130755.13",0.340768415004394,0.187892720853766,0.493644109155022,0.000256995875994046,"ADUResist","post_3.5_4_hr","transcript-rna-seq",-0.343309176429109,-0.509888774562793,-0.176729578295425,0.00272038293484834,"9535","GMFG","ENSG00000130755",NA,NA,NA,NA
"blood","transcript-rna-seq","ENSG00000164919.11",-0.338327462831095,-0.490225420645576,-0.186429505016613,0.00025978059678639,"ADUResist","post_3.5_4_hr","transcript-rna-seq",0.292664621067984,0.112279047785523,0.473050194350445,0.0216270484671207,"1345","COX6C","ENSG00000164919",NA,NA,NA,NA
"blood","transcript-rna-seq","ENSG00000181222.19",0.205363328146365,0.113149961065857,0.297576695226874,0.00025978059678639,"ADUResist","post_3.5_4_hr","transcript-rna-seq",-0.189754779955505,-0.294634113608163,-0.0848754463028475,0.00885564776424375,"5430","POLR2A","ENSG00000181222",NA,NA,NA,NA
"blood","transcript-rna-seq","ENSG00000096384.20",-0.25208120381811,-0.36530303665164,-0.138859370984581,0.000261217804569016,"ADUResist","post_3.5_4_hr","transcript-rna-seq",0.211593057794065,0.0863837321257652,0.336802383462365,0.0157136663285118,"3326","HSP90AB1","ENSG00000096384",NA,NA,NA,NA
"blood","transcript-rna-seq","ENSG00000071127.17",0.190269104186163,0.104804278232542,0.275733930139783,0.000261269079574299,"ADUResist","post_3.5_4_hr","transcript-rna-seq",-0.187611529572038,-0.285470119185209,-0.0897529399588674,0.00522951304220357,"9948","WDR1","ENSG00000071127",NA,NA,NA,NA
"blood","transcript-rna-seq","ENSG00000130066.17",0.2540569049502,0.139946539472723,0.368167270427677,0.000261801256542605,"ADUResist","post_3.5_4_hr","transcript-rna-seq",-0.266438448546115,-0.404130970763018,-0.128745926329212,0.00487223760313515,"6303","SAT1","ENSG00000130066",NA,NA,NA,NA
"blood","transcript-rna-seq","ENSG00000163788.14",0.337786281395482,0.186014249689509,0.489558313101456,0.000262383809722943,"ADUResist","post_3.5_4_hr","transcript-rna-seq",-0.265616414484093,-0.433735714193471,-0.0974971147747152,0.026883765210844,"54861","SNRK","ENSG00000163788",NA,NA,NA,NA
"blood","transcript-rna-seq","ENSG00000163644.15",-0.31986666655774,-0.463579533211622,-0.176153799903858,0.000262383809722943,"ADUResist","post_3.5_4_hr","transcript-rna-seq",0.306270634267837,0.140759141664876,0.471782126870798,0.00719325256802407,"152926","PPM1K","ENSG00000163644",NA,NA,NA,NA
"blood","transcript-rna-seq","ENSG00000143207.21",0.28513508683995,0.156973955326801,0.413296218353099,0.000264260286900089,"ADUResist","post_3.5_4_hr","transcript-rna-seq",-0.344028861577695,-0.489435590170881,-0.198622132984509,0.000806398568473682,"64326","COP1","ENSG00000143207",NA,NA,NA,NA
"blood","transcript-rna-seq","ENSG00000115310.19",0.242637371446058,0.133554817609768,0.351719925282348,0.000264848130144228,"ADUResist","post_3.5_4_hr","transcript-rna-seq",-0.217097453798349,-0.339870581297167,-0.0943243262995311,0.0108860867700342,"57142","RTN4","ENSG00000115310",NA,NA,NA,NA
"blood","transcript-rna-seq","ENSG00000110400.11",0.474317009528802,0.26096894066937,0.687665078388234,0.00026717477887598,"ADUResist","post_3.5_4_hr","transcript-rna-seq",-0.366109703170209,-0.606695200926923,-0.125524205413495,0.0354052090258514,"5818","NECTIN1","ENSG00000110400",NA,NA,NA,NA
"blood","transcript-rna-seq","ENSG00000114353.17",0.238669905302165,0.131296372958807,0.346043437645524,0.000267904915192294,"ADUResist","post_3.5_4_hr","transcript-rna-seq",-0.289059625396202,-0.410592962559461,-0.167526288232944,0.00078768163965555,"2771","GNAI2","ENSG00000114353",NA,NA,NA,NA
"blood","transcript-rna-seq","ENSG00000101084.19",0.338501916229911,0.186141120520556,0.490862711939265,0.0002698120430781,"ADUResist","post_3.5_4_hr","transcript-rna-seq",-0.325137932434552,-0.497658483025952,-0.152617381843153,0.00604581156735084,"55969","RAB5IF","ENSG00000101084",NA,NA,NA,NA
"blood","transcript-rna-seq","ENSG00000268903.1",0.492309821591781,0.270715047294925,0.713904595888637,0.000269994305480503,"ADUResist","post_3.5_4_hr","transcript-rna-seq",-0.390763869442855,-0.630211000677792,-0.151316738207918,0.020691495740508,NA,NA,"ENSG00000268903",NA,NA,NA,NA
"blood","transcript-rna-seq","ENSG00000142784.16",0.225093196414521,0.123736244912464,0.326450147916579,0.000271473545425977,"ADUResist","post_3.5_4_hr","transcript-rna-seq",-0.252655664330987,-0.36937162152547,-0.135939707136503,0.0017030166310847,"23038","WDTC1","ENSG00000142784",NA,NA,NA,NA
"blood","transcript-rna-seq","ENSG00000168040.5",0.396653347898209,0.217965664161973,0.575341031634444,0.000273058539477619,"ADUResist","post_3.5_4_hr","transcript-rna-seq",-0.370262963894016,-0.563812580834593,-0.17671334695344,0.00534561791357656,"8772","FADD","ENSG00000168040",NA,NA,NA,NA
"blood","transcript-rna-seq","ENSG00000058091.17",0.524008443131327,0.287866683263104,0.760150202999551,0.000274164715420326,"ADUResist","post_3.5_4_hr","transcript-rna-seq",-0.404453244676751,-0.66141373626634,-0.147492753087162,0.0275938108408789,"5218","CDK14","ENSG00000058091",NA,NA,NA,NA
"blood","transcript-rna-seq","ENSG00000089693.11",0.28799133180641,0.158198846474421,0.417783817138398,0.000274988483867567,"ADUResist","post_3.5_4_hr","transcript-rna-seq",-0.235011130643493,-0.381636528830008,-0.088385732456977,0.0239269631671144,"8079","MLF2","ENSG00000089693",NA,NA,NA,NA
"blood","transcript-rna-seq","ENSG00000163682.17",-0.265871158382589,-0.385819182244714,-0.145923134520465,0.000279582870315799,"ADUResist","post_3.5_4_hr","transcript-rna-seq",0.204507948366347,0.0661588155437904,0.342857081188903,0.0429384315556425,"6133","RPL9","ENSG00000163682",NA,NA,NA,NA
"blood","transcript-rna-seq","ENSG00000162894.12",-0.259083427800685,-0.376041396081094,-0.142125459520276,0.000282817950994954,"ADUResist","post_3.5_4_hr","transcript-rna-seq",0.324472295534544,0.188732897349665,0.460211693719424,0.00074624949040003,"9214","FCMR","ENSG00000162894",NA,NA,NA,NA
"blood","transcript-rna-seq","ENSG00000083845.9",-0.305391191015651,-0.443458088484269,-0.167324293547032,0.000289721341882267,"ADUResist","post_3.5_4_hr","transcript-rna-seq",0.258580713138944,0.0984705414240005,0.418690884853887,0.0224441037976204,"6193","RPS5","ENSG00000083845",NA,NA,NA,NA
"blood","transcript-rna-seq","ENSG00000164054.17",0.256510463910805,0.140545164414032,0.372475763407579,0.000290013704526635,"ADUResist","post_3.5_4_hr","transcript-rna-seq",-0.225073651353124,-0.37258636208978,-0.0775609406164686,0.0346910578994301,"51246","SHISA5","ENSG00000164054",NA,NA,NA,NA
"blood","transcript-rna-seq","ENSG00000139496.16",0.408443564253988,0.223674087720669,0.593213040787307,0.000291626204460877,"ADUResist","post_3.5_4_hr","transcript-rna-seq",-0.334644594524746,-0.539978772725555,-0.129310416323937,0.0208602497195611,"9818","NUP58","ENSG00000139496",NA,NA,NA,NA
"blood","transcript-rna-seq","ENSG00000088038.19",0.200571803786076,0.109740218049113,0.291403389523039,0.000296748676423059,"ADUResist","post_3.5_4_hr","transcript-rna-seq",-0.184559011743854,-0.287750956907478,-0.0813670665802304,0.00980914273241042,"4849","CNOT3","ENSG00000088038",NA,NA,NA,NA
"blood","transcript-rna-seq","ENSG00000170515.14",-0.24148151493173,-0.350904032622118,-0.132058997241343,0.000300778574596067,"ADUResist","post_3.5_4_hr","transcript-rna-seq",0.279646270740735,0.15309403647687,0.4061985050046,0.00142003937861007,"5036","PA2G4","ENSG00000170515",NA,NA,NA,NA
"blood","transcript-rna-seq","ENSG00000171700.14",0.280754091615695,0.153516839835328,0.407991343396061,0.000300932846240346,"ADUResist","post_3.5_4_hr","transcript-rna-seq",-0.310001017636148,-0.45497411908419,-0.165027916188107,0.00190300468324258,"10287","RGS19","ENSG00000171700",NA,NA,NA,NA
"blood","transcript-rna-seq","ENSG00000120318.16",0.333963175671972,0.182573206610199,0.485353144733744,0.000302303328317985,"ADUResist","post_3.5_4_hr","transcript-rna-seq",-0.28316953627545,-0.455259858937663,-0.111079213613237,0.0193692649696053,"64411","ARAP3","ENSG00000120318",NA,NA,NA,NA
"blood","transcript-rna-seq","ENSG00000128731.18",-0.312077136245978,-0.453559010573213,-0.170595261918744,0.000302482979699288,"ADUResist","post_3.5_4_hr","transcript-rna-seq",0.335553886590506,0.172216746088906,0.498891027092106,0.00280960471858126,"8924","HERC2","ENSG00000128731",NA,NA,NA,NA
"blood","transcript-rna-seq","ENSG00000089157.16",-0.262720774773175,-0.381858210024009,-0.143583339522342,0.000302858130029294,"ADUResist","post_3.5_4_hr","transcript-rna-seq",0.228967911783778,0.093649229508385,0.364286594059171,0.0155939707375382,"6175","RPLP0","ENSG00000089157",NA,NA,NA,NA
"blood","transcript-rna-seq","ENSG00000151702.17",0.248942201453001,0.136050352208272,0.361834050697731,0.000302858130029294,"ADUResist","post_3.5_4_hr","transcript-rna-seq",-0.195487046156788,-0.322198385651482,-0.0687757066620936,0.0321201056402881,"2313","FLI1","ENSG00000151702",NA,NA,NA,NA
"blood","transcript-rna-seq","ENSG00000083896.13",0.185017471499886,0.101046173170201,0.26898876982957,0.000306097988821452,"ADUResist","post_3.5_4_hr","transcript-rna-seq",-0.149681778960596,-0.24328419220406,-0.0560793657171312,0.0242905471233402,"91746","YTHDC1","ENSG00000083896",NA,NA,NA,NA
"blood","transcript-rna-seq","ENSG00000105053.11",0.238963235680426,0.130524085878228,0.347402385482625,0.000306097988821452,"ADUResist","post_3.5_4_hr","transcript-rna-seq",-0.271535187947152,-0.393279385519002,-0.149790990375303,0.00132328064314154,"51231","VRK3","ENSG00000105053",NA,NA,NA,NA
"blood","transcript-rna-seq","ENSG00000091592.16",0.196891761078678,0.10738659423236,0.286396927924996,0.000316154661263043,"ADUResist","post_3.5_4_hr","transcript-rna-seq",-0.144313189800677,-0.242585140406672,-0.0460412391946815,0.0447397984550384,"22861","NLRP1","ENSG00000091592",NA,NA,NA,NA
"blood","transcript-rna-seq","ENSG00000120696.9",0.514405436039304,0.280463586361813,0.748347285716795,0.000317177317549129,"ADUResist","post_3.5_4_hr","transcript-rna-seq",-0.389846853743164,-0.64442657285796,-0.135267134628367,0.0337959318966687,"84078","KBTBD7","ENSG00000120696",NA,NA,NA,NA
"blood","transcript-rna-seq","ENSG00000181045.15",-0.354284310696188,-0.515435923226812,-0.193132698165563,0.00031851229061742,"ADUResist","post_3.5_4_hr","transcript-rna-seq",0.343764229959959,0.156498882025319,0.5310295778946,0.0077543218252972,"284129","SLC26A11","ENSG00000181045",NA,NA,NA,NA
"blood","transcript-rna-seq","ENSG00000135439.12",0.217207387236008,0.118386599547846,0.316028174924169,0.000319604577667997,"ADUResist","post_3.5_4_hr","transcript-rna-seq",-0.208115623644016,-0.319922901357824,-0.0963083459302075,0.00675246718372005,"116986","AGAP2","ENSG00000135439",NA,NA,NA,NA
"blood","transcript-rna-seq","ENSG00000027697.15",0.361827203806363,0.197148713771128,0.526505693841597,0.000321545687806284,"ADUResist","post_3.5_4_hr","transcript-rna-seq",-0.340125027242983,-0.522987777977766,-0.157262276508199,0.00678011146056423,"3459","IFNGR1","ENSG00000027697",NA,NA,NA,NA
"blood","transcript-rna-seq","ENSG00000160255.18",0.230110130834197,0.125245000704869,0.334975260963524,0.000329110547330741,"ADUResist","post_3.5_4_hr","transcript-rna-seq",-0.202395699983759,-0.327825750764567,-0.0769656492029515,0.0226197624682462,"3689","ITGB2","ENSG00000160255",NA,NA,NA,NA
"blood","transcript-rna-seq","ENSG00000092871.17",0.294497706991637,0.160223458737408,0.428771955245865,0.000331424058701554,"ADUResist","post_3.5_4_hr","transcript-rna-seq",-0.264783115693844,-0.413364945950086,-0.116201285437603,0.0101076460576636,"117584","RFFL","ENSG00000092871",NA,NA,NA,NA
"blood","transcript-rna-seq","ENSG00000186350.12",0.241899828338461,0.131604734480466,0.352194922196456,0.000331679381959096,"ADUResist","post_3.5_4_hr","transcript-rna-seq",-0.209417704918556,-0.343119120580528,-0.0757162892565836,0.0286779937981174,"6256","RXRA","ENSG00000186350",NA,NA,NA,NA
"blood","transcript-rna-seq","ENSG00000113732.9",0.253949864290492,0.138126380358429,0.369773348222555,0.000332498171586414,"ADUResist","post_3.5_4_hr","transcript-rna-seq",-0.253011841328445,-0.383329913447538,-0.122693769209352,0.00471773916151831,"8992","ATP6V0E1","ENSG00000113732",NA,NA,NA,NA
"blood","transcript-rna-seq","ENSG00000114942.14",-0.274495446959434,-0.399732284695218,-0.14925860922365,0.000333943055631228,"ADUResist","post_3.5_4_hr","transcript-rna-seq",0.211993767791401,0.0664432544916152,0.357544281091186,0.0473586301168248,"1933","EEF1B2","ENSG00000114942",NA,NA,NA,NA
"blood","transcript-rna-seq","ENSG00000105287.13",0.233216137074479,0.126781652076061,0.339650622072896,0.000335973870593732,"ADUResist","post_3.5_4_hr","transcript-rna-seq",-0.224263628373901,-0.346925863237305,-0.101601393510498,0.00804003720604045,"25865","PRKD2","ENSG00000105287",NA,NA,NA,NA
"blood","transcript-rna-seq","ENSG00000102760.13",-0.344149218293635,-0.501349262998809,-0.186949173588462,0.000341105177600365,"ADUResist","post_3.5_4_hr","transcript-rna-seq",0.308164982988052,0.102604472856287,0.513725493119817,0.0393128273213737,"28984","RGCC","ENSG00000102760",NA,NA,NA,NA
"blood","transcript-rna-seq","ENSG00000108654.16",0.182803399878717,0.0992771626069321,0.266329637150501,0.000342331683655793,"ADUResist","post_3.5_4_hr","transcript-rna-seq",-0.140930685370034,-0.231545318531812,-0.0503160522082556,0.030298568988926,"1655","DDX5","ENSG00000108654",NA,NA,NA,NA
"blood","transcript-rna-seq","ENSG00000163803.13",0.366659010126718,0.199112797780388,0.534205222473049,0.000343814228852894,"ADUResist","post_3.5_4_hr","transcript-rna-seq",-0.357364041398889,-0.557082805807178,-0.1576452769906,0.00979970562240101,"151056","PLB1","ENSG00000163803",NA,NA,NA,NA
"blood","transcript-rna-seq","ENSG00000166716.10",0.225364643401553,0.122344480780324,0.328384806022783,0.00034422787529729,"ADUResist","post_3.5_4_hr","transcript-rna-seq",-0.241845435890738,-0.361021246360442,-0.122669625421034,0.00310246232608782,"9640","ZNF592","ENSG00000166716",NA,NA,NA,NA
"blood","transcript-rna-seq","ENSG00000159496.15",0.457426064695482,0.248229977602239,0.666622151788724,0.000346661083638823,"ADUResist","post_3.5_4_hr","transcript-rna-seq",-0.390234508307541,-0.614781016428516,-0.165688000186566,0.0126486502318848,"266747","RGL4","ENSG00000159496",NA,NA,NA,NA
"blood","transcript-rna-seq","ENSG00000147459.18",0.393457262743489,0.213207371438561,0.573707154048416,0.000355134033318896,"ADUResist","post_3.5_4_hr","transcript-rna-seq",-0.331024222157414,-0.533106521345201,-0.128941922969627,0.0200970041044423,"80005","DOCK5","ENSG00000147459",NA,NA,NA,NA
"blood","transcript-rna-seq","ENSG00000163393.13",0.501886553593445,0.271767856899274,0.732005250287617,0.000360441827107178,"ADUResist","post_3.5_4_hr","transcript-rna-seq",-0.454553272281456,-0.706433001389204,-0.202673543173708,0.00906903590641303,"55356","SLC22A15","ENSG00000163393",NA,NA,NA,NA
"blood","transcript-rna-seq","ENSG00000196502.13",0.348715396211028,0.18883073983552,0.508600052586536,0.00036058428334969,"ADUResist","post_3.5_4_hr","transcript-rna-seq",-0.284512445417757,-0.458262449465538,-0.110762441369977,0.0201553765581182,"6817","SULT1A1","ENSG00000196502",NA,NA,NA,NA
"blood","transcript-rna-seq","ENSG00000215301.11",0.313008445292231,0.16945855609666,0.456558334487803,0.00036091698055659,"ADUResist","post_3.5_4_hr","transcript-rna-seq",-0.272676933496342,-0.431539715321739,-0.113814151670946,0.0139948575436249,"1654","DDX3X","ENSG00000215301",NA,NA,NA,NA
"blood","transcript-rna-seq","ENSG00000067082.15",0.282936734694092,0.153040937985777,0.412832531402406,0.000367520175897158,"ADUResist","post_3.5_4_hr","transcript-rna-seq",-0.357484775527686,-0.503847617541574,-0.211121933513798,0.000542272800911746,"1316","KLF6","ENSG00000067082",NA,NA,NA,NA
"blood","transcript-rna-seq","ENSG00000103365.15",-0.231114576789841,-0.337306590572669,-0.124922563007013,0.000373197790323578,"ADUResist","post_3.5_4_hr","transcript-rna-seq",0.228917878038217,0.108879769010453,0.348955987065982,0.00546477048392551,"23062","GGA2","ENSG00000103365",NA,NA,NA,NA
"blood","transcript-rna-seq","ENSG00000132357.14",0.39968173210842,0.216008958148803,0.583354506068038,0.000373344493867783,"ADUResist","post_3.5_4_hr","transcript-rna-seq",-0.32229054087704,-0.524216454234009,-0.12036462752007,0.0246296301600114,"84674","CARD6","ENSG00000132357",NA,NA,NA,NA
"blood","transcript-rna-seq","ENSG00000167491.18",0.181528198633425,0.0980641578220568,0.264992239444792,0.000375888344820655,"ADUResist","post_3.5_4_hr","transcript-rna-seq",-0.144871249783685,-0.240571620123997,-0.0491708794433738,0.0366472921718593,"54815","GATAD2A","ENSG00000167491",NA,NA,NA,NA
"blood","transcript-rna-seq","ENSG00000129925.11",0.245695063892476,0.132730060010734,0.358660067774217,0.000375888344820655,"ADUResist","post_3.5_4_hr","transcript-rna-seq",-0.310501411499458,-0.437518675673063,-0.183484147325853,0.000539401058447779,"58986","PGAP6","ENSG00000129925",NA,NA,NA,NA
"blood","transcript-rna-seq","ENSG00000114480.13",0.445173869818977,0.240257932930092,0.650089806707863,0.000381767305448716,"ADUResist","post_3.5_4_hr","transcript-rna-seq",-0.363828462773524,-0.581360214542503,-0.146296711004545,0.0170806820511797,"2632","GBE1","ENSG00000114480",NA,NA,NA,NA
"blood","transcript-rna-seq","ENSG00000127528.6",0.20607075043749,0.11121273135045,0.300928769524531,0.000382231664638319,"ADUResist","post_3.5_4_hr","transcript-rna-seq",-0.167745042144183,-0.274890222509472,-0.0605998617788943,0.0287052873413369,"10365","KLF2","ENSG00000127528",NA,NA,NA,NA
"blood","transcript-rna-seq","ENSG00000189159.16",0.302934893408035,0.163442806055559,0.442426980760511,0.000384452643847158,"ADUResist","post_3.5_4_hr","transcript-rna-seq",-0.337268435856864,-0.494805979260888,-0.17973089245284,0.00189096181244211,"51155","JPT1","ENSG00000189159",NA,NA,NA,NA
"blood","transcript-rna-seq","ENSG00000110047.18",0.246768931255232,0.13309935702616,0.360438505484305,0.000385908828136535,"ADUResist","post_3.5_4_hr","transcript-rna-seq",-0.26550605340759,-0.398614105450285,-0.132398001364895,0.0036549769952463,"10938","EHD1","ENSG00000110047",NA,NA,NA,NA
"blood","transcript-rna-seq","ENSG00000142634.13",0.220852368537081,0.119024309679798,0.322680427394363,0.00039260224107073,"ADUResist","post_3.5_4_hr","transcript-rna-seq",-0.223343797404121,-0.341798990340515,-0.104888604467727,0.00602552818115463,"79180","EFHD2","ENSG00000142634",NA,NA,NA,NA
"blood","transcript-rna-seq","ENSG00000117643.15",-0.350429301431515,-0.512104456387677,-0.188754146475354,0.000395835207101429,"ADUResist","post_3.5_4_hr","transcript-rna-seq",0.313003988966388,0.116997224840839,0.509010753091936,0.0245561678496868,"57134","MAN1C1","ENSG00000117643",NA,NA,NA,NA
"blood","transcript-rna-seq","ENSG00000217555.13",0.381875976516643,0.205536267476791,0.558215685556494,0.000401012409151849,"ADUResist","post_3.5_4_hr","transcript-rna-seq",-0.370626298050365,-0.564182532212361,-0.17707006388837,0.00529573912751845,"51192","CKLF","ENSG00000217555",NA,NA,NA,NA
"blood","transcript-rna-seq","ENSG00000268500.6",0.432442682713938,0.23275612661442,0.632129238813456,0.000401367007771731,"ADUResist","post_3.5_4_hr","transcript-rna-seq",-0.471834272450002,-0.702990723768202,-0.240677821131803,0.00295005709422292,"8778","SIGLEC5","ENSG00000268500",NA,NA,NA,NA
"blood","transcript-rna-seq","ENSG00000117616.18",0.273817166149192,0.147268111264316,0.400366221034069,0.000406185255662247,"ADUResist","post_3.5_4_hr","transcript-rna-seq",-0.208430175458166,-0.346443524962377,-0.070416825953955,0.0372033468047009,"57035","RSRP1","ENSG00000117616",NA,NA,NA,NA
"blood","transcript-rna-seq","ENSG00000135926.15",0.191912634701216,0.103210487577831,0.280614781824602,0.000406433765282288,"ADUResist","post_3.5_4_hr","transcript-rna-seq",-0.242521731459715,-0.34410206389436,-0.14094139902507,0.000748307408089329,"64114","TMBIM1","ENSG00000135926",NA,NA,NA,NA
"blood","transcript-rna-seq","ENSG00000101224.18",-0.291245518675519,-0.425886365868123,-0.156604671482914,0.000407486737060663,"ADUResist","post_3.5_4_hr","transcript-rna-seq",0.285620004277205,0.135004288184399,0.436235720370011,0.00574048770949668,"994","CDC25B","ENSG00000101224",NA,NA,NA,NA
"blood","transcript-rna-seq","ENSG00000277443.3",0.348206846863854,0.186945042341541,0.509468651386167,0.000420617099870332,"ADUResist","post_3.5_4_hr","transcript-rna-seq",-0.351185491755871,-0.534564928449803,-0.167806055061939,0.00529573912751845,"4082","MARCKS","ENSG00000277443",NA,NA,NA,NA
"blood","transcript-rna-seq","ENSG00000157600.12",0.287259375662349,0.154183400277665,0.420335351047032,0.000422454091514391,"ADUResist","post_3.5_4_hr","transcript-rna-seq",-0.283036077941145,-0.434589209516582,-0.131482946365708,0.00658544391671195,"84187","TMEM164","ENSG00000157600",NA,NA,NA,NA
"blood","transcript-rna-seq","ENSG00000196329.12",-0.346199786288282,-0.506609042452241,-0.185790530124323,0.000422454091514391,"ADUResist","post_3.5_4_hr","transcript-rna-seq",0.312689960324964,0.133794057956563,0.491585862693366,0.0120586072998677,"55340","GIMAP5","ENSG00000196329",NA,NA,NA,NA
"blood","transcript-rna-seq","ENSG00000155957.19",0.286048825288403,0.153460079389945,0.418637571186861,0.000425179807451385,"ADUResist","post_3.5_4_hr","transcript-rna-seq",-0.276507274607411,-0.421280237005694,-0.131734312209128,0.00541885034472654,"51643","TMBIM4","ENSG00000155957",NA,NA,NA,NA
"blood","transcript-rna-seq","ENSG00000172322.14",0.34820410735133,0.186661476467615,0.509746738235046,0.000432691595331762,"ADUResist","post_3.5_4_hr","transcript-rna-seq",-0.333389552952037,-0.503310079187041,-0.163469026717032,0.00422222450429884,"160364","CLEC12A","ENSG00000172322",NA,NA,NA,NA
"blood","transcript-rna-seq","ENSG00000153250.21",0.266350092572543,0.14274615459363,0.389954030551457,0.000432908355681653,"ADUResist","post_3.5_4_hr","transcript-rna-seq",-0.238273972148091,-0.375685616346808,-0.100862327949374,0.0128951835984485,"5937","RBMS1","ENSG00000153250",NA,NA,NA,NA
"blood","transcript-rna-seq","ENSG00000188938.17",0.221618711672837,0.118749262277539,0.324488161068136,0.00043354332061592,"ADUResist","post_3.5_4_hr","transcript-rna-seq",-0.204946009463405,-0.319091525784148,-0.090800493142662,0.00949334981359889,"158293","FAM120AOS","ENSG00000188938",NA,NA,NA,NA
"blood","transcript-rna-seq","ENSG00000168903.9",0.561543690436899,0.300825034652162,0.822262346221636,0.000437543627689398,"ADUResist","post_3.5_4_hr","transcript-rna-seq",-0.61689070208565,-0.920539450784698,-0.313241953386603,0.00308106936514706,"10917","BTNL3","ENSG00000168903",NA,NA,NA,NA
"blood","transcript-rna-seq","ENSG00000101457.13",0.312831351649094,0.167499563442453,0.458163139855735,0.000440945315395981,"ADUResist","post_3.5_4_hr","transcript-rna-seq",-0.292240030161442,-0.455079904830882,-0.129400155492002,0.009516034651367,"116092","DNTTIP1","ENSG00000101457",NA,NA,NA,NA
"blood","transcript-rna-seq","ENSG00000026297.17",0.239903907964374,0.128445429009765,0.351362386918983,0.000441826136485178,"ADUResist","post_3.5_4_hr","transcript-rna-seq",-0.260764363748224,-0.388339313500539,-0.13318941399591,0.00292721353994592,"8635","RNASET2","ENSG00000026297",NA,NA,NA,NA
"blood","transcript-rna-seq","ENSG00000104814.13",-0.294553618350483,-0.431476255810579,-0.157630980890388,0.000444012872170318,"ADUResist","post_3.5_4_hr","transcript-rna-seq",0.296962631875173,0.134844019042627,0.45908124470772,0.00791447511076481,"11184","MAP4K1","ENSG00000104814",NA,NA,NA,NA
"blood","transcript-rna-seq","ENSG00000170956.17",0.36039975480215,0.192875625592163,0.527923884012137,0.000444012872170318,"ADUResist","post_3.5_4_hr","transcript-rna-seq",-0.332130669966628,-0.523465606226478,-0.140795733706778,0.0127723818607398,"1084","CEACAM3","ENSG00000170956",NA,NA,NA,NA
"blood","transcript-rna-seq","ENSG00000228340.7",0.610305585403152,0.326572955697991,0.894038215108314,0.000445321059291828,"ADUResist","post_3.5_4_hr","transcript-rna-seq",-0.593646113198891,-0.879322388495531,-0.30796983790225,0.00249360110480575,"284757","MIR646HG","ENSG00000228340",NA,NA,NA,NA
"blood","transcript-rna-seq","ENSG00000177885.15",0.225409004100831,0.120586129297716,0.330231878903945,0.000446520400976436,"ADUResist","post_3.5_4_hr","transcript-rna-seq",-0.262061252376848,-0.38355176207705,-0.140570742676645,0.00177479495008157,"2885","GRB2","ENSG00000177885",NA,NA,NA,NA
"blood","transcript-rna-seq","ENSG00000115687.14",-0.335616045300197,-0.491764207240939,-0.179467883359456,0.000450016675155896,"ADUResist","post_3.5_4_hr","transcript-rna-seq",0.325001891092049,0.142973051203486,0.507030730980612,0.00997318135324748,"23178","PASK","ENSG00000115687",NA,NA,NA,NA
"blood","transcript-rna-seq","ENSG00000108468.15",0.278650813441723,0.148962322241973,0.408339304641472,0.000450737431689181,"ADUResist","post_3.5_4_hr","transcript-rna-seq",-0.31433449840655,-0.458109782182168,-0.170559214630931,0.00156354427662387,"10951","CBX1","ENSG00000108468",NA,NA,NA,NA
"blood","transcript-rna-seq","ENSG00000126759.14",0.314135825392011,0.16789912419045,0.460372526593572,0.000453045969533066,"ADUResist","post_3.5_4_hr","transcript-rna-seq",-0.328652050753869,-0.494688830951126,-0.162615270556611,0.00388888601529341,"5199","CFP","ENSG00000126759",NA,NA,NA,NA
"blood","transcript-rna-seq","ENSG00000277053.4",0.357078548626329,0.190792223562728,0.523364873689929,0.000454660470271407,"ADUResist","post_3.5_4_hr","transcript-rna-seq",-0.329399024902547,-0.513972993106818,-0.144825056698276,0.0100014595777571,"2970","GTF2IP1","ENSG00000277053",NA,NA,NA,NA
"blood","transcript-rna-seq","ENSG00000214717.12",0.297869599590316,0.159127419310219,0.436611779870414,0.000454966749523284,"ADUResist","post_3.5_4_hr","transcript-rna-seq",-0.337395493341245,-0.488285712437231,-0.186505274245259,0.0013018924835837,"9189","ZBED1","ENSG00000214717",NA,NA,NA,NA
"blood","transcript-rna-seq","ENSG00000214717.12_PAR_Y",0.297869599590316,0.159127419310219,0.436611779870414,0.000454966749523284,"ADUResist","post_3.5_4_hr","transcript-rna-seq",-0.337395493341245,-0.488285712437231,-0.186505274245259,0.0013018924835837,"9189","ZBED1","ENSG00000214717",NA,NA,NA,NA
"blood","transcript-rna-seq","ENSG00000110880.11",0.268373945721738,0.143134697445033,0.393613193998442,0.000469597073013641,"ADUResist","post_3.5_4_hr","transcript-rna-seq",-0.2646632302694,-0.405220775035817,-0.124105685502982,0.0060912928610555,"23603","CORO1C","ENSG00000110880",NA,NA,NA,NA
"blood","transcript-rna-seq","ENSG00000265681.8",-0.254556241659483,-0.373383125607094,-0.135729357711871,0.000471246145889272,"ADUResist","post_3.5_4_hr","transcript-rna-seq",0.201123292965142,0.0651484997288197,0.337098086201464,0.0427765147266508,"6139","RPL17","ENSG00000265681",NA,NA,NA,NA
"blood","transcript-rna-seq","ENSG00000141506.15",0.202338002814919,0.107852743548662,0.296823262081176,0.000474292048663693,"ADUResist","post_3.5_4_hr","transcript-rna-seq",-0.265029308457576,-0.37501406470061,-0.155044552214542,0.000663270726556525,"23533","PIK3R5","ENSG00000141506",NA,NA,NA,NA
"blood","transcript-rna-seq","ENSG00000104964.15",-0.286591469289588,-0.420434765473304,-0.152748173105873,0.000474338267467546,"ADUResist","post_3.5_4_hr","transcript-rna-seq",0.268750777897345,0.117201821751905,0.420299734042786,0.0106154273051956,"166","TLE5","ENSG00000104964",NA,NA,NA,NA
"blood","transcript-rna-seq","ENSG00000211772.11",-0.359245995949366,-0.527017220632207,-0.191474771266525,0.000474338267467546,"ADUResist","post_3.5_4_hr","transcript-rna-seq",0.358556344990769,0.17032607401985,0.546786615961688,0.00551818680273175,NA,"TRBC2","ENSG00000211772",NA,NA,NA,NA
"blood","transcript-rna-seq","ENSG00000147604.14",-0.220633675173053,-0.323738980850896,-0.11752836949521,0.000479451043614519,"ADUResist","post_3.5_4_hr","transcript-rna-seq",0.175951646700742,0.0570982194456429,0.294805073955842,0.0426053196959625,"6129","RPL7","ENSG00000147604",NA,NA,NA,NA
"blood","transcript-rna-seq","ENSG00000185787.15",0.171686815515,0.0914313462554878,0.251942284774512,0.000480196005521326,"ADUResist","post_3.5_4_hr","transcript-rna-seq",-0.140799365075014,-0.233692627147005,-0.0479061030030237,0.0363395662735262,"10933","MORF4L1","ENSG00000185787",NA,NA,NA,NA
"blood","transcript-rna-seq","ENSG00000109756.10",0.373833523835541,0.199033186829285,0.548633860841798,0.000482263289938977,"ADUResist","post_3.5_4_hr","transcript-rna-seq",-0.307512030496183,-0.502365156308095,-0.112658904684272,0.0271107982347736,"9693","RAPGEF2","ENSG00000109756",NA,NA,NA,NA
"blood","transcript-rna-seq","ENSG00000129351.17",-0.197820791355556,-0.290366670989166,-0.105274911721946,0.000485215302610047,"ADUResist","post_3.5_4_hr","transcript-rna-seq",0.211081698636938,0.108183046407,0.313980350866875,0.00284044342372552,"3609","ILF3","ENSG00000129351",NA,NA,NA,NA
"blood","transcript-rna-seq","ENSG00000197586.13",-0.274636544792392,-0.403176755938453,-0.146096333646331,0.00048727879897662,"ADUResist","post_3.5_4_hr","transcript-rna-seq",0.218236834657922,0.0735256741254389,0.362947995190406,0.0375570819271162,"955","ENTPD6","ENSG00000197586",NA,NA,NA,NA
"blood","transcript-rna-seq","ENSG00000146859.6",0.320489140189986,0.170284625264264,0.470693655115708,0.000500507312953697,"ADUResist","post_3.5_4_hr","transcript-rna-seq",-0.293113934769161,-0.473004962684392,-0.113222906853929,0.020895571653821,"55281","TMEM140","ENSG00000146859",NA,NA,NA,NA
"blood","transcript-rna-seq","ENSG00000204316.13",-0.325536722173909,-0.478169600229489,-0.172903844118329,0.000501447580442461,"ADUResist","post_3.5_4_hr","transcript-rna-seq",0.257669160408895,0.0802984916540287,0.435039829163761,0.0480909847484758,"64978","MRPL38","ENSG00000204316",NA,NA,NA,NA
"blood","transcript-rna-seq","ENSG00000182095.15",0.257241733723552,0.136411345559982,0.378072121887122,0.00051765863056773,"ADUResist","post_3.5_4_hr","transcript-rna-seq",-0.21895358091871,-0.35571327145976,-0.0821938903776587,0.0241234179232474,"84629","TNRC18","ENSG00000182095",NA,NA,NA,NA
"blood","transcript-rna-seq","ENSG00000196092.14",-0.34773742761051,-0.51115735473324,-0.18431750048778,0.000522719010938383,"ADUResist","post_3.5_4_hr","transcript-rna-seq",0.31773930719103,0.116381623904935,0.519096990477126,0.027134302230822,"5079","PAX5","ENSG00000196092",NA,NA,NA,NA
"blood","transcript-rna-seq","ENSG00000182117.6",0.33909445716949,0.179537653127302,0.498651261211678,0.000532171526975898,"ADUResist","post_3.5_4_hr","transcript-rna-seq",-0.34955489995727,-0.52329478081433,-0.17581501910021,0.00337966622210726,"55505","NOP10","ENSG00000182117",NA,NA,NA,NA
"blood","transcript-rna-seq","ENSG00000108774.15",0.243353584195646,0.12883629930768,0.357870869083613,0.000532171526975898,"ADUResist","post_3.5_4_hr","transcript-rna-seq",-0.217691757907954,-0.346285749907115,-0.0890977659087923,0.0155558921641428,"5878","RAB5C","ENSG00000108774",NA,NA,NA,NA
"blood","transcript-rna-seq","ENSG00000093000.19",0.283993787833817,0.150283449470157,0.417704126197476,0.000535468955406657,"ADUResist","post_3.5_4_hr","transcript-rna-seq",-0.28141412117836,-0.428194061264324,-0.134634181092397,0.00522951304220357,"10762","NUP50","ENSG00000093000",NA,NA,NA,NA
"blood","transcript-rna-seq","ENSG00000150403.18",0.358069576779245,0.189381370398931,0.52675778315956,0.000539760728792542,"ADUResist","post_3.5_4_hr","transcript-rna-seq",-0.313199851234185,-0.496094658153422,-0.130305044314949,0.0142540157714851,"55002","TMCO3","ENSG00000150403",NA,NA,NA,NA
"blood","transcript-rna-seq","ENSG00000214212.9",0.344461847124164,0.182194098040214,0.506729596208115,0.000539760728792542,"ADUResist","post_3.5_4_hr","transcript-rna-seq",-0.379172117931178,-0.559934040931931,-0.198410194930425,0.00229792522199279,"255809","C19orf38","ENSG00000214212",NA,NA,NA,NA
"blood","transcript-rna-seq","ENSG00000139626.16",-0.311169451067646,-0.457788765456811,-0.164550136678481,0.000541099868584298,"ADUResist","post_3.5_4_hr","transcript-rna-seq",0.332381528593007,0.168128520387208,0.496634536798807,0.00317574278386949,"3695","ITGB7","ENSG00000139626",NA,NA,NA,NA
"blood","transcript-rna-seq","ENSG00000168288.13",0.297964057203185,0.157535106382376,0.438393008023994,0.000541099868584298,"ADUResist","post_3.5_4_hr","transcript-rna-seq",-0.291655050605812,-0.445137440886894,-0.13817266032473,0.00564681457908175,"27249","MMADHC","ENSG00000168288",NA,NA,NA,NA
"blood","transcript-rna-seq","ENSG00000145491.12",0.651644667131162,0.344370475550135,0.958918858712188,0.000546097290672605,"ADUResist","post_3.5_4_hr","transcript-rna-seq",-0.531150710541406,-0.851591688291816,-0.210709732790996,0.0183042807672385,"83853","ROPN1L","ENSG00000145491",NA,NA,NA,NA
"blood","transcript-rna-seq","ENSG00000172116.23",-0.369374486151902,-0.543551629138593,-0.195197343165212,0.000547869152130298,"ADUResist","post_3.5_4_hr","transcript-rna-seq",0.42983196940567,0.224027959673556,0.635635979137785,0.00237382462100897,"926","CD8B","ENSG00000172116",NA,NA,NA,NA
"blood","transcript-rna-seq","ENSG00000130724.10",0.340927876045969,0.180128231590891,0.501727520501047,0.000548097012205388,"ADUResist","post_3.5_4_hr","transcript-rna-seq",-0.333763425642092,-0.510492298909178,-0.157034552375006,0.00593027236507264,"27243","CHMP2A","ENSG00000130724",NA,NA,NA,NA
"blood","transcript-rna-seq","ENSG00000120594.17",0.33357524143014,0.176107428819465,0.491043054040816,0.000555243378981224,"ADUResist","post_3.5_4_hr","transcript-rna-seq",-0.326507491379783,-0.503496466790422,-0.149518515969145,0.00741370277998168,"84898","PLXDC2","ENSG00000120594",NA,NA,NA,NA
"blood","transcript-rna-seq","ENSG00000166523.8",0.632164532270232,0.333690117675221,0.930638946865243,0.000556788592136944,"ADUResist","post_3.5_4_hr","transcript-rna-seq",-0.76378989980562,-1.08967649599573,-0.437903303615511,0.000870209940693529,"26253","CLEC4E","ENSG00000166523",NA,NA,NA,NA
"blood","transcript-rna-seq","ENSG00000069275.13",-0.241695949221333,-0.356029170714004,-0.127362727728661,0.00057396466142565,"ADUResist","post_3.5_4_hr","transcript-rna-seq",0.233753793560874,0.0978304642000135,0.369677122921734,0.0137939744103442,"64710","NUCKS1","ENSG00000069275",NA,NA,NA,NA
"blood","transcript-rna-seq","ENSG00000156508.19",-0.195444858052296,-0.287956484954641,-0.102933231149951,0.000580284582093961,"ADUResist","post_3.5_4_hr","transcript-rna-seq",0.176895712454185,0.0714129564971538,0.282378468411215,0.0167759485095817,"1915","EEF1A1","ENSG00000156508",NA,NA,NA,NA
"blood","transcript-rna-seq","ENSG00000169131.13",0.512453489349223,0.269709596329623,0.755197382368824,0.000587370516219237,"ADUResist","post_3.5_4_hr","transcript-rna-seq",-0.556478577318568,-0.810321382805976,-0.302635771831161,0.00154909210643074,"6940","ZNF354A","ENSG00000169131",NA,NA,NA,NA
"blood","transcript-rna-seq","ENSG00000120656.14",0.298433549504837,0.157003483248604,0.439863615761071,0.000589625841204889,"ADUResist","post_3.5_4_hr","transcript-rna-seq",-0.245441446305363,-0.399812519788762,-0.0910703728219636,0.0254456871831941,"6883","TAF12","ENSG00000120656",NA,NA,NA,NA
"blood","transcript-rna-seq","ENSG00000136404.16",0.534044991377929,0.280880892720379,0.787209090035478,0.000592551211766753,"ADUResist","post_3.5_4_hr","transcript-rna-seq",-0.457934147072651,-0.730175689172976,-0.185692604972326,0.0163530126603061,"53346","TM6SF1","ENSG00000136404",NA,NA,NA,NA
"blood","transcript-rna-seq","ENSG00000074370.18",0.182810517538872,0.096020024393039,0.269601010684705,0.000608644084622076,"ADUResist","post_3.5_4_hr","transcript-rna-seq",-0.154141708647513,-0.253955184856337,-0.0543282324386898,0.0318908534036598,"489","ATP2A3","ENSG00000074370",NA,NA,NA,NA
"blood","transcript-rna-seq","ENSG00000102699.6",0.254439154103845,0.133609145939101,0.375269162268589,0.000610024139940935,"ADUResist","post_3.5_4_hr","transcript-rna-seq",-0.253345825364436,-0.391101014358072,-0.115590636370799,0.00763669207688144,"143","PARP4","ENSG00000102699",NA,NA,NA,NA
"blood","transcript-rna-seq","ENSG00000129355.7",0.279006002920353,0.146394908545716,0.411617097294989,0.000617525873736891,"ADUResist","post_3.5_4_hr","transcript-rna-seq",-0.259878611829735,-0.410422365839394,-0.109334857820076,0.0134474116386704,"1032","CDKN2D","ENSG00000129355",NA,NA,NA,NA
"blood","transcript-rna-seq","ENSG00000187037.9",0.64318302597982,0.33727764029278,0.949088411666859,0.00062308579614818,"ADUResist","post_3.5_4_hr","transcript-rna-seq",-0.613240189232824,-0.931356956422783,-0.295123422042866,0.00497972466212366,"353345","GPR141","ENSG00000187037",NA,NA,NA,NA
"blood","transcript-rna-seq","ENSG00000182934.12",0.148370966189068,0.0777522600929163,0.21898967228522,0.000628761232438837,"ADUResist","post_3.5_4_hr","transcript-rna-seq",-0.143832984646831,-0.225071034685322,-0.0625949346083411,0.0107636246187553,"6734","SRPRA","ENSG00000182934",NA,NA,NA,NA
"blood","transcript-rna-seq","ENSG00000096746.18",0.209864631196148,0.109949911832556,0.309779350559741,0.000632313324331775,"ADUResist","post_3.5_4_hr","transcript-rna-seq",-0.168335690337622,-0.282240369779972,-0.0544310108952709,0.0429804424031216,"3189","HNRNPH3","ENSG00000096746",NA,NA,NA,NA
"blood","transcript-rna-seq","ENSG00000164466.13",-0.332979150758381,-0.491562265876349,-0.174396035640413,0.000635576395563345,"ADUResist","post_3.5_4_hr","transcript-rna-seq",0.335764257812616,0.140977565960592,0.53055094966464,0.0135406836562681,"94081","SFXN1","ENSG00000164466",NA,NA,NA,NA
"blood","transcript-rna-seq","ENSG00000166971.17",0.331244795603729,0.173449794589381,0.489039796618078,0.000637448875447478,"ADUResist","post_3.5_4_hr","transcript-rna-seq",-0.295678326739773,-0.471997353537985,-0.11935929994156,0.0167759485095817,"64400","AKTIP","ENSG00000166971",NA,NA,NA,NA
"blood","transcript-rna-seq","ENSG00000174748.22",-0.210988036060471,-0.311568774662179,-0.110407297458762,0.000643619632596992,"ADUResist","post_3.5_4_hr","transcript-rna-seq",0.174482628030574,0.0614578359150364,0.287507420146113,0.0319757641000153,"6138","RPL15","ENSG00000174748",NA,NA,NA,NA
"blood","transcript-rna-seq","ENSG00000205155.8",0.310922795629836,0.162650210284877,0.459195380974796,0.000647232726872929,"ADUResist","post_3.5_4_hr","transcript-rna-seq",-0.339468497895822,-0.502644753709507,-0.176292242082138,0.00247115665833758,"55851","PSENEN","ENSG00000205155",NA,NA,NA,NA
"blood","transcript-rna-seq","ENSG00000145349.18",-0.382634868196956,-0.56516065247995,-0.200109083913962,0.000648554566923656,"ADUResist","post_3.5_4_hr","transcript-rna-seq",0.377005466824769,0.150297723939992,0.603713209709545,0.0178532399158384,"817","CAMK2D","ENSG00000145349",NA,NA,NA,NA
"blood","transcript-rna-seq","ENSG00000206344.8",0.42684565518083,0.223215074746783,0.630476235614876,0.000649960829862352,"ADUResist","post_3.5_4_hr","transcript-rna-seq",-0.37299556487223,-0.590891266904255,-0.155099862840205,0.0142676834856832,"253018","HCG27","ENSG00000206344",NA,NA,NA,NA
"blood","transcript-rna-seq","ENSG00000185101.13",-0.348474700775869,-0.514729716944533,-0.182219684607205,0.000649960829862352,"ADUResist","post_3.5_4_hr","transcript-rna-seq",0.371831232401333,0.185280393157041,0.558382071645625,0.00368666872721469,"338440","ANO9","ENSG00000185101",NA,NA,NA,NA
"blood","transcript-rna-seq","ENSG00000080845.19",0.20119252577109,0.10514655109542,0.297238500446759,0.000654283379194498,"ADUResist","post_3.5_4_hr","transcript-rna-seq",-0.196727555448412,-0.300818752112361,-0.092636358784463,0.00590790672554542,"22839","DLGAP4","ENSG00000080845",NA,NA,NA,NA
"blood","transcript-rna-seq","ENSG00000231925.13",0.203269121058648,0.106212628574643,0.300325613542653,0.000656808117078149,"ADUResist","post_3.5_4_hr","transcript-rna-seq",-0.192096502739327,-0.306184060417291,-0.0780089450613629,0.0162481477552808,"6892","TAPBP","ENSG00000231925",NA,NA,NA,NA
"blood","transcript-rna-seq","ENSG00000132825.7",0.472149040820842,0.246639224790162,0.697658856851522,0.000657559543192106,"ADUResist","post_3.5_4_hr","transcript-rna-seq",-0.350938441577556,-0.58694906694428,-0.114927816210832,0.0413651496670925,"5509","PPP1R3D","ENSG00000132825",NA,NA,NA,NA
"blood","transcript-rna-seq","ENSG00000111678.11",-0.374055910410279,-0.5527167265108,-0.195395094309757,0.00065902745035506,"ADUResist","post_3.5_4_hr","transcript-rna-seq",0.315179309398492,0.0988684867049405,0.531490132092044,0.0473001726084472,"113246","C12orf57","ENSG00000111678",NA,NA,NA,NA
"blood","transcript-rna-seq","ENSG00000090238.12",0.264463472300733,0.138112898633882,0.390814045967584,0.000661477442175299,"ADUResist","post_3.5_4_hr","transcript-rna-seq",-0.254421390622259,-0.39890715807111,-0.109935623173408,0.0112904757643334,"83719","YPEL3","ENSG00000090238",NA,NA,NA,NA
"blood","transcript-rna-seq","ENSG00000172046.20",0.198677762635409,0.103731180213606,0.293624345057213,0.00066211885094839,"ADUResist","post_3.5_4_hr","transcript-rna-seq",-0.176932447828345,-0.284265992691093,-0.0695989029655973,0.0190746376925784,"10869","USP19","ENSG00000172046",NA,NA,NA,NA
"blood","transcript-rna-seq","ENSG00000178913.9",0.199592969369284,0.104214690159585,0.294971248578982,0.000662694800899914,"ADUResist","post_3.5_4_hr","transcript-rna-seq",-0.194134867940192,-0.304213032047454,-0.08405670383293,0.0111276219440092,"6879","TAF7","ENSG00000178913",NA,NA,NA,NA
"blood","transcript-rna-seq","ENSG00000133874.2",0.341473774988404,0.178252327803074,0.504695222173734,0.000663794009028049,"ADUResist","post_3.5_4_hr","transcript-rna-seq",-0.338017630921591,-0.511011747218959,-0.165023514624223,0.00440801703190278,"79845","RNF122","ENSG00000133874",NA,NA,NA,NA
"blood","transcript-rna-seq","ENSG00000153786.13",0.182200597743755,0.095074938969863,0.269326256517647,0.000669076755645595,"ADUResist","post_3.5_4_hr","transcript-rna-seq",-0.210045151374109,-0.312611584205367,-0.10747871854285,0.00287716065183103,"55625","ZDHHC7","ENSG00000153786",NA,NA,NA,NA
"blood","transcript-rna-seq","ENSG00000136689.19",0.38511998098873,0.200744844737779,0.569495117239681,0.000681141576616898,"ADUResist","post_3.5_4_hr","transcript-rna-seq",-0.382377265485482,-0.592125610961085,-0.172628920009878,0.00824306716144755,"3557","IL1RN","ENSG00000136689",NA,NA,NA,NA
"blood","transcript-rna-seq","ENSG00000181444.13",0.32175345055792,0.167660693074492,0.475846208041348,0.000684839702950207,"ADUResist","post_3.5_4_hr","transcript-rna-seq",-0.33690077777989,-0.5133215830775,-0.16047997248228,0.00541885034472654,"168544","ZNF467","ENSG00000181444",NA,NA,NA,NA
"blood","transcript-rna-seq","ENSG00000141564.15",-0.289537280966575,-0.428249652649208,-0.150824909283943,0.000687033048795014,"ADUResist","post_3.5_4_hr","transcript-rna-seq",0.32647948248929,0.163041426716641,0.48991753826194,0.00361273017926401,"57521","RPTOR","ENSG00000141564",NA,NA,NA,NA
"blood","transcript-rna-seq","ENSG00000213658.13",-0.278495511624643,-0.411928791165936,-0.145062232083351,0.000688180029054664,"ADUResist","post_3.5_4_hr","transcript-rna-seq",0.310308472059573,0.157622875367359,0.462994068751786,0.00308106936514706,"27040","LAT","ENSG00000213658",NA,NA,NA,NA
"blood","transcript-rna-seq","ENSG00000089154.11",-0.236213015575276,-0.349406696649081,-0.123019334501472,0.000688588822005444,"ADUResist","post_3.5_4_hr","transcript-rna-seq",0.192829832106711,0.0665326740423438,0.319126990171079,0.0345898726818888,"10985","GCN1","ENSG00000089154",NA,NA,NA,NA
"blood","transcript-rna-seq","ENSG00000135503.13",0.366470900594052,0.190774164916535,0.542167636271569,0.000692518688949627,"ADUResist","post_3.5_4_hr","transcript-rna-seq",-0.397151977060279,-0.580108427833082,-0.214195526287476,0.00166965662640452,"91","ACVR1B","ENSG00000135503",NA,NA,NA,NA
"blood","transcript-rna-seq","ENSG00000143862.8",0.252935236221838,0.131626947635693,0.374243524807982,0.000697992719874385,"ADUResist","post_3.5_4_hr","transcript-rna-seq",-0.325317781190163,-0.46553163427449,-0.185103928105836,0.000967799915869833,"127829","ARL8A","ENSG00000143862",NA,NA,NA,NA
"blood","transcript-rna-seq","ENSG00000111229.16",0.241017121309199,0.125348756488066,0.356685486130331,0.000704023345406458,"ADUResist","post_3.5_4_hr","transcript-rna-seq",-0.232427890178108,-0.360841534759254,-0.104014245596963,0.00883636851258975,"10094","ARPC3","ENSG00000111229",NA,NA,NA,NA
"blood","transcript-rna-seq","ENSG00000197381.17",-0.3043986879908,-0.450636327454062,-0.158161048527539,0.000715803744744303,"ADUResist","post_3.5_4_hr","transcript-rna-seq",0.320240680972788,0.147680547704002,0.492800814241575,0.00694112111955609,"104","ADARB1","ENSG00000197381",NA,NA,NA,NA
"blood","transcript-rna-seq","ENSG00000106785.15",-0.209668164941996,-0.310444927739806,-0.108891402144186,0.000721184190615165,"ADUResist","post_3.5_4_hr","transcript-rna-seq",0.188848227781647,0.0617619308749538,0.31593452468834,0.041561992464278,"9830","TRIM14","ENSG00000106785",NA,NA,NA,NA
"blood","transcript-rna-seq","ENSG00000158517.16",0.42381724202232,0.220067758128168,0.627566725916472,0.000722240191900747,"ADUResist","post_3.5_4_hr","transcript-rna-seq",-0.45209510152921,-0.678306179705119,-0.2258840233533,0.00360040127130533,"653361","NCF1","ENSG00000158517",NA,NA,NA,NA
"blood","transcript-rna-seq","ENSG00000188822.8",-0.385536695077301,-0.571114088081393,-0.19995930207321,0.00073663572161483,"ADUResist","post_3.5_4_hr","transcript-rna-seq",0.499775740673783,0.264931793938845,0.734619687408721,0.00196564080502148,"1269","CNR2","ENSG00000188822",NA,NA,NA,NA
"blood","transcript-rna-seq","ENSG00000148180.21",0.314855605288983,0.163105899086577,0.466605311491389,0.000751223914301864,"ADUResist","post_3.5_4_hr","transcript-rna-seq",-0.320879126287684,-0.492032966440082,-0.149725286135286,0.00636889333604295,"2934","GSN","ENSG00000148180",NA,NA,NA,NA
"blood","transcript-rna-seq","ENSG00000170458.14",0.288224163781415,0.149131185704922,0.427317141857907,0.000766202062458418,"ADUResist","post_3.5_4_hr","transcript-rna-seq",-0.26940317376857,-0.427191376146644,-0.111614971390496,0.0146336863634788,"929","CD14","ENSG00000170458",NA,NA,NA,NA
"blood","transcript-rna-seq","ENSG00000143515.19",-0.278226589359873,-0.412518330757763,-0.143934847961983,0.00076749419537424,"ADUResist","post_3.5_4_hr","transcript-rna-seq",0.303177625449044,0.152150761067889,0.4542044898302,0.0034532054900496,"57198","ATP8B2","ENSG00000143515",NA,NA,NA,NA
"blood","transcript-rna-seq","ENSG00000108788.12",0.208399123648661,0.107578876365331,0.309219370931992,0.000792901744837039,"ADUResist","post_3.5_4_hr","transcript-rna-seq",-0.182448622675913,-0.300710109228759,-0.0641871361230662,0.0321201056402881,"6945","MLX","ENSG00000108788",NA,NA,NA,NA
"blood","transcript-rna-seq","ENSG00000247982.7",-0.337604931057694,-0.501012107678781,-0.174197754436606,0.000800856434085353,"ADUResist","post_3.5_4_hr","transcript-rna-seq",0.360268902317752,0.167738270666305,0.552799533969198,0.00646968159887717,"283663","LINC00926","ENSG00000247982",NA,NA,NA,NA
"blood","transcript-rna-seq","ENSG00000159720.13",0.265340042927418,0.13681697196307,0.393863113891767,0.000808192613455276,"ADUResist","post_3.5_4_hr","transcript-rna-seq",-0.299384968990248,-0.447994549193138,-0.150775388787357,0.00334998859784057,"9114","ATP6V0D1","ENSG00000159720",NA,NA,NA,NA
"blood","transcript-rna-seq","ENSG00000111679.17",0.193116682563977,0.0995089284696002,0.286724436658353,0.000814973600087248,"ADUResist","post_3.5_4_hr","transcript-rna-seq",-0.163942936294958,-0.271976561361763,-0.0559093112281543,0.0361132652612805,"5777","PTPN6","ENSG00000111679",NA,NA,NA,NA
"blood","transcript-rna-seq","ENSG00000169062.15",-0.24583088982821,-0.365020247190733,-0.126641532465687,0.000817408584336725,"ADUResist","post_3.5_4_hr","transcript-rna-seq",0.234006789614892,0.0939382088249132,0.37407537040487,0.017221061908332,"65110","UPF3A","ENSG00000169062",NA,NA,NA,NA
"blood","transcript-rna-seq","ENSG00000100299.18",0.269872498243567,0.138930632475971,0.400814364011162,0.000826899575105662,"ADUResist","post_3.5_4_hr","transcript-rna-seq",-0.258538461142782,-0.402538482744511,-0.114538439541053,0.00949334981359889,"410","ARSA","ENSG00000100299",NA,NA,NA,NA
"blood","transcript-rna-seq","ENSG00000170190.16",0.30623886432734,0.157573364353103,0.454904364301577,0.000833701701464657,"ADUResist","post_3.5_4_hr","transcript-rna-seq",-0.263309176551717,-0.42844417697923,-0.098174176124204,0.0248626974844775,"9121","SLC16A5","ENSG00000170190",NA,NA,NA,NA
"blood","transcript-rna-seq","ENSG00000134905.17",0.305264109939629,0.15690929473247,0.453618925146788,0.000846809341965239,"ADUResist","post_3.5_4_hr","transcript-rna-seq",-0.262982471015458,-0.423246906052548,-0.102718035978368,0.0198229077260396,"79587","CARS2","ENSG00000134905",NA,NA,NA,NA
"blood","transcript-rna-seq","ENSG00000077549.19",0.18702952701228,0.0961054757077227,0.277953578316837,0.000849680225815226,"ADUResist","post_3.5_4_hr","transcript-rna-seq",-0.182401526181382,-0.285152254777747,-0.0796507975850158,0.010491852219993,"832","CAPZB","ENSG00000077549",NA,NA,NA,NA
"blood","transcript-rna-seq","ENSG00000125810.10",0.318365090818888,0.163550279228842,0.473179902408934,0.000854334302251283,"ADUResist","post_3.5_4_hr","transcript-rna-seq",-0.346704875903141,-0.522435128359607,-0.170974623446675,0.00400046559138018,"22918","CD93","ENSG00000125810",NA,NA,NA,NA
"blood","transcript-rna-seq","ENSG00000119402.18",0.253635605989834,0.130092409843138,0.37717880213653,0.00087355473096558,"ADUResist","post_3.5_4_hr","transcript-rna-seq",-0.264853617490186,-0.398717125429973,-0.130990109550398,0.00390471608145735,"26190","FBXW2","ENSG00000119402",NA,NA,NA,NA
"blood","transcript-rna-seq","ENSG00000173559.15",0.367538527125408,0.188526262864267,0.546550791386549,0.000874092139914815,"ADUResist","post_3.5_4_hr","transcript-rna-seq",-0.327583866148068,-0.524599908723153,-0.130567823572982,0.0178752626055335,"64859","NABP1","ENSG00000173559",NA,NA,NA,NA
"blood","transcript-rna-seq","ENSG00000168887.11",0.186580472126211,0.0956400759638066,0.277520868288616,0.000880775523660265,"ADUResist","post_3.5_4_hr","transcript-rna-seq",-0.247296590029809,-0.347259527070832,-0.147333652988785,0.000470287454394624,"388969","C2orf68","ENSG00000168887",NA,NA,NA,NA
"blood","transcript-rna-seq","ENSG00000136717.15",-0.302502367004923,-0.450113330863722,-0.154891403146124,0.00089937158183426,"ADUResist","post_3.5_4_hr","transcript-rna-seq",0.306798439718471,0.13767043997183,0.475926439465112,0.00864305908464905,"274","BIN1","ENSG00000136717",NA,NA,NA,NA
"blood","transcript-rna-seq","ENSG00000168310.11",0.236622528164341,0.121153946966419,0.352091109362264,0.000900273887080084,"ADUResist","post_3.5_4_hr","transcript-rna-seq",-0.219027246110457,-0.353307088619289,-0.0847474036016246,0.0207415316445169,"3660","IRF2","ENSG00000168310",NA,NA,NA,NA
"blood","transcript-rna-seq","ENSG00000213654.10",0.268885328631116,0.137632813260139,0.400137844002094,0.000903272435376675,"ADUResist","post_3.5_4_hr","transcript-rna-seq",-0.25159216945284,-0.399024002584455,-0.104160336321224,0.0146900001854324,"63940","GPSM3","ENSG00000213654",NA,NA,NA,NA
"blood","transcript-rna-seq","ENSG00000129518.10",0.255983303690124,0.130972235930669,0.38099437144958,0.000907059161410094,"ADUResist","post_3.5_4_hr","transcript-rna-seq",-0.271960402075178,-0.410269543048842,-0.133651261101514,0.00414716254661183,"55837","EAPP","ENSG00000129518",NA,NA,NA,NA
"blood","transcript-rna-seq","ENSG00000157954.15",0.177017835090985,0.0905338050512274,0.263501865130743,0.000914192398418017,"ADUResist","post_3.5_4_hr","transcript-rna-seq",-0.188546337233603,-0.287022742374117,-0.0900699320930901,0.00529573912751845,"26100","WIPI2","ENSG00000157954",NA,NA,NA,NA
"blood","transcript-rna-seq","ENSG00000139193.4",-0.35514376656157,-0.528982103929994,-0.181305429193145,0.000939543577519086,"ADUResist","post_3.5_4_hr","transcript-rna-seq",0.346340213511827,0.142978344373184,0.549702082650469,0.0149011477497031,"939","CD27","ENSG00000139193",NA,NA,NA,NA
"blood","transcript-rna-seq","ENSG00000142867.14",0.331276428271543,0.169084270003875,0.493468586539211,0.00093995011537699,"ADUResist","post_3.5_4_hr","transcript-rna-seq",-0.297543608896867,-0.473469428485844,-0.121617789307891,0.0156033995349091,"8915","BCL10","ENSG00000142867",NA,NA,NA,NA
"blood","transcript-rna-seq","ENSG00000054967.13",0.229718380905894,0.117186244902434,0.342250516909355,0.000949850414178202,"ADUResist","post_3.5_4_hr","transcript-rna-seq",-0.210874139521554,-0.339691136528453,-0.0820571425146548,0.0201790762683423,"84957","RELT","ENSG00000054967",NA,NA,NA,NA
"blood","transcript-rna-seq","ENSG00000110719.10",0.311255404659228,0.158748266385238,0.463762542933218,0.000952111768135666,"ADUResist","post_3.5_4_hr","transcript-rna-seq",-0.287811376698857,-0.45661427568196,-0.119008477715753,0.014756301709921,"10312","TCIRG1","ENSG00000110719",NA,NA,NA,NA
"blood","transcript-rna-seq","ENSG00000013364.19",0.258253098722696,0.131630330837012,0.384875866608379,0.000960957405966158,"ADUResist","post_3.5_4_hr","transcript-rna-seq",-0.259627913972254,-0.404128264695817,-0.115127563248692,0.00943749401115318,"9961","MVP","ENSG00000013364",NA,NA,NA,NA
"blood","transcript-rna-seq","ENSG00000123836.15",0.636591206255023,0.324228440839598,0.948953971670449,0.000969137596529635,"ADUResist","post_3.5_4_hr","transcript-rna-seq",-0.622591201960828,-0.94188644367701,-0.303295960244647,0.00448917373391446,"5208","PFKFB2","ENSG00000123836",NA,NA,NA,NA
"blood","transcript-rna-seq","ENSG00000204469.13",0.159922740867644,0.0813927034590762,0.238452778276213,0.000981718956212877,"ADUResist","post_3.5_4_hr","transcript-rna-seq",-0.144949573209349,-0.237481230862741,-0.0524179155559564,0.0286517933414912,"7916","PRRC2A","ENSG00000204469",NA,NA,NA,NA
"blood","transcript-rna-seq","ENSG00000143761.16",0.173264264468012,0.0880637517105029,0.25846477722552,0.00100266946247703,"ADUResist","post_3.5_4_hr","transcript-rna-seq",-0.153083243613448,-0.253263580832205,-0.0529029063946913,0.0343768413133333,"375","ARF1","ENSG00000143761",NA,NA,NA,NA
"blood","transcript-rna-seq","ENSG00000121858.11",0.305261364051546,0.155138005359815,0.455384722743277,0.00100522643560197,"ADUResist","post_3.5_4_hr","transcript-rna-seq",-0.304461357750136,-0.483375394299078,-0.125547321201194,0.014921636186053,"8743","TNFSF10","ENSG00000121858",NA,NA,NA,NA
"blood","transcript-rna-seq","ENSG00000075624.17",0.216721445033546,0.109991246033252,0.323451644033839,0.00102310358558587,"ADUResist","post_3.5_4_hr","transcript-rna-seq",-0.210916449335336,-0.331812119004793,-0.0900207796658798,0.0122854946864098,"60","ACTB","ENSG00000075624",NA,NA,NA,NA
"blood","transcript-rna-seq","ENSG00000112079.9",0.152847648628274,0.0775673048379025,0.228127992418646,0.00102310358558587,"ADUResist","post_3.5_4_hr","transcript-rna-seq",-0.15295922896359,-0.23718980326682,-0.068728654660359,0.00855799842289325,"11329","STK38","ENSG00000112079",NA,NA,NA,NA
"blood","transcript-rna-seq","ENSG00000102007.11",0.310569444881144,0.157631833065534,0.463507056696753,0.00102310358558587,"ADUResist","post_3.5_4_hr","transcript-rna-seq",-0.284991251870369,-0.453141697988335,-0.116840805752403,0.0153941578877849,"5355","PLP2","ENSG00000102007",NA,NA,NA,NA
"blood","transcript-rna-seq","ENSG00000006007.12",0.254495104788107,0.129103039505528,0.379887170070686,0.00102962025466223,"ADUResist","post_3.5_4_hr","transcript-rna-seq",-0.274455665608286,-0.417520457999883,-0.13139087321669,0.00520110043758444,"51573","GDE1","ENSG00000006007",NA,NA,NA,NA
"blood","transcript-rna-seq","ENSG00000103111.15",0.178072519045517,0.0903212618672239,0.26582377622381,0.00102962025466223,"ADUResist","post_3.5_4_hr","transcript-rna-seq",-0.208863245237332,-0.305025918622586,-0.112700571852077,0.00166965662640452,"22879","MON1B","ENSG00000103111",NA,NA,NA,NA
"blood","transcript-rna-seq","ENSG00000104974.12",0.240182796312868,0.121757038124228,0.358608554501508,0.00103876136524083,"ADUResist","post_3.5_4_hr","transcript-rna-seq",-0.269025623449281,-0.404164773532659,-0.133886473365902,0.00369458502474581,"11024","LILRA1","ENSG00000104974",NA,NA,NA,NA
"blood","transcript-rna-seq","ENSG00000213719.8",0.244678324189898,0.123928927291169,0.365427721088628,0.00105191634094809,"ADUResist","post_3.5_4_hr","transcript-rna-seq",-0.312158160197628,-0.451456041273605,-0.172860279121651,0.00127315924580871,"1192","CLIC1","ENSG00000213719",NA,NA,NA,NA
"blood","transcript-rna-seq","ENSG00000139631.20",0.319492573213108,0.16179359142355,0.477191555002665,0.00105223613162755,"ADUResist","post_3.5_4_hr","transcript-rna-seq",-0.325290554748142,-0.491226784701532,-0.159354324794751,0.00425782719673835,"51380","CSAD","ENSG00000139631",NA,NA,NA,NA
"blood","transcript-rna-seq","ENSG00000170571.12",0.316011688887945,0.159915732546309,0.47210764522958,0.00106050476066153,"ADUResist","post_3.5_4_hr","transcript-rna-seq",-0.275405667222135,-0.443407046348632,-0.107404288095637,0.0199883230333331,"133418","EMB","ENSG00000170571",NA,NA,NA,NA
"blood","transcript-rna-seq","ENSG00000158109.15",0.233736803827616,0.118265771014884,0.349207836640347,0.00106254979177535,"ADUResist","post_3.5_4_hr","transcript-rna-seq",-0.239032069389927,-0.369549882213667,-0.108514256566186,0.00791447511076481,"127262","TPRG1L","ENSG00000158109",NA,NA,NA,NA
"blood","transcript-rna-seq","ENSG00000159958.7",-0.312271785214906,-0.466545143303335,-0.157998427126478,0.00106456421049499,"ADUResist","post_3.5_4_hr","transcript-rna-seq",0.32447526214916,0.129757650771469,0.51919287352685,0.0175644244748731,"115650","TNFRSF13C","ENSG00000159958",NA,NA,NA,NA
"blood","transcript-rna-seq","ENSG00000005339.15",0.29255954445453,0.147978085888176,0.437141003020884,0.00106669736427669,"ADUResist","post_3.5_4_hr","transcript-rna-seq",-0.262787972368898,-0.425657376235594,-0.0999185685022016,0.0226197624682462,"1387","CREBBP","ENSG00000005339",NA,NA,NA,NA
"blood","transcript-rna-seq","ENSG00000058063.16",0.322541045464871,0.162944492129356,0.482137598800386,0.00108453138956596,"ADUResist","post_3.5_4_hr","transcript-rna-seq",-0.356587151850594,-0.532075420110066,-0.181098883591121,0.00308106936514706,"23200","ATP11B","ENSG00000058063",NA,NA,NA,NA
"blood","transcript-rna-seq","ENSG00000174669.12",-0.522485958960662,-0.781069578318534,-0.26390233960279,0.00108671266413851,"ADUResist","post_3.5_4_hr","transcript-rna-seq",0.6210943009166,0.245553045576087,0.996635556257112,0.0186279134308791,"3177","SLC29A2","ENSG00000174669",NA,NA,NA,NA
"blood","transcript-rna-seq","ENSG00000196782.13",0.353101925055352,0.178285112775423,0.527918737335281,0.00109185497945945,"ADUResist","post_3.5_4_hr","transcript-rna-seq",-0.3632719452649,-0.553498556760157,-0.173045333769643,0.00541885034472654,"55534","MAML3","ENSG00000196782",NA,NA,NA,NA
"blood","transcript-rna-seq","ENSG00000116473.15",0.241170607964576,0.121765825933219,0.360575389995933,0.00109185497945945,"ADUResist","post_3.5_4_hr","transcript-rna-seq",-0.26923749716247,-0.403392249387223,-0.135082744937717,0.00345642488778914,"5906","RAP1A","ENSG00000116473",NA,NA,NA,NA
"blood","transcript-rna-seq","ENSG00000166313.20",-0.323244131391826,-0.483330440764672,-0.163157822018981,0.00109784552828134,"ADUResist","post_3.5_4_hr","transcript-rna-seq",0.319079464517745,0.131653886138579,0.506505042896912,0.0149011477497031,"322","APBB1","ENSG00000166313",NA,NA,NA,NA
"blood","transcript-rna-seq","ENSG00000161405.17",-0.274934696349267,-0.411257832347768,-0.138611560350766,0.00111581998674743,"ADUResist","post_3.5_4_hr","transcript-rna-seq",0.302542463300457,0.149606956305845,0.45547797029507,0.00390587977996506,"22806","IKZF3","ENSG00000161405",NA,NA,NA,NA
"blood","transcript-rna-seq","ENSG00000161202.20",0.191970477779051,0.0967227685098212,0.287218187048282,0.00112267680754002,"ADUResist","post_3.5_4_hr","transcript-rna-seq",-0.181992604243939,-0.288080077703434,-0.0759051307844427,0.0140430159734131,"1857","DVL3","ENSG00000161202",NA,NA,NA,NA
"blood","transcript-rna-seq","ENSG00000116824.5",-0.311989102636058,-0.46684415066537,-0.157134054606745,0.00112998509718819,"ADUResist","post_3.5_4_hr","transcript-rna-seq",0.297323026051664,0.121491632278818,0.473154419824511,0.0156472308679873,"914","CD2","ENSG00000116824",NA,NA,NA,NA
"blood","transcript-rna-seq","ENSG00000198851.10",-0.307979450123297,-0.46098319775159,-0.154975702495005,0.00114184124115347,"ADUResist","post_3.5_4_hr","transcript-rna-seq",0.329202028907085,0.156003428526383,0.502400629287788,0.00564381825646695,"916","CD3E","ENSG00000198851",NA,NA,NA,NA
"blood","transcript-rna-seq","ENSG00000104915.15",0.33426898326636,0.168086326162573,0.500451640370147,0.00115150197254164,"ADUResist","post_3.5_4_hr","transcript-rna-seq",-0.305201074585425,-0.489010141972937,-0.121392007197914,0.0180543880230395,"8677","STX10","ENSG00000104915",NA,NA,NA,NA
"blood","transcript-rna-seq","ENSG00000143337.19",0.282893153032701,0.14222740812912,0.423558897936282,0.00115254847606601,"ADUResist","post_3.5_4_hr","transcript-rna-seq",-0.246603842404135,-0.402613191889048,-0.090594492919222,0.0267813341281423,"26092","TOR1AIP1","ENSG00000143337",NA,NA,NA,NA
"blood","transcript-rna-seq","ENSG00000155111.15",0.337503104801972,0.16963872497721,0.505367484626735,0.00115546357115225,"ADUResist","post_3.5_4_hr","transcript-rna-seq",-0.36289023656549,-0.553467685301845,-0.172312787829135,0.00553613375614472,"23097","CDK19","ENSG00000155111",NA,NA,NA,NA
"blood","transcript-rna-seq","ENSG00000116514.17",0.253068691218636,0.127172831463968,0.378964550973304,0.00115800979112571,"ADUResist","post_3.5_4_hr","transcript-rna-seq",-0.331557502237064,-0.476584335067847,-0.186530669406282,0.00107792399752238,"127544","RNF19B","ENSG00000116514",NA,NA,NA,NA
"blood","transcript-rna-seq","ENSG00000115548.17",0.200453810651949,0.100715687620034,0.300191933683863,0.00115800979112571,"ADUResist","post_3.5_4_hr","transcript-rna-seq",-0.170568016608219,-0.281956094068684,-0.0591799391477543,0.0337982651790218,"55818","KDM3A","ENSG00000115548",NA,NA,NA,NA
"blood","transcript-rna-seq","ENSG00000197930.13",0.291044315751642,0.145998980098664,0.43608965140462,0.00118601263572535,"ADUResist","post_3.5_4_hr","transcript-rna-seq",-0.243729235296701,-0.403414933386921,-0.0840435372064818,0.034615636017772,"30001","ERO1A","ENSG00000197930",NA,NA,NA,NA
"blood","transcript-rna-seq","ENSG00000099331.14",0.216453315587463,0.108520828920126,0.324385802254801,0.00119155421560729,"ADUResist","post_3.5_4_hr","transcript-rna-seq",-0.207868258504291,-0.330500763320059,-0.0852357536885234,0.0153748273199181,"4650","MYO9B","ENSG00000099331",NA,NA,NA,NA
"blood","transcript-rna-seq","ENSG00000135334.9",0.277286618545081,0.138969212818686,0.415604024271477,0.00119672953574511,"ADUResist","post_3.5_4_hr","transcript-rna-seq",-0.254823484079978,-0.418901880973668,-0.0907450871862881,0.0306426215499791,"55122","AKIRIN2","ENSG00000135334",NA,NA,NA,NA
"blood","transcript-rna-seq","ENSG00000142046.15",0.357959253686608,0.179377181924138,0.536541325449078,0.00119817655802735,"ADUResist","post_3.5_4_hr","transcript-rna-seq",-0.297013193308575,-0.493091987730222,-0.100934398886929,0.0365314874453292,"641649","TMEM91","ENSG00000142046",NA,NA,NA,NA
"blood","transcript-rna-seq","ENSG00000234745.13",0.227033378901259,0.113586564210561,0.340480193591958,0.00122476846885243,"ADUResist","post_3.5_4_hr","transcript-rna-seq",-0.224600168076639,-0.356495080572362,-0.0927052555809166,0.0149011477497031,"3106","HLA-B","ENSG00000234745",NA,NA,NA,NA
"blood","transcript-rna-seq","ENSG00000126882.13",-0.156306789312939,-0.234430835428975,-0.0781827431969032,0.0012255175884189,"ADUResist","post_3.5_4_hr","transcript-rna-seq",0.129922163241376,0.0405432879490112,0.21930103853374,0.047909861498474,"286336","FAM78A","ENSG00000126882",NA,NA,NA,NA
"blood","transcript-rna-seq","ENSG00000187534.6",0.744002601003752,0.371742783481694,1.11626241852581,0.00123536071365594,"ADUResist","post_3.5_4_hr","transcript-rna-seq",-0.620758538752663,-1.03090830187241,-0.210608775632916,0.0366472921718593,NA,"PRR13P5","ENSG00000187534",NA,NA,NA,NA
"blood","transcript-rna-seq","ENSG00000211751.9",-0.328116786781915,-0.492205275283627,-0.164028298280202,0.00123566335891542,"ADUResist","post_3.5_4_hr","transcript-rna-seq",0.33114357148405,0.142535762934644,0.519751380033457,0.0116106086100441,NA,"TRBC1","ENSG00000211751",NA,NA,NA,NA
"blood","transcript-rna-seq","ENSG00000072786.13",0.145514655290155,0.0726393806702478,0.218389929910062,0.00125850068977871,"ADUResist","post_3.5_4_hr","transcript-rna-seq",-0.152461938183412,-0.238738742145946,-0.0661851342208788,0.0109005795395611,"6793","STK10","ENSG00000072786",NA,NA,NA,NA
"blood","transcript-rna-seq","ENSG00000179299.17",0.7230132669047,0.36074125605963,1.08528527774977,0.00126615212927169,"ADUResist","post_3.5_4_hr","transcript-rna-seq",-0.557173904792764,-0.913080845348204,-0.201266964237325,0.0287052873413369,"79730","NSUN7","ENSG00000179299",NA,NA,NA,NA
"blood","transcript-rna-seq","ENSG00000175115.13",0.181914903786026,0.0906133328186168,0.273216474753436,0.00129524944302167,"ADUResist","post_3.5_4_hr","transcript-rna-seq",-0.17881852998976,-0.283522029598085,-0.0741150303814359,0.0145931358475571,"55690","PACS1","ENSG00000175115",NA,NA,NA,NA
"blood","transcript-rna-seq","ENSG00000173638.19",0.315797860577048,0.156905071877997,0.474690649276099,0.00134197347464376,"ADUResist","post_3.5_4_hr","transcript-rna-seq",-0.308970841558335,-0.488270851257161,-0.12967083185951,0.0135727683976896,"6573","SLC19A1","ENSG00000173638",NA,NA,NA,NA
"blood","transcript-rna-seq","ENSG00000173039.20",0.166149326153606,0.0824395594086355,0.249859092898577,0.00136096528913996,"ADUResist","post_3.5_4_hr","transcript-rna-seq",-0.156874147030845,-0.253237311151735,-0.0605109829099539,0.0210015500834727,"5970","RELA","ENSG00000173039",NA,NA,NA,NA
"blood","transcript-rna-seq","ENSG00000134046.12",0.204081124659832,0.100992373305297,0.307169876014367,0.00141070977642942,"ADUResist","post_3.5_4_hr","transcript-rna-seq",-0.252947546493298,-0.366692237722777,-0.139202855263819,0.00132680321262746,"8932","MBD2","ENSG00000134046",NA,NA,NA,NA
"blood","transcript-rna-seq","ENSG00000184787.19",-0.182674171885468,-0.275180878240548,-0.0901674655303885,0.00146287096201746,"ADUResist","post_3.5_4_hr","transcript-rna-seq",0.165941913685309,0.0581011262416069,0.273782701129011,0.0327382933358974,"7327","UBE2G2","ENSG00000184787",NA,NA,NA,NA
"blood","transcript-rna-seq","ENSG00000160791.14",-0.335565627261428,-0.50557109191965,-0.165560162603206,0.00147139569131218,"ADUResist","post_3.5_4_hr","transcript-rna-seq",0.339574225476258,0.136007975510392,0.543140475442125,0.017404280550387,"1234","CCR5","ENSG00000160791",NA,NA,NA,NA
"blood","transcript-rna-seq","ENSG00000179715.13",-0.298796471712359,-0.450244381570484,-0.147348561854235,0.00147682697371557,"ADUResist","post_3.5_4_hr","transcript-rna-seq",0.393404102343745,0.21461348383681,0.572194720850681,0.00149451834286466,"91523","PCED1B","ENSG00000179715",NA,NA,NA,NA
"blood","transcript-rna-seq","ENSG00000109332.20",0.211601989994488,0.104348292327601,0.318855687661375,0.00147682697371557,"ADUResist","post_3.5_4_hr","transcript-rna-seq",-0.237572385000163,-0.357511639268847,-0.11763313073148,0.00385917024194506,"7323","UBE2D3","ENSG00000109332",NA,NA,NA,NA
"blood","transcript-rna-seq","ENSG00000185404.17",-0.20807734244334,-0.313662480418384,-0.102492204468295,0.00149897614241462,"ADUResist","post_3.5_4_hr","transcript-rna-seq",0.176353758874344,0.055910867590543,0.296796650158144,0.045605794073839,"93349","SP140L","ENSG00000185404",NA,NA,NA,NA
"blood","transcript-rna-seq","ENSG00000101181.18",0.241454000430875,0.118856539279628,0.364051461582122,0.00150856915233421,"ADUResist","post_3.5_4_hr","transcript-rna-seq",-0.246684465622539,-0.382900307816558,-0.110468623428519,0.00880324907321588,"26164","MTG2","ENSG00000101181",NA,NA,NA,NA
"blood","transcript-rna-seq","ENSG00000129450.9",0.266896880302236,0.13119028939891,0.402603471205562,0.00154041515452338,"ADUResist","post_3.5_4_hr","transcript-rna-seq",-0.254141434388514,-0.409929771326062,-0.0983530974509661,0.0207415316445169,"27180","SIGLEC9","ENSG00000129450",NA,NA,NA,NA
"blood","transcript-rna-seq","ENSG00000130787.14",-0.315539626458948,-0.475990280831153,-0.155088972086743,0.00154102072722963,"ADUResist","post_3.5_4_hr","transcript-rna-seq",0.406757609380393,0.217773716289783,0.595741502471003,0.00180415454022081,"9026","HIP1R","ENSG00000130787",NA,NA,NA,NA
"blood","transcript-rna-seq","ENSG00000173020.11",0.174078385540055,0.0855450335565194,0.26261173752359,0.00154246996604521,"ADUResist","post_3.5_4_hr","transcript-rna-seq",-0.158128259928326,-0.260886814364573,-0.0553697054920784,0.0327382933358974,"156","GRK2","ENSG00000173020",NA,NA,NA,NA
"blood","transcript-rna-seq","ENSG00000112983.18",0.193852613830078,0.0952337691451048,0.292471458515051,0.00154690441120242,"ADUResist","post_3.5_4_hr","transcript-rna-seq",-0.191260675055226,-0.30557908338925,-0.0769422667212009,0.0170632668754937,"10902","BRD8","ENSG00000112983",NA,NA,NA,NA
"blood","transcript-rna-seq","ENSG00000077044.11",0.176584386012604,0.0867473681798159,0.266421403845392,0.00154825997541157,"ADUResist","post_3.5_4_hr","transcript-rna-seq",-0.224508759127644,-0.322601520277104,-0.126415997978183,0.00107424562446754,"8527","DGKD","ENSG00000077044",NA,NA,NA,NA
"blood","transcript-rna-seq","ENSG00000166710.22",0.210757919685298,0.103519532491918,0.317996306878678,0.00155145087486735,"ADUResist","post_3.5_4_hr","transcript-rna-seq",-0.176602754375137,-0.297281573378232,-0.0559239353720423,0.0457834716096574,"567","B2M","ENSG00000166710",NA,NA,NA,NA
"blood","transcript-rna-seq","ENSG00000134516.19",0.176036205049307,0.0864401725863572,0.265632237512257,0.00155591061689104,"ADUResist","post_3.5_4_hr","transcript-rna-seq",-0.188947829432177,-0.292788707111127,-0.0851069517532264,0.00837390390048899,"1794","DOCK2","ENSG00000134516",NA,NA,NA,NA
"blood","transcript-rna-seq","ENSG00000174903.16",0.19527498169102,0.0958444270213199,0.294705536360719,0.00156454444517262,"ADUResist","post_3.5_4_hr","transcript-rna-seq",-0.238901710970296,-0.35108786536851,-0.126715556572082,0.0019451995024168,"81876","RAB1B","ENSG00000174903",NA,NA,NA,NA
"blood","transcript-rna-seq","ENSG00000182871.16",0.328971195371645,0.161476129315165,0.496466261428125,0.00156558004927084,"ADUResist","post_3.5_4_hr","transcript-rna-seq",-0.332511751698445,-0.516630183644564,-0.148393319752326,0.00901588879025609,"80781","COL18A1","ENSG00000182871",NA,NA,NA,NA
"blood","transcript-rna-seq","ENSG00000134287.10",0.178089692853845,0.0873035085817442,0.268875877125947,0.00159064881349784,"ADUResist","post_3.5_4_hr","transcript-rna-seq",-0.18252807931874,-0.288673213538627,-0.0763829450988527,0.0137939744103442,"377","ARF3","ENSG00000134287",NA,NA,NA,NA
"blood","transcript-rna-seq","ENSG00000092199.19",0.145547828509391,0.0712888529361238,0.219806804082659,0.00160716073893272,"ADUResist","post_3.5_4_hr","transcript-rna-seq",-0.143761802717693,-0.231103954555747,-0.0564196508796388,0.01930681315066,"3183","HNRNPC","ENSG00000092199",NA,NA,NA,NA
"blood","transcript-rna-seq","ENSG00000105220.17",-0.204180503220446,-0.308435969496417,-0.0999250369444744,0.00162435863117859,"ADUResist","post_3.5_4_hr","transcript-rna-seq",0.197557885411649,0.0797272419182037,0.315388528905094,0.0167905051744938,"2821","GPI","ENSG00000105220",NA,NA,NA,NA
"blood","transcript-rna-seq","ENSG00000103187.8",0.202252293079042,0.0986364128757048,0.305868173282378,0.00169747919802366,"ADUResist","post_3.5_4_hr","transcript-rna-seq",-0.182049439355382,-0.300739381990355,-0.0633594967204078,0.0334268677854537,"23406","COTL1","ENSG00000103187",NA,NA,NA,NA
"blood","transcript-rna-seq","ENSG00000136536.15",0.312876079838007,0.152468565170681,0.473283594505334,0.00171206758474757,"ADUResist","post_3.5_4_hr","transcript-rna-seq",-0.265973301188882,-0.439897220317786,-0.0920493820599773,0.0341897015515939,"64844","MARCHF7","ENSG00000136536",NA,NA,NA,NA
"blood","transcript-rna-seq","ENSG00000197872.11",0.275522406759691,0.134203057355064,0.416841756164319,0.00172247758606067,"ADUResist","post_3.5_4_hr","transcript-rna-seq",-0.237912378256132,-0.398686722409836,-0.0771380341024279,0.0426914922063129,"81553","CYRIA","ENSG00000197872",NA,NA,NA,NA
"blood","transcript-rna-seq","ENSG00000148660.21",0.213041161424791,0.103765686664648,0.322316636184934,0.00172331817453687,"ADUResist","post_3.5_4_hr","transcript-rna-seq",-0.243727620388203,-0.368440721628788,-0.119014519147618,0.00440801703190278,"818","CAMK2G","ENSG00000148660",NA,NA,NA,NA
"blood","transcript-rna-seq","ENSG00000099901.17",-0.306180058990809,-0.463261014705084,-0.149099103276534,0.00172331817453687,"ADUResist","post_3.5_4_hr","transcript-rna-seq",0.278163372812579,0.0928032378723912,0.463523507752767,0.0389715452732664,"5902","RANBP1","ENSG00000099901",NA,NA,NA,NA
"blood","transcript-rna-seq","ENSG00000126883.18",0.213497171249209,0.103851551124635,0.323142791373783,0.00174952581900325,"ADUResist","post_3.5_4_hr","transcript-rna-seq",-0.200068742928572,-0.320433644909257,-0.0797038409478873,0.0178798194812978,"8021","NUP214","ENSG00000126883",NA,NA,NA,NA
"blood","transcript-rna-seq","ENSG00000132376.20",0.197736790396458,0.0961784114230072,0.29929516936991,0.00174990438898274,"ADUResist","post_3.5_4_hr","transcript-rna-seq",-0.187013632779567,-0.304831009451321,-0.0691962561078127,0.0258346467177615,"51763","INPP5K","ENSG00000132376",NA,NA,NA,NA
"blood","transcript-rna-seq","ENSG00000099995.19",0.178678904623151,0.0868962293534063,0.270461579892896,0.00174990438898274,"ADUResist","post_3.5_4_hr","transcript-rna-seq",-0.161528982872008,-0.267381415272534,-0.0556765504714827,0.0346380580989094,"10291","SF3A1","ENSG00000099995",NA,NA,NA,NA
"blood","transcript-rna-seq","ENSG00000167986.15",-0.17477180013695,-0.264540014580255,-0.0850035856936451,0.00174990438898274,"ADUResist","post_3.5_4_hr","transcript-rna-seq",0.18044931415869,0.078332227150095,0.282566401167286,0.0109005795395611,"1642","DDB1","ENSG00000167986",NA,NA,NA,NA
"blood","transcript-rna-seq","ENSG00000197283.18",-0.262539800910924,-0.397467226754932,-0.127612375066916,0.00176326570661774,"ADUResist","post_3.5_4_hr","transcript-rna-seq",0.398793365794713,0.247863284927812,0.549723446661615,0.00020849647690792,"8831","SYNGAP1","ENSG00000197283",NA,NA,NA,NA
"blood","transcript-rna-seq","ENSG00000154016.14",-0.311718770824182,-0.471951976491571,-0.151485565156793,0.00176565426077137,"ADUResist","post_3.5_4_hr","transcript-rna-seq",0.329411069930961,0.134331466992605,0.524490672869316,0.0158083777650718,"10750","GRAP","ENSG00000154016",NA,NA,NA,NA
"blood","transcript-rna-seq","ENSG00000130985.17",0.171130212162705,0.0830826238471308,0.259177800478279,0.00178529040705902,"ADUResist","post_3.5_4_hr","transcript-rna-seq",-0.23179745881669,-0.333086405280854,-0.130508512352525,0.00107424562446754,"7317","UBA1","ENSG00000130985",NA,NA,NA,NA
"blood","transcript-rna-seq","ENSG00000143797.12",0.349532061008318,0.169664826246885,0.529399295769752,0.00179030953736015,"ADUResist","post_3.5_4_hr","transcript-rna-seq",-0.31716935047845,-0.524959208759751,-0.109379492197148,0.0346110378897355,"129642","MBOAT2","ENSG00000143797",NA,NA,NA,NA
"blood","transcript-rna-seq","ENSG00000179051.14",-0.196385357387276,-0.297466673571738,-0.0953040412028151,0.00179356614956824,"ADUResist","post_3.5_4_hr","transcript-rna-seq",0.165427378200294,0.0514609333445522,0.279393823056037,0.0482140016231805,"55920","RCC2","ENSG00000179051",NA,NA,NA,NA
"blood","transcript-rna-seq","ENSG00000109220.11",0.32924578168174,0.159657738982337,0.498833824381143,0.00180833034623365,"ADUResist","post_3.5_4_hr","transcript-rna-seq",-0.346426300307481,-0.537350702274263,-0.1555018983407,0.0086167387512593,"26511","CHIC2","ENSG00000109220",NA,NA,NA,NA
"blood","transcript-rna-seq","ENSG00000180304.14",0.202801612668203,0.0983388740991779,0.307264351237229,0.00181145939372353,"ADUResist","post_3.5_4_hr","transcript-rna-seq",-0.177434586016687,-0.299585961473394,-0.0552832105599812,0.0480925520851034,"4947","OAZ2","ENSG00000180304",NA,NA,NA,NA
"blood","transcript-rna-seq","ENSG00000136068.16",-0.24888172197995,-0.377179010657876,-0.120584433302024,0.00183024420042708,"ADUResist","post_3.5_4_hr","transcript-rna-seq",0.246888187712499,0.0990863028877202,0.394690072537278,0.0172372030808375,"2317","FLNB","ENSG00000136068",NA,NA,NA,NA
"blood","transcript-rna-seq","ENSG00000169442.9",-0.292717345602382,-0.443641501021381,-0.141793190183383,0.00183318269265187,"ADUResist","post_3.5_4_hr","transcript-rna-seq",0.272980011286104,0.0989936001720548,0.446966422400153,0.028324695786216,"1043","CD52","ENSG00000169442",NA,NA,NA,NA
"blood","transcript-rna-seq","ENSG00000133872.14",0.172150605675164,0.0833700232067472,0.26093118814358,0.00183747286477614,"ADUResist","post_3.5_4_hr","transcript-rna-seq",-0.158410990795309,-0.256060344223263,-0.0607616373673545,0.02163588988207,"51669","SARAF","ENSG00000133872",NA,NA,NA,NA
"blood","transcript-rna-seq","ENSG00000171606.18",0.219160098187047,0.106097870996344,0.332222325377751,0.00184413800588168,"ADUResist","post_3.5_4_hr","transcript-rna-seq",-0.200868559938037,-0.325717467865928,-0.0760196520101464,0.0231571182225442,"10782","ZNF274","ENSG00000171606",NA,NA,NA,NA
"blood","transcript-rna-seq","ENSG00000160593.19",0.276656706994602,0.133622113711133,0.419691300278072,0.00190236720645359,"ADUResist","post_3.5_4_hr","transcript-rna-seq",-0.253968571685135,-0.412938853458349,-0.0949982899119214,0.0244590933820594,"120425","JAML","ENSG00000160593",NA,NA,NA,NA
"blood","transcript-rna-seq","ENSG00000067900.8",0.30569087564167,0.147619591541658,0.463762159741681,0.00190315469296979,"ADUResist","post_3.5_4_hr","transcript-rna-seq",-0.267293953719021,-0.443082924415356,-0.0915049830226851,0.0355865348601282,"6093","ROCK1","ENSG00000067900",NA,NA,NA,NA
"blood","transcript-rna-seq","ENSG00000174718.12",0.39806007064581,0.192153223749604,0.603966917542016,0.00191173105134932,"ADUResist","post_3.5_4_hr","transcript-rna-seq",-0.338038623141816,-0.567425170903592,-0.108652075380041,0.0439140475843865,"55196","RESF1","ENSG00000174718",NA,NA,NA,NA
"blood","transcript-rna-seq","ENSG00000100596.8",0.224333762910127,0.10827980555191,0.340387720268343,0.00191441671076607,"ADUResist","post_3.5_4_hr","transcript-rna-seq",-0.240938160351964,-0.370505807103876,-0.111370513600053,0.0067902522547204,"9517","SPTLC2","ENSG00000100596",NA,NA,NA,NA
"blood","transcript-rna-seq","ENSG00000165650.12",0.344363984092804,0.166123682241165,0.522604285944443,0.00192545902929974,"ADUResist","post_3.5_4_hr","transcript-rna-seq",-0.337478938046619,-0.535528543857433,-0.139429332235805,0.0148232932906966,"118987","PDZD8","ENSG00000165650",NA,NA,NA,NA
"blood","transcript-rna-seq","ENSG00000167110.19",0.199775761148006,0.0963017301319725,0.303249792164039,0.00193650771919584,"ADUResist","post_3.5_4_hr","transcript-rna-seq",-0.236239963945211,-0.352723921314593,-0.119756006575829,0.00312292781565175,"2801","GOLGA2","ENSG00000167110",NA,NA,NA,NA
"blood","transcript-rna-seq","ENSG00000140854.13",0.262769492057398,0.126555402660718,0.398983581454078,0.00195708539754347,"ADUResist","post_3.5_4_hr","transcript-rna-seq",-0.227194977672791,-0.377475357795399,-0.0769145975501826,0.0368591117474062,"10300","KATNB1","ENSG00000140854",NA,NA,NA,NA
"blood","transcript-rna-seq","ENSG00000137947.12",0.247668027630839,0.119196928071002,0.376139127190676,0.0019743938986324,"ADUResist","post_3.5_4_hr","transcript-rna-seq",-0.254340719693956,-0.397540156962709,-0.111141282425203,0.0104301110386688,"2959","GTF2B","ENSG00000137947",NA,NA,NA,NA
"blood","transcript-rna-seq","ENSG00000135148.12",0.249682130038691,0.120188031022192,0.37917622905519,0.0019743938986324,"ADUResist","post_3.5_4_hr","transcript-rna-seq",-0.275188371932769,-0.434586206454295,-0.115790537411243,0.0134474116386704,"10906","TRAFD1","ENSG00000135148",NA,NA,NA,NA
"blood","transcript-rna-seq","ENSG00000178950.18",0.148537213248107,0.0714604755295835,0.225613950966631,0.00198200586403049,"ADUResist","post_3.5_4_hr","transcript-rna-seq",-0.156446181283138,-0.241479298169724,-0.0714130643965513,0.00761567798549856,"2580","GAK","ENSG00000178950",NA,NA,NA,NA
"blood","transcript-rna-seq","ENSG00000164713.10",0.322110534741467,0.154943582022172,0.489277487460763,0.00198746160820738,"ADUResist","post_3.5_4_hr","transcript-rna-seq",-0.350925261053193,-0.539238659411302,-0.162611862695085,0.00671079833106289,"25798","BRI3","ENSG00000164713",NA,NA,NA,NA
"blood","transcript-rna-seq","ENSG00000108840.16",0.208752246716333,0.100351230478692,0.317153262953974,0.00200208547031633,"ADUResist","post_3.5_4_hr","transcript-rna-seq",-0.206340129659266,-0.328313357590871,-0.0843669017276605,0.0156033995349091,"10014","HDAC5","ENSG00000108840",NA,NA,NA,NA
"blood","transcript-rna-seq","ENSG00000071564.17",-0.219359939422286,-0.333377705930371,-0.1053421729142,0.00202995621176394,"ADUResist","post_3.5_4_hr","transcript-rna-seq",0.312328983345035,0.181156405823987,0.443501560866082,0.000778517232720069,"6929","TCF3","ENSG00000071564",NA,NA,NA,NA
"blood","transcript-rna-seq","ENSG00000144579.8",0.191212342257748,0.091620208702874,0.290804475812621,0.00208178480429677,"ADUResist","post_3.5_4_hr","transcript-rna-seq",-0.243452214549336,-0.355677704100819,-0.131226724997854,0.00168042612964206,"58190","CTDSP1","ENSG00000144579",NA,NA,NA,NA
"blood","transcript-rna-seq","ENSG00000114650.21",0.196391906543717,0.0940071767192034,0.29877663636823,0.00210851460660878,"ADUResist","post_3.5_4_hr","transcript-rna-seq",-0.183892965698168,-0.302787596469548,-0.0649983349267878,0.0315248941920476,"22937","SCAP","ENSG00000114650",NA,NA,NA,NA
"blood","transcript-rna-seq","ENSG00000288156.1",0.336965795182336,0.161256172882893,0.51267541748178,0.00211161479513949,"ADUResist","post_3.5_4_hr","transcript-rna-seq",-0.287627997292481,-0.473369980976095,-0.101886013608867,0.0313601861327802,NA,NA,"ENSG00000288156",NA,NA,NA,NA
"blood","transcript-rna-seq","ENSG00000198646.14",0.264911353857784,0.126627782442126,0.403194925273441,0.00213688389150728,"ADUResist","post_3.5_4_hr","transcript-rna-seq",-0.232578094393323,-0.382386605891988,-0.0827695828946571,0.0306883715884884,"23054","NCOA6","ENSG00000198646",NA,NA,NA,NA
"blood","transcript-rna-seq","ENSG00000197956.10",0.332064700176208,0.158458120956918,0.505671279395498,0.00218634337005257,"ADUResist","post_3.5_4_hr","transcript-rna-seq",-0.424850733277445,-0.614899871182122,-0.234801595372769,0.00130264694183017,"6277","S100A6","ENSG00000197956",NA,NA,NA,NA
"blood","transcript-rna-seq","ENSG00000162444.12",0.496235102816,0.2366386586001,0.755831547031899,0.00220203299583161,"ADUResist","post_3.5_4_hr","transcript-rna-seq",-0.480907978294679,-0.763824893000664,-0.197991063588694,0.0150375347170198,"116362","RBP7","ENSG00000162444",NA,NA,NA,NA
"blood","transcript-rna-seq","ENSG00000135486.19",-0.165392294315323,-0.251953310059367,-0.0788312785712788,0.00221107869985759,"ADUResist","post_3.5_4_hr","transcript-rna-seq",0.176300306697437,0.0734113487877585,0.279189264607115,0.0142041047357525,"3178","HNRNPA1","ENSG00000135486",NA,NA,NA,NA
"blood","transcript-rna-seq","ENSG00000049245.13",0.239971865130299,0.114340424261949,0.365603305998649,0.00221939939800485,"ADUResist","post_3.5_4_hr","transcript-rna-seq",-0.302440566775076,-0.446602100874166,-0.158279032675987,0.00229792522199279,"9341","VAMP3","ENSG00000049245",NA,NA,NA,NA
"blood","transcript-rna-seq","ENSG00000133275.16",0.14993970799147,0.0714140615353196,0.22846535444762,0.00222657886598743,"ADUResist","post_3.5_4_hr","transcript-rna-seq",-0.156253211997898,-0.246994566136591,-0.0655118578592051,0.0136409711747605,"1455","CSNK1G2","ENSG00000133275",NA,NA,NA,NA
"blood","transcript-rna-seq","ENSG00000118960.13",0.25275477673553,0.120375803043915,0.385133750427144,0.00222657886598743,"ADUResist","post_3.5_4_hr","transcript-rna-seq",-0.259398112528828,-0.409117250287159,-0.109678974770497,0.0130038390371929,"64342","HS1BP3","ENSG00000118960",NA,NA,NA,NA
"blood","transcript-rna-seq","ENSG00000115756.13",0.194046444278299,0.0923406282286058,0.295752260327992,0.0022483379975944,"ADUResist","post_3.5_4_hr","transcript-rna-seq",-0.191137753540251,-0.306794222533068,-0.0754812845474337,0.0187291850959904,"3241","HPCAL1","ENSG00000115756",NA,NA,NA,NA
"blood","transcript-rna-seq","ENSG00000179262.10",-0.205106943218603,-0.312616997489006,-0.097596888948201,0.00225205988355892,"ADUResist","post_3.5_4_hr","transcript-rna-seq",0.202498862448691,0.0754780274907956,0.329519697406587,0.0249037541080525,"5886","RAD23A","ENSG00000179262",NA,NA,NA,NA
"blood","transcript-rna-seq","ENSG00000126012.13",0.15377251659077,0.0731146314154025,0.234430401766138,0.00226563723484662,"ADUResist","post_3.5_4_hr","transcript-rna-seq",-0.138589708150153,-0.22962995183145,-0.0475494644688569,0.035284235085883,"8242","KDM5C","ENSG00000126012",NA,NA,NA,NA
"blood","transcript-rna-seq","ENSG00000149925.22",0.238893211204807,0.113589933623981,0.364196488785634,0.0022671709292154,"ADUResist","post_3.5_4_hr","transcript-rna-seq",-0.253608744919289,-0.393922849209589,-0.113294640628988,0.00895342048498885,"226","ALDOA","ENSG00000149925",NA,NA,NA,NA
"blood","transcript-rna-seq","ENSG00000154813.10",0.303533565631411,0.144227060170866,0.462840071091956,0.00227692887327179,"ADUResist","post_3.5_4_hr","transcript-rna-seq",-0.256869258655993,-0.432402012009581,-0.0813365053024045,0.0457834716096574,"285381","DPH3","ENSG00000154813",NA,NA,NA,NA
"blood","transcript-rna-seq","ENSG00000223935.3",0.964871542317146,0.458245106627362,1.47149797800693,0.00229532013714021,"ADUResist","post_3.5_4_hr","transcript-rna-seq",-0.790109168178091,-1.25125220683932,-0.328966129516861,0.0142041047357525,NA,"LGALSL-DT","ENSG00000223935",NA,NA,NA,NA
"blood","transcript-rna-seq","ENSG00000131669.10",0.280187877401048,0.133058160344745,0.42731759445735,0.0022959891403452,"ADUResist","post_3.5_4_hr","transcript-rna-seq",-0.249493803590727,-0.421033117814994,-0.0779544893664605,0.0478445325335465,"4814","NINJ1","ENSG00000131669",NA,NA,NA,NA
"blood","transcript-rna-seq","ENSG00000170248.15",0.178881760153715,0.0849406794123718,0.272822840895058,0.0022959891403452,"ADUResist","post_3.5_4_hr","transcript-rna-seq",-0.157044224555736,-0.2626351151961,-0.051453333915371,0.0413582986286214,"10015","PDCD6IP","ENSG00000170248",NA,NA,NA,NA
"blood","transcript-rna-seq","ENSG00000180901.11",0.224081041603316,0.106384324377151,0.341777758829481,0.00229616492665037,"ADUResist","post_3.5_4_hr","transcript-rna-seq",-0.290777316408457,-0.418693365452785,-0.16286126736413,0.00112356299638894,"23510","KCTD2","ENSG00000180901",NA,NA,NA,NA
"blood","transcript-rna-seq","ENSG00000185963.14",0.241734957744458,0.114746121879537,0.368723793609379,0.00230234890668338,"ADUResist","post_3.5_4_hr","transcript-rna-seq",-0.229325937436061,-0.370140237974435,-0.0885116368976879,0.02097422389511,"23299","BICD2","ENSG00000185963",NA,NA,NA,NA
"blood","transcript-rna-seq","ENSG00000167996.16",0.272134713802906,0.129150718275825,0.415118709329987,0.00230941205586438,"ADUResist","post_3.5_4_hr","transcript-rna-seq",-0.312026687440287,-0.472049176320906,-0.152004198559669,0.00449186609307482,"2495","FTH1","ENSG00000167996",NA,NA,NA,NA
"blood","transcript-rna-seq","ENSG00000112159.12",-0.287611366859482,-0.438942942960655,-0.13627979075831,0.00235282556733477,"ADUResist","post_3.5_4_hr","transcript-rna-seq",0.322588272344942,0.144011731242202,0.501164813447681,0.00899511276952319,"23195","MDN1","ENSG00000112159",NA,NA,NA,NA
"blood","transcript-rna-seq","ENSG00000129467.14",0.417231127340432,0.197531007182455,0.636931247498408,0.00237559156833745,"ADUResist","post_3.5_4_hr","transcript-rna-seq",-0.42668691127685,-0.659961009393141,-0.193412813160558,0.0080049353914655,"196883","ADCY4","ENSG00000129467",NA,NA,NA,NA
"blood","transcript-rna-seq","ENSG00000070476.15",0.200401361916252,0.0948667381982547,0.305935985634249,0.00237689751444138,"ADUResist","post_3.5_4_hr","transcript-rna-seq",-0.218796254529347,-0.33151907583304,-0.106073433225654,0.00471916699222974,"79364","ZXDC","ENSG00000070476",NA,NA,NA,NA
"blood","transcript-rna-seq","ENSG00000181163.14",-0.202610996046412,-0.309332069223475,-0.095889922869348,0.00238389598237538,"ADUResist","post_3.5_4_hr","transcript-rna-seq",0.223470358039369,0.0985933995668078,0.348347316511929,0.00979262074942494,"4869","NPM1","ENSG00000181163",NA,NA,NA,NA
"blood","transcript-rna-seq","ENSG00000162591.16",0.282506437981698,0.133691235713717,0.431321640249678,0.00238699254342723,"ADUResist","post_3.5_4_hr","transcript-rna-seq",-0.31443149886374,-0.476670774872124,-0.152192222855357,0.00478620682814052,"1953","MEGF6","ENSG00000162591",NA,NA,NA,NA
"blood","transcript-rna-seq","ENSG00000211689.7",-0.479068694927241,-0.731451110980735,-0.226686278873747,0.00238907180951037,"ADUResist","post_3.5_4_hr","transcript-rna-seq",0.489562326427305,0.192727336580067,0.786397316274542,0.0190076703908165,"445347","TRGC1","ENSG00000211689",NA,NA,NA,NA
"blood","transcript-rna-seq","ENSG00000213445.10",0.201705167946205,0.0954020878109774,0.308008248081433,0.00239739670391319,"ADUResist","post_3.5_4_hr","transcript-rna-seq",-0.213208036698525,-0.337371328668176,-0.0890447447288741,0.0139649028446628,"6494","SIPA1","ENSG00000213445",NA,NA,NA,NA
"blood","transcript-rna-seq","ENSG00000197694.18",-0.184375777525291,-0.28160707527494,-0.0871444797756429,0.00241867491673946,"ADUResist","post_3.5_4_hr","transcript-rna-seq",0.179749031659267,0.0685364905107617,0.290961572807773,0.0223073808246536,"6709","SPTAN1","ENSG00000197694",NA,NA,NA,NA
"blood","transcript-rna-seq","ENSG00000275395.7",-0.33721119629241,-0.515036273533567,-0.159386119051252,0.00242025307989386,"ADUResist","post_3.5_4_hr","transcript-rna-seq",0.50220265851166,0.2937742080552,0.71063110896812,0.000663270726556525,"8857","FCGBP","ENSG00000275395",NA,NA,NA,NA
"blood","transcript-rna-seq","ENSG00000238113.7",0.34734014342868,0.16402149656575,0.530658790291611,0.00244445718810012,"ADUResist","post_3.5_4_hr","transcript-rna-seq",-0.297949004024657,-0.500205691694381,-0.0956923163549333,0.0439834322611716,"103352539","LINC01410","ENSG00000238113",NA,NA,NA,NA
"blood","transcript-rna-seq","ENSG00000100644.17",0.419940188533459,0.198255093469519,0.641625283597398,0.00244554073009381,"ADUResist","post_3.5_4_hr","transcript-rna-seq",-0.398651300274628,-0.642594509760315,-0.154708090788941,0.0205137170487182,"3091","HIF1A","ENSG00000100644",NA,NA,NA,NA
"blood","transcript-rna-seq","ENSG00000197006.15",0.218747891811327,0.103253729159534,0.334242054463119,0.00245230515062467,"ADUResist","post_3.5_4_hr","transcript-rna-seq",-0.344523911077791,-0.472874278924069,-0.216173543231512,0.000164487983882867,"51108","METTL9","ENSG00000197006",NA,NA,NA,NA
"blood","transcript-rna-seq","ENSG00000108306.13",0.280982367032364,0.132612563641579,0.42935217042315,0.00245230515062467,"ADUResist","post_3.5_4_hr","transcript-rna-seq",-0.272162237662108,-0.435234524427293,-0.109089950896922,0.0173172534137053,"84961","FBXL20","ENSG00000108306",NA,NA,NA,NA
"blood","transcript-rna-seq","ENSG00000093167.18",0.228112705570286,0.107574990290216,0.348650420850356,0.00246827837585188,"ADUResist","post_3.5_4_hr","transcript-rna-seq",-0.273430997612445,-0.407504905624771,-0.13935708960012,0.00296281337047377,"9209","LRRFIP2","ENSG00000093167",NA,NA,NA,NA
"blood","transcript-rna-seq","ENSG00000133884.10",0.166490056966835,0.0784700730514539,0.254510040882217,0.00248163187646918,"ADUResist","post_3.5_4_hr","transcript-rna-seq",-0.148728134903346,-0.251227532860688,-0.0462287369460033,0.048269122655018,"5977","DPF2","ENSG00000133884",NA,NA,NA,NA
"blood","transcript-rna-seq","ENSG00000181481.14",0.242029361490136,0.114070827474558,0.369987895505714,0.00248478311517807,"ADUResist","post_3.5_4_hr","transcript-rna-seq",-0.251804648525058,-0.392686775239117,-0.110922521810998,0.00987043169651383,"84282","RNF135","ENSG00000181481",NA,NA,NA,NA
"blood","transcript-rna-seq","ENSG00000120705.13",0.196370333246407,0.0924631851154321,0.300277481377382,0.00250677563020452,"ADUResist","post_3.5_4_hr","transcript-rna-seq",-0.168674529075665,-0.284543728113688,-0.0528053300376421,0.0475336729922857,"2107","ETF1","ENSG00000120705",NA,NA,NA,NA
"blood","transcript-rna-seq","ENSG00000126581.13",0.17322560782418,0.0815431901838284,0.264908025464531,0.00251405335686486,"ADUResist","post_3.5_4_hr","transcript-rna-seq",-0.196596996880122,-0.29987650444136,-0.0933174893188844,0.00555245305819578,"8678","BECN1","ENSG00000126581",NA,NA,NA,NA
"blood","transcript-rna-seq","ENSG00000115590.14",0.563103502374358,0.264926083964485,0.861280920784231,0.00253230321474738,"ADUResist","post_3.5_4_hr","transcript-rna-seq",-0.527419504546247,-0.85931660839674,-0.195522400695753,0.0255912825730303,"7850","IL1R2","ENSG00000115590",NA,NA,NA,NA
"blood","transcript-rna-seq","ENSG00000101445.10",-0.278653604139117,-0.426294217754144,-0.131012990524089,0.00255125674405168,"ADUResist","post_3.5_4_hr","transcript-rna-seq",0.28858044198057,0.117982416719618,0.459178467241522,0.0156033995349091,"26051","PPP1R16B","ENSG00000101445",NA,NA,NA,NA
"blood","transcript-rna-seq","ENSG00000135404.12",0.257389871622745,0.120951631986371,0.393828111259118,0.00256331778478535,"ADUResist","post_3.5_4_hr","transcript-rna-seq",-0.293972560980947,-0.445133214749243,-0.142811907212651,0.00462973780646657,"967","CD63","ENSG00000135404",NA,NA,NA,NA
"blood","transcript-rna-seq","ENSG00000175224.17",0.168275805385323,0.0790469749086192,0.257504635862027,0.00256538856242132,"ADUResist","post_3.5_4_hr","transcript-rna-seq",-0.166528417802328,-0.267934686230908,-0.0651221493737488,0.0196564094759873,"9776","ATG13","ENSG00000175224",NA,NA,NA,NA
"blood","transcript-rna-seq","ENSG00000164609.10",0.193883698459959,0.0909626257729986,0.296804771146919,0.00260080964240909,"ADUResist","post_3.5_4_hr","transcript-rna-seq",-0.191391972483992,-0.307617650213508,-0.0751662947544766,0.0192603357585307,"10569","SLU7","ENSG00000164609",NA,NA,NA,NA
"blood","transcript-rna-seq","ENSG00000060971.19",0.23722948541746,0.111175660911031,0.363283309923889,0.00263351326751615,"ADUResist","post_3.5_4_hr","transcript-rna-seq",-0.228303566199799,-0.367635485108352,-0.0889716472912449,0.0200691276954389,"30","ACAA1","ENSG00000060971",NA,NA,NA,NA
"blood","transcript-rna-seq","ENSG00000173930.9",0.619188364377966,0.290077458845088,0.948299269910843,0.00263808965218239,"ADUResist","post_3.5_4_hr","transcript-rna-seq",-0.547573665231863,-0.886611154161634,-0.208536176302092,0.0224441037976204,"353189","SLCO4C1","ENSG00000173930",NA,NA,NA,NA
"blood","transcript-rna-seq","ENSG00000168092.14",0.19131209607672,0.089587807624566,0.293036384528874,0.00264739812420142,"ADUResist","post_3.5_4_hr","transcript-rna-seq",-0.16492270746382,-0.278636958197261,-0.0512084567303789,0.0484405090085815,"5049","PAFAH1B2","ENSG00000168092",NA,NA,NA,NA
"blood","transcript-rna-seq","ENSG00000114302.16",0.222069024419073,0.103954342359362,0.340183706478785,0.00265628026017833,"ADUResist","post_3.5_4_hr","transcript-rna-seq",-0.226139150664491,-0.353785341531411,-0.09849295979757,0.010688021985883,"5576","PRKAR2A","ENSG00000114302",NA,NA,NA,NA
"blood","transcript-rna-seq","ENSG00000108854.16",0.266030874957788,0.12451095128801,0.407550798627566,0.00265786866805547,"ADUResist","post_3.5_4_hr","transcript-rna-seq",-0.228673243835145,-0.383885098764806,-0.073461388905483,0.0439418203871898,"64750","SMURF2","ENSG00000108854",NA,NA,NA,NA
"blood","transcript-rna-seq","ENSG00000204252.14",-0.271673074088251,-0.416167955301717,-0.127178192874785,0.00265920883346798,"ADUResist","post_3.5_4_hr","transcript-rna-seq",0.263662942918656,0.0893095451191138,0.438016340718198,0.0368515223403841,"3111","HLA-DOA","ENSG00000204252",NA,NA,NA,NA
"blood","transcript-rna-seq","ENSG00000233695.2",-0.293170732322056,-0.449464605094264,-0.136876859549848,0.00274051486398456,"ADUResist","post_3.5_4_hr","transcript-rna-seq",0.483195584237874,0.278450225438341,0.687940943037407,0.00082522753269254,NA,"GAS6-AS1","ENSG00000233695",NA,NA,NA,NA
"blood","transcript-rna-seq","ENSG00000196205.8",-0.182773611319317,-0.280228551161072,-0.0853186714775616,0.00274146679432565,"ADUResist","post_3.5_4_hr","transcript-rna-seq",0.211046915125703,0.097859005239321,0.324234825012085,0.00668044301686466,NA,"EEF1A1P5","ENSG00000196205",NA,NA,NA,NA
"blood","transcript-rna-seq","ENSG00000178935.5",0.307363664416935,0.143081278552215,0.471646050281656,0.00282029032660624,"ADUResist","post_3.5_4_hr","transcript-rna-seq",-0.422897729716981,-0.602157905414203,-0.243637554019759,0.00082522753269254,"79818","ZNF552","ENSG00000178935",NA,NA,NA,NA
"blood","transcript-rna-seq","ENSG00000266412.6",0.234967036231511,0.109365895934536,0.360568176528487,0.00282685006232565,"ADUResist","post_3.5_4_hr","transcript-rna-seq",-0.227399741995129,-0.367845277533197,-0.08695420645706,0.022028884946855,"8031","NCOA4","ENSG00000266412",NA,NA,NA,NA
"blood","transcript-rna-seq","ENSG00000182220.15",0.220081835536933,0.102180354916541,0.337983316157326,0.00289901921721942,"ADUResist","post_3.5_4_hr","transcript-rna-seq",-0.241717294260702,-0.371271379144553,-0.112163209376852,0.00664051899766494,"10159","ATP6AP2","ENSG00000182220",NA,NA,NA,NA
"blood","transcript-rna-seq","ENSG00000128594.8",0.39526022894705,0.183269177098872,0.607251280795228,0.00294087685234255,"ADUResist","post_3.5_4_hr","transcript-rna-seq",-0.375251265566682,-0.614577184094185,-0.135925347039179,0.0284238818442247,"64101","LRRC4","ENSG00000128594",NA,NA,NA,NA
"blood","transcript-rna-seq","ENSG00000008294.22",0.304496375677299,0.141178591963202,0.467814159391397,0.00294087685234255,"ADUResist","post_3.5_4_hr","transcript-rna-seq",-0.31169520248429,-0.491357326517375,-0.132033078451205,0.0128360197697474,"9043","SPAG9","ENSG00000008294",NA,NA,NA,NA
"blood","transcript-rna-seq","ENSG00000174238.16",0.212124852983489,0.0983276299082484,0.32592207605873,0.00294735790910419,"ADUResist","post_3.5_4_hr","transcript-rna-seq",-0.26719626474758,-0.396561116987383,-0.137831412507778,0.00266414652914926,"5306","PITPNA","ENSG00000174238",NA,NA,NA,NA
"blood","transcript-rna-seq","ENSG00000204574.14",-0.207550108440732,-0.318920237160786,-0.0961799797206789,0.00295006509913459,"ADUResist","post_3.5_4_hr","transcript-rna-seq",0.247500088493486,0.12287558103036,0.372124595956612,0.00377616190547447,"23","ABCF1","ENSG00000204574",NA,NA,NA,NA
"blood","transcript-rna-seq","ENSG00000254415.4",0.31114887402053,0.144332299525792,0.477965448515268,0.00301058534001423,"ADUResist","post_3.5_4_hr","transcript-rna-seq",-0.319827228667257,-0.510239355897811,-0.129415101436702,0.016686667902503,"100049587","SIGLEC14","ENSG00000254415",NA,NA,NA,NA
"blood","transcript-rna-seq","ENSG00000130816.17",-0.226634554064703,-0.348526207435424,-0.104742900693982,0.00303380783700901,"ADUResist","post_3.5_4_hr","transcript-rna-seq",0.227027466561045,0.0901326325300807,0.363922300592008,0.0182336427644068,"1786","DNMT1","ENSG00000130816",NA,NA,NA,NA
"blood","transcript-rna-seq","ENSG00000170296.10",0.259146849593645,0.119721440215804,0.398572258971485,0.00304563685283179,"ADUResist","post_3.5_4_hr","transcript-rna-seq",-0.259978514843398,-0.417614206749064,-0.102342822937733,0.0190076703908165,"11337","GABARAP","ENSG00000170296",NA,NA,NA,NA
"blood","transcript-rna-seq","ENSG00000137207.12",0.232082072926619,0.107105822532423,0.357058323320814,0.00307636520602059,"ADUResist","post_3.5_4_hr","transcript-rna-seq",-0.24237767258585,-0.38617991962712,-0.0985754255445805,0.0160562110753928,"25844","YIPF3","ENSG00000137207",NA,NA,NA,NA
"blood","transcript-rna-seq","ENSG00000143624.14",0.166034560427462,0.0765672777858773,0.255501843069046,0.00310106976776351,"ADUResist","post_3.5_4_hr","transcript-rna-seq",-0.152429553689982,-0.25169674001974,-0.0531623673602236,0.0331095399152105,"65123","INTS3","ENSG00000143624",NA,NA,NA,NA
"blood","transcript-rna-seq","ENSG00000107672.15",-0.262198951903942,-0.403560434237619,-0.120837469570265,0.00311303582359667,"ADUResist","post_3.5_4_hr","transcript-rna-seq",0.307805105496995,0.14116951684281,0.47444069415118,0.00732483220891102,"54780","NSMCE4A","ENSG00000107672",NA,NA,NA,NA
"blood","transcript-rna-seq","ENSG00000129625.13",0.220748085518821,0.101712352113793,0.339783818923849,0.00312278955279111,"ADUResist","post_3.5_4_hr","transcript-rna-seq",-0.240606840911756,-0.369999414475972,-0.11121426734754,0.0067902522547204,"7905","REEP5","ENSG00000129625",NA,NA,NA,NA
"blood","transcript-rna-seq","ENSG00000130779.22",0.253577713609109,0.116815147592525,0.390340279625692,0.00312942508258141,"ADUResist","post_3.5_4_hr","transcript-rna-seq",-0.23408287056816,-0.38307850569642,-0.0850872354398998,0.0279900938417672,"6249","CLIP1","ENSG00000130779",NA,NA,NA,NA
"blood","transcript-rna-seq","ENSG00000101493.11",0.317422896490401,0.146182742493577,0.488663050487225,0.00314128646217323,"ADUResist","post_3.5_4_hr","transcript-rna-seq",-0.325130108973944,-0.516735601110253,-0.133524616837635,0.0152741069125437,"9658","ZNF516","ENSG00000101493",NA,NA,NA,NA
"blood","transcript-rna-seq","ENSG00000185262.9",0.258048787366478,0.118762094084096,0.397335480648861,0.00316072676415818,"ADUResist","post_3.5_4_hr","transcript-rna-seq",-0.286459198466112,-0.443095121357235,-0.129823275574988,0.00801601453032488,"283991","UBALD2","ENSG00000185262",NA,NA,NA,NA
"blood","transcript-rna-seq","ENSG00000135596.18",0.214754811606779,0.0987713089629297,0.330738314250629,0.00317935205380963,"ADUResist","post_3.5_4_hr","transcript-rna-seq",-0.23581669524069,-0.363866470062849,-0.10776692041853,0.00754253812348809,"64780","MICAL1","ENSG00000135596",NA,NA,NA,NA
"blood","transcript-rna-seq","ENSG00000185619.18",0.203210563751462,0.0934650255398351,0.312956101963089,0.00317935205380963,"ADUResist","post_3.5_4_hr","transcript-rna-seq",-0.188245291006439,-0.307672550167091,-0.0688180318457868,0.0273440009618446,"10336","PCGF3","ENSG00000185619",NA,NA,NA,NA
"blood","transcript-rna-seq","ENSG00000187837.4",0.368886481073988,0.16964953145379,0.568123430694185,0.00317935205380963,"ADUResist","post_3.5_4_hr","transcript-rna-seq",-0.441178998888356,-0.66165050354077,-0.220707494235942,0.00355161338194917,"3006","H1-2","ENSG00000187837",NA,NA,NA,NA
"blood","transcript-rna-seq","ENSG00000101109.12",0.223714731415553,0.102785216048841,0.344644246782265,0.00321049985989525,"ADUResist","post_3.5_4_hr","transcript-rna-seq",-0.202438107424483,-0.335503711785559,-0.0693725030634065,0.0354526746504213,"6789","STK4","ENSG00000101109",NA,NA,NA,NA
"blood","transcript-rna-seq","ENSG00000064687.13",0.270126019107114,0.124106684661869,0.416145353552358,0.00321426730761274,"ADUResist","post_3.5_4_hr","transcript-rna-seq",-0.258072688546278,-0.414252548347421,-0.101892828745136,0.0187430366707468,"10347","ABCA7","ENSG00000064687",NA,NA,NA,NA
"blood","transcript-rna-seq","ENSG00000182487.12",0.348568786812187,0.160046139050654,0.537091434573721,0.00323222876577883,"ADUResist","post_3.5_4_hr","transcript-rna-seq",-0.389819908322037,-0.59926278091188,-0.180377035732194,0.00675246718372005,"654816","NCF1B","ENSG00000182487",NA,NA,NA,NA
"blood","transcript-rna-seq","ENSG00000266173.7",0.187347325025163,0.0858884633421361,0.28880618670819,0.0032749000920907,"ADUResist","post_3.5_4_hr","transcript-rna-seq",-0.168181966569549,-0.277080984528303,-0.0592829486107937,0.0318697507199025,"92335","STRADA","ENSG00000266173",NA,NA,NA,NA
"blood","transcript-rna-seq","ENSG00000165861.14",0.225911328611997,0.103554223289626,0.348268433934368,0.00327774945430782,"ADUResist","post_3.5_4_hr","transcript-rna-seq",-0.241134317703824,-0.37977731743873,-0.102491317968918,0.012594258032982,"53349","ZFYVE1","ENSG00000165861",NA,NA,NA,NA
"blood","transcript-rna-seq","ENSG00000076944.17",0.242954622331622,0.111328622313065,0.374580622350178,0.00329469081649548,"ADUResist","post_3.5_4_hr","transcript-rna-seq",-0.273133012914826,-0.418585644198644,-0.127680381631008,0.00625593210159417,"6813","STXBP2","ENSG00000076944",NA,NA,NA,NA
"blood","transcript-rna-seq","ENSG00000182831.12",0.326654147661612,0.149619918533863,0.503688376789361,0.00330659914732912,"ADUResist","post_3.5_4_hr","transcript-rna-seq",-0.294181556671472,-0.491378027060483,-0.09698508628246,0.040616996522358,"29035","C16orf72","ENSG00000182831",NA,NA,NA,NA
"blood","transcript-rna-seq","ENSG00000106211.10",-0.290519434605802,-0.447987628504445,-0.133051240707159,0.0033148155886733,"ADUResist","post_3.5_4_hr","transcript-rna-seq",0.265555270318253,0.0848409051891608,0.446269635447345,0.0445818724903295,"3315","HSPB1","ENSG00000106211",NA,NA,NA,NA
"blood","transcript-rna-seq","ENSG00000082212.13",0.223758496505801,0.102336080254306,0.345180912757296,0.00335613195675544,"ADUResist","post_3.5_4_hr","transcript-rna-seq",-0.252824017327191,-0.38365627617598,-0.121991758478401,0.00489674185315833,"4200","ME2","ENSG00000082212",NA,NA,NA,NA
"blood","transcript-rna-seq","ENSG00000197043.14",-0.210685733810226,-0.325153443561289,-0.0962180240591624,0.0034064674733406,"ADUResist","post_3.5_4_hr","transcript-rna-seq",0.207074189660892,0.0791224812847808,0.335025898037003,0.0220979776995744,"309","ANXA6","ENSG00000197043",NA,NA,NA,NA
"blood","transcript-rna-seq","ENSG00000188921.14",0.256739160004362,0.117221366925039,0.396256953083685,0.00340849317807995,"ADUResist","post_3.5_4_hr","transcript-rna-seq",-0.2983242147906,-0.452664873712984,-0.143983555868215,0.00488872999540437,"401494","HACD4","ENSG00000188921",NA,NA,NA,NA
"blood","transcript-rna-seq","ENSG00000197635.11",-0.332661808136428,-0.513500647150534,-0.151822969122323,0.00342137821721745,"ADUResist","post_3.5_4_hr","transcript-rna-seq",0.376946743313479,0.160181090758641,0.593712395868317,0.0125963199956076,"1803","DPP4","ENSG00000197635",NA,NA,NA,NA
"blood","transcript-rna-seq","ENSG00000122642.11",0.745696843521599,0.340066615764776,1.15132707127842,0.00344431556992567,"ADUResist","post_3.5_4_hr","transcript-rna-seq",-0.859484777920806,-1.27911854070285,-0.439851015138762,0.00287014635925447,"11328","FKBP9","ENSG00000122642",NA,NA,NA,NA
"blood","transcript-rna-seq","ENSG00000176390.12",0.241347914887073,0.11000681317339,0.372689016600756,0.0034589651748873,"ADUResist","post_3.5_4_hr","transcript-rna-seq",-0.228637115805118,-0.370528378904017,-0.08674585270622,0.0228314528191596,"51379","CRLF3","ENSG00000176390",NA,NA,NA,NA
"blood","transcript-rna-seq","ENSG00000006534.17",0.277170926275533,0.126255530166002,0.428086322385063,0.00348265654415595,"ADUResist","post_3.5_4_hr","transcript-rna-seq",-0.297595898310404,-0.466297224285402,-0.128894572335406,0.0111038115972736,"221","ALDH3B1","ENSG00000006534",NA,NA,NA,NA
"blood","transcript-rna-seq","ENSG00000044115.21",0.209001344212032,0.0951108850530732,0.322891803370991,0.00351885588219198,"ADUResist","post_3.5_4_hr","transcript-rna-seq",-0.237637901248884,-0.367548520395236,-0.107727282102532,0.0080049353914655,"1495","CTNNA1","ENSG00000044115",NA,NA,NA,NA
"blood","transcript-rna-seq","ENSG00000099204.21",-0.241512543314945,-0.373273379345334,-0.109751707284557,0.00356163545032289,"ADUResist","post_3.5_4_hr","transcript-rna-seq",0.364332216312047,0.209358395218256,0.519306037405839,0.000844908177660073,"3983","ABLIM1","ENSG00000099204",NA,NA,NA,NA
"blood","transcript-rna-seq","ENSG00000024862.18",0.25329772808239,0.115087109293005,0.391508346871774,0.00356163545032289,"ADUResist","post_3.5_4_hr","transcript-rna-seq",-0.349358961933322,-0.500836657922835,-0.197881265943809,0.000984633349796912,"25901","CCDC28A","ENSG00000024862",NA,NA,NA,NA
"blood","transcript-rna-seq","ENSG00000148730.7",0.16721525451666,0.0759495157177858,0.258480993315534,0.00357532503739694,"ADUResist","post_3.5_4_hr","transcript-rna-seq",-0.179328265350753,-0.28341413791367,-0.075242392787836,0.0135844031425515,"1979","EIF4EBP2","ENSG00000148730",NA,NA,NA,NA
"blood","transcript-rna-seq","ENSG00000140632.17",0.165954220476674,0.0753624566353547,0.256545984317992,0.00357633828739176,"ADUResist","post_3.5_4_hr","transcript-rna-seq",-0.193660591162097,-0.29572369636,-0.0915974859641952,0.0057089389054009,"84656","GLYR1","ENSG00000140632",NA,NA,NA,NA
"blood","transcript-rna-seq","ENSG00000272501.1",0.296492818534885,0.134583441768873,0.458402195300897,0.00359421664725028,"ADUResist","post_3.5_4_hr","transcript-rna-seq",-0.270398912874716,-0.44473310092059,-0.0960647248288429,0.0309371708464914,NA,NA,"ENSG00000272501",NA,NA,NA,NA
"blood","transcript-rna-seq","ENSG00000051108.15",0.179414563379332,0.0812838286381778,0.277545298120486,0.00365286131415559,"ADUResist","post_3.5_4_hr","transcript-rna-seq",-0.298231807704368,-0.406733628604003,-0.189729986804732,0.000164487983882867,"9709","HERPUD1","ENSG00000051108",NA,NA,NA,NA
"blood","transcript-rna-seq","ENSG00000144040.13",0.351346983190394,0.159033184024953,0.543660782355836,0.00368547198860398,"ADUResist","post_3.5_4_hr","transcript-rna-seq",-0.339903464981432,-0.539507108712924,-0.14029982124994,0.0149011477497031,"94097","SFXN5","ENSG00000144040",NA,NA,NA,NA
"blood","transcript-rna-seq","ENSG00000166925.9",0.194969710311657,0.0881531444495351,0.301786276173779,0.00372850410833872,"ADUResist","post_3.5_4_hr","transcript-rna-seq",-0.240525985857033,-0.363946204042444,-0.117105767671622,0.00450522943377697,"81628","TSC22D4","ENSG00000166925",NA,NA,NA,NA
"blood","transcript-rna-seq","ENSG00000278600.1",0.378498848196306,0.171039781048226,0.585957915344385,0.00374067877148257,"ADUResist","post_3.5_4_hr","transcript-rna-seq",-0.33197439363834,-0.55070006618941,-0.113248721087271,0.0360642387976419,NA,NA,"ENSG00000278600",NA,NA,NA,NA
"blood","transcript-rna-seq","ENSG00000159753.14",-0.277445080662034,-0.42981659945704,-0.125073561867028,0.00383830951141227,"ADUResist","post_3.5_4_hr","transcript-rna-seq",0.355534506123476,0.181418243735367,0.529650768511585,0.00294901366816675,"146206","CARMIL2","ENSG00000159753",NA,NA,NA,NA
"blood","transcript-rna-seq","ENSG00000137177.20",0.317993052880773,0.143297622488347,0.492688483273199,0.0038474761428511,"ADUResist","post_3.5_4_hr","transcript-rna-seq",-0.323669830666845,-0.519930529259805,-0.127409132073885,0.0190076703908165,"63971","KIF13A","ENSG00000137177",NA,NA,NA,NA
"blood","transcript-rna-seq","ENSG00000130956.14",-0.335376665835531,-0.519759994035101,-0.150993337635962,0.00387741484831154,"ADUResist","post_3.5_4_hr","transcript-rna-seq",0.507477478888432,0.281870862696243,0.73308409508062,0.00121823745561102,"22927","HABP4","ENSG00000130956",NA,NA,NA,NA
"blood","transcript-rna-seq","ENSG00000113504.21",-0.204315721115841,-0.316781340059463,-0.0918501021722187,0.00393847765713735,"ADUResist","post_3.5_4_hr","transcript-rna-seq",0.18547085442791,0.0573490235590008,0.31359268529682,0.0491255318687884,"10723","SLC12A7","ENSG00000113504",NA,NA,NA,NA
"blood","transcript-rna-seq","ENSG00000196227.11",0.366412751867552,0.16466024297212,0.568165260762983,0.00393847765713735,"ADUResist","post_3.5_4_hr","transcript-rna-seq",-0.322839056652845,-0.539110524305466,-0.106567589000224,0.0404481787529226,"63939","FAM217B","ENSG00000196227",NA,NA,NA,NA
"blood","transcript-rna-seq","ENSG00000106052.14",0.19513748904119,0.0876494387698246,0.302625539312555,0.0039613949724243,"ADUResist","post_3.5_4_hr","transcript-rna-seq",-0.193802989674376,-0.312668697962968,-0.0749372813857837,0.0207863805637431,"8887","TAX1BP1","ENSG00000106052",NA,NA,NA,NA
"blood","transcript-rna-seq","ENSG00000077684.16",0.186003587213953,0.0831922558797913,0.288814918548115,0.00412761729817864,"ADUResist","post_3.5_4_hr","transcript-rna-seq",-0.199277207358382,-0.315248424502757,-0.083305990214006,0.0138968747666771,"79960","JADE1","ENSG00000077684",NA,NA,NA,NA
"blood","transcript-rna-seq","ENSG00000068308.15",0.176420146061394,0.0788806103513737,0.273959681771415,0.00413506569990009,"ADUResist","post_3.5_4_hr","transcript-rna-seq",-0.182815552678364,-0.290649561139111,-0.0749815442176172,0.0153505119538405,"55593","OTUD5","ENSG00000068308",NA,NA,NA,NA
"blood","transcript-rna-seq","ENSG00000245848.3",0.308974968696307,0.137964753613876,0.479985183778739,0.00418989396745844,"ADUResist","post_3.5_4_hr","transcript-rna-seq",-0.313605839290955,-0.501069946531964,-0.126141732049945,0.0170671521709309,"1050","CEBPA","ENSG00000245848",NA,NA,NA,NA
"blood","transcript-rna-seq","ENSG00000130592.17",0.267081317455585,0.119244388770349,0.41491824614082,0.00419395711145693,"ADUResist","post_3.5_4_hr","transcript-rna-seq",-0.297068328149239,-0.461524113204574,-0.132612543093904,0.00899511276952319,"4046","LSP1","ENSG00000130592",NA,NA,NA,NA
"blood","transcript-rna-seq","ENSG00000169710.9",-0.271676914137711,-0.422122976129236,-0.121230852146185,0.00420850315019742,"ADUResist","post_3.5_4_hr","transcript-rna-seq",0.292372612497113,0.123029192659459,0.461716032334767,0.0134471504434214,"2194","FASN","ENSG00000169710",NA,NA,NA,NA
"blood","transcript-rna-seq","ENSG00000131634.14",-0.346591250929932,-0.538517341457878,-0.154665160401986,0.00420850315019742,"ADUResist","post_3.5_4_hr","transcript-rna-seq",0.37304083077723,0.149896186442987,0.596185475111473,0.017159411817787,"79652","TMEM204","ENSG00000131634",NA,NA,NA,NA
"blood","transcript-rna-seq","ENSG00000145287.11",-0.256829230326358,-0.39914251530132,-0.114515945351395,0.00423408079734687,"ADUResist","post_3.5_4_hr","transcript-rna-seq",0.246928530137913,0.0810255295744821,0.412831530701343,0.0412258756298557,"51316","PLAC8","ENSG00000145287",NA,NA,NA,NA
"blood","transcript-rna-seq","ENSG00000116698.22",0.191870381381426,0.0855408684470327,0.298199894315819,0.00423541319622629,"ADUResist","post_3.5_4_hr","transcript-rna-seq",-0.19364806154789,-0.311900064120449,-0.0753960589753307,0.0201314076702905,"9887","SMG7","ENSG00000116698",NA,NA,NA,NA
"blood","transcript-rna-seq","ENSG00000184613.11",-0.333032662216814,-0.517709628476678,-0.14835569595695,0.00427135973074718,"ADUResist","post_3.5_4_hr","transcript-rna-seq",0.523148069555891,0.310688727574558,0.735607411537224,0.00049758204557314,"4753","NELL2","ENSG00000184613",NA,NA,NA,NA
"blood","transcript-rna-seq","ENSG00000165312.7",0.303889651022097,0.135151277119215,0.472628024924978,0.0043273373329384,"ADUResist","post_3.5_4_hr","transcript-rna-seq",-0.361393966267723,-0.54913141732947,-0.173656515205976,0.00501983841359051,"220213","OTUD1","ENSG00000165312",NA,NA,NA,NA
"blood","transcript-rna-seq","ENSG00000100599.16",0.191486380602051,0.085112445481488,0.297860315722613,0.0043565773946127,"ADUResist","post_3.5_4_hr","transcript-rna-seq",-0.286192457931339,-0.406241834053154,-0.166143081809524,0.000765089547361118,"79890","RIN3","ENSG00000100599",NA,NA,NA,NA
"blood","transcript-rna-seq","ENSG00000141098.13",0.253816634770145,0.112763100338912,0.394870169201379,0.00437547290794963,"ADUResist","post_3.5_4_hr","transcript-rna-seq",-0.24049944228046,-0.402317626716282,-0.0786812578446385,0.0415422945538443,"81577","GFOD2","ENSG00000141098",NA,NA,NA,NA
"blood","transcript-rna-seq","ENSG00000099821.14",-0.259992369247299,-0.404579316445192,-0.115405422049406,0.00440769251222155,"ADUResist","post_3.5_4_hr","transcript-rna-seq",0.276372117164558,0.116446990656148,0.436297243672969,0.0133347600366889,"5442","POLRMT","ENSG00000099821",NA,NA,NA,NA
"blood","transcript-rna-seq","ENSG00000153064.12",-0.333529990137673,-0.519268290474024,-0.147791689801322,0.00448086022749117,"ADUResist","post_3.5_4_hr","transcript-rna-seq",0.34282258682507,0.109812007161248,0.575833166488892,0.0442704675348228,"55024","BANK1","ENSG00000153064",NA,NA,NA,NA
"blood","transcript-rna-seq","ENSG00000107099.18",0.252676706099509,0.111910793214945,0.393442618984073,0.00449574719613252,"ADUResist","post_3.5_4_hr","transcript-rna-seq",-0.236792598698747,-0.392314824449442,-0.0812703729480523,0.0352687942282343,"81704","DOCK8","ENSG00000107099",NA,NA,NA,NA
"blood","transcript-rna-seq","ENSG00000168056.18",-0.285393420904412,-0.444513483926686,-0.126273357882138,0.00453722247951026,"ADUResist","post_3.5_4_hr","transcript-rna-seq",0.371160626782955,0.195936128847741,0.546385124718169,0.00204128107948809,"4054","LTBP3","ENSG00000168056",NA,NA,NA,NA
"blood","transcript-rna-seq","ENSG00000110448.11",-0.260870184626603,-0.40635684723213,-0.115383522021076,0.00455251292200599,"ADUResist","post_3.5_4_hr","transcript-rna-seq",0.274261301242129,0.111708106956498,0.43681449552776,0.0159059734922312,"921","CD5","ENSG00000110448",NA,NA,NA,NA
"blood","transcript-rna-seq","ENSG00000197746.15",0.1756591807252,0.0776566406241431,0.273661720826256,0.00457419134197739,"ADUResist","post_3.5_4_hr","transcript-rna-seq",-0.238255693749512,-0.357017775240226,-0.119493612258797,0.00346970676426404,"5660","PSAP","ENSG00000197746",NA,NA,NA,NA
"blood","transcript-rna-seq","ENSG00000142303.14",-0.384597018950399,-0.599612498113011,-0.169581539787787,0.00468782402396581,"ADUResist","post_3.5_4_hr","transcript-rna-seq",0.357456982809792,0.111813698553855,0.603100267065729,0.0476673797835577,"81794","ADAMTS10","ENSG00000142303",NA,NA,NA,NA
"blood","transcript-rna-seq","ENSG00000269858.6",0.195230145399695,0.0860749509659133,0.304385339833476,0.00468977170537154,"ADUResist","post_3.5_4_hr","transcript-rna-seq",-0.199574100979721,-0.325612731640663,-0.0735354703187786,0.0263848995158915,"112398","EGLN2","ENSG00000269858",NA,NA,NA,NA
"blood","transcript-rna-seq","ENSG00000278311.5",0.145102870723028,0.0639068227221817,0.226298918723873,0.00472798470554881,"ADUResist","post_3.5_4_hr","transcript-rna-seq",-0.141986452934565,-0.232815680355989,-0.0511572255131409,0.0290347009789444,"79893","GGNBP2","ENSG00000278311",NA,NA,NA,NA
"blood","transcript-rna-seq","ENSG00000167207.14",0.248044885777117,0.109204117039872,0.386885654514361,0.00475162796371021,"ADUResist","post_3.5_4_hr","transcript-rna-seq",-0.278793659022438,-0.445665404850537,-0.111921913194339,0.017221061908332,"64127","NOD2","ENSG00000167207",NA,NA,NA,NA
"blood","transcript-rna-seq","ENSG00000165678.22",0.160448097095281,0.0705603124247141,0.250335881765848,0.00479217665198131,"ADUResist","post_3.5_4_hr","transcript-rna-seq",-0.174876427600748,-0.275819542421758,-0.0739333127797374,0.0130092423464227,"27069","GHITM","ENSG00000165678",NA,NA,NA,NA
"blood","transcript-rna-seq","ENSG00000104419.17",0.181863313976288,0.0799204248992853,0.283806203053292,0.00481725311760238,"ADUResist","post_3.5_4_hr","transcript-rna-seq",-0.216032368939214,-0.331297650903573,-0.100767086974855,0.00637650374157242,"10397","NDRG1","ENSG00000104419",NA,NA,NA,NA
"blood","transcript-rna-seq","ENSG00000092203.15",0.172561286147614,0.0757515249175815,0.269371047377646,0.00485720417676985,"ADUResist","post_3.5_4_hr","transcript-rna-seq",-0.208391852488634,-0.314894529775425,-0.101889175201843,0.00434511472010904,"9878","TOX4","ENSG00000092203",NA,NA,NA,NA
"blood","transcript-rna-seq","ENSG00000081320.11",0.286886475474816,0.125561849820033,0.448211101129599,0.00498017051118217,"ADUResist","post_3.5_4_hr","transcript-rna-seq",-0.332596229854284,-0.508563766722886,-0.156628692985681,0.00590790672554542,"9262","STK17B","ENSG00000081320",NA,NA,NA,NA
"blood","transcript-rna-seq","ENSG00000112139.17",-0.457768504861153,-0.715148484462483,-0.200388525259823,0.00498077396992763,"ADUResist","post_3.5_4_hr","transcript-rna-seq",0.566473671251356,0.241305323824775,0.891642018677937,0.0124512345977401,"266727","MDGA1","ENSG00000112139",NA,NA,NA,NA
"blood","transcript-rna-seq","ENSG00000130589.16",0.262524490808185,0.114903968172894,0.410145013443476,0.00498077396992763,"ADUResist","post_3.5_4_hr","transcript-rna-seq",-0.380952108947648,-0.579411971449143,-0.182492246446152,0.0051803988929342,"85441","HELZ2","ENSG00000130589",NA,NA,NA,NA
"blood","transcript-rna-seq","ENSG00000090487.11",0.216131250636334,0.0943913364809172,0.33787116479175,0.00506731104206322,"ADUResist","post_3.5_4_hr","transcript-rna-seq",-0.219078028154772,-0.355872782428119,-0.0822832738814255,0.0240988686017241,"51324","SPG21","ENSG00000090487",NA,NA,NA,NA
"blood","transcript-rna-seq","ENSG00000215769.8",0.296440884981315,0.129437532882152,0.463444237080479,0.00506731104206322,"ADUResist","post_3.5_4_hr","transcript-rna-seq",-0.372206937319707,-0.551527974581018,-0.192885900058395,0.00252223970777648,"109286553","ARHGAP27P1-BPTFP1-KPNA2P3","ENSG00000215769",NA,NA,NA,NA
"blood","transcript-rna-seq","ENSG00000110108.10",-0.253578665104929,-0.396635820818468,-0.110521509391391,0.00513850624179369,"ADUResist","post_3.5_4_hr","transcript-rna-seq",0.237855858369958,0.0768461306332882,0.398865586106628,0.0430910682622489,"79073","TMEM109","ENSG00000110108",NA,NA,NA,NA
"blood","transcript-rna-seq","ENSG00000158552.13",0.232610042850706,0.10133608767956,0.363883998021853,0.00515663517149855,"ADUResist","post_3.5_4_hr","transcript-rna-seq",-0.231620470982744,-0.374189519404438,-0.0890514225610493,0.0213760914419007,"130617","ZFAND2B","ENSG00000158552",NA,NA,NA,NA
"blood","transcript-rna-seq","ENSG00000121552.4",0.341093248965141,0.148370133123534,0.533816364806747,0.00522505831634818,"ADUResist","post_3.5_4_hr","transcript-rna-seq",-0.41929661037519,-0.625846927213694,-0.212746293536687,0.00310065708999711,"1475","CSTA","ENSG00000121552",NA,NA,NA,NA
"blood","transcript-rna-seq","ENSG00000132182.12",-0.197481531881112,-0.309120812517532,-0.0858422512446924,0.00525378032557974,"ADUResist","post_3.5_4_hr","transcript-rna-seq",0.25032630406476,0.128825274786084,0.371827333343437,0.00272262337377942,"23225","NUP210","ENSG00000132182",NA,NA,NA,NA
"blood","transcript-rna-seq","ENSG00000188786.10",0.262191960045467,0.113961702231827,0.410422217859106,0.00525585301709771,"ADUResist","post_3.5_4_hr","transcript-rna-seq",-0.315788901764316,-0.484756310506496,-0.146821493022136,0.00652338580396138,"4520","MTF1","ENSG00000188786",NA,NA,NA,NA
"blood","transcript-rna-seq","ENSG00000167613.16",-0.205800923121925,-0.322233306178708,-0.0893685400651414,0.00529806045274725,"ADUResist","post_3.5_4_hr","transcript-rna-seq",0.209729172250468,0.0784991178481403,0.340959226652796,0.0244172514075279,"3903","LAIR1","ENSG00000167613",NA,NA,NA,NA
"blood","transcript-rna-seq","ENSG00000129347.21",-0.237871692386942,-0.372453039998374,-0.103290344775509,0.00529909728267112,"ADUResist","post_3.5_4_hr","transcript-rna-seq",0.240904666098917,0.0904400077266334,0.3913693244712,0.0241234179232474,"65095","KRI1","ENSG00000129347",NA,NA,NA,NA
"blood","transcript-rna-seq","ENSG00000001461.17",-0.257318575804455,-0.402978345248074,-0.111658806360837,0.00532089601184046,"ADUResist","post_3.5_4_hr","transcript-rna-seq",0.28107437688867,0.112366324902133,0.449782428875206,0.0175716318049009,"57185","NIPAL3","ENSG00000001461",NA,NA,NA,NA
"blood","transcript-rna-seq","ENSG00000071575.12",-0.245815551136137,-0.384965875825306,-0.106665226446968,0.00532469987779263,"ADUResist","post_3.5_4_hr","transcript-rna-seq",0.292595456846496,0.133463663822062,0.45172724987093,0.0076454872039574,"28951","TRIB2","ENSG00000071575",NA,NA,NA,NA
"blood","transcript-rna-seq","ENSG00000109854.14",0.242014475098445,0.104954344640851,0.379074605556039,0.0053398395256461,"ADUResist","post_3.5_4_hr","transcript-rna-seq",-0.225491488112854,-0.381171585739942,-0.0698113904857659,0.0489258634872652,"10553","HTATIP2","ENSG00000109854",NA,NA,NA,NA
"blood","transcript-rna-seq","ENSG00000101158.15",-0.225098653458057,-0.35280507929828,-0.0973922276178345,0.00543580650283959,"ADUResist","post_3.5_4_hr","transcript-rna-seq",0.217099788844177,0.0696909329919541,0.3645086446964,0.0440029788652124,"51497","NELFCD","ENSG00000101158",NA,NA,NA,NA
"blood","transcript-rna-seq","ENSG00000165178.9",0.354278078365262,0.153114069041289,0.555442087689234,0.00549763804751902,"ADUResist","post_3.5_4_hr","transcript-rna-seq",-0.429155239242109,-0.653738458165888,-0.204572020318329,0.00539779073668865,"654817","NCF1C","ENSG00000165178",NA,NA,NA,NA
"blood","transcript-rna-seq","ENSG00000183323.13",0.287266219235519,0.12403821645997,0.450494222011069,0.00553646738219982,"ADUResist","post_3.5_4_hr","transcript-rna-seq",-0.32753252226895,-0.503844361321011,-0.15122068321689,0.00685244260760613,"202243","CCDC125","ENSG00000183323",NA,NA,NA,NA
"blood","transcript-rna-seq","ENSG00000092036.19",0.284291373564129,0.122731018786086,0.445851728342171,0.00554776424092129,"ADUResist","post_3.5_4_hr","transcript-rna-seq",-0.314163725510926,-0.497264125231547,-0.131063325790304,0.0140430159734131,"54930","HAUS4","ENSG00000092036",NA,NA,NA,NA
"blood","transcript-rna-seq","ENSG00000275342.5",-0.260312704567219,-0.408310823480239,-0.112314585654199,0.0055660161613458,"ADUResist","post_3.5_4_hr","transcript-rna-seq",0.31939303803629,0.134190279140369,0.504595796932212,0.0135133418903246,"157285","PRAG1","ENSG00000275342",NA,NA,NA,NA
"blood","transcript-rna-seq","ENSG00000117984.15",0.274763871138637,0.11841666002932,0.431111082247954,0.00561724515498759,"ADUResist","post_3.5_4_hr","transcript-rna-seq",-0.293665312214355,-0.470710907941474,-0.116619716487235,0.0182166027518503,"1509","CTSD","ENSG00000117984",NA,NA,NA,NA
"blood","transcript-rna-seq","ENSG00000211898.8",-0.317906600535482,-0.498981256542853,-0.13683194452811,0.00568522669390465,"ADUResist","post_3.5_4_hr","transcript-rna-seq",0.402950979121722,0.161582596209838,0.644319362033606,0.0173056627095049,NA,"IGHD","ENSG00000211898",NA,NA,NA,NA
"blood","transcript-rna-seq","ENSG00000028137.19",0.169309778339672,0.0728592775382758,0.265760279141068,0.00568782931630891,"ADUResist","post_3.5_4_hr","transcript-rna-seq",-0.194852853059539,-0.312455261565108,-0.0772504445539694,0.0183389182266376,"7133","TNFRSF1B","ENSG00000028137",NA,NA,NA,NA
"blood","transcript-rna-seq","ENSG00000117614.10",0.193428884477901,0.0831979057658192,0.303659863189982,0.0056985163380816,"ADUResist","post_3.5_4_hr","transcript-rna-seq",-0.284176770215924,-0.40525164259698,-0.163101897834869,0.000863012526017009,"25949","SYF2","ENSG00000117614",NA,NA,NA,NA
"blood","transcript-rna-seq","ENSG00000114738.11",0.162032196752644,0.0696951422658737,0.254369251239415,0.0056985163380816,"ADUResist","post_3.5_4_hr","transcript-rna-seq",-0.177732040273335,-0.28464910591042,-0.0708149746362492,0.0178780641485029,"7867","MAPKAPK3","ENSG00000114738",NA,NA,NA,NA
"blood","transcript-rna-seq","ENSG00000141968.8",0.178342865946135,0.0766755549318566,0.280010176960413,0.00571855154929454,"ADUResist","post_3.5_4_hr","transcript-rna-seq",-0.179687514921675,-0.296493482461566,-0.0628815473817852,0.0327510529615401,"7409","VAV1","ENSG00000141968",NA,NA,NA,NA
"blood","transcript-rna-seq","ENSG00000172939.9",0.20216247098588,0.0867452898096439,0.317579652162116,0.00580268175367245,"ADUResist","post_3.5_4_hr","transcript-rna-seq",-0.240147856930596,-0.36889952663924,-0.111396187221952,0.00665503669603621,"9943","OXSR1","ENSG00000172939",NA,NA,NA,NA
"blood","transcript-rna-seq","ENSG00000014216.16",0.159614641279436,0.0684338808177469,0.250795401741125,0.00584273064451685,"ADUResist","post_3.5_4_hr","transcript-rna-seq",-0.226903626353323,-0.330126484922679,-0.123680767783967,0.0015086175582211,"823","CAPN1","ENSG00000014216",NA,NA,NA,NA
"blood","transcript-rna-seq","ENSG00000204946.10",-0.243603267189099,-0.382801503653815,-0.104405030724382,0.00585535727770381,"ADUResist","post_3.5_4_hr","transcript-rna-seq",0.320492203057954,0.149320781858001,0.491663624257908,0.00643119881576923,"100289678","ZNF783","ENSG00000204946",NA,NA,NA,NA
"blood","transcript-rna-seq","ENSG00000155363.19",-0.22185841435085,-0.348615709817918,-0.095101118883781,0.00585535727770381,"ADUResist","post_3.5_4_hr","transcript-rna-seq",0.264861170127846,0.0937628526024015,0.43595948765329,0.0314079665225219,"4343","MOV10","ENSG00000155363",NA,NA,NA,NA
"blood","transcript-rna-seq","ENSG00000012124.17",-0.269142675481003,-0.422975341305032,-0.115310009656974,0.00588238325049318,"ADUResist","post_3.5_4_hr","transcript-rna-seq",0.373378272732438,0.185017159480722,0.561739385984155,0.003833221467743,"933","CD22","ENSG00000012124",NA,NA,NA,NA
"blood","transcript-rna-seq","ENSG00000237943.8",-0.312064265618421,-0.490660777052643,-0.133467754184199,0.00596593219506532,"ADUResist","post_3.5_4_hr","transcript-rna-seq",0.324770019805013,0.103965902044309,0.545574137565717,0.044327910280669,"439949","PRKCQ-AS1","ENSG00000237943",NA,NA,NA,NA
"blood","transcript-rna-seq","ENSG00000139722.7",0.211824383672741,0.0904738202164779,0.333174947129004,0.00603122901599949,"ADUResist","post_3.5_4_hr","transcript-rna-seq",-0.255408027518335,-0.393288384461697,-0.117527670574974,0.00709688910496039,"79720","VPS37B","ENSG00000139722",NA,NA,NA,NA
"blood","transcript-rna-seq","ENSG00000135506.16",0.208961896232262,0.089189265101366,0.328734527363158,0.00606471187062461,"ADUResist","post_3.5_4_hr","transcript-rna-seq",-0.248386981468448,-0.383686157052899,-0.113087805883997,0.00775375589808993,"10956","OS9","ENSG00000135506",NA,NA,NA,NA
"blood","transcript-rna-seq","ENSG00000167522.17",0.123916994251031,0.0527321151460727,0.19510187335599,0.00621371167781046,"ADUResist","post_3.5_4_hr","transcript-rna-seq",-0.144269365716472,-0.222555699142403,-0.065983032290541,0.00748281075758971,"29123","ANKRD11","ENSG00000167522",NA,NA,NA,NA
"blood","transcript-rna-seq","ENSG00000138964.17",0.171674495946286,0.0730340107771097,0.270314981115463,0.00622626706908545,"ADUResist","post_3.5_4_hr","transcript-rna-seq",-0.160660696952361,-0.268817754531247,-0.0525036393734744,0.0416609766175476,"64098","PARVG","ENSG00000138964",NA,NA,NA,NA
"blood","transcript-rna-seq","ENSG00000149269.10",0.260888415023585,0.110758872396219,0.41101795765095,0.00632979775265219,"ADUResist","post_3.5_4_hr","transcript-rna-seq",-0.298028658601089,-0.469588640330729,-0.126468676871449,0.0126963550411534,"5058","PAK1","ENSG00000149269",NA,NA,NA,NA
"blood","transcript-rna-seq","ENSG00000262246.6",0.18375374714063,0.0779966149784479,0.289510879302811,0.00633651567524149,"ADUResist","post_3.5_4_hr","transcript-rna-seq",-0.195854994530494,-0.314025526821698,-0.0776844622392902,0.0183059386804799,"79585","CORO7","ENSG00000262246",NA,NA,NA,NA
"blood","transcript-rna-seq","ENSG00000011600.12",0.271186091869389,0.114909826492152,0.427462357246625,0.00642078391193124,"ADUResist","post_3.5_4_hr","transcript-rna-seq",-0.334767179031845,-0.507954716017307,-0.161579642046382,0.00488872999540437,"7305","TYROBP","ENSG00000011600",NA,NA,NA,NA
"blood","transcript-rna-seq","ENSG00000277734.8",-0.292074945364911,-0.460428304875333,-0.123721585854489,0.00643545010123185,"ADUResist","post_3.5_4_hr","transcript-rna-seq",0.402429444393362,0.213875324548033,0.590983564238691,0.0019222591045555,NA,"TRAC","ENSG00000277734",NA,NA,NA,NA
"blood","transcript-rna-seq","ENSG00000206503.13",0.175206856400198,0.0741151854824338,0.276298527317962,0.0064977930679924,"ADUResist","post_3.5_4_hr","transcript-rna-seq",-0.197706918960858,-0.315361418690534,-0.0800524192311818,0.0164846812098914,"3105","HLA-A","ENSG00000206503",NA,NA,NA,NA
"blood","transcript-rna-seq","ENSG00000072609.18",0.163299334855924,0.0689713497903028,0.257627319921545,0.00655539104876375,"ADUResist","post_3.5_4_hr","transcript-rna-seq",-0.194798730597822,-0.297686206343098,-0.0919112548525461,0.00581156350722226,"55743","CHFR","ENSG00000072609",NA,NA,NA,NA
"blood","transcript-rna-seq","ENSG00000169084.15",0.333717409752247,0.140952582817341,0.526482236687154,0.00655539104876375,"ADUResist","post_3.5_4_hr","transcript-rna-seq",-0.413168516672777,-0.623710819907158,-0.202626213438397,0.00421811374646087,"207063","DHRSX","ENSG00000169084",NA,NA,NA,NA
"blood","transcript-rna-seq","ENSG00000169084.15_PAR_Y",0.333717409752247,0.140952582817341,0.526482236687154,0.00655539104876375,"ADUResist","post_3.5_4_hr","transcript-rna-seq",-0.413168516672777,-0.623710819907158,-0.202626213438397,0.00421811374646087,"207063","DHRSX","ENSG00000169084",NA,NA,NA,NA
"blood","transcript-rna-seq","ENSG00000113119.13",0.255016158460156,0.107415595088584,0.402616721831727,0.00668115662075708,"ADUResist","post_3.5_4_hr","transcript-rna-seq",-0.254435756782482,-0.410439724847474,-0.0984317887174897,0.0207415316445169,"55374","TMCO6","ENSG00000113119",NA,NA,NA,NA
"blood","transcript-rna-seq","ENSG00000239665.8",0.263864510089516,0.11092272100623,0.416806299172803,0.00680161413015686,"ADUResist","post_3.5_4_hr","transcript-rna-seq",-0.277660553136611,-0.438670626726376,-0.116650479546846,0.0135133418903246,NA,NA,"ENSG00000239665",NA,NA,NA,NA
"blood","transcript-rna-seq","ENSG00000141012.13",0.2150451157581,0.090316718584637,0.339773512931563,0.00685490301185437,"ADUResist","post_3.5_4_hr","transcript-rna-seq",-0.253130363660206,-0.390239659255349,-0.116021068065062,0.00736095279783477,"2588","GALNS","ENSG00000141012",NA,NA,NA,NA
"blood","transcript-rna-seq","ENSG00000160223.17",-0.344002418896686,-0.543517129267686,-0.144487708525687,0.00685490301185437,"ADUResist","post_3.5_4_hr","transcript-rna-seq",0.474933819003438,0.229282540197688,0.720585097809188,0.00488872999540437,"23308","ICOSLG","ENSG00000160223",NA,NA,NA,NA
"blood","transcript-rna-seq","ENSG00000205517.13",0.817186927510262,0.342719179570219,1.29165467545031,0.00692260813851832,"ADUResist","post_3.5_4_hr","transcript-rna-seq",-0.888629858090413,-1.35475086103095,-0.422508855149875,0.00547196913574323,"57139","RGL3","ENSG00000205517",NA,NA,NA,NA
"blood","transcript-rna-seq","ENSG00000140403.13",-0.265952862421702,-0.420364690904204,-0.111541033939199,0.00692515437849227,"ADUResist","post_3.5_4_hr","transcript-rna-seq",0.284540699492653,0.0898687949817961,0.47921260400351,0.0462478925996518,"55466","DNAJA4","ENSG00000140403",NA,NA,NA,NA
"blood","transcript-rna-seq","ENSG00000119314.16",0.26056186564838,0.109083547142525,0.412040184154234,0.00701981699644544,"ADUResist","post_3.5_4_hr","transcript-rna-seq",-0.311329629863171,-0.477159778802959,-0.145499480923383,0.00626057295794785,"9991","PTBP3","ENSG00000119314",NA,NA,NA,NA
"blood","transcript-rna-seq","ENSG00000110090.13",0.219978253689287,0.0920198963226146,0.347936611055959,0.00706513798154478,"ADUResist","post_3.5_4_hr","transcript-rna-seq",0.236890653231924,0.0892584754274414,0.384522831036407,0.0237034017398896,"1374","CPT1A","ENSG00000110090",NA,NA,NA,NA
"blood","transcript-rna-seq","ENSG00000257923.12",0.170091618073305,0.0710934488889016,0.269089787257708,0.00711331606438438,"ADUResist","post_3.5_4_hr","transcript-rna-seq",-0.242941120710631,-0.356040659263347,-0.129841582157915,0.00182405085816923,"1523","CUX1","ENSG00000257923",NA,NA,NA,NA
"blood","transcript-rna-seq","ENSG00000166913.13",0.133670852739185,0.0557799844323388,0.21156172104603,0.00719496738538251,"ADUResist","post_3.5_4_hr","transcript-rna-seq",-0.170027701672923,-0.258093357640953,-0.0819620457048944,0.00492157061586634,"7529","YWHAB","ENSG00000166913",NA,NA,NA,NA
"blood","transcript-rna-seq","ENSG00000106799.13",0.271866782447734,0.113402438235181,0.430331126660288,0.00720902585311027,"ADUResist","post_3.5_4_hr","transcript-rna-seq",-0.298041914804628,-0.470793223637899,-0.125290605971357,0.0134755646798117,"7046","TGFBR1","ENSG00000106799",NA,NA,NA,NA
"blood","transcript-rna-seq","ENSG00000172830.13",0.274030713916581,0.114168001658832,0.433893426174329,0.00727855635344708,"ADUResist","post_3.5_4_hr","transcript-rna-seq",-0.270321898811007,-0.443347165622435,-0.0972966319995794,0.0291422151964054,"54961","SSH3","ENSG00000172830",NA,NA,NA,NA
"blood","transcript-rna-seq","ENSG00000030582.18",0.247273098294627,0.103021739730227,0.391524456859028,0.00728101412574556,"ADUResist","post_3.5_4_hr","transcript-rna-seq",-0.299955395196749,-0.465613806296806,-0.134296984096692,0.00882264956141413,"2896","GRN","ENSG00000030582",NA,NA,NA,NA
"blood","transcript-rna-seq","ENSG00000132185.18",-0.335993073121174,-0.532201499956875,-0.139784646285472,0.0073546759296115,"ADUResist","post_3.5_4_hr","transcript-rna-seq",0.394233755727366,0.14295264124923,0.645514870205502,0.0283316866148577,"84824","FCRLA","ENSG00000132185",NA,NA,NA,NA
"blood","transcript-rna-seq","ENSG00000086062.13",0.165441960849573,0.0687687841857863,0.262115137513359,0.00739771852215805,"ADUResist","post_3.5_4_hr","transcript-rna-seq",-0.230619208895209,-0.340844285806406,-0.120394131984011,0.00233728882823797,"2683","B4GALT1","ENSG00000086062",NA,NA,NA,NA
"blood","transcript-rna-seq","ENSG00000144567.11",0.162623142718326,0.0674665854993103,0.257779699937342,0.00750339414207354,"ADUResist","post_3.5_4_hr","transcript-rna-seq",-0.187908599183363,-0.304175360137549,-0.0716418382291765,0.0223086753316567,"79137","RETREG2","ENSG00000144567",NA,NA,NA,NA
"blood","transcript-rna-seq","ENSG00000147130.14",-0.261973267949334,-0.415475979728007,-0.108470556170661,0.00758819588980704,"ADUResist","post_3.5_4_hr","transcript-rna-seq",0.280502892362903,0.101151971023096,0.45985381370271,0.0289549206371786,"9203","ZMYM3","ENSG00000147130",NA,NA,NA,NA
"blood","transcript-rna-seq","ENSG00000275023.5",-0.15419626351925,-0.244563567784645,-0.063828959253855,0.00761369787812747,"ADUResist","post_3.5_4_hr","transcript-rna-seq",0.149487600580919,0.0486010547969514,0.250374146364886,0.0423980498012111,"4302","MLLT6","ENSG00000275023",NA,NA,NA,NA
"blood","transcript-rna-seq","ENSG00000118680.14",0.185727459046031,0.0768682340137486,0.294586684078314,0.00761369787812747,"ADUResist","post_3.5_4_hr","transcript-rna-seq",-0.249610195094048,-0.370441250126641,-0.128779140061455,0.00266414652914926,"103910","MYL12B","ENSG00000118680",NA,NA,NA,NA
"blood","transcript-rna-seq","ENSG00000099985.4",0.584264951053212,0.241616706339373,0.926913195767052,0.00765652385007001,"ADUResist","post_3.5_4_hr","transcript-rna-seq",-0.570202979427658,-0.953629582550019,-0.186776376305298,0.0413582986286214,"5008","OSM","ENSG00000099985",NA,NA,NA,NA
"blood","transcript-rna-seq","ENSG00000163625.16",0.386982913470039,0.160035799627792,0.613930027312285,0.00765652385007001,"ADUResist","post_3.5_4_hr","transcript-rna-seq",-0.410561107778618,-0.666624900907408,-0.154497314649827,0.02385812439358,"23001","WDFY3","ENSG00000163625",NA,NA,NA,NA
"blood","transcript-rna-seq","ENSG00000184677.18",-0.2066009262796,-0.327993942070648,-0.0852079104885516,0.00779074652768308,"ADUResist","post_3.5_4_hr","transcript-rna-seq",0.210211532421008,0.071314459828717,0.349108605013299,0.0367123650185868,"9923","ZBTB40","ENSG00000184677",NA,NA,NA,NA
"blood","transcript-rna-seq","ENSG00000132382.15",-0.243982557735879,-0.387558344456233,-0.100406771015525,0.00791865142826338,"ADUResist","post_3.5_4_hr","transcript-rna-seq",0.262689185380792,0.0976498119730961,0.427728558788487,0.0252718731133343,"10514","MYBBP1A","ENSG00000132382",NA,NA,NA,NA
"blood","transcript-rna-seq","ENSG00000100503.26",0.25880912552472,0.106478537864153,0.411139713185286,0.00792811418627449,"ADUResist","post_3.5_4_hr","transcript-rna-seq",-0.251903776673204,-0.421569285706611,-0.0822382676397973,0.041795536019003,"51199","NIN","ENSG00000100503",NA,NA,NA,NA
"blood","transcript-rna-seq","ENSG00000100351.17",-0.193696341394528,-0.30770309415004,-0.0796895886390158,0.00793319809936994,"ADUResist","post_3.5_4_hr","transcript-rna-seq",0.235143812936036,0.110134822431319,0.360152803440753,0.00616626959728933,"9402","GRAP2","ENSG00000100351",NA,NA,NA,NA
"blood","transcript-rna-seq","ENSG00000152213.4",0.279752336354963,0.114906091206485,0.44459858150344,0.00802390713968447,"ADUResist","post_3.5_4_hr","transcript-rna-seq",-0.343628246938184,-0.527142097943657,-0.16011439593271,0.00643119881576923,"115761","ARL11","ENSG00000152213",NA,NA,NA,NA
"blood","transcript-rna-seq","ENSG00000070010.19",0.178358553956762,0.0731838912850126,0.283533216628511,0.00806189303352074,"ADUResist","post_3.5_4_hr","transcript-rna-seq",-0.173407027658146,-0.287537416555367,-0.059276638760925,0.0357436820979205,"7353","UFD1","ENSG00000070010",NA,NA,NA,NA
"blood","transcript-rna-seq","ENSG00000184730.12",0.291771215533034,0.119484092614962,0.464058338451105,0.00818643496720834,"ADUResist","post_3.5_4_hr","transcript-rna-seq",-0.31404995937118,-0.508821273044127,-0.119278645698234,0.0227058202223935,"55911","APOBR","ENSG00000184730",NA,NA,NA,NA
"blood","transcript-rna-seq","ENSG00000177666.17",0.212497714427977,0.0870169669730849,0.337978461882869,0.00818643496720834,"ADUResist","post_3.5_4_hr","transcript-rna-seq",-0.3090040532263,-0.451584615821972,-0.166423490630628,0.00169088005836846,"57104","PNPLA2","ENSG00000177666",NA,NA,NA,NA
"blood","transcript-rna-seq","ENSG00000136280.17",0.174888137681871,0.0715281735096071,0.278248101854136,0.00825469830898234,"ADUResist","post_3.5_4_hr","transcript-rna-seq",-0.166107172678152,-0.280544110980083,-0.051670234376221,0.0482140016231805,"83605","CCM2","ENSG00000136280",NA,NA,NA,NA
"blood","transcript-rna-seq","ENSG00000180539.8",0.283338446025284,0.115682159733731,0.450994732316837,0.00835683529534537,"ADUResist","post_3.5_4_hr","transcript-rna-seq",-0.267860809352765,-0.449160699602445,-0.0865609191030848,0.0430882504159688,"401563","LINC02908","ENSG00000180539",NA,NA,NA,NA
"blood","transcript-rna-seq","ENSG00000088833.18",0.256230231972173,0.10431441556626,0.408146048378085,0.00852634805301532,"ADUResist","post_3.5_4_hr","transcript-rna-seq",-0.342847478796253,-0.511267784917577,-0.17442717267493,0.00302795321204746,"55968","NSFL1C","ENSG00000088833",NA,NA,NA,NA
"blood","transcript-rna-seq","ENSG00000177628.16",0.248650276902318,0.101201190165485,0.396099363639152,0.00853860887093153,"ADUResist","post_3.5_4_hr","transcript-rna-seq",-0.261473575753133,-0.429882106809269,-0.0930650446969968,0.0306883715884884,"2629","GBA","ENSG00000177628",NA,NA,NA,NA
"blood","transcript-rna-seq","ENSG00000153815.18",0.212621825187349,0.0865302833787184,0.33871336699598,0.00853860887093153,"ADUResist","post_3.5_4_hr","transcript-rna-seq",-0.221683044679107,-0.364797303091896,-0.0785687862663188,0.0312795361540306,"80790","CMIP","ENSG00000153815",NA,NA,NA,NA
"blood","transcript-rna-seq","ENSG00000153563.16",-0.282489117306055,-0.450086021885807,-0.114892212726302,0.00858231542590437,"ADUResist","post_3.5_4_hr","transcript-rna-seq",0.304971420944218,0.116345589429355,0.493597252459081,0.0222660594692762,"925","CD8A","ENSG00000153563",NA,NA,NA,NA
"blood","transcript-rna-seq","ENSG00000100347.15",-0.25591926558098,-0.407894539623229,-0.103943991538731,0.00863366595893808,"ADUResist","post_3.5_4_hr","transcript-rna-seq",0.289880393397012,0.116526925253752,0.463233861540271,0.0171107691133325,"25813","SAMM50","ENSG00000100347",NA,NA,NA,NA
"blood","transcript-rna-seq","ENSG00000173327.8",0.172037469176814,0.0698861953446832,0.274188743008945,0.00863366595893808,"ADUResist","post_3.5_4_hr","transcript-rna-seq",-0.211410892528185,-0.330998442482549,-0.0918233425738223,0.0109005795395611,"4296","MAP3K11","ENSG00000173327",NA,NA,NA,NA
"blood","transcript-rna-seq","ENSG00000125780.12",0.619164132451643,0.251347493946921,0.986980770956365,0.00867684491263027,"ADUResist","post_3.5_4_hr","transcript-rna-seq",-0.557323293883627,-0.943033301254102,-0.171613286513152,0.0497593656079815,"7053","TGM3","ENSG00000125780",NA,NA,NA,NA
"blood","transcript-rna-seq","ENSG00000204044.6",0.946612963081286,0.384233482586579,1.50899244357599,0.00867684491263027,"ADUResist","post_3.5_4_hr","transcript-rna-seq",-1.00674755615841,-1.55289417879351,-0.46060093352332,0.00746681167418956,"109729184","SLC12A5-AS1","ENSG00000204044",NA,NA,NA,NA
"blood","transcript-rna-seq","ENSG00000211899.10",-0.292816465574866,-0.466951681054152,-0.11868125009558,0.00876943973801711,"ADUResist","post_3.5_4_hr","transcript-rna-seq",0.339534218774816,0.139315889816976,0.539752547732656,0.0153505119538405,NA,"IGHM","ENSG00000211899",NA,NA,NA,NA
"blood","transcript-rna-seq","ENSG00000156052.11",0.248410348956625,0.100409084994845,0.396411612918405,0.00890640470271334,"ADUResist","post_3.5_4_hr","transcript-rna-seq",-0.250239698833437,-0.417004604818874,-0.0834747928480001,0.0389944653098549,"2776","GNAQ","ENSG00000156052",NA,NA,NA,NA
"blood","transcript-rna-seq","ENSG00000183735.11",0.234918258995081,0.094801420952914,0.375035097037248,0.00899604673152728,"ADUResist","post_3.5_4_hr","transcript-rna-seq",-0.236988116454359,-0.398261630296405,-0.0757146026123135,0.0445818724903295,"29110","TBK1","ENSG00000183735",NA,NA,NA,NA
"blood","transcript-rna-seq","ENSG00000244198.7",-0.344645971940433,-0.55035986578142,-0.138932078099447,0.00906698285727752,"ADUResist","post_3.5_4_hr","transcript-rna-seq",0.394906539225349,0.150775204866323,0.639037873584375,0.0221746301354993,NA,"ARHGEF35-AS1","ENSG00000244198",NA,NA,NA,NA
"blood","transcript-rna-seq","ENSG00000165271.17",-0.239618405309793,-0.382739436813214,-0.0964973738063717,0.00911126407405997,"ADUResist","post_3.5_4_hr","transcript-rna-seq",0.320059468143407,0.15228640039388,0.487832535892935,0.00545310974541713,"65083","NOL6","ENSG00000165271",NA,NA,NA,NA
"blood","transcript-rna-seq","ENSG00000142687.18",0.244672750877607,0.0983351014251139,0.3910104003301,0.00923800293091195,"ADUResist","post_3.5_4_hr","transcript-rna-seq",-0.330075562996002,-0.492878386478872,-0.167272739513131,0.00314085385302496,"79932","KIAA0319L","ENSG00000142687",NA,NA,NA,NA
"blood","transcript-rna-seq","ENSG00000105443.16",0.165240170919923,0.0663155639150874,0.264164777924759,0.00931466887409618,"ADUResist","post_3.5_4_hr","transcript-rna-seq",-0.194896716973373,-0.308002291231661,-0.081791142715085,0.0135727683976896,"9266","CYTH2","ENSG00000105443",NA,NA,NA,NA
"blood","transcript-rna-seq","ENSG00000101417.12",-0.325736350493087,-0.521109601372986,-0.130363099613188,0.0094697520930383,"ADUResist","post_3.5_4_hr","transcript-rna-seq",0.355472682584086,0.122141802488862,0.588803562679311,0.0350645034570025,"11264","PXMP4","ENSG00000101417",NA,NA,NA,NA
"blood","transcript-rna-seq","ENSG00000153283.13",-0.257534719426044,-0.412173923345729,-0.102895515506359,0.00957917829890625,"ADUResist","post_3.5_4_hr","transcript-rna-seq",0.320137688970779,0.144186882872379,0.496088495069179,0.00837390390048899,"10225","CD96","ENSG00000153283",NA,NA,NA,NA
"blood","transcript-rna-seq","ENSG00000198178.11",0.891172690585006,0.35534725753585,1.42699812363416,0.00971843527540962,"ADUResist","post_3.5_4_hr","transcript-rna-seq",-0.798014011370656,-1.32405041600138,-0.271977606739931,0.0361832049479434,"170482","CLEC4C","ENSG00000198178",NA,NA,NA,NA
"blood","transcript-rna-seq","ENSG00000143621.17",-0.195568730868297,-0.313229819253063,-0.0779076424835317,0.00976175149742084,"ADUResist","post_3.5_4_hr","transcript-rna-seq",0.228020566702376,0.0932033787939499,0.362837754610801,0.0156033995349091,"3608","ILF2","ENSG00000143621",NA,NA,NA,NA
"blood","transcript-rna-seq","ENSG00000215030.5",-0.255351673584336,-0.409166868487555,-0.101536478681117,0.00989728474751955,"ADUResist","post_3.5_4_hr","transcript-rna-seq",0.284800838065641,0.0985782472128574,0.471023428918424,0.0341897015515939,NA,"RPL13P12","ENSG00000215030",NA,NA,NA,NA
"blood","transcript-rna-seq","ENSG00000176531.11",-0.412493720063008,-0.661115755009071,-0.163871685116945,0.00992356346261343,"ADUResist","post_3.5_4_hr","transcript-rna-seq",0.580421522351029,0.273823830634062,0.887019214067996,0.00581156350722226,"653583","PHLDB3","ENSG00000176531",NA,NA,NA,NA
"blood","transcript-rna-seq","ENSG00000103994.18",0.24509655194234,0.0972562939610201,0.39293680992366,0.00997293354436382,"ADUResist","post_3.5_4_hr","transcript-rna-seq",-0.277313294065144,-0.444303521988297,-0.110323066141991,0.0180371354624167,"64397","ZNF106","ENSG00000103994",NA,NA,NA,NA
"blood","transcript-rna-seq","ENSG00000221869.5",0.327342110179568,0.129684689479576,0.524999530879561,0.0100722151766138,"ADUResist","post_3.5_4_hr","transcript-rna-seq",-0.461069684460083,-0.684056522091114,-0.238082846829053,0.002641968603276,"1052","CEBPD","ENSG00000221869",NA,NA,NA,NA
"blood","transcript-rna-seq","ENSG00000109062.12",0.170241237922363,0.0670835762292453,0.273398899615482,0.0104171990218398,"ADUResist","post_3.5_4_hr","transcript-rna-seq",-0.182399939444927,-0.298206217925194,-0.0665936609646605,0.027467895730773,"9368","SLC9A3R1","ENSG00000109062",NA,NA,NA,NA
"blood","transcript-rna-seq","ENSG00000168824.15",-0.432215001098994,-0.694072983926088,-0.1703570182719,0.0104171990218398,"ADUResist","post_3.5_4_hr","transcript-rna-seq",0.526041408760568,0.192210184768283,0.859872632752852,0.0274084757095874,"27065","NSG1","ENSG00000168824",NA,NA,NA,NA
"blood","transcript-rna-seq","ENSG00000189339.12",0.124568020252404,0.0490139519151859,0.200122088589622,0.0104950755453855,"ADUResist","post_3.5_4_hr","transcript-rna-seq",-0.155021537919342,-0.235900936901352,-0.0741421389373312,0.00525013120487961,"728661","SLC35E2B","ENSG00000189339",NA,NA,NA,NA
"blood","transcript-rna-seq","ENSG00000001497.18",-0.211268273973181,-0.339484398932194,-0.0830521490141686,0.0105174802396549,"ADUResist","post_3.5_4_hr","transcript-rna-seq",0.243472884412496,0.091794542939205,0.395151225885787,0.0236275564049519,"81887","LAS1L","ENSG00000001497",NA,NA,NA,NA
"blood","transcript-rna-seq","ENSG00000197329.12",0.355154820829111,0.139594070907984,0.570715570750239,0.0105295174717314,"ADUResist","post_3.5_4_hr","transcript-rna-seq",-0.363378690517178,-0.599563655931312,-0.127193725103043,0.0327382933358974,"57162","PELI1","ENSG00000197329",NA,NA,NA,NA
"blood","transcript-rna-seq","ENSG00000112561.19",0.20519941081908,0.0804881057027244,0.329910715935436,0.0106619470257041,"ADUResist","post_3.5_4_hr","transcript-rna-seq",-0.217488470665437,-0.361117442531634,-0.073859498799239,0.0366165603666479,"7942","TFEB","ENSG00000112561",NA,NA,NA,NA
"blood","transcript-rna-seq","ENSG00000177674.16",0.254457044139522,0.099715062174747,0.409199026104297,0.0107154553572128,"ADUResist","post_3.5_4_hr","transcript-rna-seq",-0.285116361825906,-0.463308165765741,-0.10692455788607,0.0241892345375847,"57085","AGTRAP","ENSG00000177674",NA,NA,NA,NA
"blood","transcript-rna-seq","ENSG00000124201.15",0.200039303461268,0.0783351252998733,0.321743481622663,0.0107647966646852,"ADUResist","post_3.5_4_hr","transcript-rna-seq",-0.217759984389508,-0.363601695062089,-0.0719182737169267,0.0404212028687343,"57169","ZNFX1","ENSG00000124201",NA,NA,NA,NA
"blood","transcript-rna-seq","ENSG00000189362.12",-0.476780780954333,-0.767216483533882,-0.186345078374784,0.0108618465680688,"ADUResist","post_3.5_4_hr","transcript-rna-seq",0.51000454380615,0.160051812993803,0.859957274618496,0.0472446024029657,"100131211","NEMP2","ENSG00000189362",NA,NA,NA,NA
"blood","transcript-rna-seq","ENSG00000196453.8",-0.273875015719784,-0.44083450812456,-0.106915523315007,0.0109385094609858,"ADUResist","post_3.5_4_hr","transcript-rna-seq",0.297741915654393,0.093799307018596,0.501684524290189,0.0466702072361294,"27153","ZNF777","ENSG00000196453",NA,NA,NA,NA
"blood","transcript-rna-seq","ENSG00000204397.10",0.257396155756494,0.100334015406173,0.414458296106815,0.0110555249741938,"ADUResist","post_3.5_4_hr","transcript-rna-seq",-0.304185268525493,-0.48419453840512,-0.124175998645866,0.0157209674787508,"114769","CARD16","ENSG00000204397",NA,NA,NA,NA
"blood","transcript-rna-seq","ENSG00000124214.21",0.1692259682929,0.0658697647526109,0.272582171833189,0.0111412371312434,"ADUResist","post_3.5_4_hr","transcript-rna-seq",-0.237249671914038,-0.355431617672206,-0.119067726155869,0.00345295372688887,"6780","STAU1","ENSG00000124214",NA,NA,NA,NA
"blood","transcript-rna-seq","ENSG00000188026.13",0.386892426092952,0.149946203948533,0.62383864823737,0.0114443441816713,"ADUResist","post_3.5_4_hr","transcript-rna-seq",-0.437803040579138,-0.688228291525552,-0.187377789632723,0.0120476824526018,"353116","RILPL1","ENSG00000188026",NA,NA,NA,NA
"blood","transcript-rna-seq","ENSG00000125447.18",0.137495426950926,0.0532124125293451,0.221778441372506,0.0115356460395285,"ADUResist","post_3.5_4_hr","transcript-rna-seq",-0.144921764286269,-0.238546994728938,-0.0512965338436003,0.0314079665225219,"23163","GGA3","ENSG00000125447",NA,NA,NA,NA
"blood","transcript-rna-seq","ENSG00000136560.14",0.240844478002659,0.0932081888416518,0.388480767163666,0.0115376853611534,"ADUResist","post_3.5_4_hr","transcript-rna-seq",-0.280213965058985,-0.443110991819931,-0.117316938298038,0.0137838724283376,"10010","TANK","ENSG00000136560",NA,NA,NA,NA
"blood","transcript-rna-seq","ENSG00000137767.14",0.241329077320129,0.0932380401734464,0.389420114466812,0.011656780341911,"ADUResist","post_3.5_4_hr","transcript-rna-seq",-0.301354681669213,-0.473868106690242,-0.128841256648185,0.0121179973403673,"58472","SQOR","ENSG00000137767",NA,NA,NA,NA
"blood","transcript-rna-seq","ENSG00000113141.19",0.135001969435007,0.0520933200647609,0.217910618805253,0.0117252169075317,"ADUResist","post_3.5_4_hr","transcript-rna-seq",-0.188904485161446,-0.284499675506732,-0.09330929481616,0.00394397607527133,"3550","IK","ENSG00000113141",NA,NA,NA,NA
"blood","transcript-rna-seq","ENSG00000085662.14",-0.253705146299759,-0.409511758330028,-0.09789853426949,0.0117252169075317,"ADUResist","post_3.5_4_hr","transcript-rna-seq",0.298828153608637,0.112879148595122,0.484777158622152,0.023419107090325,"231","AKR1B1","ENSG00000085662",NA,NA,NA,NA
"blood","transcript-rna-seq","ENSG00000230989.8",0.205836781279936,0.0792555482505644,0.332418014309308,0.0118730683263054,"ADUResist","post_3.5_4_hr","transcript-rna-seq",-0.262207578174722,-0.403079043757023,-0.12133611259242,0.00675246718372005,"3281","HSBP1","ENSG00000230989",NA,NA,NA,NA
"blood","transcript-rna-seq","ENSG00000075884.14",0.170156283475592,0.065510536655257,0.274802030295927,0.0118882392157066,"ADUResist","post_3.5_4_hr","transcript-rna-seq",-0.221011948406331,-0.339167171359019,-0.102856725453643,0.00649027624242668,"55843","ARHGAP15","ENSG00000075884",NA,NA,NA,NA
"blood","transcript-rna-seq","ENSG00000185000.12",0.22809689361434,0.0877979261686546,0.368395861060025,0.0118989370492135,"ADUResist","post_3.5_4_hr","transcript-rna-seq",-0.28871621155793,-0.443877991947761,-0.133554431168099,0.00676769400385913,"8694","DGAT1","ENSG00000185000",NA,NA,NA,NA
"blood","transcript-rna-seq","ENSG00000149136.9",-0.194987695284191,-0.314948184424984,-0.0750272061433991,0.011914419526765,"ADUResist","post_3.5_4_hr","transcript-rna-seq",0.239938875090323,0.0976470642210268,0.38223068595962,0.0159839130676039,"6749","SSRP1","ENSG00000149136",NA,NA,NA,NA
"blood","transcript-rna-seq","ENSG00000105369.10",-0.280761495622746,-0.453609859595947,-0.107913131649546,0.0120062434172581,"ADUResist","post_3.5_4_hr","transcript-rna-seq",0.368477205237816,0.16215165473966,0.574802755735971,0.0099501451338221,"973","CD79A","ENSG00000105369",NA,NA,NA,NA
"blood","transcript-rna-seq","ENSG00000023318.9",0.171591616689211,0.0658980378155555,0.277285195562867,0.012055388989341,"ADUResist","post_3.5_4_hr","transcript-rna-seq",-0.214160675137224,-0.331815415681587,-0.0965059345928607,0.00837186914659436,"23071","ERP44","ENSG00000023318",NA,NA,NA,NA
"blood","transcript-rna-seq","ENSG00000119862.13",0.312077653595943,0.119848049518839,0.504307257673047,0.0120583395898671,"ADUResist","post_3.5_4_hr","transcript-rna-seq",-0.371731429422452,-0.607796900632547,-0.135665958212357,0.027510024725813,"29094","LGALSL","ENSG00000119862",NA,NA,NA,NA
"blood","transcript-rna-seq","ENSG00000138449.11",0.300873211534927,0.115232956699821,0.486513466370032,0.0122020062852277,"ADUResist","post_3.5_4_hr","transcript-rna-seq",-0.384567568624307,-0.590253367111715,-0.178881770136899,0.00650438618808688,"30061","SLC40A1","ENSG00000138449",NA,NA,NA,NA
"blood","transcript-rna-seq","ENSG00000068745.15",0.14869378059576,0.0568740101730834,0.240513551018437,0.0122859591973069,"ADUResist","post_3.5_4_hr","transcript-rna-seq",-0.156669559487535,-0.258006219950428,-0.0553328990246428,0.0316273296192863,"51447","IP6K2","ENSG00000068745",NA,NA,NA,NA
"blood","transcript-rna-seq","ENSG00000115053.17",-0.165729402775212,-0.268242597815488,-0.0632162077349361,0.0124833701435443,"ADUResist","post_3.5_4_hr","transcript-rna-seq",0.178470305585413,0.0589012106882584,0.298039400482567,0.0404822260715243,"4691","NCL","ENSG00000115053",NA,NA,NA,NA
"blood","transcript-rna-seq","ENSG00000106948.17",0.116396138621242,0.0443985720426548,0.18839370519983,0.0124840817869389,"ADUResist","post_3.5_4_hr","transcript-rna-seq",-0.148307840488094,-0.233102208164346,-0.0635134728118425,0.0120159378784733,"80709","AKNA","ENSG00000106948",NA,NA,NA,NA
"blood","transcript-rna-seq","ENSG00000241553.13",0.18934391212502,0.0722102377442716,0.306477586505768,0.0124889592175729,"ADUResist","post_3.5_4_hr","transcript-rna-seq",-0.235485458488641,-0.369724372013847,-0.101246544963436,0.0116736706858511,"10093","ARPC4","ENSG00000241553",NA,NA,NA,NA
"blood","transcript-rna-seq","ENSG00000103522.16",-0.269909783883586,-0.436993933585125,-0.102825634182046,0.0125472193524022,"ADUResist","post_3.5_4_hr","transcript-rna-seq",0.336091992088916,0.13855351701196,0.533630467165873,0.0149286925109846,"50615","IL21R","ENSG00000103522",NA,NA,NA,NA
"blood","transcript-rna-seq","ENSG00000172775.17",0.150897581246269,0.0573085644480748,0.244486598044462,0.0127717837387046,"ADUResist","post_3.5_4_hr","transcript-rna-seq",-0.186217122477054,-0.29062015989901,-0.0818140850550982,0.010051047724522,"80011","PSME3IP1","ENSG00000172775",NA,NA,NA,NA
"blood","transcript-rna-seq","ENSG00000198604.11",0.203425603116034,0.077172228553413,0.329678977678655,0.0128274106806348,"ADUResist","post_3.5_4_hr","transcript-rna-seq",-0.228440321839864,-0.373679625881996,-0.0832010177977324,0.0277493397757976,"11177","BAZ1A","ENSG00000198604",NA,NA,NA,NA
"blood","transcript-rna-seq","ENSG00000106829.20",0.22112050339098,0.083825342561659,0.3584156642203,0.0128721370473804,"ADUResist","post_3.5_4_hr","transcript-rna-seq",-0.257797746194118,-0.412064203642794,-0.103531288745442,0.0171827353025419,"7091","TLE4","ENSG00000106829",NA,NA,NA,NA
"blood","transcript-rna-seq","ENSG00000167210.17",0.512909484813319,0.19383588517288,0.831983084453758,0.0130970481785944,"ADUResist","post_3.5_4_hr","transcript-rna-seq",-0.633156258810503,-0.977528033530794,-0.288784484090211,0.0076454872039574,"125336","LOXHD1","ENSG00000167210",NA,NA,NA,NA
"blood","transcript-rna-seq","ENSG00000138081.22",0.222636004935166,0.0840732542278784,0.361198755642453,0.0131150905774976,"ADUResist","post_3.5_4_hr","transcript-rna-seq",-0.238855666491228,-0.388020633229066,-0.0896906997533895,0.0241050369609691,"80204","FBXO11","ENSG00000138081",NA,NA,NA,NA
"blood","transcript-rna-seq","ENSG00000064419.14",0.190602960842331,0.0718781843309972,0.309327737353665,0.013217579351972,"ADUResist","post_3.5_4_hr","transcript-rna-seq",-0.237252996165262,-0.370309327145308,-0.104196665185216,0.0100786218866077,"23534","TNPO3","ENSG00000064419",NA,NA,NA,NA
"blood","transcript-rna-seq","ENSG00000283787.2",0.245538597115671,0.0925831959475255,0.398493998283817,0.0132226140447473,"ADUResist","post_3.5_4_hr","transcript-rna-seq",-0.333066336587792,-0.495267555490539,-0.170865117685045,0.00281423836742531,NA,"PRR33","ENSG00000283787",NA,NA,NA,NA
"blood","transcript-rna-seq","ENSG00000165280.18",0.119017582270513,0.0448545484105966,0.19318061613043,0.0132593122489191,"ADUResist","post_3.5_4_hr","transcript-rna-seq",-0.143457756769513,-0.228213883276462,-0.0587016302625629,0.0155620939628746,"7415","VCP","ENSG00000165280",NA,NA,NA,NA
"blood","transcript-rna-seq","ENSG00000160654.11",-0.259682723372644,-0.421491480682426,-0.097873966062862,0.0132593122489191,"ADUResist","post_3.5_4_hr","transcript-rna-seq",0.363816690812362,0.17306868853594,0.554564693088784,0.00546409000353053,"917","CD3G","ENSG00000160654",NA,NA,NA,NA
"blood","transcript-rna-seq","ENSG00000137161.18",0.22243219253693,0.0836975385949853,0.361166846478875,0.0133621155426823,"ADUResist","post_3.5_4_hr","transcript-rna-seq",-0.284110724269453,-0.440538419651438,-0.127683028887469,0.00855481085906117,"10695","CNPY3","ENSG00000137161",NA,NA,NA,NA
"blood","transcript-rna-seq","ENSG00000125246.16",-0.571900637553555,-0.929285038230491,-0.214516236876618,0.0135553396765114,"ADUResist","post_3.5_4_hr","transcript-rna-seq",0.69698717315797,0.253659722831025,1.14031462348492,0.0278074721393622,"171425","CLYBL","ENSG00000125246",NA,NA,NA,NA
"blood","transcript-rna-seq","ENSG00000102879.16",0.193224841033135,0.0724514335423918,0.313998248523879,0.0136020701005779,"ADUResist","post_3.5_4_hr","transcript-rna-seq",-0.234284591888338,-0.3695055445279,-0.0990636392487761,0.0130038390371929,"11151","CORO1A","ENSG00000102879",NA,NA,NA,NA
"blood","transcript-rna-seq","ENSG00000131100.13",0.18110629139743,0.0675478289254971,0.294664753869364,0.0140005292280481,"ADUResist","post_3.5_4_hr","transcript-rna-seq",-0.194402133972813,-0.322299462339683,-0.0665048056059436,0.035641419590612,"529","ATP6V1E1","ENSG00000131100",NA,NA,NA,NA
"blood","transcript-rna-seq","ENSG00000204936.10",0.626374402794156,0.233642170477274,1.01910663511104,0.0140055582260201,"ADUResist","post_3.5_4_hr","transcript-rna-seq",-1.67264529070441,-2.2705267328569,-1.07476384855192,0.000139864107404635,"57126","CD177","ENSG00000204936",NA,NA,NA,NA
"blood","transcript-rna-seq","ENSG00000109016.18",0.296919361581501,0.110448724804193,0.483389998358808,0.0141736408350348,"ADUResist","post_3.5_4_hr","transcript-rna-seq",-0.338369057578669,-0.529320644173184,-0.147417470984155,0.0106708006980034,"25979","DHRS7B","ENSG00000109016",NA,NA,NA,NA
"blood","transcript-rna-seq","ENSG00000116584.21",0.129775608348238,0.0482414267006564,0.21130978999582,0.014223476141736,"ADUResist","post_3.5_4_hr","transcript-rna-seq",-0.147323006507863,-0.241569598099551,-0.0530764149161748,0.0290409516962624,"9181","ARHGEF2","ENSG00000116584",NA,NA,NA,NA
"blood","transcript-rna-seq","ENSG00000204394.13",-0.209488521908588,-0.34133942756807,-0.077637616249106,0.0144015249854032,"ADUResist","post_3.5_4_hr","transcript-rna-seq",0.277275497994876,0.125240765972165,0.429310230017586,0.00822407041221979,"7407","VARS1","ENSG00000204394",NA,NA,NA,NA
"blood","transcript-rna-seq","ENSG00000100403.12",-0.190742711642454,-0.310828815763088,-0.0706566075218212,0.0144311119623417,"ADUResist","post_3.5_4_hr","transcript-rna-seq",0.213620503428404,0.078717892094864,0.348523114761945,0.0263726501489439,"23264","ZC3H7B","ENSG00000100403",NA,NA,NA,NA
"blood","transcript-rna-seq","ENSG00000142408.7",-0.424437551570696,-0.691729412108581,-0.157145691032812,0.0144773751843039,"ADUResist","post_3.5_4_hr","transcript-rna-seq",0.513065124465995,0.170203147030662,0.855927101901328,0.0398343005140361,"59283","CACNG8","ENSG00000142408",NA,NA,NA,NA
"blood","transcript-rna-seq","ENSG00000197535.16",0.251600514184338,0.0930274278966967,0.41017360047198,0.0145657975424836,"ADUResist","post_3.5_4_hr","transcript-rna-seq",-0.295760120136795,-0.470887213780114,-0.120633026493476,0.0157933112373416,"4644","MYO5A","ENSG00000197535",NA,NA,NA,NA
"blood","transcript-rna-seq","ENSG00000095319.14",-0.205759892207025,-0.335494759923725,-0.0760250244903252,0.0146127470886355,"ADUResist","post_3.5_4_hr","transcript-rna-seq",0.259927405478065,0.110090900744337,0.409763910211793,0.0128360197697474,"23511","NUP188","ENSG00000095319",NA,NA,NA,NA
"blood","transcript-rna-seq","ENSG00000051523.11",0.204021891621196,0.075374701087518,0.332669082154873,0.0146296850185075,"ADUResist","post_3.5_4_hr","transcript-rna-seq",-0.240322146541066,-0.384337226518933,-0.0963070665632001,0.0173330142051138,"1535","CYBA","ENSG00000051523",NA,NA,NA,NA
"blood","transcript-rna-seq","ENSG00000180891.13",0.268364696563989,0.0989808033321614,0.437748589795816,0.0147420337754687,"ADUResist","post_3.5_4_hr","transcript-rna-seq",-0.362087591350921,-0.544528368643626,-0.179646814058215,0.00380079076960252,"404093","CUEDC1","ENSG00000180891",NA,NA,NA,NA
"blood","transcript-rna-seq","ENSG00000135046.14",0.14891977489603,0.0548478403500479,0.242991709442013,0.014854213559043,"ADUResist","post_3.5_4_hr","transcript-rna-seq",-0.208432374388051,-0.315744473784192,-0.101120274991911,0.00470990651987577,"301","ANXA1","ENSG00000135046",NA,NA,NA,NA
"blood","transcript-rna-seq","ENSG00000182670.13",-0.204069432108504,-0.333022683127555,-0.0751161810894528,0.0148934638036751,"ADUResist","post_3.5_4_hr","transcript-rna-seq",0.262878986365037,0.116344678175969,0.409413294554105,0.00954502906317115,"7267","TTC3","ENSG00000182670",NA,NA,NA,NA
"blood","transcript-rna-seq","ENSG00000085063.17",0.229435575694618,0.0843023207732367,0.374568830615999,0.0150206878123213,"ADUResist","post_3.5_4_hr","transcript-rna-seq",-0.332362787744067,-0.499284950899259,-0.165440624588875,0.00369458502474581,"966","CD59","ENSG00000085063",NA,NA,NA,NA
"blood","transcript-rna-seq","ENSG00000120253.14",-0.226677485155722,-0.370182415244098,-0.0831725550673452,0.0151076540862267,"ADUResist","post_3.5_4_hr","transcript-rna-seq",0.252794458142,0.0825486326002693,0.423040283683731,0.0417594149833332,"348995","NUP43","ENSG00000120253",NA,NA,NA,NA
"blood","transcript-rna-seq","ENSG00000154781.17",0.186467590884899,0.0684102432922779,0.30452493847752,0.0151076540862267,"ADUResist","post_3.5_4_hr","transcript-rna-seq",-0.188839679088846,-0.318932125658685,-0.0587472325190072,0.0482140016231805,"51244","CCDC174","ENSG00000154781",NA,NA,NA,NA
"blood","transcript-rna-seq","ENSG00000183688.4",0.340221487551661,0.124714112923949,0.555728862179372,0.0151917854196491,"ADUResist","post_3.5_4_hr","transcript-rna-seq",-0.506104754158772,-0.743064711487261,-0.269144796830282,0.0019222591045555,"359845","RFLNB","ENSG00000183688",NA,NA,NA,NA
"blood","transcript-rna-seq","ENSG00000115652.15",-0.219823333293593,-0.359085479800302,-0.0805611867868855,0.0151917854196491,"ADUResist","post_3.5_4_hr","transcript-rna-seq",0.238875417888819,0.0813812618642937,0.396369573913344,0.0361832049479434,"80146","UXS1","ENSG00000115652",NA,NA,NA,NA
"blood","transcript-rna-seq","ENSG00000174695.10",0.215639654372465,0.0790095048102975,0.352269803934633,0.0152057439453372,"ADUResist","post_3.5_4_hr","transcript-rna-seq",-0.218747100541257,-0.366528242902419,-0.0709659581800947,0.042617166691769,"153339","TMEM167A","ENSG00000174695",NA,NA,NA,NA
"blood","transcript-rna-seq","ENSG00000186432.10",0.172669068721289,0.063171950316758,0.28216618712582,0.0153163868960546,"ADUResist","post_3.5_4_hr","transcript-rna-seq",-0.176960752186163,-0.296598403473447,-0.0573231008988796,0.0427765147266508,"3840","KPNA4","ENSG00000186432",NA,NA,NA,NA
"blood","transcript-rna-seq","ENSG00000163399.16",-0.139523181956866,-0.228191369644334,-0.0508549942693979,0.0156228268251716,"ADUResist","post_3.5_4_hr","transcript-rna-seq",0.15779205732589,0.0590314067713212,0.256552707880458,0.024443333653497,"476","ATP1A1","ENSG00000163399",NA,NA,NA,NA
"blood","transcript-rna-seq","ENSG00000151414.15",0.365044821116692,0.132982880369689,0.597106761863695,0.0156543774609989,"ADUResist","post_3.5_4_hr","transcript-rna-seq",-0.384338325743157,-0.633925305581927,-0.134751345904387,0.0325632722885997,"140609","NEK7","ENSG00000151414",NA,NA,NA,NA
"blood","transcript-rna-seq","ENSG00000008710.20",-0.213113067129577,-0.348612616696651,-0.0776135175625036,0.0156741758316665,"ADUResist","post_3.5_4_hr","transcript-rna-seq",0.227957334974879,0.0755429706594141,0.380371699290344,0.0399539745507824,"5310","PKD1","ENSG00000008710",NA,NA,NA,NA
"blood","transcript-rna-seq","ENSG00000115561.16",0.169420812595125,0.0616682640220848,0.277173361168165,0.0157099337829825,"ADUResist","post_3.5_4_hr","transcript-rna-seq",-0.211920560589386,-0.331002930588646,-0.0928381905901255,0.010222076733806,"51652","CHMP3","ENSG00000115561",NA,NA,NA,NA
"blood","transcript-rna-seq","ENSG00000025039.15",0.328287975407592,0.119474759491542,0.537101191323643,0.0157252883765213,"ADUResist","post_3.5_4_hr","transcript-rna-seq",-0.400853439247647,-0.62596519057425,-0.175741687921044,0.0101877344233574,"58528","RRAGD","ENSG00000025039",NA,NA,NA,NA
"blood","transcript-rna-seq","ENSG00000198771.11",0.153956173648329,0.0559868795108055,0.251925467785853,0.0157600189412765,"ADUResist","post_3.5_4_hr","transcript-rna-seq",-0.233229902416613,-0.344964197697707,-0.121495607135519,0.00238563795748087,"92241","RCSD1","ENSG00000198771",NA,NA,NA,NA
"blood","transcript-rna-seq","ENSG00000070540.13",0.265046385078605,0.0962229330500579,0.433869837107153,0.0158733670409798,"ADUResist","post_3.5_4_hr","transcript-rna-seq",-0.385446583914886,-0.563315845371825,-0.207577322457948,0.00169088005836846,"55062","WIPI1","ENSG00000070540",NA,NA,NA,NA
"blood","transcript-rna-seq","ENSG00000197070.14",0.192914310309838,0.0700333660025206,0.315795254617156,0.0158733670409798,"ADUResist","post_3.5_4_hr","transcript-rna-seq",-0.211073293212866,-0.347129849728327,-0.0750167366974052,0.0308824445422839,"92714","ARRDC1","ENSG00000197070",NA,NA,NA,NA
"blood","transcript-rna-seq","ENSG00000204386.12",0.198252943262988,0.0719578887660274,0.324547997759948,0.0158890525173982,"ADUResist","post_3.5_4_hr","transcript-rna-seq",-0.215817093980601,-0.361748249599318,-0.0698859383618831,0.0428074757727618,"4758","NEU1","ENSG00000204386",NA,NA,NA,NA
"blood","transcript-rna-seq","ENSG00000176749.9",0.395035162653221,0.1433449124953,0.646725412811142,0.0159043855365032,"ADUResist","post_3.5_4_hr","transcript-rna-seq",-0.540027826939407,-0.813594790372054,-0.266460863506759,0.00399148959011815,"8851","CDK5R1","ENSG00000176749",NA,NA,NA,NA
"blood","transcript-rna-seq","ENSG00000145022.5",0.191460870213829,0.0694547981270386,0.31346694230062,0.0159043855365032,"ADUResist","post_3.5_4_hr","transcript-rna-seq",-0.230774487697625,-0.367150158186297,-0.0943988172089524,0.0155761244763526,"6988","TCTA","ENSG00000145022",NA,NA,NA,NA
"blood","transcript-rna-seq","ENSG00000187257.16",0.224962848952371,0.0815601029670133,0.368365594937729,0.0159476795961288,"ADUResist","post_3.5_4_hr","transcript-rna-seq",-0.26915615275741,-0.427335842051247,-0.110976463463573,0.014921636186053,"222194","RSBN1L","ENSG00000187257",NA,NA,NA,NA
"blood","transcript-rna-seq","ENSG00000132581.10",0.211717552163674,0.0767263519189551,0.346708752408393,0.0159718023097376,"ADUResist","post_3.5_4_hr","transcript-rna-seq",-0.223168783610038,-0.376367290369686,-0.0699702768503888,0.0473230528594174,"6388","SDF2","ENSG00000132581",NA,NA,NA,NA
"blood","transcript-rna-seq","ENSG00000170909.14",0.288956247641472,0.104701012069391,0.473211483213552,0.0159886404955937,"ADUResist","post_3.5_4_hr","transcript-rna-seq",-0.422249728649057,-0.624395536811396,-0.220103920486719,0.00237048423849061,"126014","OSCAR","ENSG00000170909",NA,NA,NA,NA
"blood","transcript-rna-seq","ENSG00000088970.16",0.191844769414351,0.0692841513530393,0.314405387475662,0.0162440757234649,"ADUResist","post_3.5_4_hr","transcript-rna-seq",-0.263716026540047,-0.402120017634261,-0.125312035445833,0.00550176027540976,"55857","KIZ","ENSG00000088970",NA,NA,NA,NA
"blood","transcript-rna-seq","ENSG00000169926.11",0.133855895818803,0.0482262578520779,0.219485533785528,0.0164345698298163,"ADUResist","post_3.5_4_hr","transcript-rna-seq",-0.156410918857935,-0.256214319690794,-0.0566075180250755,0.0285353975963769,"51621","KLF13","ENSG00000169926",NA,NA,NA,NA
"blood","transcript-rna-seq","ENSG00000092330.18",0.140727738229411,0.0505194471847248,0.230936029274097,0.0167167344695262,"ADUResist","post_3.5_4_hr","transcript-rna-seq",-0.159827568217684,-0.263703901479567,-0.055951234955802,0.0327382933358974,"26277","TINF2","ENSG00000092330",NA,NA,NA,NA
"blood","transcript-rna-seq","ENSG00000213780.11",-0.377374438666926,-0.619525079141724,-0.135223798192128,0.0168391967680789,"ADUResist","post_3.5_4_hr","transcript-rna-seq",0.511691758220171,0.219786662913659,0.803596853526682,0.0117400840607687,"2968","GTF2H4","ENSG00000213780",NA,NA,NA,NA
"blood","transcript-rna-seq","ENSG00000155307.19",0.408155112036933,0.145782141793365,0.670528082280502,0.0171316763193095,"ADUResist","post_3.5_4_hr","transcript-rna-seq",-0.479656161846176,-0.761035302728448,-0.198277020963904,0.0147729611137715,"64092","SAMSN1","ENSG00000155307",NA,NA,NA,NA
"blood","transcript-rna-seq","ENSG00000076984.18",0.130634266261015,0.0466429010895348,0.214625631432495,0.0171517690398979,"ADUResist","post_3.5_4_hr","transcript-rna-seq",-0.155277656349549,-0.253497358372447,-0.0570579543266508,0.0267585985693282,"5609","MAP2K7","ENSG00000076984",NA,NA,NA,NA
"blood","transcript-rna-seq","ENSG00000133943.21",0.171314778104549,0.0610518040884277,0.281577752120671,0.0173212344989585,"ADUResist","post_3.5_4_hr","transcript-rna-seq",-0.241297375651778,-0.369240351149118,-0.113354400154439,0.00602178055873579,"80017","DGLUCY","ENSG00000133943",NA,NA,NA,NA
"blood","transcript-rna-seq","ENSG00000100554.12",0.211867719082696,0.0754865418364873,0.348248896328905,0.0173212344989585,"ADUResist","post_3.5_4_hr","transcript-rna-seq",-0.296198657419458,-0.446260009660833,-0.146137305178083,0.00399148959011815,"51382","ATP6V1D","ENSG00000100554",NA,NA,NA,NA
"blood","transcript-rna-seq","ENSG00000246263.4",0.372421856417815,0.132677433897018,0.612166278938612,0.017324318382557,"ADUResist","post_3.5_4_hr","transcript-rna-seq",-0.439167089491208,-0.696865477225315,-0.181468701757101,0.0148037336253298,NA,"UBR5-DT","ENSG00000246263",NA,NA,NA,NA
"blood","transcript-rna-seq","ENSG00000129465.16",0.194969811912337,0.0692581490736882,0.320681474750986,0.0175608458341184,"ADUResist","post_3.5_4_hr","transcript-rna-seq",-0.222034658591456,-0.359667377646614,-0.0844019395362973,0.0226197624682462,"11035","RIPK3","ENSG00000129465",NA,NA,NA,NA
"blood","transcript-rna-seq","ENSG00000117602.13",-0.266956876024093,-0.439132569975805,-0.094781182072381,0.0176074937331361,"ADUResist","post_3.5_4_hr","transcript-rna-seq",0.397131094592516,0.193661798609703,0.600600390575329,0.00445291284929189,"11123","RCAN3","ENSG00000117602",NA,NA,NA,NA
"blood","transcript-rna-seq","ENSG00000237765.8",0.263467611662263,0.0932250730368571,0.433710150287668,0.0178769425661898,"ADUResist","post_3.5_4_hr","transcript-rna-seq",-0.295676445701394,-0.483660633836569,-0.10769225756622,0.0277461243399041,"285550","FAM200B","ENSG00000237765",NA,NA,NA,NA
"blood","transcript-rna-seq","ENSG00000127616.20",-0.139713782551252,-0.230002877204025,-0.0494246878984785,0.0178843918903363,"ADUResist","post_3.5_4_hr","transcript-rna-seq",0.151226339635567,0.0486598772766812,0.253792801994453,0.0437390348731615,"6597","SMARCA4","ENSG00000127616",NA,NA,NA,NA
"blood","transcript-rna-seq","ENSG00000059588.10",-0.290388284135533,-0.478486993037507,-0.102289575233559,0.0182284849549467,"ADUResist","post_3.5_4_hr","transcript-rna-seq",0.44227148476934,0.222598382150119,0.661944587388561,0.00336865757732092,"6894","TARBP1","ENSG00000059588",NA,NA,NA,NA
"blood","transcript-rna-seq","ENSG00000237298.10",0.326881415843555,0.114586520741284,0.539176310945827,0.0185878542498185,"ADUResist","post_3.5_4_hr","transcript-rna-seq",-0.328086805061297,-0.551734716604825,-0.104438893517769,0.0449872232692093,"100506866","TTN-AS1","ENSG00000237298",NA,NA,NA,NA
"blood","transcript-rna-seq","ENSG00000181847.12",-0.301208693305344,-0.497045200061021,-0.105372186549666,0.0187580939191176,"ADUResist","post_3.5_4_hr","transcript-rna-seq",0.344445720870096,0.110228420484116,0.578663021256075,0.0443749596212482,"201633","TIGIT","ENSG00000181847",NA,NA,NA,NA
"blood","transcript-rna-seq","ENSG00000101846.9",0.338643289478101,0.11796830490066,0.559318274055542,0.0190775392525387,"ADUResist","post_3.5_4_hr","transcript-rna-seq",-0.395233196796204,-0.655160639240275,-0.135305754352132,0.0355865348601282,"412","STS","ENSG00000101846",NA,NA,NA,NA
"blood","transcript-rna-seq","ENSG00000214176.10",0.215907829974874,0.0752092361249588,0.35660642382479,0.0190775392525387,"ADUResist","post_3.5_4_hr","transcript-rna-seq",-0.257312468493121,-0.408531136160166,-0.106093800826077,0.014921636186053,NA,"PLEKHM1P1","ENSG00000214176",NA,NA,NA,NA
"blood","transcript-rna-seq","ENSG00000136827.12",0.190568614333949,0.0661731328000397,0.314964095867858,0.0193561843838243,"ADUResist","post_3.5_4_hr","transcript-rna-seq",-0.26370925870456,-0.404018011436483,-0.123400505972636,0.00621289525908431,"1861","TOR1A","ENSG00000136827",NA,NA,NA,NA
"blood","transcript-rna-seq","ENSG00000198742.10",0.200240807767993,0.0693495511113312,0.331132064424655,0.0195599286068874,"ADUResist","post_3.5_4_hr","transcript-rna-seq",-0.230839588764972,-0.373992020305818,-0.0876871572241271,0.0226779297456524,"57154","SMURF1","ENSG00000198742",NA,NA,NA,NA
"blood","transcript-rna-seq","ENSG00000170776.22",0.173144112586474,0.0599683488566851,0.286319876316263,0.0195794021513276,"ADUResist","post_3.5_4_hr","transcript-rna-seq",-0.229936152699624,-0.358175051704831,-0.101697253694417,0.00958037411279458,"11214","AKAP13","ENSG00000170776",NA,NA,NA,NA
"blood","transcript-rna-seq","ENSG00000265808.4",0.171806527340519,0.0594669611198867,0.284146093561151,0.0196315693208405,"ADUResist","post_3.5_4_hr","transcript-rna-seq",-0.253266421859657,-0.37837509312582,-0.128157750593493,0.00317188199825008,"9554","SEC22B","ENSG00000265808",NA,NA,NA,NA
"blood","transcript-rna-seq","ENSG00000116685.16",0.177517013849961,0.061163717875924,0.293870309823998,0.020013442421516,"ADUResist","post_3.5_4_hr","transcript-rna-seq",-0.262792059015595,-0.395337573826734,-0.130246544204457,0.00382610833051816,"90231","KIAA2013","ENSG00000116685",NA,NA,NA,NA
"blood","transcript-rna-seq","ENSG00000103769.10",0.179872205183826,0.0619451388483715,0.29779927151928,0.0200387365960151,"ADUResist","post_3.5_4_hr","transcript-rna-seq",-0.216031757511057,-0.344360824133757,-0.0877026908883558,0.016255534878995,"8766","RAB11A","ENSG00000103769",NA,NA,NA,NA
"blood","transcript-rna-seq","ENSG00000113384.14",0.176797404744406,0.0608052490452692,0.292789560443542,0.0201610324400164,"ADUResist","post_3.5_4_hr","transcript-rna-seq",-0.212690953104188,-0.342549204942328,-0.082832701266048,0.0200970041044423,"64083","GOLPH3","ENSG00000113384",NA,NA,NA,NA
"blood","transcript-rna-seq","ENSG00000180096.13",-0.249899696921115,-0.413848982419248,-0.0859504114229816,0.0201646356159681,"ADUResist","post_3.5_4_hr","transcript-rna-seq",0.312911138797066,0.128849301710907,0.496972975883225,0.0150218511839254,"1731","SEPTIN1","ENSG00000180096",NA,NA,NA,NA
"blood","transcript-rna-seq","ENSG00000122224.18",-0.241536932790599,-0.400146797869952,-0.0829270677112446,0.0203012747410728,"ADUResist","post_3.5_4_hr","transcript-rna-seq",0.33350214363598,0.143647494313995,0.523356792957964,0.011565905219486,"4063","LY9","ENSG00000122224",NA,NA,NA,NA
"blood","transcript-rna-seq","ENSG00000127804.13",-0.207283983816613,-0.343544817064668,-0.0710231505685566,0.0204834772754916,"ADUResist","post_3.5_4_hr","transcript-rna-seq",0.264659156842717,0.107354236879416,0.421964076806017,0.0163326920893932,"79066","METTL16","ENSG00000127804",NA,NA,NA,NA
"blood","transcript-rna-seq","ENSG00000130881.14",0.40263109806784,0.137903086543685,0.667359109591996,0.0205082163044411,"ADUResist","post_3.5_4_hr","transcript-rna-seq",-0.470209799791735,-0.737393194061392,-0.203026405522078,0.0113519678713275,"4037","LRP3","ENSG00000130881",NA,NA,NA,NA
"blood","transcript-rna-seq","ENSG00000213341.11",0.273871799554394,0.0937325849019992,0.454011014206789,0.0205475274929815,"ADUResist","post_3.5_4_hr","transcript-rna-seq",-0.301401998065745,-0.501276431663622,-0.101527564467868,0.0375570819271162,"1147","CHUK","ENSG00000213341",NA,NA,NA,NA
"blood","transcript-rna-seq","ENSG00000213625.9",0.189894596653986,0.0649842972022938,0.314804896105677,0.0205717323488064,"ADUResist","post_3.5_4_hr","transcript-rna-seq",-0.23322756420576,-0.367987166771284,-0.098467961640235,0.0131403952210999,"54741","LEPROT","ENSG00000213625",NA,NA,NA,NA
"blood","transcript-rna-seq","ENSG00000084733.11",0.166939471255345,0.0570863759453899,0.2767925665653,0.0206220205731745,"ADUResist","post_3.5_4_hr","transcript-rna-seq",-0.215553367808084,-0.343741203798409,-0.08736553181776,0.0163719172131807,"10890","RAB10","ENSG00000084733",NA,NA,NA,NA
"blood","transcript-rna-seq","ENSG00000153933.10",-0.275138353814432,-0.456355119353779,-0.0939215882750847,0.0207702079116607,"ADUResist","post_3.5_4_hr","transcript-rna-seq",0.368589500143197,0.157136089269055,0.580042911017339,0.0123683174365081,"8526","DGKE","ENSG00000153933",NA,NA,NA,NA
"blood","transcript-rna-seq","ENSG00000049239.13",0.159593487231596,0.0544599700064027,0.264727004456789,0.0208139699693993,"ADUResist","post_3.5_4_hr","transcript-rna-seq",-0.217162942092552,-0.333339114286846,-0.100986769898259,0.00651936302137448,"9563","H6PD","ENSG00000049239",NA,NA,NA,NA
"blood","transcript-rna-seq","ENSG00000159322.18",0.125146336099163,0.0426955871026463,0.207597085095679,0.0208233103052894,"ADUResist","post_3.5_4_hr","transcript-rna-seq",-0.150224314323696,-0.242480677193636,-0.0579679514537551,0.0209767008195249,"83440","ADPGK","ENSG00000159322",NA,NA,NA,NA
"blood","transcript-rna-seq","ENSG00000083828.16",0.222601708978543,0.0754852268770113,0.369718191080074,0.0213013585412747,"ADUResist","post_3.5_4_hr","transcript-rna-seq",-0.263755371624402,-0.425478981939935,-0.10203176130887,0.0207415316445169,"54807","ZNF586","ENSG00000083828",NA,NA,NA,NA
"blood","transcript-rna-seq","ENSG00000163902.12",0.124942097288396,0.0422242176608393,0.207659976915952,0.0216193518366828,"ADUResist","post_3.5_4_hr","transcript-rna-seq",-0.149542518741957,-0.248698594162189,-0.0503864433217258,0.0375570819271162,"6184","RPN1","ENSG00000163902",NA,NA,NA,NA
"blood","transcript-rna-seq","ENSG00000169612.4",0.232825294749373,0.0785610394594398,0.387089550039305,0.0217433916342094,"ADUResist","post_3.5_4_hr","transcript-rna-seq",-0.301463829892743,-0.471308585342297,-0.131619074443189,0.010491852219993,"83640","RAMAC","ENSG00000169612",NA,NA,NA,NA
"blood","transcript-rna-seq","ENSG00000186174.13",-0.227034051579608,-0.377568236944356,-0.07649986621486,0.0218750342465501,"ADUResist","post_3.5_4_hr","transcript-rna-seq",0.278383978505215,0.1099198567863,0.44684810022413,0.018737627831692,"283149","BCL9L","ENSG00000186174",NA,NA,NA,NA
"blood","transcript-rna-seq","ENSG00000156931.16",0.190873198996201,0.0642771997106018,0.3174691982818,0.021904248198285,"ADUResist","post_3.5_4_hr","transcript-rna-seq",-0.232811835750839,-0.37442911319571,-0.0911945583059677,0.0194854947575717,"23355","VPS8","ENSG00000156931",NA,NA,NA,NA
"blood","transcript-rna-seq","ENSG00000164308.17",-0.175427764302363,-0.29179248810004,-0.0590630405046855,0.0219384669188424,"ADUResist","post_3.5_4_hr","transcript-rna-seq",0.243239418761346,0.105175090075128,0.381303747447563,0.011272932955604,"64167","ERAP2","ENSG00000164308",NA,NA,NA,NA
"blood","transcript-rna-seq","ENSG00000161791.14",-0.224937971438728,-0.374364251821051,-0.0755116910564056,0.0221747644133853,"ADUResist","post_3.5_4_hr","transcript-rna-seq",0.283476412534483,0.110440981054455,0.456511844014512,0.0200891238416933,"91010","FMNL3","ENSG00000161791",NA,NA,NA,NA
"blood","transcript-rna-seq","ENSG00000131408.15",0.168651545107442,0.0565915769692138,0.280711513245669,0.0222001649453421,"ADUResist","post_3.5_4_hr","transcript-rna-seq",-0.262070661951058,-0.38999267152813,-0.134148652373986,0.0028647751766776,"7376","NR1H2","ENSG00000131408",NA,NA,NA,NA
"blood","transcript-rna-seq","ENSG00000175471.20",0.269553608160975,0.0902814115743343,0.448825804747616,0.0223646374763795,"ADUResist","post_3.5_4_hr","transcript-rna-seq",-0.300520621895804,-0.503433643417722,-0.0976076003738856,0.042500654894992,"79772","MCTP1","ENSG00000175471",NA,NA,NA,NA
"blood","transcript-rna-seq","ENSG00000170836.13",0.236798513777488,0.0791013096816519,0.394495717873325,0.022595019405005,"ADUResist","post_3.5_4_hr","transcript-rna-seq",-0.270145453907896,-0.447115554389419,-0.0931753534263742,0.034597820796704,"8493","PPM1D","ENSG00000170836",NA,NA,NA,NA
"blood","transcript-rna-seq","ENSG00000213903.9",0.271782048949101,0.0906451083167865,0.452918989581415,0.0227589010074985,"ADUResist","post_3.5_4_hr","transcript-rna-seq",-0.300318656033753,-0.502260986138698,-0.0983763259288088,0.0413582986286214,"1241","LTB4R","ENSG00000213903",NA,NA,NA,NA
"blood","transcript-rna-seq","ENSG00000166126.11",-0.75166614184754,-1.25326844090384,-0.250063842791242,0.0229596841591068,"ADUResist","post_3.5_4_hr","transcript-rna-seq",0.94159607981244,0.31019923396541,1.57299292565947,0.0406563247209853,"81693","AMN","ENSG00000166126",NA,NA,NA,NA
"blood","transcript-rna-seq","ENSG00000126602.11",-0.215497593471375,-0.359404769828122,-0.0715904171146283,0.0231226749267928,"ADUResist","post_3.5_4_hr","transcript-rna-seq",0.366034575307524,0.194879545996326,0.537189604618722,0.00190300468324258,"10131","TRAP1","ENSG00000126602",NA,NA,NA,NA
"blood","transcript-rna-seq","ENSG00000130827.6",-0.240908315762812,-0.401803045648501,-0.0800135858771242,0.0231353716076812,"ADUResist","post_3.5_4_hr","transcript-rna-seq",0.302006012856965,0.123958502095422,0.480053523618508,0.0153292627119913,"55558","PLXNA3","ENSG00000130827",NA,NA,NA,NA
"blood","transcript-rna-seq","ENSG00000105647.19",-0.258984651292561,-0.432082517025838,-0.0858867855592843,0.0232701734285262,"ADUResist","post_3.5_4_hr","transcript-rna-seq",0.328124810422743,0.118915545323108,0.537334075522378,0.0283727144370687,"5296","PIK3R2","ENSG00000105647",NA,NA,NA,NA
"blood","transcript-rna-seq","ENSG00000073605.19",-0.209343693509215,-0.349452763386366,-0.0692346236320637,0.0235358818994294,"ADUResist","post_3.5_4_hr","transcript-rna-seq",0.31174837837098,0.156831630140935,0.466665126601024,0.00337966622210726,"55876","GSDMB","ENSG00000073605",NA,NA,NA,NA
"blood","transcript-rna-seq","ENSG00000112855.17",0.164902386594415,0.0543939949606845,0.275410778228145,0.0237423091234567,"ADUResist","post_3.5_4_hr","transcript-rna-seq",-0.183180711145937,-0.306955870836722,-0.0594055514551517,0.0426308017314686,"23438","HARS2","ENSG00000112855",NA,NA,NA,NA
"blood","transcript-rna-seq","ENSG00000223705.10",-0.210659816105077,-0.351840009371612,-0.0694796228385409,0.0237788707999925,"ADUResist","post_3.5_4_hr","transcript-rna-seq",0.295199658030207,0.14361722522881,0.446782090831605,0.00454876145290182,"155400","NSUN5P1","ENSG00000223705",NA,NA,NA,NA
"blood","transcript-rna-seq","ENSG00000131446.17",0.126956787106055,0.0418133110191804,0.212100263192929,0.0238961090338089,"ADUResist","post_3.5_4_hr","transcript-rna-seq",-0.204427920134062,-0.306308455575982,-0.102547384692142,0.00346209144190723,"4245","MGAT1","ENSG00000131446",NA,NA,NA,NA
"blood","transcript-rna-seq","ENSG00000225313.5",0.417272034079888,0.1370302640573,0.697513804102476,0.0241373731174525,"ADUResist","post_3.5_4_hr","transcript-rna-seq",-0.554765827263616,-0.838967924645672,-0.27056372988156,0.00445291284929189,NA,NA,"ENSG00000225313",NA,NA,NA,NA
"blood","transcript-rna-seq","ENSG00000143753.13",0.214018427366961,0.0701845983251496,0.357852256408772,0.0242505568169703,"ADUResist","post_3.5_4_hr","transcript-rna-seq",-0.305145097305585,-0.466959079043467,-0.143331115567704,0.00602178055873579,"8560","DEGS1","ENSG00000143753",NA,NA,NA,NA
"blood","transcript-rna-seq","ENSG00000220008.3",0.270563065369851,0.0886498018002569,0.452476328939445,0.0243267441230628,"ADUResist","post_3.5_4_hr","transcript-rna-seq",-0.357326220236178,-0.553624011016167,-0.161028429456189,0.00837186914659436,"645191","LINGO3","ENSG00000220008",NA,NA,NA,NA
"blood","transcript-rna-seq","ENSG00000165929.13",-0.282333793610459,-0.472824605444148,-0.0918429817767696,0.0250084546345441,"ADUResist","post_3.5_4_hr","transcript-rna-seq",0.443820326172895,0.218425335259689,0.669215317086102,0.00407423193408497,"123036","TC2N","ENSG00000165929",NA,NA,NA,NA
"blood","transcript-rna-seq","ENSG00000174099.12",0.387632528563504,0.125993693753042,0.649271363373966,0.0250635769951562,"ADUResist","post_3.5_4_hr","transcript-rna-seq",-0.489098174936036,-0.77076791453378,-0.207428435338291,0.0127365455139406,"253827","MSRB3","ENSG00000174099",NA,NA,NA,NA
"blood","transcript-rna-seq","ENSG00000135048.14",0.205041918708568,0.0666232600241267,0.34346057739301,0.0250958140509925,"ADUResist","post_3.5_4_hr","transcript-rna-seq",-0.24065510423455,-0.393461152744872,-0.0878490557242282,0.0274734142020063,"23670","CEMIP2","ENSG00000135048",NA,NA,NA,NA
"blood","transcript-rna-seq","ENSG00000141456.16",-0.222485299258695,-0.372904653105448,-0.0720659454119416,0.0253766296393928,"ADUResist","post_3.5_4_hr","transcript-rna-seq",0.28445165797632,0.113734816418595,0.455168499534045,0.0175644244748731,"27043","PELP1","ENSG00000141456",NA,NA,NA,NA
"blood","transcript-rna-seq","ENSG00000161381.14",-0.274201905653164,-0.459841020036698,-0.0885627912696299,0.0256877163891171,"ADUResist","post_3.5_4_hr","transcript-rna-seq",0.382198823634368,0.159696178724255,0.604701468544481,0.0139418583546136,"57125","PLXDC1","ENSG00000161381",NA,NA,NA,NA
"blood","transcript-rna-seq","ENSG00000100106.22",0.194452984782786,0.0627509281373165,0.326155041428256,0.0257547079756689,"ADUResist","post_3.5_4_hr","transcript-rna-seq",-0.287930132320157,-0.433178444360769,-0.142681820279545,0.00383082034730984,"11078","TRIOBP","ENSG00000100106",NA,NA,NA,NA
"blood","transcript-rna-seq","ENSG00000059122.17",-0.189543519313391,-0.318172662882904,-0.0609143757438777,0.026135789345567,"ADUResist","post_3.5_4_hr","transcript-rna-seq",0.239500728024314,0.0910677360193878,0.387933720029241,0.0226197624682462,"84256","FLYWCH1","ENSG00000059122",NA,NA,NA,NA
"blood","transcript-rna-seq","ENSG00000179818.16",0.204224330652678,0.0655171130969554,0.3429315482084,0.0262880663302207,"ADUResist","post_3.5_4_hr","transcript-rna-seq",-0.250500494061729,-0.410840704763678,-0.0901602833597796,0.0291423522858316,"400960","PCBP1-AS1","ENSG00000179818",NA,NA,NA,NA
"blood","transcript-rna-seq","ENSG00000183696.14",0.190081598738438,0.0609591139658996,0.319204083510976,0.0263039740127053,"ADUResist","post_3.5_4_hr","transcript-rna-seq",-0.275052615852591,-0.414453903912372,-0.13565132779281,0.00400046559138018,"7378","UPP1","ENSG00000183696",NA,NA,NA,NA
"blood","transcript-rna-seq","ENSG00000115541.11",-0.27929534603575,-0.469345487233008,-0.089245204838491,0.0266153250089509,"ADUResist","post_3.5_4_hr","transcript-rna-seq",0.356077369877202,0.12604942863261,0.586105311121795,0.0314079665225219,"3336","HSPE1","ENSG00000115541",NA,NA,NA,NA
"blood","transcript-rna-seq","ENSG00000119820.11",0.167476969729604,0.0534915718214647,0.281462367637743,0.0266424346648084,"ADUResist","post_3.5_4_hr","transcript-rna-seq",-0.207590499452647,-0.331036249042422,-0.0841447498628723,0.0163719172131807,"84272","YIPF4","ENSG00000119820",NA,NA,NA,NA
"blood","transcript-rna-seq","ENSG00000118707.11",-0.189837386414542,-0.319516358637487,-0.0601584141915969,0.0273733284715659,"ADUResist","post_3.5_4_hr","transcript-rna-seq",0.219588080388659,0.0680189441659295,0.371157216611389,0.0488198664269249,"60436","TGIF2","ENSG00000118707",NA,NA,NA,NA
"blood","transcript-rna-seq","ENSG00000186654.21",-0.217993006878032,-0.367402768464658,-0.068583245291406,0.0280776634809395,"ADUResist","post_3.5_4_hr","transcript-rna-seq",0.338160720746952,0.167036517916577,0.509284923577327,0.00394397607527133,"55615","PRR5","ENSG00000186654",NA,NA,NA,NA
"blood","transcript-rna-seq","ENSG00000055130.18",-0.177906920080422,-0.299903863012785,-0.0559099771480587,0.0281677046410763,"ADUResist","post_3.5_4_hr","transcript-rna-seq",0.259096474300513,0.112897007540474,0.405295941060552,0.0106708006980034,"8454","CUL1","ENSG00000055130",NA,NA,NA,NA
"blood","transcript-rna-seq","ENSG00000008438.5",0.44955706374103,0.140779376384669,0.75833475109739,0.0284736220089415,"ADUResist","post_3.5_4_hr","transcript-rna-seq",-0.677895502594866,-1.01467463728191,-0.34111636790782,0.0033767534924821,"8993","PGLYRP1","ENSG00000008438",NA,NA,NA,NA
"blood","transcript-rna-seq","ENSG00000110066.15",0.151981006900669,0.0470741198997402,0.256887893901597,0.0294862182619012,"ADUResist","post_3.5_4_hr","transcript-rna-seq",-0.244123250788427,-0.362034953720816,-0.126211547856037,0.00259743449160976,"51111","KMT5B","ENSG00000110066",NA,NA,NA,NA
"blood","transcript-rna-seq","ENSG00000105447.13",-0.234184268917809,-0.395927541060494,-0.0724409967751244,0.029604318068957,"ADUResist","post_3.5_4_hr","transcript-rna-seq",0.286004477237491,0.0917569006189222,0.480252053856059,0.0440448156636858,"83743","GRWD1","ENSG00000105447",NA,NA,NA,NA
"blood","transcript-rna-seq","ENSG00000131165.16",0.144247508573174,0.0445637595305297,0.243931257615818,0.0297276013472621,"ADUResist","post_3.5_4_hr","transcript-rna-seq",-0.237307875122931,-0.351689246776901,-0.122926503468961,0.00253652506486572,"5119","CHMP1A","ENSG00000131165",NA,NA,NA,NA
"blood","transcript-rna-seq","ENSG00000247596.10",0.157467579105433,0.0486464978914624,0.266288660319404,0.0297276013472621,"ADUResist","post_3.5_4_hr","transcript-rna-seq",-0.223232023960347,-0.347093289103349,-0.0993707588173453,0.00918814620391496,"11344","TWF2","ENSG00000247596",NA,NA,NA,NA
"blood","transcript-rna-seq","ENSG00000158195.11",0.130622152568259,0.0401630073367035,0.221081297799815,0.0301394302233503,"ADUResist","post_3.5_4_hr","transcript-rna-seq",-0.207251218814866,-0.317488625900065,-0.0970138117296675,0.00620205718449579,"10163","WASF2","ENSG00000158195",NA,NA,NA,NA
"blood","transcript-rna-seq","ENSG00000175768.13",-0.252547224609859,-0.427839974399015,-0.0772544748207039,0.030570835294806,"ADUResist","post_3.5_4_hr","transcript-rna-seq",0.374698576840902,0.157794502782883,0.591602650898921,0.0133674249191428,"401505","TOMM5","ENSG00000175768",NA,NA,NA,NA
"blood","transcript-rna-seq","ENSG00000137509.12",0.172102400086737,0.0525599627337718,0.291644837439702,0.0307440368171707,"ADUResist","post_3.5_4_hr","transcript-rna-seq",-0.265462371831602,-0.405431467000141,-0.125493276663064,0.00574048770949668,"5547","PRCP","ENSG00000137509",NA,NA,NA,NA
"blood","transcript-rna-seq","ENSG00000198286.10",-0.206305737205933,-0.349646945359769,-0.0629645290520977,0.0307909856670109,"ADUResist","post_3.5_4_hr","transcript-rna-seq",0.240829063047769,0.0829304010849214,0.398727725010616,0.0347791526922077,"84433","CARD11","ENSG00000198286",NA,NA,NA,NA
"blood","transcript-rna-seq","ENSG00000170989.10",-0.231143396560312,-0.391895591604664,-0.07039120151596,0.0309666611487051,"ADUResist","post_3.5_4_hr","transcript-rna-seq",0.378229256978382,0.198354929884612,0.558103584072151,0.0022425436978249,"1901","S1PR1","ENSG00000170989",NA,NA,NA,NA
"blood","transcript-rna-seq","ENSG00000164548.12",0.163021240812375,0.0496218530835064,0.276420628541244,0.0309673096723453,"ADUResist","post_3.5_4_hr","transcript-rna-seq",-0.21681424407427,-0.34144224214056,-0.0921862460079793,0.0125871148965086,"29896","TRA2A","ENSG00000164548",NA,NA,NA,NA
"blood","transcript-rna-seq","ENSG00000149923.14",0.193846955456705,0.0589877012402038,0.328706209673207,0.0310203149926749,"ADUResist","post_3.5_4_hr","transcript-rna-seq",-0.258132869974282,-0.40825748849136,-0.108008251457203,0.0137939744103442,"5531","PPP4C","ENSG00000149923",NA,NA,NA,NA
"blood","transcript-rna-seq","ENSG00000143933.20",0.141310930275219,0.0428769990398184,0.23974486151062,0.0312380245462602,"ADUResist","post_3.5_4_hr","transcript-rna-seq",-0.208246774157509,-0.317376013505268,-0.099117534809749,0.00545310974541713,"805","CALM2","ENSG00000143933",NA,NA,NA,NA
"blood","transcript-rna-seq","ENSG00000197976.12",0.148883069388924,0.0451578371831281,0.252608301594721,0.031240732468053,"ADUResist","post_3.5_4_hr","transcript-rna-seq",-0.200250007499198,-0.311805972597911,-0.088694042400485,0.00949334981359889,"8227","AKAP17A","ENSG00000197976",NA,NA,NA,NA
"blood","transcript-rna-seq","ENSG00000197976.12_PAR_Y",0.148883069388924,0.0451578371831281,0.252608301594721,0.031240732468053,"ADUResist","post_3.5_4_hr","transcript-rna-seq",-0.200250007499198,-0.311805972597911,-0.088694042400485,0.00949334981359889,"8227","AKAP17A","ENSG00000197976",NA,NA,NA,NA
"blood","transcript-rna-seq","ENSG00000160856.21",-0.263297550752058,-0.447010772634139,-0.0795843288699767,0.0316079953758547,"ADUResist","post_3.5_4_hr","transcript-rna-seq",0.495419530310965,0.286152707051925,0.704686353570005,0.000806398568473682,"115352","FCRL3","ENSG00000160856",NA,NA,NA,NA
"blood","transcript-rna-seq","ENSG00000151327.13",0.22428975467803,0.0675183363002088,0.381061173055851,0.0319755400279202,"ADUResist","post_3.5_4_hr","transcript-rna-seq",-0.300447237212218,-0.476959616032574,-0.123934858391862,0.0149011477497031,"283635","FAM177A1","ENSG00000151327",NA,NA,NA,NA
"blood","transcript-rna-seq","ENSG00000258476.7",0.556998263199846,0.167544694762587,0.946451831637105,0.0320801945497774,"ADUResist","post_3.5_4_hr","transcript-rna-seq",-0.628550368711389,-1.05514274332263,-0.201957994100151,0.0439418203871898,NA,"LINC02207","ENSG00000258476",NA,NA,NA,NA
"blood","transcript-rna-seq","ENSG00000157514.18",0.234841111086325,0.0706143628437678,0.399067859328883,0.0321052202673306,"ADUResist","post_3.5_4_hr","transcript-rna-seq",-0.413080042169204,-0.594016040278385,-0.232144044060023,0.00109465657067312,"1831","TSC22D3","ENSG00000157514",NA,NA,NA,NA
"blood","transcript-rna-seq","ENSG00000104921.15",-0.25131136832532,-0.427173615625713,-0.0754491210249264,0.0322773465940583,"ADUResist","post_3.5_4_hr","transcript-rna-seq",0.431093721535343,0.214701375128748,0.647486067941939,0.00369032287807036,"2208","FCER2","ENSG00000104921",NA,NA,NA,NA
"blood","transcript-rna-seq","ENSG00000124422.12",0.127062524275357,0.0380529029937554,0.216072145556958,0.0324997160692338,"ADUResist","post_3.5_4_hr","transcript-rna-seq",-0.194077441627559,-0.294839499434227,-0.0933153838208917,0.00501983841359051,"23326","USP22","ENSG00000124422",NA,NA,NA,NA
"blood","transcript-rna-seq","ENSG00000108559.12",-0.214529026175137,-0.364833481433741,-0.0642245709165341,0.0325307790644786,"ADUResist","post_3.5_4_hr","transcript-rna-seq",0.297017953279041,0.120297830347218,0.473738076210864,0.0164466312341353,"4927","NUP88","ENSG00000108559",NA,NA,NA,NA
"blood","transcript-rna-seq","ENSG00000111752.11",-0.222889891815692,-0.379359846865666,-0.0664199367657175,0.0329540268334647,"ADUResist","post_3.5_4_hr","transcript-rna-seq",0.319981049676533,0.136699088400362,0.503263010952703,0.01219079570848,"1911","PHC1","ENSG00000111752",NA,NA,NA,NA
"blood","transcript-rna-seq","ENSG00000198805.12",-0.163461675964183,-0.278739332970686,-0.0481840189576807,0.0339918435520013,"ADUResist","post_3.5_4_hr","transcript-rna-seq",0.206742928762631,0.0721355906994969,0.341350266825764,0.033078453034602,"4860","PNP","ENSG00000198805",NA,NA,NA,NA
"blood","transcript-rna-seq","ENSG00000140650.13",0.198616976857194,0.0585124399258271,0.33872151378856,0.0340188316450482,"ADUResist","post_3.5_4_hr","transcript-rna-seq",-0.393031943487645,-0.544189962277172,-0.241873924698118,0.000260872987649166,"5373","PMM2","ENSG00000140650",NA,NA,NA,NA
"blood","transcript-rna-seq","ENSG00000105321.14",0.20247892863345,0.059538103804744,0.345419753462157,0.0341643872006985,"ADUResist","post_3.5_4_hr","transcript-rna-seq",-0.232420756626492,-0.39302366230968,-0.0718178509433046,0.0491646658299332,"26093","CCDC9","ENSG00000105321",NA,NA,NA,NA
"blood","transcript-rna-seq","ENSG00000153048.11",0.176253409028679,0.0516594813750082,0.30084733668235,0.0344646895314823,"ADUResist","post_3.5_4_hr","transcript-rna-seq",-0.234126520807262,-0.368556052158157,-0.0996969894563675,0.0124601250024221,"23589","CARHSP1","ENSG00000153048",NA,NA,NA,NA
"blood","transcript-rna-seq","ENSG00000111725.11",0.18843199359245,0.0549990057630166,0.321864981421883,0.0347992642766697,"ADUResist","post_3.5_4_hr","transcript-rna-seq",-0.216647790841636,-0.362329779158527,-0.0709658025247442,0.0413582986286214,"5564","PRKAB1","ENSG00000111725",NA,NA,NA,NA
"blood","transcript-rna-seq","ENSG00000164543.7",0.157768310960816,0.0460265032979738,0.269510118623658,0.0348722950331077,"ADUResist","post_3.5_4_hr","transcript-rna-seq",-0.305005593524319,-0.430492387641662,-0.179518799406976,0.000588344246042318,"9263","STK17A","ENSG00000164543",NA,NA,NA,NA
"blood","transcript-rna-seq","ENSG00000185950.9",0.421913076467945,0.122939532916341,0.720886620019549,0.0349942887443461,"ADUResist","post_3.5_4_hr","transcript-rna-seq",-0.532342081598689,-0.850423160781586,-0.214261002415791,0.0170420890012674,"8660","IRS2","ENSG00000185950",NA,NA,NA,NA
"blood","transcript-rna-seq","ENSG00000171316.12",0.212170349727602,0.0618027673093953,0.362537932145809,0.0349942887443461,"ADUResist","post_3.5_4_hr","transcript-rna-seq",-0.414390769499069,-0.575679681225043,-0.253101857773095,0.000319607531059352,"55636","CHD7","ENSG00000171316",NA,NA,NA,NA
"blood","transcript-rna-seq","ENSG00000284930.1",0.472608556765443,0.137485212772717,0.807731900758168,0.0351002448919444,"ADUResist","post_3.5_4_hr","transcript-rna-seq",-0.619512958904873,-0.971388481300466,-0.26763743650928,0.0112904757643334,"101928143",NA,"ENSG00000284930",NA,NA,NA,NA
"blood","transcript-rna-seq","ENSG00000107959.17",-0.170683257805075,-0.291827282011279,-0.049539233598872,0.0353326341945252,"ADUResist","post_3.5_4_hr","transcript-rna-seq",0.300846709969611,0.166017657446959,0.435675762492263,0.00132328064314154,"10531","PITRM1","ENSG00000107959",NA,NA,NA,NA
"blood","transcript-rna-seq","ENSG00000106603.20",0.181694529570747,0.0526975261157058,0.310691533025787,0.035363709184764,"ADUResist","post_3.5_4_hr","transcript-rna-seq",-0.252789018839046,-0.397398265388407,-0.108179772289685,0.0120506341314473,"55744","COA1","ENSG00000106603",NA,NA,NA,NA
"blood","transcript-rna-seq","ENSG00000145907.16",-0.178302429600496,-0.304934499001979,-0.0516703601990132,0.0354258398684652,"ADUResist","post_3.5_4_hr","transcript-rna-seq",0.217691907440596,0.0761193436817053,0.359264471199486,0.0328292808577788,"10146","G3BP1","ENSG00000145907",NA,NA,NA,NA
"blood","transcript-rna-seq","ENSG00000125731.13",-0.249130405024201,-0.426373396685722,-0.0718874133626798,0.0358862576391478,"ADUResist","post_3.5_4_hr","transcript-rna-seq",0.311948687412408,0.0971692121461977,0.526728162678619,0.0480925520851034,"10045","SH2D3A","ENSG00000125731",NA,NA,NA,NA
"blood","transcript-rna-seq","ENSG00000198276.16",-0.200954473360793,-0.344170399370645,-0.0577385473509403,0.0362907465994954,"ADUResist","post_3.5_4_hr","transcript-rna-seq",0.32912528187084,0.161352797843293,0.496897765898387,0.00422222450429884,"54963","UCKL1","ENSG00000198276",NA,NA,NA,NA
"blood","transcript-rna-seq","ENSG00000226328.7",0.239274075868614,0.0686845326021996,0.409863619135028,0.0363986014831009,"ADUResist","post_3.5_4_hr","transcript-rna-seq",-0.279867599829953,-0.46776251425674,-0.0919726854031662,0.041046413149991,"100506714","NUP50-DT","ENSG00000226328",NA,NA,NA,NA
"blood","transcript-rna-seq","ENSG00000101608.13",0.12723578124062,0.0362513667283432,0.218220195752896,0.0371150098326845,"ADUResist","post_3.5_4_hr","transcript-rna-seq",-0.196865965521056,-0.299030509926611,-0.0947014211155008,0.00500092273044209,"10627","MYL12A","ENSG00000101608",NA,NA,NA,NA
"blood","transcript-rna-seq","ENSG00000100823.12",-0.167037885753948,-0.28650559638671,-0.0475701751211856,0.0371481727004062,"ADUResist","post_3.5_4_hr","transcript-rna-seq",0.20884122282414,0.0702439422670799,0.3474385033812,0.0378045524320075,"328","APEX1","ENSG00000100823",NA,NA,NA,NA
"blood","transcript-rna-seq","ENSG00000109323.11",0.148000954780357,0.0419905048845644,0.254011404676149,0.0374653116681297,"ADUResist","post_3.5_4_hr","transcript-rna-seq",-0.183130204234565,-0.303864743454064,-0.0623956650150674,0.0361832049479434,"4126","MANBA","ENSG00000109323",NA,NA,NA,NA
"blood","transcript-rna-seq","ENSG00000178719.17",0.163059988974068,0.0462683431438296,0.279851634804306,0.0374653116681297,"ADUResist","post_3.5_4_hr","transcript-rna-seq",-0.224913978962865,-0.371319875016968,-0.078508082908763,0.0330511194536856,"2907","GRINA","ENSG00000178719",NA,NA,NA,NA
"blood","transcript-rna-seq","ENSG00000112531.17",0.231257633291468,0.0652636179107138,0.397251648672223,0.0378843573509614,"ADUResist","post_3.5_4_hr","transcript-rna-seq",-0.288795045830168,-0.473500420053042,-0.104089671607295,0.0290053249252278,"9444","QKI","ENSG00000112531",NA,NA,NA,NA
"blood","transcript-rna-seq","ENSG00000062598.18",0.126730050774094,0.0357077255827273,0.217752375965462,0.0380110704869774,"ADUResist","post_3.5_4_hr","transcript-rna-seq",-0.173377153096977,-0.274385105710375,-0.0723692004835791,0.0139948575436249,"63916","ELMO2","ENSG00000062598",NA,NA,NA,NA
"blood","transcript-rna-seq","ENSG00000180104.16",0.139739341078466,0.0393017219282491,0.240176960228682,0.0381672549737353,"ADUResist","post_3.5_4_hr","transcript-rna-seq",-0.194579903965605,-0.3037570652423,-0.0854027426889091,0.0101071530312091,"11336","EXOC3","ENSG00000180104",NA,NA,NA,NA
"blood","transcript-rna-seq","ENSG00000121310.17",-0.21634913011428,-0.371888422219423,-0.060809838009138,0.0382315414252354,"ADUResist","post_3.5_4_hr","transcript-rna-seq",0.267245730537289,0.0907141317664348,0.443777329308144,0.0366472921718593,"55268","ECHDC2","ENSG00000121310",NA,NA,NA,NA
"blood","transcript-rna-seq","ENSG00000117118.10",0.15873074952755,0.0446069398322683,0.272854559222831,0.0382315414252354,"ADUResist","post_3.5_4_hr","transcript-rna-seq",-0.252468205197331,-0.378596655195043,-0.12633975519962,0.00354317995866994,"6390","SDHB","ENSG00000117118",NA,NA,NA,NA
"blood","transcript-rna-seq","ENSG00000008283.16",-0.189476962001271,-0.325958931959631,-0.0529949920429105,0.0386467758614336,"ADUResist","post_3.5_4_hr","transcript-rna-seq",0.28085766215643,0.110272384686306,0.451442939626555,0.0192983035582334,"1534","CYB561","ENSG00000008283",NA,NA,NA,NA
"blood","transcript-rna-seq","ENSG00000100284.22",0.199938987630172,0.05572652427313,0.344151450987214,0.039018056425779,"ADUResist","post_3.5_4_hr","transcript-rna-seq",-0.255182493119745,-0.415299544146027,-0.0950654420934626,0.0249529842729113,"10043","TOM1","ENSG00000100284",NA,NA,NA,NA
"blood","transcript-rna-seq","ENSG00000124209.4",0.165207931508183,0.045957360123135,0.284458502893231,0.039196476214064,"ADUResist","post_3.5_4_hr","transcript-rna-seq",-0.221972397561098,-0.354782791991105,-0.0891620031310908,0.0171644109767827,"57403","RAB22A","ENSG00000124209",NA,NA,NA,NA
"blood","transcript-rna-seq","ENSG00000160877.6",0.141534641058957,0.0389799231614947,0.244089358956419,0.0401267916986912,"ADUResist","post_3.5_4_hr","transcript-rna-seq",-0.227253041406859,-0.343736548270627,-0.11076953454309,0.0044604478838615,"112939","NACC1","ENSG00000160877",NA,NA,NA,NA
"blood","transcript-rna-seq","ENSG00000170473.17",-0.246565224781236,-0.425394458938708,-0.0677359906237649,0.0403582376869739,"ADUResist","post_3.5_4_hr","transcript-rna-seq",0.324114040673478,0.11631452631598,0.531913555030976,0.029572494141868,"84305","PYM1","ENSG00000170473",NA,NA,NA,NA
"blood","transcript-rna-seq","ENSG00000167984.18",-0.211129564756265,-0.364336125669914,-0.0579230038426166,0.0404872327445467,"ADUResist","post_3.5_4_hr","transcript-rna-seq",0.277554239542372,0.107553617279577,0.447554861805167,0.0206459311859206,"197358","NLRC3","ENSG00000167984",NA,NA,NA,NA
"blood","transcript-rna-seq","ENSG00000110446.12",0.193303691777547,0.0527232744785811,0.333884109076514,0.041075461993127,"ADUResist","post_3.5_4_hr","transcript-rna-seq",-0.339255668391406,-0.497850343706924,-0.180660993075887,0.00190300468324258,"51296","SLC15A3","ENSG00000110446",NA,NA,NA,NA
"blood","transcript-rna-seq","ENSG00000141068.15",0.144631754833769,0.0392114956855347,0.250052013982004,0.0416877290395208,"ADUResist","post_3.5_4_hr","transcript-rna-seq",-0.189987541065187,-0.3065652669176,-0.0734098152127732,0.0208739512752836,"8844","KSR1","ENSG00000141068",NA,NA,NA,NA
"blood","transcript-rna-seq","ENSG00000169223.15",0.1471177164295,0.0398415839611692,0.254393848897831,0.0417675816058665,"ADUResist","post_3.5_4_hr","transcript-rna-seq",-0.197584601823563,-0.31701823826829,-0.0781509653788354,0.0186028739415333,"10960","LMAN2","ENSG00000169223",NA,NA,NA,NA
"blood","transcript-rna-seq","ENSG00000087502.19",0.257779853197136,0.0685072808965718,0.447052425497701,0.0435406339271353,"ADUResist","post_3.5_4_hr","transcript-rna-seq",-0.308693458218156,-0.514948005894385,-0.102438910541927,0.0397768749450972,"51290","ERGIC2","ENSG00000087502",NA,NA,NA,NA
"blood","transcript-rna-seq","ENSG00000100300.18",0.232008276966831,0.0609977320748605,0.403018821858802,0.0446506546692319,"ADUResist","post_3.5_4_hr","transcript-rna-seq",-0.3009456434515,-0.493131990904815,-0.108759295998184,0.0287052873413369,"706","TSPO","ENSG00000100300",NA,NA,NA,NA
"blood","transcript-rna-seq","ENSG00000248333.9",0.143472643009225,0.0374579923197604,0.249487293698689,0.0453621216344921,"ADUResist","post_3.5_4_hr","transcript-rna-seq",-0.183549376799514,-0.302205717612529,-0.0648930359864996,0.0314927882447164,"984","CDK11B","ENSG00000248333",NA,NA,NA,NA
"blood","transcript-rna-seq","ENSG00000149798.5",0.228360247261852,0.059496526772634,0.39722396775107,0.0455629966820891,"ADUResist","post_3.5_4_hr","transcript-rna-seq",-0.299425460802026,-0.497824730801221,-0.101026190802831,0.0373881242387585,"10435","CDC42EP2","ENSG00000149798",NA,NA,NA,NA
"blood","transcript-rna-seq","ENSG00000014164.7",0.176477301009395,0.0459393657674329,0.307015236251356,0.0456085691080962,"ADUResist","post_3.5_4_hr","transcript-rna-seq",-0.229905688701728,-0.373581332475402,-0.0862300449280546,0.0241845858830267,"23144","ZC3H3","ENSG00000014164",NA,NA,NA,NA
"blood","transcript-rna-seq","ENSG00000136250.12",0.14223888836965,0.0369284775099241,0.247549299229375,0.0458430719928857,"ADUResist","post_3.5_4_hr","transcript-rna-seq",-0.244448884383504,-0.363309024331562,-0.125588744435447,0.00279032808047033,"313","AOAH","ENSG00000136250",NA,NA,NA,NA
"blood","transcript-rna-seq","ENSG00000130429.15",0.138745610975691,0.0360187990084904,0.241472422942893,0.0458430719928857,"ADUResist","post_3.5_4_hr","transcript-rna-seq",-0.19957170115903,-0.317645687073457,-0.0814977152446037,0.0157083098297715,"10095","ARPC1B","ENSG00000130429",NA,NA,NA,NA
"blood","transcript-rna-seq","ENSG00000175040.6",0.24421707708017,0.0632172639126341,0.425216890247705,0.0460940948379446,"ADUResist","post_3.5_4_hr","transcript-rna-seq",-0.333120767409314,-0.528182179500411,-0.138059355318216,0.0145931358475571,"9435","CHST2","ENSG00000175040",NA,NA,NA,NA
"blood","transcript-rna-seq","ENSG00000092841.19",0.173736633120802,0.0448744305631129,0.302598835678491,0.0463070477184674,"ADUResist","post_3.5_4_hr","transcript-rna-seq",-0.255071297200226,-0.397842570077902,-0.112300024322551,0.00991039032973182,"4637","MYL6","ENSG00000092841",NA,NA,NA,NA
"blood","transcript-rna-seq","ENSG00000090686.16",0.150339501839505,0.0388208864337501,0.26185811724526,0.0463070477184674,"ADUResist","post_3.5_4_hr","transcript-rna-seq",-0.273164814822755,-0.391072121588268,-0.155257508057241,0.000967799915869833,"84196","USP48","ENSG00000090686",NA,NA,NA,NA
"blood","transcript-rna-seq","ENSG00000156261.13",-0.135414330473478,-0.235894413326719,-0.0349342476202365,0.04641551585628,"ADUResist","post_3.5_4_hr","transcript-rna-seq",0.179473586028418,0.0637550382013299,0.295192133855505,0.0309444890136662,"10694","CCT8","ENSG00000156261",NA,NA,NA,NA
"blood","transcript-rna-seq","ENSG00000174738.13",-0.286634483990681,-0.499364004077624,-0.0739049639037384,0.0464360697801939,"ADUResist","post_3.5_4_hr","transcript-rna-seq",0.418589278661697,0.130520561529577,0.706657995793817,0.0480075108011728,"9975","NR1D2","ENSG00000174738",NA,NA,NA,NA
"blood","transcript-rna-seq","ENSG00000169692.13",0.220915768351573,0.0567008840536138,0.385130652649533,0.0469165301884875,"ADUResist","post_3.5_4_hr","transcript-rna-seq",-0.319519616257137,-0.499997327882019,-0.139041904632256,0.010768673254946,"10555","AGPAT2","ENSG00000169692",NA,NA,NA,NA
"blood","transcript-rna-seq","ENSG00000160213.9",0.15413588173438,0.0394816877035194,0.26879007576524,0.0470899786690717,"ADUResist","post_3.5_4_hr","transcript-rna-seq",-0.299882928095664,-0.42730837964414,-0.172457476547187,0.000844908177660073,"1476","CSTB","ENSG00000160213",NA,NA,NA,NA
"blood","transcript-rna-seq","ENSG00000114648.12",0.167532368063235,0.0426258609136856,0.292438875212785,0.0476780798881956,"ADUResist","post_3.5_4_hr","transcript-rna-seq",-0.220059736407113,-0.360352520685526,-0.0797669521287,0.0283316866148577,"23276","KLHL18","ENSG00000114648",NA,NA,NA,NA
"blood","transcript-rna-seq","ENSG00000263465.5",-0.163689410743186,-0.285719918282116,-0.0416589032042555,0.0476780798881956,"ADUResist","post_3.5_4_hr","transcript-rna-seq",0.34789855792396,0.198532921905009,0.497264193942911,0.000927244834016447,"10929","SRSF8","ENSG00000263465",NA,NA,NA,NA
"blood","transcript-rna-seq","ENSG00000068400.13",0.122946914598368,0.0312775893954823,0.214616239801254,0.0477028059909774,"ADUResist","post_3.5_4_hr","transcript-rna-seq",-0.196414092287827,-0.298430411269676,-0.0943977733059785,0.00501983841359051,"56850","GRIPAP1","ENSG00000068400",NA,NA,NA,NA
"blood","transcript-rna-seq","ENSG00000007312.13",-0.234119833976855,-0.409019214153698,-0.0592204538000126,0.0482059786812679,"ADUResist","post_3.5_4_hr","transcript-rna-seq",0.37837538417101,0.169599569422595,0.587151198919424,0.00873681063636317,"974","CD79B","ENSG00000007312",NA,NA,NA,NA
"blood","transcript-rna-seq","ENSG00000146872.19",0.162135546755849,0.0405373803097778,0.28373371320192,0.049295566914751,"ADUResist","post_3.5_4_hr","transcript-rna-seq",-0.239661737487139,-0.370327306902866,-0.108996168071411,0.0078114221402432,"11011","TLK2","ENSG00000146872",NA,NA,NA,NA
