GeneSym,NFIC
A1BG,1
A1BG-AS1,1
A1CF,1
A2M,1
A2ML1,0
A2MP1,0
A3GALT2,0
A4GALT,0
A4GNT,0
AA06,0
AAA1,1
AAAS,1
AACS,0
AACSP1,0
AADAC,0
AADACL2,0
AADACL3,0
AADACL4,0
AADAT,1
AAED1,0
AAGAB,1
AAK1,1
AAMDC,1
AAMP,1
AANAT,1
AAR2,1
AARD,0
AARS,1
AARS2,1
AARSD1,1
AASDH,1
AASDHPPT,1
AASS,0
AATF,1
AATK,1
AATK-AS1,1
ABAT,1
ABCA1,1
ABCA10,1
ABCA11P,1
ABCA12,1
ABCA13,0
ABCA17P,1
ABCA2,1
ABCA3,1
ABCA4,0
ABCA5,1
ABCA6,0
ABCA7,1
ABCA8,0
ABCA9,0
ABCB1,0
ABCB10,1
ABCB11,0
ABCB4,1
ABCB5,0
ABCB6,1
ABCB7,0
ABCB8,1
ABCB9,0
ABCC1,0
ABCC10,1
ABCC11,1
ABCC12,0
ABCC13,1
ABCC2,1
ABCC3,1
ABCC4,1
ABCC5,1
ABCC6,0
ABCC6P1,0
ABCC6P2,0
ABCC8,0
ABCC9,0
ABCD1,0
ABCD2,1
ABCD3,1
ABCD4,1
ABCE1,1
ABCF1,0
ABCF2,1
ABCF3,1
ABCG1,0
ABCG2,1
ABCG4,1
ABCG5,1
ABCG8,1
ABHD1,1
ABHD10,1
ABHD11,1
ABHD11-AS1,1
ABHD12,1
ABHD12B,0
ABHD13,1
ABHD14A,1
ABHD14A-ACY1,1
ABHD14B,1
ABHD15,1
ABHD16A,0
ABHD16B,0
ABHD17A,0
ABHD17B,1
ABHD17C,1
ABHD2,1
ABHD3,1
ABHD4,1
ABHD5,1
ABHD6,1
ABHD8,1
ABI1,1
ABI2,1
ABI3,1
ABI3BP,0
ABL1,1
ABL2,0
ABLIM1,1
ABLIM2,0
ABLIM3,0
ABO,0
ABR,1
ABRA,0
ABRACL,1
ABT1,1
ABTB1,1
ABTB2,1
ACAA1,1
ACAA2,1
ACACA,1
ACACB,0
ACAD10,1
ACAD11,1
ACAD8,1
ACAD9,1
ACADL,0
ACADM,1
ACADS,0
ACADSB,1
ACADVL,1
ACAN,0
ACAP1,1
ACAP2,1
ACAP3,1
ACAT1,1
ACAT2,1
ACBD3,1
ACBD4,1
ACBD5,1
ACBD6,1
ACBD7,1
ACCS,1
ACCSL,0
ACD,1
ACE,0
ACE2,1
ACE3P,0
ACER1,0
ACER2,1
ACER3,1
ACHE,1
ACIN1,1
ACKR1,0
ACKR2,0
ACKR3,1
ACKR4,0
ACLY,1
ACMSD,0
ACN9,1
ACO1,0
ACO2,1
ACOT1,1
ACOT11,1
ACOT12,0
ACOT13,1
ACOT2,1
ACOT4,1
ACOT6,0
ACOT7,1
ACOT8,1
ACOT9,1
ACOX1,1
ACOX2,1
ACOX3,1
ACOXL,0
ACP1,1
ACP2,1
ACP5,1
ACP6,1
ACPP,1
ACPT,0
ACR,0
ACRBP,0
ACRC,0
ACRV1,0
ACSBG1,0
ACSBG2,0
ACSF2,1
ACSF3,1
ACSL1,1
ACSL3,1
ACSL4,0
ACSL5,1
ACSL6,0
ACSM1,0
ACSM2A,0
ACSM2B,0
ACSM3,1
ACSM4,0
ACSM5,1
ACSM6,0
ACSS1,1
ACSS2,1
ACSS3,1
ACTA1,0
ACTA2,1
ACTB,1
ACTBL2,1
ACTC1,0
ACTG1,1
ACTG2,0
ACTL10,1
ACTL6A,1
ACTL6B,0
ACTL7A,0
ACTL7B,0
ACTL8,0
ACTL9,0
ACTN1,1
ACTN2,1
ACTN3,1
ACTN4,1
ACTR10,0
ACTR1A,1
ACTR1B,1
ACTR2,1
ACTR3,1
ACTR3B,1
ACTR3BP2,0
ACTR3BP5,0
ACTR3C,1
ACTR5,1
ACTR6,1
ACTR8,0
ACTRT1,0
ACTRT2,0
ACTRT3,1
ACVR1,1
ACVR1B,0
ACVR1C,0
ACVR2A,1
ACVR2B,0
ACVRL1,0
ACY1,1
ACY3,1
ACYP1,0
ACYP2,1
ADA,1
ADAD1,0
ADAD2,0
ADAL,1
ADAM10,1
ADAM11,0
ADAM12,0
ADAM15,1
ADAM17,1
ADAM18,0
ADAM19,1
ADAM1A,0
ADAM1B,0
ADAM2,0
ADAM20,0
ADAM20P1,0
ADAM21,0
ADAM21P1,0
ADAM22,1
ADAM23,0
ADAM28,0
ADAM29,0
ADAM30,0
ADAM32,0
ADAM33,0
ADAM3A,0
ADAM5,0
ADAM6,0
ADAM7,0
ADAM8,1
ADAM9,1
ADAMDEC1,1
ADAMTS1,1
ADAMTS10,0
ADAMTS12,1
ADAMTS13,0
ADAMTS14,1
ADAMTS15,1
ADAMTS16,0
ADAMTS17,0
ADAMTS18,0
ADAMTS19,0
ADAMTS2,0
ADAMTS20,0
ADAMTS3,1
ADAMTS4,1
ADAMTS5,1
ADAMTS6,1
ADAMTS7,1
ADAMTS8,0
ADAMTS9,1
ADAMTS9-AS2,1
ADAMTSL1,1
ADAMTSL2,0
ADAMTSL3,1
ADAMTSL4,0
ADAMTSL5,0
ADAP1,0
ADAP2,1
ADAR,1
ADARB1,1
ADARB2,1
ADARB2-AS1,0
ADAT1,1
ADAT2,1
ADAT3,1
ADC,0
ADCK1,1
ADCK2,1
ADCK3,1
ADCK4,1
ADCK5,1
ADCY1,0
ADCY10,1
ADCY2,0
ADCY3,0
ADCY4,1
ADCY5,0
ADCY6,0
ADCY7,0
ADCY8,0
ADCY9,0
ADCYAP1,0
ADCYAP1R1,0
ADD1,1
ADD2,0
ADD3,1
ADGB,0
ADH1A,0
ADH1B,0
ADH1C,0
ADH4,1
ADH5,1
ADH6,1
ADH7,0
ADHFE1,1
ADI1,1
ADIG,1
ADIPOQ,0
ADIPOR1,0
ADIPOR2,1
ADIRF,0
ADK,1
ADM,1
ADM2,1
ADM5,1
ADNP,1
ADNP2,1
ADO,1
ADORA1,1
ADORA2A,1
ADORA2A-AS1,0
ADORA2B,1
ADORA3,1
ADPGK,1
ADPRH,1
ADPRHL1,0
ADPRHL2,1
ADPRM,1
ADRA1A,0
ADRA1B,0
ADRA1D,0
ADRA2A,1
ADRA2B,0
ADRA2C,0
ADRB1,1
ADRB2,1
ADRB3,0
ADRBK1,1
ADRBK2,1
ADRM1,1
ADSL,1
ADSS,1
ADSSL1,1
ADTRP,0
AEBP1,0
AEBP2,1
AEN,1
AES,1
AFAP1,1
AFAP1-AS1,0
AFAP1L1,0
AFAP1L2,1
AFF1,1
AFF2,0
AFF3,1
AFF4,1
AFG3L1P,1
AFG3L2,1
AFM,1
AFMID,1
AFP,1
AFTPH,1
AGA,1
AGAP1,1
AGAP11,1
AGAP2,0
AGAP3,1
AGAP4,0
AGAP5,0
AGAP6,0
AGAP7P,0
AGAP9,0
AGBL1,0
AGBL2,1
AGBL3,1
AGBL4,0
AGBL5,1
AGER,1
AGFG1,1
AGFG2,1
AGGF1,1
AGK,1
AGL,1
AGMAT,1
AGMO,1
AGO1,0
AGO2,1
AGO3,1
AGO4,0
AGPAT1,1
AGPAT2,1
AGPAT3,1
AGPAT4,1
AGPAT4-IT1,1
AGPAT5,1
AGPAT6,0
AGPAT9,1
AGPS,1
AGR2,1
AGR3,0
AGRN,1
AGRP,0
AGT,1
AGTPBP1,1
AGTR1,0
AGTR2,0
AGTRAP,1
AGXT,1
AGXT2,1
AHCTF1,1
AHCY,1
AHCYL1,1
AHCYL2,1
AHDC1,1
AHI1,1
AHNAK,1
AHNAK2,1
AHR,1
AHRR,0
AHSA1,1
AHSA2,1
AHSG,1
AHSP,0
AICDA,1
AIDA,1
AIF1,0
AIF1L,0
AIFM1,0
AIFM2,1
AIFM3,1
AIG1,1
AIM1,1
AIM1L,1
AIM2,1
AIMP1,1
AIMP2,1
AIP,1
AIPL1,0
AIRE,0
AIRN,0
AJAP1,0
AJUBA,1
AK1,1
AK2,1
AK3,1
AK4,1
AK5,1
AK7,1
AK8,1
AK9,1
AKAP1,1
AKAP10,1
AKAP11,1
AKAP12,0
AKAP13,1
AKAP14,0
AKAP17A,1
AKAP2,1
AKAP3,0
AKAP4,0
AKAP5,0
AKAP6,0
AKAP7,1
AKAP8,1
AKAP8L,1
AKAP9,1
AKIP1,1
AKIRIN1,1
AKIRIN2,1
AKNA,0
AKNAD1,0
AKR1A1,1
AKR1B1,1
AKR1B10,1
AKR1B15,1
AKR1C1,0
AKR1C2,0
AKR1C3,1
AKR1C4,1
AKR1C6P,0
AKR1CL1,0
AKR1D1,0
AKR1E2,0
AKR7A2,0
AKR7A2P1,0
AKR7A3,0
AKR7L,0
AKT1,0
AKT1S1,1
AKT2,1
AKT3,0
AKTIP,1
ALAD,1
ALAS1,1
ALAS2,0
ALB,1
ALCAM,1
ALDH16A1,1
ALDH18A1,1
ALDH1A1,0
ALDH1A2,0
ALDH1A3,0
ALDH1B1,1
ALDH1L1,1
ALDH1L2,0
ALDH2,1
ALDH3A1,1
ALDH3A2,1
ALDH3B1,1
ALDH3B2,0
ALDH4A1,1
ALDH5A1,1
ALDH6A1,1
ALDH7A1,1
ALDH8A1,0
ALDH9A1,1
ALDOA,1
ALDOB,0
ALDOC,1
ALG1,1
ALG10,1
ALG10B,1
ALG11,1
ALG12,1
ALG13,1
ALG14,1
ALG1L,1
ALG1L2,0
ALG2,1
ALG3,1
ALG5,1
ALG6,1
ALG8,1
ALG9,1
ALK,0
ALKBH1,1
ALKBH2,1
ALKBH3,1
ALKBH4,1
ALKBH5,1
ALKBH6,1
ALKBH7,1
ALKBH8,1
ALLC,1
ALMS1,1
ALMS1P,0
ALOX12,0
ALOX12B,0
ALOX12P2,1
ALOX15,0
ALOX15B,1
ALOX15P1,0
ALOX5,1
ALOX5AP,0
ALOXE3,1
ALPI,0
ALPK1,1
ALPK2,0
ALPK3,0
ALPL,0
ALPP,0
ALPPL2,0
ALS2,1
ALS2CL,1
ALS2CR11,0
ALS2CR12,1
ALX1,0
ALX3,0
ALX4,0
ALYREF,1
AMACR,1
AMBN,0
AMBP,1
AMBRA1,0
AMD1,1
AMDHD1,1
AMDHD2,1
AMDP1,0
AMELX,0
AMELY,0
AMER1,1
AMER2,0
AMER3,0
AMFR,0
AMH,1
AMHR2,0
AMICA1,1
AMIGO1,1
AMIGO2,1
AMIGO3,1
AMMECR1,0
AMMECR1L,1
AMN,1
AMN1,1
AMOT,0
AMOTL1,1
AMOTL2,1
AMPD1,0
AMPD2,1
AMPD3,0
AMPH,1
AMT,1
AMTN,0
AMY1A,0
AMY1B,0
AMY1C,0
AMY2A,0
AMY2B,0
AMZ1,0
AMZ2,1
AMZ2P1,1
ANAPC1,1
ANAPC10,1
ANAPC11,1
ANAPC13,1
ANAPC15,1
ANAPC16,1
ANAPC2,1
ANAPC4,1
ANAPC5,1
ANAPC7,1
ANG,1
ANGEL1,1
ANGEL2,1
ANGPT1,0
ANGPT2,0
ANGPT4,0
ANGPTL1,1
ANGPTL2,1
ANGPTL3,0
ANGPTL4,1
ANGPTL5,0
ANGPTL6,1
ANGPTL7,0
ANK1,0
ANK2,1
ANK3,0
ANKAR,1
ANKDD1A,0
ANKDD1B,0
ANKEF1,0
ANKFN1,0
ANKFY1,1
ANKH,0
ANKHD1,1
ANKHD1-EIF4EBP3,1
ANKIB1,1
ANKK1,0
ANKLE1,1
ANKLE2,1
ANKMY1,0
ANKMY2,1
ANKRA2,1
ANKRD1,1
ANKRD10,1
ANKRD11,1
ANKRD12,1
ANKRD13A,1
ANKRD13B,1
ANKRD13C,1
ANKRD13D,1
ANKRD16,1
ANKRD17,1
ANKRD18A,1
ANKRD18B,0
ANKRD18DP,1
ANKRD19P,1
ANKRD2,1
ANKRD20A1,0
ANKRD20A11P,0
ANKRD20A2,0
ANKRD20A3,0
ANKRD20A4,0
ANKRD20A5P,0
ANKRD20A8P,0
ANKRD20A9P,0
ANKRD22,1
ANKRD23,0
ANKRD24,1
ANKRD26,1
ANKRD26P1,0
ANKRD26P3,0
ANKRD27,1
ANKRD28,1
ANKRD29,0
ANKRD30A,0
ANKRD30B,0
ANKRD30BL,0
ANKRD30BP2,0
ANKRD31,1
ANKRD32,1
ANKRD33,0
ANKRD33B,1
ANKRD34A,1
ANKRD34B,0
ANKRD34C,0
ANKRD35,0
ANKRD36,1
ANKRD36B,1
ANKRD36BP1,0
ANKRD36BP2,0
ANKRD37,1
ANKRD39,1
ANKRD40,1
ANKRD42,1
ANKRD44,0
ANKRD45,0
ANKRD46,1
ANKRD49,1
ANKRD50,1
ANKRD52,1
ANKRD53,0
ANKRD54,1
ANKRD55,0
ANKRD6,0
ANKRD60,0
ANKRD61,0
ANKRD62P1-PARP4P3,0
ANKRD63,1
ANKRD65,1
ANKRD7,0
ANKRD9,1
ANKS1A,1
ANKS1B,0
ANKS3,1
ANKS4B,1
ANKS6,0
ANKUB1,0
ANKZF1,1
ANLN,1
ANO1,1
ANO10,0
ANO2,0
ANO3,0
ANO4,0
ANO5,1
ANO6,1
ANO7,0
ANO8,1
ANO9,0
ANP32A,1
ANP32A-IT1,0
ANP32AP1,0
ANP32B,1
ANP32C,0
ANP32D,0
ANP32E,1
ANPEP,1
ANTXR1,0
ANTXR2,1
ANTXRL,1
ANXA1,1
ANXA10,0
ANXA11,1
ANXA13,0
ANXA2,1
ANXA2P1,0
ANXA2P2,0
ANXA2P3,0
ANXA2R,1
ANXA3,1
ANXA4,1
ANXA5,1
ANXA6,1
ANXA7,1
ANXA8,0
ANXA8L1,0
ANXA9,1
AOAH,0
AOC2,1
AOC3,1
AOC4P,1
AOX1,1
AOX2P,0
AP1AR,1
AP1B1,1
AP1B1P1,0
AP1G1,1
AP1G2,1
AP1M1,1
AP1M2,0
AP1S1,0
AP1S2,1
AP1S3,1
AP2A1,1
AP2A2,0
AP2B1,1
AP2M1,1
AP2S1,1
AP3B1,1
AP3B2,1
AP3D1,0
AP3M1,1
AP3M2,1
AP3S1,1
AP3S2,1
AP4B1,1
AP4E1,1
AP4M1,1
AP4S1,1
AP5B1,0
AP5M1,1
AP5S1,1
AP5Z1,1
APAF1,1
APBA1,0
APBA2,1
APBA3,1
APBB1,0
APBB1IP,1
APBB2,1
APBB3,1
APC,1
APC2,0
APCDD1,0
APCDD1L,0
APCS,0
APEH,1
APEX1,1
APEX2,0
APH1A,1
APH1B,0
API5,1
APIP,1
APITD1,1
APITD1-CORT,1
APLF,1
APLN,1
APLNR,0
APLP1,0
APLP2,1
APMAP,1
APOA1,1
APOA1BP,1
APOA2,1
APOA4,0
APOA5,1
APOB,1
APOBEC1,0
APOBEC2,0
APOBEC3A,0
APOBEC3B,1
APOBEC3C,1
APOBEC3D,1
APOBEC3F,1
APOBEC3G,1
APOBEC3H,1
APOBEC4,1
APOBR,1
APOC1,1
APOC1P1,1
APOC2,1
APOC3,1
APOC4,0
APOC4-APOC2,0
APOD,0
APOE,1
APOF,1
APOH,1
APOL1,1
APOL2,1
APOL3,0
APOL4,1
APOL5,0
APOL6,1
APOLD1,1
APOM,1
APOO,1
APOOL,1
APOPT1,1
APP,1
APPBP2,1
APPL1,1
APPL2,1
APRT,1
APTX,1
AQP1,0
AQP10,0
AQP11,1
AQP12A,0
AQP12B,0
AQP2,0
AQP3,1
AQP4,0
AQP4-AS1,1
AQP5,1
AQP6,1
AQP7,0
AQP7P1,0
AQP7P3,0
AQP8,0
AQP9,0
AQPEP,0
AQR,1
AR,0
ARAF,0
ARAP1,1
ARAP2,1
ARAP3,1
ARC,1
ARCN1,1
AREG,0
AREL1,1
ARF1,1
ARF3,1
ARF4,1
ARF5,1
ARF6,1
ARFGAP1,1
ARFGAP2,1
ARFGAP3,1
ARFGEF1,1
ARFGEF2,1
ARFIP1,1
ARFIP2,1
ARFRP1,1
ARG1,1
ARG2,1
ARGFX,0
ARGFXP2,0
ARGLU1,0
ARHGAP1,1
ARHGAP10,1
ARHGAP11A,1
ARHGAP11B,1
ARHGAP12,1
ARHGAP15,1
ARHGAP17,1
ARHGAP18,1
ARHGAP19,1
ARHGAP19-SLIT1,1
ARHGAP20,0
ARHGAP21,1
ARHGAP22,1
ARHGAP23,1
ARHGAP24,1
ARHGAP25,1
ARHGAP26,0
ARHGAP27,1
ARHGAP28,0
ARHGAP29,1
ARHGAP30,1
ARHGAP31,1
ARHGAP32,0
ARHGAP33,0
ARHGAP35,0
ARHGAP36,0
ARHGAP39,0
ARHGAP4,1
ARHGAP40,0
ARHGAP42,1
ARHGAP44,0
ARHGAP5,1
ARHGAP5-AS1,1
ARHGAP6,0
ARHGAP8,1
ARHGAP9,1
ARHGDIA,1
ARHGDIB,1
ARHGDIG,0
ARHGEF1,1
ARHGEF10,1
ARHGEF10L,0
ARHGEF11,0
ARHGEF12,1
ARHGEF15,0
ARHGEF16,1
ARHGEF17,1
ARHGEF18,0
ARHGEF19,1
ARHGEF2,1
ARHGEF25,0
ARHGEF26,0
ARHGEF26-AS1,0
ARHGEF28,1
ARHGEF3,1
ARHGEF33,0
ARHGEF35,1
ARHGEF37,1
ARHGEF38,0
ARHGEF39,1
ARHGEF4,0
ARHGEF40,1
ARHGEF5,1
ARHGEF6,0
ARHGEF7,0
ARHGEF9,0
ARID1A,1
ARID1B,1
ARID2,1
ARID3A,1
ARID3B,1
ARID3C,0
ARID4A,1
ARID4B,1
ARID5A,1
ARID5B,1
ARIH1,1
ARIH2,1
ARIH2OS,1
ARL1,1
ARL10,0
ARL11,1
ARL13A,0
ARL13B,0
ARL14,0
ARL14EP,1
ARL14EPL,0
ARL15,1
ARL16,1
ARL17A,1
ARL2,1
ARL2-SNX15,1
ARL2BP,1
ARL3,1
ARL4A,1
ARL4C,0
ARL4D,1
ARL5A,1
ARL5B,1
ARL5C,0
ARL6,1
ARL6IP1,1
ARL6IP4,1
ARL6IP5,1
ARL6IP6,1
ARL8A,1
ARL8B,1
ARL9,0
ARMC1,1
ARMC10,1
ARMC12,0
ARMC2,1
ARMC3,0
ARMC4,0
ARMC5,1
ARMC6,1
ARMC7,1
ARMC8,1
ARMC9,1
ARMCX1,0
ARMCX2,0
ARMCX3,1
ARMCX4,0
ARMCX5,1
ARMCX5-GPRASP2,1
ARMCX6,0
ARMS2,0
ARNT,1
ARNT2,0
ARNTL,0
ARNTL2,1
ARPC1A,1
ARPC1B,1
ARPC2,1
ARPC3,1
ARPC4,1
ARPC4-TTLL3,1
ARPC5,1
ARPC5L,1
ARPIN,0
ARPP19,1
ARPP21,0
ARR3,0
ARRB1,1
ARRB2,1
ARRDC1,1
ARRDC1-AS1,1
ARRDC2,1
ARRDC3,1
ARRDC4,1
ARRDC5,0
ARSA,0
ARSB,1
ARSD,1
ARSE,0
ARSF,1
ARSG,1
ARSH,0
ARSI,0
ARSJ,1
ARSK,1
ART1,0
ART3,1
ART4,1
ART5,0
ARTN,1
ARV1,1
ARVCF,0
ARX,0
AS3MT,1
ASAH1,1
ASAH2,1
ASAH2B,1
ASAP1,1
ASAP1-IT1,0
ASAP2,1
ASAP3,0
ASB1,1
ASB10,0
ASB11,0
ASB12,0
ASB13,1
ASB14,0
ASB15,0
ASB16,0
ASB16-AS1,1
ASB17,0
ASB18,0
ASB2,1
ASB3,1
ASB4,0
ASB5,1
ASB6,1
ASB7,1
ASB8,1
ASB9,1
ASB9P1,0
ASCC1,1
ASCC2,1
ASCC3,1
ASCL1,1
ASCL2,0
ASCL3,0
ASCL4,0
ASCL5,0
ASF1A,1
ASF1B,1
ASGR1,1
ASGR2,1
ASH1L,1
ASH2L,1
ASIC1,1
ASIC2,0
ASIC3,1
ASIC4,0
ASIC5,0
ASIP,0
ASL,1
ASMT,0
ASMTL-AS1,0
ASNA1,1
ASNS,1
ASNSD1,1
ASPA,1
ASPDH,0
ASPG,0
ASPH,1
ASPHD1,1
ASPHD2,1
ASPM,1
ASPN,1
ASPRV1,0
ASPSCR1,1
ASRGL1,0
ASS1,1
ASTE1,1
ASTL,1
ASTN1,0
ASTN2,0
ASUN,1
ASXL1,1
ASXL2,1
ASXL3,0
ASZ1,0
ATAD1,1
ATAD2,1
ATAD2B,1
ATAD3A,1
ATAD3B,1
ATAD3C,0
ATAD5,1
ATAT1,0
ATCAY,0
ATE1,1
ATF1,1
ATF2,1
ATF3,1
ATF4,1
ATF5,1
ATF6,1
ATF6B,1
ATF7,1
ATF7IP,1
ATF7IP2,1
ATG10,1
ATG101,1
ATG12,1
ATG13,1
ATG14,1
ATG16L1,1
ATG16L2,1
ATG2A,1
ATG2B,1
ATG3,1
ATG4A,0
ATG4B,1
ATG4C,1
ATG4D,1
ATG5,1
ATG7,0
ATG9A,1
ATG9B,0
ATHL1,0
ATIC,1
ATL1,1
ATL2,1
ATL3,1
ATM,1
ATMIN,1
ATN1,1
ATOH1,1
ATOH7,0
ATOH8,0
ATOX1,1
ATP10A,0
ATP10B,0
ATP10D,1
ATP11A,1
ATP11AUN,0
ATP11B,1
ATP11C,1
ATP12A,0
ATP13A1,1
ATP13A2,1
ATP13A3,0
ATP13A4,0
ATP13A5,0
ATP1A1,1
ATP1A1-AS1,1
ATP1A2,0
ATP1A3,1
ATP1A4,0
ATP1B1,1
ATP1B2,0
ATP1B3,1
ATP1B4,0
ATP2A1,0
ATP2A2,1
ATP2A3,0
ATP2B1,0
ATP2B2,0
ATP2B3,0
ATP2B4,1
ATP2C1,1
ATP2C2,0
ATP4A,0
ATP4B,0
ATP5A1,1
ATP5B,1
ATP5C1,1
ATP5D,1
ATP5E,1
ATP5EP2,0
ATP5F1,1
ATP5G1,1
ATP5G2,1
ATP5G3,1
ATP5H,1
ATP5I,1
ATP5J,1
ATP5J2,1
ATP5J2-PTCD1,1
ATP5L,1
ATP5L2,1
ATP5O,1
ATP5S,1
ATP5SL,1
ATP6AP1,1
ATP6AP1L,0
ATP6AP2,1
ATP6V0A1,1
ATP6V0A2,1
ATP6V0A4,0
ATP6V0B,1
ATP6V0C,1
ATP6V0CP3,1
ATP6V0D1,1
ATP6V0D2,0
ATP6V0E1,1
ATP6V0E2,1
ATP6V1A,1
ATP6V1B1,0
ATP6V1B2,0
ATP6V1C1,1
ATP6V1C2,0
ATP6V1D,1
ATP6V1E1,1
ATP6V1E2,1
ATP6V1F,0
ATP6V1G1,1
ATP6V1G2,1
ATP6V1G3,0
ATP6V1H,1
ATP7A,1
ATP7B,1
ATP8A1,1
ATP8A2,0
ATP8B1,1
ATP8B2,1
ATP8B3,1
ATP8B4,0
ATP8B5P,0
ATP9A,1
ATP9B,1
ATPAF1,1
ATPAF2,1
ATPIF1,1
ATR,1
ATRAID,1
ATRIP,1
ATRN,1
ATRNL1,0
ATRX,0
ATXN1,1
ATXN10,0
ATXN1L,1
ATXN2,1
ATXN2L,1
ATXN3,1
ATXN3L,0
ATXN7,1
ATXN7L1,0
ATXN7L2,1
ATXN7L3,1
ATXN7L3B,1
ATXN8OS,0
AUH,1
AUNIP,1
AUP1,1
AURKA,1
AURKAIP1,1
AURKAPS1,0
AURKB,1
AURKC,0
AUTS2,0
AVEN,1
AVIL,1
AVL9,1
AVP,0
AVPI1,1
AVPR1A,0
AVPR1B,0
AVPR2,1
AWAT1,0
AWAT2,0
AXDND1,1
AXIN1,0
AXIN2,1
AXL,0
AZGP1,0
AZGP1P1,0
AZI2,1
AZIN1,1
AZU1,0
B2M,1
B3GALNT1,0
B3GALNT2,1
B3GALT1,1
B3GALT2,0
B3GALT4,1
B3GALT5,0
B3GALT6,1
B3GALTL,1
B3GAT1,0
B3GAT2,1
B3GAT3,1
B3GNT1,1
B3GNT2,1
B3GNT3,1
B3GNT4,0
B3GNT5,1
B3GNT6,1
B3GNT7,1
B3GNT8,0
B3GNT9,1
B3GNTL1,1
B4GALNT1,0
B4GALNT2,0
B4GALNT3,0
B4GALNT4,0
B4GALT1,1
B4GALT2,1
B4GALT3,1
B4GALT4,1
B4GALT5,1
B4GALT6,1
B4GALT7,1
B9D1,1
B9D2,1
BAALC,0
BAALCOS,0
BAAT,0
BABAM1,1
BACE1,1
BACE1-AS,0
BACE2,1
BACH1,0
BACH2,0
BAD,1
BAG1,1
BAG2,1
BAG3,1
BAG4,1
BAG5,1
BAG6,0
BAGE,1
BAGE2,1
BAGE3,1
BAGE4,1
BAGE5,1
BAHCC1,0
BAHD1,0
BAI1,0
BAI2,1
BAI3,0
BAIAP2,1
BAIAP2L1,1
BAIAP2L2,0
BAIAP3,0
BAK1,1
BAMBI,0
BANF1,1
BANF2,0
BANK1,1
BANP,1
BAP1,1
BARD1,1
BARHL1,1
BARHL2,0
BARX1,1
BARX2,0
BASP1,1
BASP1P1,0
BATF,1
BATF2,1
BATF3,1
BAX,1
BAZ1A,1
BAZ1B,1
BAZ2A,1
BAZ2B,1
BBC3,1
BBIP1,1
BBOX1,0
BBS1,1
BBS10,1
BBS12,1
BBS2,1
BBS4,1
BBS5,1
BBS7,0
BBS9,0
BBX,1
BCAM,1
BCAN,0
BCAP29,1
BCAP31,0
BCAR1,1
BCAR3,1
BCAR4,0
BCAS1,1
BCAS2,1
BCAS3,1
BCAS4,1
BCAT1,1
BCAT2,1
BCCIP,1
BCDIN3D,1
BCHE,0
BCKDHA,1
BCKDHB,1
BCKDK,1
BCL10,1
BCL11A,0
BCL11B,0
BCL2,1
BCL2A1,1
BCL2L1,1
BCL2L10,0
BCL2L11,1
BCL2L12,1
BCL2L13,1
BCL2L14,0
BCL2L15,1
BCL2L2,1
BCL2L2-PABPN1,1
BCL3,1
BCL6,1
BCL6B,1
BCL7A,1
BCL7B,1
BCL7C,1
BCL9,1
BCL9L,1
BCLAF1,1
BCO1,0
BCO2,0
BCOR,1
BCORL1,0
BCORP1,0
BCR,1
BCRP2,0
BCRP3,0
BCS1L,1
BCYRN1,0
BDH1,1
BDH2,1
BDKRB1,1
BDKRB2,1
BDNF,0
BDNF-AS,1
BDP1,1
BEAN1,1
BECN1,1
BEGAIN,0
BEND2,0
BEND3,1
BEND4,0
BEND5,0
BEND6,1
BEND7,0
BEST1,1
BEST2,0
BEST3,0
BEST4,1
BET1,1
BET1L,1
BEX1,1
BEX2,0
BEX4,0
BEX5,0
BFAR,1
BFSP1,1
BFSP2,1
BGLAP,0
BGN,0
BHLHA15,1
BHLHA9,0
BHLHB9,1
BHLHE22,0
BHLHE23,0
BHLHE40,1
BHLHE41,1
BHMT,0
BHMT2,1
BICC1,0
BICD1,1
BICD2,1
BID,0
BIK,1
BIN1,1
BIN2,1
BIN3,1
BIRC2,1
BIRC3,1
BIRC5,1
BIRC6,1
BIRC7,0
BIRC8,0
BIVM,1
BIVM-ERCC5,0
BLCAP,1
BLID,0
BLK,1
BLM,1
BLMH,1
BLNK,1
BLOC1S1,1
BLOC1S1-RDH5,1
BLOC1S2,1
BLOC1S3,1
BLOC1S4,1
BLOC1S5,1
BLOC1S5-TXNDC5,1
BLOC1S6,1
BLVRA,1
BLVRB,0
BLZF1,1
BMF,1
BMI1,1
BMP1,0
BMP10,0
BMP15,0
BMP2,0
BMP2K,1
BMP3,0
BMP4,1
BMP5,0
BMP6,0
BMP7,0
BMP8A,0
BMP8B,0
BMPER,0
BMPR1A,1
BMPR1B,1
BMPR2,1
BMS1,1
BMS1P4,1
BMS1P5,0
BMX,0
BNC1,1
BNC2,1
BNIP1,1
BNIP2,1
BNIP3,1
BNIP3L,1
BNIPL,0
BOC,0
BOD1,1
BOD1L1,1
BOD1L2,0
BOK,1
BOK-AS1,1
BOLA1,1
BOLA2,1
BOLA2B,1
BOLA3,1
BOLA3-AS1,1
BOLL,0
BOP1,1
BORA,1
BPESC1,0
BPGM,1
BPHL,1
BPI,0
BPIFA1,0
BPIFA2,0
BPIFA3,0
BPIFA4P,0
BPIFB1,1
BPIFB2,1
BPIFB3,0
BPIFB4,0
BPIFB6,0
BPIFC,0
BPNT1,1
BPTF,1
BRAF,1
BRAP,1
BRAT1,1
BRCA1,1
BRCA2,1
BRCC3,1
BRD1,0
BRD2,0
BRD3,1
BRD4,1
BRD7,0
BRD7P3,1
BRD8,1
BRD9,1
BRDT,0
BRE,1
BREA2,0
BRF1,1
BRF2,1
BRI3,1
BRI3BP,1
BRICD5,1
BRINP1,0
BRINP2,0
BRINP3,0
BRIP1,1
BRIX1,1
BRK1,1
BRMS1,1
BRMS1L,1
BROX,1
BRPF1,1
BRPF3,1
BRS3,0
BRSK1,0
BRSK2,0
BRWD1,1
BRWD1-IT2,1
BRWD3,1
BSCL2,1
BSDC1,1
BSG,1
BSN,0
BSN-AS2,0
BSND,0
BSPH1,0
BSPRY,0
BST1,0
BST2,1
BSX,0
BTAF1,1
BTBD1,1
BTBD10,1
BTBD11,0
BTBD16,0
BTBD17,1
BTBD18,1
BTBD19,1
BTBD2,0
BTBD3,1
BTBD6,0
BTBD7,1
BTBD8,0
BTBD9,1
BTC,1
BTD,1
BTF3,1
BTF3L4,1
BTF3P11,0
BTG1,1
BTG2,1
BTG3,1
BTG4,0
BTK,1
BTLA,1
BTN1A1,0
BTN2A1,0
BTN2A2,0
BTN2A3P,0
BTN3A1,0
BTN3A2,1
BTN3A3,0
BTNL10,0
BTNL2,0
BTNL3,0
BTNL8,0
BTNL9,0
BTRC,1
BUB1,1
BUB1B,1
BUB3,1
BUD13,1
BUD31,1
BVES,0
BVES-AS1,0
BYSL,1
BZRAP1,1
BZW1,1
BZW2,1
C10ORF10,1
C10ORF105,0
C10ORF107,0
C10ORF11,0
C10ORF111,1
C10ORF113,0
C10ORF12,0
C10ORF120,0
C10ORF128,1
C10ORF131,1
C10ORF2,1
C10ORF25,1
C10ORF32,1
C10ORF35,0
C10ORF40,1
C10ORF53,0
C10ORF54,1
C10ORF55,1
C10ORF62,1
C10ORF67,1
C10ORF71,0
C10ORF76,1
C10ORF82,1
C10ORF88,1
C10ORF90,0
C10ORF91,1
C10ORF95,1
C10ORF99,1
C10orf10,0
C10orf105,0
C10orf107,0
C10orf11,0
C10orf118,0
C10orf128,0
C10orf2,0
C10orf32,0
C10orf32-ASMT,1
C10orf35,0
C10orf53,0
C10orf54,0
C10orf62,0
C10orf71,0
C10orf76,0
C10orf82,0
C10orf88,0
C10orf90,0
C11ORF1,1
C11ORF16,0
C11ORF21,0
C11ORF24,1
C11ORF30,1
C11ORF31,1
C11ORF40,0
C11ORF42,0
C11ORF45,1
C11ORF48,1
C11ORF49,1
C11ORF52,1
C11ORF53,0
C11ORF54,1
C11ORF57,1
C11ORF58,1
C11ORF63,0
C11ORF65,1
C11ORF68,1
C11ORF70,0
C11ORF71,1
C11ORF73,1
C11ORF74,1
C11ORF80,1
C11ORF84,0
C11ORF85,0
C11ORF86,0
C11ORF87,0
C11ORF88,0
C11ORF91,1
C11ORF94,0
C11ORF95,0
C11ORF96,0
C11orf1,0
C11orf16,0
C11orf24,0
C11orf30,0
C11orf31,0
C11orf35,0
C11orf42,0
C11orf49,0
C11orf52,0
C11orf53,0
C11orf54,0
C11orf57,0
C11orf58,0
C11orf63,0
C11orf65,0
C11orf68,0
C11orf70,0
C11orf71,0
C11orf73,0
C11orf74,0
C11orf80,0
C11orf82,0
C11orf83,0
C11orf84,0
C11orf85,0
C11orf86,0
C11orf87,0
C11orf88,0
C11orf91,0
C11orf94,0
C11orf95,0
C11orf96,0
C11orf97,0
C12ORF10,1
C12ORF29,1
C12ORF36,1
C12ORF4,1
C12ORF40,0
C12ORF42,1
C12ORF43,1
C12ORF45,1
C12ORF49,1
C12ORF5,1
C12ORF50,0
C12ORF54,0
C12ORF56,0
C12ORF57,1
C12ORF60,1
C12ORF65,1
C12ORF66,1
C12ORF71,0
C12ORF73,1
C12ORF74,1
C12ORF75,0
C12ORF76,0
C12ORF77,1
C12orf10,0
C12orf23,0
C12orf29,0
C12orf39,0
C12orf4,0
C12orf42,0
C12orf43,0
C12orf45,0
C12orf49,0
C12orf5,0
C12orf55,0
C12orf56,0
C12orf57,0
C12orf60,0
C12orf65,0
C12orf66,0
C12orf68,0
C12orf71,0
C12orf73,0
C14ORF1,1
C14ORF105,0
C14ORF119,1
C14ORF132,1
C14ORF142,1
C14ORF159,1
C14ORF166,1
C14ORF169,1
C14ORF177,0
C14ORF178,1
C14ORF180,1
C14ORF182,0
C14ORF183,0
C14ORF2,1
C14ORF23,0
C14ORF28,1
C14ORF37,0
C14ORF39,0
C14ORF64,0
C14ORF79,1
C14ORF80,1
C14ORF93,1
C14orf1,0
C14orf105,0
C14orf119,0
C14orf142,0
C14orf159,0
C14orf166,0
C14orf169,0
C14orf180,0
C14orf2,0
C14orf28,0
C14orf37,0
C14orf39,0
C14orf79,0
C14orf80,0
C14orf93,0
C15ORF26,0
C15ORF27,1
C15ORF32,0
C15ORF37,1
C15ORF38-AP3S2,0
C15ORF39,1
C15ORF40,1
C15ORF41,1
C15ORF43,0
C15ORF48,0
C15ORF52,1
C15ORF53,1
C15ORF54,1
C15ORF56,1
C15ORF57,1
C15ORF59,0
C15ORF61,1
C15ORF62,1
C15orf26,0
C15orf27,0
C15orf39,0
C15orf40,0
C15orf41,0
C15orf43,0
C15orf48,0
C15orf52,0
C15orf57,0
C15orf59,0
C15orf60,0
C15orf61,0
C15orf62,0
C15orf65,0
C16ORF13,1
C16ORF3,0
C16ORF45,0
C16ORF46,1
C16ORF52,1
C16ORF54,1
C16ORF58,1
C16ORF59,1
C16ORF62,1
C16ORF70,1
C16ORF71,1
C16ORF72,1
C16ORF74,1
C16ORF78,0
C16ORF82,0
C16ORF86,1
C16ORF87,1
C16ORF89,0
C16ORF90,0
C16ORF91,1
C16ORF92,0
C16ORF93,1
C16ORF95,1
C16ORF96,1
C16orf13,0
C16orf45,0
C16orf46,0
C16orf52,0
C16orf54,0
C16orf58,0
C16orf59,0
C16orf62,0
C16orf70,0
C16orf72,0
C16orf74,0
C16orf78,0
C16orf86,0
C16orf87,0
C16orf89,0
C16orf90,0
C16orf91,0
C16orf92,0
C16orf93,0
C16orf95,0
C16orf96,0
C17ORF100,1
C17ORF102,0
C17ORF104,0
C17ORF105,1
C17ORF107,0
C17ORF47,0
C17ORF49,1
C17ORF50,0
C17ORF51,1
C17ORF53,1
C17ORF58,1
C17ORF59,1
C17ORF62,1
C17ORF64,0
C17ORF67,0
C17ORF70,1
C17ORF74,0
C17ORF75,1
C17ORF77,0
C17ORF78,0
C17ORF80,1
C17ORF82,1
C17ORF85,1
C17ORF89,1
C17ORF96,1
C17ORF97,1
C17ORF98,0
C17ORF99,1
C17orf100,0
C17orf103,0
C17orf104,0
C17orf105,0
C17orf107,0
C17orf49,0
C17orf50,0
C17orf53,0
C17orf58,0
C17orf59,0
C17orf62,0
C17orf64,0
C17orf66,0
C17orf67,0
C17orf70,0
C17orf72,0
C17orf74,0
C17orf75,0
C17orf78,0
C17orf80,0
C17orf85,0
C17orf89,0
C17orf96,0
C17orf97,0
C17orf98,0
C17orf99,0
C18ORF21,1
C18ORF25,1
C18ORF32,1
C18ORF42,0
C18ORF54,1
C18ORF63,1
C18ORF8,1
C18orf21,0
C18orf25,0
C18orf32,0
C18orf42,0
C18orf54,0
C18orf8,0
C19ORF10,1
C19ORF12,1
C19ORF18,0
C19ORF24,1
C19ORF25,1
C19ORF26,1
C19ORF33,1
C19ORF35,1
C19ORF38,0
C19ORF40,1
C19ORF43,1
C19ORF44,1
C19ORF45,0
C19ORF47,1
C19ORF48,1
C19ORF52,1
C19ORF53,1
C19ORF54,1
C19ORF57,1
C19ORF60,1
C19ORF66,1
C19ORF70,1
C19ORF71,0
C19ORF73,1
C19ORF80,1
C19ORF81,0
C19orf10,0
C19orf12,0
C19orf18,0
C19orf24,0
C19orf25,0
C19orf26,0
C19orf38,0
C19orf40,0
C19orf43,0
C19orf44,0
C19orf45,0
C19orf47,0
C19orf52,0
C19orf53,0
C19orf54,0
C19orf57,0
C19orf59,0
C19orf60,0
C19orf66,0
C19orf67,0
C19orf68,0
C19orf70,0
C19orf71,0
C19orf80,0
C19orf81,0
C1D,1
C1GALT1,1
C1GALT1C1,1
C1ORF100,0
C1ORF101,0
C1ORF105,0
C1ORF106,1
C1ORF109,1
C1ORF110,0
C1ORF111,0
C1ORF112,1
C1ORF115,1
C1ORF116,0
C1ORF122,1
C1ORF123,1
C1ORF127,1
C1ORF131,1
C1ORF140,1
C1ORF141,0
C1ORF146,0
C1ORF158,0
C1ORF159,1
C1ORF162,1
C1ORF168,1
C1ORF174,1
C1ORF177,0
C1ORF180,0
C1ORF185,1
C1ORF186,1
C1ORF189,0
C1ORF192,0
C1ORF194,1
C1ORF198,0
C1ORF200,1
C1ORF204,1
C1ORF21,0
C1ORF210,1
C1ORF213,1
C1ORF216,1
C1ORF220,1
C1ORF226,0
C1ORF228,1
C1ORF229,1
C1ORF27,1
C1ORF35,1
C1ORF43,1
C1ORF50,1
C1ORF52,1
C1ORF53,1
C1ORF54,1
C1ORF56,1
C1ORF61,0
C1ORF64,1
C1ORF68,0
C1ORF74,1
C1ORF85,1
C1ORF86,1
C1ORF87,0
C1ORF94,0
C1ORF95,0
C1QA,0
C1QB,0
C1QBP,1
C1QC,1
C1QL1,0
C1QL2,0
C1QL3,0
C1QL4,0
C1QTNF1,0
C1QTNF2,1
C1QTNF3,0
C1QTNF3-AMACR,1
C1QTNF4,0
C1QTNF5,0
C1QTNF6,1
C1QTNF7,0
C1QTNF8,0
C1QTNF9,0
C1QTNF9B,0
C1QTNF9B-AS1,1
C1R,0
C1RL,1
C1RL-AS1,1
C1S,0
C1orf100,0
C1orf105,0
C1orf106,0
C1orf109,0
C1orf110,0
C1orf111,0
C1orf112,0
C1orf115,0
C1orf116,0
C1orf123,0
C1orf127,0
C1orf131,0
C1orf146,0
C1orf159,0
C1orf162,0
C1orf168,0
C1orf172,0
C1orf174,0
C1orf177,0
C1orf185,0
C1orf189,0
C1orf192,0
C1orf194,0
C1orf198,0
C1orf21,0
C1orf210,0
C1orf216,0
C1orf228,0
C1orf233,0
C1orf27,0
C1orf35,0
C1orf43,0
C1orf50,0
C1orf52,0
C1orf53,0
C1orf54,0
C1orf56,0
C1orf64,0
C1orf65,0
C1orf74,0
C1orf85,0
C1orf86,0
C1orf87,0
C1orf94,0
C1orf95,0
C2,0
C20ORF141,1
C20ORF144,1
C20ORF166,0
C20ORF166-AS1,0
C20ORF173,0
C20ORF194,1
C20ORF195,1
C20ORF196,1
C20ORF197,0
C20ORF202,0
C20ORF203,1
C20ORF24,1
C20ORF27,1
C20ORF85,0
C20ORF96,1
C20orf112,0
C20orf141,0
C20orf173,0
C20orf194,0
C20orf195,0
C20orf196,0
C20orf24,0
C20orf27,0
C20orf85,0
C20orf96,0
C21ORF119,1
C21ORF128,0
C21ORF2,1
C21ORF33,1
C21ORF37,1
C21ORF49,1
C21ORF54,0
C21ORF58,1
C21ORF59,1
C21ORF62,0
C21ORF67,1
C21ORF88,0
C21ORF90,1
C21ORF91,1
C21ORF91-OT1,1
C21orf2,0
C21orf59,0
C21orf62,0
C21orf91,0
C22ORF15,0
C22ORF23,0
C22ORF24,1
C22ORF29,1
C22ORF31,0
C22ORF34,1
C22ORF39,1
C22ORF42,0
C22ORF46,1
C22orf23,0
C2CD2,1
C2CD2L,1
C2CD3,1
C2CD4A,1
C2CD4B,0
C2CD4C,0
C2CD4D,0
C2CD5,1
C2ORF15,1
C2ORF16,0
C2ORF27A,0
C2ORF27B,0
C2ORF40,0
C2ORF42,1
C2ORF43,1
C2ORF44,1
C2ORF47,1
C2ORF48,0
C2ORF49,1
C2ORF50,1
C2ORF54,1
C2ORF57,0
C2ORF61,0
C2ORF66,0
C2ORF68,1
C2ORF69,1
C2ORF70,1
C2ORF71,0
C2ORF72,1
C2ORF73,1
C2ORF74,1
C2ORF76,1
C2ORF78,1
C2ORF80,0
C2ORF81,1
C2ORF82,1
C2ORF83,0
C2ORF88,1
C2orf40,0
C2orf42,0
C2orf43,0
C2orf44,0
C2orf47,0
C2orf49,0
C2orf50,0
C2orf53,0
C2orf54,0
C2orf57,0
C2orf61,0
C2orf68,0
C2orf69,0
C2orf70,0
C2orf71,0
C2orf72,0
C2orf73,0
C2orf74,0
C2orf76,0
C2orf80,0
C2orf81,0
C2orf82,0
C2orf88,0
C3,1
C3AR1,0
C3ORF14,1
C3ORF17,1
C3ORF18,1
C3ORF20,0
C3ORF22,0
C3ORF27,0
C3ORF30,0
C3ORF33,1
C3ORF35,1
C3ORF36,0
C3ORF38,1
C3ORF49,1
C3ORF52,1
C3ORF55,1
C3ORF58,1
C3ORF62,1
C3ORF65,0
C3ORF67,0
C3ORF70,1
C3ORF79,0
C3ORF80,0
C3P1,0
C3orf14,0
C3orf17,0
C3orf18,0
C3orf20,0
C3orf30,0
C3orf33,0
C3orf38,0
C3orf43,0
C3orf52,0
C3orf58,0
C3orf62,0
C3orf67,0
C3orf70,0
C3orf80,0
C3orf83,0
C3orf84,0
C4A,0
C4B,0
C4BPA,1
C4BPB,1
C4ORF17,0
C4ORF19,0
C4ORF22,0
C4ORF26,0
C4ORF27,1
C4ORF29,1
C4ORF3,0
C4ORF32,1
C4ORF33,1
C4ORF36,1
C4ORF45,0
C4ORF46,1
C4ORF47,0
C4ORF48,0
C4ORF51,1
C4ORF6,0
C4orf17,0
C4orf19,0
C4orf22,0
C4orf26,0
C4orf27,0
C4orf29,0
C4orf32,0
C4orf33,0
C4orf36,0
C4orf45,0
C4orf46,0
C4orf47,0
C4orf51,0
C5,1
C5AR1,1
C5AR2,0
C5ORF15,1
C5ORF22,1
C5ORF24,1
C5ORF27,0
C5ORF28,1
C5ORF30,1
C5ORF34,1
C5ORF38,0
C5ORF42,0
C5ORF45,1
C5ORF46,0
C5ORF47,0
C5ORF49,0
C5ORF51,1
C5ORF52,1
C5ORF55,1
C5ORF56,1
C5ORF58,0
C5ORF60,0
C5ORF63,1
C5ORF64,0
C5orf15,0
C5orf22,0
C5orf24,0
C5orf28,0
C5orf30,0
C5orf34,0
C5orf42,0
C5orf45,0
C5orf47,0
C5orf49,0
C5orf51,0
C5orf52,0
C5orf63,0
C6,0
C6ORF1,1
C6ORF106,1
C6ORF118,0
C6ORF120,1
C6ORF123,0
C6ORF132,1
C6ORF141,0
C6ORF147,1
C6ORF163,0
C6ORF164,0
C6ORF165,0
C6ORF195,1
C6ORF201,0
C6ORF203,1
C6ORF211,1
C6ORF222,0
C6ORF223,1
C6ORF226,1
C6ORF48,1
C6ORF52,1
C6ORF57,1
C6ORF58,0
C6ORF62,1
C6ORF7,1
C6ORF89,1
C6ORF99,0
C6orf106,0
C6orf118,0
C6orf120,0
C6orf136,0
C6orf141,0
C6orf15,0
C6orf165,0
C6orf201,0
C6orf203,0
C6orf211,0
C6orf222,0
C6orf25,0
C6orf47,0
C6orf57,0
C6orf62,0
C6orf89,0
C7,0
C7ORF13,1
C7ORF25,1
C7ORF26,1
C7ORF31,0
C7ORF33,0
C7ORF34,0
C7ORF43,1
C7ORF49,1
C7ORF50,1
C7ORF55,1
C7ORF57,1
C7ORF60,1
C7ORF61,1
C7ORF62,0
C7ORF65,1
C7ORF66,0
C7ORF69,1
C7ORF71,0
C7ORF72,0
C7ORF73,1
C7orf25,0
C7orf26,0
C7orf31,0
C7orf34,0
C7orf43,0
C7orf49,0
C7orf50,0
C7orf55,0
C7orf57,0
C7orf60,0
C7orf62,0
C7orf63,0
C8A,1
C8B,1
C8G,1
C8ORF12,0
C8ORF22,0
C8ORF31,1
C8ORF33,1
C8ORF34,0
C8ORF37,1
C8ORF4,1
C8ORF44,1
C8ORF44-SGK3,1
C8ORF46,0
C8ORF48,0
C8ORF58,1
C8ORF59,1
C8ORF74,0
C8ORF76,1
C8ORF82,1
C8ORF86,1
C8orf33,0
C8orf34,0
C8orf37,0
C8orf4,0
C8orf46,0
C8orf48,0
C8orf58,0
C8orf59,0
C8orf74,0
C8orf76,0
C8orf82,0
C8orf88,0
C9,0
C9ORF106,1
C9ORF114,1
C9ORF116,1
C9ORF117,0
C9ORF129,0
C9ORF131,0
C9ORF135,0
C9ORF139,1
C9ORF142,1
C9ORF152,1
C9ORF153,0
C9ORF156,1
C9ORF16,1
C9ORF163,1
C9ORF170,0
C9ORF171,0
C9ORF172,1
C9ORF173,0
C9ORF24,0
C9ORF3,1
C9ORF40,1
C9ORF41,1
C9ORF43,1
C9ORF47,0
C9ORF50,0
C9ORF53,1
C9ORF57,0
C9ORF64,1
C9ORF66,1
C9ORF69,1
C9ORF72,1
C9ORF78,1
C9ORF84,0
C9ORF85,1
C9ORF89,1
C9ORF9,1
C9ORF91,1
C9orf114,0
C9orf116,0
C9orf117,0
C9orf131,0
C9orf135,0
C9orf142,0
C9orf152,0
C9orf156,0
C9orf16,0
C9orf169,0
C9orf171,0
C9orf172,0
C9orf173,0
C9orf24,0
C9orf40,0
C9orf41,0
C9orf43,0
C9orf50,0
C9orf64,0
C9orf69,0
C9orf72,0
C9orf78,0
C9orf85,0
C9orf89,0
C9orf9,0
C9orf91,0
C9orf96,0
CA1,0
CA10,0
CA11,1
CA12,1
CA13,1
CA14,0
CA2,0
CA3,0
CA4,0
CA5A,1
CA5B,0
CA5BP1,1
CA6,0
CA7,0
CA8,1
CA9,0
CAAP1,1
CAB39,1
CAB39L,1
CABIN1,1
CABLES1,1
CABLES2,1
CABP1,0
CABP2,0
CABP4,0
CABP5,0
CABP7,0
CABS1,0
CABYR,1
CACFD1,1
CACHD1,1
CACNA1A,0
CACNA1B,0
CACNA1C,0
CACNA1D,0
CACNA1E,1
CACNA1F,0
CACNA1G,0
CACNA1H,1
CACNA1I,0
CACNA1S,1
CACNA2D1,1
CACNA2D2,0
CACNA2D3,0
CACNA2D4,0
CACNB1,1
CACNB2,0
CACNB3,1
CACNB4,1
CACNG1,0
CACNG2,0
CACNG3,0
CACNG4,1
CACNG5,0
CACNG6,0
CACNG7,0
CACNG8,0
CACTIN,1
CACTIN-AS1,1
CACUL1,1
CACYBP,1
CAD,1
CADM1,0
CADM2,0
CADM3,0
CADM4,0
CADPS,0
CADPS2,0
CAGE1,1
CAHM,1
CALB1,0
CALB2,0
CALCA,0
CALCB,1
CALCOCO1,1
CALCOCO2,1
CALCR,0
CALCRL,1
CALD1,1
CALHM1,0
CALHM2,0
CALHM3,1
CALM1,1
CALM2,1
CALM3,1
CALML3,0
CALML4,1
CALML5,0
CALML6,1
CALN1,0
CALR,1
CALR3,1
CALU,1
CALY,0
CAMK1,1
CAMK1D,0
CAMK1G,0
CAMK2A,0
CAMK2B,0
CAMK2D,1
CAMK2G,1
CAMK2N1,0
CAMK2N2,1
CAMK4,1
CAMKK1,0
CAMKK2,1
CAMKMT,1
CAMKV,1
CAMLG,1
CAMP,1
CAMSAP1,1
CAMSAP2,1
CAMSAP3,0
CAMTA1,1
CAMTA2,1
CAND1,1
CAND2,0
CANT1,1
CANX,1
CAP1,1
CAP2,1
CAPG,1
CAPN1,1
CAPN10,1
CAPN11,1
CAPN12,0
CAPN13,0
CAPN14,1
CAPN15,1
CAPN2,1
CAPN3,0
CAPN5,1
CAPN6,0
CAPN7,1
CAPN8,0
CAPN9,0
CAPNS1,1
CAPNS2,0
CAPRIN1,1
CAPRIN2,1
CAPS,1
CAPS2,1
CAPSL,0
CAPZA1,1
CAPZA2,1
CAPZA3,0
CAPZB,1
CARD10,1
CARD11,1
CARD14,0
CARD16,0
CARD17,0
CARD18,0
CARD6,0
CARD8,1
CARD9,1
CARF,1
CARHSP1,1
CARKD,1
CARM1,1
CARNS1,1
CARS,1
CARS2,1
CARTPT,0
CASC1,1
CASC10,1
CASC15,0
CASC2,1
CASC3,1
CASC4,1
CASC5,1
CASD1,1
CASK,1
CASKIN1,0
CASKIN2,1
CASP1,0
CASP10,1
CASP12,0
CASP14,0
CASP2,1
CASP3,1
CASP4,1
CASP5,0
CASP6,1
CASP7,1
CASP8,1
CASP8AP2,1
CASP9,1
CASQ1,1
CASQ2,0
CASR,0
CASS4,0
CAST,1
CASZ1,1
CAT,1
CATIP,1
CATSPER1,0
CATSPER2,0
CATSPER2P1,1
CATSPER3,0
CATSPER4,1
CATSPERB,0
CATSPERD,1
CATSPERG,1
CAV1,1
CAV2,1
CAV3,0
CBFA2T2,1
CBFA2T3,1
CBFB,1
CBL,1
CBLB,1
CBLC,1
CBLL1,1
CBLN1,0
CBLN2,0
CBLN3,1
CBLN4,0
CBR1,1
CBR3,1
CBR4,1
CBS,0
CBWD1,1
CBWD2,1
CBWD3,1
CBWD5,1
CBWD6,1
CBX1,1
CBX2,1
CBX3,1
CBX3P2,1
CBX4,1
CBX5,1
CBX6,1
CBX7,1
CBX8,1
CBY1,1
CBY3,1
CC2D1A,1
CC2D1B,1
CC2D2A,0
CC2D2B,0
CCAR1,1
CCAR2,1
CCBE1,0
CCBL1,1
CCBL2,1
CCDC101,1
CCDC102A,1
CCDC102B,1
CCDC103,1
CCDC105,0
CCDC106,1
CCDC107,1
CCDC108,0
CCDC109B,1
CCDC11,1
CCDC110,1
CCDC112,1
CCDC113,1
CCDC114,1
CCDC115,1
CCDC116,0
CCDC117,1
CCDC12,1
CCDC120,0
CCDC121,1
CCDC122,1
CCDC124,1
CCDC125,0
CCDC126,1
CCDC127,1
CCDC129,0
CCDC13,1
CCDC130,1
CCDC132,1
CCDC134,1
CCDC135,1
CCDC136,0
CCDC137,1
CCDC138,1
CCDC14,1
CCDC140,0
CCDC141,1
CCDC142,1
CCDC144A,1
CCDC144B,1
CCDC144CP,1
CCDC144NL,0
CCDC146,1
CCDC148,1
CCDC149,0
CCDC15,1
CCDC150,1
CCDC151,1
CCDC152,1
CCDC153,0
CCDC154,0
CCDC155,0
CCDC157,1
CCDC158,0
CCDC159,1
CCDC160,0
CCDC162P,1
CCDC163P,1
CCDC166,0
CCDC167,1
CCDC168,0
CCDC169,0
CCDC169-SOHLH2,0
CCDC17,0
CCDC170,1
CCDC171,1
CCDC172,0
CCDC173,1
CCDC174,1
CCDC175,0
CCDC176,1
CCDC177,1
CCDC178,0
CCDC18,1
CCDC180,0
CCDC181,0
CCDC182,0
CCDC183,1
CCDC184,0
CCDC185,0
CCDC186,1
CCDC22,0
CCDC23,1
CCDC24,1
CCDC25,1
CCDC27,0
CCDC28A,1
CCDC28B,1
CCDC3,0
CCDC30,0
CCDC33,1
CCDC34,1
CCDC36,0
CCDC37,0
CCDC38,1
CCDC39,1
CCDC40,1
CCDC42,0
CCDC42B,0
CCDC43,1
CCDC47,1
CCDC50,1
CCDC51,1
CCDC53,1
CCDC54,1
CCDC57,1
CCDC58,1
CCDC59,1
CCDC6,1
CCDC60,0
CCDC61,1
CCDC62,1
CCDC63,1
CCDC64,1
CCDC64B,0
CCDC65,0
CCDC66,1
CCDC67,0
CCDC68,0
CCDC69,1
CCDC7,1
CCDC70,0
CCDC71,1
CCDC71L,1
CCDC73,0
CCDC74A,1
CCDC74B,0
CCDC77,1
CCDC78,1
CCDC79,0
CCDC8,1
CCDC80,1
CCDC81,0
CCDC82,1
CCDC83,1
CCDC84,1
CCDC85A,1
CCDC85B,1
CCDC85C,0
CCDC86,1
CCDC87,1
CCDC88A,1
CCDC88B,1
CCDC88C,1
CCDC89,1
CCDC9,1
CCDC90B,1
CCDC91,0
CCDC92,1
CCDC93,1
CCDC94,1
CCDC96,0
CCDC97,1
CCER1,0
CCER2,0
CCHCR1,0
CCIN,0
CCK,0
CCKAR,0
CCKBR,0
CCL1,0
CCL11,0
CCL13,0
CCL14,0
CCL15,1
CCL16,1
CCL17,0
CCL18,0
CCL19,0
CCL2,1
CCL20,1
CCL21,0
CCL22,1
CCL23,0
CCL24,0
CCL25,1
CCL26,0
CCL27,0
CCL28,0
CCL3,1
CCL3L1,1
CCL3L3,1
CCL4,1
CCL4L1,1
CCL4L2,1
CCL5,1
CCL7,0
CCL8,0
CCM2,1
CCM2L,0
CCNA1,0
CCNA2,1
CCNB1,1
CCNB1IP1,1
CCNB2,1
CCNB3,0
CCNC,1
CCND1,1
CCND2,1
CCND3,1
CCNDBP1,1
CCNE1,1
CCNE2,1
CCNF,1
CCNG1,1
CCNG2,1
CCNH,1
CCNI,1
CCNI2,0
CCNJ,1
CCNJL,1
CCNK,1
CCNL1,1
CCNL2,1
CCNO,1
CCNT1,1
CCNT2,1
CCNY,0
CCNYL1,1
CCP110,1
CCPG1,1
CCR1,1
CCR10,1
CCR2,0
CCR3,0
CCR4,1
CCR5,1
CCR6,1
CCR7,1
CCR8,1
CCR9,1
CCRL2,0
CCRN4L,1
CCS,1
CCSAP,0
CCSER1,1
CCSER2,1
CCT2,1
CCT3,1
CCT4,1
CCT5,1
CCT6A,1
CCT6B,1
CCT6P1,1
CCT6P3,1
CCT7,1
CCT8,1
CCT8L1P,0
CCT8L2,0
CCZ1,1
CCZ1B,1
CD101,1
CD109,1
CD14,1
CD151,1
CD160,0
CD163,0
CD163L1,0
CD164,1
CD164L2,0
CD177,0
CD180,0
CD19,1
CD1A,0
CD1B,0
CD1C,0
CD1D,1
CD1E,0
CD2,0
CD200,1
CD200R1,1
CD200R1L,0
CD207,0
CD209,0
CD22,1
CD226,1
CD24,0
CD244,1
CD247,0
CD248,0
CD27,1
CD274,1
CD276,1
CD28,1
CD2AP,1
CD2BP2,1
CD300A,1
CD300C,1
CD300E,0
CD300LB,0
CD300LD,0
CD300LF,0
CD300LG,0
CD302,1
CD320,1
CD33,0
CD34,0
CD36,0
CD37,1
CD38,1
CD3D,0
CD3E,0
CD3EAP,1
CD3G,0
CD4,0
CD40,1
CD40LG,0
CD44,1
CD46,1
CD47,0
CD48,1
CD5,0
CD52,1
CD53,1
CD55,1
CD58,1
CD59,1
CD5L,1
CD6,0
CD63,1
CD68,1
CD69,1
CD7,1
CD70,1
CD72,1
CD74,1
CD79A,1
CD79B,1
CD80,1
CD81,0
CD82,1
CD83,1
CD84,0
CD86,1
CD8A,1
CD8B,0
CD9,1
CD93,0
CD96,0
CD97,1
CD99L2,0
CD99P1,0
CDA,0
CDADC1,1
CDAN1,0
CDC123,1
CDC14A,1
CDC14B,0
CDC14C,0
CDC16,1
CDC20,1
CDC20B,0
CDC23,1
CDC25A,1
CDC25B,1
CDC25C,1
CDC26,1
CDC27,1
CDC34,1
CDC37,1
CDC37L1,1
CDC40,1
CDC42,1
CDC42BPA,1
CDC42BPB,1
CDC42BPG,0
CDC42EP1,1
CDC42EP2,1
CDC42EP3,1
CDC42EP4,1
CDC42EP5,0
CDC42SE1,1
CDC42SE2,1
CDC45,1
CDC5L,1
CDC6,1
CDC7,1
CDC73,1
CDCA2,1
CDCA3,1
CDCA4,1
CDCA5,1
CDCA7,1
CDCA7L,1
CDCA8,1
CDCP1,1
CDCP2,0
CDH1,1
CDH10,0
CDH11,0
CDH12,0
CDH13,0
CDH15,0
CDH16,0
CDH17,1
CDH18,0
CDH19,0
CDH2,1
CDH20,0
CDH22,0
CDH23,0
CDH24,1
CDH26,0
CDH3,0
CDH4,0
CDH5,0
CDH6,0
CDH7,0
CDH8,0
CDH9,0
CDHR1,0
CDHR2,1
CDHR3,0
CDHR4,0
CDHR5,0
CDIP1,1
CDIPT,1
CDK1,1
CDK10,1
CDK11A,1
CDK11B,1
CDK12,1
CDK13,1
CDK14,1
CDK15,0
CDK16,1
CDK17,1
CDK18,1
CDK19,1
CDK2,1
CDK20,0
CDK2AP1,1
CDK2AP2,1
CDK3,0
CDK4,1
CDK5,1
CDK5R1,1
CDK5R2,0
CDK5RAP1,1
CDK5RAP2,1
CDK5RAP3,1
CDK6,1
CDK7,1
CDK8,1
CDK9,1
CDKAL1,1
CDKL1,1
CDKL2,1
CDKL3,1
CDKL4,0
CDKL5,1
CDKN1A,1
CDKN1B,1
CDKN1C,1
CDKN2A,1
CDKN2AIP,1
CDKN2AIPNL,1
CDKN2B,1
CDKN2B-AS1,1
CDKN2C,1
CDKN2D,1
CDKN3,1
CDNF,1
CDO1,0
CDON,1
CDPF1,1
CDR1,0
CDR2,1
CDR2L,1
CDRT1,0
CDRT15,0
CDRT15L2,0
CDRT15P1,0
CDRT15P2,0
CDRT4,1
CDRT7,0
CDS1,1
CDS2,1
CDSN,0
CDT1,1
CDV3,1
CDX1,0
CDX2,0
CDX4,0
CDY1,0
CDY1B,0
CDY2A,0
CDY2B,0
CDYL,0
CDYL2,0
CEACAM1,1
CEACAM16,0
CEACAM18,0
CEACAM19,0
CEACAM20,0
CEACAM21,0
CEACAM22P,0
CEACAM3,0
CEACAM4,0
CEACAM5,0
CEACAM6,0
CEACAM7,0
CEACAM8,0
CEBPA,1
CEBPB,1
CEBPD,1
CEBPE,1
CEBPG,1
CEBPZ,1
CECR1,0
CECR2,0
CECR3,0
CECR5,0
CECR5-AS1,0
CECR6,1
CECR7,0
CEL,0
CELA1,0
CELA2A,0
CELA2B,0
CELA3A,0
CELA3B,0
CELF1,1
CELF2,0
CELF3,0
CELF4,0
CELF5,0
CELF6,1
CELP,0
CELSR1,1
CELSR2,0
CELSR3,1
CEMIP,1
CEMP1,1
CEND1,0
CENPA,1
CENPB,0
CENPBD1,1
CENPC,1
CENPE,1
CENPF,1
CENPH,1
CENPI,1
CENPJ,1
CENPK,1
CENPL,1
CENPM,1
CENPN,1
CENPO,1
CENPP,1
CENPQ,1
CENPT,1
CENPU,1
CENPV,1
CENPVP1,0
CENPW,1
CEP104,1
CEP112,1
CEP120,1
CEP128,0
CEP131,1
CEP135,1
CEP152,1
CEP162,1
CEP164,1
CEP170,1
CEP170B,1
CEP170P1,0
CEP19,1
CEP192,1
CEP250,1
CEP290,1
CEP350,1
CEP41,1
CEP44,1
CEP55,1
CEP57,1
CEP57L1,1
CEP63,1
CEP68,1
CEP70,1
CEP72,0
CEP76,1
CEP78,1
CEP83,1
CEP85,1
CEP85L,1
CEP89,1
CEP95,1
CEP97,1
CEPT1,1
CER1,0
CERCAM,1
CERK,1
CERKL,0
CERS1,0
CERS2,0
CERS3,0
CERS4,1
CERS5,1
CERS6,1
CES1,1
CES1P1,0
CES1P2,0
CES2,1
CES3,0
CES4A,0
CES5A,0
CES5AP1,1
CETN1,0
CETN2,0
CETN3,1
CETN4P,1
CETP,0
CFAP20,1
CFAP221,1
CFAP36,1
CFAP43,1
CFAP44,0
CFAP45,1
CFAP46,0
CFAP57,1
CFAP58,1
CFAP61,1
CFAP69,1
CFAP97,1
CFB,0
CFC1,0
CFC1B,0
CFD,1
CFDP1,1
CFH,0
CFHR1,0
CFHR2,0
CFHR3,0
CFHR4,0
CFHR5,0
CFI,1
CFL1,1
CFL1P1,1
CFL2,1
CFLAR,1
CFLAR-AS1,1
CFP,1
CFTR,0
CGA,0
CGB,0
CGB1,0
CGB2,0
CGB5,1
CGB7,0
CGB8,0
CGGBP1,1
CGN,1
CGNL1,0
CGREF1,0
CGRRF1,1
CH25H,0
CHAC1,1
CHAC2,1
CHAD,0
CHADL,0
CHAF1A,1
CHAF1B,0
CHAMP1,1
CHAT,0
CHCHD1,1
CHCHD10,1
CHCHD2,1
CHCHD3,1
CHCHD4,1
CHCHD5,1
CHCHD6,1
CHCHD7,1
CHD1,1
CHD1L,1
CHD2,1
CHD3,1
CHD4,1
CHD5,1
CHD6,1
CHD7,1
CHD8,1
CHD9,1
CHDC2,0
CHDH,1
CHEK1,1
CHEK2,1
CHEK2P2,0
CHERP,1
CHFR,1
CHGA,0
CHGB,1
CHI3L1,0
CHI3L2,1
CHIA,0
CHIC1,0
CHIC2,1
CHID1,0
CHIT1,0
CHKA,1
CHKB,1
CHKB-CPT1B,1
CHL1,0
CHM,1
CHML,0
CHMP1A,1
CHMP1B,1
CHMP2A,1
CHMP2B,1
CHMP3,1
CHMP4A,1
CHMP4B,1
CHMP4C,1
CHMP5,1
CHMP6,1
CHMP7,0
CHN1,0
CHN2,0
CHODL,0
CHODL-AS1,0
CHORDC1,1
CHP1,1
CHP2,1
CHPF,1
CHPF2,1
CHPT1,1
CHRAC1,1
CHRD,1
CHRDL1,0
CHRDL2,0
CHRFAM7A,0
CHRM1,1
CHRM2,0
CHRM3,0
CHRM4,0
CHRM5,0
CHRNA1,0
CHRNA10,0
CHRNA2,0
CHRNA3,0
CHRNA4,0
CHRNA5,0
CHRNA6,1
CHRNA7,0
CHRNA9,1
CHRNB1,0
CHRNB2,1
CHRNB3,1
CHRNB4,0
CHRND,0
CHRNE,1
CHRNG,0
CHST1,0
CHST10,1
CHST11,1
CHST12,1
CHST13,1
CHST14,1
CHST15,1
CHST2,1
CHST3,1
CHST4,0
CHST5,0
CHST6,1
CHST7,1
CHST8,0
CHST9,0
CHSY1,1
CHSY3,0
CHTF18,1
CHTF8,1
CHTOP,1
CHUK,1
CHURC1,1
CHURC1-FNTB,1
CIAO1,1
CIAPIN1,1
CIART,0
CIB1,1
CIB2,1
CIB3,0
CIB4,1
CIC,1
CIDEA,0
CIDEB,0
CIDEC,0
CIDECP,1
CIITA,1
CILP,1
CILP2,0
CINP,1
CIPC,1
CIR1,1
CIRBP,1
CIRBP-AS1,1
CIRH1A,1
CISD1,1
CISD2,1
CISD3,1
CISH,1
CIT,0
CITED1,0
CITED2,1
CITED4,1
CIZ1,1
CKAP2,1
CKAP2L,1
CKAP4,0
CKAP5,1
CKB,1
CKLF,1
CKLF-CMTM1,1
CKM,0
CKMT1A,0
CKMT1B,0
CKMT2,1
CKS1B,1
CKS2,1
CLASP1,1
CLASP2,1
CLASRP,1
CLC,0
CLCA1,0
CLCA2,0
CLCA3P,0
CLCA4,0
CLCC1,1
CLCF1,1
CLCN1,1
CLCN2,1
CLCN3,1
CLCN4,0
CLCN5,0
CLCN6,1
CLCN7,1
CLCNKA,0
CLCNKB,0
CLDN1,1
CLDN10,0
CLDN11,0
CLDN12,1
CLDN14,0
CLDN15,0
CLDN16,1
CLDN17,0
CLDN18,0
CLDN19,0
CLDN2,0
CLDN20,0
CLDN22,0
CLDN23,0
CLDN24,0
CLDN25,0
CLDN3,1
CLDN4,1
CLDN5,0
CLDN6,1
CLDN7,1
CLDN8,0
CLDN9,1
CLDND1,1
CLDND2,1
CLEC10A,0
CLEC11A,0
CLEC12A,0
CLEC12B,0
CLEC14A,0
CLEC16A,1
CLEC17A,1
CLEC18A,0
CLEC18B,0
CLEC18C,0
CLEC1A,0
CLEC1B,0
CLEC2A,0
CLEC2B,0
CLEC2D,1
CLEC2L,0
CLEC3A,0
CLEC3B,0
CLEC4A,0
CLEC4C,0
CLEC4D,0
CLEC4E,0
CLEC4F,0
CLEC4G,0
CLEC4GP1,0
CLEC4M,0
CLEC5A,0
CLEC6A,0
CLEC7A,1
CLEC9A,0
CLECL1,1
CLGN,1
CLHC1,1
CLIC1,0
CLIC2,0
CLIC3,1
CLIC4,1
CLIC5,0
CLIC6,0
CLINT1,1
CLIP1,1
CLIP2,1
CLIP3,0
CLIP4,1
CLK1,1
CLK2,1
CLK2P,0
CLK3,0
CLK4,1
CLLU1,0
CLLU1OS,0
CLMN,1
CLMP,0
CLN3,1
CLN5,1
CLN6,1
CLN8,1
CLNK,1
CLNS1A,1
CLOCK,1
CLP1,1
CLPB,1
CLPP,1
CLPS,0
CLPSL1,0
CLPSL2,0
CLPTM1,1
CLPTM1L,1
CLPX,1
CLRN1,0
CLRN1-AS1,0
CLRN2,1
CLRN3,0
CLSPN,1
CLSTN1,1
CLSTN2,0
CLSTN3,1
CLTA,1
CLTB,1
CLTC,1
CLTCL1,0
CLU,1
CLUAP1,1
CLUH,1
CLUHP3,1
CLUL1,0
CLVS1,0
CLVS2,0
CLYBL,1
CMA1,0
CMAHP,1
CMAS,1
CMBL,0
CMC1,1
CMC2,1
CMC4,1
CMIP,0
CMKLR1,1
CMPK1,1
CMPK2,0
CMSS1,1
CMTM1,0
CMTM2,1
CMTM3,0
CMTM4,1
CMTM5,0
CMTM6,1
CMTM7,0
CMTM8,1
CMTR1,1
CMTR2,1
CMYA5,0
CNBD1,0
CNBD2,0
CNBP,1
CNDP1,0
CNDP2,1
CNEP1R1,1
CNFN,0
CNGA1,0
CNGA2,0
CNGA3,0
CNGA4,0
CNGB1,1
CNGB3,0
CNIH1,1
CNIH2,0
CNIH3,0
CNIH4,1
CNKSR1,0
CNKSR2,1
CNKSR3,1
CNN1,0
CNN2,1
CNN3,1
CNNM1,0
CNNM2,1
CNNM3,1
CNNM4,0
CNOT1,1
CNOT10,1
CNOT11,1
CNOT2,1
CNOT3,1
CNOT4,1
CNOT6,1
CNOT6L,1
CNOT7,1
CNOT8,1
CNP,1
CNPPD1,1
CNPY1,0
CNPY2,1
CNPY3,1
CNPY4,1
CNR1,1
CNR2,1
CNRIP1,1
CNST,1
CNTD1,1
CNTD2,0
CNTF,1
CNTFR,1
CNTLN,1
CNTN1,0
CNTN2,1
CNTN3,0
CNTN4,0
CNTN5,0
CNTN6,0
CNTNAP1,1
CNTNAP2,0
CNTNAP3,0
CNTNAP3B,0
CNTNAP4,0
CNTNAP5,0
CNTRL,0
CNTROB,1
COA1,1
COA3,1
COA4,1
COA5,1
COA6,1
COA7,1
COASY,1
COBL,1
COBLL1,1
COCH,1
COG1,1
COG2,1
COG3,1
COG4,1
COG5,1
COG6,0
COG7,1
COG8,1
COIL,1
COL10A1,0
COL11A1,1
COL11A2,0
COL12A1,1
COL13A1,0
COL14A1,1
COL15A1,0
COL16A1,1
COL17A1,0
COL18A1,1
COL18A1-AS1,1
COL19A1,1
COL1A1,1
COL1A2,0
COL20A1,1
COL21A1,1
COL22A1,0
COL23A1,0
COL24A1,0
COL25A1,0
COL26A1,1
COL27A1,1
COL28A1,1
COL2A1,1
COL3A1,1
COL4A1,0
COL4A2,0
COL4A3,1
COL4A3BP,1
COL4A4,1
COL4A5,1
COL4A6,1
COL5A1,1
COL5A2,0
COL5A3,1
COL6A1,0
COL6A2,0
COL6A3,0
COL6A4P1,1
COL6A4P2,0
COL6A5,0
COL6A6,0
COL7A1,1
COL8A1,0
COL8A2,0
COL9A1,0
COL9A2,1
COL9A3,1
COLCA1,1
COLCA2,1
COLEC10,1
COLEC11,1
COLEC12,1
COLGALT1,1
COLGALT2,1
COLQ,0
COMMD1,1
COMMD10,1
COMMD2,1
COMMD3,1
COMMD3-BMI1,1
COMMD4,1
COMMD5,1
COMMD6,1
COMMD7,1
COMMD8,1
COMMD9,1
COMP,0
COMT,1
COMTD1,1
COPA,1
COPB1,1
COPB2,1
COPE,1
COPG1,1
COPG2,0
COPRS,1
COPS2,1
COPS3,1
COPS4,1
COPS5,1
COPS6,1
COPS7A,1
COPS7B,1
COPS8,1
COPZ1,1
COPZ2,0
COQ10A,1
COQ10B,1
COQ2,1
COQ3,1
COQ4,1
COQ5,1
COQ6,1
COQ7,1
COQ9,1
CORIN,1
CORO1A,1
CORO1B,1
CORO1C,1
CORO2A,1
CORO2B,1
CORO6,1
CORO7,1
CORO7-PAM16,1
CORT,0
COTL1,1
COX10,1
COX11,1
COX14,1
COX15,1
COX16,1
COX17,1
COX18,1
COX19,1
COX20,1
COX4I1,1
COX4I2,0
COX5A,1
COX5B,1
COX6A1,1
COX6A2,0
COX6B1,1
COX6B2,0
COX6C,1
COX7A1,0
COX7A2,1
COX7A2L,1
COX7B,1
COX7B2,0
COX7C,1
COX8A,1
COX8BP,0
COX8C,0
CP,1
CPA1,0
CPA2,0
CPA3,0
CPA4,1
CPA5,0
CPA6,0
CPAMD8,0
CPB1,0
CPB2,1
CPD,0
CPE,1
CPEB1,0
CPEB2,1
CPEB3,1
CPEB4,1
CPED1,1
CPLX1,0
CPLX2,1
CPLX3,0
CPLX4,0
CPM,0
CPN1,1
CPN2,1
CPNE1,1
CPNE2,1
CPNE3,1
CPNE4,0
CPNE5,0
CPNE6,0
CPNE7,0
CPNE8,1
CPNE9,0
CPO,0
CPOX,1
CPPED1,1
CPQ,1
CPS1,1
CPS1-IT1,0
CPSF1,1
CPSF2,1
CPSF3,1
CPSF3L,0
CPSF4,1
CPSF4L,1
CPSF6,1
CPSF7,1
CPT1A,1
CPT1B,0
CPT1C,1
CPT2,1
CPTP,0
CPVL,0
CPXCR1,0
CPXM1,1
CPXM2,0
CPZ,0
CR1,1
CR1L,0
CR2,1
CRABP1,0
CRABP2,1
CRACR2A,1
CRACR2B,1
CRADD,1
CRAMP1L,0
CRAT,1
CRB1,0
CRB2,0
CRB3,0
CRBN,1
CRCP,1
CRCT1,0
CREB1,1
CREB3,1
CREB3L1,0
CREB3L2,1
CREB3L3,0
CREB3L4,1
CREB5,0
CREBBP,0
CREBL2,1
CREBRF,1
CREBZF,1
CREG1,1
CREG2,0
CRELD1,1
CRELD2,1
CREM,1
CRH,1
CRHBP,0
CRHR1,0
CRHR1-IT1,1
CRHR2,0
CRIM1,1
CRIP1,0
CRIP2,1
CRIP3,0
CRIPAK,0
CRIPT,1
CRISP1,0
CRISP2,0
CRISP3,0
CRISPLD1,0
CRISPLD2,1
CRK,1
CRKL,1
CRLF1,0
CRLF2,1
CRLF3,1
CRLS1,1
CRMP1,0
CRNDE,1
CRNKL1,0
CRNN,0
CROCC,0
CROCCP2,0
CROCCP3,0
CROT,1
CRP,0
CRSP8P,0
CRTAC1,0
CRTAM,0
CRTAP,1
CRTC1,1
CRTC2,1
CRTC3,0
CRX,0
CRY1,1
CRY2,1
CRYAA,0
CRYAB,1
CRYBA1,0
CRYBA2,0
CRYBA4,0
CRYBB1,1
CRYBB2,1
CRYBB2P1,1
CRYBB3,0
CRYBG3,0
CRYGA,0
CRYGB,0
CRYGC,1
CRYGD,0
CRYGN,0
CRYGS,0
CRYL1,0
CRYM,1
CRYM-AS1,1
CRYZ,1
CRYZL1,1
CS,1
CSAD,1
CSAG1,0
CSAG2,0
CSAG3,0
CSDC2,0
CSDE1,1
CSE1L,1
CSF1,1
CSF1R,0
CSF2,0
CSF2RA,0
CSF2RB,1
CSF2RBP1,0
CSF3,1
CSF3R,0
CSGALNACT1,0
CSGALNACT2,1
CSH1,0
CSH2,0
CSHL1,0
CSK,1
CSMD1,0
CSMD2,0
CSMD3,0
CSN1S1,0
CSN1S2AP,0
CSN1S2BP,0
CSN2,0
CSN3,0
CSNK1A1,1
CSNK1A1L,0
CSNK1A1P1,0
CSNK1D,1
CSNK1E,1
CSNK1G1,1
CSNK1G2,1
CSNK1G2-AS1,0
CSNK1G3,1
CSNK2A1,1
CSNK2A2,0
CSNK2A3,0
CSNK2B,0
CSPG4,1
CSPG4P1Y,0
CSPG5,0
CSPP1,1
CSRNP1,1
CSRNP2,1
CSRNP3,0
CSRP1,1
CSRP2,0
CSRP2BP,0
CSRP3,1
CST1,0
CST11,0
CST13P,0
CST2,0
CST3,1
CST4,0
CST5,0
CST6,1
CST7,0
CST8,0
CST9,0
CST9L,0
CSTA,0
CSTB,1
CSTF1,1
CSTF2,1
CSTF2T,1
CSTF3,1
CSTL1,0
CT45A1,0
CT45A2,0
CT45A3,0
CT45A4,0
CT45A5,0
CT45A6,0
CT47A7,0
CT47B1,0
CT55,0
CT62,0
CT83,0
CTAG1A,0
CTAG1B,0
CTAG2,0
CTAGE1,0
CTAGE10P,0
CTAGE11P,0
CTAGE15,0
CTAGE4,0
CTAGE5,1
CTAGE6,0
CTAGE7P,0
CTAGE9,0
CTBP1,1
CTBP1-AS2,1
CTBP2,1
CTBS,1
CTC1,1
CTCF,1
CTCFL,0
CTDNEP1,1
CTDP1,1
CTDSP1,1
CTDSP2,1
CTDSPL,1
CTDSPL2,1
CTF1,1
CTGF,1
CTH,1
CTHRC1,1
CTIF,1
CTLA4,0
CTNNA1,1
CTNNA2,0
CTNNA3,1
CTNNAL1,1
CTNNB1,1
CTNNBIP1,1
CTNNBL1,1
CTNND1,1
CTNND2,0
CTNS,1
CTPS1,1
CTPS2,0
CTR9,1
CTRB1,1
CTRB2,0
CTRC,0
CTRL,0
CTSA,1
CTSB,1
CTSC,1
CTSD,1
CTSE,1
CTSF,0
CTSG,0
CTSH,1
CTSK,0
CTSL,0
CTSL3P,0
CTSLP2,0
CTSLP8,0
CTSO,1
CTSS,1
CTSV,0
CTSW,0
CTSZ,1
CTTN,1
CTTNBP2,0
CTTNBP2NL,1
CTU1,1
CTU2,1
CTXN1,1
CTXN2,0
CTXN3,0
CUBN,0
CUEDC1,1
CUEDC2,1
CUL1,1
CUL2,1
CUL3,1
CUL4A,1
CUL4B,0
CUL5,1
CUL7,1
CUL9,1
CUTA,1
CUTC,1
CUX1,1
CUX2,0
CUZD1,0
CWC15,1
CWC22,1
CWC25,1
CWC27,1
CWF19L1,1
CWF19L2,1
CWH43,0
CX3CL1,1
CX3CR1,0
CXADR,1
CXADRP2,0
CXADRP3,0
CXCL1,0
CXCL10,1
CXCL11,0
CXCL12,0
CXCL13,0
CXCL14,0
CXCL16,0
CXCL17,1
CXCL2,0
CXCL3,0
CXCL5,0
CXCL6,0
CXCL8,1
CXCL9,0
CXCR1,0
CXCR2,0
CXCR2P1,0
CXCR3,1
CXCR4,1
CXCR5,1
CXCR6,0
CXORF21,1
CXORF22,0
CXORF23,0
CXORF28,0
CXORF30,0
CXORF36,0
CXORF38,1
CXORF40A,1
CXORF40B,1
CXORF49,0
CXORF49B,0
CXORF51A,0
CXORF51B,0
CXORF56,1
CXORF57,0
CXORF58,1
CXORF65,0
CXORF66,0
CXXC1,1
CXXC1P1,0
CXXC4,1
CXXC5,1
CXorf21,0
CXorf22,0
CXorf23,0
CXorf36,0
CXorf38,0
CXorf56,0
CXorf57,0
CXorf65,0
CYB561,1
CYB561A3,1
CYB561D1,1
CYB561D2,1
CYB5A,1
CYB5B,1
CYB5D1,1
CYB5D2,1
CYB5R1,0
CYB5R2,1
CYB5R3,1
CYB5R4,1
CYB5RL,1
CYBA,1
CYBB,0
CYBRD1,1
CYC1,1
CYCS,1
CYCSP52,0
CYFIP1,1
CYFIP2,1
CYGB,1
CYHR1,1
CYLC1,0
CYLC2,0
CYLD,1
CYMP,0
CYP11A1,0
CYP11B1,0
CYP11B2,0
CYP17A1,1
CYP19A1,0
CYP1A1,1
CYP1A2,0
CYP1B1,1
CYP1B1-AS1,1
CYP20A1,1
CYP21A2,0
CYP24A1,0
CYP26A1,1
CYP26B1,1
CYP26C1,0
CYP27A1,1
CYP27B1,0
CYP27C1,0
CYP2A13,0
CYP2A6,0
CYP2A7,0
CYP2B6,0
CYP2B7P,0
CYP2C18,0
CYP2C19,0
CYP2C8,0
CYP2C9,0
CYP2D6,1
CYP2D7P,0
CYP2E1,0
CYP2F1,0
CYP2G1P,0
CYP2J2,0
CYP2R1,1
CYP2S1,0
CYP2U1,1
CYP2W1,1
CYP39A1,1
CYP3A4,0
CYP3A43,1
CYP3A5,1
CYP3A7,1
CYP46A1,1
CYP4A11,0
CYP4A22,0
CYP4B1,0
CYP4F11,1
CYP4F12,1
CYP4F2,0
CYP4F22,0
CYP4F24P,0
CYP4F29P,0
CYP4F3,1
CYP4F30P,0
CYP4F35P,0
CYP4F8,0
CYP4V2,1
CYP4X1,0
CYP4Z1,0
CYP4Z2P,0
CYP51A1,1
CYP7A1,1
CYP7B1,0
CYP8B1,1
CYR61,1
CYS1,1
CYSLTR1,1
CYSLTR2,0
CYSRT1,1
CYSTM1,1
CYTH1,1
CYTH2,1
CYTH3,1
CYTH4,0
CYTIP,1
CYTL1,0
CYYR1,0
D21S2088E,0
D2HGDH,1
DAAM1,1
DAAM2,0
DAB1,0
DAB2,1
DAB2IP,1
DACH1,0
DACH2,0
DACT1,1
DACT2,0
DACT3,1
DAD1,1
DAG1,1
DAGLA,1
DAGLB,1
DAK,1
DALRD3,1
DANCR,1
DAND5,0
DAO,0
DAOA,0
DAOA-AS1,0
DAP,1
DAP3,1
DAPK1,1
DAPK2,1
DAPK3,1
DAPL1,1
DAPP1,1
DARS,1
DARS2,1
DAW1,1
DAXX,0
DAZ1,0
DAZ2,0
DAZ3,0
DAZ4,0
DAZAP1,1
DAZAP2,1
DAZL,1
DBF4,1
DBF4B,1
DBH,0
DBI,1
DBIL5P,1
DBIL5P2,0
DBN1,1
DBNDD1,1
DBNDD2,1
DBNL,1
DBP,1
DBR1,1
DBT,1
DBX1,1
DBX2,0
DCAF10,1
DCAF11,1
DCAF12,1
DCAF12L1,0
DCAF12L2,0
DCAF13,1
DCAF15,0
DCAF16,1
DCAF17,1
DCAF4,1
DCAF4L1,0
DCAF4L2,0
DCAF5,1
DCAF6,1
DCAF7,1
DCAF8,1
DCAF8L1,0
DCAF8L2,0
DCAKD,1
DCANP1,0
DCBLD1,1
DCBLD2,1
DCC,0
DCD,0
DCDC1,1
DCDC2,1
DCDC2B,1
DCDC2C,0
DCDC5,0
DCHS1,1
DCHS2,1
DCK,1
DCLK1,0
DCLK2,1
DCLK3,0
DCLRE1A,1
DCLRE1B,1
DCLRE1C,1
DCN,0
DCP1A,1
DCP1B,1
DCP2,1
DCPS,1
DCST1,0
DCST2,0
DCSTAMP,0
DCT,0
DCTD,1
DCTN1,1
DCTN2,0
DCTN3,0
DCTN4,1
DCTN5,1
DCTN6,1
DCTPP1,1
DCUN1D1,1
DCUN1D2,1
DCUN1D3,1
DCUN1D4,1
DCUN1D5,1
DCX,0
DCXR,1
DDA1,1
DDAH1,1
DDAH2,1
DDB1,1
DDB2,1
DDC,1
DDHD1,1
DDHD2,1
DDI1,0
DDI2,1
DDIAS,1
DDIT3,1
DDIT4,1
DDIT4L,0
DDN,1
DDO,1
DDOST,1
DDR1,0
DDR2,1
DDRGK1,1
DDT,0
DDTL,0
DDX1,1
DDX10,1
DDX11,1
DDX11L1,0
DDX11L10,1
DDX11L2,1
DDX11L9,0
DDX12P,1
DDX17,1
DDX18,1
DDX19A,1
DDX19B,1
DDX20,1
DDX21,1
DDX23,1
DDX24,1
DDX25,1
DDX26B,1
DDX27,1
DDX28,1
DDX31,1
DDX39A,1
DDX39B,1
DDX3X,1
DDX3Y,1
DDX4,0
DDX41,1
DDX42,1
DDX43,1
DDX46,1
DDX47,1
DDX49,1
DDX5,1
DDX50,1
DDX51,1
DDX52,1
DDX53,0
DDX54,1
DDX55,1
DDX56,1
DDX58,1
DDX59,1
DDX6,1
DDX60,0
DDX60L,1
DEAF1,1
DEC1,0
DECR1,1
DECR2,1
DEDD,1
DEDD2,1
DEF6,1
DEF8,1
DEFA1,0
DEFA10P,0
DEFA1B,0
DEFA3,0
DEFA4,0
DEFA5,0
DEFA6,0
DEFB1,0
DEFB103A,0
DEFB103B,0
DEFB104A,0
DEFB104B,0
DEFB105A,0
DEFB105B,0
DEFB106A,0
DEFB106B,0
DEFB107A,0
DEFB107B,0
DEFB108B,0
DEFB109P1B,0
DEFB110,0
DEFB112,0
DEFB113,0
DEFB114,0
DEFB115,0
DEFB116,0
DEFB118,0
DEFB119,0
DEFB121,0
DEFB122,0
DEFB123,0
DEFB124,0
DEFB125,0
DEFB126,0
DEFB127,0
DEFB128,0
DEFB129,0
DEFB130,0
DEFB131,0
DEFB132,0
DEFB133,0
DEFB134,0
DEFB135,0
DEFB136,0
DEFB4A,0
DEFB4B,0
DEFT1P,0
DEFT1P2,0
DEGS1,1
DEGS2,0
DEK,1
DENND1A,1
DENND1B,1
DENND1C,1
DENND2A,0
DENND2C,1
DENND2D,1
DENND3,1
DENND4A,1
DENND4B,1
DENND4C,0
DENND5A,1
DENND5B,1
DENND6A,1
DENND6B,1
DENR,1
DEPDC1,1
DEPDC1B,1
DEPDC4,1
DEPDC5,1
DEPDC7,1
DEPTOR,1
DERA,1
DERL1,1
DERL2,1
DERL3,1
DES,0
DESI1,1
DESI2,1
DET1,1
DEXI,0
DFFA,1
DFFB,1
DFNA5,1
DFNB31,1
DFNB59,1
DGAT1,1
DGAT2,1
DGAT2L6,0
DGCR10,0
DGCR11,0
DGCR14,1
DGCR2,1
DGCR5,0
DGCR6,0
DGCR6L,1
DGCR8,1
DGCR9,0
DGKA,1
DGKB,1
DGKD,1
DGKE,1
DGKG,1
DGKH,1
DGKI,0
DGKK,0
DGKQ,0
DGKZ,0
DGUOK,1
DHCR24,1
DHCR7,1
DHDDS,1
DHDH,0
DHFR,1
DHFRL1,1
DHH,0
DHODH,1
DHPS,1
DHRS1,1
DHRS11,1
DHRS12,1
DHRS13,1
DHRS2,1
DHRS3,1
DHRS4,1
DHRS4-AS1,1
DHRS4L1,1
DHRS4L2,1
DHRS7,1
DHRS7B,1
DHRS7C,0
DHRS9,0
DHRSX,0
DHTKD1,1
DHX15,1
DHX16,0
DHX29,1
DHX30,1
DHX32,1
DHX33,1
DHX34,1
DHX35,1
DHX36,1
DHX37,1
DHX38,1
DHX40,1
DHX57,1
DHX58,1
DHX8,1
DHX9,1
DIABLO,1
DIAPH1,1
DIAPH2,1
DIAPH3,1
DICER1,1
DICER1-AS1,1
DIDO1,1
DIEXF,1
DIMT1,1
DIO1,0
DIO2,0
DIO3,0
DIO3OS,0
DIP2A,1
DIP2B,1
DIP2C,0
DIRAS1,0
DIRAS2,1
DIRAS3,0
DIRC1,1
DIRC2,1
DIRC3,0
DIS3,1
DIS3L,1
DIS3L2,1
DISC1,1
DISC2,0
DISP1,1
DISP2,0
DIXDC1,1
DKC1,0
DKFZP434A062,1
DKFZP434H168,0
DKFZP434I0714,1
DKFZP434J0226,1
DKFZP434K028,1
DKFZP434L187,0
DKFZP434L192,0
DKFZP451B082,0
DKFZP586I1420,1
DKFZP686K1684,0
DKFZP779M0652,0
DKK1,1
DKK2,0
DKK3,0
DKK4,0
DKKL1,1
DLAT,1
DLC1,0
DLD,1
DLEC1,0
DLEU1,1
DLEU2,1
DLEU2L,0
DLEU7,0
DLG1,1
DLG2,1
DLG3,0
DLG4,1
DLG5,1
DLGAP1,0
DLGAP2,0
DLGAP3,0
DLGAP4,0
DLGAP5,1
DLK1,0
DLK2,1
DLL1,0
DLL3,0
DLL4,1
DLST,1
DLX1,0
DLX2,1
DLX3,1
DLX4,1
DLX5,1
DLX6,1
DLX6-AS1,0
DMAP1,1
DMBT1,0
DMBX1,0
DMC1,0
DMD,0
DMGDH,1
DMKN,0
DMP1,0
DMPK,1
DMRT1,0
DMRT2,1
DMRT3,0
DMRTA1,0
DMRTA2,0
DMRTB1,0
DMRTC1,0
DMRTC1B,0
DMRTC2,0
DMTF1,1
DMTN,1
DMWD,1
DMXL1,1
DMXL2,1
DNA2,1
DNAAF1,1
DNAAF2,1
DNAAF3,1
DNAH1,0
DNAH10,1
DNAH11,0
DNAH12,0
DNAH14,1
DNAH17,0
DNAH2,0
DNAH3,0
DNAH5,0
DNAH6,0
DNAH7,1
DNAH8,1
DNAH9,0
DNAI1,1
DNAI2,0
DNAJA1,1
DNAJA1P5,0
DNAJA2,1
DNAJA3,1
DNAJA4,0
DNAJB1,1
DNAJB11,1
DNAJB12,1
DNAJB13,0
DNAJB14,1
DNAJB2,1
DNAJB3,1
DNAJB4,1
DNAJB5,1
DNAJB6,1
DNAJB7,0
DNAJB8,0
DNAJB8-AS1,0
DNAJB9,1
DNAJC1,1
DNAJC10,1
DNAJC11,1
DNAJC12,1
DNAJC13,1
DNAJC14,1
DNAJC15,1
DNAJC16,1
DNAJC17,1
DNAJC18,1
DNAJC19,1
DNAJC2,1
DNAJC21,1
DNAJC22,1
DNAJC24,1
DNAJC25,1
DNAJC25-GNG10,1
DNAJC27,1
DNAJC27-AS1,1
DNAJC28,1
DNAJC3,1
DNAJC30,1
DNAJC4,1
DNAJC5,1
DNAJC5B,1
DNAJC5G,0
DNAJC6,0
DNAJC7,1
DNAJC8,1
DNAJC9,1
DNAJC9-AS1,1
DNAL1,1
DNAL4,1
DNALI1,0
DNASE1,1
DNASE1L1,1
DNASE1L2,0
DNASE1L3,1
DNASE2,1
DNASE2B,0
DND1,0
DNER,1
DNHD1,0
DNLZ,1
DNM1,1
DNM1L,1
DNM1P35,0
DNM1P41,0
DNM1P46,0
DNM2,1
DNM3,1
DNM3OS,1
DNMBP,0
DNMBP-AS1,1
DNMT1,1
DNMT3A,1
DNMT3B,1
DNMT3L,0
DNPEP,1
DNPH1,1
DNTT,0
DNTTIP1,1
DNTTIP2,1
DOC2A,1
DOC2B,0
DOC2GP,1
DOCK1,0
DOCK10,1
DOCK11,0
DOCK2,1
DOCK3,0
DOCK4,1
DOCK5,1
DOCK6,0
DOCK7,1
DOCK8,1
DOCK9,1
DOHH,1
DOK1,1
DOK2,1
DOK3,1
DOK4,0
DOK5,0
DOK6,0
DOK7,1
DOLK,1
DOLPP1,0
DONSON,1
DOPEY1,1
DOPEY2,0
DOT1L,1
DPAGT1,1
DPCD,1
DPCR1,1
DPEP1,0
DPEP2,0
DPEP3,0
DPF1,0
DPF2,1
DPF3,1
DPH1,1
DPH2,1
DPH3,1
DPH3P1,0
DPH5,1
DPH6,1
DPH7,1
DPM1,1
DPM2,1
DPM3,1
DPP10,0
DPP3,1
DPP4,1
DPP6,0
DPP7,1
DPP8,1
DPP9,1
DPPA2,0
DPPA3,0
DPPA4,0
DPPA5,0
DPRX,0
DPRXP4,0
DPT,1
DPY19L1,1
DPY19L1P1,0
DPY19L2,0
DPY19L2P1,0
DPY19L2P2,1
DPY19L2P3,0
DPY19L2P4,0
DPY19L3,1
DPY19L4,1
DPY30,1
DPYD,1
DPYS,0
DPYSL2,0
DPYSL3,0
DPYSL4,1
DPYSL5,0
DQX1,1
DR1,1
DRAM1,1
DRAM2,1
DRAP1,1
DRAXIN,1
DRC1,0
DRD1,0
DRD2,0
DRD3,0
DRD4,0
DRD5,0
DRG1,1
DRG2,1
DRGX,0
DRICH1,0
DROSHA,1
DRP2,0
DSC1,0
DSC2,1
DSC3,0
DSCAM,0
DSCAM-AS1,0
DSCAML1,0
DSCC1,1
DSCR10,0
DSCR3,1
DSCR4,0
DSCR8,0
DSCR9,1
DSE,1
DSEL,0
DSG1,0
DSG2,1
DSG3,0
DSG4,0
DSN1,1
DSP,1
DSPP,0
DST,1
DSTN,1
DSTNP2,0
DSTYK,1
DTD1,1
DTD2,1
DTHD1,0
DTL,1
DTNA,1
DTNB,1
DTNBP1,1
DTWD1,1
DTWD2,1
DTX1,0
DTX2,0
DTX2P1-UPK3BP1-PMS2P11,0
DTX3,0
DTX3L,1
DTX4,1
DTYMK,1
DUOX1,0
DUOX2,0
DUOXA1,0
DUOXA2,0
DUPD1,0
DUS1L,1
DUS2,1
DUS3L,1
DUS4L,1
DUSP1,1
DUSP10,1
DUSP11,1
DUSP12,1
DUSP13,0
DUSP14,1
DUSP15,0
DUSP16,1
DUSP18,1
DUSP19,1
DUSP2,1
DUSP21,0
DUSP22,1
DUSP23,1
DUSP26,0
DUSP27,1
DUSP28,1
DUSP3,1
DUSP4,1
DUSP5,1
DUSP5P1,1
DUSP6,1
DUSP7,1
DUSP8,1
DUSP9,0
DUT,1
DUX4,0
DUX4L2,0
DUX4L3,0
DUX4L4,0
DUX4L5,0
DUX4L6,0
DUX4L7,0
DUX4L8,0
DUXA,0
DVL1,1
DVL2,1
DVL3,1
DXO,1
DYDC1,0
DYDC2,0
DYM,1
DYNAP,0
DYNC1H1,1
DYNC1I1,0
DYNC1I2,1
DYNC1LI1,1
DYNC1LI2,1
DYNC2H1,1
DYNC2LI1,1
DYNLL1,1
DYNLL2,1
DYNLRB1,1
DYNLRB2,1
DYNLT1,1
DYNLT3,0
DYRK1A,1
DYRK1B,1
DYRK2,1
DYRK3,1
DYRK4,0
DYSF,0
DYTN,0
DYX1C1,0
DYX1C1-CCPG1,0
DZANK1,1
DZIP1,1
DZIP1L,1
DZIP3,1
E2F1,1
E2F2,1
E2F3,1
E2F4,1
E2F5,1
E2F6,1
E2F7,1
E2F8,1
E4F1,1
EAF1,1
EAF2,1
EAPP,1
EARS2,1
EBAG9,1
EBF1,1
EBF2,0
EBF3,0
EBF4,0
EBI3,1
EBLN1,0
EBLN2,0
EBNA1BP2,1
EBP,0
EBPL,1
ECD,1
ECE1,1
ECE2,1
ECEL1,0
ECEL1P2,0
ECH1,1
ECHDC1,1
ECHDC2,1
ECHDC3,0
ECHS1,1
ECI1,1
ECI2,1
ECM1,0
ECM2,0
ECRP,0
ECSCR,0
ECSIT,1
ECT2,0
ECT2L,0
EDA,0
EDA2R,1
EDAR,0
EDARADD,1
EDC3,1
EDC4,1
EDDM3A,0
EDDM3B,0
EDEM1,1
EDEM2,1
EDEM3,1
EDF1,1
EDIL3,0
EDN1,1
EDN2,1
EDN3,0
EDNRA,0
EDNRB,0
EDRF1,1
EEA1,1
EED,1
EEF1A1,1
EEF1A2,0
EEF1B2,1
EEF1D,1
EEF1DP3,0
EEF1E1,1
EEF1E1-BLOC1S5,1
EEF1G,1
EEF2,1
EEF2K,1
EEFSEC,1
EEPD1,1
EFCAB1,0
EFCAB10,0
EFCAB11,1
EFCAB12,0
EFCAB13,1
EFCAB14,1
EFCAB2,1
EFCAB3,0
EFCAB5,0
EFCAB6,1
EFCAB7,1
EFCAB8,0
EFCAB9,0
EFCC1,1
EFEMP1,0
EFEMP2,1
EFHB,0
EFHC1,1
EFHC2,0
EFHD1,1
EFHD2,1
EFNA1,1
EFNA2,0
EFNA3,1
EFNA4,1
EFNA5,1
EFNB1,0
EFNB2,0
EFNB3,0
EFR3A,1
EFR3B,1
EFS,0
EFTUD1,1
EFTUD2,1
EGF,0
EGFEM1P,1
EGFL6,0
EGFL7,0
EGFL8,0
EGFLAM,0
EGFR,0
EGLN1,1
EGLN2,1
EGLN3,0
EGOT,1
EGR1,1
EGR2,1
EGR3,1
EGR4,0
EHBP1,0
EHBP1L1,1
EHD1,1
EHD2,0
EHD3,1
EHD4,1
EHF,0
EHHADH,1
EHMT1,1
EHMT2,0
EI24,1
EID1,1
EID2,0
EID2B,1
EID3,1
EIF1,1
EIF1AD,1
EIF1AX,1
EIF1AY,0
EIF1B,1
EIF2A,1
EIF2AK1,1
EIF2AK2,1
EIF2AK3,1
EIF2AK4,1
EIF2B1,1
EIF2B2,1
EIF2B3,1
EIF2B4,1
EIF2B5,1
EIF2D,1
EIF2S1,1
EIF2S2,1
EIF2S3,1
EIF3A,1
EIF3B,1
EIF3C,0
EIF3CL,1
EIF3D,1
EIF3E,1
EIF3F,1
EIF3G,1
EIF3H,1
EIF3I,1
EIF3IP1,0
EIF3J,1
EIF3K,1
EIF3L,1
EIF3M,1
EIF4A1,1
EIF4A2,1
EIF4A3,1
EIF4B,1
EIF4E,1
EIF4E1B,0
EIF4E2,1
EIF4E3,0
EIF4EBP1,1
EIF4EBP2,1
EIF4EBP3,1
EIF4ENIF1,1
EIF4G1,1
EIF4G2,1
EIF4G3,1
EIF4H,1
EIF5,1
EIF5A,1
EIF5A2,1
EIF5AL1,0
EIF5B,1
EIF6,1
ELAC1,1
ELAC2,1
ELANE,1
ELAVL1,1
ELAVL2,0
ELAVL3,1
ELAVL4,0
ELF1,1
ELF2,0
ELF3,1
ELF4,1
ELF5,1
ELFN1,0
ELFN2,1
ELK1,0
ELK3,1
ELK4,1
ELL,1
ELL2,1
ELL3,1
ELMO1,1
ELMO2,1
ELMO3,0
ELMOD1,0
ELMOD2,1
ELMOD3,1
ELMSAN1,1
ELN,0
ELOF1,1
ELOVL1,1
ELOVL2,1
ELOVL3,1
ELOVL4,0
ELOVL5,1
ELOVL6,1
ELOVL7,0
ELP2,1
ELP3,1
ELP4,1
ELP5,1
ELP6,1
ELSPBP1,0
ELTD1,0
EMB,1
EMBP1,0
EMC1,1
EMC10,1
EMC2,1
EMC3,1
EMC4,1
EMC6,1
EMC7,1
EMC8,1
EMC9,1
EMCN,0
EMD,1
EME1,1
EME2,1
EMG1,1
EMID1,1
EMILIN1,1
EMILIN2,0
EMILIN3,0
EML1,0
EML2,1
EML3,1
EML4,1
EML5,0
EML6,1
EMP1,1
EMP2,1
EMP3,1
EMR1,0
EMR2,1
EMR3,0
EMR4P,0
EMX1,1
EMX2,1
EMX2OS,0
EN1,0
EN2,0
ENAH,1
ENAM,1
ENC1,1
ENDOD1,1
ENDOG,1
ENDOU,0
ENDOV,1
ENG,0
ENGASE,0
ENHO,0
ENKD1,1
ENKUR,1
ENO1,1
ENO1-AS1,1
ENO2,1
ENO3,1
ENO4,1
ENOPH1,1
ENOSF1,1
ENOX1,0
ENOX2,1
ENPEP,0
ENPP1,1
ENPP2,1
ENPP3,1
ENPP4,0
ENPP5,0
ENPP6,0
ENPP7,0
ENSA,1
ENTHD1,0
ENTHD2,1
ENTPD1,0
ENTPD2,1
ENTPD3,0
ENTPD3-AS1,1
ENTPD4,1
ENTPD5,1
ENTPD6,1
ENTPD7,0
ENTPD8,1
ENY2,1
EOGT,1
EOMES,0
EP300,1
EP400,1
EP400NL,1
EPAS1,1
EPB41,1
EPB41L1,0
EPB41L2,1
EPB41L3,0
EPB41L4A,1
EPB41L4A-AS1,1
EPB41L4B,1
EPB41L5,1
EPB42,0
EPC1,1
EPC2,1
EPCAM,1
EPDR1,1
EPG5,1
EPGN,0
EPHA1,0
EPHA10,0
EPHA2,1
EPHA3,0
EPHA4,1
EPHA5,1
EPHA6,0
EPHA7,0
EPHA8,0
EPHB1,0
EPHB2,1
EPHB3,1
EPHB4,1
EPHB6,1
EPHX1,1
EPHX2,1
EPHX3,0
EPHX4,0
EPM2A,1
EPM2AIP1,1
EPN1,1
EPN2,0
EPN3,1
EPO,1
EPOR,1
EPPIN,0
EPPIN-WFDC6,0
EPPK1,1
EPRS,1
EPS15,1
EPS15L1,1
EPS8,1
EPS8L1,1
EPS8L2,1
EPS8L3,1
EPSTI1,1
EPT1,1
EPX,0
EPYC,0
EQTN,0
ERAL1,1
ERAP1,1
ERAP2,1
ERAS,0
ERBB2,1
ERBB2IP,1
ERBB3,1
ERBB4,0
ERC1,1
ERC2,0
ERC2-IT1,0
ERCC1,1
ERCC2,1
ERCC3,1
ERCC4,1
ERCC5,1
ERCC6,1
ERCC6L,0
ERCC6L2,1
ERCC8,1
EREG,0
ERF,1
ERG,0
ERGIC1,1
ERGIC2,1
ERGIC3,1
ERH,1
ERI1,1
ERI2,1
ERI3,0
ERICH1,0
ERICH2,0
ERICH3,0
ERICH4,0
ERICH5,0
ERICH6,1
ERICH6B,0
ERLEC1,1
ERLIN1,1
ERLIN2,1
ERMAP,1
ERMARD,1
ERMN,0
ERMP1,1
ERN1,1
ERN2,0
ERO1L,1
ERO1LB,1
ERP27,0
ERP29,1
ERP44,1
ERRFI1,1
ERV3-1,1
ERVFRD-1,0
ERVK13-1,0
ERVMER34-1,0
ERVV-1,0
ERVV-2,0
ESAM,1
ESCO1,1
ESCO2,1
ESD,1
ESF1,1
ESM1,0
ESPL1,1
ESPN,1
ESPNL,0
ESPNP,0
ESR1,1
ESR2,1
ESRG,0
ESRP1,1
ESRP2,1
ESRRA,1
ESRRB,0
ESRRG,0
ESX1,0
ESYT1,1
ESYT2,1
ESYT3,1
ETAA1,1
ETF1,1
ETFA,1
ETFB,1
ETFDH,1
ETHE1,1
ETNK1,1
ETNK2,0
ETNPPL,1
ETS1,0
ETS2,1
ETV1,0
ETV2,1
ETV3,1
ETV3L,0
ETV4,1
ETV5,1
ETV6,1
ETV7,1
EVA1A,1
EVA1B,1
EVA1C,1
EVC,1
EVC2,0
EVI2A,1
EVI2B,1
EVI5,0
EVI5L,1
EVL,1
EVPL,1
EVPLL,0
EVX1,0
EVX2,0
EWSR1,1
EXD1,1
EXD2,1
EXD3,1
EXO1,1
EXO5,1
EXOC1,1
EXOC2,1
EXOC3,1
EXOC3L1,1
EXOC3L2,0
EXOC3L4,1
EXOC4,1
EXOC5,1
EXOC6,0
EXOC6B,1
EXOC7,1
EXOC8,1
EXOG,1
EXOSC1,1
EXOSC10,1
EXOSC2,0
EXOSC3,1
EXOSC4,1
EXOSC5,1
EXOSC6,1
EXOSC7,1
EXOSC8,1
EXOSC9,1
EXPH5,1
EXT1,1
EXT2,0
EXTL1,0
EXTL2,1
EXTL3,0
EYA1,0
EYA2,0
EYA3,1
EYA4,1
EYS,0
EZH1,1
EZH2,1
EZR,1
F10,1
F11,1
F11R,1
F12,0
F13A1,0
F13B,1
F2,1
F2R,1
F2RL1,1
F2RL2,0
F2RL3,1
F3,0
F5,1
F7,1
F8,0
F8A1,0
F8A2,0
F8A3,1
F9,0
FA2H,1
FAAH,1
FAAH2,0
FABP1,1
FABP12,0
FABP2,0
FABP3,1
FABP4,0
FABP5,0
FABP5P3,1
FABP6,0
FABP7,0
FABP9,0
FADD,1
FADS1,1
FADS2,1
FADS3,0
FADS6,0
FAF1,1
FAF2,1
FAH,1
FAHD1,1
FAHD2A,1
FAHD2B,1
FAIM,1
FAIM2,0
FAIM3,1
FAM101A,0
FAM101B,0
FAM102A,1
FAM102B,1
FAM103A1,1
FAM104A,1
FAM104B,1
FAM105A,1
FAM106A,0
FAM106CP,0
FAM107A,1
FAM107B,0
FAM109A,1
FAM109B,0
FAM110A,1
FAM110B,0
FAM110C,1
FAM110D,0
FAM111A,1
FAM111B,1
FAM114A1,1
FAM114A2,1
FAM115A,1
FAM115C,1
FAM117A,1
FAM117B,1
FAM118A,1
FAM118B,1
FAM120A,1
FAM120AOS,1
FAM120B,1
FAM120C,0
FAM122A,1
FAM122B,1
FAM122C,0
FAM124A,0
FAM124B,0
FAM126A,1
FAM126B,1
FAM127A,0
FAM127B,0
FAM127C,1
FAM129A,1
FAM129B,1
FAM129C,1
FAM131A,1
FAM131B,0
FAM131C,1
FAM132A,0
FAM132B,0
FAM133A,0
FAM133B,1
FAM134A,1
FAM134B,0
FAM134C,1
FAM135A,1
FAM135B,0
FAM136A,1
FAM138A,0
FAM138B,0
FAM138C,0
FAM138D,0
FAM138E,0
FAM138F,0
FAM13A,1
FAM13A-AS1,0
FAM13B,1
FAM13C,0
FAM149A,0
FAM149B1,1
FAM150A,0
FAM150B,0
FAM151A,1
FAM151B,1
FAM153A,0
FAM153B,0
FAM153C,0
FAM154A,0
FAM154B,1
FAM155A,0
FAM155B,0
FAM156A,1
FAM156B,0
FAM157A,0
FAM157B,0
FAM159A,0
FAM159B,0
FAM160A1,1
FAM160A2,1
FAM160B1,1
FAM160B2,0
FAM161A,1
FAM161B,1
FAM162A,1
FAM162B,0
FAM163A,0
FAM163B,0
FAM166A,0
FAM166B,0
FAM167A,1
FAM167B,1
FAM168A,1
FAM168B,1
FAM169A,1
FAM169B,0
FAM170A,0
FAM170B,0
FAM171A1,0
FAM171A2,1
FAM171B,1
FAM172A,1
FAM172BP,1
FAM173A,1
FAM173B,1
FAM174A,1
FAM174B,0
FAM175A,1
FAM175B,1
FAM177A1,1
FAM177B,0
FAM178A,1
FAM178B,0
FAM179A,1
FAM179B,1
FAM180A,0
FAM180B,0
FAM181A,0
FAM181A-AS1,0
FAM181B,0
FAM182A,0
FAM182B,0
FAM183A,1
FAM183B,0
FAM184A,1
FAM184B,0
FAM185A,1
FAM186A,1
FAM186B,0
FAM187A,0
FAM187B,0
FAM188A,1
FAM188B,1
FAM189A1,0
FAM189A2,0
FAM189B,1
FAM192A,1
FAM193A,0
FAM193B,1
FAM195A,1
FAM195B,1
FAM196A,0
FAM196B,0
FAM197Y2,0
FAM198A,1
FAM198B,1
FAM199X,0
FAM19A1,0
FAM19A2,0
FAM19A3,0
FAM19A4,0
FAM19A5,0
FAM200A,1
FAM200B,1
FAM201A,1
FAM204A,1
FAM205A,0
FAM205B,0
FAM206A,1
FAM207A,1
FAM208A,1
FAM208B,1
FAM209A,0
FAM209B,0
FAM20A,1
FAM20B,1
FAM20C,1
FAM210A,1
FAM210B,1
FAM212A,1
FAM212B,1
FAM213A,1
FAM213B,1
FAM214A,1
FAM214B,0
FAM215A,0
FAM216A,1
FAM216B,0
FAM217A,0
FAM217B,0
FAM218A,1
FAM219A,1
FAM219B,1
FAM21A,1
FAM21C,1
FAM220A,1
FAM221A,1
FAM221B,0
FAM222A,1
FAM222B,1
FAM223A,0
FAM223B,0
FAM224A,0
FAM224B,0
FAM225A,1
FAM225B,1
FAM226A,0
FAM226B,0
FAM227A,0
FAM227B,1
FAM228A,0
FAM228B,0
FAM229A,0
FAM229B,1
FAM24A,0
FAM24B,0
FAM24B-CUZD1,0
FAM25A,0
FAM25C,0
FAM25G,0
FAM26D,0
FAM26E,0
FAM26F,1
FAM27B,0
FAM27C,1
FAM27L,0
FAM32A,1
FAM35A,1
FAM35BP,0
FAM35DP,0
FAM3A,0
FAM3B,0
FAM3C,1
FAM3D,0
FAM41C,0
FAM43A,1
FAM43B,1
FAM45A,1
FAM45B,1
FAM46A,1
FAM46B,1
FAM46C,1
FAM46D,0
FAM47A,0
FAM47B,0
FAM47C,0
FAM47E,1
FAM47E-STBD1,1
FAM49A,1
FAM49B,1
FAM50A,0
FAM50B,1
FAM53A,1
FAM53B,1
FAM53C,1
FAM57A,1
FAM57B,1
FAM58A,0
FAM58BP,0
FAM60A,1
FAM63A,1
FAM63B,1
FAM64A,1
FAM65A,1
FAM65B,1
FAM65C,1
FAM66A,0
FAM66B,0
FAM66C,0
FAM66D,0
FAM66E,0
FAM69A,1
FAM69B,1
FAM69C,0
FAM71A,0
FAM71B,1
FAM71C,0
FAM71D,1
FAM71E1,1
FAM71E2,0
FAM71F1,0
FAM71F2,0
FAM72A,1
FAM72B,1
FAM72D,1
FAM73A,1
FAM73B,1
FAM74A1,0
FAM74A3,0
FAM74A4,0
FAM76A,0
FAM76B,1
FAM78A,0
FAM78B,1
FAM81A,1
FAM81B,0
FAM83A,1
FAM83B,1
FAM83C,0
FAM83D,1
FAM83E,1
FAM83F,0
FAM83G,1
FAM83H,0
FAM84A,0
FAM84B,1
FAM86A,1
FAM86B1,0
FAM86B2,0
FAM86C1,0
FAM86C2P,0
FAM86DP,1
FAM86EP,0
FAM86FP,0
FAM86HP,0
FAM89A,0
FAM89B,0
FAM8A1,1
FAM90A1,1
FAM90A10P,0
FAM90A14P,0
FAM90A18P,0
FAM90A19P,0
FAM90A20P,0
FAM90A25P,0
FAM90A7P,0
FAM90A8P,0
FAM90A9P,0
FAM91A1,1
FAM92A1,0
FAM92A1P2,0
FAM92B,0
FAM95B1,0
FAM96A,1
FAM96B,1
FAM98A,1
FAM98B,1
FAM98C,1
FAM99A,0
FAM99B,0
FAM9A,0
FAM9B,0
FAM9C,0
FAN1,1
FANCA,1
FANCB,0
FANCC,1
FANCD2,1
FANCD2OS,0
FANCE,1
FANCF,1
FANCG,1
FANCI,1
FANCL,1
FANCM,1
FANK1,1
FAP,1
FAR1,1
FAR2,0
FARP1,1
FARP2,1
FARS2,1
FARSA,1
FARSB,1
FAS,1
FAS-AS1,1
FASLG,0
FASN,1
FASTK,1
FASTKD1,1
FASTKD2,1
FASTKD3,1
FASTKD5,1
FAT1,1
FAT2,1
FAT3,0
FAT4,1
FATE1,0
FAU,1
FAXC,0
FAXDC2,0
FBF1,1
FBL,1
FBLIM1,0
FBLL1,0
FBLN1,1
FBLN2,0
FBLN5,1
FBLN7,1
FBN1,1
FBN2,1
FBN3,1
FBP1,0
FBP2,0
FBRS,0
FBRSL1,0
FBXL12,1
FBXL13,1
FBXL14,1
FBXL15,1
FBXL16,1
FBXL17,1
FBXL18,1
FBXL19,1
FBXL19-AS1,1
FBXL2,0
FBXL20,1
FBXL21,0
FBXL22,1
FBXL3,1
FBXL4,1
FBXL5,1
FBXL6,1
FBXL7,1
FBXL8,1
FBXO10,1
FBXO11,1
FBXO15,1
FBXO16,1
FBXO17,1
FBXO18,1
FBXO2,0
FBXO21,0
FBXO22,1
FBXO22-AS1,0
FBXO24,1
FBXO25,0
FBXO27,1
FBXO28,1
FBXO3,0
FBXO30,1
FBXO31,1
FBXO32,0
FBXO33,1
FBXO34,1
FBXO36,1
FBXO38,1
FBXO39,0
FBXO4,1
FBXO40,0
FBXO41,0
FBXO42,1
FBXO43,1
FBXO44,0
FBXO45,1
FBXO46,1
FBXO47,0
FBXO48,1
FBXO5,1
FBXO6,1
FBXO7,1
FBXO8,1
FBXO9,1
FBXW10,0
FBXW11,1
FBXW12,0
FBXW2,1
FBXW4,1
FBXW4P1,1
FBXW5,1
FBXW7,1
FBXW8,1
FBXW9,1
FCAMR,1
FCAR,0
FCER1A,0
FCER1G,0
FCER2,1
FCF1,1
FCGBP,0
FCGR1A,0
FCGR1B,0
FCGR1C,0
FCGR2A,1
FCGR2B,1
FCGR2C,1
FCGR3A,0
FCGR3B,0
FCGRT,1
FCHO1,0
FCHO2,1
FCHSD1,0
FCHSD2,1
FCN1,0
FCN2,0
FCN3,0
FCRL1,0
FCRL2,1
FCRL3,0
FCRL4,1
FCRL5,1
FCRL6,0
FCRLA,1
FCRLB,1
FDCSP,0
FDFT1,1
FDPS,1
FDPSP2,0
FDX1,1
FDX1L,1
FDXACB1,1
FDXR,1
FECH,0
FEM1A,1
FEM1B,1
FEM1C,1
FEN1,1
FER,1
FER1L4,1
FER1L5,0
FER1L6,0
FER1L6-AS1,1
FERD3L,0
FERMT1,1
FERMT2,1
FERMT3,1
FES,1
FETUB,0
FEV,0
FEZ1,0
FEZ2,1
FEZF1,0
FEZF2,0
FFAR1,1
FFAR2,1
FFAR3,0
FFAR4,1
FGA,1
FGB,0
FGD1,0
FGD2,1
FGD3,0
FGD4,0
FGD5,0
FGD6,1
FGF1,1
FGF10,0
FGF11,1
FGF12,0
FGF13,0
FGF14,0
FGF14-IT1,0
FGF16,0
FGF17,1
FGF18,1
FGF19,1
FGF2,1
FGF20,0
FGF21,0
FGF22,0
FGF23,0
FGF3,0
FGF4,0
FGF5,0
FGF6,0
FGF7,0
FGF8,1
FGF9,1
FGFBP1,1
FGFBP2,0
FGFBP3,1
FGFR1,1
FGFR1OP,1
FGFR1OP2,1
FGFR2,1
FGFR3,0
FGFR4,1
FGFRL1,1
FGG,1
FGGY,1
FGL1,1
FGL2,0
FGR,1
FH,1
FHAD1,1
FHDC1,0
FHIT,1
FHL1,0
FHL2,0
FHL3,0
FHL5,0
FHOD1,1
FHOD3,0
FIBCD1,0
FIBIN,0
FIBP,1
FICD,1
FIG4,1
FIGF,1
FIGLA,0
FIGN,1
FIGNL1,1
FIGNL2,0
FILIP1,1
FILIP1L,0
FIP1L1,1
FIS1,1
FITM1,1
FITM2,1
FIZ1,1
FJX1,1
FKBP10,1
FKBP11,0
FKBP14,1
FKBP15,1
FKBP1A,1
FKBP1A-SDCBP2,1
FKBP1AP1,0
FKBP1B,1
FKBP2,1
FKBP3,1
FKBP4,1
FKBP5,1
FKBP6,0
FKBP7,1
FKBP8,1
FKBP9,1
FKBP9P1,0
FKBPL,1
FKRP,0
FKSG29,1
FKTN,1
FLAD1,1
FLCN,1
FLG,0
FLG2,0
FLI1,1
FLII,1
FLJ10038,1
FLJ12825,0
FLJ13224,1
FLJ16779,0
FLJ20021,1
FLJ21408,1
FLJ22184,1
FLJ22447,1
FLJ22763,0
FLJ23867,0
FLJ25758,1
FLJ26245,1
FLJ26850,0
FLJ27354,0
FLJ30679,1
FLJ31306,1
FLJ31662,0
FLJ33360,0
FLJ33534,1
FLJ33581,0
FLJ34503,0
FLJ36000,0
FLJ36777,1
FLJ37035,1
FLJ37201,1
FLJ37453,1
FLJ37505,0
FLJ39080,0
FLJ40194,1
FLJ41278,1
FLJ41941,0
FLJ42102,0
FLJ42351,1
FLJ42393,0
FLJ42627,1
FLJ42969,1
FLJ43681,0
FLJ43879,0
FLJ44511,1
FLJ44635,0
FLJ45079,1
FLJ45513,0
FLJ46066,0
FLJ46906,1
FLNA,0
FLNB,1
FLNC,1
FLOT1,0
FLOT2,1
FLRT1,0
FLRT2,0
FLRT3,0
FLT1,0
FLT3,0
FLT3LG,1
FLT4,0
FLVCR1,1
FLVCR1-AS1,1
FLVCR2,1
FLYWCH1,1
FLYWCH2,1
FMN1,1
FMN2,1
FMNL1,0
FMNL2,1
FMNL3,1
FMO1,0
FMO2,0
FMO3,0
FMO4,1
FMO5,1
FMO6P,0
FMO9P,0
FMOD,0
FMR1,1
FMR1-AS1,1
FMR1NB,0
FN1,1
FN3K,1
FN3KRP,1
FNBP1,1
FNBP1L,1
FNBP4,1
FNDC1,0
FNDC3A,1
FNDC3B,1
FNDC4,1
FNDC5,1
FNDC7,0
FNDC8,1
FNDC9,0
FNIP1,1
FNIP2,1
FNTA,1
FNTB,1
FOCAD,1
FOLH1,1
FOLH1B,0
FOLR1,0
FOLR2,0
FOLR3,0
FOLR4,0
FOPNL,1
FOS,1
FOSB,1
FOSL1,1
FOSL2,1
FOXA1,1
FOXA2,1
FOXA3,1
FOXB1,0
FOXB2,0
FOXC1,0
FOXC2,0
FOXD1,1
FOXD2,1
FOXD3,0
FOXD4,0
FOXD4L1,0
FOXD4L3,0
FOXD4L4,0
FOXD4L5,0
FOXD4L6,0
FOXE1,0
FOXE3,0
FOXF1,0
FOXF2,0
FOXG1,0
FOXH1,1
FOXI1,0
FOXI2,0
FOXI3,0
FOXJ1,0
FOXJ2,0
FOXJ3,1
FOXK1,1
FOXK2,1
FOXL1,0
FOXL2,0
FOXL2NB,0
FOXM1,1
FOXN1,0
FOXN2,1
FOXN3,0
FOXN4,0
FOXO1,1
FOXO3,1
FOXO3B,0
FOXO4,0
FOXO6,0
FOXP1,1
FOXP2,1
FOXP3,0
FOXP4,1
FOXQ1,1
FOXR1,0
FOXR2,0
FOXRED1,1
FOXRED2,1
FOXS1,0
FPGS,1
FPGT,1
FPGT-TNNI3K,1
FPR1,0
FPR2,0
FPR3,0
FRA10AC1,1
FRAS1,1
FRAT1,1
FRAT2,1
FREM1,0
FREM2,0
FREM3,1
FRG1,1
FRG1B,1
FRG2,0
FRG2B,0
FRG2C,0
FRK,1
FRMD1,0
FRMD3,1
FRMD4A,0
FRMD4B,0
FRMD5,1
FRMD6,0
FRMD6-AS1,1
FRMD7,0
FRMD8,1
FRMD8P1,0
FRMPD1,0
FRMPD2,0
FRMPD4,0
FRRS1,1
FRRS1L,0
FRS2,1
FRS3,1
FRY,0
FRYL,1
FRZB,1
FSBP,0
FSCB,0
FSCN1,1
FSCN2,1
FSCN3,0
FSD1,1
FSD1L,1
FSD2,1
FSHB,0
FSHR,0
FSIP1,1
FSIP2,0
FST,1
FSTL1,0
FSTL3,1
FSTL4,0
FSTL5,0
FTCD,1
FTCDNL1,1
FTH1,1
FTH1P3,0
FTHL17,0
FTL,1
FTLP10,0
FTMT,0
FTO,1
FTSJ1,1
FTSJ2,1
FTSJ3,1
FTX,0
FUBP1,1
FUBP3,1
FUCA1,1
FUCA2,1
FUK,1
FUNDC1,0
FUNDC2,1
FUNDC2P2,0
FUOM,1
FURIN,1
FUS,1
FUT1,0
FUT10,1
FUT11,1
FUT2,0
FUT3,1
FUT4,1
FUT5,1
FUT6,1
FUT7,0
FUT8,1
FUT9,0
FUZ,1
FXN,1
FXR1,1
FXR2,1
FXYD1,1
FXYD2,1
FXYD3,0
FXYD4,0
FXYD5,1
FXYD6,0
FXYD6-FXYD2,0
FXYD7,1
FYB,0
FYCO1,1
FYN,0
FYTTD1,1
FZD1,1
FZD10,0
FZD2,1
FZD3,0
FZD4,1
FZD5,1
FZD6,1
FZD7,1
FZD8,1
FZD9,1
FZR1,1
G0S2,1
G2E3,1
G3BP1,1
G3BP2,1
G6PC,1
G6PC2,0
G6PC3,1
G6PD,1
GAA,1
GAB1,1
GAB2,1
GAB3,0
GAB4,0
GABARAP,1
GABARAPL1,1
GABARAPL2,1
GABARAPL3,0
GABBR1,0
GABBR2,1
GABPA,1
GABPB1,1
GABPB2,1
GABRA1,0
GABRA2,0
GABRA3,0
GABRA4,0
GABRA5,0
GABRA6,0
GABRB1,0
GABRB2,0
GABRB3,0
GABRD,0
GABRE,1
GABRG1,0
GABRG2,0
GABRG3,0
GABRP,1
GABRQ,1
GABRR1,0
GABRR2,0
GABRR3,0
GAD1,0
GAD2,0
GADD45A,1
GADD45B,1
GADD45G,1
GADD45GIP1,1
GADL1,0
GAGE1,0
GAGE10,0
GAGE12B,0
GAGE12C,0
GAGE12D,0
GAGE12E,0
GAGE12F,0
GAGE12G,0
GAGE12H,0
GAGE12I,0
GAGE12J,0
GAGE13,0
GAGE2A,0
GAGE2B,0
GAGE2C,0
GAGE2D,0
GAGE2E,0
GAGE4,0
GAGE5,0
GAGE6,0
GAGE7,0
GAGE8,0
GAK,1
GAL,0
GAL3ST1,1
GAL3ST2,1
GAL3ST3,1
GAL3ST4,0
GALC,1
GALE,1
GALK1,1
GALK2,1
GALM,1
GALNS,1
GALNT1,0
GALNT10,1
GALNT11,0
GALNT12,1
GALNT13,0
GALNT14,0
GALNT15,0
GALNT16,1
GALNT18,0
GALNT2,1
GALNT3,1
GALNT4,1
GALNT5,1
GALNT6,1
GALNT7,1
GALNT8,0
GALNT9,0
GALNTL5,0
GALNTL6,0
GALP,0
GALR1,0
GALR2,1
GALR3,0
GALT,1
GAMT,1
GAN,1
GANAB,1
GANC,1
GAP43,0
GAPDH,1
GAPDHS,0
GAPT,0
GAPVD1,1
GAR1,1
GAREM,0
GAREML,0
GARNL3,0
GARS,1
GART,1
GAS1,0
GAS2,1
GAS2L1,1
GAS2L2,0
GAS2L3,1
GAS5,1
GAS6,0
GAS7,0
GAS8,1
GAST,0
GATA1,0
GATA2,0
GATA3,1
GATA4,1
GATA5,0
GATA6,0
GATAD1,1
GATAD2A,1
GATAD2B,1
GATB,1
GATC,1
GATM,0
GATS,1
GATSL2,0
GATSL3,1
GBA,1
GBA2,1
GBA3,0
GBAP1,1
GBAS,1
GBE1,1
GBF1,1
GBGT1,0
GBP1,0
GBP1P1,0
GBP2,0
GBP3,1
GBP4,1
GBP5,1
GBP6,1
GBP7,0
GBX1,0
GBX2,0
GC,0
GCA,1
GCAT,1
GCC1,1
GCC2,1
GCDH,1
GCFC2,1
GCG,0
GCGR,0
GCH1,1
GCHFR,1
GCK,0
GCKR,1
GCLC,1
GCLM,1
GCM1,0
GCM2,0
GCN1L1,1
GCNT1,1
GCNT2,1
GCNT3,0
GCNT4,0
GCNT7,0
GCOM1,1
GCSAM,1
GCSAML,0
GCSH,1
GDA,0
GDAP1,1
GDAP1L1,0
GDAP2,0
GDE1,1
GDF1,0
GDF10,0
GDF11,0
GDF15,1
GDF2,0
GDF3,0
GDF5,0
GDF6,0
GDF7,1
GDF9,1
GDI1,0
GDI2,1
GDNF,0
GDPD1,1
GDPD2,0
GDPD3,1
GDPD4,1
GDPD5,1
GDPGP1,1
GEM,1
GEMIN2,1
GEMIN4,1
GEMIN5,1
GEMIN6,1
GEMIN7,1
GEMIN8,1
GEMIN8P4,1
GEN1,1
GET4,1
GFAP,1
GFER,1
GFI1,1
GFI1B,0
GFM1,1
GFM2,1
GFOD1,1
GFOD2,1
GFPT1,1
GFPT2,1
GFRA1,0
GFRA2,0
GFRA3,1
GFRA4,0
GFRAL,0
GFY,0
GGA1,1
GGA2,1
GGA3,1
GGACT,1
GGCT,1
GGCX,1
GGH,1
GGN,0
GGNBP1,0
GGNBP2,1
GGPS1,1
GGT1,1
GGT3P,0
GGT5,0
GGT6,1
GGT7,0
GGT8P,0
GGTA1P,1
GGTLC1,0
GGTLC2,0
GH1,0
GH2,0
GHDC,1
GHITM,1
GHR,0
GHRH,0
GHRHR,1
GHRL,1
GHRLOS,1
GHSR,0
GID4,1
GID8,1
GIF,0
GIGYF1,0
GIGYF2,1
GIMAP1,0
GIMAP1-GIMAP5,0
GIMAP2,1
GIMAP3P,0
GIMAP4,0
GIMAP5,0
GIMAP6,1
GIMAP7,0
GIMAP8,1
GIMD1,0
GIN1,1
GINM1,1
GINS1,1
GINS2,1
GINS3,1
GINS4,1
GIP,1
GIPC1,1
GIPC2,1
GIPC3,0
GIPR,1
GIT1,0
GIT2,1
GJA1,1
GJA10,0
GJA3,0
GJA4,0
GJA5,0
GJA8,0
GJA9,0
GJA9-MYCBP,0
GJB1,0
GJB2,0
GJB3,1
GJB4,0
GJB5,0
GJB6,0
GJB7,0
GJC1,0
GJC2,1
GJC3,0
GJD2,0
GJD3,1
GJD4,0
GJE1,0
GK,1
GK2,0
GK3P,0
GK5,1
GKAP1,0
GKN1,0
GKN2,0
GLA,1
GLB1,1
GLB1L,1
GLB1L2,0
GLB1L3,1
GLCCI1,1
GLCE,0
GLDC,1
GLDN,0
GLE1,1
GLG1,1
GLI1,1
GLI2,0
GLI3,0
GLI4,1
GLIPR1,1
GLIPR1L1,1
GLIPR1L2,1
GLIPR2,0
GLIS1,1
GLIS2,0
GLIS3,1
GLIS3-AS1,1
GLMN,1
GLO1,1
GLOD4,1
GLOD5,0
GLP1R,0
GLP2R,0
GLRA1,0
GLRA2,0
GLRA3,0
GLRA4,1
GLRB,1
GLRX,1
GLRX2,1
GLRX3,1
GLRX5,1
GLS,1
GLS2,0
GLT1D1,0
GLT6D1,0
GLT8D1,1
GLT8D2,1
GLTP,0
GLTPD2,1
GLTSCR1,1
GLTSCR1L,0
GLTSCR2,1
GLUD1,1
GLUD2,0
GLUL,1
GLYAT,0
GLYATL1,1
GLYATL2,0
GLYATL3,0
GLYCAM1,0
GLYCTK,1
GLYR1,1
GM2A,0
GMCL1,1
GMCL1P1,0
GMDS,1
GMEB1,1
GMEB2,1
GMFB,1
GMFG,1
GMIP,1
GML,0
GMNC,0
GMNN,1
GMPPA,1
GMPPB,1
GMPR,1
GMPR2,1
GMPS,1
GNA11,0
GNA12,1
GNA13,1
GNA14,0
GNA15,0
GNAI1,1
GNAI2,1
GNAI3,1
GNAL,1
GNAO1,0
GNAQ,0
GNAS,0
GNAS-AS1,0
GNAT1,0
GNAT2,0
GNAT3,0
GNAZ,0
GNB1,1
GNB1L,1
GNB2,1
GNB2L1,1
GNB3,0
GNB4,0
GNB5,0
GNE,0
GNG10,1
GNG11,1
GNG12,1
GNG13,0
GNG2,1
GNG3,1
GNG4,1
GNG5,1
GNG7,1
GNG8,0
GNGT1,0
GNGT2,1
GNL1,0
GNL2,0
GNL3,1
GNL3L,0
GNLY,0
GNMT,1
GNN,1
GNPAT,1
GNPDA1,1
GNPDA2,1
GNPNAT1,1
GNPTAB,1
GNPTG,1
GNRH1,0
GNRH2,1
GNRHR,0
GNRHR2,1
GNS,1
GOLGA1,1
GOLGA2,1
GOLGA2P2Y,0
GOLGA2P3Y,0
GOLGA2P5,0
GOLGA3,1
GOLGA4,1
GOLGA5,1
GOLGA6A,0
GOLGA6B,0
GOLGA6C,0
GOLGA6D,0
GOLGA6L1,0
GOLGA6L10,0
GOLGA6L5P,0
GOLGA6L6,0
GOLGA6L9,0
GOLGA7,1
GOLGA7B,0
GOLGA8A,0
GOLGA8B,0
GOLGA8CP,0
GOLGA8DP,0
GOLGA8EP,0
GOLGA8F,0
GOLGA8G,0
GOLGA8I,0
GOLGB1,1
GOLIM4,1
GOLM1,0
GOLPH3,1
GOLPH3L,1
GOLT1A,1
GOLT1B,1
GON4L,1
GOPC,1
GORAB,1
GORASP1,1
GORASP2,1
GOSR1,1
GOSR2,1
GOT1,1
GOT1L1,0
GOT2,1
GP1BA,1
GP1BB,0
GP2,1
GP5,0
GP6,0
GP9,0
GPA33,1
GPAA1,1
GPALPP1,1
GPAM,1
GPANK1,0
GPAT2,0
GPATCH1,1
GPATCH11,1
GPATCH2,1
GPATCH2L,1
GPATCH3,1
GPATCH4,1
GPATCH8,1
GPBAR1,0
GPBP1,1
GPBP1L1,1
GPC1,1
GPC2,0
GPC3,1
GPC4,1
GPC5,0
GPC6,1
GPCPD1,1
GPD1,0
GPD1L,1
GPD2,1
GPER1,1
GPHA2,0
GPHB5,0
GPHN,1
GPI,1
GPIHBP1,0
GPKOW,1
GPLD1,0
GPM6A,1
GPM6B,1
GPN1,1
GPN2,1
GPN3,1
GPNMB,0
GPR1,0
GPR101,0
GPR107,1
GPR108,1
GPR110,1
GPR111,0
GPR112,0
GPR113,1
GPR114,1
GPR115,0
GPR116,0
GPR119,1
GPR12,0
GPR123,0
GPR124,0
GPR125,1
GPR126,1
GPR128,0
GPR132,1
GPR133,0
GPR135,0
GPR137,1
GPR137B,0
GPR137C,1
GPR139,0
GPR141,0
GPR142,0
GPR143,0
GPR144,0
GPR146,0
GPR148,1
GPR149,0
GPR15,1
GPR150,1
GPR151,0
GPR152,1
GPR153,0
GPR155,1
GPR156,0
GPR157,1
GPR158,0
GPR160,0
GPR161,0
GPR162,0
GPR17,0
GPR171,1
GPR173,0
GPR174,0
GPR176,1
GPR179,0
GPR18,1
GPR180,1
GPR182,0
GPR183,1
GPR19,1
GPR20,1
GPR21,0
GPR22,0
GPR25,0
GPR26,0
GPR27,0
GPR3,1
GPR31,0
GPR32,0
GPR33,0
GPR34,0
GPR35,1
GPR37,0
GPR37L1,1
GPR39,1
GPR4,0
GPR45,1
GPR50,0
GPR52,0
GPR55,1
GPR56,1
GPR6,0
GPR61,0
GPR62,1
GPR63,0
GPR64,0
GPR65,1
GPR68,0
GPR75,0
GPR75-ASB3,0
GPR78,1
GPR82,1
GPR83,0
GPR84,1
GPR85,0
GPR87,0
GPR88,1
GPR89A,1
GPR89B,0
GPR97,1
GPR98,0
GPRASP1,0
GPRASP2,0
GPRC5A,1
GPRC5B,1
GPRC5C,1
GPRC5D,0
GPRC6A,0
GPRIN1,0
GPRIN2,0
GPRIN3,0
GPS1,1
GPS2,1
GPSM1,1
GPSM2,1
GPSM3,0
GPT,1
GPT2,1
GPX1,1
GPX2,1
GPX3,1
GPX4,1
GPX5,0
GPX6,0
GPX7,1
GPX8,0
GRAMD1A,1
GRAMD1B,0
GRAMD1C,1
GRAMD2,1
GRAMD3,1
GRAMD4,0
GRAP,1
GRAP2,1
GRAPL,1
GRASP,0
GRB10,0
GRB14,1
GRB2,1
GRB7,1
GREB1,1
GREB1L,0
GREM1,0
GREM2,0
GRHL1,1
GRHL2,1
GRHL3,0
GRHPR,1
GRIA1,0
GRIA2,0
GRIA3,0
GRIA4,0
GRID1,0
GRID2,0
GRID2IP,0
GRIFIN,0
GRIK1,0
GRIK1-AS1,0
GRIK1-AS2,0
GRIK2,0
GRIK3,0
GRIK4,0
GRIK5,0
GRIN1,0
GRIN2A,0
GRIN2B,0
GRIN2C,0
GRIN2D,0
GRIN3A,0
GRIN3B,1
GRINA,1
GRIP1,0
GRIP2,0
GRIPAP1,1
GRK1,0
GRK4,1
GRK5,1
GRK6,1
GRK7,0
GRM1,0
GRM2,0
GRM3,0
GRM4,0
GRM5,0
GRM6,0
GRM7,0
GRM8,0
GRN,1
GRP,0
GRPEL1,1
GRPEL2,1
GRPR,0
GRSF1,1
GRTP1,0
GRWD1,1
GRXCR1,0
GRXCR2,1
GSAP,1
GSC,0
GSC2,0
GSDMA,0
GSDMB,0
GSDMC,1
GSDMD,1
GSE1,1
GSG1,0
GSG1L,0
GSG2,1
GSK3A,1
GSK3B,1
GSKIP,0
GSN,1
GSPT1,1
GSPT2,1
GSR,1
GSS,1
GSTA1,0
GSTA2,1
GSTA3,0
GSTA4,1
GSTA5,0
GSTA7P,1
GSTCD,1
GSTK1,1
GSTM1,0
GSTM2,1
GSTM2P1,0
GSTM3,0
GSTM4,1
GSTM5,0
GSTO1,1
GSTO2,1
GSTP1,0
GSTT1,1
GSTT2,0
GSTT2B,0
GSTTP1,0
GSTTP2,0
GSTZ1,1
GSX1,0
GSX2,1
GTDC1,1
GTF2A1,1
GTF2A1L,0
GTF2A2,1
GTF2B,1
GTF2E1,1
GTF2E2,1
GTF2F1,1
GTF2F2,1
GTF2H1,1
GTF2H2,1
GTF2H2B,1
GTF2H2C,1
GTF2H2C_2,1
GTF2H3,1
GTF2H4,0
GTF2H5,1
GTF2I,1
GTF2IP1,0
GTF2IRD1,1
GTF2IRD2,1
GTF2IRD2B,1
GTF2IRD2P1,0
GTF3A,1
GTF3C1,1
GTF3C2,1
GTF3C3,1
GTF3C4,1
GTF3C5,1
GTF3C6,1
GTPBP1,1
GTPBP10,1
GTPBP2,1
GTPBP3,1
GTPBP4,1
GTPBP6,0
GTPBP8,1
GTSE1,1
GTSE1-AS1,1
GTSF1,0
GTSF1L,0
GUCA1A,0
GUCA1B,1
GUCA1C,0
GUCA2A,1
GUCA2B,0
GUCD1,1
GUCY1A2,1
GUCY1A3,0
GUCY1B2,0
GUCY1B3,0
GUCY2C,0
GUCY2D,0
GUCY2EP,0
GUCY2F,0
GUCY2GP,0
GUF1,1
GUK1,1
GULOP,0
GULP1,1
GUSB,1
GUSBP1,1
GUSBP10,0
GUSBP11,1
GUSBP2,1
GUSBP3,1
GUSBP4,1
GUSBP5,1
GUSBP9,0
GVINP1,0
GXYLT1,1
GXYLT2,0
GYG1,1
GYG2,1
GYG2P1,0
GYLTL1B,1
GYPA,0
GYPB,0
GYPC,1
GYPE,0
GYS1,1
GYS2,0
GZF1,0
GZMA,0
GZMB,0
GZMH,0
GZMK,0
GZMM,0
H19,1
H1F0,1
H1FNT,0
H1FOO,0
H1FX,1
H1FX-AS1,1
H2AFB1,1
H2AFB2,0
H2AFB3,1
H2AFJ,1
H2AFV,1
H2AFX,1
H2AFY,0
H2AFY2,1
H2AFZ,1
H2BFM,0
H2BFWT,0
H2BFXP,0
H3F3A,1
H3F3AP4,1
H3F3B,1
H3F3C,0
H6PD,1
HAAO,1
HABP2,0
HABP4,0
HACE1,1
HACL1,1
HADH,1
HADHA,1
HADHB,1
HAGH,1
HAGHL,1
HAL,1
HAMP,1
HAND1,0
HAND2,1
HAND2-AS1,1
HAO1,0
HAO2,0
HAP1,0
HAPLN1,0
HAPLN2,0
HAPLN3,0
HAPLN4,0
HAR1A,1
HAR1B,1
HARBI1,1
HARS,1
HARS2,1
HAS1,0
HAS2,1
HAS2-AS1,0
HAS3,0
HAT1,1
HAUS1,1
HAUS2,1
HAUS3,0
HAUS4,1
HAUS5,1
HAUS6,1
HAUS7,0
HAUS8,1
HAVCR1,1
HAVCR2,1
HAX1,1
HBA1,0
HBA2,1
HBB,0
HBBP1,0
HBD,0
HBE1,0
HBEGF,1
HBG1,0
HBG2,0
HBM,0
HBP1,1
HBQ1,1
HBS1L,1
HBZ,0
HCAR1,0
HCAR2,0
HCAR3,1
HCCAT5,0
HCCS,0
HCFC1,1
HCFC1R1,1
HCFC2,1
HCG11,1
HCG18,1
HCG25,1
HCG26,0
HCG4,0
HCK,0
HCLS1,1
HCN1,0
HCN2,1
HCN3,1
HCN4,0
HCRT,1
HCRTR1,0
HCRTR2,0
HCST,1
HDAC1,1
HDAC10,0
HDAC11,1
HDAC2,1
HDAC3,1
HDAC4,1
HDAC5,1
HDAC6,1
HDAC7,1
HDAC8,1
HDAC9,0
HDC,0
HDDC2,1
HDDC3,1
HDGF,1
HDGFL1,0
HDGFRP2,1
HDGFRP3,1
HDHD1,1
HDHD2,1
HDHD3,1
HDLBP,1
HDX,0
HEATR1,1
HEATR2,1
HEATR3,1
HEATR4,0
HEATR5A,1
HEATR5B,1
HEATR6,1
HEATR9,0
HEBP1,0
HEBP2,1
HECA,1
HECTD1,1
HECTD2,1
HECTD3,1
HECTD4,1
HECW1,0
HECW2,0
HEG1,1
HELB,1
HELLS,1
HELQ,1
HELT,0
HELZ,1
HELZ2,1
HEMGN,0
HEMK1,1
HENMT1,1
HEPACAM,1
HEPACAM2,0
HEPH,1
HEPHL1,0
HEPN1,0
HERC1,1
HERC2,0
HERC2P2,0
HERC2P3,0
HERC2P4,0
HERC2P7,0
HERC2P9,0
HERC3,0
HERC4,1
HERC5,1
HERC6,1
HERPUD1,1
HERPUD2,1
HES1,1
HES2,1
HES3,1
HES4,1
HES5,1
HES6,1
HES7,1
HESX1,0
HEXA,1
HEXA-AS1,1
HEXB,0
HEXDC,1
HEXIM1,1
HEXIM2,1
HEY1,1
HEY2,1
HEYL,0
HFE,1
HFE2,0
HFM1,0
HGC6.3,0
HGD,1
HGF,0
HGFAC,1
HGH1,0
HGS,1
HGSNAT,1
HHAT,1
HHATL,0
HHEX,1
HHIP,0
HHIPL1,0
HHIPL2,0
HHLA1,0
HHLA2,0
HHLA3,1
HIAT1,1
HIATL1,1
HIATL2,1
HIBADH,1
HIBCH,1
HIC1,1
HIC2,0
HID1,1
HIF1A,1
HIF1A-AS2,1
HIF1AN,1
HIF3A,1
HIGD1A,1
HIGD1B,0
HIGD1C,0
HIGD2A,1
HIGD2B,1
HILPDA,1
HILS1,1
HINFP,1
HINT1,1
HINT2,1
HINT3,1
HIP1,1
HIP1R,1
HIPK1,1
HIPK2,1
HIPK3,1
HIPK4,0
HIRA,1
HIRIP3,1
HIST1H1A,0
HIST1H1B,1
HIST1H1C,1
HIST1H1D,1
HIST1H1E,1
HIST1H1T,0
HIST1H2AA,0
HIST1H2AB,1
HIST1H2AC,1
HIST1H2AD,1
HIST1H2AE,1
HIST1H2AG,1
HIST1H2AH,1
HIST1H2AI,1
HIST1H2AJ,1
HIST1H2AK,1
HIST1H2AL,1
HIST1H2AM,1
HIST1H2APS1,0
HIST1H2BA,0
HIST1H2BB,1
HIST1H2BC,1
HIST1H2BD,1
HIST1H2BE,1
HIST1H2BF,1
HIST1H2BG,1
HIST1H2BH,1
HIST1H2BI,1
HIST1H2BJ,1
HIST1H2BK,1
HIST1H2BL,1
HIST1H2BM,1
HIST1H2BN,1
HIST1H2BO,1
HIST1H3A,1
HIST1H3B,1
HIST1H3C,1
HIST1H3D,1
HIST1H3E,1
HIST1H3F,1
HIST1H3G,1
HIST1H3H,1
HIST1H3I,1
HIST1H3J,1
HIST1H4A,1
HIST1H4B,1
HIST1H4C,1
HIST1H4D,1
HIST1H4E,1
HIST1H4F,1
HIST1H4G,0
HIST1H4H,1
HIST1H4I,1
HIST1H4J,1
HIST1H4K,1
HIST1H4L,1
HIST2H2AA3,1
HIST2H2AA4,1
HIST2H2AB,1
HIST2H2AC,1
HIST2H2BA,1
HIST2H2BB,0
HIST2H2BC,1
HIST2H2BE,1
HIST2H2BF,1
HIST2H3A,1
HIST2H3C,1
HIST2H3D,1
HIST2H4A,1
HIST2H4B,1
HIST3H2A,1
HIST3H2BA,0
HIST3H2BB,1
HIST3H3,0
HIST4H4,1
HIVEP1,1
HIVEP2,1
HIVEP3,0
HJURP,1
HK1,0
HK2,1
HK3,0
HKDC1,0
HKR1,0
HLA-A,0
HLA-DMA,0
HLA-DMB,0
HLA-DOA,0
HLA-DOB,0
HLA-DPB2,0
HLA-DQA1,1
HLA-DQB1,0
HLA-DRA,0
HLA-DRB5,1
HLA-DRB6,0
HLA-E,1
HLA-F,0
HLA-G,0
HLA-H,1
HLA-L,1
HLCS,1
HLF,1
HLTF,1
HLX,1
HM13,1
HMBOX1,1
HMBS,1
HMCES,1
HMCN1,0
HMG20A,1
HMG20B,0
HMGA1,1
HMGA1P7,0
HMGA2,1
HMGB1,1
HMGB2,1
HMGB3,0
HMGB3P1,0
HMGB4,0
HMGCL,1
HMGCLL1,0
HMGCR,1
HMGCS1,1
HMGCS2,1
HMGN1,0
HMGN2,1
HMGN2P46,0
HMGN3,1
HMGN4,1
HMGN5,1
HMGXB3,1
HMGXB4,1
HMHA1,1
HMHB1,1
HMMR,1
HMOX1,1
HMOX2,1
HMP19,0
HMSD,1
HMX1,0
HMX2,0
HMX3,1
HN1,1
HN1L,1
HNF1A,1
HNF1A-AS1,0
HNF1B,1
HNF4A,1
HNF4G,0
HNMT,1
HNRNPA0,1
HNRNPA1,1
HNRNPA1L2,1
HNRNPA1P10,1
HNRNPA2B1,1
HNRNPA3,1
HNRNPA3P1,0
HNRNPAB,1
HNRNPC,1
HNRNPCL1,0
HNRNPD,1
HNRNPDL,1
HNRNPF,1
HNRNPH1,1
HNRNPH2,1
HNRNPH3,1
HNRNPK,1
HNRNPKP3,0
HNRNPL,1
HNRNPLL,1
HNRNPM,1
HNRNPR,1
HNRNPU,1
HNRNPU-AS1,0
HNRNPUL1,1
HNRNPUL2,1
HNRNPUL2-BSCL2,1
HOGA1,1
HOMER1,1
HOMER2,1
HOMER3,0
HOMEZ,1
HOOK1,1
HOOK2,1
HOOK3,1
HOPX,1
HORMAD1,0
HORMAD2,1
HOTAIR,0
HOTAIRM1,1
HOTTIP,0
HOXA1,1
HOXA10,0
HOXA10-HOXA9,0
HOXA11,0
HOXA11-AS,0
HOXA13,0
HOXA2,0
HOXA3,0
HOXA4,1
HOXA5,1
HOXA6,1
HOXA7,1
HOXA9,0
HOXB1,0
HOXB13,0
HOXB2,1
HOXB3,1
HOXB4,1
HOXB5,1
HOXB6,1
HOXB7,1
HOXB8,0
HOXB9,0
HOXC10,0
HOXC11,0
HOXC12,0
HOXC13,0
HOXC4,1
HOXC5,1
HOXC6,1
HOXC8,0
HOXC9,0
HOXD1,1
HOXD10,0
HOXD11,1
HOXD12,0
HOXD13,1
HOXD3,0
HOXD4,0
HOXD8,1
HOXD9,0
HP,1
HP1BP3,1
HPCA,0
HPCAL1,1
HPCAL4,0
HPD,1
HPDL,1
HPGD,0
HPGDS,0
HPN,1
HPR,1
HPRT1,0
HPS1,1
HPS3,1
HPS4,1
HPS5,1
HPS6,1
HPSE,1
HPSE2,1
HPVC1,0
HPX,1
HPYR1,0
HR,1
HRAS,1
HRASLS,1
HRASLS2,1
HRASLS5,1
HRC,0
HRCT1,1
HRG,0
HRH1,1
HRH2,0
HRH3,1
HRH4,0
HRK,0
HRNR,0
HRSP12,1
HS1BP3,1
HS2ST1,1
HS3ST1,0
HS3ST2,0
HS3ST3A1,0
HS3ST3B1,1
HS3ST4,0
HS3ST5,0
HS3ST6,0
HS6ST1,1
HS6ST2,0
HS6ST3,1
HSBP1,1
HSBP1L1,1
HSCB,1
HSD11B1,0
HSD11B1L,1
HSD11B2,1
HSD17B1,0
HSD17B10,0
HSD17B11,1
HSD17B12,1
HSD17B13,0
HSD17B14,1
HSD17B2,1
HSD17B3,0
HSD17B4,1
HSD17B6,0
HSD17B7,1
HSD17B7P2,1
HSD17B8,0
HSD3B1,0
HSD3B2,0
HSD3B7,1
HSD3BP4,0
HSD52,0
HSDL1,1
HSDL2,1
HSF1,1
HSF2,1
HSF2BP,1
HSF4,1
HSF5,0
HSFX1,0
HSFX2,0
HSFY1,0
HSFY1P1,0
HSFY2,0
HSH2D,1
HSP90AA1,1
HSP90AA4P,0
HSP90AA6P,0
HSP90AB1,1
HSP90AB2P,0
HSP90AB3P,0
HSP90AB4P,0
HSP90B1,1
HSP90B3P,0
HSPA12A,1
HSPA12B,0
HSPA13,1
HSPA14,1
HSPA1A,0
HSPA1B,0
HSPA1L,1
HSPA2,1
HSPA4,1
HSPA4L,1
HSPA5,1
HSPA6,1
HSPA7,0
HSPA8,1
HSPA9,1
HSPB1,1
HSPB11,0
HSPB2,1
HSPB2-C11ORF52,1
HSPB3,0
HSPB6,1
HSPB7,0
HSPB8,0
HSPB9,1
HSPBAP1,1
HSPBP1,1
HSPD1,1
HSPE1,1
HSPE1-MOB4,1
HSPG2,0
HSPH1,1
HTATIP2,0
HTATSF1,1
HTN1,0
HTN3,0
HTR1A,0
HTR1B,0
HTR1D,1
HTR1E,0
HTR1F,0
HTR2A,0
HTR2B,1
HTR2C,0
HTR3A,1
HTR3B,0
HTR3C,0
HTR3D,0
HTR3E,0
HTR4,0
HTR5A,1
HTR5BP,0
HTR6,0
HTR7,0
HTR7P1,0
HTRA1,1
HTRA2,1
HTRA3,0
HTRA4,0
HTT,1
HTT-AS,1
HULC,0
HUNK,0
HUS1,1
HUS1B,0
HUWE1,1
HVCN1,1
HYAL1,0
HYAL2,1
HYAL3,1
HYAL4,0
HYALP1,0
HYDIN,0
HYI,1
HYKK,0
HYLS1,0
HYMAI,0
HYOU1,1
HYPK,1
HYPM,0
IAH1,1
IAPP,0
IARS,1
IARS2,1
IBA57,1
IBSP,0
IBTK,1
ICA1,0
ICA1L,1
ICAM1,1
ICAM2,1
ICAM3,1
ICAM4,1
ICAM5,0
ICE1,1
ICE2,1
ICK,1
ICMT,1
ICOS,0
ICOSLG,1
ICT1,1
ID1,1
ID2,1
ID2B,0
ID3,1
ID4,1
IDE,1
IDH1,1
IDH2,0
IDH3A,1
IDH3B,1
IDH3G,0
IDI1,1
IDI2,0
IDI2-AS1,0
IDNK,1
IDO1,0
IDO2,0
IDS,1
IDUA,1
IER2,1
IER3,1
IER3IP1,1
IER5,1
IER5L,1
IFFO1,1
IFFO2,0
IFI16,1
IFI27,1
IFI27L1,1
IFI27L2,0
IFI30,1
IFI35,0
IFI44,1
IFI44L,1
IFI6,1
IFIH1,1
IFIT1,1
IFIT1B,0
IFIT2,1
IFIT3,1
IFIT5,1
IFITM1,1
IFITM10,0
IFITM2,1
IFITM3,1
IFITM5,0
IFNA1,0
IFNA10,0
IFNA13,0
IFNA14,0
IFNA16,0
IFNA17,0
IFNA2,0
IFNA21,0
IFNA22P,0
IFNA4,0
IFNA5,0
IFNA6,0
IFNA7,0
IFNA8,0
IFNAR1,1
IFNAR2,1
IFNB1,0
IFNE,0
IFNG,0
IFNGR1,1
IFNGR2,1
IFNK,0
IFNL1,0
IFNL2,0
IFNL3,0
IFNLR1,0
IFNW1,0
IFRD1,1
IFRD2,1
IFT122,1
IFT140,1
IFT172,1
IFT20,1
IFT22,1
IFT27,1
IFT43,0
IFT46,1
IFT52,1
IFT57,0
IFT74,1
IFT80,1
IFT81,1
IFT88,1
IGBP1,1
IGBP1P1,0
IGDCC3,1
IGDCC4,1
IGF1,1
IGF1R,0
IGF2,0
IGF2-AS,1
IGF2BP1,1
IGF2BP2,1
IGF2BP3,1
IGF2R,1
IGFALS,0
IGFBP1,1
IGFBP2,0
IGFBP3,1
IGFBP4,1
IGFBP5,1
IGFBP6,1
IGFBP7,0
IGFBPL1,0
IGFL1,0
IGFL2,0
IGFL3,0
IGFL4,1
IGFLR1,1
IGFN1,1
IGHMBP2,1
IGIP,0
IGJ,1
IGLL1,0
IGLL3P,0
IGLL5,0
IGLON5,0
IGSF1,1
IGSF10,0
IGSF11,0
IGSF21,0
IGSF22,0
IGSF23,1
IGSF3,0
IGSF5,0
IGSF6,0
IGSF8,1
IGSF9,1
IGSF9B,0
IHH,1
IK,1
IKBIP,1
IKBKAP,1
IKBKB,1
IKBKE,1
IKBKG,1
IKZF1,1
IKZF2,1
IKZF3,1
IKZF4,0
IKZF5,1
IL10,1
IL10RA,1
IL10RB,1
IL11,0
IL11RA,1
IL12A,1
IL12B,0
IL12RB1,1
IL12RB2,0
IL13,1
IL13RA1,1
IL13RA2,0
IL15,1
IL15RA,0
IL16,0
IL17A,1
IL17B,0
IL17C,0
IL17D,1
IL17F,1
IL17RA,0
IL17RB,1
IL17RC,1
IL17RD,0
IL17RE,1
IL17REL,0
IL18,0
IL18BP,1
IL18R1,0
IL18RAP,1
IL19,0
IL1A,0
IL1B,0
IL1F10,0
IL1R1,0
IL1R2,1
IL1RAP,1
IL1RAPL1,0
IL1RAPL2,0
IL1RL1,0
IL1RL2,0
IL1RN,1
IL2,0
IL20,0
IL20RA,1
IL20RB,0
IL21,0
IL21R,1
IL22,0
IL22RA1,0
IL22RA2,1
IL23A,1
IL23R,1
IL24,0
IL25,0
IL26,0
IL27,1
IL27RA,1
IL2RA,1
IL2RB,1
IL2RG,1
IL3,0
IL31,0
IL31RA,0
IL32,1
IL33,1
IL34,1
IL36A,0
IL36B,0
IL36G,0
IL36RN,0
IL37,0
IL3RA,1
IL4,1
IL4I1,1
IL4R,1
IL5,0
IL5RA,1
IL6,1
IL6R,1
IL6ST,1
IL7,1
IL7R,1
IL9,0
IL9R,0
ILDR1,1
ILDR2,0
ILF2,1
ILF3,1
ILK,1
ILKAP,1
ILVBL,1
IMMP1L,1
IMMP2L,1
IMMT,1
IMP3,1
IMP4,1
IMPA1,1
IMPA2,1
IMPACT,1
IMPAD1,0
IMPDH1,1
IMPDH2,1
IMPG1,0
IMPG2,0
INA,1
INADL,1
INAFM1,1
INCA1,1
INCENP,1
INE1,0
INE2,0
INF2,1
ING1,1
ING2,1
ING3,1
ING4,1
ING5,1
INGX,0
INHA,1
INHBA,1
INHBB,0
INHBC,0
INHBE,1
INIP,1
INMT,0
INMT-FAM188B,0
INO80,1
INO80B,1
INO80B-WBP1,1
INO80C,1
INO80D,1
INO80E,1
INPP1,1
INPP4A,1
INPP4B,0
INPP5A,1
INPP5B,1
INPP5D,1
INPP5E,1
INPP5F,1
INPP5J,1
INPP5K,1
INPPL1,1
INS,0
INS-IGF2,0
INSC,0
INSIG1,1
INSIG2,1
INSL3,0
INSL4,0
INSL5,0
INSL6,0
INSM1,1
INSM2,1
INSR,1
INSRR,0
INTS1,1
INTS10,1
INTS12,1
INTS2,1
INTS3,1
INTS4,1
INTS4L1,0
INTS4L2,0
INTS5,1
INTS6,1
INTS7,1
INTS8,1
INTS9,1
INTU,1
INVS,1
IP6K1,1
IP6K2,1
IP6K3,0
IPCEF1,1
IPMK,1
IPO11,1
IPO13,1
IPO4,1
IPO5,0
IPO7,1
IPO8,1
IPO9,1
IPP,1
IPPK,1
IPW,0
IQCA1,0
IQCB1,1
IQCC,1
IQCD,1
IQCE,1
IQCF1,0
IQCF2,0
IQCF3,0
IQCF4,0
IQCF5,0
IQCF6,0
IQCG,1
IQCH,1
IQCJ,0
IQCJ-SCHIP1,0
IQCK,1
IQGAP1,1
IQGAP2,1
IQGAP3,1
IQSEC1,1
IQSEC2,0
IQSEC3,0
IQUB,0
IRAK1,0
IRAK1BP1,1
IRAK2,1
IRAK3,0
IRAK4,1
IREB2,1
IRF1,1
IRF2,1
IRF2BP1,1
IRF2BP2,1
IRF2BPL,1
IRF3,1
IRF4,1
IRF5,1
IRF6,0
IRF7,1
IRF8,1
IRF9,1
IRG1,0
IRGC,0
IRGM,0
IRGQ,1
IRS1,0
IRS2,0
IRS4,0
IRX1,0
IRX2,0
IRX3,1
IRX4,0
IRX5,1
IRX6,0
ISCA1,1
ISCA2,1
ISCU,1
ISG15,1
ISG20,1
ISG20L2,1
ISL1,1
ISL2,1
ISLR,0
ISLR2,0
ISM1,1
ISM2,0
ISOC1,1
ISOC2,1
ISPD,1
IST1,1
ISX,1
ISY1,1
ISY1-RAB43,1
ISYNA1,1
ITCH,1
ITFG1,1
ITFG2,1
ITFG3,1
ITGA1,1
ITGA10,0
ITGA11,1
ITGA2,1
ITGA2B,0
ITGA3,1
ITGA4,1
ITGA5,1
ITGA6,1
ITGA7,1
ITGA8,0
ITGA9,0
ITGAD,0
ITGAE,1
ITGAL,1
ITGAM,0
ITGAV,1
ITGAX,1
ITGB1,1
ITGB1BP1,1
ITGB1BP2,0
ITGB2,1
ITGB3,1
ITGB3BP,1
ITGB4,1
ITGB5,1
ITGB6,0
ITGB7,1
ITGB8,1
ITGBL1,0
ITIH1,1
ITIH2,1
ITIH3,1
ITIH4,1
ITIH5,0
ITIH6,0
ITK,0
ITLN1,0
ITLN2,0
ITM2A,1
ITM2B,1
ITM2C,1
ITPA,1
ITPK1,1
ITPK1-AS1,1
ITPKA,1
ITPKB,1
ITPKC,1
ITPR1,1
ITPR2,1
ITPR3,1
ITPRIP,0
ITPRIPL1,1
ITPRIPL2,1
ITSN1,1
ITSN2,1
IVD,1
IVL,1
IVNS1ABP,1
IWS1,1
IYD,0
IZUMO1,1
IZUMO2,0
IZUMO3,0
IZUMO4,1
JADE1,1
JADE2,1
JADE3,0
JAG1,1
JAG2,1
JAGN1,1
JAK1,1
JAK2,1
JAK3,1
JAKMIP1,1
JAKMIP2,0
JAKMIP3,0
JAM2,1
JAM3,0
JARID2,1
JAZF1,0
JAZF1-AS1,1
JDP2,1
JKAMP,1
JMJD1C,1
JMJD4,1
JMJD6,1
JMJD7,1
JMJD7-PLA2G4B,1
JMJD8,1
JMY,1
JOSD1,1
JOSD2,1
JPH1,0
JPH2,0
JPH3,0
JPH4,1
JPX,1
JRK,1
JRKL,1
JSRP1,1
JTB,1
JUN,1
JUNB,1
JUND,1
JUP,1
KAAG1,1
KAL1,0
KALRN,0
KANK1,1
KANK2,1
KANK3,0
KANK4,0
KANSL1,0
KANSL1L,1
KANSL2,1
KANSL3,1
KARS,1
KAT2A,1
KAT2B,1
KAT5,1
KAT6A,1
KAT6B,1
KAT7,1
KAT8,1
KATNA1,1
KATNAL1,1
KATNAL2,0
KATNB1,1
KATNBL1,0
KAZALD1,1
KAZN,1
KBTBD11,0
KBTBD12,0
KBTBD13,0
KBTBD2,1
KBTBD3,1
KBTBD4,1
KBTBD6,1
KBTBD7,1
KBTBD8,1
KC6,0
KCMF1,1
KCNA1,0
KCNA10,0
KCNA2,1
KCNA3,0
KCNA4,0
KCNA5,0
KCNA6,1
KCNA7,0
KCNAB1,0
KCNAB2,1
KCNAB3,0
KCNB1,1
KCNB2,0
KCNC1,1
KCNC2,0
KCNC3,1
KCNC4,1
KCND1,0
KCND2,1
KCND3,0
KCNE1,1
KCNE1L,0
KCNE2,0
KCNE3,1
KCNE4,0
KCNF1,1
KCNG1,0
KCNG2,0
KCNG3,1
KCNG4,0
KCNH1,0
KCNH2,0
KCNH3,1
KCNH4,0
KCNH5,0
KCNH6,0
KCNH7,0
KCNH8,0
KCNIP1,0
KCNIP2,0
KCNIP3,0
KCNIP4,1
KCNIP4-IT1,0
KCNJ1,0
KCNJ10,1
KCNJ11,0
KCNJ12,0
KCNJ13,0
KCNJ14,0
KCNJ15,1
KCNJ16,0
KCNJ18,0
KCNJ2,0
KCNJ3,1
KCNJ4,1
KCNJ5,1
KCNJ6,0
KCNJ8,0
KCNJ9,0
KCNK1,1
KCNK10,0
KCNK12,0
KCNK13,1
KCNK15,1
KCNK16,0
KCNK17,0
KCNK18,0
KCNK2,1
KCNK3,0
KCNK4,0
KCNK5,1
KCNK6,0
KCNK7,1
KCNK9,1
KCNMA1,0
KCNMB1,0
KCNMB2,1
KCNMB3,0
KCNMB4,0
KCNN1,1
KCNN2,0
KCNN3,0
KCNN4,1
KCNQ1,1
KCNQ1DN,0
KCNQ1OT1,1
KCNQ2,0
KCNQ3,0
KCNQ4,0
KCNQ5,1
KCNRG,0
KCNS1,0
KCNS2,0
KCNS3,1
KCNT1,0
KCNT2,0
KCNU1,0
KCNV1,0
KCNV2,0
KCP,0
KCTD1,0
KCTD10,1
KCTD11,1
KCTD12,0
KCTD13,1
KCTD14,0
KCTD15,0
KCTD16,1
KCTD17,0
KCTD18,1
KCTD19,1
KCTD2,1
KCTD20,1
KCTD21,1
KCTD3,1
KCTD4,0
KCTD5,1
KCTD6,1
KCTD7,1
KCTD8,1
KCTD9,1
KDELC1,1
KDELC2,1
KDELR1,1
KDELR2,1
KDELR3,1
KDF1,1
KDM1A,1
KDM1B,1
KDM2A,1
KDM2B,1
KDM3A,1
KDM3B,1
KDM4A,1
KDM4B,1
KDM4C,1
KDM4D,1
KDM4E,0
KDM5A,1
KDM5B,0
KDM5C,1
KDM5D,1
KDM6A,1
KDM6B,1
KDM7A,1
KDM8,1
KDR,1
KDSR,1
KEAP1,1
KEL,0
KERA,0
KGFLP1,1
KGFLP2,1
KHDC1,1
KHDC1L,0
KHDC3L,0
KHDRBS1,1
KHDRBS2,1
KHDRBS3,1
KHK,1
KHNYN,1
KHSRP,1
KIAA0020,1
KIAA0040,1
KIAA0087,0
KIAA0100,1
KIAA0101,1
KIAA0125,0
KIAA0141,1
KIAA0195,1
KIAA0196,1
KIAA0226,1
KIAA0226L,1
KIAA0232,1
KIAA0247,0
KIAA0319,0
KIAA0319L,1
KIAA0355,1
KIAA0368,1
KIAA0391,1
KIAA0408,0
KIAA0430,1
KIAA0513,1
KIAA0556,1
KIAA0586,1
KIAA0753,1
KIAA0754,1
KIAA0825,1
KIAA0895,1
KIAA0895L,1
KIAA0907,1
KIAA0922,1
KIAA0930,1
KIAA1024,1
KIAA1024L,0
KIAA1033,1
KIAA1045,1
KIAA1107,0
KIAA1109,0
KIAA1143,1
KIAA1147,0
KIAA1161,1
KIAA1191,1
KIAA1210,0
KIAA1211,0
KIAA1211L,0
KIAA1217,0
KIAA1239,0
KIAA1244,0
KIAA1257,0
KIAA1279,1
KIAA1324,1
KIAA1324L,0
KIAA1328,1
KIAA1377,0
KIAA1407,1
KIAA1429,1
KIAA1432,0
KIAA1456,0
KIAA1462,0
KIAA1467,1
KIAA1468,1
KIAA1522,1
KIAA1524,1
KIAA1549,0
KIAA1549L,0
KIAA1551,1
KIAA1586,1
KIAA1598,1
KIAA1614,0
KIAA1644,0
KIAA1671,0
KIAA1683,1
KIAA1715,1
KIAA1731,1
KIAA1731NL,0
KIAA1751,1
KIAA1755,0
KIAA1804,1
KIAA1841,1
KIAA1875,0
KIAA1919,1
KIAA1958,1
KIAA2013,1
KIAA2018,1
KIAA2022,1
KIAA2026,1
KIDINS220,1
KIF11,1
KIF12,1
KIF13A,1
KIF13B,0
KIF14,1
KIF15,1
KIF16B,1
KIF17,0
KIF18A,1
KIF18B,1
KIF19,0
KIF1A,0
KIF1B,1
KIF1C,1
KIF20A,1
KIF20B,1
KIF21A,1
KIF21B,1
KIF22,1
KIF23,1
KIF24,1
KIF25,0
KIF26A,0
KIF26B,1
KIF27,1
KIF2A,1
KIF2B,0
KIF2C,1
KIF3A,0
KIF3B,1
KIF3C,0
KIF4A,0
KIF4B,0
KIF5A,0
KIF5B,1
KIF5C,0
KIF6,1
KIF7,0
KIF9,1
KIFAP3,1
KIFC1,0
KIFC2,1
KIFC3,1
KIN,1
KIR2DL1,0
KIR2DL3,0
KIR2DS4,0
KIR3DL1,0
KIR3DL2,0
KIR3DL3,0
KIR3DX1,0
KIRREL,0
KIRREL2,0
KIRREL3,0
KIRREL3-AS3,0
KISS1,0
KISS1R,1
KIT,0
KITLG,1
KIZ,1
KL,1
KLB,1
KLC1,1
KLC2,1
KLC3,0
KLC4,1
KLF1,0
KLF10,1
KLF11,1
KLF12,1
KLF13,1
KLF14,0
KLF15,1
KLF16,1
KLF17,0
KLF2,1
KLF3,1
KLF4,0
KLF5,1
KLF6,1
KLF7,1
KLF8,0
KLF9,1
KLHDC1,0
KLHDC10,1
KLHDC2,1
KLHDC3,1
KLHDC4,1
KLHDC7A,1
KLHDC7B,0
KLHDC8A,1
KLHDC8B,1
KLHDC9,1
KLHL1,0
KLHL10,1
KLHL11,1
KLHL12,1
KLHL13,0
KLHL14,0
KLHL15,1
KLHL17,1
KLHL18,1
KLHL2,0
KLHL20,1
KLHL21,1
KLHL22,1
KLHL23,1
KLHL24,1
KLHL25,1
KLHL26,1
KLHL28,1
KLHL29,1
KLHL3,1
KLHL30,0
KLHL31,0
KLHL32,1
KLHL33,1
KLHL34,0
KLHL35,0
KLHL36,1
KLHL38,0
KLHL4,0
KLHL40,0
KLHL41,0
KLHL42,1
KLHL5,1
KLHL6,1
KLHL7,1
KLHL8,1
KLHL9,1
KLK1,0
KLK10,0
KLK11,0
KLK12,0
KLK13,0
KLK14,0
KLK15,0
KLK2,0
KLK3,0
KLK4,0
KLK5,0
KLK6,0
KLK7,0
KLK8,0
KLK9,0
KLKB1,1
KLKP1,1
KLLN,1
KLRAP1,0
KLRB1,0
KLRC1,0
KLRC2,0
KLRC3,0
KLRC4,0
KLRC4-KLRK1,0
KLRD1,1
KLRF1,1
KLRF2,0
KLRG1,0
KLRG2,0
KLRK1,0
KMO,1
KMT2A,1
KMT2B,0
KMT2C,1
KMT2D,1
KMT2E,1
KNCN,0
KNDC1,1
KNG1,1
KNOP1,1
KNSTRN,1
KNTC1,1
KPNA1,1
KPNA2,1
KPNA3,1
KPNA4,1
KPNA5,1
KPNA6,1
KPNA7,1
KPNB1,1
KPRP,0
KPTN,1
KRAS,1
KRBA1,0
KRBA2,0
KRBOX1,1
KRBOX4,0
KRCC1,1
KREMEN1,0
KREMEN2,0
KRI1,1
KRIT1,1
KRR1,1
KRT1,0
KRT10,0
KRT12,0
KRT13,1
KRT14,0
KRT15,1
KRT16,0
KRT16P2,0
KRT16P3,0
KRT17,1
KRT18,1
KRT18P55,0
KRT19,1
KRT19P2,0
KRT2,0
KRT20,0
KRT222,0
KRT23,1
KRT24,0
KRT25,0
KRT26,0
KRT27,0
KRT28,0
KRT3,0
KRT31,0
KRT32,0
KRT33A,0
KRT33B,0
KRT34,0
KRT35,0
KRT36,0
KRT37,0
KRT38,0
KRT39,0
KRT4,0
KRT40,0
KRT42P,0
KRT5,1
KRT6A,0
KRT6B,0
KRT6C,0
KRT7,0
KRT71,0
KRT72,0
KRT73,0
KRT74,0
KRT75,0
KRT76,0
KRT77,0
KRT78,1
KRT79,0
KRT8,1
KRT80,1
KRT81,0
KRT82,0
KRT83,0
KRT84,0
KRT85,0
KRT86,0
KRT8P41,0
KRT9,0
KRTAP1-1,0
KRTAP1-3,0
KRTAP1-4,0
KRTAP1-5,0
KRTAP10-1,0
KRTAP10-10,0
KRTAP10-11,0
KRTAP10-12,0
KRTAP10-2,0
KRTAP10-3,0
KRTAP10-4,1
KRTAP10-5,0
KRTAP10-6,0
KRTAP10-7,0
KRTAP10-8,0
KRTAP10-9,0
KRTAP11-1,0
KRTAP12-1,0
KRTAP12-2,0
KRTAP12-3,0
KRTAP12-4,0
KRTAP13-1,0
KRTAP13-2,0
KRTAP13-3,0
KRTAP13-4,0
KRTAP15-1,0
KRTAP16-1,0
KRTAP17-1,0
KRTAP19-1,0
KRTAP19-2,0
KRTAP19-3,0
KRTAP19-4,0
KRTAP19-5,0
KRTAP19-6,0
KRTAP19-7,0
KRTAP19-8,0
KRTAP2-1,0
KRTAP2-2,1
KRTAP2-4,0
KRTAP20-1,0
KRTAP20-2,0
KRTAP20-3,0
KRTAP20-4,0
KRTAP21-1,0
KRTAP21-2,0
KRTAP21-3,1
KRTAP22-1,0
KRTAP22-2,0
KRTAP23-1,0
KRTAP24-1,0
KRTAP25-1,0
KRTAP26-1,0
KRTAP27-1,0
KRTAP3-1,1
KRTAP3-2,0
KRTAP3-3,0
KRTAP4-1,0
KRTAP4-11,0
KRTAP4-12,0
KRTAP4-2,1
KRTAP4-3,0
KRTAP4-4,0
KRTAP4-5,0
KRTAP4-6,0
KRTAP4-7,0
KRTAP4-8,0
KRTAP4-9,0
KRTAP5-1,0
KRTAP5-10,0
KRTAP5-11,0
KRTAP5-2,0
KRTAP5-3,0
KRTAP5-4,0
KRTAP5-5,0
KRTAP5-6,0
KRTAP5-7,1
KRTAP5-8,0
KRTAP5-9,0
KRTAP6-1,0
KRTAP6-2,0
KRTAP6-3,0
KRTAP7-1,0
KRTAP8-1,0
KRTAP9-1,0
KRTAP9-2,0
KRTAP9-3,0
KRTAP9-4,0
KRTAP9-8,0
KRTAP9-9,0
KRTCAP2,1
KRTCAP3,0
KRTDAP,0
KSR1,1
KSR2,0
KTI12,1
KTN1,1
KTN1-AS1,1
KXD1,1
KY,0
KYNU,1
L1CAM,1
L1TD1,0
L2HGDH,1
L3HYPDH,1
L3MBTL1,0
L3MBTL2,1
L3MBTL3,0
L3MBTL4,0
LACC1,1
LACE1,1
LACRT,0
LACTB,1
LACTB2,1
LACTBL1,0
LAD1,1
LAG3,0
LAGE3,1
LAIR1,0
LAIR2,0
LALBA,0
LAMA1,0
LAMA2,0
LAMA3,1
LAMA4,0
LAMA5,1
LAMB1,1
LAMB2,1
LAMB2P1,0
LAMB3,1
LAMB4,0
LAMC1,1
LAMC2,1
LAMC3,0
LAMP1,1
LAMP2,0
LAMP3,1
LAMP5,0
LAMTOR1,1
LAMTOR2,1
LAMTOR3,1
LAMTOR4,1
LAMTOR5,1
LANCL1,1
LANCL2,1
LANCL3,0
LAP3,1
LAPTM4A,1
LAPTM4B,0
LAPTM5,1
LARGE,0
LARP1,1
LARP1B,1
LARP4,1
LARP4B,0
LARP6,1
LARP7,1
LARS,1
LARS2,1
LAS1L,1
LASP1,1
LAT,0
LAT2,1
LATS1,1
LATS2,1
LAX1,1
LAYN,1
LBH,1
LBP,0
LBR,1
LBX1,0
LBX2,1
LCA5,1
LCA5L,0
LCAT,1
LCE1A,0
LCE1B,0
LCE1C,0
LCE1D,0
LCE1E,0
LCE1F,0
LCE2A,0
LCE2B,0
LCE2C,0
LCE2D,0
LCE3A,0
LCE3B,0
LCE3D,0
LCE3E,1
LCE4A,0
LCE5A,0
LCE6A,0
LCK,1
LCLAT1,1
LCMT1,1
LCMT2,1
LCN1,0
LCN10,0
LCN12,1
LCN15,0
LCN2,1
LCN6,0
LCN8,1
LCN9,0
LCNL1,0
LCOR,1
LCORL,1
LCP1,1
LCP2,1
LCT,0
LCTL,0
LDB1,1
LDB2,0
LDB3,1
LDHA,1
LDHAL6A,0
LDHAL6B,0
LDHB,1
LDHC,0
LDHD,1
LDLR,1
LDLRAD1,1
LDLRAD2,0
LDLRAD3,1
LDLRAD4,0
LDLRAP1,1
LDOC1,0
LDOC1L,0
LEAP2,1
LECT1,0
LECT2,0
LEF1,1
LEFTY1,1
LEFTY2,1
LEKR1,1
LELP1,0
LEMD1,0
LEMD2,1
LEMD3,1
LENEP,0
LENG1,1
LENG8,1
LENG9,1
LEO1,1
LEP,0
LEPR,1
LEPRE1,1
LEPREL1,1
LEPREL2,1
LEPREL4,1
LEPROT,1
LEPROTL1,0
LETM1,1
LETM2,1
LETMD1,1
LEUTX,0
LFNG,1
LGALS1,1
LGALS12,0
LGALS13,0
LGALS14,1
LGALS16,0
LGALS17A,1
LGALS2,1
LGALS3,1
LGALS3BP,1
LGALS4,0
LGALS7,0
LGALS7B,0
LGALS8,1
LGALS8-AS1,1
LGALS9,0
LGALS9B,0
LGALS9C,0
LGALSL,1
LGI1,0
LGI2,1
LGI3,0
LGI4,1
LGMN,1
LGR4,1
LGR5,1
LGR6,0
LGSN,0
LHB,0
LHCGR,0
LHFP,0
LHFPL1,1
LHFPL2,1
LHFPL3,0
LHFPL4,0
LHFPL5,0
LHPP,1
LHX1,0
LHX2,1
LHX3,1
LHX4,1
LHX5,0
LHX6,0
LHX8,0
LHX9,0
LIAS,1
LIF,0
LIFR,0
LIG1,1
LIG3,1
LIG4,1
LILRA1,0
LILRA2,0
LILRA3,0
LILRA4,0
LILRA5,0
LILRA6,0
LILRB1,1
LILRB2,0
LILRB3,0
LILRB4,1
LILRB5,0
LILRP2,0
LIM2,0
LIMA1,1
LIMCH1,1
LIMD1,1
LIMD2,1
LIME1,1
LIMK1,0
LIMK2,1
LIMS1,1
LIMS2,0
LIMS3,1
LIMS3-LOC440895,0
LIMS3L,1
LIN28A,0
LIN28B,1
LIN37,1
LIN52,1
LIN54,1
LIN7A,1
LIN7B,1
LIN7C,1
LIN9,1
LINC00028,1
LINC00029,0
LINC00032,0
LINC00051,0
LINC00052,0
LINC00086,0
LINC00087,0
LINC00092,0
LINC00094,1
LINC00102,0
LINC00111,1
LINC00112,1
LINC00113,1
LINC00114,1
LINC00115,1
LINC00116,0
LINC00152,1
LINC00158,0
LINC00159,0
LINC00160,0
LINC00161,1
LINC00162,0
LINC00163,0
LINC00167,1
LINC00173,0
LINC00174,0
LINC00176,1
LINC00184,1
LINC00189,1
LINC00200,1
LINC00202-1,0
LINC00207,0
LINC00208,0
LINC00221,0
LINC00222,1
LINC00226,0
LINC00229,0
LINC00235,1
LINC00238,0
LINC00239,1
LINC00240,1
LINC00242,1
LINC00244,0
LINC00251,0
LINC00254,0
LINC00261,1
LINC00263,1
LINC00264,0
LINC00265,1
LINC00266-1,0
LINC00271,1
LINC00272,0
LINC00273,1
LINC00277,1
LINC00282,0
LINC00284,0
LINC00290,0
LINC00293,0
LINC00294,0
LINC00299,0
LINC00301,0
LINC00303,0
LINC00304,0
LINC00305,0
LINC00307,0
LINC00308,0
LINC00309,1
LINC00310,0
LINC00311,0
LINC00312,0
LINC00313,1
LINC00314,0
LINC00317,0
LINC00319,1
LINC00320,0
LINC00323,0
LINC00324,1
LINC00326,0
LINC00327,0
LINC00336,1
LINC00339,1
LINC00341,0
LINC00346,1
LINC00347,0
LINC00410,0
LINC00421,0
LINC00426,1
LINC00442,0
LINC00460,1
LINC00461,0
LINC00466,0
LINC00467,1
LINC00469,0
LINC00470,0
LINC00471,1
LINC00472,1
LINC00473,0
LINC00474,1
LINC00475,1
LINC00476,1
LINC00477,0
LINC00479,1
LINC00482,1
LINC00483,1
LINC00485,0
LINC00486,1
LINC00487,0
LINC00488,0
LINC00493,1
LINC00494,1
LINC00511,1
LINC00514,1
LINC00515,1
LINC00518,0
LINC00520,0
LINC00521,1
LINC00523,0
LINC00525,1
LINC00526,1
LINC00535,0
LINC00574,1
LINC00575,0
LINC00583,0
LINC00588,0
LINC00589,0
LINC00593,0
LINC00596,0
LINC00597,0
LINC00612,1
LINC00615,0
LINC00619,0
LINC00634,0
LINC00652,1
LINC00685,0
LINC00696,0
LINC00851,0
LINC00852,1
LINC00862,1
LINC00890,0
LINC01011,1
LINC01121,0
LINC01194,0
LINC01465,1
LINGO1,1
LINGO2,0
LINGO3,1
LINGO4,0
LINS,1
LIPA,1
LIPC,0
LIPE,0
LIPF,0
LIPG,0
LIPH,1
LIPI,0
LIPJ,0
LIPK,0
LIPM,0
LIPN,1
LIPT1,1
LIPT2,1
LITAF,1
LIX1,0
LIX1L,1
LKAAEAR1,1
LLGL1,1
LLGL2,1
LLPH,1
LMAN1,1
LMAN1L,0
LMAN2,1
LMAN2L,1
LMBR1,1
LMBR1L,0
LMBRD1,1
LMBRD2,1
LMCD1,1
LMF1,0
LMF2,1
LMLN,1
LMNA,1
LMNB1,1
LMNB2,1
LMNTD1,0
LMNTD2,1
LMO1,0
LMO2,1
LMO3,0
LMO4,1
LMO7,1
LMOD1,0
LMOD2,0
LMOD3,0
LMTK2,1
LMTK3,0
LMX1A,0
LMX1B,1
LNP1,1
LNPEP,1
LNX1,1
LNX2,1
LOC100093631,0
LOC100126784,1
LOC100128076,1
LOC100128164,1
LOC100128176,0
LOC100128239,0
LOC100128288,0
LOC100128361,1
LOC100128398,1
LOC100128531,1
LOC100128554,0
LOC100128573,1
LOC100128593,0
LOC100128682,1
LOC100128714,0
LOC100128993,0
LOC100129027,0
LOC100129034,0
LOC100129046,1
LOC100129055,1
LOC100129083,1
LOC100129138,0
LOC100129148,0
LOC100129216,0
LOC100129316,0
LOC100129345,0
LOC100129361,1
LOC100129518,1
LOC100129520,0
LOC100129534,0
LOC100129550,0
LOC100129617,0
LOC100129620,0
LOC100129917,1
LOC100129924,0
LOC100129931,0
LOC100129935,0
LOC100130093,1
LOC100130238,0
LOC100130264,0
LOC100130298,0
LOC100130301,0
LOC100130331,0
LOC100130357,0
LOC100130417,1
LOC100130451,1
LOC100130452,0
LOC100130673,0
LOC100130691,1
LOC100130700,0
LOC100130705,0
LOC100130849,0
LOC100130872,0
LOC100130880,0
LOC100130899,0
LOC100130950,1
LOC100130987,1
LOC100130992,1
LOC100131047,0
LOC100131257,0
LOC100131289,1
LOC100131347,1
LOC100131496,1
LOC100131564,1
LOC100131635,0
LOC100131655,1
LOC100131691,1
LOC100132062,0
LOC100132077,0
LOC100132111,1
LOC100132146,1
LOC100132215,1
LOC100132287,0
LOC100132352,1
LOC100132356,1
LOC100132735,0
LOC100132741,0
LOC100132781,0
LOC100132831,0
LOC100132891,1
LOC100133050,0
LOC100133091,1
LOC100133267,0
LOC100133286,0
LOC100133315,1
LOC100133331,0
LOC100133461,0
LOC100133669,0
LOC100133920,0
LOC100133985,1
LOC100134317,0
LOC100134368,1
LOC100134868,1
LOC100190940,1
LOC100190986,0
LOC100192426,0
LOC100240734,0
LOC100240735,0
LOC100268168,1
LOC100270746,1
LOC100270804,1
LOC100271832,0
LOC100272216,0
LOC100272217,1
LOC100286922,1
LOC100287010,1
LOC100287015,1
LOC100287036,1
LOC100287042,1
LOC100287225,0
LOC100287632,0
LOC100287704,0
LOC100287792,1
LOC100287834,0
LOC100287846,0
LOC100287944,1
LOC100288069,1
LOC100288123,0
LOC100288181,1
LOC100288570,0
LOC100288637,1
LOC100288748,1
LOC100288778,0
LOC100288814,0
LOC100288842,1
LOC100288846,1
LOC100288911,1
LOC100288974,1
LOC100289230,1
LOC100289361,1
LOC100289473,0
LOC100289495,1
LOC100289511,1
LOC100289561,1
LOC100289650,0
LOC100289656,0
LOC100289673,0
LOC100294362,1
LOC100303749,0
LOC100335030,0
LOC100379224,1
LOC100422737,0
LOC100499194,1
LOC100499484,0
LOC100499489,1
LOC100500773,0
LOC100505474,0
LOC100505478,0
LOC100505549,1
LOC100505622,1
LOC100505658,1
LOC100505666,1
LOC100505715,0
LOC100505716,0
LOC100505718,0
LOC100505767,0
LOC100505776,0
LOC100505782,1
LOC100505795,1
LOC100505812,1
LOC100505817,0
LOC100505835,0
LOC100505841,0
LOC100505912,0
LOC100505918,0
LOC100505978,0
LOC100506023,1
LOC100506071,0
LOC100506083,1
LOC100506085,0
LOC100506122,0
LOC100506123,0
LOC100506124,0
LOC100506136,0
LOC100506172,0
LOC100506178,1
LOC100506207,1
LOC100506274,0
LOC100506314,0
LOC100506321,0
LOC100506368,1
LOC100506384,0
LOC100506388,0
LOC100506393,0
LOC100506422,0
LOC100506469,1
LOC100506472,0
LOC100506474,0
LOC100506497,0
LOC100506548,1
LOC100506585,0
LOC100506688,0
LOC100506713,1
LOC100506730,0
LOC100506746,1
LOC100506801,1
LOC100506804,1
LOC100506844,1
LOC100506895,1
LOC100506990,0
LOC100507053,1
LOC100507091,0
LOC100507140,1
LOC100507156,1
LOC100507194,0
LOC100507205,0
LOC100507217,1
LOC100507250,1
LOC100507334,0
LOC100507346,1
LOC100507351,0
LOC100507373,1
LOC100507377,0
LOC100507387,0
LOC100507389,0
LOC100507391,0
LOC100507424,0
LOC100507443,0
LOC100507462,1
LOC100507472,0
LOC100507501,1
LOC100507537,1
LOC100507557,1
LOC100507564,1
LOC100507577,1
LOC100507600,1
LOC100507634,1
LOC100507651,0
LOC100507656,0
LOC100630918,1
LOC100630923,1
LOC100631378,0
LOC100652768,0
LOC100652770,0
LOC100652824,0
LOC101928991,0
LOC101929469,0
LOC102288414,0
LOC102723545,0
LOC102723899,0
LOC102723903,0
LOC113230,1
LOC115110,0
LOC143188,0
LOC143666,1
LOC145474,1
LOC145783,1
LOC145837,1
LOC145845,0
LOC146481,0
LOC146513,0
LOC146880,0
LOC148413,1
LOC148696,0
LOC148709,1
LOC149950,1
LOC150776,1
LOC150935,0
LOC151174,0
LOC151475,0
LOC151484,0
LOC152225,1
LOC152578,0
LOC152586,0
LOC153684,1
LOC153910,0
LOC154449,0
LOC154761,1
LOC154872,0
LOC155060,1
LOC157273,0
LOC158435,0
LOC1720,0
LOC200726,0
LOC200772,1
LOC202181,0
LOC220729,1
LOC221122,0
LOC253044,0
LOC253573,0
LOC255654,0
LOC256880,1
LOC257396,1
LOC283038,0
LOC283070,0
LOC283177,0
LOC283194,1
LOC283299,0
LOC283332,1
LOC283335,1
LOC283440,0
LOC283585,0
LOC283683,0
LOC283693,0
LOC283710,1
LOC283731,0
LOC283856,0
LOC283914,0
LOC283922,1
LOC284009,0
LOC284023,1
LOC284080,1
LOC284294,0
LOC284344,0
LOC284379,0
LOC284395,0
LOC284412,0
LOC284454,1
LOC284578,0
LOC284632,0
LOC284648,1
LOC284661,0
LOC284788,0
LOC284798,0
LOC284837,0
LOC284865,0
LOC284933,0
LOC284950,1
LOC285000,0
LOC285074,1
LOC285423,0
LOC285484,1
LOC285593,0
LOC285626,1
LOC285627,0
LOC285629,1
LOC285692,0
LOC285696,1
LOC285740,0
LOC285768,0
LOC285819,0
LOC285847,0
LOC285889,0
LOC286059,1
LOC286083,0
LOC286094,0
LOC286114,0
LOC286177,0
LOC286189,0
LOC286190,1
LOC286238,1
LOC286359,1
LOC286367,1
LOC286370,0
LOC286437,0
LOC338963,0
LOC339166,0
LOC339298,0
LOC339529,0
LOC339568,0
LOC339593,1
LOC339666,0
LOC339685,0
LOC339803,1
LOC339807,1
LOC339874,1
LOC339975,0
LOC340017,0
LOC340074,0
LOC340107,0
LOC340113,0
LOC340357,0
LOC341056,0
LOC344887,1
LOC344967,1
LOC374443,1
LOC375196,0
LOC388242,0
LOC388553,0
LOC388692,0
LOC388849,0
LOC388942,0
LOC389033,0
LOC389247,1
LOC389332,0
LOC389641,1
LOC389705,1
LOC389765,0
LOC389895,0
LOC389906,0
LOC390705,0
LOC391322,1
LOC392196,0
LOC392232,0
LOC392364,0
LOC399715,0
LOC399815,0
LOC400043,0
LOC400548,1
LOC400620,0
LOC400654,0
LOC400655,0
LOC400685,0
LOC400794,0
LOC400927,1
LOC400940,0
LOC400958,1
LOC401010,0
LOC401052,0
LOC401127,0
LOC401134,0
LOC401177,0
LOC401320,0
LOC401324,0
LOC401463,1
LOC407835,0
LOC439994,1
LOC440028,1
LOC440040,0
LOC440117,0
LOC440173,0
LOC440300,0
LOC440434,1
LOC440461,0
LOC440600,1
LOC440700,1
LOC440704,0
LOC440895,0
LOC440896,0
LOC440910,0
LOC441025,0
LOC441204,0
LOC441242,1
LOC441454,0
LOC441455,0
LOC441601,0
LOC441666,0
LOC442028,0
LOC442132,0
LOC442497,1
LOC493754,0
LOC494127,0
LOC494141,0
LOC541473,0
LOC553103,1
LOC554206,1
LOC554223,0
LOC574538,0
LOC606724,0
LOC613037,1
LOC613038,0
LOC63930,1
LOC641367,0
LOC641746,0
LOC642236,0
LOC642361,1
LOC642846,1
LOC642852,1
LOC642929,0
LOC643201,0
LOC643339,1
LOC643387,0
LOC643406,0
LOC643441,0
LOC643486,0
LOC643542,0
LOC643623,0
LOC643733,0
LOC643770,1
LOC643802,0
LOC643923,0
LOC644145,0
LOC644172,0
LOC644189,0
LOC644554,0
LOC644656,1
LOC644669,0
LOC644838,0
LOC644936,0
LOC644961,1
LOC645166,0
LOC645434,0
LOC645513,1
LOC645752,0
LOC645949,0
LOC646214,0
LOC646268,0
LOC646471,0
LOC646626,1
LOC646743,0
LOC646762,0
LOC646813,0
LOC646862,1
LOC646903,1
LOC646938,0
LOC646999,1
LOC647323,1
LOC647859,0
LOC648044,0
LOC648691,0
LOC648987,1
LOC649133,0
LOC649330,0
LOC650226,0
LOC650293,0
LOC652276,1
LOC653160,0
LOC653486,1
LOC653513,0
LOC653653,0
LOC653712,0
LOC653786,0
LOC654342,1
LOC727710,0
LOC727896,0
LOC727924,0
LOC728024,0
LOC728084,0
LOC728175,1
LOC728323,1
LOC728392,0
LOC728554,0
LOC728613,1
LOC728637,0
LOC728730,1
LOC728739,1
LOC728743,1
LOC728752,1
LOC728819,0
LOC728989,0
LOC729080,0
LOC729506,0
LOC729603,0
LOC729609,0
LOC729737,0
LOC729739,0
LOC729911,0
LOC729950,0
LOC729966,1
LOC729970,1
LOC730101,1
LOC730102,1
LOC730159,0
LOC730668,1
LOC731424,1
LOC81691,1
LOC90246,0
LOC90784,0
LOC90834,0
LOC91450,1
LOC93432,0
LOC93622,1
LOH12CR1,1
LOH12CR2,1
LONP1,1
LONP2,1
LONRF1,1
LONRF2,0
LONRF3,1
LOR,0
LOX,0
LOXHD1,0
LOXL1,1
LOXL2,0
LOXL3,1
LOXL4,1
LPA,0
LPAL2,0
LPAR1,1
LPAR2,1
LPAR3,0
LPAR4,0
LPAR5,1
LPAR6,0
LPCAT1,1
LPCAT2,0
LPCAT3,1
LPCAT4,1
LPGAT1,1
LPHN1,1
LPHN2,1
LPHN3,0
LPIN1,1
LPIN2,1
LPIN3,1
LPL,1
LPO,0
LPP,1
LPP-AS2,1
LPPR1,0
LPPR2,0
LPPR3,0
LPPR4,0
LPPR5,0
LPXN,1
LRAT,0
LRBA,1
LRCH1,1
LRCH2,0
LRCH3,1
LRCH4,1
LRCOL1,0
LRFN1,0
LRFN2,0
LRFN3,0
LRFN4,1
LRFN5,0
LRG1,1
LRGUK,0
LRIF1,1
LRIG1,1
LRIG2,1
LRIG3,1
LRIT1,0
LRIT2,0
LRIT3,0
LRMP,1
LRP1,1
LRP10,1
LRP11,1
LRP12,1
LRP1B,0
LRP2,0
LRP2BP,1
LRP3,0
LRP4,1
LRP5,1
LRP5L,1
LRP6,1
LRP8,1
LRPAP1,1
LRPPRC,1
LRR1,1
LRRC1,1
LRRC10,0
LRRC10B,1
LRRC14,1
LRRC14B,0
LRRC15,0
LRRC16A,0
LRRC16B,1
LRRC17,1
LRRC18,0
LRRC19,0
LRRC2,1
LRRC20,1
LRRC23,0
LRRC24,1
LRRC25,1
LRRC26,1
LRRC27,1
LRRC28,1
LRRC29,1
LRRC3,0
LRRC30,0
LRRC31,1
LRRC32,0
LRRC34,1
LRRC36,1
LRRC37A3,1
LRRC37A5P,1
LRRC37B,0
LRRC37BP1,0
LRRC38,0
LRRC39,0
LRRC3B,0
LRRC3C,1
LRRC4,0
LRRC40,1
LRRC41,1
LRRC42,0
LRRC43,1
LRRC45,1
LRRC46,1
LRRC47,1
LRRC48,1
LRRC49,1
LRRC4B,0
LRRC4C,0
LRRC52,1
LRRC55,0
LRRC56,1
LRRC57,1
LRRC58,1
LRRC59,1
LRRC6,0
LRRC61,1
LRRC63,0
LRRC66,0
LRRC69,0
LRRC7,0
LRRC70,0
LRRC71,0
LRRC72,0
LRRC73,0
LRRC74,0
LRRC74A,0
LRRC75A,0
LRRC75A-AS1,1
LRRC75B,1
LRRC8A,1
LRRC8B,1
LRRC8C,0
LRRC8D,1
LRRC8E,0
LRRC9,0
LRRCC1,1
LRRD1,0
LRRFIP1,0
LRRFIP2,1
LRRIQ1,0
LRRIQ3,1
LRRIQ4,1
LRRK1,0
LRRK2,1
LRRN1,0
LRRN2,1
LRRN3,1
LRRN4,1
LRRN4CL,0
LRRTM1,0
LRRTM2,0
LRRTM3,0
LRRTM4,0
LRSAM1,1
LRTM1,0
LRTM2,0
LRTOMT,1
LRWD1,1
LSAMP,0
LSG1,1
LSM1,1
LSM10,1
LSM11,1
LSM12,1
LSM14A,1
LSM14B,1
LSM2,0
LSM3,1
LSM4,1
LSM5,1
LSM6,1
LSM7,1
LSMEM1,1
LSMEM2,0
LSP1,1
LSR,1
LSS,0
LST1,0
LTA,0
LTA4H,1
LTB,0
LTB4R,0
LTB4R2,1
LTBP1,0
LTBP2,1
LTBP3,1
LTBP4,0
LTBR,1
LTC4S,0
LTF,0
LTK,0
LTN1,1
LTV1,1
LUC7L,1
LUC7L2,1
LUC7L3,1
LUM,1
LURAP1,1
LURAP1L,1
LUZP1,1
LUZP2,0
LUZP4,0
LUZP6,1
LXN,1
LY6D,0
LY6E,0
LY6G5B,0
LY6G5C,0
LY6G6C,0
LY6G6D,0
LY6G6E,0
LY6G6F,0
LY6H,0
LY6K,1
LY75,1
LY75-CD302,1
LY86,1
LY86-AS1,0
LY9,1
LY96,1
LYAR,1
LYG1,0
LYG2,0
LYL1,1
LYN,1
LYNX1,1
LYPD1,1
LYPD2,0
LYPD3,1
LYPD4,0
LYPD5,0
LYPD6,1
LYPD6B,0
LYPD8,0
LYPLA1,1
LYPLA2,1
LYPLAL1,1
LYRM1,1
LYRM2,1
LYRM4,1
LYRM5,1
LYRM7,1
LYRM9,0
LYSMD1,1
LYSMD2,0
LYSMD3,1
LYSMD4,0
LYST,1
LYVE1,0
LYZ,1
LYZL1,0
LYZL2,0
LYZL4,0
LYZL6,0
LZIC,1
LZTFL1,1
LZTR1,1
LZTS1,0
LZTS2,1
LZTS3,1
M1AP,0
M6PR,1
MAATS1,0
MAB21L1,1
MAB21L2,1
MAB21L3,1
MACC1,1
MACF1,0
MACROD1,1
MACROD2,1
MACROD2-AS1,1
MAD1L1,1
MAD2L1,1
MAD2L1BP,1
MAD2L2,1
MADCAM1,0
MADD,1
MAEA,1
MAEL,0
MAF,1
MAF1,1
MAFA,1
MAFB,1
MAFF,1
MAFG,1
MAFG-AS1,1
MAFK,0
MAG,0
MAGEA1,0
MAGEA10,0
MAGEA10-MAGEA5,0
MAGEA11,0
MAGEA12,0
MAGEA2,0
MAGEA2B,0
MAGEA3,0
MAGEA4,0
MAGEA5,0
MAGEA6,0
MAGEA8,0
MAGEA9,0
MAGEA9B,0
MAGEB1,0
MAGEB10,0
MAGEB16,0
MAGEB18,0
MAGEB2,0
MAGEB3,0
MAGEB4,0
MAGEB6,0
MAGEC1,0
MAGEC2,0
MAGEC3,0
MAGED1,0
MAGED2,1
MAGED4,0
MAGED4B,0
MAGEE1,0
MAGEE2,0
MAGEF1,1
MAGEH1,0
MAGEL2,0
MAGI1,1
MAGI2,1
MAGI2-AS3,1
MAGI3,1
MAGIX,0
MAGOH,1
MAGOHB,1
MAGT1,0
MAK,1
MAK16,1
MAL,1
MAL2,1
MALAT1,1
MALL,1
MALSU1,1
MALT1,1
MAMDC2,0
MAMDC4,1
MAML1,1
MAML2,1
MAML3,1
MAMLD1,0
MAMSTR,1
MAN1A1,1
MAN1A2,1
MAN1B1,1
MAN1C1,1
MAN2A1,1
MAN2A2,1
MAN2B1,1
MAN2B2,1
MAN2C1,1
MANBA,1
MANBAL,1
MANEA,1
MANEAL,1
MANF,1
MANSC1,1
MANSC4,1
MAOA,0
MAOB,1
MAP10,0
MAP1A,0
MAP1B,0
MAP1LC3A,0
MAP1LC3B,1
MAP1LC3B2,1
MAP1LC3C,0
MAP1S,1
MAP2,0
MAP2K1,1
MAP2K2,1
MAP2K3,1
MAP2K4,0
MAP2K5,1
MAP2K6,1
MAP2K7,1
MAP3K1,1
MAP3K10,1
MAP3K11,1
MAP3K12,1
MAP3K13,1
MAP3K14,1
MAP3K15,0
MAP3K19,0
MAP3K2,0
MAP3K3,1
MAP3K4,1
MAP3K5,1
MAP3K6,1
MAP3K7,1
MAP3K7CL,1
MAP3K8,1
MAP3K9,1
MAP4,1
MAP4K1,1
MAP4K2,0
MAP4K3,1
MAP4K4,1
MAP4K5,1
MAP6,0
MAP6D1,1
MAP7,0
MAP7D1,1
MAP7D2,0
MAP7D3,0
MAP9,1
MAPK1,1
MAPK10,0
MAPK11,1
MAPK12,1
MAPK13,1
MAPK14,1
MAPK15,0
MAPK1IP1L,1
MAPK3,1
MAPK4,0
MAPK6,1
MAPK7,1
MAPK8,0
MAPK8IP1,0
MAPK8IP2,0
MAPK8IP3,1
MAPK9,0
MAPKAP1,1
MAPKAPK2,1
MAPKAPK3,1
MAPKAPK5,1
MAPKAPK5-AS1,1
MAPKBP1,1
MAPRE1,1
MAPRE2,1
MAPRE3,0
MAPT,1
MARC1,1
MARC2,1
MARCH1,0
MARCH10,0
MARCH11,0
MARCH2,0
MARCH3,1
MARCH4,1
MARCH5,1
MARCH6,1
MARCH7,1
MARCH8,1
MARCH9,0
MARCKS,1
MARCKSL1,1
MARCO,0
MARK1,1
MARK2,0
MARK2P9,0
MARK3,1
MARK4,0
MARS,1
MARS2,1
MARVELD1,1
MARVELD2,1
MARVELD3,1
MAS1,0
MASP1,1
MASP2,1
MAST1,1
MAST2,1
MAST3,1
MAST4,0
MASTL,1
MAT1A,1
MAT2A,1
MAT2B,1
MATK,0
MATN1,1
MATN2,1
MATN3,1
MATN4,0
MATR3,1
MAU2,1
MAVS,1
MAX,1
MAZ,1
MB,1
MB21D1,1
MB21D2,1
MBD1,1
MBD2,1
MBD3,1
MBD3L1,0
MBD3L2,0
MBD3L3,0
MBD3L4,0
MBD3L5,0
MBD4,1
MBD5,1
MBD6,1
MBIP,1
MBL1P,0
MBL2,1
MBLAC1,1
MBLAC2,1
MBNL1,1
MBNL2,1
MBNL3,1
MBOAT1,1
MBOAT2,0
MBOAT4,1
MBOAT7,1
MBP,1
MBTD1,1
MBTPS1,1
MBTPS2,1
MC1R,1
MC2R,0
MC3R,0
MC4R,0
MC5R,0
MCAM,1
MCAT,1
MCC,1
MCCC1,1
MCCC2,1
MCCD1,1
MCEE,1
MCEMP1,0
MCF2,0
MCF2L,1
MCF2L-AS1,1
MCF2L2,1
MCFD2,1
MCHR1,0
MCHR2,0
MCIDAS,1
MCL1,1
MCM10,1
MCM2,1
MCM3,1
MCM3AP,1
MCM3AP-AS1,0
MCM4,1
MCM5,1
MCM6,1
MCM7,1
MCM8,1
MCM9,0
MCMBP,1
MCMDC2,0
MCOLN1,1
MCOLN2,1
MCOLN3,1
MCPH1,1
MCRS1,1
MCTP1,1
MCTP2,0
MCTS1,1
MCTS2P,1
MCU,1
MCUR1,1
MDC1,1
MDFI,1
MDFIC,1
MDGA1,0
MDGA2,0
MDH1,1
MDH1B,1
MDH2,1
MDK,1
MDM1,1
MDM2,1
MDM4,1
MDN1,1
MDP1,1
MDS2,0
ME1,1
ME2,1
ME3,1
MEA1,1
MEAF6,1
MECOM,1
MECP2,0
MECR,1
MED1,1
MED10,1
MED11,1
MED12,0
MED12L,1
MED13,1
MED13L,1
MED14,1
MED15,1
MED16,1
MED17,1
MED18,1
MED19,1
MED20,1
MED21,1
MED22,1
MED23,1
MED24,1
MED25,1
MED26,1
MED27,1
MED28,1
MED29,1
MED30,1
MED31,1
MED4,1
MED6,1
MED7,1
MED8,1
MED9,1
MEDAG,0
MEF2A,1
MEF2B,0
MEF2BNB,1
MEF2BNB-MEF2B,1
MEF2C,0
MEF2D,1
MEFV,0
MEG3,0
MEG8,0
MEGF10,0
MEGF11,0
MEGF6,1
MEGF8,1
MEGF9,0
MEI1,1
MEI4,0
MEIG1,1
MEIOB,0
MEIS1,1
MEIS2,1
MEIS3,0
MEIS3P1,0
MELK,1
MEMO1,1
MEN1,1
MEOX1,1
MEOX2,0
MEP1A,1
MEP1B,0
MEPCE,1
MEPE,0
MERTK,1
MESDC1,1
MESDC2,1
MESP1,1
MESP2,0
MEST,1
MESTIT1,1
MET,1
METAP1,1
METAP1D,1
METAP2,1
METRN,1
METRNL,1
METTL1,1
METTL10,1
METTL11B,1
METTL12,1
METTL13,1
METTL14,1
METTL15,1
METTL16,1
METTL17,1
METTL18,1
METTL20,0
METTL21A,1
METTL21B,1
METTL21C,1
METTL22,1
METTL23,1
METTL24,0
METTL25,1
METTL2A,1
METTL2B,1
METTL3,1
METTL4,1
METTL5,1
METTL6,1
METTL7A,1
METTL7B,1
METTL8,1
METTL9,1
MEX3A,1
MEX3B,0
MEX3C,1
MEX3D,0
MFAP1,1
MFAP2,1
MFAP3,1
MFAP3L,1
MFAP4,1
MFAP5,0
MFF,0
MFGE8,1
MFHAS1,1
MFI2,1
MFI2-AS1,1
MFN1,1
MFN2,1
MFNG,1
MFRP,0
MFSD1,1
MFSD10,1
MFSD11,1
MFSD12,0
MFSD2A,1
MFSD2B,0
MFSD3,1
MFSD4,0
MFSD5,1
MFSD6,1
MFSD6L,0
MFSD7,0
MFSD8,1
MFSD9,1
MGA,1
MGAM,0
MGARP,0
MGAT1,1
MGAT2,1
MGAT3,0
MGAT4A,1
MGAT4B,1
MGAT4C,0
MGAT5,1
MGAT5B,1
MGC12916,0
MGC15885,0
MGC16025,0
MGC16142,0
MGC16275,0
MGC27382,0
MGC2889,1
MGC45800,0
MGC45922,1
MGC50722,0
MGC72080,1
MGEA5,1
MGLL,1
MGME1,1
MGMT,0
MGP,1
MGRN1,1
MGST1,1
MGST2,1
MGST3,1
MIA,0
MIA-RAB4B,1
MIA2,1
MIA3,0
MIAT,1
MIB1,0
MIB2,1
MICAL1,1
MICAL2,0
MICAL3,1
MICALCL,1
MICALL1,0
MICALL2,1
MICB,0
MICU1,1
MICU2,1
MICU3,0
MID1,1
MID1IP1,1
MID2,0
MIDN,1
MIEF1,1
MIEF2,1
MIEN1,1
MIER1,1
MIER2,0
MIER3,0
MIF,1
MIF4GD,1
MIIP,1
MILR1,0
MIMT1,0
MINA,1
MINK1,1
MINOS1,1
MINOS1-NBL1,1
MINPP1,1
MIOS,1
MIOX,1
MIP,0
MIPEP,1
MIPOL1,1
MIR1-1,0
MIR1-2,0
MIR100,0
MIR100HG,0
MIR101-1,0
MIR101-2,0
MIR103A1,0
MIR103A2,0
MIR103B1,0
MIR103B2,0
MIR105-1,0
MIR105-2,0
MIR106A,0
MIR106B,0
MIR107,0
MIR10A,1
MIR10B,0
MIR1178,0
MIR1179,0
MIR1180,0
MIR1181,1
MIR1182,0
MIR1184-1,0
MIR1184-2,0
MIR1184-3,0
MIR1185-1,1
MIR1185-2,0
MIR1193,0
MIR1197,0
MIR1199,0
MIR1200,0
MIR1203,0
MIR1204,1
MIR1205,0
MIR1206,0
MIR1207,1
MIR1208,0
MIR122,0
MIR1224,1
MIR1225,1
MIR1226,0
MIR1227,1
MIR1228,0
MIR1229,1
MIR1231,0
MIR1233-1,0
MIR1233-2,0
MIR1234,0
MIR1236,0
MIR1237,0
MIR1238,1
MIR124-1,0
MIR124-2,0
MIR124-3,1
MIR1243,0
MIR1244-1,0
MIR1244-2,0
MIR1244-3,0
MIR1245A,1
MIR1245B,1
MIR1246,0
MIR1247,0
MIR1248,0
MIR1249,1
MIR1250,1
MIR1251,0
MIR1252,0
MIR1253,0
MIR1256,0
MIR1257,1
MIR1258,0
MIR125A,0
MIR125B1,0
MIR125B2,0
MIR126,1
MIR1260A,0
MIR1260B,1
MIR1262,0
MIR1264,0
MIR1265,0
MIR1266,0
MIR127,0
MIR1270,0
MIR1272,0
MIR1275,0
MIR1276,0
MIR1277,0
MIR1278,0
MIR1279,1
MIR128-1,1
MIR128-2,0
MIR1281,1
MIR1282,1
MIR1283-1,0
MIR1283-2,0
MIR1284,1
MIR1286,1
MIR1287,0
MIR1288,1
MIR1289-2,0
MIR129-1,0
MIR129-2,0
MIR1291,0
MIR1292,1
MIR1293,0
MIR1295A,0
MIR1296,0
MIR1297,0
MIR1298,0
MIR1301,0
MIR1304,0
MIR1305,0
MIR1306,1
MIR1307,0
MIR130A,0
MIR130B,1
MIR132,0
MIR1322,0
MIR1323,0
MIR1324,0
MIR133A1,0
MIR133A2,0
MIR133B,0
MIR134,0
MIR1343,1
MIR135A1,0
MIR135A2,0
MIR135B,1
MIR136,0
MIR137,0
MIR138-1,0
MIR138-2,1
MIR139,0
MIR140,0
MIR141,1
MIR142,1
MIR143,1
MIR143HG,0
MIR144,0
MIR145,1
MIR1468,0
MIR1469,0
MIR146A,1
MIR146B,1
MIR1470,1
MIR1471,1
MIR147A,0
MIR147B,0
MIR148A,1
MIR148B,0
MIR149,1
MIR150,1
MIR152,0
MIR153-1,1
MIR153-2,0
MIR1537,0
MIR1538,1
MIR1539,1
MIR154,0
MIR155,1
MIR155HG,1
MIR15A,0
MIR15B,0
MIR16-1,0
MIR16-2,0
MIR17,1
MIR17HG,1
MIR181A1,0
MIR181A2,0
MIR181A2HG,1
MIR181B1,0
MIR181B2,0
MIR181C,0
MIR181D,0
MIR182,0
MIR1827,0
MIR183,0
MIR184,0
MIR185,0
MIR186,0
MIR187,0
MIR188,0
MIR18A,1
MIR18B,0
MIR1908,1
MIR1909,0
MIR190A,0
MIR190B,0
MIR191,1
MIR1910,0
MIR1911,0
MIR1912,0
MIR1913,0
MIR1914,0
MIR1915,1
MIR192,0
MIR193A,1
MIR193B,1
MIR194-1,0
MIR194-2,0
MIR195,1
MIR196A1,1
MIR196A2,0
MIR196B,1
MIR197,0
MIR1972-1,0
MIR1972-2,0
MIR1973,0
MIR1976,0
MIR198,0
MIR199A1,1
MIR199A2,1
MIR199B,0
MIR19A,1
MIR19B1,1
MIR19B2,0
MIR200A,0
MIR200B,0
MIR200C,1
MIR202,0
MIR203A,1
MIR203B,1
MIR204,0
MIR205,0
MIR2052,0
MIR2053,0
MIR2054,0
MIR205HG,0
MIR206,0
MIR208A,0
MIR208B,0
MIR20A,1
MIR20B,0
MIR21,1
MIR210,1
MIR210HG,1
MIR211,0
MIR2110,1
MIR2113,0
MIR2114,0
MIR2116,1
MIR2117,0
MIR212,0
MIR214,0
MIR215,0
MIR216A,0
MIR216B,0
MIR217,0
MIR218-1,0
MIR218-2,0
MIR219A1,0
MIR219A2,0
MIR219B,0
MIR22,1
MIR221,0
MIR222,0
MIR223,1
MIR2276,1
MIR2277,1
MIR2278,0
MIR22HG,1
MIR2355,0
MIR2392,1
MIR23A,1
MIR23B,0
MIR23C,0
MIR24-1,1
MIR24-2,1
MIR2467,0
MIR25,0
MIR2681,0
MIR2682,0
MIR26A1,0
MIR26A2,0
MIR26B,1
MIR27A,1
MIR27B,0
MIR2861,1
MIR2909,0
MIR296,0
MIR298,0
MIR299,0
MIR29A,1
MIR29B1,0
MIR29B2,0
MIR29C,0
MIR300,1
MIR301A,0
MIR301B,1
MIR302A,0
MIR302B,0
MIR302C,0
MIR302D,0
MIR302F,0
MIR3064,0
MIR3065,0
MIR3074,1
MIR30A,1
MIR30B,1
MIR30C1,1
MIR30C2,0
MIR30D,0
MIR30E,1
MIR31,0
MIR3115,0
MIR3117,1
MIR3119-1,0
MIR3119-2,0
MIR3120,0
MIR3121,0
MIR3122,0
MIR3123,0
MIR3124,1
MIR3125,0
MIR3126,0
MIR3127,0
MIR3128,1
MIR3129,0
MIR3130-1,0
MIR3130-2,0
MIR3131,1
MIR3132,0
MIR3134,0
MIR3136,0
MIR3138,0
MIR3140,0
MIR3141,0
MIR3142,1
MIR3143,1
MIR3145,0
MIR3146,0
MIR3147,0
MIR3148,1
MIR3150A,1
MIR3150B,1
MIR3151,0
MIR3152,0
MIR3153,1
MIR3154,0
MIR3155A,1
MIR3155B,1
MIR3156-1,0
MIR3156-2,0
MIR3156-3,0
MIR3157,0
MIR3158-1,0
MIR3158-2,0
MIR3160-1,0
MIR3160-2,0
MIR3162,0
MIR3165,1
MIR3167,0
MIR3169,0
MIR3170,1
MIR3173,0
MIR3175,1
MIR3176,0
MIR3177,0
MIR3178,1
MIR3179-1,0
MIR3179-2,0
MIR3179-3,0
MIR3180-1,1
MIR3180-2,1
MIR3180-3,1
MIR3180-4,1
MIR3180-5,0
MIR3182,0
MIR3183,0
MIR3184,1
MIR3185,0
MIR3186,0
MIR3187,0
MIR3188,1
MIR3189,1
MIR3190,1
MIR3191,1
MIR3192,0
MIR3193,1
MIR3194,0
MIR3196,0
MIR3197,1
MIR3198-1,0
MIR3198-2,0
MIR3199-1,1
MIR3199-2,1
MIR31HG,1
MIR32,0
MIR3200,0
MIR3201,0
MIR3202-1,1
MIR3202-2,1
MIR320A,1
MIR320B1,1
MIR320B2,0
MIR320C1,1
MIR320C2,1
MIR320D1,0
MIR320D2,0
MIR320E,0
MIR323A,0
MIR323B,0
MIR324,0
MIR326,0
MIR328,0
MIR329-1,0
MIR329-2,0
MIR330,1
MIR331,0
MIR335,0
MIR337,0
MIR338,0
MIR339,1
MIR33A,0
MIR33B,1
MIR340,0
MIR345,1
MIR346,0
MIR34A,0
MIR34B,0
MIR34C,0
MIR3529,0
MIR3591,0
MIR3605,1
MIR3606,0
MIR3607,0
MIR3609,0
MIR3610,1
MIR3612,0
MIR3613,1
MIR3614,1
MIR3615,1
MIR3616,1
MIR3618,1
MIR3619,0
MIR362,0
MIR3620,0
MIR3621,1
MIR3622A,1
MIR3622B,1
MIR363,0
MIR3646,0
MIR3648-1,1
MIR3649,1
MIR3650,0
MIR3651,1
MIR3652,1
MIR3653,0
MIR3654,1
MIR3655,1
MIR3656,1
MIR3658,0
MIR3659,0
MIR365A,1
MIR365B,0
MIR3660,1
MIR3661,1
MIR3662,1
MIR3663,1
MIR3664,0
MIR3665,1
MIR3666,0
MIR3668,1
MIR367,0
MIR3671,0
MIR3675,0
MIR3677,0
MIR3678,1
MIR3679,0
MIR3680-1,1
MIR3682,1
MIR3684,1
MIR3685,0
MIR3687-1,1
MIR3688-1,0
MIR3688-2,0
MIR3689A,0
MIR3689B,0
MIR3689C,0
MIR3689D1,0
MIR3689D2,0
MIR3689E,0
MIR3689F,0
MIR369,0
MIR3690,0
MIR3691,0
MIR3692,0
MIR370,0
MIR3714,1
MIR371A,0
MIR371B,0
MIR372,0
MIR373,0
MIR374A,0
MIR374B,0
MIR374C,0
MIR375,1
MIR376A1,1
MIR376A2,1
MIR376B,1
MIR376C,1
MIR377,0
MIR378C,0
MIR378D1,0
MIR378D2,1
MIR378E,0
MIR378F,0
MIR379,0
MIR380,0
MIR381,0
MIR382,0
MIR383,0
MIR384,0
MIR3907,0
MIR3908,0
MIR3909,0
MIR3910-1,0
MIR3910-2,0
MIR3911,0
MIR3912,1
MIR3913-1,1
MIR3913-2,1
MIR3914-1,0
MIR3914-2,0
MIR3916,0
MIR3917,1
MIR3918,0
MIR3919,0
MIR3920,0
MIR3921,0
MIR3922,0
MIR3924,0
MIR3925,1
MIR3926-1,1
MIR3926-2,1
MIR3928,1
MIR3935,0
MIR3936,1
MIR3938,0
MIR3939,1
MIR3940,0
MIR3941,0
MIR3942,0
MIR3943,0
MIR3944,1
MIR3945,1
MIR3960,1
MIR3973,1
MIR3974,0
MIR3975,1
MIR3976,0
MIR3977,0
MIR3978,1
MIR409,0
MIR410,0
MIR411,0
MIR412,0
MIR421,0
MIR423,1
MIR424,0
MIR425,1
MIR4251,0
MIR4252,0
MIR4253,0
MIR4254,0
MIR4255,0
MIR4256,0
MIR4257,0
MIR4258,1
MIR4260,0
MIR4261,1
MIR4262,0
MIR4263,0
MIR4264,0
MIR4265,0
MIR4266,0
MIR4267,0
MIR4268,0
MIR4269,1
MIR4270,0
MIR4271,0
MIR4272,0
MIR4273,0
MIR4274,0
MIR4275,0
MIR4276,1
MIR4277,0
MIR4278,1
MIR4279,1
MIR4280,1
MIR4281,0
MIR4282,1
MIR4283-1,0
MIR4283-2,0
MIR4284,0
MIR4285,1
MIR4287,0
MIR4288,0
MIR4289,1
MIR429,0
MIR4290,0
MIR4291,0
MIR4292,0
MIR4294,0
MIR4295,0
MIR4296,0
MIR4297,0
MIR4298,0
MIR4299,0
MIR4300,0
MIR4301,0
MIR4302,0
MIR4303,0
MIR4304,0
MIR4305,0
MIR4306,0
MIR4307,0
MIR4308,0
MIR4309,1
MIR431,0
MIR4310,1
MIR4311,0
MIR4312,0
MIR4313,1
MIR4314,0
MIR4315-1,0
MIR4315-2,0
MIR4316,0
MIR4317,1
MIR4318,0
MIR4319,0
MIR432,0
MIR4320,0
MIR4321,0
MIR4322,1
MIR4323,1
MIR4324,0
MIR4325,0
MIR4326,0
MIR4327,0
MIR4328,0
MIR4329,0
MIR433,0
MIR4330,0
MIR4417,0
MIR4420,1
MIR4422,0
MIR4423,0
MIR4424,0
MIR4426,1
MIR4427,0
MIR4429,1
MIR4432,0
MIR4434,1
MIR4435-1,0
MIR4435-2,0
MIR4436A,0
MIR4437,1
MIR4439,1
MIR4440,0
MIR4441,0
MIR4442,1
MIR4443,0
MIR4446,0
MIR4449,1
MIR4450,0
MIR4451,0
MIR4453,1
MIR4454,0
MIR4456,0
MIR4457,0
MIR4458,0
MIR4460,0
MIR4461,1
MIR4462,1
MIR4464,0
MIR4465,0
MIR4466,1
MIR4467,0
MIR4468,0
MIR4469,1
MIR4470,1
MIR4471,1
MIR4472-1,0
MIR4472-2,1
MIR4473,0
MIR4474,0
MIR4475,0
MIR4476,0
MIR4478,1
MIR4479,1
MIR448,0
MIR4480,0
MIR4482,1
MIR4483,0
MIR4484,0
MIR4485,1
MIR4486,0
MIR4488,1
MIR4489,1
MIR4490,0
MIR4491,0
MIR4492,1
MIR4493,1
MIR4497,0
MIR4498,1
MIR4499,0
MIR449A,0
MIR449B,0
MIR449C,0
MIR4500,0
MIR4500HG,1
MIR4503,0
MIR4505,1
MIR4508,0
MIR4509-1,0
MIR4509-2,0
MIR4509-3,0
MIR450A1,0
MIR450A2,0
MIR450B,0
MIR4510,0
MIR4511,0
MIR4513,1
MIR4514,0
MIR4515,1
MIR4516,0
MIR4517,0
MIR4518,0
MIR4519,1
MIR451A,0
MIR451B,0
MIR452,0
MIR4520-1,0
MIR4520-2,0
MIR4521,1
MIR4522,1
MIR4523,1
MIR4524A,0
MIR4526,1
MIR4529,0
MIR4530,1
MIR4531,0
MIR4532,0
MIR4533,0
MIR4534,0
MIR4535,0
MIR4536-1,0
MIR454,0
MIR4540,0
MIR455,0
MIR4632,1
MIR4633,0
MIR4634,0
MIR4635,0
MIR4636,0
MIR4637,0
MIR4638,1
MIR4639,0
MIR4641,0
MIR4642,0
MIR4643,0
MIR4644,0
MIR4645,1
MIR4646,0
MIR4647,1
MIR4648,1
MIR4649,0
MIR4650-1,0
MIR4650-2,0
MIR4651,1
MIR4652,0
MIR4653,0
MIR4654,0
MIR4655,0
MIR4656,0
MIR4657,1
MIR4658,0
MIR4659A,1
MIR4659B,1
MIR4660,0
MIR4661,0
MIR4663,0
MIR4664,0
MIR4665,1
MIR4666A,1
MIR4667,0
MIR4668,0
MIR4669,1
MIR4670,0
MIR4671,0
MIR4672,0
MIR4673,1
MIR4674,1
MIR4675,0
MIR4676,0
MIR4677,0
MIR4678,1
MIR4679-1,0
MIR4679-2,0
MIR4680,0
MIR4681,1
MIR4682,0
MIR4683,0
MIR4684,0
MIR4685,0
MIR4686,0
MIR4687,1
MIR4688,0
MIR4689,0
MIR4690,1
MIR4691,0
MIR4692,1
MIR4693,0
MIR4694,0
MIR4695,0
MIR4696,0
MIR4697,0
MIR4698,1
MIR4699,0
MIR4700,0
MIR4701,0
MIR4703,0
MIR4705,0
MIR4706,0
MIR4707,1
MIR4708,1
MIR4709,0
MIR4710,1
MIR4711,0
MIR4712,0
MIR4713,1
MIR4714,0
MIR4715,1
MIR4716,1
MIR4717,0
MIR4718,0
MIR4719,0
MIR4720,0
MIR4721,0
MIR4722,0
MIR4723,0
MIR4724,1
MIR4725,0
MIR4726,0
MIR4727,1
MIR4728,0
MIR4729,1
MIR4730,0
MIR4731,0
MIR4732,0
MIR4733,1
MIR4734,1
MIR4735,0
MIR4736,1
MIR4737,0
MIR4738,1
MIR4739,0
MIR4740,0
MIR4741,1
MIR4742,0
MIR4743,1
MIR4744,0
MIR4745,0
MIR4746,0
MIR4747,0
MIR4748,0
MIR4749,1
MIR4750,0
MIR4751,1
MIR4752,0
MIR4753,0
MIR4754,1
MIR4755,0
MIR4756,1
MIR4757,1
MIR4758,0
MIR4759,0
MIR4760,0
MIR4761,1
MIR4762,0
MIR4763,1
MIR4764,0
MIR4765,0
MIR4766,0
MIR4767,1
MIR4768,0
MIR4769,1
MIR4770,0
MIR4772,0
MIR4773-1,0
MIR4773-2,0
MIR4774,1
MIR4775,0
MIR4776-1,1
MIR4776-2,1
MIR4777,0
MIR4778,0
MIR4779,1
MIR4780,0
MIR4781,1
MIR4782,0
MIR4783,0
MIR4784,1
MIR4785,1
MIR4786,0
MIR4787,0
MIR4788,0
MIR4789,1
MIR4790,0
MIR4791,0
MIR4792,1
MIR4793,0
MIR4794,0
MIR4795,1
MIR4796,1
MIR4797,0
MIR4798,0
MIR4799,0
MIR4800,0
MIR4801,1
MIR4802,0
MIR4803,1
MIR4804,0
MIR483,1
MIR484,1
MIR485,0
MIR486-1,0
MIR487A,0
MIR487B,0
MIR488,0
MIR489,0
MIR490,0
MIR491,0
MIR492,0
MIR493,0
MIR494,0
MIR495,0
MIR496,0
MIR497,1
MIR497HG,1
MIR498,0
MIR499A,0
MIR499B,0
MIR500A,0
MIR500B,0
MIR501,0
MIR502,0
MIR503,0
MIR504,0
MIR5047,0
MIR505,0
MIR506,0
MIR507,0
MIR508,0
MIR509-1,0
MIR509-2,0
MIR509-3,0
MIR5095,0
MIR510,0
MIR5100,0
MIR511,0
MIR512-1,0
MIR512-2,0
MIR514A1,0
MIR514A2,0
MIR514A3,0
MIR514B,0
MIR515-1,0
MIR515-2,0
MIR516A1,0
MIR516A2,0
MIR516B1,0
MIR516B2,0
MIR517A,0
MIR517B,0
MIR517C,0
MIR518A1,0
MIR518A2,0
MIR518B,0
MIR518C,0
MIR518D,0
MIR518E,0
MIR518F,0
MIR519A1,0
MIR519A2,0
MIR519B,0
MIR519C,0
MIR519D,0
MIR519E,0
MIR520A,0
MIR520B,0
MIR520C,0
MIR520D,0
MIR520E,0
MIR520F,0
MIR520G,0
MIR520H,0
MIR521-1,0
MIR521-2,0
MIR522,0
MIR523,0
MIR524,0
MIR525,0
MIR526A1,0
MIR526A2,0
MIR526B,0
MIR527,0
MIR532,0
MIR539,0
MIR541,0
MIR542,1
MIR543,0
MIR545,0
MIR548A1,0
MIR548A2,0
MIR548A3,0
MIR548AA1,0
MIR548AA2,0
MIR548AC,0
MIR548AD,1
MIR548AE2,0
MIR548AI,0
MIR548AJ2,0
MIR548AL,0
MIR548AN,0
MIR548B,0
MIR548C,1
MIR548D1,0
MIR548D2,0
MIR548F1,0
MIR548F2,0
MIR548F3,0
MIR548F4,0
MIR548F5,0
MIR548G,0
MIR548H2,1
MIR548H3,0
MIR548H4,1
MIR548I1,0
MIR548I2,0
MIR548I3,0
MIR548I4,0
MIR548J,0
MIR548K,1
MIR548M,0
MIR548N,0
MIR548O2,0
MIR548Q,0
MIR548T,0
MIR548W,0
MIR548X,0
MIR548Y,0
MIR548Z,1
MIR549A,1
MIR550A1,0
MIR550A2,0
MIR550A3,0
MIR550B1,0
MIR550B2,0
MIR551A,0
MIR551B,0
MIR553,0
MIR554,1
MIR555,0
MIR556,0
MIR557,0
MIR558,0
MIR559,0
MIR561,0
MIR563,1
MIR564,1
MIR567,1
MIR568,1
MIR569,1
MIR570,0
MIR572,0
MIR573,0
MIR574,1
MIR575,0
MIR577,0
MIR578,1
MIR580,0
MIR581,0
MIR583,1
MIR585,0
MIR586,0
MIR589,1
MIR590,0
MIR591,1
MIR592,0
MIR593,0
MIR595,0
MIR596,0
MIR597,0
MIR598,0
MIR599,0
MIR600,0
MIR600HG,0
MIR601,0
MIR602,0
MIR603,0
MIR604,0
MIR605,0
MIR608,0
MIR609,0
MIR610,0
MIR611,1
MIR612,1
MIR613,0
MIR614,0
MIR615,0
MIR617,0
MIR618,1
MIR620,1
MIR621,0
MIR622,0
MIR623,1
MIR624,0
MIR626,0
MIR627,0
MIR628,1
MIR629,1
MIR630,0
MIR631,0
MIR632,1
MIR634,0
MIR635,0
MIR636,1
MIR637,0
MIR638,1
MIR639,1
MIR641,1
MIR642A,0
MIR642B,0
MIR643,0
MIR644A,0
MIR645,1
MIR647,0
MIR648,0
MIR650,0
MIR651,0
MIR653,0
MIR654,1
MIR655,1
MIR656,0
MIR657,0
MIR658,1
MIR659,1
MIR660,0
MIR661,1
MIR662,0
MIR663A,1
MIR663B,1
MIR664A,0
MIR665,0
MIR668,0
MIR670,0
MIR671,0
MIR675,1
MIR676,0
MIR7-1,0
MIR7-2,0
MIR7-3,1
MIR7-3HG,1
MIR708,0
MIR711,0
MIR718,0
MIR744,0
MIR758,0
MIR759,1
MIR760,1
MIR761,0
MIR762,1
MIR764,0
MIR765,0
MIR766,1
MIR767,0
MIR769,0
MIR770,0
MIR802,0
MIR873,0
MIR874,0
MIR875,0
MIR876,0
MIR877,0
MIR885,0
MIR888,0
MIR889,0
MIR890,0
MIR891A,0
MIR891B,0
MIR892A,0
MIR892B,0
MIR9-1,1
MIR9-2,0
MIR9-3,0
MIR920,0
MIR921,0
MIR922,0
MIR92A1,1
MIR92A2,0
MIR92B,1
MIR93,0
MIR933,1
MIR934,0
MIR935,1
MIR936,1
MIR937,0
MIR938,1
MIR939,0
MIR940,0
MIR941-1,0
MIR941-2,0
MIR941-3,0
MIR941-4,0
MIR942,1
MIR943,0
MIR944,0
MIR96,0
MIR98,0
MIR99A,0
MIR99AHG,0
MIR99B,1
MIRLET7A1,1
MIRLET7A2,1
MIRLET7A3,1
MIRLET7B,1
MIRLET7BHG,1
MIRLET7C,0
MIRLET7D,0
MIRLET7E,1
MIRLET7F1,1
MIRLET7F2,0
MIRLET7G,0
MIRLET7I,1
MIS12,1
MIS18A,1
MIS18BP1,1
MISP,1
MITD1,1
MITF,0
MIXL1,1
MKI67,1
MKKS,1
MKL1,1
MKL2,1
MKLN1,1
MKNK1,1
MKNK2,1
MKRN1,1
MKRN2,1
MKRN3,1
MKRN7P,0
MKRN9P,0
MKS1,1
MKX,0
MLANA,0
MLC1,0
MLEC,1
MLF1,0
MLF2,1
MLH1,1
MLH3,1
MLIP,0
MLK7-AS1,0
MLKL,1
MLLT1,0
MLLT10,1
MLLT10P1,0
MLLT11,1
MLLT3,1
MLLT4,1
MLLT4-AS1,1
MLLT6,1
MLN,0
MLNR,1
MLPH,1
MLST8,1
MLX,1
MLXIP,1
MLXIPL,1
MLYCD,1
MMAA,1
MMAB,1
MMACHC,1
MMADHC,1
MMD,1
MMD2,0
MME,0
MMEL1,0
MMGT1,0
MMP1,0
MMP10,1
MMP11,1
MMP12,0
MMP13,0
MMP14,1
MMP15,1
MMP16,1
MMP17,1
MMP19,0
MMP2,1
MMP20,0
MMP21,0
MMP23A,0
MMP23B,0
MMP24,1
MMP25,0
MMP26,0
MMP27,0
MMP28,0
MMP3,0
MMP7,0
MMP8,0
MMP9,1
MMRN1,0
MMRN2,0
MMS19,1
MMS22L,1
MN1,1
MNAT1,1
MND1,1
MNDA,1
MNS1,1
MNT,1
MNX1,1
MOAP1,0
MOB1A,1
MOB1B,0
MOB2,1
MOB3A,1
MOB3B,0
MOB3C,1
MOB4,1
MOBP,0
MOCOS,1
MOCS1,0
MOCS2,1
MOCS3,1
MOG,0
MOGAT1,1
MOGAT2,1
MOGAT3,1
MOGS,1
MOK,1
MON1A,1
MON1B,1
MON2,1
MORC1,0
MORC2,1
MORC2-AS1,1
MORC3,1
MORC4,0
MORF4L1,1
MORF4L2,1
MORN1,1
MORN2,1
MORN3,0
MORN4,1
MORN5,0
MOS,0
MOSPD1,1
MOSPD2,0
MOSPD3,1
MOV10,1
MOV10L1,0
MOXD1,0
MOXD2P,0
MPC1,1
MPC2,1
MPDU1,1
MPDZ,0
MPEG1,1
MPG,0
MPHOSPH10,1
MPHOSPH6,1
MPHOSPH8,0
MPHOSPH9,1
MPI,1
MPL,0
MPLKIP,1
MPND,1
MPO,0
MPP1,0
MPP2,1
MPP3,1
MPP4,1
MPP5,1
MPP6,0
MPP7,0
MPPE1,1
MPPED1,0
MPPED2,1
MPRIP,0
MPST,1
MPV17,1
MPV17L,0
MPV17L2,1
MPZ,0
MPZL1,1
MPZL2,1
MPZL3,1
MR1,0
MRAP,0
MRAP2,0
MRAS,0
MRC1,0
MRC2,0
MRE11A,1
MREG,1
MRFAP1,1
MRFAP1L1,1
MRGBP,1
MRGPRD,0
MRGPRE,0
MRGPRF,0
MRGPRG,0
MRGPRG-AS1,0
MRGPRX1,0
MRGPRX2,0
MRGPRX3,1
MRGPRX4,0
MRI1,1
MRM1,1
MRO,0
MROH1,0
MROH2A,0
MROH2B,0
MROH5,0
MROH6,1
MROH7,0
MROH7-TTC4,0
MROH8,1
MROH9,0
MRPL1,1
MRPL10,1
MRPL11,1
MRPL12,1
MRPL13,1
MRPL14,1
MRPL15,1
MRPL16,1
MRPL17,1
MRPL18,1
MRPL19,1
MRPL2,1
MRPL20,1
MRPL21,1
MRPL22,1
MRPL23,1
MRPL23-AS1,1
MRPL24,1
MRPL27,1
MRPL28,1
MRPL3,1
MRPL30,1
MRPL32,1
MRPL33,1
MRPL34,1
MRPL35,1
MRPL36,1
MRPL37,1
MRPL38,1
MRPL39,1
MRPL4,1
MRPL40,1
MRPL41,1
MRPL42,1
MRPL42P5,0
MRPL43,1
MRPL44,1
MRPL45,1
MRPL45P2,1
MRPL46,1
MRPL47,1
MRPL48,1
MRPL49,1
MRPL50,1
MRPL51,1
MRPL52,1
MRPL53,1
MRPL54,1
MRPL55,1
MRPL57,1
MRPL9,1
MRPS10,1
MRPS11,1
MRPS12,1
MRPS14,1
MRPS15,1
MRPS16,1
MRPS17,1
MRPS18A,1
MRPS18B,0
MRPS18C,1
MRPS2,1
MRPS21,1
MRPS22,1
MRPS23,1
MRPS24,1
MRPS25,1
MRPS26,1
MRPS27,1
MRPS28,1
MRPS30,1
MRPS31,1
MRPS33,1
MRPS34,1
MRPS35,1
MRPS36,1
MRPS5,1
MRPS6,1
MRPS7,1
MRPS9,1
MRRF,1
MRS2,1
MRS2P2,0
MRTO4,1
MRVI1,0
MRVI1-AS1,1
MS4A1,1
MS4A10,0
MS4A12,0
MS4A13,0
MS4A14,1
MS4A15,0
MS4A18,0
MS4A2,0
MS4A3,0
MS4A4A,0
MS4A5,0
MS4A6A,1
MS4A6E,0
MS4A7,1
MS4A8,0
MSANTD1,0
MSANTD2,1
MSANTD3,1
MSANTD3-TMEFF1,0
MSANTD4,1
MSC,1
MSGN1,1
MSH2,1
MSH3,1
MSH4,1
MSH5,0
MSH6,1
MSI1,0
MSI2,0
MSL1,1
MSL2,1
MSL3,1
MSL3P1,0
MSLN,1
MSLNL,1
MSMB,1
MSMO1,1
MSMP,0
MSN,1
MSR1,0
MSRA,1
MSRB1,1
MSRB2,1
MSRB3,1
MSS51,0
MST1,1
MST1L,0
MST1P2,1
MST1R,1
MST4,1
MSTN,0
MSTO1,1
MSTO2P,1
MSX1,1
MSX2,0
MSX2P1,0
MT1A,0
MT1B,0
MT1DP,1
MT1E,1
MT1F,1
MT1G,0
MT1H,0
MT1IP,0
MT1JP,0
MT1L,1
MT1M,0
MT1X,1
MT2A,1
MT3,1
MT4,0
MTA1,0
MTA2,1
MTA3,1
MTAP,1
MTBP,1
MTCH1,1
MTCH2,1
MTCL1,0
MTCP1,1
MTDH,1
MTERF,0
MTERF1,1
MTERF2,1
MTERF3,1
MTERF4,1
MTF1,1
MTF2,1
MTFMT,1
MTFP1,1
MTFR1,1
MTFR1L,1
MTFR2,1
MTG1,1
MTG2,1
MTHFD1,1
MTHFD1L,1
MTHFD2,1
MTHFD2L,1
MTHFR,1
MTHFS,1
MTHFSD,1
MTIF2,1
MTIF3,1
MTL5,1
MTM1,0
MTMR1,1
MTMR10,1
MTMR11,0
MTMR12,1
MTMR14,1
MTMR2,1
MTMR3,1
MTMR4,1
MTMR6,1
MTMR7,0
MTMR8,0
MTMR9,1
MTMR9LP,1
MTNR1A,0
MTNR1B,1
MTO1,1
MTOR,1
MTPAP,1
MTPN,1
MTR,1
MTRF1,1
MTRF1L,1
MTRNR2L1,1
MTRNR2L10,0
MTRNR2L2,1
MTRNR2L3,1
MTRNR2L4,0
MTRNR2L5,0
MTRNR2L6,0
MTRNR2L7,0
MTRNR2L8,1
MTRR,1
MTSS1,1
MTSS1L,1
MTTP,1
MTURN,0
MTUS1,1
MTUS2,0
MTVR2,0
MTX1,1
MTX2,1
MTX3,1
MUC1,1
MUC12,0
MUC13,0
MUC15,1
MUC16,0
MUC17,1
MUC2,1
MUC20,0
MUC4,0
MUC5AC,0
MUC5B,1
MUC6,0
MUC7,0
MUCL1,0
MUL1,1
MUM1,1
MUM1L1,0
MURC,0
MUS81,1
MUSK,0
MUSTN1,0
MUT,1
MUTYH,1
MVB12A,1
MVB12B,0
MVD,1
MVK,1
MVP,1
MX1,0
MX2,1
MXD1,1
MXD3,1
MXD4,1
MXI1,1
MXRA5,1
MXRA7,0
MXRA8,0
MYADM,1
MYADML,0
MYADML2,0
MYB,1
MYBBP1A,1
MYBL1,1
MYBL2,1
MYBPC1,0
MYBPC2,1
MYBPC3,0
MYBPH,0
MYBPHL,0
MYC,1
MYCBP,1
MYCBP2,1
MYCBPAP,0
MYCL,1
MYCN,1
MYCNOS,1
MYCT1,0
MYD88,1
MYEF2,0
MYEOV,1
MYEOV2,1
MYF5,0
MYF6,0
MYH1,0
MYH10,1
MYH11,1
MYH13,0
MYH14,0
MYH15,0
MYH16,0
MYH2,0
MYH3,0
MYH4,0
MYH6,0
MYH7,1
MYH7B,1
MYH8,0
MYH9,1
MYL1,0
MYL10,0
MYL12A,1
MYL12B,1
MYL2,0
MYL3,0
MYL4,0
MYL5,0
MYL6,1
MYL6B,1
MYL7,0
MYL9,1
MYLIP,1
MYLK,0
MYLK-AS1,1
MYLK2,0
MYLK3,0
MYLK4,0
MYLPF,0
MYNN,1
MYO10,1
MYO15A,0
MYO15B,1
MYO16,1
MYO18A,1
MYO18B,0
MYO19,1
MYO1A,0
MYO1B,1
MYO1C,1
MYO1D,1
MYO1E,1
MYO1F,1
MYO1G,1
MYO1H,0
MYO3A,0
MYO3B,1
MYO5A,1
MYO5B,0
MYO5C,1
MYO6,0
MYO7A,1
MYO7B,0
MYO9A,1
MYO9B,1
MYOC,0
MYOCD,0
MYOD1,0
MYOF,1
MYOG,0
MYOM1,1
MYOM2,0
MYOM3,0
MYOT,0
MYOZ1,0
MYOZ2,0
MYOZ3,0
MYPN,1
MYPOP,1
MYRF,0
MYRFL,0
MYRIP,1
MYSM1,1
MYT1,0
MYT1L,0
MYZAP,1
MZB1,1
MZF1,1
MZT1,1
MZT2A,1
MZT2B,1
N4BP1,1
N4BP2,1
N4BP2L1,1
N4BP2L2,1
N4BP2L2-IT2,0
N4BP3,1
N6AMT1,1
N6AMT2,1
NAA10,0
NAA11,0
NAA15,1
NAA16,1
NAA20,1
NAA25,1
NAA30,0
NAA35,1
NAA38,1
NAA40,1
NAA50,1
NAA60,0
NAAA,0
NAALAD2,1
NAALADL1,0
NAALADL2,1
NAB1,1
NAB2,1
NABP1,1
NABP2,1
NACA,1
NACA2,0
NACAD,1
NACAP1,0
NACC1,1
NACC2,1
NADK,1
NADK2,1
NADSYN1,1
NAE1,1
NAF1,1
NAGA,1
NAGK,1
NAGLU,1
NAGPA,1
NAGS,0
NAIF1,1
NAIP,0
NALCN,0
NAMPT,1
NANOG,0
NANOGNB,0
NANOS1,1
NANOS2,0
NANOS3,0
NANP,1
NANS,1
NAP1L1,1
NAP1L2,0
NAP1L3,0
NAP1L4,1
NAP1L5,0
NAP1L6,0
NAPA,1
NAPB,1
NAPEPLD,1
NAPG,1
NAPRT,1
NAPSA,1
NAPSB,1
NARF,1
NARFL,1
NARS,1
NARS2,1
NASP,1
NAT1,0
NAT10,1
NAT14,0
NAT16,0
NAT2,1
NAT6,1
NAT8,1
NAT8B,0
NAT8L,1
NAT9,1
NATD1,0
NAV1,0
NAV2,0
NAV2-AS4,0
NAV3,0
NBAS,1
NBEA,0
NBEAL1,1
NBEAL2,1
NBEAP1,0
NBL1,0
NBN,1
NBPF1,1
NBPF10,0
NBPF11,1
NBPF14,0
NBPF15,1
NBPF22P,0
NBPF3,1
NBPF4,0
NBPF6,0
NBPF7,0
NBPF9,0
NBR1,1
NBR2,1
NCALD,1
NCAM1,0
NCAM2,0
NCAN,0
NCAPD2,1
NCAPD3,1
NCAPG,1
NCAPG2,1
NCAPH,1
NCAPH2,1
NCBP1,1
NCBP2,1
NCCRP1,0
NCDN,1
NCEH1,1
NCF1,1
NCF1B,1
NCF1C,1
NCF2,1
NCF4,1
NCK1,1
NCK2,1
NCKAP1,1
NCKAP1L,1
NCKAP5,0
NCKAP5L,1
NCKIPSD,1
NCL,1
NCLN,1
NCMAP,1
NCOA1,0
NCOA2,1
NCOA3,1
NCOA4,1
NCOA5,1
NCOA6,1
NCOA7,1
NCOR1,1
NCOR1P1,0
NCOR2,1
NCR1,0
NCR2,1
NCR3LG1,0
NCRUPAR,1
NCS1,1
NCSTN,1
NDC1,1
NDC80,1
NDE1,1
NDEL1,1
NDFIP1,1
NDFIP2,1
NDN,0
NDNF,0
NDNL2,1
NDOR1,1
NDP,0
NDRG1,1
NDRG2,1
NDRG3,1
NDRG4,0
NDST1,1
NDST2,1
NDST3,1
NDST4,0
NDUFA1,1
NDUFA10,1
NDUFA11,1
NDUFA12,1
NDUFA13,1
NDUFA2,1
NDUFA3,1
NDUFA4,1
NDUFA4L2,1
NDUFA5,1
NDUFA6,1
NDUFA7,1
NDUFA8,0
NDUFA9,1
NDUFAB1,1
NDUFAF1,1
NDUFAF2,1
NDUFAF3,1
NDUFAF4,1
NDUFAF5,1
NDUFAF6,1
NDUFAF7,1
NDUFB1,1
NDUFB10,1
NDUFB11,0
NDUFB2,1
NDUFB3,1
NDUFB4,1
NDUFB5,1
NDUFB6,1
NDUFB7,1
NDUFB8,1
NDUFB9,1
NDUFC1,1
NDUFC2,1
NDUFC2-KCTD14,1
NDUFS1,1
NDUFS2,1
NDUFS3,1
NDUFS4,1
NDUFS5,1
NDUFS6,1
NDUFS7,1
NDUFS8,1
NDUFV1,1
NDUFV2,1
NDUFV3,1
NEAT1,1
NEB,0
NEBL,1
NECAB1,0
NECAB2,0
NECAB3,1
NECAP1,1
NECAP2,1
NEDD1,0
NEDD4,1
NEDD4L,1
NEDD8,1
NEDD8-MDP1,1
NEDD9,1
NEFH,1
NEFL,0
NEFM,0
NEGR1,0
NEIL1,1
NEIL2,1
NEIL3,1
NEK1,1
NEK10,1
NEK11,1
NEK2,1
NEK3,1
NEK4,1
NEK5,0
NEK6,1
NEK7,1
NEK8,1
NEK9,1
NELFA,1
NELFB,1
NELFCD,1
NELFE,0
NELL1,0
NELL2,0
NEMF,1
NENF,0
NEO1,1
NEPNP,0
NES,0
NET1,1
NETO1,0
NETO2,1
NEU1,1
NEU2,0
NEU3,1
NEU4,1
NEURL1,0
NEURL1B,1
NEURL2,1
NEURL3,1
NEURL4,1
NEUROD1,0
NEUROD2,1
NEUROD4,0
NEUROD6,0
NEUROG1,0
NEUROG2,1
NEUROG3,1
NEXN,1
NF1,1
NF1P2,0
NF2,1
NFAM1,0
NFASC,0
NFAT5,1
NFATC1,1
NFATC2,1
NFATC2IP,1
NFATC3,1
NFATC4,1
NFE2,1
NFE2L1,1
NFE2L2,1
NFE2L3,0
NFIA,1
NFIB,0
NFIC,1
NFIL3,1
NFIX,0
NFKB1,1
NFKB2,1
NFKBIA,1
NFKBIB,1
NFKBID,1
NFKBIE,1
NFKBIL1,1
NFKBIZ,1
NFRKB,1
NFS1,1
NFU1,1
NFX1,1
NFXL1,1
NFYA,1
NFYB,1
NFYC,1
NGB,1
NGDN,1
NGEF,1
NGF,0
NGFR,0
NGFRAP1,1
NGLY1,1
NGRN,1
NHEG1,1
NHEJ1,1
NHLH1,0
NHLH2,0
NHLRC1,1
NHLRC2,1
NHLRC3,1
NHLRC4,1
NHP2,1
NHP2L1,1
NHS,0
NHSL1,1
NHSL2,0
NICN1,1
NID1,1
NID2,0
NIF3L1,1
NIFK,1
NIM1K,1
NIN,1
NINJ1,1
NINJ2,0
NINL,1
NIP7,1
NIPA1,1
NIPA2,1
NIPAL1,1
NIPAL2,1
NIPAL3,1
NIPAL4,0
NIPBL,1
NIPSNAP1,1
NIPSNAP3A,1
NIPSNAP3B,1
NISCH,1
NIT1,1
NIT2,1
NKAIN1,0
NKAIN2,0
NKAIN3,0
NKAIN4,0
NKAP,1
NKAPL,0
NKAPP1,1
NKD1,1
NKD2,0
NKG7,1
NKIRAS1,1
NKIRAS2,1
NKPD1,0
NKRF,1
NKTR,1
NKX1-2,1
NKX2-1,0
NKX2-2,0
NKX2-2-AS1,0
NKX2-3,0
NKX2-4,0
NKX2-5,1
NKX2-6,0
NKX2-8,0
NKX3-1,1
NKX3-2,1
NKX6-1,0
NKX6-2,0
NKX6-3,0
NLE1,1
NLGN1,0
NLGN2,0
NLGN3,0
NLGN4X,0
NLGN4Y,0
NLK,1
NLN,1
NLRC3,1
NLRC4,1
NLRC5,0
NLRP1,0
NLRP10,0
NLRP11,0
NLRP12,0
NLRP13,0
NLRP14,0
NLRP2,0
NLRP3,1
NLRP4,0
NLRP5,0
NLRP6,0
NLRP7,0
NLRP8,0
NLRP9,0
NLRX1,1
NMB,1
NMBR,0
NMD3,1
NME1,1
NME1-NME2,1
NME2,1
NME3,1
NME4,0
NME5,0
NME6,1
NME7,1
NME8,0
NME9,0
NMI,1
NMNAT1,1
NMNAT2,0
NMNAT3,0
NMRAL1,1
NMRK1,1
NMRK2,0
NMS,0
NMT1,1
NMT2,0
NMU,1
NMUR1,0
NMUR2,0
NNAT,0
NNMT,1
NNT,1
NOA1,1
NOB1,1
NOBOX,0
NOC2L,1
NOC3L,1
NOC4L,1
NOD1,1
NOD2,1
NODAL,0
NOG,0
NOL10,1
NOL11,1
NOL12,1
NOL3,1
NOL4,1
NOL4L,1
NOL6,1
NOL7,1
NOL8,1
NOL9,1
NOLC1,1
NOM1,1
NOMO1,0
NOMO2,0
NOMO3,0
NONO,1
NOP10,1
NOP14,1
NOP14-AS1,1
NOP16,1
NOP2,1
NOP56,1
NOP58,1
NOP9,1
NOS1,0
NOS1AP,0
NOS2,0
NOS3,0
NOSIP,1
NOSTRIN,0
NOTCH1,1
NOTCH2,1
NOTCH2NL,1
NOTCH3,0
NOTCH4,0
NOTO,0
NOTUM,1
NOV,1
NOVA1,0
NOVA2,0
NOX1,0
NOX3,0
NOX4,0
NOX5,0
NOXA1,1
NOXO1,1
NOXRED1,0
NPAP1,0
NPAS1,1
NPAS2,1
NPAS3,1
NPAS4,1
NPAT,1
NPB,1
NPBWR1,0
NPBWR2,0
NPC1,1
NPC1L1,1
NPC2,1
NPDC1,1
NPEPL1,0
NPEPPS,1
NPFF,0
NPFFR1,0
NPFFR2,0
NPHP1,1
NPHP3,1
NPHP3-ACAD11,1
NPHP3-AS1,1
NPHP4,1
NPHS1,0
NPHS2,0
NPIPB3,1
NPL,1
NPLOC4,1
NPM1,1
NPM2,1
NPM3,1
NPNT,1
NPPA,0
NPPA-AS1,1
NPPB,0
NPPC,0
NPR1,0
NPR2,0
NPR3,0
NPRL2,1
NPRL3,1
NPS,0
NPSR1,0
NPTN,1
NPTX1,0
NPTX2,0
NPTXR,1
NPVF,0
NPW,1
NPY,0
NPY1R,1
NPY2R,0
NPY4R,0
NPY5R,1
NPY6R,0
NQO1,1
NQO2,1
NR0B1,0
NR0B2,1
NR1D1,1
NR1D2,1
NR1H2,1
NR1H3,1
NR1H4,1
NR1H5P,0
NR1I2,0
NR1I3,1
NR2C1,1
NR2C2,1
NR2C2AP,1
NR2E1,0
NR2E3,0
NR2F1,1
NR2F2,0
NR2F6,1
NR3C1,1
NR3C2,1
NR4A1,1
NR4A2,1
NR4A3,1
NR5A1,1
NR5A2,0
NR6A1,1
NRADDP,0
NRAP,0
NRARP,0
NRAS,1
NRBF2,1
NRBP1,1
NRBP2,1
NRCAM,1
NRD1,1
NRDE2,1
NREP,0
NRF1,1
NRG1,0
NRG2,1
NRG3,0
NRG4,0
NRGN,0
NRIP1,1
NRIP2,0
NRIP3,0
NRK,0
NRL,1
NRM,1
NRN1,0
NRN1L,1
NRON,1
NRP1,1
NRP2,1
NRROS,1
NRSN1,0
NRSN2,1
NRTN,1
NRXN1,0
NRXN2,1
NRXN3,1
NSA2,1
NSD1,1
NSDHL,0
NSF,0
NSFL1C,1
NSG1,0
NSL1,1
NSMAF,1
NSMCE1,1
NSMCE2,1
NSMCE4A,1
NSMF,1
NSRP1,1
NSUN2,1
NSUN3,1
NSUN4,1
NSUN5,1
NSUN5P1,1
NSUN5P2,1
NSUN6,1
NSUN7,0
NT5C,1
NT5C1A,1
NT5C1B,0
NT5C1B-RDH14,0
NT5C2,1
NT5C3A,1
NT5C3B,1
NT5DC1,1
NT5DC2,1
NT5DC3,1
NT5E,1
NT5M,1
NTAN1,1
NTF3,0
NTF4,0
NTHL1,1
NTM,0
NTMT1,1
NTN1,1
NTN3,0
NTN4,0
NTN5,0
NTNG1,1
NTNG2,0
NTPCR,0
NTRK1,1
NTRK2,0
NTRK3,0
NTS,0
NTSR1,0
NTSR2,1
NUAK1,1
NUAK2,1
NUB1,1
NUBP1,1
NUBP2,1
NUBPL,1
NUCB1,1
NUCB2,1
NUCKS1,1
NUDC,1
NUDCD1,1
NUDCD2,1
NUDCD3,1
NUDT1,1
NUDT10,0
NUDT11,0
NUDT12,0
NUDT13,1
NUDT14,0
NUDT15,1
NUDT16,1
NUDT16L1,1
NUDT16P1,0
NUDT17,1
NUDT18,1
NUDT19,1
NUDT2,1
NUDT21,1
NUDT22,1
NUDT3,1
NUDT4,1
NUDT4P1,1
NUDT5,1
NUDT6,1
NUDT7,1
NUDT8,1
NUDT9,1
NUDT9P1,1
NUF2,1
NUFIP1,1
NUFIP2,1
NUGGC,0
NUMA1,1
NUMB,1
NUMBL,1
NUP107,1
NUP133,1
NUP153,1
NUP155,1
NUP160,1
NUP188,1
NUP205,1
NUP210,1
NUP210L,0
NUP210P1,0
NUP214,1
NUP35,1
NUP37,1
NUP43,1
NUP50,1
NUP54,1
NUP62,1
NUP62CL,0
NUP85,1
NUP88,1
NUP93,1
NUP98,1
NUPL1,1
NUPL2,1
NUPR1,1
NUPR1L,0
NUS1,1
NUSAP1,1
NUTF2,1
NUTM1,0
NUTM2A,0
NUTM2D,0
NUTM2F,0
NUTM2G,0
NVL,1
NWD1,1
NWD2,0
NXF1,1
NXF2,0
NXF2B,0
NXF3,0
NXF4,0
NXF5,0
NXN,1
NXNL1,0
NXNL2,1
NXPE1,0
NXPE2,0
NXPE3,1
NXPE4,0
NXPH1,0
NXPH2,0
NXPH3,0
NXPH4,0
NXT1,1
NXT2,1
NYAP1,0
NYAP2,0
NYNRIN,0
NYX,1
OAF,0
OARD1,1
OAS1,1
OAS2,1
OAS3,1
OASL,0
OAT,1
OAZ1,1
OAZ2,1
OAZ3,1
OBFC1,1
OBP2A,0
OBP2B,0
OBSCN,0
OBSL1,1
OC90,0
OCA2,0
OCEL1,1
OCIAD1,1
OCIAD2,1
OCLM,0
OCLN,1
OCM,0
OCM2,0
OCRL,1
OCSTAMP,0
ODAM,0
ODC1,1
ODF1,1
ODF2,1
ODF2L,1
ODF3,0
ODF3B,1
ODF3L1,0
ODF3L2,0
ODF4,0
OFD1,1
OGDH,1
OGDHL,1
OGFOD1,1
OGFOD2,1
OGFOD3,1
OGFR,1
OGFRL1,0
OGG1,1
OGN,0
OGT,1
OIP5,1
OIP5-AS1,1
OIT3,1
OLA1,1
OLAH,1
OLFM1,0
OLFM2,0
OLFM3,0
OLFM4,0
OLFML1,0
OLFML2A,0
OLFML2B,0
OLFML3,1
OLIG1,0
OLIG2,0
OLIG3,0
OLR1,0
OMA1,1
OMD,1
OMG,0
OMP,0
ONECUT1,0
ONECUT2,0
ONECUT3,0
OOEP,0
OOSP1,0
OOSP2,0
OPA1,1
OPA3,1
OPALIN,0
OPCML,0
OPHN1,1
OPLAH,0
OPN1LW,0
OPN1MW,0
OPN1MW2,0
OPN1SW,1
OPN3,0
OPN4,1
OPN5,1
OPRD1,0
OPRK1,0
OPRL1,0
OPRM1,0
OPTC,0
OPTN,0
OR10A2,0
OR10A3,0
OR10A4,0
OR10A5,0
OR10A6,0
OR10A7,0
OR10AD1,0
OR10AG1,0
OR10C1,0
OR10G2,0
OR10G3,0
OR10G4,0
OR10G7,0
OR10G8,0
OR10G9,0
OR10H1,0
OR10H2,0
OR10H3,0
OR10H4,0
OR10H5,0
OR10J1,0
OR10J3,0
OR10J5,0
OR10K1,0
OR10K2,0
OR10P1,0
OR10Q1,0
OR10R2,0
OR10S1,0
OR10T2,0
OR10V1,0
OR10V2P,0
OR10W1,0
OR10X1,0
OR10Z1,0
OR11A1,0
OR11G2,0
OR11H12,0
OR11H2,0
OR11H4,0
OR11H6,0
OR11L1,0
OR12D2,0
OR12D3,0
OR13A1,0
OR13C2,1
OR13C3,0
OR13C4,0
OR13C5,0
OR13C8,0
OR13C9,0
OR13D1,0
OR13F1,0
OR13G1,0
OR13H1,0
OR13J1,1
OR14A16,0
OR14C36,0
OR14I1,0
OR14J1,0
OR1A1,0
OR1A2,0
OR1B1,0
OR1C1,0
OR1D2,0
OR1D4,0
OR1D5,0
OR1E1,0
OR1E2,0
OR1F1,0
OR1F2P,0
OR1G1,0
OR1I1,0
OR1J1,0
OR1J2,0
OR1J4,0
OR1K1,0
OR1L1,0
OR1L3,0
OR1L4,0
OR1L6,0
OR1L8,0
OR1M1,0
OR1N1,0
OR1N2,0
OR1Q1,0
OR1S1,0
OR1S2,0
OR2A1,0
OR2A12,0
OR2A14,0
OR2A2,0
OR2A20P,0
OR2A25,0
OR2A4,0
OR2A42,0
OR2A5,0
OR2A7,0
OR2A9P,0
OR2AE1,0
OR2AG1,0
OR2AG2,0
OR2AK2,0
OR2AP1,0
OR2AT4,0
OR2B11,0
OR2B2,0
OR2B6,0
OR2C1,0
OR2C3,0
OR2D2,0
OR2D3,0
OR2F1,0
OR2F2,1
OR2G2,0
OR2G3,0
OR2G6,0
OR2H2,0
OR2J2,0
OR2K2,0
OR2L13,0
OR2L1P,0
OR2L2,0
OR2L3,0
OR2L8,0
OR2M1P,0
OR2M2,0
OR2M3,0
OR2M4,0
OR2M5,0
OR2M7,0
OR2S2,0
OR2T1,1
OR2T10,0
OR2T11,0
OR2T12,0
OR2T2,1
OR2T27,1
OR2T29,0
OR2T3,0
OR2T33,0
OR2T34,0
OR2T35,1
OR2T4,0
OR2T5,0
OR2T6,0
OR2T8,0
OR2V2,0
OR2W1,0
OR2W3,0
OR2W5,0
OR2Y1,0
OR2Z1,0
OR3A1,0
OR3A2,0
OR3A3,0
OR3A4P,0
OR4A15,0
OR4A16,0
OR4A47,0
OR4A5,0
OR4B1,0
OR4C11,0
OR4C12,0
OR4C13,0
OR4C15,0
OR4C16,0
OR4C3,0
OR4C45,0
OR4C46,0
OR4C6,0
OR4D1,0
OR4D10,0
OR4D11,1
OR4D2,0
OR4D5,0
OR4D6,0
OR4D9,0
OR4E2,0
OR4F13P,0
OR4F15,0
OR4F16,0
OR4F17,0
OR4F21,0
OR4F29,0
OR4F3,0
OR4F4,0
OR4F5,0
OR4F6,0
OR4K1,0
OR4K13,0
OR4K14,0
OR4K15,0
OR4K17,0
OR4K2,0
OR4K5,0
OR4L1,0
OR4M1,0
OR4M2,0
OR4N2,0
OR4N3P,0
OR4N4,0
OR4N5,0
OR4P4,0
OR4Q3,0
OR4S1,0
OR4S2,0
OR4X1,0
OR4X2,0
OR51A2,0
OR51A4,0
OR51A7,0
OR51B2,0
OR51B4,0
OR51B5,0
OR51B6,0
OR51D1,0
OR51E1,0
OR51E2,0
OR51F1,0
OR51F2,0
OR51G1,0
OR51G2,0
OR51I1,0
OR51I2,0
OR51L1,0
OR51M1,0
OR51Q1,0
OR51S1,0
OR51T1,0
OR51V1,0
OR52A1,0
OR52A5,0
OR52B2,0
OR52B4,0
OR52B6,0
OR52D1,0
OR52E2,0
OR52E4,0
OR52E6,0
OR52E8,0
OR52H1,0
OR52I1,0
OR52I2,0
OR52J3,0
OR52K1,0
OR52K2,0
OR52L1,0
OR52M1,0
OR52N1,0
OR52N2,0
OR52N4,0
OR52N5,0
OR52R1,0
OR52W1,0
OR56A1,0
OR56A3,0
OR56A4,0
OR56A5,0
OR56B1,0
OR56B4,0
OR5A1,0
OR5A2,0
OR5AC2,0
OR5AK2,0
OR5AK4P,0
OR5AN1,0
OR5AP2,0
OR5AR1,0
OR5AS1,0
OR5AU1,0
OR5B12,0
OR5B17,0
OR5B2,0
OR5B21,0
OR5B3,0
OR5C1,0
OR5D13,0
OR5D14,0
OR5D16,0
OR5D18,0
OR5E1P,0
OR5F1,0
OR5H1,0
OR5H14,0
OR5H15,0
OR5H2,0
OR5H6,0
OR5I1,0
OR5J2,0
OR5K1,0
OR5K2,0
OR5K3,0
OR5K4,0
OR5L1,0
OR5L2,0
OR5M1,0
OR5M10,0
OR5M11,0
OR5M3,0
OR5M8,0
OR5M9,0
OR5P2,0
OR5P3,0
OR5R1,0
OR5T1,0
OR5T2,0
OR5T3,0
OR5W2,0
OR6A2,0
OR6B1,0
OR6B2,0
OR6B3,0
OR6C1,0
OR6C2,0
OR6C3,0
OR6C4,0
OR6C6,0
OR6C65,0
OR6C68,0
OR6C70,0
OR6C74,0
OR6C75,0
OR6C76,0
OR6F1,0
OR6K2,0
OR6K3,1
OR6K6,0
OR6M1,0
OR6N1,0
OR6N2,0
OR6P1,0
OR6Q1,0
OR6S1,0
OR6T1,0
OR6V1,0
OR6W1P,0
OR6X1,0
OR6Y1,0
OR7A10,0
OR7A17,0
OR7A5,0
OR7C1,0
OR7C2,0
OR7D2,0
OR7D4,0
OR7E12P,0
OR7E14P,0
OR7E156P,0
OR7E24,0
OR7E2P,0
OR7E37P,0
OR7E5P,0
OR7E91P,0
OR7G1,0
OR7G2,0
OR7G3,0
OR8A1,0
OR8B12,0
OR8B2,0
OR8B3,0
OR8B4,0
OR8B8,0
OR8D1,0
OR8D2,0
OR8D4,0
OR8G1,0
OR8G2,0
OR8G5,0
OR8H1,0
OR8H2,0
OR8H3,0
OR8I2,0
OR8J1,0
OR8J3,0
OR8K1,0
OR8K3,0
OR8K5,0
OR8S1,0
OR8U1,0
OR8U8,0
OR9A2,0
OR9A4,0
OR9G1,0
OR9G4,0
OR9G9,0
OR9I1,0
OR9K2,0
OR9Q1,1
OR9Q2,0
ORAI1,1
ORAI2,1
ORAI3,1
ORAOV1,1
ORC1,1
ORC2,1
ORC3,1
ORC4,1
ORC5,1
ORC6,1
ORM1,0
ORM2,1
ORMDL1,1
ORMDL2,1
ORMDL3,1
OS9,1
OSBP,1
OSBP2,1
OSBPL10,1
OSBPL11,1
OSBPL1A,1
OSBPL2,1
OSBPL3,1
OSBPL5,0
OSBPL6,1
OSBPL7,1
OSBPL8,1
OSBPL9,1
OSCAR,1
OSCP1,1
OSER1,1
OSGEP,1
OSGEPL1,1
OSGIN1,1
OSGIN2,1
OSM,1
OSMR,1
OSR1,0
OSR2,1
OST4,1
OSTC,1
OSTCP1,0
OSTF1,1
OSTM1,1
OSTN,0
OTC,0
OTOA,0
OTOF,0
OTOG,0
OTOGL,0
OTOL1,0
OTOP1,0
OTOP2,0
OTOP3,0
OTOR,0
OTOS,0
OTP,0
OTUB1,1
OTUB2,1
OTUD1,1
OTUD3,1
OTUD4,1
OTUD5,1
OTUD6A,0
OTUD6B,1
OTUD7A,0
OTUD7B,1
OTULIN,1
OTX1,1
OTX2,0
OTX2-AS1,0
OVCA2,1
OVCH1,0
OVCH2,0
OVGP1,0
OVOL1,1
OVOL2,1
OXA1L,1
OXCT1,1
OXCT2,0
OXER1,0
OXGR1,0
OXLD1,1
OXNAD1,1
OXR1,0
OXSM,1
OXSR1,1
OXT,0
OXTR,1
P2RX1,1
P2RX2,0
P2RX3,0
P2RX4,1
P2RX5,1
P2RX5-TAX1BP3,1
P2RX6,0
P2RX6P,1
P2RX7,1
P2RY1,1
P2RY10,1
P2RY11,1
P2RY12,1
P2RY13,0
P2RY14,1
P2RY2,1
P2RY4,0
P2RY6,0
P2RY8,1
P4HA1,1
P4HA2,1
P4HA3,0
P4HB,1
P4HTM,1
PA2G4,1
PA2G4P4,1
PAAF1,1
PABPC1,1
PABPC1L,1
PABPC1L2A,0
PABPC1L2B,0
PABPC1P2,0
PABPC3,0
PABPC4,1
PABPC4L,1
PABPC5,0
PABPN1,1
PABPN1L,0
PACRG,1
PACRGL,1
PACS1,1
PACS2,1
PACSIN1,0
PACSIN2,1
PACSIN3,1
PADI1,0
PADI2,0
PADI3,1
PADI4,0
PADI6,0
PAEP,0
PAF1,1
PAFAH1B1,1
PAFAH1B2,1
PAFAH1B3,1
PAFAH2,1
PAG1,0
PAGE1,0
PAGE2,0
PAGE2B,0
PAGE3,0
PAGE4,0
PAGE5,0
PAGR1,1
PAH,1
PAICS,1
PAIP1,1
PAIP2,1
PAIP2B,1
PAK1,1
PAK1IP1,1
PAK2,1
PAK3,0
PAK4,1
PAK6,0
PAK7,1
PALB2,1
PALD1,1
PALLD,0
PALM,1
PALM2,0
PALM2-AKAP2,0
PALM3,1
PALMD,1
PAM,1
PAM16,0
PAMR1,0
PAN2,1
PAN3,1
PAN3-AS1,1
PANK1,1
PANK2,1
PANK3,1
PANK4,1
PANX1,1
PANX2,1
PANX3,0
PAOX,1
PAPD4,1
PAPD5,1
PAPD7,1
PAPL,0
PAPLN,1
PAPOLA,1
PAPOLB,0
PAPOLG,1
PAPPA,1
PAPPA2,0
PAPSS1,1
PAPSS2,1
PAQR3,0
PAQR4,1
PAQR5,0
PAQR6,1
PAQR7,1
PAQR8,1
PAQR9,0
PARD3,0
PARD3B,1
PARD6A,1
PARD6B,1
PARD6G,0
PARG,1
PARK2,1
PARK7,1
PARL,1
PARM1,1
PARN,1
PARP1,1
PARP10,1
PARP11,0
PARP12,1
PARP14,1
PARP15,1
PARP16,1
PARP2,1
PARP3,1
PARP4,1
PARP6,1
PARP8,1
PARP9,1
PARPBP,1
PARS2,0
PART1,1
PARVA,1
PARVB,0
PARVG,0
PASD1,0
PASK,1
PATE1,0
PATE2,0
PATE3,0
PATE4,0
PATL1,1
PATL2,0
PATZ1,1
PAWR,1
PAX1,0
PAX2,0
PAX3,0
PAX4,0
PAX5,1
PAX6,0
PAX7,0
PAX8,1
PAX9,0
PAXBP1,1
PAXBP1-AS1,1
PAXIP1,1
PBDC1,0
PBK,1
PBLD,1
PBOV1,0
PBRM1,1
PBX1,0
PBX2,1
PBX3,1
PBX4,1
PBXIP1,1
PC,1
PCA3,0
PCAT1,0
PCAT4,0
PCBD1,0
PCBD2,1
PCBP1,1
PCBP1-AS1,1
PCBP2,1
PCBP3,0
PCBP4,1
PCCA,1
PCCB,1
PCDH1,0
PCDH10,0
PCDH11X,0
PCDH11Y,0
PCDH12,0
PCDH15,0
PCDH17,0
PCDH18,1
PCDH19,0
PCDH20,0
PCDH7,0
PCDH8,0
PCDH9,0
PCDHA1,0
PCDHA10,0
PCDHA11,0
PCDHA12,0
PCDHA13,0
PCDHA2,0
PCDHA3,0
PCDHA4,0
PCDHA5,0
PCDHA6,0
PCDHA7,0
PCDHA8,0
PCDHA9,0
PCDHAC1,0
PCDHAC2,0
PCDHB1,0
PCDHB10,0
PCDHB11,0
PCDHB12,0
PCDHB13,0
PCDHB14,0
PCDHB15,0
PCDHB16,0
PCDHB17,0
PCDHB18,0
PCDHB19P,0
PCDHB2,0
PCDHB3,0
PCDHB4,0
PCDHB5,0
PCDHB6,0
PCDHB7,0
PCDHB8,0
PCDHB9,0
PCDHGA1,0
PCDHGA10,0
PCDHGA11,1
PCDHGA12,0
PCDHGA2,0
PCDHGA3,0
PCDHGA4,0
PCDHGA5,0
PCDHGA6,0
PCDHGA7,0
PCDHGA8,0
PCDHGA9,0
PCDHGB1,0
PCDHGB2,0
PCDHGB3,0
PCDHGB4,0
PCDHGB5,0
PCDHGB6,0
PCDHGB7,0
PCDHGB8P,0
PCDHGC3,1
PCDHGC4,1
PCDHGC5,0
PCED1A,1
PCED1B,1
PCF11,1
PCGEM1,0
PCGF1,1
PCGF2,1
PCGF3,0
PCGF5,1
PCGF6,1
PCID2,1
PCIF1,1
PCK1,1
PCK2,1
PCLO,0
PCM1,1
PCMT1,1
PCMTD1,1
PCMTD2,1
PCNA,1
PCNA-AS1,1
PCNAP1,0
PCNP,1
PCNT,1
PCNX,0
PCNXL2,0
PCNXL3,1
PCNXL4,1
PCOLCE,0
PCOLCE2,1
PCP2,0
PCP4,0
PCP4L1,0
PCSK1,1
PCSK1N,0
PCSK2,0
PCSK4,1
PCSK5,0
PCSK6,1
PCSK7,1
PCSK9,1
PCTP,1
PCYOX1,1
PCYOX1L,1
PCYT1A,1
PCYT1B,0
PCYT2,1
PDAP1,1
PDC,0
PDCD1,1
PDCD10,1
PDCD11,1
PDCD1LG2,1
PDCD2,1
PDCD2L,1
PDCD4,1
PDCD5,1
PDCD6,1
PDCD6IP,1
PDCD7,1
PDCL,1
PDCL2,0
PDCL3,1
PDDC1,1
PDE10A,0
PDE11A,0
PDE12,1
PDE1A,0
PDE1B,0
PDE1C,0
PDE2A,0
PDE3A,0
PDE3B,1
PDE4A,1
PDE4B,0
PDE4C,0
PDE4D,1
PDE4DIP,1
PDE5A,1
PDE6A,0
PDE6B,1
PDE6C,1
PDE6D,1
PDE6G,0
PDE6H,0
PDE7A,1
PDE7B,0
PDE8A,1
PDE8B,0
PDE9A,0
PDF,1
PDGFA,1
PDGFB,1
PDGFC,1
PDGFD,0
PDGFRA,0
PDGFRB,0
PDGFRL,1
PDHA1,1
PDHA2,0
PDHB,1
PDHX,1
PDIA2,0
PDIA3,1
PDIA3P1,0
PDIA4,1
PDIA5,1
PDIA6,1
PDIK1L,1
PDILT,0
PDK1,1
PDK2,1
PDK3,1
PDK4,1
PDLIM1,1
PDLIM2,1
PDLIM3,0
PDLIM4,0
PDLIM5,1
PDLIM7,1
PDP1,1
PDP2,1
PDPK1,0
PDPN,0
PDPR,1
PDRG1,1
PDS5A,1
PDS5B,0
PDSS1,1
PDSS2,1
PDX1,0
PDXDC1,1
PDXDC2P,1
PDXK,1
PDXP,1
PDYN,0
PDZD11,0
PDZD2,0
PDZD3,0
PDZD4,0
PDZD7,1
PDZD8,1
PDZD9,1
PDZK1,1
PDZK1IP1,0
PDZK1P2,0
PDZRN3,0
PDZRN4,0
PEA15,1
PEAK1,1
PEAR1,0
PEBP1,1
PEBP4,0
PECAM1,0
PECR,1
PEF1,1
PEG10,1
PEG3,0
PEG3-AS1,0
PELI1,1
PELI2,0
PELI3,0
PELO,1
PELP1,1
PEMT,1
PENK,0
PEPD,1
PER1,1
PER2,1
PER3,1
PER4,0
PERM1,1
PERP,1
PES1,1
PET100,1
PET117,1
PEX1,1
PEX10,1
PEX11A,1
PEX11B,1
PEX11G,1
PEX12,1
PEX13,1
PEX14,1
PEX16,1
PEX19,1
PEX2,1
PEX26,1
PEX3,1
PEX5,1
PEX5L,1
PEX6,1
PEX7,1
PF4,0
PF4V1,0
PFAS,1
PFDN1,1
PFDN2,1
PFDN4,1
PFDN5,1
PFDN6,0
PFKFB1,1
PFKFB2,1
PFKFB3,1
PFKFB4,1
PFKL,1
PFKM,1
PFKP,0
PFN1,1
PFN1P2,0
PFN2,1
PFN3,0
PFN4,1
PGA3,0
PGA4,0
PGA5,0
PGAM1,0
PGAM2,1
PGAM4,0
PGAM5,1
PGAP1,1
PGAP2,1
PGAP3,1
PGBD1,1
PGBD2,1
PGBD3,0
PGBD4,1
PGBD5,0
PGC,1
PGCP1,0
PGD,1
PGF,1
PGGT1B,1
PGK1,1
PGK2,0
PGLS,1
PGLYRP1,0
PGLYRP2,1
PGLYRP3,0
PGLYRP4,0
PGM1,1
PGM2,1
PGM2L1,1
PGM3,1
PGM5,0
PGM5P2,0
PGP,1
PGPEP1,1
PGPEP1L,0
PGR,0
PGRMC1,1
PGRMC2,1
PGS1,1
PHACTR1,0
PHACTR2,0
PHACTR3,0
PHACTR4,1
PHAX,1
PHB,1
PHB2,1
PHC1,0
PHC2,0
PHC3,1
PHEX,0
PHF1,1
PHF10,1
PHF11,1
PHF12,1
PHF13,1
PHF14,1
PHF19,1
PHF2,1
PHF20,1
PHF20L1,1
PHF21A,1
PHF21B,0
PHF23,1
PHF2P1,0
PHF3,0
PHF5A,1
PHF6,0
PHF7,1
PHF8,1
PHGDH,1
PHGR1,0
PHIP,1
PHKA1,0
PHKA2,1
PHKB,1
PHKG1,1
PHKG2,1
PHLDA1,1
PHLDA2,1
PHLDA3,0
PHLDB1,0
PHLDB2,1
PHLDB3,1
PHLPP1,1
PHLPP2,0
PHOSPHO1,1
PHOSPHO2,1
PHOSPHO2-KLHL23,1
PHOX2A,0
PHOX2B,0
PHPT1,1
PHRF1,1
PHTF1,1
PHTF2,1
PHYH,1
PHYHD1,1
PHYHIP,0
PHYHIPL,1
PHYKPL,0
PI15,0
PI16,0
PI3,1
PI4K2A,0
PI4K2B,1
PI4KA,1
PI4KAP1,0
PI4KAP2,0
PI4KB,1
PIANP,0
PIAS1,1
PIAS2,0
PIAS3,1
PIAS4,1
PIBF1,1
PICALM,1
PICK1,1
PID1,0
PIDD1,1
PIEZO1,1
PIEZO2,1
PIF1,1
PIFO,0
PIGA,1
PIGB,1
PIGC,1
PIGF,1
PIGG,1
PIGH,1
PIGK,1
PIGL,1
PIGM,1
PIGN,1
PIGO,1
PIGP,1
PIGQ,1
PIGR,0
PIGS,1
PIGT,1
PIGU,1
PIGV,1
PIGW,1
PIGX,1
PIGY,1
PIGZ,1
PIH1D1,1
PIH1D2,1
PIH1D3,0
PIK3AP1,1
PIK3C2A,0
PIK3C2B,0
PIK3C2G,1
PIK3C3,1
PIK3CA,1
PIK3CB,0
PIK3CD,1
PIK3CG,1
PIK3IP1,1
PIK3R1,1
PIK3R2,1
PIK3R3,1
PIK3R4,1
PIK3R5,1
PIK3R6,1
PIKFYVE,1
PILRA,0
PILRB,1
PIM1,1
PIM2,1
PIM3,1
PIN1,1
PIN1P1,0
PIN4,1
PINK1,1
PINLYP,0
PINX1,1
PIP,0
PIP4K2A,1
PIP4K2B,1
PIP4K2C,1
PIP5K1A,1
PIP5K1B,1
PIP5K1C,0
PIP5K1P1,0
PIP5KL1,1
PIPOX,1
PIPSL,0
PIR,0
PIR-FIGF,0
PIRT,0
PISD,1
PISRT1,0
PITHD1,1
PITPNA,1
PITPNB,1
PITPNC1,1
PITPNM1,1
PITPNM2,0
PITPNM3,0
PITRM1,0
PITX1,1
PITX2,1
PITX3,1
PIWIL1,0
PIWIL2,1
PIWIL3,0
PIWIL4,0
PJA1,0
PJA2,1
PKD1,0
PKD1L1,1
PKD1L2,0
PKD1L3,0
PKD1P1,0
PKD2,1
PKD2L1,0
PKD2L2,1
PKDCC,1
PKDREJ,0
PKHD1,1
PKHD1L1,0
PKI55,1
PKIA,1
PKIB,1
PKIG,1
PKLR,1
PKM,1
PKMYT1,1
PKN1,1
PKN2,1
PKN3,1
PKNOX1,1
PKNOX2,0
PKP1,1
PKP2,1
PKP3,1
PKP4,1
PLA1A,1
PLA2G10,0
PLA2G12A,1
PLA2G12B,0
PLA2G15,1
PLA2G16,0
PLA2G1B,0
PLA2G2A,0
PLA2G2C,0
PLA2G2D,0
PLA2G2E,1
PLA2G2F,0
PLA2G3,1
PLA2G4A,0
PLA2G4B,1
PLA2G4C,1
PLA2G4D,1
PLA2G4E,0
PLA2G4F,1
PLA2G5,0
PLA2G6,1
PLA2G7,0
PLA2R1,0
PLAA,1
PLAC1,0
PLAC4,0
PLAC8,1
PLAC8L1,0
PLAC9,0
PLAG1,1
PLAGL1,1
PLAGL2,1
PLAT,1
PLAU,1
PLAUR,0
PLB1,0
PLBD1,1
PLBD2,0
PLCB1,1
PLCB2,1
PLCB3,1
PLCB4,1
PLCD1,1
PLCD3,1
PLCD4,0
PLCE1,1
PLCG1,1
PLCG2,1
PLCH1,0
PLCH2,0
PLCL1,1
PLCL2,1
PLCXD1,1
PLCXD2,1
PLCXD3,0
PLCZ1,0
PLD1,1
PLD2,0
PLD3,1
PLD4,1
PLD5,0
PLD6,1
PLEC,1
PLEK,1
PLEK2,1
PLEKHA1,1
PLEKHA2,1
PLEKHA3,1
PLEKHA4,0
PLEKHA5,0
PLEKHA6,0
PLEKHA7,1
PLEKHA8,1
PLEKHA8P1,1
PLEKHB1,0
PLEKHB2,1
PLEKHD1,1
PLEKHF1,1
PLEKHF2,1
PLEKHG1,0
PLEKHG2,1
PLEKHG3,1
PLEKHG4,1
PLEKHG4B,0
PLEKHG5,0
PLEKHG6,1
PLEKHG7,1
PLEKHH1,1
PLEKHH2,0
PLEKHH3,1
PLEKHJ1,1
PLEKHM1,0
PLEKHM1P,1
PLEKHM2,0
PLEKHM3,1
PLEKHN1,1
PLEKHO1,1
PLEKHO2,0
PLEKHS1,1
PLET1,0
PLG,0
PLGLA,1
PLGLB1,0
PLGLB2,0
PLGRKT,1
PLIN1,1
PLIN2,1
PLIN3,1
PLIN4,0
PLIN5,1
PLK1,1
PLK2,1
PLK3,1
PLK4,1
PLK5,0
PLLP,1
PLN,0
PLOD1,1
PLOD2,1
PLOD3,1
PLP1,0
PLP2,1
PLRG1,1
PLS1,1
PLS3,1
PLSCR1,1
PLSCR2,0
PLSCR3,1
PLSCR4,1
PLSCR5,1
PLTP,0
PLVAP,0
PLXDC1,1
PLXDC2,0
PLXNA1,0
PLXNA2,0
PLXNA3,0
PLXNA4,0
PLXNB1,1
PLXNB2,1
PLXNB3,0
PLXNC1,1
PLXND1,1
PM20D1,0
PM20D2,1
PMAIP1,1
PMCH,1
PMCHL1,0
PMCHL2,0
PMEL,1
PMEPA1,1
PMF1,1
PMF1-BGLAP,1
PMFBP1,1
PML,1
PMM1,1
PMM2,1
PMP2,0
PMP22,0
PMPCA,1
PMPCB,1
PMS1,1
PMS2,1
PMS2CL,0
PMS2L2,1
PMS2P1,1
PMS2P3,1
PMS2P4,1
PMS2P5,1
PMVK,1
PNCK,0
PNISR,1
PNKD,1
PNKP,1
PNLDC1,0
PNLIP,0
PNLIPRP1,1
PNLIPRP2,0
PNLIPRP3,0
PNMA1,1
PNMA2,0
PNMA3,0
PNMA5,0
PNMA6A,0
PNMA6D,0
PNMAL1,0
PNMAL2,0
PNMT,0
PNN,1
PNO1,1
PNOC,0
PNP,1
PNPLA1,1
PNPLA2,1
PNPLA3,1
PNPLA4,1
PNPLA5,0
PNPLA6,1
PNPLA7,1
PNPLA8,1
PNPO,1
PNPT1,1
PNRC1,1
PNRC2,1
POC1A,1
POC1B,1
POC1B-GALNT4,1
POC5,1
PODN,0
PODNL1,0
PODXL,1
PODXL2,0
POF1B,0
POFUT1,1
POFUT2,1
POGK,1
POGLUT1,1
POGZ,1
POLA1,1
POLA2,1
POLB,1
POLD1,1
POLD2,0
POLD3,1
POLD4,1
POLDIP2,1
POLDIP3,1
POLE,1
POLE2,1
POLE3,1
POLE4,1
POLG,1
POLG2,1
POLH,1
POLI,1
POLK,1
POLL,1
POLM,1
POLN,0
POLQ,1
POLR1A,1
POLR1B,1
POLR1C,1
POLR1D,1
POLR1E,1
POLR2A,1
POLR2B,1
POLR2C,1
POLR2D,1
POLR2E,1
POLR2F,0
POLR2G,1
POLR2H,1
POLR2I,1
POLR2J,1
POLR2J2,1
POLR2J3,1
POLR2J4,1
POLR2K,1
POLR2L,1
POLR2M,1
POLR3A,1
POLR3B,1
POLR3C,1
POLR3D,1
POLR3E,1
POLR3F,1
POLR3G,1
POLR3GL,1
POLR3H,1
POLR3K,1
POLRMT,1
POM121,1
POM121C,1
POM121L10P,0
POM121L12,0
POM121L1P,0
POM121L2,1
POM121L4P,0
POM121L8P,0
POM121L9P,0
POMC,0
POMGNT1,0
POMGNT2,0
POMK,1
POMP,1
POMT1,1
POMT2,1
POMZP3,1
PON1,0
PON2,1
PON3,0
POP1,1
POP4,1
POP5,1
POP7,1
POPDC2,1
POPDC3,0
POR,1
PORCN,0
POSTN,0
POT1,1
POTEA,0
POTEB,0
POTEC,0
POTED,0
POTEE,0
POTEF,0
POTEG,0
POTEH,0
POTEKP,0
POTEM,0
POU1F1,0
POU2AF1,1
POU2F1,1
POU2F2,1
POU2F3,0
POU3F1,0
POU3F2,1
POU3F3,0
POU3F4,0
POU4F1,0
POU4F2,0
POU4F3,0
POU5F1,0
POU5F1B,0
POU5F1P3,0
POU5F1P4,0
POU5F2,0
POU6F1,1
POU6F2,0
PP12613,0
PP14571,1
PP2D1,0
PP7080,1
PPA1,1
PPA2,1
PPAN,1
PPAN-P2RY11,1
PPAP2A,1
PPAP2B,1
PPAP2C,1
PPAPDC1A,1
PPAPDC1B,1
PPAPDC2,1
PPAPDC3,0
PPARA,0
PPARD,1
PPARG,0
PPARGC1A,1
PPARGC1B,1
PPAT,1
PPBP,0
PPBPP2,0
PPCDC,1
PPCS,1
PPDPF,0
PPEF1,0
PPEF2,0
PPFIA1,1
PPFIA2,0
PPFIA3,1
PPFIA4,0
PPFIBP1,1
PPFIBP2,1
PPHLN1,1
PPIA,1
PPIAL4B,0
PPIAL4C,0
PPIAL4D,0
PPIAL4E,0
PPIAL4F,0
PPIAL4G,0
PPIB,1
PPIC,1
PPID,1
PPIE,1
PPIEL,0
PPIF,1
PPIG,1
PPIH,1
PPIL1,1
PPIL2,1
PPIL3,1
PPIL4,1
PPIL6,1
PPIP5K1,0
PPIP5K2,0
PPL,1
PPM1A,1
PPM1B,1
PPM1D,1
PPM1E,0
PPM1F,0
PPM1G,1
PPM1H,1
PPM1J,1
PPM1K,1
PPM1L,1
PPM1M,1
PPM1N,0
PPME1,1
PPOX,1
PPP1CA,1
PPP1CB,1
PPP1CC,1
PPP1R10,0
PPP1R11,0
PPP1R12A,1
PPP1R12B,1
PPP1R12C,1
PPP1R13B,1
PPP1R13L,1
PPP1R14A,0
PPP1R14B,1
PPP1R14C,1
PPP1R14D,0
PPP1R15A,1
PPP1R15B,1
PPP1R16A,0
PPP1R16B,1
PPP1R17,0
PPP1R18,0
PPP1R1A,0
PPP1R1B,1
PPP1R1C,0
PPP1R2,1
PPP1R21,1
PPP1R26,0
PPP1R27,1
PPP1R2P3,0
PPP1R2P9,0
PPP1R32,1
PPP1R35,1
PPP1R36,0
PPP1R37,1
PPP1R3A,0
PPP1R3B,1
PPP1R3C,1
PPP1R3D,1
PPP1R3E,1
PPP1R3F,1
PPP1R3G,1
PPP1R42,0
PPP1R7,1
PPP1R8,1
PPP1R9A,1
PPP1R9B,1
PPP2CA,1
PPP2CB,1
PPP2R1A,1
PPP2R1B,1
PPP2R2A,1
PPP2R2B,0
PPP2R2C,0
PPP2R2D,0
PPP2R3A,1
PPP2R3B,1
PPP2R3C,1
PPP2R4,1
PPP2R5A,1
PPP2R5B,1
PPP2R5C,0
PPP2R5D,1
PPP2R5E,1
PPP3CA,1
PPP3CB,1
PPP3CC,1
PPP3R1,1
PPP3R2,0
PPP4C,1
PPP4R1,0
PPP4R1L,0
PPP4R2,1
PPP4R4,0
PPP5C,1
PPP6C,1
PPP6R1,1
PPP6R2,1
PPP6R3,1
PPRC1,1
PPT1,1
PPT2,0
PPTC7,1
PPWD1,1
PPY,1
PPY2,0
PQBP1,1
PQLC1,1
PQLC2,0
PQLC3,1
PRAC1,0
PRAC2,0
PRADC1,1
PRAF2,0
PRAM1,1
PRAME,0
PRAMEF1,0
PRAMEF10,0
PRAMEF11,0
PRAMEF12,0
PRAMEF14,0
PRAMEF15,0
PRAMEF16,0
PRAMEF17,0
PRAMEF19,0
PRAMEF2,0
PRAMEF20,0
PRAMEF4,0
PRAMEF5,0
PRAMEF6,0
PRAMEF7,0
PRAMEF8,0
PRAMEF9,0
PRAP1,1
PRB1,0
PRB2,0
PRB3,0
PRB4,0
PRC1,1
PRCC,1
PRCD,0
PRCP,1
PRDM1,1
PRDM10,1
PRDM11,0
PRDM12,0
PRDM13,0
PRDM14,0
PRDM15,1
PRDM16,0
PRDM2,1
PRDM4,0
PRDM5,1
PRDM6,0
PRDM7,0
PRDM8,1
PRDM9,0
PRDX1,1
PRDX2,1
PRDX3,1
PRDX4,0
PRDX5,1
PRDX6,1
PREB,1
PRELID1,1
PRELID2,1
PRELP,0
PREP,1
PREPL,1
PREX1,1
PREX2,0
PRF1,0
PRG1,0
PRG2,0
PRG3,0
PRG4,0
PRH1,0
PRH1-PRR4,1
PRH2,0
PRICKLE1,1
PRICKLE2,0
PRICKLE3,0
PRICKLE4,1
PRIM1,1
PRIM2,1
PRIMA1,1
PRIMPOL,1
PRINS,0
PRKAA1,1
PRKAA2,0
PRKAB1,1
PRKAB2,1
PRKACA,1
PRKACB,1
PRKACG,0
PRKAG1,1
PRKAG2,1
PRKAG3,0
PRKAR1A,1
PRKAR1B,1
PRKAR2A,1
PRKAR2B,1
PRKCA,0
PRKCB,1
PRKCD,1
PRKCDBP,1
PRKCE,1
PRKCG,0
PRKCH,1
PRKCI,1
PRKCQ,0
PRKCSH,1
PRKCZ,1
PRKD1,1
PRKD2,1
PRKD3,0
PRKDC,1
PRKG1,0
PRKG2,0
PRKRA,1
PRKRIP1,1
PRKRIR,1
PRKX,0
PRKY,0
PRL,1
PRLH,0
PRLHR,0
PRLR,1
PRM1,1
PRM2,0
PRM3,1
PRMT1,1
PRMT2,1
PRMT3,1
PRMT5,1
PRMT6,1
PRMT7,1
PRMT8,0
PRMT9,1
PRND,1
PRNP,1
PRNT,0
PRO0611,0
PROB1,1
PROC,1
PROCA1,1
PROCR,0
PRODH,0
PRODH2,1
PROK1,0
PROK2,0
PROKR1,0
PROKR2,0
PROL1,0
PROM1,0
PROM2,1
PROP1,0
PRORSD1P,1
PROS1,1
PROSC,1
PROSER1,1
PROSER2,0
PROSER3,1
PROX1,1
PROX2,0
PROZ,1
PRPF18,1
PRPF19,1
PRPF3,1
PRPF31,1
PRPF38A,1
PRPF38B,1
PRPF39,1
PRPF4,1
PRPF40A,1
PRPF40B,1
PRPF4B,1
PRPF6,1
PRPF8,1
PRPH,0
PRPH2,0
PRPS1,0
PRPS1L1,0
PRPS2,0
PRPSAP1,1
PRPSAP2,1
PRR11,1
PRR12,1
PRR13,1
PRR14,1
PRR14L,1
PRR15,1
PRR15L,1
PRR16,1
PRR18,1
PRR19,1
PRR20A,0
PRR20B,0
PRR20C,0
PRR20D,0
PRR20E,0
PRR21,0
PRR22,0
PRR23A,0
PRR23B,0
PRR23C,0
PRR25,0
PRR26,0
PRR27,0
PRR29,0
PRR3,0
PRR30,0
PRR32,0
PRR34,1
PRR35,1
PRR4,0
PRR5,0
PRR5-ARHGAP8,0
PRR5L,0
PRR7,1
PRR9,0
PRRC1,0
PRRC2A,0
PRRC2B,0
PRRC2C,1
PRRG1,0
PRRG2,1
PRRG3,0
PRRG4,1
PRRT1,0
PRRT2,1
PRRT3,1
PRRT4,1
PRRX1,0
PRRX2,0
PRSS1,1
PRSS12,1
PRSS16,0
PRSS2,0
PRSS21,0
PRSS22,1
PRSS23,0
PRSS27,1
PRSS3,0
PRSS30P,1
PRSS33,0
PRSS35,0
PRSS36,1
PRSS37,0
PRSS38,0
PRSS3P2,0
PRSS41,0
PRSS42,0
PRSS43,0
PRSS44,0
PRSS45,0
PRSS46,0
PRSS48,0
PRSS50,0
PRSS51,0
PRSS53,0
PRSS54,0
PRSS55,0
PRSS56,0
PRSS57,0
PRSS58,0
PRSS8,1
PRTFDC1,1
PRTG,1
PRTN3,0
PRUNE,1
PRUNE2,1
PRX,0
PRY,0
PRY2,0
PSAP,1
PSAPL1,0
PSAT1,1
PSCA,1
PSD,1
PSD2,0
PSD3,1
PSD4,1
PSEN1,1
PSEN2,1
PSENEN,1
PSG1,0
PSG10P,0
PSG11,0
PSG2,0
PSG3,0
PSG4,0
PSG5,0
PSG6,0
PSG7,0
PSG8,0
PSG9,0
PSIP1,1
PSKH1,1
PSKH2,0
PSMA1,1
PSMA2,1
PSMA3,1
PSMA4,1
PSMA5,1
PSMA6,1
PSMA7,1
PSMA8,0
PSMB1,1
PSMB10,1
PSMB11,0
PSMB2,1
PSMB3,1
PSMB4,1
PSMB5,1
PSMB6,1
PSMB7,1
PSMB8,1
PSMB9,0
PSMC1,1
PSMC2,1
PSMC3,1
PSMC3IP,1
PSMC4,1
PSMC5,1
PSMC6,1
PSMD1,1
PSMD10,0
PSMD11,1
PSMD12,1
PSMD13,1
PSMD14,1
PSMD2,1
PSMD3,1
PSMD4,1
PSMD5,1
PSMD6,1
PSMD7,1
PSMD8,1
PSMD9,1
PSME1,1
PSME2,1
PSME3,1
PSME4,1
PSMF1,0
PSMG1,1
PSMG2,0
PSMG3,1
PSMG4,1
PSORS1C2,1
PSPC1,1
PSPH,1
PSPN,0
PSRC1,1
PSTK,1
PSTPIP1,0
PSTPIP2,1
PTAFR,0
PTAR1,1
PTBP1,1
PTBP2,1
PTBP3,1
PTCD1,1
PTCD2,1
PTCD3,1
PTCH1,0
PTCH2,1
PTCHD1,0
PTCHD2,1
PTCHD3,0
PTCHD4,0
PTCRA,0
PTDSS1,1
PTDSS2,1
PTEN,1
PTENP1,0
PTER,1
PTF1A,0
PTGDR,0
PTGDR2,1
PTGDS,1
PTGER1,0
PTGER2,1
PTGER3,1
PTGER4,0
PTGES,1
PTGES2,1
PTGES3,1
PTGES3L,0
PTGFR,0
PTGFRN,1
PTGIR,1
PTGIS,0
PTGR1,1
PTGR2,1
PTGS1,0
PTGS2,1
PTH,0
PTH1R,0
PTH2,0
PTH2R,0
PTHLH,0
PTK2,1
PTK2B,1
PTK6,1
PTK7,1
PTMA,1
PTMS,1
PTN,0
PTOV1,1
PTP4A1,1
PTP4A2,1
PTP4A3,0
PTPDC1,1
PTPLA,1
PTPLAD1,1
PTPLAD2,1
PTPLB,1
PTPMT1,0
PTPN1,1
PTPN11,1
PTPN12,1
PTPN13,1
PTPN14,1
PTPN18,1
PTPN2,1
PTPN20B,0
PTPN21,0
PTPN22,1
PTPN23,1
PTPN3,1
PTPN4,1
PTPN5,0
PTPN6,1
PTPN7,1
PTPN9,1
PTPRA,0
PTPRB,0
PTPRC,1
PTPRCAP,1
PTPRD,0
PTPRE,0
PTPRF,0
PTPRG,1
PTPRH,1
PTPRJ,1
PTPRK,1
PTPRM,0
PTPRN,0
PTPRN2,0
PTPRO,0
PTPRQ,0
PTPRR,0
PTPRS,0
PTPRT,0
PTPRU,0
PTPRVP,0
PTPRZ1,0
PTRF,1
PTRH1,1
PTRH2,1
PTRHD1,1
PTS,1
PTTG1,0
PTTG1IP,1
PTTG2,1
PTTG3P,0
PTX3,1
PTX4,0
PUF60,1
PUM1,1
PUM2,0
PURA,1
PURB,1
PURG,1
PUS1,1
PUS10,1
PUS3,1
PUS7,1
PUS7L,1
PUSL1,1
PVALB,0
PVR,1
PVRIG,1
PVRL1,0
PVRL2,1
PVRL3,1
PVRL3-AS1,1
PVRL4,1
PVT1,1
PWAR5,0
PWARSN,0
PWP1,1
PWP2,1
PWRN1,0
PWRN2,0
PWWP2A,1
PWWP2B,0
PXDC1,1
PXDN,1
PXDNL,0
PXK,1
PXMP2,1
PXMP4,1
PXN,1
PXT1,1
PXYLP1,0
PYCARD,1
PYCR1,1
PYCR2,1
PYCRL,1
PYDC1,0
PYDC2,0
PYGB,1
PYGL,1
PYGM,0
PYGO1,0
PYGO2,1
PYHIN1,0
PYROXD1,1
PYROXD2,1
PYURF,0
PYY,0
PYY2,0
PZP,0
QARS,1
QDPR,1
QKI,1
QPCT,0
QPCTL,1
QPRT,1
QRFP,0
QRFPR,0
QRICH1,1
QRICH2,0
QRSL1,1
QSER1,1
QSOX1,1
QSOX2,1
QTRT1,1
QTRTD1,1
R3HCC1,1
R3HCC1L,1
R3HDM1,1
R3HDM2,0
R3HDM4,0
R3HDML,0
RAB10,1
RAB11A,1
RAB11B,1
RAB11FIP1,1
RAB11FIP2,1
RAB11FIP3,1
RAB11FIP4,0
RAB11FIP5,1
RAB12,1
RAB13,1
RAB14,1
RAB15,0
RAB17,1
RAB18,1
RAB19,0
RAB1A,1
RAB1B,1
RAB20,1
RAB21,1
RAB22A,0
RAB23,1
RAB24,1
RAB25,1
RAB26,1
RAB27A,1
RAB27B,0
RAB28,1
RAB29,1
RAB2A,1
RAB2B,1
RAB30,1
RAB31,0
RAB32,1
RAB33A,1
RAB33B,1
RAB34,1
RAB35,1
RAB36,0
RAB37,1
RAB38,1
RAB39A,0
RAB39B,0
RAB3A,1
RAB3B,0
RAB3C,1
RAB3D,0
RAB3GAP1,1
RAB3GAP2,1
RAB3IL1,0
RAB3IP,1
RAB40A,0
RAB40AL,0
RAB40B,0
RAB40C,1
RAB41,0
RAB42,1
RAB43,1
RAB44,0
RAB4A,1
RAB4B,1
RAB4B-EGLN2,1
RAB5A,1
RAB5B,1
RAB5C,1
RAB6A,1
RAB6B,1
RAB6C,0
RAB7A,1
RAB7B,0
RAB8A,1
RAB8B,1
RAB9A,0
RAB9B,0
RAB9BP1,0
RABAC1,1
RABEP1,0
RABEP2,1
RABEPK,1
RABGAP1,1
RABGAP1L,1
RABGEF1,1
RABGGTA,1
RABGGTB,1
RABIF,1
RABL2A,1
RABL2B,1
RABL3,1
RABL6,0
RAC1,1
RAC2,1
RAC3,0
RACGAP1,1
RACGAP1P,0
RAD1,1
RAD17,1
RAD18,1
RAD21,1
RAD21-AS1,1
RAD21L1,1
RAD23A,1
RAD23B,1
RAD50,1
RAD51,1
RAD51AP1,1
RAD51AP2,0
RAD51B,1
RAD51C,1
RAD51D,1
RAD51L3-RFFL,1
RAD52,1
RAD54B,1
RAD54L,1
RAD54L2,0
RAD9A,1
RAD9B,1
RADIL,1
RAE1,1
RAET1E,1
RAET1G,1
RAET1K,1
RAET1L,1
RAF1,1
RAG1,0
RAG2,0
RAI1,1
RAI14,1
RAI2,0
RALA,1
RALB,1
RALBP1,1
RALGAPA1,1
RALGAPA2,1
RALGAPB,1
RALGDS,1
RALGPS1,1
RALGPS2,1
RALY,1
RALYL,0
RAMP1,1
RAMP2,0
RAMP3,0
RAN,1
RANBP1,1
RANBP10,1
RANBP17,1
RANBP2,1
RANBP3,1
RANBP3L,0
RANBP6,1
RANBP9,1
RANGAP1,1
RANGRF,1
RAP1A,1
RAP1B,1
RAP1GAP,1
RAP1GAP2,0
RAP1GDS1,1
RAP2A,1
RAP2B,1
RAP2C,1
RAPGEF1,1
RAPGEF2,0
RAPGEF3,1
RAPGEF4,0
RAPGEF5,1
RAPGEF6,1
RAPGEFL1,1
RAPH1,1
RAPSN,0
RARA,1
RARB,1
RARG,1
RARRES1,0
RARRES2,1
RARRES3,1
RARS,1
RARS2,1
RASA1,1
RASA2,1
RASA3,1
RASA4,1
RASA4CP,1
RASAL1,1
RASAL2,0
RASAL3,1
RASD1,0
RASD2,0
RASEF,1
RASGEF1A,0
RASGEF1B,1
RASGEF1C,0
RASGRF1,0
RASGRF2,0
RASGRP1,0
RASGRP2,0
RASGRP3,1
RASGRP4,1
RASIP1,1
RASL10A,1
RASL10B,1
RASL11A,0
RASL11B,1
RASL12,0
RASSF1,1
RASSF10,1
RASSF2,0
RASSF3,1
RASSF4,0
RASSF5,1
RASSF6,0
RASSF7,1
RASSF8,1
RASSF9,1
RAVER1,1
RAVER2,0
RAX,0
RAX2,0
RB1,1
RB1CC1,1
RBAK,1
RBAK-RBAKDN,1
RBBP4,1
RBBP5,1
RBBP6,1
RBBP7,0
RBBP8,1
RBBP8NL,1
RBBP9,1
RBCK1,1
RBFA,1
RBFOX1,0
RBFOX2,1
RBFOX3,0
RBKS,1
RBL1,1
RBL2,1
RBM10,0
RBM11,0
RBM12,1
RBM12B,1
RBM12B-AS1,1
RBM14,1
RBM14-RBM4,1
RBM15,1
RBM15B,1
RBM17,1
RBM18,1
RBM19,1
RBM20,1
RBM22,1
RBM23,1
RBM24,0
RBM25,1
RBM26,1
RBM26-AS1,1
RBM27,1
RBM28,1
RBM3,1
RBM33,1
RBM34,1
RBM38,1
RBM39,1
RBM4,1
RBM41,0
RBM42,1
RBM43,1
RBM44,0
RBM45,1
RBM46,0
RBM47,1
RBM48,1
RBM4B,1
RBM5,1
RBM5-AS1,0
RBM6,1
RBM7,1
RBM8A,1
RBMS1,1
RBMS2,0
RBMS3,1
RBMX,1
RBMX2,0
RBMXL1,1
RBMXL2,0
RBMXL3,0
RBMY1A1,0
RBMY1A3P,0
RBMY1B,0
RBMY1D,0
RBMY1E,0
RBMY1F,0
RBMY1J,0
RBMY2EP,0
RBMY2FP,0
RBMY3AP,0
RBP1,1
RBP2,1
RBP3,0
RBP4,1
RBP5,1
RBP7,0
RBPJ,1
RBPJL,0
RBPMS,1
RBPMS2,0
RBX1,1
RC3H1,0
RC3H2,1
RCAN1,1
RCAN2,0
RCAN3,0
RCAN3AS,0
RCBTB1,1
RCBTB2,1
RCC1,1
RCC2,1
RCCD1,1
RCE1,1
RCHY1,1
RCL1,1
RCN1,1
RCN2,1
RCN3,0
RCOR1,1
RCOR2,1
RCOR3,1
RCSD1,1
RCVRN,0
RD3,0
RDH10,1
RDH11,1
RDH12,0
RDH13,1
RDH14,1
RDH16,0
RDH5,1
RDH8,0
RDM1,0
RDX,1
REC114,0
REC8,1
RECK,0
RECQL,1
RECQL4,1
RECQL5,1
REEP1,0
REEP2,0
REEP3,1
REEP4,1
REEP5,1
REEP6,1
REG1A,0
REG1B,0
REG1P,0
REG3A,0
REG3G,0
REG4,0
REL,1
RELA,1
RELB,0
RELL1,1
RELL2,1
RELN,0
RELT,1
REM1,1
REM2,1
REN,0
RENBP,0
REP15,1
REPIN1,1
REPS1,1
REPS2,0
RER1,1
RERE,1
REREP3,0
RERG,0
RERGL,0
RESP18,0
REST,0
RET,0
RETN,0
RETNLB,0
RETSAT,1
REV1,1
REV3L,1
REXO1,1
REXO1L1P,0
REXO1L2P,0
REXO2,1
REXO4,1
RFC1,1
RFC2,1
RFC3,1
RFC4,1
RFC5,1
RFESD,1
RFFL,1
RFK,1
RFNG,1
RFPL1,0
RFPL1S,0
RFPL2,0
RFPL3,0
RFPL3S,0
RFPL4A,0
RFPL4B,0
RFT1,1
RFTN1,1
RFTN2,0
RFWD2,1
RFWD3,1
RFX1,1
RFX2,1
RFX3,1
RFX4,0
RFX5,1
RFX6,0
RFX7,1
RFX8,0
RFXANK,1
RFXAP,0
RGAG1,0
RGAG4,0
RGCC,0
RGL1,1
RGL2,1
RGL3,0
RGL4,0
RGMA,0
RGMB,1
RGN,1
RGP1,1
RGPD1,0
RGPD2,0
RGPD3,0
RGPD4,0
RGPD5,1
RGPD6,0
RGPD8,1
RGR,0
RGS1,1
RGS10,1
RGS11,0
RGS12,0
RGS13,0
RGS14,1
RGS16,1
RGS17,0
RGS18,0
RGS19,0
RGS2,0
RGS20,0
RGS21,0
RGS22,0
RGS3,0
RGS4,0
RGS5,1
RGS6,1
RGS7,0
RGS7BP,0
RGS8,0
RGS9,1
RGS9BP,1
RGSL1,0
RHAG,0
RHBDD1,1
RHBDD2,1
RHBDD3,1
RHBDF1,1
RHBDF2,1
RHBDL1,1
RHBDL2,1
RHBDL3,1
RHBG,1
RHCE,0
RHCG,0
RHD,0
RHEB,1
RHEBL1,1
RHNO1,1
RHO,0
RHOA,1
RHOB,1
RHOBTB1,1
RHOBTB2,1
RHOBTB3,1
RHOC,1
RHOD,1
RHOF,1
RHOG,1
RHOH,1
RHOJ,1
RHOQ,1
RHOT1,1
RHOT2,1
RHOU,1
RHOV,1
RHOXF1,0
RHOXF2,0
RHOXF2B,0
RHPN1,0
RHPN1-AS1,0
RHPN2,1
RIBC1,1
RIBC2,1
RIC1,1
RIC3,0
RIC8A,1
RIC8B,1
RICTOR,1
RIF1,1
RIIAD1,0
RILP,1
RILPL1,1
RILPL2,1
RIMBP2,0
RIMBP3,0
RIMBP3B,0
RIMBP3C,0
RIMKLA,0
RIMKLB,0
RIMS1,0
RIMS2,0
RIMS3,0
RIMS4,1
RIN1,1
RIN2,1
RIN3,1
RING1,1
RINL,1
RINT1,1
RIOK1,1
RIOK2,1
RIOK3,1
RIPK1,0
RIPK2,1
RIPK3,0
RIPK4,1
RIPPLY1,0
RIPPLY2,0
RIPPLY3,0
RIT1,1
RIT2,0
RITA1,1
RLBP1,0
RLF,1
RLIM,1
RLN1,1
RLN2,1
RLN3,0
RLTPR,1
RMDN1,1
RMDN2,0
RMDN3,1
RMI1,1
RMI2,1
RMND1,1
RMND5A,1
RMND5B,1
RMRP,1
RMST,0
RNA45S5,0
RNASE1,0
RNASE10,1
RNASE11,0
RNASE12,0
RNASE13,0
RNASE2,1
RNASE3,0
RNASE4,1
RNASE6,1
RNASE7,0
RNASE8,0
RNASE9,0
RNASEH1,1
RNASEH2A,1
RNASEH2B,1
RNASEH2C,1
RNASEK,1
RNASEK-C17ORF49,1
RNASEL,1
RNASET2,1
RND1,1
RND2,1
RND3,1
RNF10,1
RNF103,1
RNF103-CHMP3,1
RNF11,1
RNF111,1
RNF112,0
RNF113A,1
RNF113B,0
RNF114,1
RNF115,1
RNF121,1
RNF122,1
RNF123,1
RNF125,1
RNF126,1
RNF126P1,0
RNF128,1
RNF13,1
RNF130,1
RNF133,0
RNF135,1
RNF138,1
RNF138P1,1
RNF139,1
RNF14,0
RNF141,1
RNF144A,1
RNF144B,1
RNF145,1
RNF146,1
RNF148,0
RNF149,1
RNF150,0
RNF151,1
RNF152,0
RNF157,0
RNF165,0
RNF166,1
RNF167,1
RNF168,1
RNF169,1
RNF17,0
RNF170,1
RNF175,0
RNF180,0
RNF181,1
RNF182,0
RNF183,0
RNF185,1
RNF186,1
RNF187,1
RNF19A,1
RNF19B,1
RNF2,0
RNF20,1
RNF207,1
RNF208,1
RNF212,0
RNF213,1
RNF214,1
RNF215,0
RNF216,1
RNF216P1,1
RNF217,0
RNF217-AS1,0
RNF219,1
RNF220,1
RNF222,1
RNF223,1
RNF224,1
RNF24,1
RNF25,1
RNF26,1
RNF31,1
RNF32,1
RNF34,1
RNF38,1
RNF39,1
RNF4,1
RNF40,1
RNF41,1
RNF43,1
RNF44,1
RNF5,0
RNF5P1,1
RNF6,1
RNF7,1
RNF8,1
RNFT1,1
RNFT2,1
RNGTT,1
RNH1,1
RNLS,1
RNMT,1
RNMTL1,1
RNPC3,1
RNPEP,1
RNPEPL1,1
RNPS1,1
RNU11,1
RNU12,1
RNU4ATAC,1
RNU5D-1,0
RNU5E-1,0
RNU5F-1,0
RNU6ATAC,1
RNU86,0
RNY4,0
RNY5,0
ROBO1,0
ROBO2,0
ROBO3,0
ROBO4,1
ROCK1,0
ROCK1P1,0
ROCK2,1
ROGDI,1
ROM1,1
ROMO1,1
ROPN1,0
ROPN1B,0
ROPN1L,0
ROR1,1
ROR2,0
RORA,0
RORB,0
RORC,1
ROS1,0
RP1,0
RP1L1,0
RP2,0
RP9,0
RP9P,1
RPA1,1
RPA2,1
RPA3,1
RPA4,0
RPAIN,1
RPAP1,1
RPAP2,1
RPAP3,1
RPE,1
RPE65,0
RPF1,1
RPF2,1
RPGR,0
RPGRIP1,0
RPGRIP1L,1
RPH3A,0
RPH3AL,1
RPIA,1
RPL10,1
RPL10A,1
RPL10L,0
RPL11,1
RPL12,1
RPL13,1
RPL13A,1
RPL13AP17,0
RPL13AP20,1
RPL13AP3,0
RPL13AP5,1
RPL13AP6,0
RPL13P5,0
RPL14,1
RPL15,1
RPL17,1
RPL17-C18ORF32,1
RPL18,1
RPL18A,1
RPL19,1
RPL19P12,0
RPL21,1
RPL21P28,1
RPL21P44,0
RPL22,1
RPL22L1,1
RPL23,1
RPL23A,1
RPL23AP32,0
RPL23AP53,1
RPL23AP64,0
RPL23AP7,1
RPL23AP82,0
RPL23P8,0
RPL24,1
RPL26,1
RPL26L1,1
RPL27,1
RPL27A,1
RPL28,1
RPL29,1
RPL29P2,0
RPL3,1
RPL30,1
RPL31,1
RPL31P11,0
RPL32,1
RPL32P3,1
RPL34,1
RPL35,1
RPL35A,1
RPL36,1
RPL36A,1
RPL36A-HNRNPH2,1
RPL36AL,1
RPL37,1
RPL37A,1
RPL38,1
RPL39,1
RPL39L,1
RPL3L,0
RPL4,1
RPL41,1
RPL5,1
RPL6,1
RPL7,1
RPL7A,1
RPL7L1,1
RPL8,1
RPL9,1
RPLP0,1
RPLP0P2,0
RPLP1,1
RPLP2,1
RPN1,1
RPN2,1
RPP14,1
RPP21,0
RPP25,0
RPP25L,1
RPP30,1
RPP38,1
RPP40,1
RPPH1,1
RPRD1A,1
RPRD1B,1
RPRD2,1
RPRM,1
RPRML,1
RPS10,1
RPS10-NUDT3,1
RPS10P7,0
RPS11,1
RPS12,1
RPS13,1
RPS14,1
RPS15,1
RPS15A,1
RPS15AP10,0
RPS16,1
RPS17,1
RPS18,0
RPS19,1
RPS19BP1,1
RPS2,1
RPS20,1
RPS21,1
RPS23,1
RPS24,1
RPS25,1
RPS26,1
RPS26P11,0
RPS27,1
RPS27A,1
RPS27L,1
RPS28,1
RPS29,1
RPS2P32,0
RPS3,1
RPS3A,1
RPS4X,1
RPS4Y1,1
RPS4Y2,0
RPS5,1
RPS6,1
RPS6KA1,1
RPS6KA2,0
RPS6KA3,1
RPS6KA4,1
RPS6KA5,1
RPS6KA6,0
RPS6KB1,1
RPS6KB2,1
RPS6KC1,1
RPS6KL1,0
RPS7,1
RPS7P5,0
RPS8,1
RPS9,1
RPSA,1
RPSAP52,1
RPSAP58,1
RPSAP9,0
RPTN,0
RPTOR,1
RPUSD1,1
RPUSD2,1
RPUSD3,1
RPUSD4,1
RQCD1,1
RRAD,1
RRAGA,1
RRAGB,1
RRAGC,1
RRAGD,0
RRAS,1
RRAS2,0
RRBP1,1
RREB1,1
RRH,0
RRM1,1
RRM2,1
RRM2B,1
RRN3,1
RRN3P1,1
RRN3P2,1
RRN3P3,1
RRNAD1,1
RRP1,1
RRP12,1
RRP15,1
RRP1B,1
RRP36,1
RRP7A,1
RRP7B,0
RRP8,1
RRP9,1
RRS1,1
RS1,0
RSAD1,1
RSAD2,0
RSBN1,1
RSBN1L,1
RSC1A1,0
RSF1,1
RSG1,1
RSL1D1,1
RSL24D1,1
RSPH1,0
RSPH10B,0
RSPH10B2,0
RSPH3,1
RSPH4A,0
RSPH6A,1
RSPH9,0
RSPO1,0
RSPO2,0
RSPO3,0
RSPO4,0
RSPRY1,1
RSRC1,1
RSRC2,1
RSRP1,1
RSU1,1
RTBDN,1
RTCA,1
RTCB,0
RTDR1,0
RTEL1,1
RTEL1-TNFRSF6B,1
RTF1,1
RTFDC1,1
RTKN,1
RTKN2,1
RTL1,0
RTN1,0
RTN2,0
RTN3,1
RTN4,1
RTN4IP1,1
RTN4R,0
RTN4RL1,1
RTN4RL2,1
RTP1,0
RTP2,0
RTP3,0
RTP4,1
RTTN,1
RUFY1,1
RUFY2,1
RUFY3,1
RUFY4,0
RUNDC1,1
RUNDC3A,0
RUNDC3B,1
RUNX1,1
RUNX1-IT1,0
RUNX1T1,1
RUNX2,1
RUNX3,1
RUSC1,1
RUSC1-AS1,1
RUSC2,1
RUVBL1,1
RUVBL2,1
RWDD1,1
RWDD2A,1
RWDD2B,1
RWDD3,1
RWDD4,1
RXFP1,0
RXFP2,0
RXFP3,0
RXFP4,1
RXRA,0
RXRB,0
RXRG,0
RYBP,1
RYK,1
RYR1,0
RYR2,0
RYR3,0
S100A1,1
S100A10,1
S100A11,1
S100A12,0
S100A13,1
S100A14,1
S100A16,1
S100A2,1
S100A3,1
S100A4,1
S100A5,0
S100A6,1
S100A7,0
S100A7A,1
S100A7L2,0
S100A8,0
S100A9,0
S100B,0
S100G,0
S100P,1
S100PBP,1
S100Z,0
S1PR1,1
S1PR2,1
S1PR3,0
S1PR4,1
S1PR5,0
SAA1,1
SAA2,1
SAA2-SAA4,1
SAA3P,0
SAA4,1
SAAL1,1
SAC3D1,1
SACM1L,1
SACS,0
SAE1,1
SAFB,1
SAFB2,1
SAG,0
SAGE1,0
SALL1,1
SALL2,0
SALL3,0
SALL4,0
SAMD1,1
SAMD10,1
SAMD11,1
SAMD12,1
SAMD12-AS1,1
SAMD13,0
SAMD14,0
SAMD15,0
SAMD3,0
SAMD4A,1
SAMD4B,1
SAMD5,0
SAMD7,0
SAMD8,1
SAMD9,1
SAMD9L,1
SAMHD1,1
SAMM50,1
SAMSN1,1
SAP130,1
SAP18,1
SAP25,0
SAP30,1
SAP30BP,1
SAP30L,1
SAPCD1,0
SAPCD2,0
SAR1A,1
SAR1B,1
SARAF,1
SARDH,1
SARM1,1
SARNP,1
SARS,1
SARS2,1
SART1,1
SART3,1
SASH1,1
SASH3,1
SASS6,1
SAT1,1
SAT2,1
SATB1,0
SATB2,0
SATL1,0
SAV1,1
SAYSD1,1
SBDS,1
SBDSP1,1
SBF1,1
SBF1P1,0
SBF2,1
SBK1,0
SBK2,0
SBK3,1
SBNO1,0
SBNO2,1
SBSN,0
SBSPON,0
SC5D,1
SCAF1,1
SCAF11,1
SCAF4,1
SCAF8,1
SCAI,1
SCAMP1,1
SCAMP2,1
SCAMP3,1
SCAMP4,1
SCAMP5,0
SCAND1,1
SCAND2P,1
SCAP,1
SCAPER,0
SCARA3,1
SCARA5,1
SCARB1,1
SCARB2,1
SCARF1,1
SCARF2,0
SCARNA1,0
SCARNA10,0
SCARNA11,0
SCARNA12,0
SCARNA13,1
SCARNA14,0
SCARNA15,0
SCARNA16,1
SCARNA17,1
SCARNA18,0
SCARNA2,1
SCARNA20,0
SCARNA21,0
SCARNA22,0
SCARNA23,0
SCARNA27,1
SCARNA3,0
SCARNA4,0
SCARNA5,0
SCARNA6,0
SCARNA7,0
SCARNA8,0
SCARNA9,0
SCARNA9L,0
SCCPDH,1
SCD,1
SCD5,1
SCEL,1
SCFD1,1
SCFD2,1
SCG2,0
SCG3,0
SCG5,0
SCGB1A1,0
SCGB1B2P,0
SCGB1C1,1
SCGB1D1,0
SCGB1D2,1
SCGB1D4,0
SCGB2A1,1
SCGB2A2,0
SCGB2B2,0
SCGB2B3P,0
SCGB3A1,1
SCGB3A2,0
SCGN,0
SCHIP1,0
SCIMP,1
SCIN,0
SCLT1,1
SCLY,1
SCMH1,1
SCML1,1
SCML2,0
SCML4,0
SCN10A,0
SCN11A,0
SCN1A,0
SCN1B,0
SCN2A,0
SCN2B,0
SCN3A,0
SCN3B,0
SCN4A,1
SCN4B,1
SCN5A,0
SCN7A,0
SCN8A,1
SCN9A,1
SCNM1,1
SCNN1A,1
SCNN1B,0
SCNN1D,1
SCNN1G,1
SCO1,1
SCO2,1
SCOC,0
SCP2,0
SCP2D1,0
SCPEP1,0
SCRG1,0
SCRIB,1
SCRN1,1
SCRN2,1
SCRN3,1
SCRT1,0
SCRT2,1
SCT,1
SCTR,0
SCUBE1,0
SCUBE2,0
SCUBE3,0
SCX,0
SCYL1,0
SCYL2,1
SCYL3,1
SDAD1,1
SDC1,1
SDC2,1
SDC3,0
SDC4,1
SDC4P,0
SDCBP,1
SDCBP2,1
SDCCAG3,1
SDCCAG8,1
SDE2,1
SDF2,1
SDF2L1,1
SDF4,1
SDHA,1
SDHAF1,1
SDHAF2,1
SDHAP1,1
SDHAP2,0
SDHAP3,1
SDHB,1
SDHC,1
SDHD,1
SDK1,1
SDK2,0
SDPR,1
SDR16C5,0
SDR39U1,1
SDR42E1,0
SDR9C7,0
SDS,1
SDSL,1
SEBOX,0
SEC11A,1
SEC11C,1
SEC13,1
SEC14L1,1
SEC14L2,1
SEC14L3,0
SEC14L4,1
SEC14L5,1
SEC14L6,0
SEC16A,1
SEC16B,1
SEC1P,1
SEC22A,1
SEC22B,1
SEC22C,1
SEC23A,1
SEC23B,1
SEC23IP,1
SEC24A,1
SEC24B,1
SEC24B-AS1,1
SEC24C,1
SEC24D,1
SEC31A,1
SEC31B,0
SEC61A1,1
SEC61A2,1
SEC61B,1
SEC61G,1
SEC62,1
SEC63,1
SECISBP2,1
SECISBP2L,1
SECTM1,1
SEH1L,1
SEL1L,1
SEL1L2,0
SEL1L3,1
SELE,0
SELENBP1,1
SELK,1
SELL,0
SELM,1
SELO,1
SELP,0
SELPLG,1
SELT,1
SELV,0
SEMA3A,0
SEMA3B,1
SEMA3C,1
SEMA3D,0
SEMA3E,0
SEMA3F,0
SEMA3G,0
SEMA4A,1
SEMA4B,1
SEMA4C,1
SEMA4D,1
SEMA4F,1
SEMA4G,1
SEMA5A,0
SEMA5B,0
SEMA6A,1
SEMA6B,0
SEMA6C,0
SEMA6D,0
SEMA7A,1
SEMG1,0
SEMG2,0
SENP1,1
SENP2,1
SENP3,1
SENP3-EIF4A1,1
SENP5,1
SENP6,1
SENP7,1
SENP8,0
SEP15,1
SEPHS1,1
SEPHS2,1
SEPN1,0
SEPP1,1
SEPSECS,1
SEPT1,1
SEPT10,1
SEPT11,1
SEPT12,0
SEPT14,0
SEPT2,1
SEPT3,0
SEPT4,0
SEPT5,0
SEPT5-GP1BB,0
SEPT6,1
SEPT7,1
SEPT7P2,1
SEPT7P9,1
SEPT8,1
SEPT9,1
SEPW1,1
SERAC1,1
SERBP1,1
SERF1A,1
SERF1B,1
SERF2,1
SERF2-C15ORF63,1
SERGEF,1
SERHL,1
SERHL2,1
SERINC1,1
SERINC2,0
SERINC3,1
SERINC4,1
SERINC5,1
SERP1,1
SERP2,0
SERPINA1,1
SERPINA10,1
SERPINA11,1
SERPINA12,1
SERPINA13P,0
SERPINA3,1
SERPINA4,0
SERPINA5,1
SERPINA6,1
SERPINA7,1
SERPINA9,0
SERPINB1,1
SERPINB10,0
SERPINB11,0
SERPINB12,0
SERPINB13,0
SERPINB2,1
SERPINB3,0
SERPINB4,0
SERPINB5,0
SERPINB6,1
SERPINB7,0
SERPINB8,1
SERPINB9,1
SERPINC1,1
SERPIND1,1
SERPINE1,1
SERPINE2,0
SERPINE3,0
SERPINF1,1
SERPINF2,1
SERPING1,0
SERPINH1,1
SERPINI1,1
SERPINI2,0
SERTAD1,1
SERTAD2,1
SERTAD3,1
SERTAD4,1
SERTAD4-AS1,1
SERTM1,0
SESN1,1
SESN2,1
SESN3,1
SESTD1,1
SET,1
SETBP1,1
SETD1A,1
SETD1B,1
SETD2,1
SETD3,1
SETD4,1
SETD5,1
SETD6,1
SETD7,1
SETD8,1
SETD9,1
SETDB1,1
SETDB2,1
SETMAR,1
SETX,1
SEZ6,0
SEZ6L,0
SEZ6L2,1
SF1,1
SF3A1,1
SF3A2,1
SF3A3,1
SF3B1,1
SF3B2,1
SF3B3,1
SF3B4,1
SF3B5,1
SF3B6,1
SFI1,1
SFMBT1,1
SFMBT2,1
SFN,1
SFPQ,1
SFR1,1
SFRP1,0
SFRP2,0
SFRP4,1
SFRP5,0
SFSWAP,1
SFT2D1,1
SFT2D2,1
SFT2D3,1
SFTA1P,0
SFTA2,0
SFTA3,0
SFTPA1,0
SFTPA2,0
SFTPB,0
SFTPC,1
SFTPD,1
SFXN1,1
SFXN2,1
SFXN3,1
SFXN4,1
SFXN5,1
SGCA,0
SGCB,0
SGCD,1
SGCE,1
SGCG,0
SGCZ,0
SGIP1,0
SGK1,1
SGK2,1
SGK223,1
SGK3,0
SGK494,0
SGMS1,1
SGMS2,1
SGOL1,1
SGOL2,1
SGPL1,1
SGPP1,1
SGPP2,1
SGSH,1
SGSM1,1
SGSM2,1
SGSM3,1
SGTA,1
SGTB,1
SH2B1,1
SH2B2,1
SH2B3,1
SH2D1A,0
SH2D1B,0
SH2D2A,1
SH2D3A,1
SH2D3C,1
SH2D4A,1
SH2D4B,0
SH2D5,1
SH2D6,0
SH2D7,1
SH3BGR,0
SH3BGRL,1
SH3BGRL2,1
SH3BGRL3,1
SH3BP1,0
SH3BP2,1
SH3BP4,0
SH3BP5,0
SH3BP5L,1
SH3D19,1
SH3D21,1
SH3GL1,1
SH3GL1P1,0
SH3GL1P2,0
SH3GL2,1
SH3GL3,0
SH3GLB1,1
SH3GLB2,1
SH3KBP1,0
SH3PXD2A,1
SH3PXD2B,0
SH3RF1,1
SH3RF2,1
SH3RF3,0
SH3TC1,1
SH3TC2,0
SH3YL1,1
SHANK1,0
SHANK2,0
SHANK3,0
SHARPIN,1
SHB,1
SHBG,1
SHC1,1
SHC2,1
SHC3,1
SHC4,1
SHCBP1,1
SHCBP1L,0
SHD,0
SHE,0
SHF,1
SHFM1,1
SHH,0
SHISA2,0
SHISA3,1
SHISA4,0
SHISA5,0
SHISA6,0
SHISA7,0
SHISA8,1
SHISA9,1
SHKBP1,1
SHMT1,1
SHMT2,1
SHOC2,1
SHOX,0
SHOX2,0
SHPK,1
SHPRH,1
SHQ1,1
SHROOM1,1
SHROOM2,0
SHROOM3,1
SHROOM4,0
SI,0
SIAE,0
SIAH1,1
SIAH2,1
SIAH3,0
SIDT1,1
SIDT2,1
SIGIRR,1
SIGLEC1,0
SIGLEC10,1
SIGLEC11,0
SIGLEC12,0
SIGLEC14,1
SIGLEC15,0
SIGLEC16,0
SIGLEC17P,0
SIGLEC5,1
SIGLEC6,0
SIGLEC7,0
SIGLEC8,0
SIGLEC9,0
SIGLECL1,0
SIGMAR1,1
SIK1,1
SIK2,1
SIK3,1
SIKE1,1
SIL1,1
SIM1,0
SIM2,1
SIMC1,0
SIN3A,1
SIN3B,0
SIPA1,1
SIPA1L1,0
SIPA1L2,0
SIPA1L3,1
SIRPA,1
SIRPB1,1
SIRPB2,0
SIRPD,0
SIRPG,1
SIRT1,1
SIRT2,1
SIRT3,1
SIRT4,1
SIRT5,1
SIRT6,1
SIRT7,1
SIT1,1
SIVA1,1
SIX1,0
SIX2,1
SIX3,0
SIX4,1
SIX5,1
SIX6,0
SKA1,1
SKA2,1
SKA3,1
SKAP1,0
SKAP2,1
SKI,1
SKIDA1,1
SKIL,1
SKINTL,0
SKIV2L,0
SKIV2L2,1
SKOR1,0
SKOR2,0
SKP1,1
SKP1P2,0
SKP2,1
SLA,0
SLA2,1
SLAIN1,1
SLAIN2,1
SLAMF1,1
SLAMF6,1
SLAMF7,1
SLAMF8,1
SLAMF9,0
SLBP,1
SLC10A1,0
SLC10A2,1
SLC10A3,1
SLC10A4,0
SLC10A5,1
SLC10A6,0
SLC10A7,1
SLC11A1,0
SLC11A2,1
SLC12A1,0
SLC12A2,1
SLC12A3,0
SLC12A4,1
SLC12A5,0
SLC12A6,0
SLC12A7,1
SLC12A8,1
SLC12A9,1
SLC13A1,0
SLC13A2,0
SLC13A3,0
SLC13A4,0
SLC13A5,1
SLC14A1,0
SLC14A2,0
SLC15A1,1
SLC15A2,1
SLC15A3,1
SLC15A4,1
SLC15A5,0
SLC16A1,1
SLC16A10,1
SLC16A11,1
SLC16A12,0
SLC16A13,1
SLC16A14,1
SLC16A2,0
SLC16A3,1
SLC16A4,0
SLC16A5,1
SLC16A6,1
SLC16A7,0
SLC16A8,0
SLC16A9,0
SLC17A1,1
SLC17A2,1
SLC17A3,1
SLC17A4,0
SLC17A5,1
SLC17A6,0
SLC17A7,0
SLC17A8,0
SLC17A9,1
SLC18A1,0
SLC18A2,0
SLC18A3,0
SLC18B1,1
SLC19A1,1
SLC19A2,1
SLC19A3,1
SLC1A1,1
SLC1A2,0
SLC1A3,1
SLC1A4,1
SLC1A5,1
SLC1A6,0
SLC1A7,0
SLC20A1,1
SLC20A2,1
SLC22A1,0
SLC22A10,1
SLC22A11,0
SLC22A12,0
SLC22A13,0
SLC22A14,0
SLC22A15,0
SLC22A16,0
SLC22A17,0
SLC22A18,1
SLC22A18AS,1
SLC22A2,0
SLC22A20,0
SLC22A23,0
SLC22A24,1
SLC22A25,0
SLC22A3,1
SLC22A31,1
SLC22A4,1
SLC22A5,1
SLC22A6,0
SLC22A7,1
SLC22A8,1
SLC22A9,1
SLC23A1,1
SLC23A2,0
SLC23A3,0
SLC24A1,0
SLC24A2,0
SLC24A3,0
SLC24A4,0
SLC24A5,0
SLC25A1,1
SLC25A10,1
SLC25A11,1
SLC25A12,1
SLC25A13,1
SLC25A14,0
SLC25A15,1
SLC25A16,1
SLC25A17,1
SLC25A18,0
SLC25A19,1
SLC25A2,0
SLC25A20,1
SLC25A21,1
SLC25A22,1
SLC25A23,1
SLC25A24,1
SLC25A25,1
SLC25A26,0
SLC25A27,1
SLC25A28,1
SLC25A29,1
SLC25A3,1
SLC25A30,1
SLC25A31,0
SLC25A32,1
SLC25A33,1
SLC25A34,0
SLC25A35,1
SLC25A36,1
SLC25A37,1
SLC25A38,1
SLC25A39,1
SLC25A4,1
SLC25A40,1
SLC25A41,0
SLC25A42,1
SLC25A43,0
SLC25A44,1
SLC25A45,1
SLC25A46,1
SLC25A47,0
SLC25A48,0
SLC25A5,0
SLC25A5-AS1,0
SLC25A51,1
SLC25A51P1,0
SLC25A52,0
SLC25A53,1
SLC25A6,1
SLC26A1,1
SLC26A10,0
SLC26A11,1
SLC26A2,1
SLC26A3,0
SLC26A4,1
SLC26A5,0
SLC26A6,1
SLC26A7,1
SLC26A8,0
SLC26A9,0
SLC27A1,1
SLC27A2,0
SLC27A3,1
SLC27A4,1
SLC27A5,1
SLC27A6,0
SLC28A1,0
SLC28A2,0
SLC28A3,0
SLC29A1,1
SLC29A2,1
SLC29A3,1
SLC29A4,1
SLC2A1,1
SLC2A10,1
SLC2A11,1
SLC2A12,0
SLC2A13,0
SLC2A14,0
SLC2A2,1
SLC2A3,1
SLC2A4,1
SLC2A4RG,1
SLC2A5,1
SLC2A6,1
SLC2A7,0
SLC2A8,1
SLC2A9,0
SLC30A1,1
SLC30A10,1
SLC30A2,0
SLC30A3,1
SLC30A4,1
SLC30A5,1
SLC30A6,1
SLC30A7,1
SLC30A8,0
SLC30A9,1
SLC31A1,1
SLC31A2,1
SLC32A1,0
SLC33A1,1
SLC34A1,0
SLC34A2,1
SLC34A3,1
SLC35A1,1
SLC35A2,1
SLC35A3,1
SLC35A4,1
SLC35A5,1
SLC35B1,1
SLC35B2,1
SLC35B3,1
SLC35B4,1
SLC35C1,1
SLC35C2,1
SLC35D1,1
SLC35D2,1
SLC35D3,0
SLC35E1,1
SLC35E2,1
SLC35E2B,1
SLC35E3,1
SLC35E4,1
SLC35F1,0
SLC35F2,1
SLC35F3,0
SLC35F4,1
SLC35F5,1
SLC35F6,1
SLC35G1,1
SLC35G2,1
SLC35G3,0
SLC35G5,0
SLC35G6,1
SLC36A1,1
SLC36A2,0
SLC36A3,0
SLC36A4,0
SLC37A1,0
SLC37A2,0
SLC37A3,1
SLC37A4,1
SLC38A1,1
SLC38A10,1
SLC38A11,0
SLC38A2,1
SLC38A3,1
SLC38A4,0
SLC38A5,1
SLC38A6,1
SLC38A7,1
SLC38A8,0
SLC38A9,1
SLC39A1,1
SLC39A10,1
SLC39A11,1
SLC39A12,0
SLC39A13,1
SLC39A14,1
SLC39A2,0
SLC39A3,1
SLC39A4,1
SLC39A5,1
SLC39A6,1
SLC39A7,0
SLC39A8,1
SLC39A9,1
SLC3A1,0
SLC3A2,1
SLC40A1,0
SLC41A1,1
SLC41A2,1
SLC41A3,1
SLC43A1,1
SLC43A2,0
SLC43A3,1
SLC44A1,1
SLC44A2,1
SLC44A3,1
SLC44A4,0
SLC44A5,0
SLC45A1,0
SLC45A2,1
SLC45A3,0
SLC45A4,1
SLC46A1,1
SLC46A2,1
SLC46A3,0
SLC47A1,1
SLC47A2,1
SLC48A1,0
SLC4A1,0
SLC4A10,0
SLC4A11,0
SLC4A1AP,1
SLC4A2,1
SLC4A3,0
SLC4A4,0
SLC4A5,0
SLC4A7,0
SLC4A8,1
SLC4A9,0
SLC50A1,1
SLC51A,1
SLC51B,1
SLC52A1,0
SLC52A2,1
SLC52A3,0
SLC5A1,1
SLC5A10,0
SLC5A11,1
SLC5A12,0
SLC5A2,0
SLC5A3,1
SLC5A4,0
SLC5A5,1
SLC5A6,1
SLC5A7,0
SLC5A8,0
SLC5A9,1
SLC6A1,0
SLC6A10P,0
SLC6A11,0
SLC6A12,1
SLC6A13,0
SLC6A14,0
SLC6A15,0
SLC6A16,1
SLC6A17,0
SLC6A18,0
SLC6A19,0
SLC6A2,0
SLC6A20,0
SLC6A3,0
SLC6A4,0
SLC6A5,0
SLC6A6,1
SLC6A7,0
SLC6A8,0
SLC6A9,1
SLC7A1,1
SLC7A10,1
SLC7A11,1
SLC7A13,0
SLC7A14,0
SLC7A2,1
SLC7A3,0
SLC7A4,1
SLC7A5,1
SLC7A5P1,1
SLC7A5P2,1
SLC7A6,1
SLC7A6OS,1
SLC7A7,1
SLC7A8,0
SLC7A9,0
SLC8A1,0
SLC8A2,0
SLC8A3,0
SLC8B1,0
SLC9A1,1
SLC9A2,1
SLC9A3,1
SLC9A3R1,1
SLC9A3R2,1
SLC9A4,0
SLC9A5,0
SLC9A6,0
SLC9A7,0
SLC9A7P1,0
SLC9A8,1
SLC9A9,1
SLC9B1,1
SLC9B2,1
SLC9C1,0
SLC9C2,0
SLCO1A2,0
SLCO1B1,0
SLCO1B3,1
SLCO1B7,0
SLCO1C1,0
SLCO2A1,1
SLCO2B1,1
SLCO3A1,0
SLCO4A1,1
SLCO4C1,1
SLCO5A1,0
SLCO6A1,0
SLED1,0
SLFN11,1
SLFN12,1
SLFN12L,1
SLFN13,1
SLFN14,0
SLFN5,1
SLFNL1,0
SLIRP,1
SLIT1,0
SLIT2,1
SLIT2-IT1,1
SLIT3,1
SLITRK1,0
SLITRK2,0
SLITRK3,0
SLITRK4,0
SLITRK5,1
SLITRK6,1
SLK,0
SLMAP,1
SLMO1,1
SLMO2,1
SLMO2-ATP5E,1
SLN,0
SLPI,1
SLTM,1
SLU7,1
SLURP1,0
SLX1A,1
SLX1A-SULT1A3,1
SLX1B,1
SLX1B-SULT1A4,1
SLX4,1
SLX4IP,1
SMA4,1
SMA5,1
SMAD1,1
SMAD2,1
SMAD3,1
SMAD4,1
SMAD5,1
SMAD5-AS1,1
SMAD6,1
SMAD7,1
SMAD9,1
SMAGP,0
SMAP1,1
SMAP2,1
SMARCA1,1
SMARCA2,1
SMARCA4,1
SMARCA5,1
SMARCAD1,1
SMARCAL1,1
SMARCB1,1
SMARCC1,1
SMARCC2,1
SMARCD1,1
SMARCD2,1
SMARCD3,0
SMARCE1,1
SMC1A,1
SMC1B,1
SMC2,1
SMC3,1
SMC4,1
SMC5,1
SMC6,1
SMCHD1,1
SMCO1,0
SMCO2,0
SMCO3,0
SMCO4,1
SMCP,0
SMCR5,0
SMCR8,1
SMDT1,1
SMEK1,1
SMEK2,1
SMEK3P,0
SMG1,1
SMG5,1
SMG6,1
SMG7,1
SMG7-AS1,1
SMG8,1
SMG9,1
SMIM1,0
SMIM10,1
SMIM11,1
SMIM12,1
SMIM13,1
SMIM14,1
SMIM15,1
SMIM17,0
SMIM18,0
SMIM19,1
SMIM20,1
SMIM21,0
SMIM22,0
SMIM23,0
SMIM24,0
SMIM3,1
SMIM4,1
SMIM5,1
SMIM6,1
SMIM7,1
SMIM8,1
SMIM9,0
SMLR1,0
SMN1,1
SMN2,1
SMNDC1,1
SMO,0
SMOC1,0
SMOC2,0
SMOX,0
SMPD1,1
SMPD2,1
SMPD3,1
SMPD4,1
SMPD5,0
SMPDL3A,1
SMPDL3B,1
SMPX,0
SMR3A,0
SMR3B,0
SMS,1
SMTN,1
SMTNL1,0
SMTNL2,0
SMU1,1
SMUG1,0
SMURF1,1
SMURF2,1
SMYD1,1
SMYD2,1
SMYD3,0
SMYD4,1
SMYD5,1
SNAI1,1
SNAI2,0
SNAI3,0
SNAP23,1
SNAP25,1
SNAP29,1
SNAP47,1
SNAP91,0
SNAPC1,0
SNAPC2,1
SNAPC3,1
SNAPC4,1
SNAPC5,1
SNAPIN,1
SNAR-A1,0
SNAR-A10,0
SNAR-A11,0
SNAR-A12,0
SNAR-A13,0
SNAR-A14,0
SNAR-A2,0
SNAR-A3,0
SNAR-A4,0
SNAR-A5,0
SNAR-A6,0
SNAR-A7,0
SNAR-A8,0
SNAR-A9,0
SNAR-B1,0
SNAR-B2,0
SNAR-C1,0
SNAR-C2,0
SNAR-C3,0
SNAR-C4,0
SNAR-C5,0
SNAR-D,0
SNAR-E,0
SNAR-F,0
SNAR-G1,0
SNAR-G2,0
SNAR-H,0
SNAR-I,0
SNCA,0
SNCAIP,0
SNCB,0
SNCG,0
SND1,1
SND1-IT1,0
SNED1,0
SNF8,1
SNHG1,1
SNHG10,1
SNHG11,1
SNHG12,1
SNHG15,1
SNHG20,1
SNHG3,1
SNHG4,1
SNHG5,1
SNHG6,1
SNHG7,1
SNHG8,1
SNHG9,1
SNIP1,1
SNN,1
SNORA1,0
SNORA10,1
SNORA11,0
SNORA11B,1
SNORA11C,0
SNORA11D,0
SNORA11E,0
SNORA12,1
SNORA13,1
SNORA14A,0
SNORA14B,1
SNORA15,0
SNORA16A,1
SNORA16B,0
SNORA17,1
SNORA18,0
SNORA19,0
SNORA20,0
SNORA21,1
SNORA22,0
SNORA23,0
SNORA24,1
SNORA25,1
SNORA26,1
SNORA27,0
SNORA28,0
SNORA29,0
SNORA2A,0
SNORA2B,0
SNORA30,0
SNORA31,1
SNORA32,1
SNORA33,1
SNORA34,0
SNORA35,0
SNORA36A,0
SNORA36B,0
SNORA36C,0
SNORA37,1
SNORA38,0
SNORA38B,0
SNORA4,0
SNORA40,0
SNORA41,0
SNORA43,1
SNORA44,1
SNORA45A,1
SNORA45B,0
SNORA46,0
SNORA47,0
SNORA48,1
SNORA49,0
SNORA51,0
SNORA52,1
SNORA53,0
SNORA54,0
SNORA55,1
SNORA56,0
SNORA57,1
SNORA58,0
SNORA59A,0
SNORA59B,0
SNORA5A,0
SNORA5B,0
SNORA5C,0
SNORA6,1
SNORA60,1
SNORA61,1
SNORA62,0
SNORA63,0
SNORA64,1
SNORA65,0
SNORA66,0
SNORA67,1
SNORA68,0
SNORA69,0
SNORA70,1
SNORA70B,0
SNORA70C,0
SNORA70D,0
SNORA70E,0
SNORA70F,1
SNORA70G,0
SNORA71A,0
SNORA71B,0
SNORA71C,0
SNORA71D,1
SNORA71E,1
SNORA72,0
SNORA74A,0
SNORA74B,0
SNORA75,0
SNORA76A,0
SNORA76C,1
SNORA77,0
SNORA78,1
SNORA79,0
SNORA7A,1
SNORA7B,0
SNORA8,0
SNORA80A,0
SNORA80B,1
SNORA80E,0
SNORA81,0
SNORA84,1
SNORA9,1
SNORD10,0
SNORD100,1
SNORD101,1
SNORD102,0
SNORD103A,0
SNORD103B,0
SNORD104,1
SNORD105,1
SNORD105B,1
SNORD107,0
SNORD108,0
SNORD109A,0
SNORD109B,0
SNORD11,0
SNORD110,1
SNORD111,0
SNORD111B,1
SNORD113-1,0
SNORD113-2,0
SNORD113-4,0
SNORD113-5,0
SNORD113-6,0
SNORD113-7,0
SNORD113-9,0
SNORD114-1,0
SNORD114-10,0
SNORD114-11,0
SNORD114-12,0
SNORD114-13,0
SNORD114-14,0
SNORD114-15,0
SNORD114-16,0
SNORD114-17,0
SNORD114-18,0
SNORD114-19,0
SNORD114-2,0
SNORD114-20,0
SNORD114-21,0
SNORD114-22,0
SNORD114-23,0
SNORD114-24,0
SNORD114-25,0
SNORD114-26,0
SNORD114-27,0
SNORD114-28,0
SNORD114-29,0
SNORD114-3,0
SNORD114-30,0
SNORD114-31,0
SNORD114-4,0
SNORD114-5,0
SNORD114-6,0
SNORD114-7,0
SNORD114-8,0
SNORD114-9,0
SNORD115-1,0
SNORD115-10,0
SNORD115-11,0
SNORD115-12,0
SNORD115-13,0
SNORD115-14,0
SNORD115-15,0
SNORD115-16,0
SNORD115-17,0
SNORD115-18,0
SNORD115-19,0
SNORD115-2,0
SNORD115-20,0
SNORD115-21,0
SNORD115-22,0
SNORD115-23,0
SNORD115-24,0
SNORD115-25,0
SNORD115-26,0
SNORD115-27,0
SNORD115-28,0
SNORD115-29,0
SNORD115-3,0
SNORD115-30,0
SNORD115-31,0
SNORD115-32,0
SNORD115-33,0
SNORD115-34,0
SNORD115-35,0
SNORD115-36,0
SNORD115-37,0
SNORD115-38,0
SNORD115-39,0
SNORD115-4,0
SNORD115-40,0
SNORD115-41,0
SNORD115-42,0
SNORD115-43,0
SNORD115-44,0
SNORD115-45,0
SNORD115-47,0
SNORD115-48,0
SNORD115-5,0
SNORD115-6,0
SNORD115-7,0
SNORD115-8,0
SNORD115-9,0
SNORD116-1,0
SNORD116-10,0
SNORD116-11,0
SNORD116-12,0
SNORD116-13,0
SNORD116-14,0
SNORD116-15,0
SNORD116-16,0
SNORD116-17,0
SNORD116-18,0
SNORD116-19,0
SNORD116-2,0
SNORD116-20,0
SNORD116-21,0
SNORD116-22,0
SNORD116-23,0
SNORD116-24,0
SNORD116-25,0
SNORD116-26,0
SNORD116-27,0
SNORD116-28,0
SNORD116-29,0
SNORD116-3,0
SNORD116-4,0
SNORD116-5,0
SNORD116-6,0
SNORD116-7,0
SNORD116-8,0
SNORD116-9,0
SNORD117,0
SNORD119,0
SNORD11B,0
SNORD12,1
SNORD121A,0
SNORD121B,0
SNORD123,0
SNORD124,1
SNORD125,0
SNORD126,0
SNORD127,0
SNORD12B,1
SNORD12C,1
SNORD15A,1
SNORD15B,0
SNORD16,1
SNORD17,1
SNORD18A,1
SNORD18B,0
SNORD18C,0
SNORD19,0
SNORD19B,0
SNORD1A,1
SNORD1B,1
SNORD1C,1
SNORD2,1
SNORD20,0
SNORD21,0
SNORD22,1
SNORD23,0
SNORD24,1
SNORD25,1
SNORD26,1
SNORD27,1
SNORD28,1
SNORD29,1
SNORD30,1
SNORD31,1
SNORD32A,0
SNORD32B,0
SNORD33,0
SNORD34,1
SNORD35A,1
SNORD35B,1
SNORD36A,1
SNORD36B,1
SNORD36C,1
SNORD37,0
SNORD38A,0
SNORD38B,0
SNORD41,0
SNORD42A,1
SNORD42B,1
SNORD43,1
SNORD44,1
SNORD45A,1
SNORD45B,0
SNORD45C,1
SNORD46,1
SNORD47,1
SNORD48,1
SNORD49A,1
SNORD49B,1
SNORD4A,1
SNORD4B,1
SNORD5,0
SNORD50A,1
SNORD50B,1
SNORD51,0
SNORD52,1
SNORD53,0
SNORD54,1
SNORD55,1
SNORD56,0
SNORD56B,1
SNORD57,1
SNORD58A,1
SNORD58B,1
SNORD58C,1
SNORD59A,1
SNORD59B,0
SNORD6,0
SNORD60,1
SNORD61,1
SNORD62A,0
SNORD62B,0
SNORD63,1
SNORD64,0
SNORD65,1
SNORD66,0
SNORD67,0
SNORD68,1
SNORD69,0
SNORD7,0
SNORD70,1
SNORD71,0
SNORD72,1
SNORD73A,0
SNORD73B,0
SNORD74,1
SNORD75,1
SNORD76,1
SNORD77,1
SNORD78,0
SNORD79,1
SNORD8,0
SNORD80,1
SNORD81,1
SNORD82,0
SNORD83A,0
SNORD83B,0
SNORD85,1
SNORD86,0
SNORD87,1
SNORD88A,0
SNORD88B,0
SNORD88C,0
SNORD89,1
SNORD9,0
SNORD90,0
SNORD91A,0
SNORD91B,0
SNORD92,0
SNORD93,1
SNORD94,0
SNORD95,1
SNORD96A,1
SNORD96B,0
SNORD97,1
SNORD98,0
SNORD99,1
SNPH,0
SNRK,1
SNRNP200,1
SNRNP25,1
SNRNP27,1
SNRNP35,1
SNRNP40,1
SNRNP48,1
SNRNP70,1
SNRPA,1
SNRPA1,1
SNRPB,1
SNRPB2,1
SNRPC,1
SNRPD1,1
SNRPD2,1
SNRPD2P2,0
SNRPD3,1
SNRPE,1
SNRPF,1
SNRPG,1
SNRPN,0
SNTA1,0
SNTB1,1
SNTB2,1
SNTG1,0
SNTG2,0
SNTN,0
SNUPN,1
SNURF,1
SNW1,1
SNX1,1
SNX10,0
SNX11,1
SNX12,0
SNX13,1
SNX14,1
SNX15,1
SNX16,1
SNX17,1
SNX18,1
SNX19,1
SNX2,1
SNX20,0
SNX21,1
SNX22,1
SNX24,0
SNX25,1
SNX27,1
SNX29,1
SNX29P1,0
SNX29P2,0
SNX3,1
SNX30,1
SNX31,0
SNX32,0
SNX33,1
SNX4,1
SNX5,1
SNX6,1
SNX7,1
SNX8,1
SNX9,1
SOAT1,1
SOAT2,1
SOBP,0
SOCS1,1
SOCS2,1
SOCS3,1
SOCS4,1
SOCS5,1
SOCS6,0
SOCS7,1
SOD1,1
SOD2,1
SOD3,1
SOGA1,0
SOGA3,0
SOHLH1,0
SOHLH2,0
SON,1
SORBS1,1
SORBS2,0
SORBS3,1
SORCS1,0
SORCS2,1
SORCS3,0
SORD,1
SORL1,1
SORT1,1
SOS1,1
SOS2,1
SOST,1
SOSTDC1,0
SOWAHA,0
SOWAHB,0
SOWAHC,1
SOWAHD,1
SOX1,0
SOX10,0
SOX11,0
SOX12,1
SOX13,1
SOX14,0
SOX15,0
SOX17,1
SOX18,1
SOX2,0
SOX2-OT,0
SOX21,0
SOX3,0
SOX30,0
SOX4,1
SOX5,0
SOX6,0
SOX7,0
SOX8,0
SOX9,1
SP1,1
SP100,1
SP110,1
SP140,1
SP140L,1
SP2,1
SP3,1
SP4,1
SP5,1
SP6,0
SP7,0
SP8,0
SP9,0
SPA17,1
SPACA1,0
SPACA3,0
SPACA4,0
SPACA5,1
SPACA5B,0
SPACA6P,0
SPACA7,0
SPAG1,1
SPAG11A,0
SPAG11B,0
SPAG16,1
SPAG17,0
SPAG4,1
SPAG5,1
SPAG5-AS1,1
SPAG6,1
SPAG7,1
SPAG8,1
SPAG9,1
SPAM1,0
SPANXA1,0
SPANXA2,0
SPANXA2-OT1,0
SPANXB1,0
SPANXC,0
SPANXD,0
SPANXN1,0
SPANXN2,0
SPANXN3,0
SPANXN4,0
SPANXN5,0
SPARC,1
SPARCL1,0
SPAST,1
SPATA1,0
SPATA12,0
SPATA13,1
SPATA16,0
SPATA17,1
SPATA18,1
SPATA19,0
SPATA2,1
SPATA20,1
SPATA21,0
SPATA22,0
SPATA24,1
SPATA25,0
SPATA2L,1
SPATA3,0
SPATA31A1,0
SPATA31A3,0
SPATA31A5,0
SPATA31A6,0
SPATA31A7,0
SPATA31C1,0
SPATA31C2,0
SPATA31D1,0
SPATA31D3,0
SPATA31D4,0
SPATA31D5P,0
SPATA31E1,0
SPATA32,1
SPATA33,1
SPATA4,1
SPATA42,0
SPATA45,0
SPATA5,1
SPATA5L1,1
SPATA6,0
SPATA6L,1
SPATA7,1
SPATA8,0
SPATA9,0
SPATC1,1
SPATC1L,1
SPATS1,0
SPATS2,1
SPATS2L,1
SPC24,1
SPC25,1
SPCS1,1
SPCS2,1
SPCS3,1
SPDEF,0
SPDL1,1
SPDYA,0
SPDYC,0
SPDYE1,0
SPDYE2,0
SPDYE2B,0
SPDYE3,0
SPDYE4,0
SPDYE5,0
SPDYE6,0
SPDYE7P,0
SPDYE8P,1
SPECC1,1
SPECC1L,1
SPEF1,1
SPEF2,1
SPEG,0
SPEM1,0
SPEN,1
SPERT,1
SPESP1,0
SPG11,1
SPG20,0
SPG20OS,1
SPG21,1
SPG7,1
SPHAR,0
SPHK1,1
SPHK2,1
SPHKAP,0
SPI1,0
SPIB,1
SPIC,0
SPICE1,1
SPIDR,1
SPIN1,1
SPIN2A,0
SPIN2B,0
SPIN3,0
SPIN4,1
SPINK1,0
SPINK13,1
SPINK14,0
SPINK2,0
SPINK4,0
SPINK5,0
SPINK6,0
SPINK7,0
SPINK8,0
SPINK9,0
SPINT1,1
SPINT2,1
SPINT3,0
SPINT4,0
SPIRE1,0
SPIRE2,1
SPN,1
SPNS1,1
SPNS2,1
SPNS3,0
SPO11,0
SPOCD1,1
SPOCK1,0
SPOCK2,0
SPOCK3,0
SPON1,0
SPON2,0
SPOP,1
SPOPL,1
SPP1,1
SPP2,0
SPPL2A,1
SPPL2B,1
SPPL2C,0
SPPL3,1
SPR,1
SPRED1,1
SPRED2,1
SPRED3,0
SPRN,0
SPRNP1,0
SPRR1A,0
SPRR1B,0
SPRR2A,0
SPRR2B,0
SPRR2C,0
SPRR2D,0
SPRR2E,0
SPRR2F,0
SPRR2G,0
SPRR3,0
SPRR4,0
SPRTN,1
SPRY1,1
SPRY2,1
SPRY3,0
SPRY4,1
SPRYD3,1
SPRYD4,1
SPRYD7,1
SPSB1,1
SPSB2,1
SPSB3,1
SPSB4,0
SPTA1,0
SPTAN1,1
SPTB,0
SPTBN1,1
SPTBN2,1
SPTBN4,0
SPTBN5,1
SPTLC1,1
SPTLC2,1
SPTLC3,1
SPTSSA,1
SPTSSB,0
SPTY2D1,1
SPX,1
SPZ1,0
SQLE,1
SQRDL,1
SQSTM1,1
SRA1,1
SRBD1,1
SRC,1
SRCAP,1
SRCIN1,1
SRD5A1,1
SRD5A1P1,0
SRD5A2,0
SRD5A3,1
SREBF1,1
SREBF2,1
SREK1,1
SREK1IP1,1
SRF,1
SRFBP1,1
SRGAP1,1
SRGAP2,0
SRGAP2B,0
SRGAP3,0
SRGN,1
SRI,1
SRL,0
SRM,1
SRMS,1
SRP14,1
SRP19,1
SRP54,1
SRP68,1
SRP72,1
SRP9,1
SRPK1,1
SRPK2,0
SRPK3,0
SRPR,1
SRPRB,0
SRPX,0
SRPX2,1
SRR,1
SRRD,1
SRRM1,1
SRRM2,1
SRRM3,1
SRRM4,0
SRRM5,0
SRRT,1
SRSF1,1
SRSF10,1
SRSF11,1
SRSF12,0
SRSF2,1
SRSF3,1
SRSF4,1
SRSF5,1
SRSF6,1
SRSF7,1
SRSF8,1
SRSF9,1
SRXN1,1
SRY,0
SS18,1
SS18L1,1
SS18L2,1
SSB,1
SSBP1,1
SSBP2,1
SSBP3,1
SSBP4,0
SSC4D,1
SSC5D,0
SSFA2,1
SSH1,0
SSH2,1
SSH3,1
SSMEM1,0
SSNA1,1
SSPN,1
SSPO,0
SSR1,1
SSR2,1
SSR3,1
SSR4,0
SSR4P1,1
SSRP1,1
SSSCA1,1
SST,0
SSTR1,0
SSTR2,0
SSTR3,0
SSTR4,0
SSTR5,0
SSU72,1
SSUH2,1
SSX1,0
SSX2,0
SSX2B,0
SSX2IP,1
SSX3,0
SSX4,0
SSX4B,0
SSX5,0
SSX6,0
SSX7,0
SSX8,0
ST13,1
ST13P4,0
ST14,0
ST18,0
ST20,1
ST20-MTHFS,1
ST3GAL1,1
ST3GAL2,1
ST3GAL3,1
ST3GAL4,0
ST3GAL5,1
ST3GAL6,1
ST5,1
ST6GAL1,1
ST6GAL2,1
ST6GALNAC1,0
ST6GALNAC2,1
ST6GALNAC3,1
ST6GALNAC4,1
ST6GALNAC5,0
ST6GALNAC6,0
ST7,1
ST7-AS1,1
ST7-AS2,0
ST7-OT3,0
ST7-OT4,1
ST7L,1
ST8SIA1,0
ST8SIA2,0
ST8SIA3,0
ST8SIA4,1
ST8SIA5,0
ST8SIA6,0
STAB1,0
STAB2,1
STAC,0
STAC2,0
STAC3,0
STAG1,1
STAG2,1
STAG3,0
STAG3L1,1
STAG3L2,1
STAG3L3,1
STAG3L4,1
STAM,1
STAM2,1
STAMBP,1
STAMBPL1,1
STAP1,1
STAP2,1
STAR,0
STARD10,1
STARD13,0
STARD3,1
STARD3NL,1
STARD4,1
STARD5,0
STARD6,0
STARD7,1
STARD8,0
STARD9,1
STAT1,1
STAT2,1
STAT3,1
STAT4,1
STAT5A,1
STAT5B,1
STAT6,1
STATH,0
STAU1,1
STAU2,1
STBD1,1
STC1,0
STC2,1
STEAP1,1
STEAP1B,0
STEAP2,1
STEAP3,1
STEAP4,0
STH,0
STIL,1
STIM1,1
STIM2,1
STIP1,1
STK10,1
STK11,0
STK11IP,1
STK16,1
STK17A,1
STK17B,1
STK19,0
STK24,1
STK25,1
STK3,1
STK31,0
STK32A,0
STK32B,0
STK32C,0
STK33,1
STK35,1
STK36,1
STK38,1
STK38L,1
STK39,1
STK4,1
STK40,1
STKLD1,1
STMN1,1
STMN2,0
STMN3,1
STMN4,0
STMND1,0
STOM,1
STOML1,1
STOML2,1
STOML3,0
STON1,0
STON1-GTF2A1L,0
STON2,0
STOX1,1
STOX2,0
STPG1,1
STPG2,1
STRA13,1
STRA6,1
STRA8,0
STRADA,1
STRADB,1
STRAP,1
STRBP,1
STRC,0
STRIP1,1
STRIP2,1
STRN,1
STRN3,1
STRN4,0
STS,0
STT3A,1
STT3B,1
STUB1,1
STX10,1
STX11,1
STX12,1
STX16,1
STX16-NPEPL1,1
STX17,1
STX18,1
STX19,1
STX1A,1
STX1B,0
STX2,1
STX3,1
STX4,1
STX5,1
STX6,1
STX7,1
STX8,1
STXBP1,0
STXBP2,1
STXBP3,1
STXBP4,1
STXBP5,1
STXBP5L,1
STXBP6,1
STYK1,1
STYX,0
STYXL1,1
SUB1,1
SUCLA2,0
SUCLG1,1
SUCLG2,1
SUCNR1,1
SUCO,1
SUDS3,1
SUFU,1
SUGCT,1
SUGP1,1
SUGP2,1
SUGT1,1
SUGT1P1,0
SUGT1P3,1
SULF1,0
SULF2,0
SULT1A1,0
SULT1A2,1
SULT1A3,0
SULT1A4,0
SULT1B1,0
SULT1C2,1
SULT1C2P1,0
SULT1C3,0
SULT1C4,0
SULT1D1P,0
SULT1E1,1
SULT2A1,1
SULT2B1,1
SULT4A1,0
SULT6B1,0
SUMF1,1
SUMF2,1
SUMO1,1
SUMO1P1,0
SUMO1P3,0
SUMO2,1
SUMO3,1
SUMO4,0
SUN1,1
SUN2,1
SUN3,0
SUN5,1
SUOX,1
SUPT16H,1
SUPT20H,1
SUPT20HL2,0
SUPT3H,1
SUPT4H1,1
SUPT5H,1
SUPT6H,1
SUPT7L,1
SUPV3L1,1
SURF1,1
SURF2,1
SURF4,1
SURF6,1
SUSD1,1
SUSD2,1
SUSD3,1
SUSD4,0
SUSD5,0
SUV39H1,0
SUV39H2,1
SUV420H1,1
SUV420H2,1
SUZ12,1
SUZ12P1,1
SV2A,1
SV2B,1
SV2C,0
SVEP1,1
SVIL,1
SVIP,1
SVOP,1
SVOPL,0
SWAP70,1
SWI5,1
SWSAP1,1
SWT1,1
SYAP1,1
SYBU,1
SYCE1,0
SYCE1L,0
SYCE2,1
SYCE3,0
SYCN,0
SYCP1,0
SYCP2,0
SYCP2L,0
SYCP3,0
SYDE1,0
SYDE2,1
SYF2,1
SYK,1
SYMPK,1
SYN1,0
SYN2,0
SYN3,1
SYNC,1
SYNCRIP,1
SYNDIG1,1
SYNDIG1L,0
SYNE1,0
SYNE2,0
SYNE3,0
SYNE4,1
SYNGAP1,1
SYNGR1,0
SYNGR2,1
SYNGR3,1
SYNGR4,1
SYNJ1,1
SYNJ2,1
SYNJ2BP,1
SYNJ2BP-COX16,1
SYNM,1
SYNPO,1
SYNPO2,0
SYNPO2L,1
SYNPR,0
SYNRG,1
SYP,1
SYPL1,1
SYPL2,0
SYS1,1
SYS1-DBNDD2,1
SYT1,0
SYT10,0
SYT11,1
SYT12,1
SYT13,0
SYT14,0
SYT15,0
SYT16,0
SYT17,1
SYT2,0
SYT3,0
SYT4,0
SYT5,0
SYT6,0
SYT7,1
SYT8,1
SYT9,0
SYTL1,1
SYTL2,1
SYTL3,1
SYTL4,0
SYTL5,0
SYVN1,1
SZRD1,1
SZT2,1
T,0
TAAR1,0
TAAR2,0
TAAR3,0
TAAR5,0
TAAR6,0
TAAR8,0
TAAR9,0
TAB1,1
TAB2,1
TAB3,1
TAC1,0
TAC3,0
TAC4,0
TACC1,0
TACC2,0
TACC3,1
TACO1,1
TACR1,1
TACR2,1
TACR3,0
TACSTD2,1
TADA1,1
TADA2A,1
TADA2B,0
TADA3,1
TAF1,1
TAF10,1
TAF11,1
TAF12,1
TAF13,1
TAF15,1
TAF1A,1
TAF1B,1
TAF1C,1
TAF1D,1
TAF1L,0
TAF2,1
TAF3,1
TAF4,1
TAF4B,1
TAF5,1
TAF5L,0
TAF6,1
TAF6L,1
TAF7,1
TAF7L,0
TAF8,1
TAF9,1
TAF9B,0
TAGAP,1
TAGLN,1
TAGLN2,1
TAGLN3,0
TAL1,0
TAL2,0
TALDO1,1
TAMM41,1
TANC1,1
TANC2,0
TANGO2,0
TANGO6,1
TANK,1
TAOK1,1
TAOK2,1
TAOK3,1
TAP1,0
TAP2,0
TAPBP,0
TAPBPL,1
TAPT1,0
TARBP1,1
TARBP2,1
TARDBP,1
TARM1,0
TARP,0
TARS,1
TARS2,1
TARSL2,1
TAS1R1,1
TAS1R2,0
TAS1R3,0
TAS2R1,0
TAS2R10,0
TAS2R13,0
TAS2R14,0
TAS2R16,0
TAS2R19,0
TAS2R20,0
TAS2R3,0
TAS2R30,0
TAS2R31,0
TAS2R38,0
TAS2R39,0
TAS2R4,0
TAS2R40,0
TAS2R41,1
TAS2R42,0
TAS2R43,0
TAS2R46,0
TAS2R5,0
TAS2R50,0
TAS2R60,0
TAS2R7,0
TAS2R8,0
TAS2R9,0
TASP1,1
TAT,0
TATDN1,1
TATDN2,1
TATDN3,1
TAX1BP1,1
TAX1BP3,1
TAZ,1
TBATA,0
TBC1D1,1
TBC1D10A,1
TBC1D10B,1
TBC1D10C,1
TBC1D12,1
TBC1D13,1
TBC1D14,1
TBC1D15,1
TBC1D16,1
TBC1D17,1
TBC1D19,1
TBC1D2,1
TBC1D20,1
TBC1D21,0
TBC1D22A,1
TBC1D22B,1
TBC1D23,1
TBC1D24,1
TBC1D25,1
TBC1D26,0
TBC1D28,0
TBC1D29,0
TBC1D2B,0
TBC1D3,0
TBC1D30,1
TBC1D31,1
TBC1D32,1
TBC1D3B,0
TBC1D3C,0
TBC1D3F,0
TBC1D3H,0
TBC1D3P1-DHX40P1,0
TBC1D3P2,0
TBC1D3P5,0
TBC1D4,1
TBC1D5,1
TBC1D7,1
TBC1D8,1
TBC1D8B,1
TBC1D9,1
TBC1D9B,0
TBCA,1
TBCB,1
TBCC,1
TBCCD1,1
TBCD,1
TBCE,1
TBCEL,1
TBCK,1
TBK1,1
TBKBP1,1
TBL1X,1
TBL1XR1,1
TBL1Y,0
TBL2,1
TBL3,1
TBP,1
TBPL1,1
TBPL2,0
TBR1,0
TBRG1,1
TBRG4,1
TBX1,0
TBX10,0
TBX15,0
TBX18,0
TBX19,1
TBX2,1
TBX20,0
TBX21,0
TBX22,0
TBX3,1
TBX4,1
TBX5,0
TBX6,1
TBXA2R,1
TBXAS1,1
TC2N,0
TCAIM,1
TCAM1P,0
TCAP,1
TCEA1,1
TCEA2,1
TCEA3,0
TCEAL1,1
TCEAL2,0
TCEAL3,0
TCEAL4,0
TCEAL5,0
TCEAL6,0
TCEAL7,0
TCEAL8,0
TCEANC,1
TCEANC2,1
TCEB1,1
TCEB2,1
TCEB3,1
TCEB3B,0
TCEB3C,0
TCEB3CL,0
TCERG1,1
TCERG1L,0
TCF12,1
TCF15,0
TCF19,0
TCF20,0
TCF21,0
TCF23,0
TCF24,0
TCF25,1
TCF3,1
TCF4,0
TCF7,1
TCF7L1,0
TCF7L2,1
TCFL5,1
TCHH,0
TCHHL1,0
TCHP,1
TCIRG1,1
TCL1A,1
TCL1B,0
TCL6,0
TCN1,0
TCN2,1
TCOF1,1
TCP1,1
TCP10,0
TCP10L,0
TCP10L2,0
TCP11,0
TCP11L1,1
TCP11L2,1
TCP11X2,0
TCTA,1
TCTE1,0
TCTE3,1
TCTEX1D1,0
TCTEX1D2,1
TCTEX1D4,1
TCTN1,1
TCTN2,1
TCTN3,1
TDG,1
TDGF1,1
TDGF1P3,0
TDH,0
TDO2,0
TDP1,1
TDP2,1
TDRD1,0
TDRD10,0
TDRD12,0
TDRD3,1
TDRD5,0
TDRD6,0
TDRD7,1
TDRD9,0
TDRG1,0
TDRKH,1
TDRP,1
TEAD1,1
TEAD2,1
TEAD3,1
TEAD4,0
TEC,1
TECPR1,1
TECPR2,1
TECR,1
TECRL,0
TECTA,0
TECTB,0
TEDDM1,0
TEF,1
TEFM,1
TEK,0
TEKT1,0
TEKT2,0
TEKT3,0
TEKT4,0
TEKT4P2,0
TEKT5,0
TELO2,1
TEN1,1
TEN1-CDK3,1
TENC1,1
TENM1,0
TENM2,0
TENM3,0
TENM4,0
TEP1,1
TEPP,0
TERC,1
TERF1,0
TERF2,1
TERF2IP,1
TERT,1
TES,1
TESC,0
TESK1,1
TESK2,1
TESPA1,1
TET1,1
TET2,1
TET3,0
TEX10,1
TEX101,0
TEX11,0
TEX12,0
TEX13A,0
TEX13B,0
TEX14,1
TEX15,0
TEX19,1
TEX2,1
TEX21P,0
TEX22,1
TEX26,0
TEX261,1
TEX264,1
TEX28,0
TEX29,0
TEX30,1
TEX33,0
TEX35,0
TEX36,0
TEX37,0
TEX38,0
TEX40,1
TEX41,0
TEX43,0
TEX9,1
TF,1
TFAM,1
TFAMP1,0
TFAP2A,0
TFAP2B,0
TFAP2C,1
TFAP2D,0
TFAP2E,0
TFAP4,1
TFB1M,1
TFB2M,1
TFCP2,1
TFCP2L1,0
TFDP1,0
TFDP2,0
TFDP3,0
TFE3,1
TFEB,1
TFEC,1
TFF1,1
TFF2,0
TFF3,1
TFG,1
TFIP11,1
TFPI,1
TFPI2,1
TFPT,1
TFR2,1
TFRC,1
TG,0
TGDS,1
TGFA,1
TGFB1,1
TGFB1I1,1
TGFB2,0
TGFB3,1
TGFBI,0
TGFBR1,0
TGFBR2,1
TGFBR3,0
TGFBR3L,0
TGFBRAP1,1
TGIF1,0
TGIF2,1
TGIF2-C20ORF24,1
TGIF2LX,0
TGIF2LY,0
TGM1,0
TGM2,1
TGM3,0
TGM4,0
TGM5,0
TGM6,0
TGM7,0
TGOLN2,1
TGS1,1
TH,0
THADA,1
THAP1,1
THAP10,1
THAP11,1
THAP2,1
THAP3,1
THAP4,1
THAP5,1
THAP6,1
THAP7,1
THAP7-AS1,1
THAP8,1
THAP9,1
THBD,0
THBS1,1
THBS2,0
THBS3,1
THBS4,0
THCYTX,0
THEG,0
THEG5,0
THEGL,0
THEM4,1
THEM5,0
THEM6,1
THEMIS,0
THEMIS2,0
THG1L,1
THNSL1,1
THNSL2,0
THOC1,1
THOC2,1
THOC3,0
THOC5,1
THOC6,1
THOC7,1
THOP1,1
THPO,1
THRA,1
THRAP3,1
THRB,1
THRSP,0
THSD1,0
THSD1P1,1
THSD4,0
THSD7A,0
THSD7B,0
THTPA,0
THUMPD1,1
THUMPD2,1
THUMPD3,1
THY1,0
THYN1,1
TIA1,1
TIAF1,1
TIAL1,1
TIAM1,0
TIAM2,0
TICAM1,1
TICAM2,1
TICRR,1
TIE1,0
TIFA,1
TIFAB,0
TIGD1,1
TIGD2,1
TIGD3,1
TIGD4,1
TIGD5,1
TIGD6,1
TIGD7,1
TIGIT,0
TIMD4,0
TIMELESS,1
TIMM10,1
TIMM10B,1
TIMM13,1
TIMM17A,1
TIMM17B,1
TIMM21,1
TIMM22,1
TIMM23,1
TIMM44,1
TIMM50,1
TIMM8A,1
TIMM8B,1
TIMM9,1
TIMMDC1,1
TIMP1,1
TIMP2,1
TIMP3,0
TIMP4,1
TINAG,1
TINAGL1,1
TINCR,0
TINF2,1
TIPARP,1
TIPARP-AS1,1
TIPIN,1
TIPRL,1
TIRAP,1
TISP43,0
TJAP1,1
TJP1,1
TJP2,1
TJP3,0
TK1,1
TK2,1
TKT,1
TKTL1,0
TKTL2,0
TLCD1,1
TLCD2,1
TLDC1,1
TLDC2,1
TLE1,1
TLE2,1
TLE3,1
TLE4,1
TLE6,1
TLK1,0
TLK2,0
TLL1,1
TLL2,1
TLN1,1
TLN2,1
TLR1,1
TLR10,1
TLR2,0
TLR3,0
TLR4,1
TLR5,1
TLR6,1
TLR7,1
TLR8,0
TLR8-AS1,0
TLR9,1
TLX1,0
TLX1NB,0
TLX2,1
TLX3,1
TM2D1,1
TM2D2,1
TM2D3,1
TM4SF1,1
TM4SF18,0
TM4SF19,0
TM4SF19-TCTEX1D2,0
TM4SF20,0
TM4SF4,1
TM4SF5,1
TM6SF1,1
TM6SF2,0
TM7SF2,1
TM7SF3,1
TM9SF1,1
TM9SF2,1
TM9SF3,1
TM9SF4,1
TMA16,1
TMA7,1
TMBIM1,1
TMBIM4,1
TMBIM6,1
TMC1,0
TMC2,0
TMC3,0
TMC4,1
TMC5,1
TMC6,1
TMC7,1
TMC8,1
TMCC1,1
TMCC2,1
TMCC3,1
TMCO1,1
TMCO2,0
TMCO3,1
TMCO4,1
TMCO5A,0
TMCO5B,0
TMCO6,1
TMED1,1
TMED10,1
TMED10P1,0
TMED11P,0
TMED2,1
TMED3,0
TMED4,1
TMED5,1
TMED6,1
TMED7,1
TMED7-TICAM2,1
TMED8,0
TMED9,1
TMEFF1,0
TMEFF2,0
TMEM100,0
TMEM101,1
TMEM102,1
TMEM104,1
TMEM105,1
TMEM106A,1
TMEM106B,1
TMEM106C,1
TMEM107,0
TMEM108,0
TMEM109,1
TMEM11,1
TMEM110,0
TMEM110-MUSTN1,0
TMEM114,0
TMEM115,1
TMEM116,1
TMEM117,1
TMEM119,0
TMEM120A,1
TMEM120B,1
TMEM121,1
TMEM123,1
TMEM125,0
TMEM126A,1
TMEM126B,1
TMEM127,1
TMEM128,1
TMEM129,1
TMEM130,0
TMEM131,1
TMEM132A,1
TMEM132B,0
TMEM132C,0
TMEM132D,0
TMEM132E,0
TMEM133,0
TMEM134,1
TMEM135,1
TMEM136,1
TMEM138,1
TMEM139,1
TMEM140,1
TMEM141,1
TMEM143,1
TMEM144,1
TMEM145,0
TMEM147,1
TMEM14A,1
TMEM14B,1
TMEM14C,1
TMEM14E,0
TMEM150A,1
TMEM150B,0
TMEM150C,0
TMEM151A,0
TMEM151B,0
TMEM154,1
TMEM155,0
TMEM156,1
TMEM158,0
TMEM159,0
TMEM160,1
TMEM161A,1
TMEM161B,1
TMEM163,0
TMEM164,0
TMEM165,0
TMEM167A,1
TMEM167B,1
TMEM168,1
TMEM169,1
TMEM17,1
TMEM170A,1
TMEM170B,1
TMEM171,0
TMEM173,1
TMEM174,0
TMEM175,1
TMEM176A,0
TMEM176B,0
TMEM177,1
TMEM178A,0
TMEM179,1
TMEM179B,1
TMEM18,1
TMEM180,1
TMEM181,1
TMEM182,0
TMEM183A,1
TMEM183B,1
TMEM184A,1
TMEM184B,1
TMEM184C,1
TMEM185A,0
TMEM185B,1
TMEM186,1
TMEM187,1
TMEM189,1
TMEM189-UBE2V1,1
TMEM19,1
TMEM190,0
TMEM191A,1
TMEM191B,0
TMEM191C,0
TMEM192,1
TMEM194A,1
TMEM194B,1
TMEM196,0
TMEM198,1
TMEM198B,1
TMEM199,1
TMEM2,1
TMEM200A,0
TMEM200B,1
TMEM200C,0
TMEM201,1
TMEM202,0
TMEM203,1
TMEM204,0
TMEM205,1
TMEM206,1
TMEM207,0
TMEM208,1
TMEM209,1
TMEM210,0
TMEM211,0
TMEM212,1
TMEM213,0
TMEM214,1
TMEM215,0
TMEM216,1
TMEM217,1
TMEM218,0
TMEM219,1
TMEM220,0
TMEM221,1
TMEM222,1
TMEM223,1
TMEM225,0
TMEM229A,0
TMEM229B,0
TMEM230,1
TMEM231,1
TMEM232,0
TMEM233,1
TMEM234,1
TMEM235,0
TMEM236,0
TMEM237,1
TMEM238,1
TMEM239,1
TMEM240,0
TMEM241,0
TMEM242,1
TMEM243,1
TMEM244,1
TMEM245,1
TMEM246,0
TMEM247,0
TMEM248,1
TMEM249,0
TMEM25,1
TMEM251,0
TMEM252,0
TMEM253,1
TMEM255A,1
TMEM255B,0
TMEM256,1
TMEM256-PLSCR3,1
TMEM257,0
TMEM258,1
TMEM259,1
TMEM26,1
TMEM260,1
TMEM261,1
TMEM262,0
TMEM263,1
TMEM27,0
TMEM30A,1
TMEM30B,0
TMEM30C,0
TMEM31,0
TMEM33,1
TMEM35,0
TMEM37,1
TMEM38A,1
TMEM38B,1
TMEM39A,1
TMEM39B,1
TMEM40,1
TMEM41A,1
TMEM41B,1
TMEM42,1
TMEM43,1
TMEM44,1
TMEM45A,1
TMEM45B,1
TMEM47,0
TMEM5,1
TMEM50A,1
TMEM50B,0
TMEM51,1
TMEM51-AS1,1
TMEM52,1
TMEM52B,0
TMEM53,1
TMEM54,1
TMEM55A,1
TMEM55B,1
TMEM56,1
TMEM56-RWDD3,1
TMEM57,1
TMEM59,1
TMEM59L,1
TMEM60,1
TMEM61,0
TMEM62,1
TMEM63A,1
TMEM63B,1
TMEM63C,1
TMEM64,1
TMEM65,1
TMEM67,1
TMEM68,1
TMEM69,1
TMEM70,1
TMEM71,0
TMEM72,0
TMEM72-AS1,0
TMEM74,0
TMEM74B,0
TMEM79,1
TMEM80,1
TMEM81,0
TMEM82,0
TMEM86A,1
TMEM86B,0
TMEM87A,1
TMEM87B,1
TMEM88,1
TMEM88B,0
TMEM89,0
TMEM8A,1
TMEM8B,0
TMEM8C,0
TMEM9,0
TMEM91,1
TMEM92,0
TMEM95,0
TMEM97,1
TMEM98,0
TMEM99,1
TMEM9B,1
TMF1,1
TMIE,1
TMIGD1,1
TMIGD2,0
TMLHE,0
TMOD1,1
TMOD2,0
TMOD3,1
TMOD4,0
TMPO,1
TMPPE,1
TMPRSS11A,0
TMPRSS11B,0
TMPRSS11BNL,0
TMPRSS11D,0
TMPRSS11E,0
TMPRSS11F,0
TMPRSS11GP,0
TMPRSS12,0
TMPRSS13,0
TMPRSS15,0
TMPRSS2,0
TMPRSS3,0
TMPRSS4,1
TMPRSS5,0
TMPRSS6,0
TMPRSS7,0
TMPRSS9,0
TMSB10,1
TMSB15A,0
TMSB15B,0
TMSB4X,1
TMSB4Y,0
TMTC1,1
TMTC2,1
TMTC3,1
TMTC4,1
TMUB1,0
TMUB2,1
TMX1,1
TMX2,1
TMX2-CTNND1,1
TMX3,1
TMX4,1
TNC,1
TNF,0
TNFAIP1,1
TNFAIP2,0
TNFAIP3,1
TNFAIP6,1
TNFAIP8,1
TNFAIP8L1,1
TNFAIP8L2,1
TNFAIP8L2-SCNM1,1
TNFAIP8L3,1
TNFRSF10A,1
TNFRSF10B,1
TNFRSF10C,1
TNFRSF10D,1
TNFRSF11A,0
TNFRSF11B,1
TNFRSF12A,1
TNFRSF13B,1
TNFRSF13C,1
TNFRSF14,1
TNFRSF17,1
TNFRSF18,1
TNFRSF19,1
TNFRSF1A,1
TNFRSF1B,1
TNFRSF21,1
TNFRSF25,1
TNFRSF4,1
TNFRSF6B,1
TNFRSF8,1
TNFRSF9,0
TNFSF10,1
TNFSF11,0
TNFSF12,0
TNFSF12-TNFSF13,0
TNFSF13,1
TNFSF13B,1
TNFSF14,1
TNFSF15,1
TNFSF18,1
TNFSF4,1
TNFSF8,0
TNFSF9,1
TNIK,1
TNIP1,1
TNIP2,1
TNIP3,1
TNK1,1
TNK2,1
TNKS,1
TNKS1BP1,1
TNKS2,1
TNMD,0
TNN,0
TNNC1,1
TNNC2,0
TNNI1,0
TNNI2,1
TNNI3,0
TNNI3K,0
TNNT1,0
TNNT2,0
TNNT3,0
TNP1,0
TNP2,1
TNPO1,1
TNPO2,1
TNPO3,1
TNR,0
TNRC18,1
TNRC6A,1
TNRC6B,1
TNRC6C,0
TNS1,1
TNS3,1
TNS4,1
TNXB,0
TOB1,1
TOB2,1
TOB2P1,1
TOE1,1
TOLLIP,1
TOM1,1
TOM1L1,1
TOM1L2,1
TOMM20,1
TOMM20L,1
TOMM22,1
TOMM34,1
TOMM40,1
TOMM40L,1
TOMM5,1
TOMM6,1
TOMM7,1
TOMM70A,1
TONSL,0
TOP1,1
TOP1MT,1
TOP1P1,0
TOP1P2,0
TOP2A,1
TOP2B,1
TOP3A,1
TOP3B,1
TOPAZ1,0
TOPBP1,1
TOPORS,1
TOR1A,1
TOR1AIP1,1
TOR1AIP2,1
TOR1B,1
TOR2A,1
TOR3A,1
TOR4A,1
TOX,1
TOX2,0
TOX3,1
TOX4,1
TP53,1
TP53AIP1,1
TP53BP1,1
TP53BP2,1
TP53I11,1
TP53I13,1
TP53I3,1
TP53INP1,1
TP53INP2,1
TP53RK,1
TP53TG1,1
TP53TG3,0
TP53TG3B,0
TP53TG3C,0
TP53TG5,0
TP63,1
TP73,1
TP73-AS1,0
TPBG,1
TPBGL,0
TPCN1,1
TPCN2,0
TPD52,1
TPD52L1,1
TPD52L2,1
TPD52L3,0
TPGS1,1
TPGS2,1
TPH1,0
TPH2,0
TPI1,1
TPI1P2,1
TPI1P3,0
TPK1,1
TPM1,1
TPM2,0
TPM3,1
TPM4,1
TPMT,1
TPO,0
TPP1,1
TPP2,1
TPPP,0
TPPP2,0
TPPP3,0
TPR,1
TPRA1,1
TPRG1,0
TPRG1L,0
TPRKB,1
TPRN,1
TPRX1,0
TPRXL,0
TPSAB1,0
TPSB2,0
TPSD1,0
TPSG1,0
TPST1,1
TPST2,1
TPT1,1
TPTE,0
TPTE2,0
TPTE2P1,0
TPTE2P3,0
TPTE2P6,1
TPTEP1,1
TPX2,1
TRA2A,1
TRA2B,1
TRABD,1
TRABD2A,0
TRABD2B,0
TRADD,1
TRAF1,1
TRAF2,1
TRAF3,0
TRAF3IP1,1
TRAF3IP2,1
TRAF3IP2-AS1,1
TRAF3IP3,1
TRAF4,1
TRAF5,1
TRAF6,1
TRAF7,1
TRAFD1,1
TRAIP,1
TRAK1,1
TRAK2,1
TRAM1,1
TRAM1L1,0
TRAM2,1
TRANK1,1
TRAP1,1
TRAPPC1,1
TRAPPC10,1
TRAPPC11,1
TRAPPC12,1
TRAPPC13,1
TRAPPC2,1
TRAPPC2L,1
TRAPPC2P1,1
TRAPPC3,1
TRAPPC3L,0
TRAPPC4,1
TRAPPC5,1
TRAPPC6A,1
TRAPPC6B,1
TRAPPC8,1
TRAPPC9,1
TRAT1,0
TRDMT1,1
TRDN,0
TREH,1
TREM1,1
TREM2,0
TREML1,1
TREML2,1
TREML3P,0
TREML4,0
TREML5P,0
TRERF1,1
TREX1,1
TREX2,0
TRH,0
TRHDE,0
TRHR,0
TRIAP1,1
TRIB1,1
TRIB2,0
TRIB3,1
TRIL,1
TRIM10,0
TRIM11,1
TRIM13,1
TRIM14,0
TRIM15,1
TRIM16,1
TRIM16L,0
TRIM17,0
TRIM2,1
TRIM21,0
TRIM22,1
TRIM23,1
TRIM24,1
TRIM25,1
TRIM26,0
TRIM27,0
TRIM28,1
TRIM29,0
TRIM3,0
TRIM31,0
TRIM32,1
TRIM33,1
TRIM34,0
TRIM35,1
TRIM36,0
TRIM37,1
TRIM38,1
TRIM39,0
TRIM4,1
TRIM40,0
TRIM41,1
TRIM42,0
TRIM43,0
TRIM43B,0
TRIM44,1
TRIM45,0
TRIM46,1
TRIM47,1
TRIM48,0
TRIM49,0
TRIM49D2P,0
TRIM5,1
TRIM50,0
TRIM52,1
TRIM54,0
TRIM55,0
TRIM56,1
TRIM58,0
TRIM59,1
TRIM6,1
TRIM6-TRIM34,1
TRIM60,0
TRIM61,1
TRIM62,0
TRIM63,0
TRIM64,0
TRIM64B,0
TRIM64C,0
TRIM65,1
TRIM66,0
TRIM67,0
TRIM68,1
TRIM69,1
TRIM7,1
TRIM71,1
TRIM72,0
TRIM73,0
TRIM74,0
TRIM77,0
TRIM78P,0
TRIM8,1
TRIM9,1
TRIML1,0
TRIML2,0
TRIO,1
TRIOBP,1
TRIP10,1
TRIP11,1
TRIP12,1
TRIP13,1
TRIP4,1
TRIP6,1
TRIQK,1
TRIT1,1
TRMT1,1
TRMT10A,1
TRMT10B,0
TRMT10C,1
TRMT11,1
TRMT112,1
TRMT12,1
TRMT13,1
TRMT1L,1
TRMT2A,1
TRMT2B,0
TRMT44,1
TRMT5,1
TRMT6,1
TRMT61A,1
TRMT61B,1
TRMU,1
TRNAU1AP,1
TRNP1,1
TRNT1,1
TRO,0
TROAP,1
TROVE2,1
TRPA1,0
TRPC1,1
TRPC2,0
TRPC3,0
TRPC4,1
TRPC4AP,1
TRPC5,0
TRPC6,0
TRPC7,0
TRPM1,0
TRPM2,1
TRPM3,0
TRPM4,1
TRPM5,0
TRPM6,0
TRPM7,1
TRPM8,0
TRPS1,0
TRPT1,1
TRPV1,0
TRPV2,1
TRPV3,1
TRPV4,0
TRPV5,0
TRPV6,1
TRRAP,1
TRUB1,1
TRUB2,1
TSACC,1
TSC1,1
TSC2,1
TSC22D1,1
TSC22D2,1
TSC22D3,0
TSC22D4,1
TSEN15,1
TSEN2,1
TSEN34,1
TSEN54,1
TSFM,1
TSG1,0
TSG101,1
TSGA10,1
TSGA10IP,0
TSGA13,0
TSHB,0
TSHR,0
TSHZ1,1
TSHZ2,0
TSHZ3,0
TSIX,0
TSKS,0
TSKU,1
TSLP,1
TSN,1
TSNARE1,1
TSNAX,1
TSNAX-DISC1,1
TSNAXIP1,1
TSPAN1,0
TSPAN10,0
TSPAN11,0
TSPAN12,1
TSPAN13,1
TSPAN14,1
TSPAN15,1
TSPAN16,0
TSPAN17,1
TSPAN18,1
TSPAN19,0
TSPAN2,0
TSPAN3,1
TSPAN31,1
TSPAN32,0
TSPAN33,1
TSPAN4,1
TSPAN5,0
TSPAN6,0
TSPAN7,0
TSPAN8,1
TSPAN9,1
TSPEAR,0
TSPO,1
TSPO2,1
TSPY1,0
TSPY2,0
TSPY26P,0
TSPY3,0
TSPY4,0
TSPY8,0
TSPYL1,1
TSPYL2,0
TSPYL4,1
TSPYL5,0
TSPYL6,0
TSR1,1
TSR2,1
TSR3,1
TSSC1,1
TSSC4,1
TSSK1B,0
TSSK2,0
TSSK3,0
TSSK4,0
TSSK6,1
TST,1
TSTA3,1
TSTD1,1
TSTD2,1
TSTD3,0
TTBK1,0
TTBK2,1
TTC1,1
TTC12,0
TTC13,1
TTC14,1
TTC16,1
TTC17,1
TTC18,1
TTC19,1
TTC21A,1
TTC21B,1
TTC22,0
TTC23,1
TTC23L,1
TTC24,0
TTC25,1
TTC26,1
TTC27,1
TTC28,0
TTC28-AS1,1
TTC29,0
TTC3,1
TTC30A,1
TTC30B,1
TTC31,1
TTC32,1
TTC33,1
TTC34,0
TTC36,0
TTC37,1
TTC38,1
TTC39A,0
TTC39B,1
TTC39C,1
TTC3P1,0
TTC4,1
TTC5,1
TTC7A,1
TTC7B,0
TTC8,1
TTC9,1
TTC9B,1
TTC9C,1
TTF1,1
TTF2,1
TTI1,1
TTI2,1
TTK,1
TTL,0
TTLL1,0
TTLL10,0
TTLL11,1
TTLL12,1
TTLL13,0
TTLL2,0
TTLL3,1
TTLL4,1
TTLL5,1
TTLL6,0
TTLL7,0
TTLL8,0
TTLL9,0
TTN,0
TTPA,0
TTPAL,1
TTR,1
TTTY1,0
TTTY10,0
TTTY11,0
TTTY12,0
TTTY13,0
TTTY14,0
TTTY15,0
TTTY16,0
TTTY17A,0
TTTY17B,0
TTTY17C,0
TTTY18,0
TTTY19,0
TTTY1B,0
TTTY2,0
TTTY20,0
TTTY21,0
TTTY21B,0
TTTY22,0
TTTY23,0
TTTY23B,0
TTTY2B,0
TTTY3,0
TTTY3B,0
TTTY4,0
TTTY4B,0
TTTY4C,0
TTTY5,0
TTTY6,0
TTTY6B,0
TTTY7,0
TTTY7B,0
TTTY8,0
TTTY8B,0
TTTY9A,0
TTTY9B,0
TTYH1,1
TTYH2,0
TTYH3,1
TUB,0
TUBA1A,1
TUBA1B,1
TUBA1C,1
TUBA3C,0
TUBA3D,0
TUBA3E,0
TUBA4A,1
TUBA4B,1
TUBA8,1
TUBAL3,0
TUBB,0
TUBB1,0
TUBB2A,1
TUBB2B,0
TUBB3,1
TUBB4A,0
TUBB4B,1
TUBB6,0
TUBB8,0
TUBBP5,0
TUBD1,1
TUBE1,1
TUBG1,1
TUBG2,1
TUBGCP2,1
TUBGCP3,1
TUBGCP4,1
TUBGCP5,1
TUBGCP6,1
TUFM,1
TUFT1,1
TUG1,1
TULP1,0
TULP2,1
TULP3,1
TULP4,0
TUSC1,1
TUSC2,1
TUSC3,0
TUSC5,0
TUSC7,0
TUT1,1
TVP23A,1
TVP23B,1
TVP23C,0
TVP23C-CDRT4,0
TWF1,1
TWF2,1
TWIST1,1
TWIST2,0
TWISTNB,1
TWSG1,0
TXK,1
TXLNA,1
TXLNB,1
TXLNG,0
TXLNGY,0
TXN,1
TXN2,1
TXNDC11,1
TXNDC12,1
TXNDC15,1
TXNDC16,1
TXNDC17,1
TXNDC2,0
TXNDC5,1
TXNDC8,0
TXNDC9,1
TXNIP,1
TXNL1,1
TXNL4A,1
TXNL4B,1
TXNRD1,1
TXNRD2,1
TXNRD3,0
TXNRD3NB,0
TYK2,1
TYMP,1
TYMS,1
TYMSOS,1
TYR,0
TYRO3,1
TYRO3P,0
TYROBP,1
TYRP1,0
TYSND1,1
TYW1,1
TYW1B,1
TYW3,1
TYW5,1
U2AF1,1
U2AF1L4,1
U2AF2,1
U2SURP,1
UACA,1
UAP1,1
UAP1L1,1
UBA1,1
UBA2,1
UBA3,1
UBA5,0
UBA52,1
UBA6,1
UBA7,0
UBAC1,1
UBAC2,1
UBAC2-AS1,1
UBALD1,1
UBALD2,1
UBAP1,1
UBAP1L,0
UBAP2,1
UBAP2L,1
UBASH3A,0
UBASH3B,1
UBB,1
UBC,1
UBD,0
UBE2A,1
UBE2B,1
UBE2C,1
UBE2D1,0
UBE2D2,1
UBE2D3,1
UBE2D4,1
UBE2DNL,0
UBE2E1,1
UBE2E2,1
UBE2E3,1
UBE2F,1
UBE2F-SCLY,1
UBE2G1,1
UBE2G2,1
UBE2H,1
UBE2I,1
UBE2J1,1
UBE2J2,0
UBE2K,1
UBE2L3,1
UBE2L6,1
UBE2M,1
UBE2MP1,0
UBE2N,1
UBE2NL,0
UBE2O,1
UBE2Q1,1
UBE2Q2,1
UBE2Q2P1,1
UBE2Q2P2,0
UBE2QL1,0
UBE2R2,1
UBE2S,1
UBE2T,1
UBE2U,0
UBE2V1,1
UBE2V2,1
UBE2W,1
UBE2Z,1
UBE3A,1
UBE3B,1
UBE3C,0
UBE3D,1
UBE4A,1
UBE4B,1
UBFD1,1
UBIAD1,1
UBL3,1
UBL4A,1
UBL4B,0
UBL5,1
UBL7,1
UBLCP1,1
UBN1,1
UBN2,1
UBOX5,1
UBP1,1
UBQLN1,1
UBQLN2,1
UBQLN3,0
UBQLN4,1
UBQLNL,0
UBR1,1
UBR2,1
UBR3,1
UBR4,1
UBR5,1
UBR7,1
UBTD1,1
UBTD2,1
UBTF,1
UBXN1,1
UBXN10,0
UBXN11,1
UBXN2A,1
UBXN2B,1
UBXN4,1
UBXN6,1
UBXN7,1
UBXN8,1
UCA1,0
UCHL1,1
UCHL3,1
UCHL5,1
UCK1,1
UCK2,1
UCKL1,1
UCKL1-AS1,0
UCMA,0
UCN,1
UCN2,0
UCN3,0
UCP1,0
UCP2,1
UCP3,0
UEVLD,1
UFC1,1
UFD1L,1
UFL1,1
UFM1,1
UFSP1,1
UFSP2,1
UG0898H09,0
UGCG,1
UGDH,1
UGGT1,1
UGGT2,1
UGP2,1
UGT1A1,0
UGT1A10,0
UGT1A3,0
UGT1A4,0
UGT1A5,0
UGT1A6,0
UGT1A7,0
UGT1A8,0
UGT1A9,0
UGT2A1,0
UGT2A2,0
UGT2A3,1
UGT2B10,0
UGT2B11,0
UGT2B15,0
UGT2B17,0
UGT2B28,0
UGT2B4,1
UGT2B7,1
UGT3A1,0
UGT3A2,0
UGT8,1
UHMK1,1
UHRF1,1
UHRF1BP1,1
UHRF1BP1L,1
UHRF2,1
UIMC1,1
ULBP1,0
ULBP2,0
ULBP3,0
ULK1,1
ULK2,1
ULK3,1
ULK4,1
ULK4P1,0
ULK4P2,0
ULK4P3,0
UMOD,0
UMODL1,1
UMPS,1
UNC119,0
UNC119B,0
UNC13A,0
UNC13B,0
UNC13C,0
UNC13D,1
UNC45A,1
UNC45B,0
UNC50,1
UNC5A,1
UNC5B,1
UNC5C,0
UNC5CL,1
UNC5D,0
UNC79,1
UNC80,0
UNC93A,1
UNC93B1,1
UNCX,0
UNG,1
UNK,1
UNKL,1
UNQ6494,0
UOX,0
UPB1,0
UPF1,1
UPF2,1
UPF3A,1
UPF3B,0
UPK1A,0
UPK1B,0
UPK2,0
UPK3A,1
UPK3B,1
UPK3BL,1
UPP1,1
UPP2,1
UPRT,0
UQCC1,1
UQCC2,1
UQCC3,1
UQCR10,1
UQCR11,1
UQCRB,1
UQCRBP1,0
UQCRC1,1
UQCRC2,1
UQCRFS1,0
UQCRH,1
UQCRHL,0
UQCRQ,1
URAD,0
URB1,1
URB2,0
URGCP,1
URGCP-MRPS24,1
URI1,0
URM1,1
UROC1,1
UROD,1
UROS,1
USB1,1
USE1,1
USF1,1
USF2,1
USH1C,0
USH1G,0
USH2A,0
USHBP1,0
USMG5,1
USO1,1
USP1,1
USP10,1
USP11,1
USP12,1
USP13,1
USP14,1
USP15,1
USP16,1
USP17L2,0
USP17L6P,0
USP18,1
USP19,1
USP2,1
USP20,1
USP21,1
USP22,1
USP24,1
USP25,1
USP26,0
USP27X,1
USP28,1
USP29,0
USP3,1
USP30,1
USP31,1
USP32,1
USP32P1,0
USP32P2,0
USP33,0
USP34,1
USP35,1
USP36,1
USP37,1
USP38,1
USP39,1
USP4,1
USP40,1
USP42,1
USP43,1
USP44,0
USP45,1
USP46,0
USP47,1
USP48,1
USP49,1
USP5,1
USP50,0
USP51,0
USP53,1
USP54,1
USP6,0
USP6NL,1
USP7,1
USP8,1
USP9X,1
USP9Y,0
USPL1,1
UST,1
UTF1,1
UTP11L,1
UTP14A,1
UTP14C,1
UTP15,1
UTP18,1
UTP20,1
UTP23,1
UTP3,1
UTP6,1
UTRN,1
UTS2,0
UTS2B,1
UTS2R,0
UTY,0
UVRAG,1
UVSSA,1
UXS1,1
UXT,1
VAC14,1
VAMP1,1
VAMP2,1
VAMP3,0
VAMP4,1
VAMP5,1
VAMP8,1
VANGL1,1
VANGL2,1
VAPA,1
VAPB,0
VARS,0
VARS2,0
VASH1,1
VASH2,1
VASN,1
VASP,1
VAT1,1
VAT1L,0
VAV1,1
VAV2,1
VAV3,1
VAX1,1
VAX2,1
VBP1,0
VCAM1,1
VCAN,1
VCL,1
VCP,1
VCPIP1,1
VCPKMT,1
VCX,0
VCX2,0
VCX3A,0
VCX3B,0
VCY,0
VCY1B,0
VDAC1,1
VDAC2,1
VDAC3,1
VDR,1
VEGFA,1
VEGFB,1
VEGFC,1
VENTX,0
VENTXP1,0
VENTXP7,0
VEPH1,0
VEZF1,1
VEZT,1
VGF,1
VGLL1,0
VGLL2,0
VGLL3,0
VGLL4,1
VHL,1
VHLL,0
VIL1,1
VILL,0
VIM,1
VIMP,1
VIP,0
VIPAS39,1
VIPR1,1
VIPR2,0
VIT,1
VKORC1,1
VKORC1L1,0
VLDLR,1
VMA21,1
VMAC,1
VMO1,1
VMP1,1
VN1R1,0
VN1R10P,0
VN1R2,0
VN1R4,0
VN1R5,0
VNN1,0
VNN2,0
VNN3,1
VOPP1,1
VPRBP,1
VPREB1,0
VPREB3,1
VPS11,1
VPS13A,1
VPS13B,1
VPS13C,1
VPS13D,1
VPS16,1
VPS18,1
VPS25,1
VPS26A,1
VPS26B,1
VPS28,1
VPS29,1
VPS33A,1
VPS33B,1
VPS35,1
VPS36,1
VPS37A,1
VPS37B,1
VPS37C,1
VPS37D,1
VPS39,1
VPS41,1
VPS45,1
VPS4A,1
VPS4B,1
VPS51,0
VPS52,0
VPS53,1
VPS54,1
VPS72,1
VPS8,1
VPS9D1,1
VRK1,0
VRK2,1
VRK3,1
VRTN,0
VSIG1,0
VSIG10,1
VSIG10L,1
VSIG2,0
VSIG4,0
VSIG8,0
VSNL1,1
VSTM1,0
VSTM2A,0
VSTM2B,0
VSTM2L,0
VSTM4,0
VSTM5,0
VSX1,0
VSX2,0
VTA1,1
VTCN1,0
VTI1A,1
VTI1B,1
VTN,1
VTRNA1-1,1
VTRNA1-2,1
VTRNA1-3,1
VTRNA2-1,0
VWA1,1
VWA2,1
VWA3A,0
VWA3B,1
VWA5A,0
VWA5B1,0
VWA5B2,0
VWA7,0
VWA8,1
VWA9,1
VWC2,1
VWC2L,1
VWCE,1
VWDE,1
VWF,0
WAC,1
WAPAL,1
WARS,1
WARS2,1
WAS,1
WASF1,1
WASF2,1
WASF3,0
WASH1,0
WASH2P,1
WASH3P,1
WASH5P,1
WASH7P,1
WASL,1
WBP1,1
WBP11,1
WBP11P1,0
WBP1L,1
WBP2,1
WBP2NL,1
WBP4,1
WBP5,0
WBSCR16,1
WBSCR17,0
WBSCR22,1
WBSCR27,1
WBSCR28,0
WDFY1,1
WDFY2,1
WDFY3,1
WDFY3-AS2,1
WDFY4,1
WDHD1,1
WDPCP,1
WDR1,1
WDR11,1
WDR12,1
WDR13,1
WDR16,1
WDR17,0
WDR18,1
WDR19,0
WDR20,1
WDR24,1
WDR25,1
WDR26,1
WDR27,1
WDR3,0
WDR31,1
WDR33,1
WDR34,1
WDR35,1
WDR36,1
WDR37,1
WDR38,1
WDR4,1
WDR41,1
WDR43,1
WDR44,1
WDR45,1
WDR45B,1
WDR46,0
WDR47,1
WDR48,1
WDR49,0
WDR5,1
WDR53,1
WDR54,1
WDR55,1
WDR59,1
WDR5B,1
WDR6,1
WDR60,1
WDR61,1
WDR62,1
WDR63,0
WDR64,0
WDR66,0
WDR7,1
WDR70,1
WDR72,0
WDR73,1
WDR74,1
WDR75,1
WDR76,0
WDR77,1
WDR78,1
WDR81,1
WDR82,1
WDR83,1
WDR83OS,1
WDR86,0
WDR87,1
WDR88,0
WDR89,1
WDR90,1
WDR91,0
WDR92,1
WDR93,1
WDSUB1,1
WDTC1,1
WDYHV1,1
WEE1,1
WEE2,0
WFDC1,0
WFDC10A,0
WFDC10B,0
WFDC11,0
WFDC12,0
WFDC13,0
WFDC2,1
WFDC3,1
WFDC5,0
WFDC6,0
WFDC8,0
WFDC9,0
WFIKKN1,1
WFIKKN2,0
WFS1,0
WHAMM,1
WHAMMP2,1
WHAMMP3,1
WHSC1,1
WHSC1L1,1
WI2-2373I1.2,0
WIBG,1
WIF1,0
WIPF1,0
WIPF2,1
WIPF3,0
WIPI1,1
WIPI2,0
WISP1,0
WISP2,1
WISP3,0
WIZ,1
WLS,1
WNK1,1
WNK2,1
WNK3,0
WNK4,1
WNT1,1
WNT10A,1
WNT10B,0
WNT11,0
WNT16,0
WNT2,0
WNT2B,1
WNT3,0
WNT3A,0
WNT4,0
WNT5A,1
WNT5B,0
WNT6,0
WNT7A,1
WNT7B,1
WNT8A,0
WNT8B,0
WNT9A,1
WNT9B,1
WRAP53,1
WRAP73,1
WRB,1
WRN,1
WRNIP1,1
WSB1,1
WSB2,0
WSCD1,0
WSCD2,0
WT1,0
WT1-AS,0
WTAP,1
WTH3DI,0
WTIP,1
WWC1,1
WWC2,1
WWC2-AS2,1
WWC3,0
WWOX,1
WWP1,1
WWP2,1
WWTR1,1
WWTR1-AS1,1
XAB2,1
XAF1,0
XAGE1B,0
XAGE1E,0
XAGE2,0
XAGE3,0
XAGE5,0
XBP1,1
XCL1,0
XCL2,0
XCR1,0
XDH,0
XG,1
XGY2,1
XIAP,1
XIRP1,0
XIRP2,0
XIST,1
XK,0
XKR3,0
XKR4,0
XKR5,0
XKR6,1
XKR7,1
XKR8,1
XKR9,1
XKRX,1
XKRY,0
XKRY2,0
XPA,1
XPC,1
XPNPEP1,1
XPNPEP2,0
XPNPEP3,1
XPO1,1
XPO4,1
XPO5,1
XPO6,1
XPO7,0
XPOT,1
XPR1,1
XRCC1,0
XRCC2,1
XRCC3,1
XRCC4,1
XRCC5,1
XRCC6,1
XRCC6BP1,1
XRN1,1
XRN2,1
XRRA1,1
XXYLT1,1
XYLB,1
XYLT1,1
XYLT2,1
YAE1D1,1
YAF2,1
YAP1,1
YARS,1
YARS2,1
YBEY,1
YBX1,1
YBX2,1
YBX3,1
YBX3P1,0
YDJC,1
YEATS2,1
YEATS4,1
YES1,1
YIF1A,1
YIF1B,0
YIPF1,1
YIPF2,1
YIPF3,1
YIPF4,1
YIPF5,1
YIPF6,1
YIPF7,0
YJEFN3,0
YKT6,1
YLPM1,1
YME1L1,1
YOD1,1
YPEL1,1
YPEL2,1
YPEL3,1
YPEL4,0
YPEL5,1
YRDC,1
YTHDC1,1
YTHDC2,1
YTHDF1,1
YTHDF2,1
YTHDF3,1
YWHAB,1
YWHAE,1
YWHAG,1
YWHAH,1
YWHAQ,1
YWHAZ,1
YY1,1
YY1AP1,1
YY2,0
ZACN,0
ZADH2,1
ZAK,1
ZAN,0
ZAP70,0
ZAR1,0
ZAR1L,0
ZBBX,0
ZBED1,0
ZBED2,1
ZBED3,1
ZBED4,1
ZBED5,1
ZBED6,1
ZBED6CL,0
ZBED8,1
ZBED9,1
ZBP1,1
ZBTB1,1
ZBTB10,1
ZBTB11,1
ZBTB12,0
ZBTB14,1
ZBTB16,0
ZBTB17,1
ZBTB18,0
ZBTB2,1
ZBTB20,1
ZBTB20-AS1,0
ZBTB21,1
ZBTB22,0
ZBTB24,1
ZBTB25,1
ZBTB26,1
ZBTB3,1
ZBTB32,1
ZBTB33,0
ZBTB34,0
ZBTB37,1
ZBTB38,0
ZBTB39,1
ZBTB4,1
ZBTB40,1
ZBTB41,1
ZBTB42,1
ZBTB43,1
ZBTB44,1
ZBTB45,1
ZBTB46,0
ZBTB47,1
ZBTB48,1
ZBTB49,1
ZBTB5,1
ZBTB6,1
ZBTB7A,1
ZBTB7B,1
ZBTB7C,1
ZBTB8A,0
ZBTB8B,1
ZBTB8OS,1
ZBTB9,0
ZC2HC1A,1
ZC2HC1B,0
ZC2HC1C,1
ZC3H10,1
ZC3H11A,1
ZC3H12A,1
ZC3H12B,0
ZC3H12C,1
ZC3H12D,1
ZC3H13,1
ZC3H14,1
ZC3H15,1
ZC3H18,1
ZC3H3,1
ZC3H4,1
ZC3H6,1
ZC3H7A,1
ZC3H7B,1
ZC3H8,1
ZC3HAV1,1
ZC3HAV1L,1
ZC3HC1,1
ZC4H2,0
ZCCHC10,1
ZCCHC11,1
ZCCHC12,1
ZCCHC13,0
ZCCHC14,1
ZCCHC16,0
ZCCHC17,1
ZCCHC18,0
ZCCHC2,1
ZCCHC24,1
ZCCHC3,1
ZCCHC4,1
ZCCHC5,1
ZCCHC6,1
ZCCHC7,1
ZCCHC8,1
ZCCHC9,1
ZCRB1,1
ZCWPW1,1
ZCWPW2,0
ZDBF2,0
ZDHHC1,0
ZDHHC11,0
ZDHHC12,1
ZDHHC13,0
ZDHHC14,1
ZDHHC15,0
ZDHHC16,1
ZDHHC17,1
ZDHHC18,1
ZDHHC19,0
ZDHHC2,0
ZDHHC20,1
ZDHHC21,0
ZDHHC22,0
ZDHHC23,1
ZDHHC24,1
ZDHHC3,1
ZDHHC4,1
ZDHHC5,1
ZDHHC6,1
ZDHHC7,1
ZDHHC8,0
ZDHHC8P1,1
ZDHHC9,1
ZEB1,1
ZEB1-AS1,1
ZEB2,1
ZEB2-AS1,1
ZER1,1
ZFAND1,1
ZFAND2A,1
ZFAND2B,1
ZFAND3,1
ZFAND4,1
ZFAND5,1
ZFAND6,1
ZFAS1,1
ZFAT,1
ZFAT-AS1,1
ZFC3H1,1
ZFHX2,1
ZFHX3,0
ZFHX4,1
ZFP1,1
ZFP14,1
ZFP2,1
ZFP28,0
ZFP3,1
ZFP30,1
ZFP36,1
ZFP36L1,1
ZFP36L2,1
ZFP37,1
ZFP41,1
ZFP42,0
ZFP57,0
ZFP62,1
ZFP64,1
ZFP69,1
ZFP69B,1
ZFP82,0
ZFP90,1
ZFP91,1
ZFP91-CNTF,1
ZFP92,0
ZFPL1,1
ZFPM1,1
ZFPM2,0
ZFR,1
ZFR2,0
ZFX,1
ZFY,0
ZFYVE1,1
ZFYVE16,1
ZFYVE19,1
ZFYVE20,1
ZFYVE21,1
ZFYVE26,1
ZFYVE27,1
ZFYVE28,1
ZFYVE9,0
ZG16,1
ZG16B,0
ZGLP1,0
ZGPAT,1
ZGRF1,1
ZHX1,1
ZHX1-C8ORF76,1
ZHX2,1
ZHX3,0
ZIC1,0
ZIC2,1
ZIC3,0
ZIC4,0
ZIC5,1
ZIK1,0
ZIM2,0
ZIM3,0
ZKSCAN1,1
ZKSCAN2,1
ZKSCAN3,1
ZKSCAN4,1
ZKSCAN5,1
ZKSCAN7,0
ZKSCAN8,1
ZMAT1,0
ZMAT2,1
ZMAT3,1
ZMAT4,0
ZMAT5,1
ZMIZ1,1
ZMIZ2,0
ZMPSTE24,1
ZMYM1,1
ZMYM2,1
ZMYM3,1
ZMYM4,1
ZMYM5,1
ZMYM6,1
ZMYM6NB,1
ZMYND10,0
ZMYND11,1
ZMYND12,1
ZMYND15,0
ZMYND19,0
ZMYND8,1
ZNF10,1
ZNF100,1
ZNF101,1
ZNF106,0
ZNF107,1
ZNF112,1
ZNF114,1
ZNF117,0
ZNF12,1
ZNF121,1
ZNF124,0
ZNF131,1
ZNF132,1
ZNF133,1
ZNF134,1
ZNF135,0
ZNF136,1
ZNF137P,0
ZNF138,1
ZNF14,1
ZNF140,1
ZNF141,1
ZNF142,1
ZNF143,1
ZNF146,1
ZNF148,1
ZNF154,0
ZNF155,1
ZNF157,0
ZNF16,1
ZNF160,1
ZNF165,1
ZNF169,1
ZNF17,1
ZNF174,1
ZNF175,1
ZNF177,0
ZNF18,1
ZNF180,1
ZNF181,1
ZNF182,1
ZNF184,1
ZNF185,1
ZNF189,1
ZNF19,0
ZNF195,1
ZNF197,1
ZNF2,1
ZNF20,1
ZNF200,1
ZNF202,1
ZNF204P,1
ZNF205,1
ZNF207,1
ZNF208,0
ZNF211,1
ZNF212,1
ZNF213,1
ZNF214,0
ZNF215,0
ZNF217,1
ZNF219,1
ZNF22,1
ZNF221,1
ZNF222,1
ZNF223,1
ZNF224,1
ZNF225,1
ZNF226,1
ZNF227,1
ZNF229,0
ZNF23,1
ZNF230,1
ZNF232,0
ZNF233,0
ZNF234,0
ZNF235,1
ZNF236,1
ZNF239,0
ZNF24,1
ZNF248,1
ZNF25,1
ZNF250,1
ZNF251,1
ZNF252P,1
ZNF252P-AS1,1
ZNF253,1
ZNF254,1
ZNF256,1
ZNF257,0
ZNF26,1
ZNF260,1
ZNF263,1
ZNF264,1
ZNF266,1
ZNF267,1
ZNF268,1
ZNF271,1
ZNF273,0
ZNF274,1
ZNF275,0
ZNF276,1
ZNF277,1
ZNF28,0
ZNF280A,0
ZNF280B,1
ZNF280C,1
ZNF280D,1
ZNF281,1
ZNF282,1
ZNF283,1
ZNF284,1
ZNF285,0
ZNF286A,1
ZNF286B,0
ZNF287,0
ZNF292,1
ZNF295-AS1,0
ZNF296,1
ZNF3,1
ZNF30,1
ZNF300,1
ZNF300P1,0
ZNF302,1
ZNF304,1
ZNF316,0
ZNF317,1
ZNF318,1
ZNF319,1
ZNF32,0
ZNF32-AS3,0
ZNF320,0
ZNF321P,0
ZNF322,1
ZNF324,1
ZNF324B,1
ZNF326,1
ZNF329,0
ZNF330,1
ZNF331,1
ZNF333,1
ZNF334,0
ZNF335,1
ZNF337,1
ZNF33A,1
ZNF33B,1
ZNF34,1
ZNF341,1
ZNF343,1
ZNF345,0
ZNF346,1
ZNF347,0
ZNF35,1
ZNF350,1
ZNF354A,1
ZNF354B,1
ZNF354C,0
ZNF358,0
ZNF362,1
ZNF365,0
ZNF366,1
ZNF367,1
ZNF37A,0
ZNF37BP,1
ZNF382,0
ZNF383,0
ZNF384,1
ZNF385A,0
ZNF385B,0
ZNF385C,1
ZNF385D,0
ZNF391,1
ZNF394,1
ZNF395,1
ZNF396,0
ZNF397,1
ZNF398,1
ZNF404,0
ZNF407,0
ZNF408,1
ZNF41,0
ZNF410,1
ZNF414,1
ZNF415,0
ZNF416,1
ZNF417,1
ZNF418,0
ZNF419,0
ZNF420,1
ZNF423,0
ZNF425,1
ZNF426,1
ZNF428,1
ZNF429,0
ZNF43,0
ZNF430,1
ZNF431,0
ZNF432,1
ZNF433,1
ZNF436,1
ZNF438,1
ZNF439,0
ZNF44,1
ZNF440,1
ZNF441,1
ZNF442,0
ZNF443,1
ZNF444,1
ZNF445,1
ZNF446,1
ZNF449,1
ZNF45,1
ZNF451,1
ZNF454,0
ZNF460,1
ZNF461,1
ZNF462,0
ZNF467,1
ZNF468,0
ZNF469,0
ZNF470,0
ZNF471,0
ZNF473,1
ZNF474,0
ZNF479,0
ZNF48,1
ZNF480,0
ZNF483,0
ZNF484,1
ZNF485,1
ZNF486,0
ZNF487,1
ZNF488,1
ZNF490,1
ZNF491,1
ZNF492,0
ZNF493,1
ZNF496,1
ZNF497,1
ZNF500,1
ZNF501,1
ZNF502,1
ZNF503,1
ZNF503-AS1,1
ZNF503-AS2,1
ZNF506,1
ZNF507,1
ZNF510,1
ZNF511,1
ZNF512,1
ZNF512B,1
ZNF513,1
ZNF514,0
ZNF516,1
ZNF517,1
ZNF518A,1
ZNF518B,0
ZNF519,1
ZNF521,0
ZNF524,1
ZNF525,1
ZNF526,1
ZNF527,1
ZNF528,0
ZNF529,0
ZNF530,1
ZNF532,0
ZNF534,0
ZNF536,0
ZNF540,0
ZNF541,0
ZNF542P,0
ZNF543,1
ZNF544,1
ZNF546,1
ZNF547,1
ZNF548,1
ZNF549,1
ZNF550,0
ZNF551,1
ZNF552,1
ZNF554,1
ZNF555,1
ZNF556,0
ZNF557,1
ZNF558,0
ZNF559,1
ZNF559-ZNF177,1
ZNF560,0
ZNF561,1
ZNF562,1
ZNF563,1
ZNF564,1
ZNF565,1
ZNF566,1
ZNF567,1
ZNF568,0
ZNF569,1
ZNF57,1
ZNF570,1
ZNF571,1
ZNF572,1
ZNF573,1
ZNF574,1
ZNF575,1
ZNF576,1
ZNF577,0
ZNF578,0
ZNF579,1
ZNF580,1
ZNF581,1
ZNF582,0
ZNF583,1
ZNF584,1
ZNF585A,0
ZNF585B,0
ZNF586,0
ZNF587,1
ZNF589,1
ZNF592,1
ZNF593,1
ZNF594,1
ZNF595,1
ZNF596,1
ZNF597,0
ZNF598,1
ZNF599,1
ZNF600,0
ZNF605,1
ZNF606,1
ZNF607,0
ZNF608,1
ZNF609,0
ZNF610,0
ZNF611,0
ZNF613,1
ZNF614,1
ZNF615,1
ZNF616,1
ZNF618,0
ZNF619,1
ZNF620,1
ZNF621,1
ZNF622,1
ZNF623,1
ZNF624,1
ZNF625,1
ZNF625-ZNF20,1
ZNF626,0
ZNF627,1
ZNF628,1
ZNF629,1
ZNF630,0
ZNF638,1
ZNF639,1
ZNF641,1
ZNF644,1
ZNF645,0
ZNF646,1
ZNF648,0
ZNF649,1
ZNF652,1
ZNF653,1
ZNF654,0
ZNF655,1
ZNF658,1
ZNF658B,0
ZNF660,0
ZNF662,0
ZNF663P,0
ZNF664,1
ZNF664-FAM101A,1
ZNF665,0
ZNF667,0
ZNF668,1
ZNF669,1
ZNF670,1
ZNF670-ZNF695,1
ZNF671,1
ZNF672,1
ZNF674,1
ZNF675,0
ZNF676,0
ZNF677,0
ZNF678,1
ZNF679,0
ZNF680,1
ZNF681,0
ZNF682,0
ZNF683,0
ZNF684,1
ZNF687,1
ZNF688,1
ZNF689,1
ZNF69,1
ZNF691,1
ZNF692,1
ZNF695,1
ZNF696,1
ZNF697,1
ZNF699,0
ZNF7,1
ZNF70,1
ZNF700,1
ZNF701,0
ZNF702P,1
ZNF703,1
ZNF704,1
ZNF705A,0
ZNF705D,0
ZNF705G,0
ZNF706,1
ZNF707,1
ZNF708,1
ZNF709,0
ZNF71,0
ZNF710,1
ZNF711,0
ZNF713,0
ZNF714,0
ZNF716,0
ZNF717,1
ZNF718,1
ZNF720,1
ZNF721,1
ZNF724P,1
ZNF726,0
ZNF727P,0
ZNF729,0
ZNF732,0
ZNF735P,0
ZNF736,0
ZNF737,1
ZNF738,0
ZNF74,1
ZNF740,1
ZNF746,1
ZNF747,1
ZNF749,1
ZNF750,1
ZNF75A,1
ZNF75D,0
ZNF76,1
ZNF761,1
ZNF763,1
ZNF764,1
ZNF765,0
ZNF766,1
ZNF767P,1
ZNF768,1
ZNF77,1
ZNF770,1
ZNF771,1
ZNF772,1
ZNF773,1
ZNF774,1
ZNF775,1
ZNF776,1
ZNF777,1
ZNF778,1
ZNF780A,1
ZNF780B,1
ZNF781,1
ZNF782,0
ZNF783,1
ZNF784,1
ZNF785,1
ZNF786,1
ZNF787,1
ZNF788,0
ZNF789,1
ZNF79,1
ZNF790,0
ZNF791,1
ZNF792,1
ZNF793,0
ZNF799,1
ZNF8,1
ZNF80,0
ZNF800,1
ZNF804A,0
ZNF804B,0
ZNF805,1
ZNF808,0
ZNF81,0
ZNF812,0
ZNF813,0
ZNF814,1
ZNF815P,1
ZNF816,1
ZNF816-ZNF321P,1
ZNF821,1
ZNF823,1
ZNF826P,0
ZNF827,1
ZNF829,0
ZNF83,1
ZNF830,1
ZNF831,0
ZNF833P,0
ZNF835,0
ZNF836,1
ZNF837,1
ZNF839,1
ZNF84,1
ZNF841,0
ZNF843,1
ZNF844,1
ZNF845,1
ZNF846,1
ZNF847P,0
ZNF85,0
ZNF850,1
ZNF853,1
ZNF860,1
ZNF862,1
ZNF865,0
ZNF876P,0
ZNF878,1
ZNF879,0
ZNF880,0
ZNF883,0
ZNF890P,0
ZNF90,0
ZNF91,1
ZNF92,1
ZNF93,0
ZNF98,0
ZNF99,0
ZNFX1,1
ZNHIT1,1
ZNHIT2,1
ZNHIT3,1
ZNHIT6,1
ZNRD1,1
ZNRD1-AS1,0
ZNRF1,1
ZNRF2,1
ZNRF2P1,0
ZNRF2P2,0
ZNRF3,1
ZNRF4,0
ZP1,0
ZP2,0
ZP3,1
ZP4,0
ZPBP,0
ZPBP2,1
ZPLD1,0
ZPR1,1
ZRANB1,0
ZRANB2,1
ZRANB2-AS1,1
ZRANB3,1
ZRSR1,0
ZRSR2,1
ZSCAN1,0
ZSCAN10,0
ZSCAN12,1
ZSCAN12P1,0
ZSCAN16,1
ZSCAN18,0
ZSCAN2,1
ZSCAN20,1
ZSCAN21,1
ZSCAN22,1
ZSCAN23,0
ZSCAN25,1
ZSCAN26,1
ZSCAN29,1
ZSCAN30,1
ZSCAN31,1
ZSCAN32,1
ZSCAN4,0
ZSCAN5A,0
ZSCAN5B,0
ZSCAN9,1
ZSWIM1,1
ZSWIM2,0
ZSWIM3,1
ZSWIM4,1
ZSWIM5,0
ZSWIM6,1
ZSWIM7,1
ZSWIM8,1
ZUFSP,1
ZW10,1
ZWILCH,1
ZWINT,1
ZXDA,0
ZXDB,0
ZXDC,0
ZYG11A,0
ZYG11B,0
ZYX,1
ZZEF1,1
ZZZ3,1