"AverageShortestPathLength","BetweennessCentrality","ClosenessCentrality","ClusteringCoefficient","Eccentricity","EdgeCount","Indegree","IsSingleNode","Matching.Attribute","name","NeighborhoodConnectivity","nms.score.avg","nms.score.EE","nms.score.RE","Outdegree","PartnerOfMultiEdgedNodePairs","SCION.magical.NMS","selected","SelfLoops","shared name","Stress"
"0.0","0.0","0.0","0.25","0","5","5","false","C12orf73","C12orf73","1055.6","0.0049665915","5.79087E-4","0.009354096","0","0","0.0061589590105854","false","0","C12orf73","0"
"0.0","0.0","0.0","0.16666666666666666","0","3","3","false","ENSG00000286658.1","ENSG00000286658.1","959.0","0.001232057","0.002263673","2.00441E-4","0","0","0.00404608233727145","false","0","ENSG00000286658.1","0"
"0.0","0.0","0.0","0.16666666666666666","0","3","3","false","PRSS43P","PRSS43P","1043.0","4.31127E-4","6.61813E-4","2.00441E-4","0","0","0.00156244276448554","false","0","PRSS43P","0"
"0.0","0.0","0.0","0.0","0","5","5","false","SARNP","SARNP","753.4","0.0011994405","0.00209822","3.00661E-4","0","0","0.00147162583298331","false","0","SARNP","0"
"0.0","0.0","0.0","0.3333333333333333","0","3","3","false","PSMB10","PSMB10","943.3333333333334","0.001232057","0.002263673","2.00441E-4","0","0","0.0053762471725611","false","0","PSMB10","0"
"0.0","0.0","0.0","0.09722222222222222","0","9","9","false","ENSG00000286861.1","ENSG00000286861.1","749.0","0.0158034095","0.007347487","0.024259332","0","0","0.0103425571016726","false","0","ENSG00000286861.1","0"
"0.0","0.0","0.0","0.0","0","3","3","false","ENSG00000287737.2","ENSG00000287737.2","930.6666666666666","3.89764E-4","5.79087E-4","2.00441E-4","0","0","9.52461127940308E-4","false","0","ENSG00000287737.2","0"
"0.0","0.0","0.0","0.16666666666666666","0","3","3","false","PRR13","PRR13","1677.3333333333333","0.00745743","0.014513978","4.00882E-4","0","0","0.00402748636039757","false","0","PRR13","0"
"0.0","0.0","0.0","0.3333333333333333","0","3","3","false","CRYGS","CRYGS","1365.0","0.0013800165","0.002760033","0.0","0","0","0.00261937303559089","false","0","CRYGS","0"
"0.0","0.0","0.0","0.08333333333333333","0","4","4","false","ENSG00000288597.1","ENSG00000288597.1","881.75","0.0025817155","0.0","0.005163431","0","0","0.00525812581773326","false","0","ENSG00000288597.1","0"
"0.0","0.0","0.0","0.1","0","5","5","false","ENSG00000288187.1","ENSG00000288187.1","797.4","0.0035131109999999998","0.002263673","0.004762549","0","0","0.00460719731449055","false","0","ENSG00000288187.1","0"
"0.0","0.0","0.0","0.1","0","5","5","false","ENSG00000288924.1","ENSG00000288924.1","863.2","5.13854E-4","8.27267E-4","2.00441E-4","0","0","0.00390363258653558","false","0","ENSG00000288924.1","0"
"0.0","0.0","0.0","0.14285714285714285","0","8","8","false","GIMAP1","GIMAP1","827.375","0.005565951499999999","0.005968472","0.005163431","0","0","0.00989184867001729","false","0","GIMAP1","0"
"0.0","0.0","0.0","0.15","0","5","5","false","F8A1","F8A1","928.2","5.313475E-4","6.61813E-4","4.00882E-4","0","0","0.00423345350345554","false","0","F8A1","0"
"0.0","0.0","0.0","0.16666666666666666","0","3","3","false","C8orf82","C8orf82","1039.3333333333333","4.3987400000000004E-4","5.79087E-4","3.00661E-4","0","0","0.00498489125354895","false","0","C8orf82","0"
"0.0","0.0","0.0","0.04285714285714286","0","15","15","false","KANSL1-AS1","KANSL1-AS1","531.7333333333333","0.0030215949999999997","0.005141206","9.01984E-4","0","0","0.0142715166054494","false","0","KANSL1-AS1","0"
"0.0","0.0","0.0","0.5","0","3","3","false","MRPL23","MRPL23","1358.0","4.3987400000000004E-4","5.79087E-4","3.00661E-4","0","0","0.00544846324304398","false","0","MRPL23","0"
"0.0","0.0","0.0","1.0","0","2","2","false","ZSWIM7","ZSWIM7","1908.5","0.0022699359999999997","5.79087E-4","0.003960785","0","0","0.00229726692793498","false","0","ZSWIM7","0"
"0.0","0.0","0.0","0.25","0","8","8","false","ENSG00000268575.1","ENSG00000268575.1","986.0","0.028526751335539377","8.27266710787558E-5","0.056970776","0","0","0.0150777730697041","false","0","ENSG00000268575.1","0"
"0.0","0.0","0.0","0.0","0","2","2","false","LINC00863","LINC00863","1214.5","1.002205E-4","0.0","2.00441E-4","0","0","1.92576187954359E-4","false","0","LINC00863","0"
"0.0","0.0","0.0","0.0","0","4","4","false","TPI1P1","TPI1P1","1114.0","5.313475E-4","6.61813E-4","4.00882E-4","0","0","0.00104874922191749","false","0","TPI1P1","0"
"0.0","0.0","0.0","0.08333333333333333","0","4","4","false","ENSG00000271420.1","ENSG00000271420.1","846.5","4.072575E-4","4.13633E-4","4.00882E-4","0","0","0.00248562196301581","false","0","ENSG00000271420.1","0"
"0.0","0.0","0.0","0.0","0","1","1","false","ENSG00000226833.7","ENSG00000226833.7","2283.0",,,"2.00441E-4","0","0","1.92576187954359E-4","false","0","ENSG00000226833.7","0"
"0.0","0.0","0.0","0.0","0","3","3","false","AAAS","AAAS","972.3333333333334","5.400945E-4","5.79087E-4","5.01102E-4","0","0","0.00106761133949604","false","0","AAAS","0"
"0.0","0.0","0.0","0.5","0","3","3","false","ENSG00000272335.1","ENSG00000272335.1","1323.6666666666667","0.006279904500000001","0.012359368","2.00441E-4","0","0","0.00411731453885759","false","0","ENSG00000272335.1","0"
"0.0","0.0","0.0","0.09523809523809523","0","7","7","false","SLC35E4","SLC35E4","675.8571428571429","0.0102180055","0.016675667","0.003760344","0","0","0.0054397645648832","false","0","SLC35E4","0"
"0.0","0.0","0.0","0.20833333333333334","0","9","9","false","ZNF595","ZNF595","1000.8888888888889","0.03042131","0.015258518","0.045584102","0","0","0.0181401397276862","false","0","ZNF595","0"
"0.0","0.0","0.0","0.16666666666666666","0","3","3","false","TAPBP","TAPBP","1059.6666666666667","2.243105E-4","2.4818E-4","2.00441E-4","0","0","0.00439153297193864","false","0","TAPBP","0"
"0.0","0.0","0.0","0.06944444444444445","0","9","9","false","IL2RB","IL2RB","596.2222222222222","0.0031520605","0.005803019","5.01102E-4","0","0","0.00703050050573656","false","0","IL2RB","0"
"0.0","0.0","0.0","0.08333333333333333","0","4","4","false","PTCD1","PTCD1","1037.5","0.0012145635","0.002429127","0.0","0","0","0.00439153297193864","false","0","PTCD1","0"
"0.0","0.0","0.0","0.16666666666666666","0","3","3","false","RAB3D","RAB3D","962.0","4.31127E-4","6.61813E-4","2.00441E-4","0","0","0.00214017132834862","false","0","RAB3D","0"
"0.0","0.0","0.0","0.1388888888888889","0","9","9","false","ZNF862","ZNF862","825.2222222222222","0.017938657","0.035275991","6.01323E-4","0","0","0.0108892263292603","false","0","ZNF862","0"
"0.0","0.0","0.0","0.2","0","5","5","false","ENSG00000235859.5","ENSG00000235859.5","940.6","0.0100879875","0.012855728","0.007320247","0","0","0.00670641200785075","false","0","ENSG00000235859.5","0"
"0.0","0.0","0.0","0.35","0","5","5","false","GET4","GET4","1258.4","0.0172452095","0.019495807","0.014994612","0","0","0.00766184916320865","false","0","GET4","0"
"0.0","0.0","0.0","0.16666666666666666","0","3","3","false","LINC01138","LINC01138","1507.0","0.007256989","0.014513978","0.0","0","0","0.00311993687961454","false","0","LINC01138","0"
"0.0","0.0","0.0","0.05555555555555555","0","9","9","false","TIA1","TIA1","599.4444444444445","0.0050334295000000005","0.009866418","2.00441E-4","0","0","0.006651808045345","false","0","TIA1","0"
"0.0","0.0","0.0","0.1","0","5","5","false","PI4KA","PI4KA","946.2","7.469110000000001E-4","9.9272E-4","5.01102E-4","0","0","0.00358647512823621","false","0","PI4KA","0"
"0.0","0.0","0.0","0.15","0","5","5","false","ATP5PO","ATP5PO","1269.8","0.0023291674999999998","5.79087E-4","0.004079248","0","0","0.00585248262067673","false","0","ATP5PO","0"
"0.0","0.0","0.0","0.16666666666666666","0","3","3","false","ACY1","ACY1","1295.3333333333333","6.40315E-4","5.79087E-4","7.01543E-4","0","0","0.00544648085281409","false","0","ACY1","0"
"0.0","0.0","0.0","0.06666666666666667","0","6","6","false","MRPL20","MRPL20","622.5","8.68534E-4","0.001436407","3.00661E-4","0","0","0.00328198112855744","false","0","MRPL20","0"
"0.0","0.0","0.0","0.0367965367965368","0","22","22","false","UBE2V1","UBE2V1","393.59090909090907","0.0025729859999999998","0.004143767","0.001002205","0","0","0.0266586844379764","false","0","UBE2V1","0"
"0.0","0.0","0.0","0.55","0","5","5","false","LRRC77P","LRRC77P","1210.4","0.0033126699999999998","0.002263673","0.004361667","0","0","0.0149819977205544","false","0","LRRC77P","0"
"0.0","0.0","0.0","0.0","0","2","2","false","CIAPIN1","CIAPIN1","1401.0",,"6.61813E-4",,"0","0","5.48446634453039E-4","false","0","CIAPIN1","0"
"0.0","0.0","0.0","0.26666666666666666","0","6","6","false","OIP5-AS1","OIP5-AS1","1215.0","0.007056439","7.4454E-4","0.013368338","0","0","0.00968291526783268","false","0","OIP5-AS1","0"
"0.0","0.0","0.0","1.0","0","2","2","false","ALAS1","ALAS1","1908.5",,"0.012359368",,"0","0","0.00229726692793498","false","0","ALAS1","0"
"0.0","0.0","0.0","0.0","0","1","1","false","STRAP","STRAP","2283.0",,"5.79087E-4",,"0","0","1.92576187954359E-4","false","0","STRAP","0"
"0.0","0.0","0.0","0.16666666666666666","0","3","3","false","ENSG00000251364.8","ENSG00000251364.8","1053.6666666666667","4.3987400000000004E-4","5.79087E-4","3.00661E-4","0","0","0.00863071889442832","false","0","ENSG00000251364.8","0"
"0.0","0.0","0.0","0.35","0","5","5","false","ENSG00000279453.1","ENSG00000279453.1","1179.4","0.0063335535","0.012366446","3.00661E-4","0","0","0.00591896627212546","false","0","ENSG00000279453.1","0"
"0.0","0.0","0.0","0.0","0","3","3","false","ENSG00000279744.1","ENSG00000279744.1","988.0",,,"2.00441E-4","0","0","2.16648211448654E-4","false","0","ENSG00000279744.1","0"
"0.0","0.0","0.0","0.5","0","4","4","false","LINC02761","LINC02761","1060.5",,,"0.007119806","0","0","0.00688705223366753","false","0","LINC02761","0"
"0.0","0.0","0.0","0.08333333333333333","0","4","4","false","BCDIN3D-AS1","BCDIN3D-AS1","1139.5","6.40315E-4","5.79087E-4","7.01543E-4","0","0","0.00569142224063057","false","0","BCDIN3D-AS1","0"
"0.0","0.0","0.0","0.0","0","3","3","false","ENSG00000279833.1","ENSG00000279833.1","1041.0","5.400945E-4","5.79087E-4","5.01102E-4","0","0","0.0010006051749289","false","0","ENSG00000279833.1","0"
"0.0","0.0","0.0","0.0","0","1","1","false","C5orf22","C5orf22","2283.0",,"5.79087E-4",,"0","0","1.92576187954359E-4","false","0","C5orf22","0"
"0.0","0.0","0.0","0.23333333333333334","0","6","6","false","ENSG00000280214.1","ENSG00000280214.1","1072.8333333333333","0.0053177715","0.005472112","0.005163431","0","0","0.00982734740879845","false","0","ENSG00000280214.1","0"
"0.0","0.0","0.0","0.08333333333333333","0","4","4","false","THTPA","THTPA","990.5","0.001515225","0.002429127","6.01323E-4","0","0","0.00514198685313531","false","0","THTPA","0"
"0.0","0.0","0.0","1.0","0","2","2","false","SMAP2","SMAP2","1908.5",,"0.012359368",,"0","0","0.00229726692793498","false","0","SMAP2","0"
"0.0","0.0","0.0","0.3","0","6","6","false","MRPL46","MRPL46","1236.6666666666667","0.005458946500000001","6.61813E-4","0.01025608","0","0","0.00944292252937274","false","0","MRPL46","0"
"0.0","0.0","0.0","0.047619047619047616","0","7","7","false","ENSG00000280285.1","ENSG00000280285.1","774.1428571428571","0.0025642215","1.65453E-4","0.00496299","0","0","0.00332095537331596","false","0","ENSG00000280285.1","0"
"0.0","0.0","0.0","0.0","0","5","5","false","FIGNL1","FIGNL1","684.0","6.641845E-4","8.27267E-4","5.01102E-4","0","0","0.001557494115129","false","0","FIGNL1","0"
"0.0","0.0","0.0","1.0","0","2","2","false","AK6","AK6","1908.5",,"0.012359368",,"0","0","0.00229726692793498","false","0","AK6","0"
"0.0","0.0","0.0","0.0","0","3","3","false","STARD3","STARD3","1324.3333333333333","4.899845E-4","5.79087E-4","4.00882E-4","0","0","3.61080352414424E-4","false","0","STARD3","0"
"0.0","0.0","0.0","0.0","0","2","2","false","ENSG00000260274.1","ENSG00000260274.1","1632.5","4.899845E-4","5.79087E-4","4.00882E-4","0","0","7.89166869395988E-4","false","0","ENSG00000260274.1","0"
"0.0","0.0","0.0","0.0","0","3","3","false","NUDC","NUDC","1019.6666666666666",,"6.61813E-4",,"0","0","0.00220420634964364","false","0","NUDC","0"
"0.0","0.0","0.0","0.0","0","3","3","false","OVCA2","OVCA2","1261.3333333333333","5.313475E-4","6.61813E-4","4.00882E-4","0","0","9.52461127940308E-4","false","0","OVCA2","0"
"0.0","0.0","0.0","0.0","0","1","1","false","KIF16B","KIF16B","2283.0",,"5.79087E-4",,"0","0","1.92576187954359E-4","false","0","KIF16B","0"
"0.0","0.0","0.0","0.17857142857142858","0","8","8","false","GTF2IP12","GTF2IP12","1077.75","0.023459241500000002","0.014931328","0.031987155","0","0","0.0130751028427348","false","0","GTF2IP12","0"
"0.0","0.0","0.0","0.10714285714285714","0","8","8","false","ENSG00000261303.6","ENSG00000261303.6","697.125","0.0049456095","0.004527347","0.005363872","0","0","0.0106860253461099","false","0","ENSG00000261303.6","0"
"0.0","0.0","0.0","0.0","0","1","1","false","SMPX","SMPX","2283.0",,"5.79087E-4",,"0","0","1.92576187954359E-4","false","0","SMPX","0"
"0.0","0.0","0.0","0.15","0","5","5","false","MRPL12","MRPL12","981.4","0.0013322775","0.002263673","4.00882E-4","0","0","0.0100790050845458","false","0","MRPL12","0"
"0.0","0.0","0.0","0.3333333333333333","0","3","3","false","PHF21A","PHF21A","1481.3333333333333","0.006179684","0.012359368","0.0","0","0","0.00229726692793498","false","0","PHF21A","0"
"0.0","0.0","0.0","0.0","0","2","2","false","SNU13","SNU13","1401.0",,"6.61813E-4",,"0","0","5.48446634453039E-4","false","0","SNU13","0"
"0.0","0.0","0.0","0.13636363636363635","0","12","12","false","ENSG00000285108.1","ENSG00000285108.1","862.5","0.0322889755","0.019913157","0.044664794","0","0","0.0208697192096218","false","0","ENSG00000285108.1","0"
"0.0","0.0","0.0","0.0","0","2","2","false","MRPS18A","MRPS18A","1401.0",,"6.61813E-4",,"0","0","5.48446634453039E-4","false","0","MRPS18A","0"
"0.0","0.0","0.0","1.0","0","2","2","false","ARFRP1","ARFRP1","1908.5",,"0.012359368",,"0","0","0.00229726692793498","false","0","ARFRP1","0"
"0.0","0.0","0.0","0.08333333333333333","0","4","4","false","ST8SIA5-DT","ST8SIA5-DT","860.0","0.0011819464999999999","0.002263673","1.0022E-4","0","0","0.0044354558660537","false","0","ST8SIA5-DT","0"
"0.0","0.0","0.0","0.08241758241758242","0","14","14","false","PSMA7","PSMA7","450.57142857142856",,"5.79087E-4",,"0","0","0.0190692514444698","false","0","PSMA7","0"
"0.0","0.0","0.0","0.030303030303030304","0","12","12","false","MDC1","MDC1","482.75","0.0041007465","0.007800611","4.00882E-4","0","0","0.00870888213560091","false","0","MDC1","0"
"0.0","0.0","0.0","0.5","0","3","3","false","PSMD7","PSMD7","1410.6666666666667",,"0.012855728",,"0","0","0.00310925581122385","false","0","PSMD7","0"
"0.0","0.0","0.0","0.13333333333333333","0","6","6","false","NCBP2AS2","NCBP2AS2","834.6666666666666","0.001432498","0.002263673","6.01323E-4","0","0","0.0107465618268689","false","0","NCBP2AS2","0"
"0.0","0.0","0.0","0.08333333333333333","0","4","4","false","ENSG00000285781.1","ENSG00000285781.1","851.75","0.006424870835539377","8.27266710787558E-5","0.012767015","0","0","0.00334924854968378","false","0","ENSG00000285781.1","0"
"0.0","0.0","0.0","0.09247311827956989","0","32","32","false","EIF3J","EIF3J","276.03225806451616",,"5.79087E-4",,"0","1","0.163837181270542","false","0","EIF3J","0"
"0.0","0.0","0.0","0.16666666666666666","0","3","3","false","ARL3","ARL3","1126.3333333333333","0.0013322775","0.002263673","4.00882E-4","0","0","0.00455159483065164","false","0","ARL3","0"
"0.0","0.0","0.0","0.5","0","3","3","false","AAGAB","AAGAB","1398.0",,"0.016341398",,"0","0","0.00616765768874619","false","0","AAGAB","0"
"0.0","0.0","0.0","0.25","0","4","4","false","DMAC2","DMAC2","1148.25",,"0.012607548",,"0","0","0.00579391387771118","false","0","DMAC2","0"
"0.0","0.0","0.0","0.5","0","2","2","false","CA2","CA2","1330.0",,"0.002263673",,"0","0","0.00404608233727145","false","0","CA2","0"
"0.0","0.0","0.0","0.05555555555555555","0","10","10","false","ENSG00000288162.1","ENSG00000288162.1","595.4","0.0026055849999999997","2.4818E-4","0.00496299","0","0","0.00838104360891085","false","0","ENSG00000288162.1","0"
"0.0","0.0","0.0","0.0","0","3","3","false","SYNPO2L-AS1","SYNPO2L-AS1","1009.0","1.415838355393779E-4","8.27266710787558E-5","2.00441E-4","0","0","2.40720234942949E-4","false","0","SYNPO2L-AS1","0"
"2.3691032227930875","2.932795776858551","0.4221006456700675","0.003101078636047321","5","482","8","false","CIC","CIC","33.02291666666667","1.796387939","2.515001152","1.077774726","474","2","2.15051933816155","false","0","CIC","907090304"
"0.0","0.0","0.0","0.0","0","1","1","false","CCDC47","CCDC47","2283.0",,"5.79087E-4",,"0","0","1.92576187954359E-4","false","0","CCDC47","0"
"0.0","0.0","0.0","0.16666666666666666","0","3","3","false","LINC02371","LINC02371","1450.3333333333333","7.405355E-4","5.79087E-4","9.01984E-4","0","0","0.00319215295009742","false","0","LINC02371","0"
"0.0","0.0","0.0","0.06666666666666667","0","10","10","false","INTS3","INTS3","628.2","0.0096297235","0.018758345","5.01102E-4","0","0","0.00750970221297883","false","0","INTS3","0"
"0.0","0.0","0.0","0.16666666666666666","0","3","3","false","CISD3","CISD3","1295.3333333333333","6.40315E-4","5.79087E-4","7.01543E-4","0","0","0.00544648085281409","false","0","CISD3","0"
"0.0","0.0","0.0","0.02197802197802198","0","14","14","false","MTCH2","MTCH2","271.57142857142856",,"0.002263673",,"0","0","0.011591592436663","false","0","MTCH2","0"
"0.0","0.0","0.0","0.07142857142857142","0","7","7","false","SCRN3","SCRN3","807.1428571428571","0.002252442","7.4454E-4","0.003760344","0","0","0.0041535226237086","false","0","SCRN3","0"
"0.0","0.0","0.0","0.0","0","1","1","false","HSPA9","HSPA9","2283.0",,"5.79087E-4",,"0","0","1.92576187954359E-4","false","0","HSPA9","0"
"0.0","0.0","0.0","0.0","0","1","1","false","COX7A2","COX7A2","2283.0",,"5.79087E-4",,"0","0","1.92576187954359E-4","false","0","COX7A2","0"
"0.0","0.0","0.0","0.0","0","1","1","false","MAPKAPK3","MAPKAPK3","2283.0",,"5.79087E-4",,"0","0","1.92576187954359E-4","false","0","MAPKAPK3","0"
"0.0","0.0","0.0","0.08333333333333333","0","4","4","false","ZMYM3","ZMYM3","967.0","5.55217E-4","9.09993E-4","2.00441E-4","0","0","0.00277448624494735","false","0","ZMYM3","0"
"0.0","0.0","0.0","0.0","0","3","3","false","MRPL3","MRPL3","1019.6666666666666",,"6.61813E-4",,"0","0","0.00220420634964364","false","0","MRPL3","0"
"0.0","0.0","0.0","0.26666666666666666","0","6","6","false","MRM1","MRM1","1092.8333333333333","0.006878856","0.012855728","9.01984E-4","0","0","0.0108413386546855","false","0","MRM1","0"
"0.0","0.0","0.0","1.0","0","2","2","false","SNX17","SNX17","1908.5",,"0.012359368",,"0","0","0.00229726692793498","false","0","SNX17","0"
"0.0","0.0","0.0","0.0","0","2","2","false","SEMA3G","SEMA3G","1501.0","2.243105E-4","2.4818E-4","2.00441E-4","0","0","3.61080352414424E-4","false","0","SEMA3G","0"
"0.0","0.0","0.0","0.0","0","2","2","false","COX7A2L","COX7A2L","1401.0",,"6.61813E-4",,"0","0","5.48446634453039E-4","false","0","COX7A2L","0"
"0.0","0.0","0.0","0.0","0","2","2","false","CNPPD1","CNPPD1","1401.0",,"6.61813E-4",,"0","0","5.48446634453039E-4","false","0","CNPPD1","0"
"0.0","0.0","0.0","0.0","0","1","1","false","ENSG00000279207.1","ENSG00000279207.1","2283.0","3.89764E-4","5.79087E-4","2.00441E-4","0","0","1.92576187954359E-4","false","0","ENSG00000279207.1","0"
"0.0","0.0","0.0","0.05","0","5","5","false","SBNO2","SBNO2","721.0","0.0058994005000000006","0.011197478","6.01323E-4","0","0","0.00311993687961454","false","0","SBNO2","0"
"0.0","0.0","0.0","1.0","0","2","2","false","RPF1","RPF1","1908.5",,"0.012359368",,"0","0","0.00229726692793498","false","0","RPF1","0"
"0.0","0.0","0.0","0.0","0","1","1","false","WDR77","WDR77","2283.0",,"5.79087E-4",,"0","0","1.92576187954359E-4","false","0","WDR77","0"
"0.0","0.0","0.0","0.08008658008658008","0","22","22","false","ATP6V0B","ATP6V0B","365.6818181818182",,"0.012359368",,"0","0","0.0538913474110116","false","0","ATP6V0B","0"
"0.0","0.0","0.0","0.0","0","4","4","false","ENSG00000286162.3","ENSG00000286162.3","959.0","5.313475E-4","6.61813E-4","4.00882E-4","0","0","0.00156791392696049","false","0","ENSG00000286162.3","0"
"0.0","0.0","0.0","0.16666666666666666","0","3","3","false","IPO13","IPO13","1025.0",,"0.00259458",,"0","0","0.00419051447823722","false","0","IPO13","0"
"0.0","0.0","0.0","0.15","0","5","5","false","ZC3H15","ZC3H15","729.0","7.405355E-4","5.79087E-4","9.01984E-4","0","0","0.00355521569274175","false","0","ZC3H15","0"
"0.0","0.0","0.0","0.15","0","5","5","false","PFKP","PFKP","809.2","0.0026055849999999997","2.4818E-4","0.00496299","0","0","0.00371527755145475","false","0","PFKP","0"
"0.0","0.0","0.0","0.0","0","1","1","false","TCP1","TCP1","2283.0",,"5.79087E-4",,"0","0","1.92576187954359E-4","false","0","TCP1","0"
"0.0","0.0","0.0","0.1","0","6","6","false","ELP6","ELP6","779.6666666666666","0.003177462","0.00259458","0.003760344","0","0","0.0102234372255116","false","0","ELP6","0"
"0.0","0.0","0.0","0.027505827505827505","0","66","66","false","ATG101","ATG101","172.0909090909091",,"7.4454E-4",,"0","0","0.155124413540951","false","0","ATG101","0"
"0.0","0.0","0.0","0.0","0","4","4","false","CCDC112","CCDC112","972.0","5.400945E-4","5.79087E-4","5.01102E-4","0","0","0.00106761133949604","false","0","CCDC112","0"
"0.0","0.0","0.0","0.16666666666666666","0","7","7","false","RAD54L2","RAD54L2","1020.5714285714286","0.010939573000000001","0.021578485","3.00661E-4","0","0","0.00655328118872419","false","0","RAD54L2","0"
"0.0","0.0","0.0","0.0","0","1","1","false","SNRPB2","SNRPB2","2283.0",,"5.79087E-4",,"0","0","1.92576187954359E-4","false","0","SNRPB2","0"
"0.0","0.0","0.0","1.0","0","2","2","false","MTRR","MTRR","1908.5",,"0.012359368",,"0","0","0.00229726692793498","false","0","MTRR","0"
"0.0","0.0","0.0","0.08333333333333333","0","4","4","false","DUS4L-BCAP29","DUS4L-BCAP29","1196.0","9.059885E-4","9.09993E-4","9.01984E-4","0","0","0.00358152647887967","false","0","DUS4L-BCAP29","0"
"0.0","0.0","0.0","0.16666666666666666","0","6","6","false","ATP1B3","ATP1B3","959.6666666666666","0.004951469","2.4818E-4","0.009654758","0","0","0.00460443115458305","false","0","ATP1B3","0"
"0.0","0.0","0.0","0.3333333333333333","0","3","3","false","NCLN","NCLN","1445.3333333333333",,"0.012607548",,"0","0","0.00264271756260217","false","0","NCLN","0"
"0.0","0.0","0.0","0.15","0","5","5","false","ZXDC","ZXDC","824.8","0.006616565","1.65453E-4","0.013067677","0","0","0.00445010171490419","false","0","ZXDC","0"
"0.0","0.0","0.0","0.0","0","2","2","false","MRPS26","MRPS26","1401.0",,"6.61813E-4",,"0","0","5.48446634453039E-4","false","0","MRPS26","0"
"0.0","0.0","0.0","0.3333333333333333","0","3","3","false","CANX","CANX","1445.3333333333333",,"0.012607548",,"0","0","0.00264271756260217","false","0","CANX","0"
"0.0","0.0","0.0","0.016666666666666666","0","21","21","false","JMJD7-PLA2G4B","JMJD7-PLA2G4B","296.2857142857143","0.0039929705","0.007384618","6.01323E-4","0","0","0.0114902994201347","false","0","JMJD7-PLA2G4B","0"
"0.0","0.0","0.0","0.3333333333333333","0","3","3","false","TOMM40","TOMM40","1445.3333333333333",,"0.012607548",,"0","0","0.00264271756260217","false","0","TOMM40","0"
"0.0","0.0","0.0","0.2","0","5","5","false","THEM6","THEM6","1025.6",,"0.017085938",,"0","0","0.00742560645355296","false","0","THEM6","0"
"0.0","0.0","0.0","0.0","0","1","1","false","COX4I1","COX4I1","2283.0",,"5.79087E-4",,"0","0","1.92576187954359E-4","false","0","COX4I1","0"
"0.0","0.0","0.0","0.3333333333333333","0","3","3","false","JMJD6","JMJD6","1396.6666666666667","0.0016655555000000002","0.002429127","9.01984E-4","0","0","0.00449402460901925","false","0","JMJD6","0"
"0.0","0.0","0.0","0.3333333333333333","0","3","3","false","PSME3","PSME3","1445.3333333333333",,"0.012607548",,"0","0","0.00264271756260217","false","0","PSME3","0"
"0.0","0.0","0.0","0.0","0","1","1","false","POMP","POMP","2283.0",,"5.79087E-4",,"0","0","1.92576187954359E-4","false","0","POMP","0"
"0.0","0.0","0.0","0.08974358974358974","0","13","13","false","SELENOS","SELENOS","387.15384615384613",,"0.002263673",,"0","0","0.0205468146798518","false","0","SELENOS","0"
"0.0","0.0","0.0","0.05","0","25","25","false","PUM3","PUM3","361.16","0.0085253545","0.003983032","0.013067677","0","0","0.0470177424056423","false","0","PUM3","0"
"0.0","0.0","0.0","0.0","0","2","2","false","TCEAL4","TCEAL4","1401.0",,"6.61813E-4",,"0","0","5.48446634453039E-4","false","0","TCEAL4","0"
"0.0","0.0","0.0","0.25","0","5","5","false","ZNF586","ZNF586","1010.8","0.0015798848355393779","8.27266710787558E-5","0.003077043","0","0","0.00396516758862777","false","0","ZNF586","0"
"0.0","0.0","0.0","0.0","0","2","2","false","BOLA1","BOLA1","1501.0","4.899845E-4","5.79087E-4","4.00882E-4","0","0","3.61080352414424E-4","false","0","BOLA1","0"
"0.0","0.0","0.0","0.0","0","2","2","false","TBRG4","TBRG4","1401.0",,"6.61813E-4",,"0","0","5.48446634453039E-4","false","0","TBRG4","0"
"0.0","0.0","0.0","0.5","0","2","2","false","KLC4","KLC4","1330.0",,"0.002263673",,"0","0","0.00404608233727145","false","0","KLC4","0"
"0.0","0.0","0.0","0.0","0","7","7","false","NT5DC1","NT5DC1","733.1428571428571","0.0020679749999999997","0.003534627","6.01323E-4","0","0","0.00173965049125187","false","0","NT5DC1","0"
"0.0","0.0","0.0","0.2","0","5","5","false","ICAM1","ICAM1","1125.0","0.0010324499999999999","6.61813E-4","0.001403087","0","0","0.00588077579704455","false","0","ICAM1","0"
"0.0","0.0","0.0","0.13333333333333333","0","6","6","false","NUP50","NUP50","676.0","0.0058994005000000006","0.011197478","6.01323E-4","0","0","0.00556856698810173","false","0","NUP50","0"
"0.0","0.0","0.0","0.0","0","4","4","false","SH2D3C","SH2D3C","765.25","5.13854E-4","8.27267E-4","2.00441E-4","0","0","0.00111575538648463","false","0","SH2D3C","0"
"0.0","0.0","0.0","0.23333333333333334","0","6","6","false","NECAP1","NECAP1","871.6666666666666",,,"0.017806208","0","0","0.0063805558713906","false","0","NECAP1","0"
"0.0","0.0","0.0","1.0","0","2","2","false","DPP9","DPP9","1908.5",,"0.012359368",,"0","0","0.00229726692793498","false","0","DPP9","0"
"0.0","0.0","0.0","0.11904761904761904","0","7","7","false","HNRNPC","HNRNPC","629.2857142857143","0.0101190055","0.019736909","5.01102E-4","0","0","0.00756905472562199","false","0","HNRNPC","0"
"0.0","0.0","0.0","0.25","0","4","4","false","ZNF787","ZNF787","1148.25",,"0.012607548",,"0","0","0.00579391387771118","false","0","ZNF787","0"
"0.0","0.0","0.0","0.0","0","1","1","false","PFDN2","PFDN2","2283.0",,"5.79087E-4",,"0","0","1.92576187954359E-4","false","0","PFDN2","0"
"0.0","0.0","0.0","0.5","0","2","2","false","CBARP","CBARP","1362.5",,,"0.003960785","0","0","0.00102276639207848","false","0","CBARP","0"
"0.0","0.0","0.0","0.5","0","2","2","false","MRPS5","MRPS5","1330.0",,"0.002263673",,"0","0","0.00404608233727145","false","0","MRPS5","0"
"0.0","0.0","0.0","0.5","0","3","3","false","APOL1","APOL1","1051.0","5.16225E-4","3.30907E-4","7.01543E-4","0","0","0.00325368795218962","false","0","APOL1","0"
"0.0","0.0","0.0","0.0","0","1","1","false","CHAC2","CHAC2","2283.0",,"5.79087E-4",,"0","0","1.92576187954359E-4","false","0","CHAC2","0"
"0.0","0.0","0.0","0.1","0","5","5","false","CYP4F12","CYP4F12","973.0","0.002174463","0.004148485","2.00441E-4","0","0","0.00280772807067172","false","0","CYP4F12","0"
"0.0","0.0","0.0","0.5","0","2","2","false","NDUFS6","NDUFS6","1330.0",,"0.002263673",,"0","0","0.00404608233727145","false","0","NDUFS6","0"
"0.0","0.0","0.0","0.1","0","6","6","false","AGAP4","AGAP4","819.0","6.96801E-4","9.9272E-4","4.00882E-4","0","0","0.00756034139502478","false","0","AGAP4","0"
"0.0","0.0","0.0","0.09523809523809523","0","7","7","false","PNN","PNN","690.0","0.011940510000000001","0.019920235","0.003960785","0","0","0.00473323357780158","false","0","PNN","0"
"0.0","0.0","0.0","0.0","0","1","1","false","ALDH1L1","ALDH1L1","2283.0",,"5.79087E-4",,"0","0","1.92576187954359E-4","false","0","ALDH1L1","0"
"0.0","0.0","0.0","0.5","0","3","3","false","COMMD10","COMMD10","1358.0",,"0.012359368",,"0","0","0.00544846324304398","false","0","COMMD10","0"
"0.0","0.0","0.0","0.1","0","5","5","false","RBBP8","RBBP8","725.0","0.002700031","2.4818E-4","0.005151882","0","0","0.00371032890209821","false","0","RBBP8","0"
"0.0","0.0","0.0","0.0","0","2","2","false","NTMT1","NTMT1","1401.0",,"6.61813E-4",,"0","0","5.48446634453039E-4","false","0","NTMT1","0"
"0.0","0.0","0.0","0.0","0","4","4","false","EIF3M","EIF3M","884.25",,"9.09993E-4",,"0","0","9.04317080951718E-4","false","0","EIF3M","0"
"0.0","0.0","0.0","0.0","0","3","3","false","MAGT1","MAGT1","1009.6666666666666","5.90205E-4","5.79087E-4","6.01323E-4","0","0","8.85454963373168E-4","false","0","MAGT1","0"
"0.0","0.0","0.0","0.5","0","2","2","false","SUV39H2","SUV39H2","1330.0",,"0.002263673",,"0","0","0.00404608233727145","false","0","SUV39H2","0"
"0.0","0.0","0.0","0.0","0","3","3","false","LIME1","LIME1","1114.0","4.3987400000000004E-4","5.79087E-4","3.00661E-4","0","0","6.44734728430218E-4","false","0","LIME1","0"
"0.0","0.0","0.0","0.0","0","3","3","false","NDRG1","NDRG1","988.0",,,"0.002876602","0","0","8.85454963373168E-4","false","0","NDRG1","0"
"0.0","0.0","0.0","0.3333333333333333","0","3","3","false","DPH3","DPH3","1445.3333333333333",,"0.012607548",,"0","0","0.00264271756260217","false","0","DPH3","0"
"0.0","0.0","0.0","0.0","0","2","2","false","ATP6V0D1","ATP6V0D1","1401.0",,"6.61813E-4",,"0","0","5.48446634453039E-4","false","0","ATP6V0D1","0"
"0.0","0.0","0.0","0.0","0","2","2","false","GPATCH4","GPATCH4","1401.0",,"6.61813E-4",,"0","0","5.48446634453039E-4","false","0","GPATCH4","0"
"0.0","0.0","0.0","0.039525691699604744","0","24","24","false","SEC61B","SEC61B","283.8695652173913","0.0049928325","3.30907E-4","0.009654758","0","1","0.0339046491870457","false","0","SEC61B","0"
"2.7746380196170013","2.219528764726676","0.36040737311674104","0.0014650872817955113","6","403","6","false","CASZ1","CASZ1","23.77057356608479","0.686428678","0.031661695","1.341195661","397","0","0.785130719089131","false","1","CASZ1","754245338"
"0.0","0.0","0.0","1.0","0","2","2","false","PSMD6","PSMD6","1908.5",,"0.012359368",,"0","0","0.00229726692793498","false","0","PSMD6","0"
"2.0676085941148994","69.60680848785167","0.48365053368724237","0.0018208788880080997","4","1260","4","false","NFIB","NFIB","21.808407437348425","2.2613606610000003","3.098591497","1.424129825","1256","23","6.24600409230827","false","0","NFIB","21482525354"
"0.0","0.0","0.0","0.13333333333333333","0","10","10","false","CCNL2","CCNL2","815.0","0.0117843335","0.023067565","5.01102E-4","0","0","0.0124126948489874","false","0","CCNL2","0"
"0.0","0.0","0.0","0.25","0","4","4","false","UNC5B","UNC5B","1199.5","0.0016864809999999999","4.9636E-4","0.002876602","0","0","0.00358647512823621","false","0","UNC5B","0"
"0.0","0.0","0.0","0.08333333333333333","0","4","4","false","METTL13","METTL13","813.25","6.40315E-4","5.79087E-4","7.01543E-4","0","0","0.00126348662702143","false","0","METTL13","0"
"0.0","0.0","0.0","0.16666666666666666","0","3","3","false","MAP3K8","MAP3K8","1094.6666666666667",,,"0.009654758","0","0","0.00228460346931439","false","0","MAP3K8","0"
"0.0","0.0","0.0","0.5","0","2","2","false","NDUFB8","NDUFB8","1330.0",,"0.002263673",,"0","0","0.00404608233727145","false","0","NDUFB8","0"
"0.0","0.0","0.0","0.0","0","3","3","false","ENSG00000234338.1","ENSG00000234338.1","1228.6666666666667","4.3987400000000004E-4","5.79087E-4","3.00661E-4","0","0","6.44734728430218E-4","false","0","ENSG00000234338.1","0"
"2.137902849135918","10.93255978460973","0.46774810202632583","0.0010490631572591172","5","1538","10","false","SAFB","SAFB","15.115384615384615","5.5296255015","8.62028458","2.438966423","1528","4","5.26257846618331","false","0","SAFB","3313152368"
"0.0","0.0","0.0","0.0","0","1","1","false","MFF","MFF","2283.0",,"5.79087E-4",,"0","0","1.92576187954359E-4","false","0","MFF","0"
"0.0","0.0","0.0","0.05","0","5","5","false","LINC01119","LINC01119","939.6","4.899845E-4","5.79087E-4","4.00882E-4","0","0","0.00257346775124593","false","0","LINC01119","0"
"0.0","0.0","0.0","0.5","0","2","2","false","UGP2","UGP2","1330.0",,"0.002263673",,"0","0","0.00404608233727145","false","0","UGP2","0"
"0.0","0.0","0.0","0.16666666666666666","0","4","4","false","JADE2","JADE2","865.0","0.0021418465","0.003983032","3.00661E-4","0","0","0.00116719853304425","false","0","JADE2","0"
"0.0","0.0","0.0","0.1","0","5","5","false","HAUS5","HAUS5","1099.2","0.006303774","0.012607548","0.0","0","0","0.00244169906890075","false","0","HAUS5","0"
"0.0","0.0","0.0","0.0","0","2","2","false","FAM86JP","FAM86JP","1349.0",,"7.4454E-4",,"0","0","2.40720234942949E-4","false","0","FAM86JP","0"
"0.0","0.0","0.0","0.0","0","3","3","false","SEMA6A-AS1","SEMA6A-AS1","1324.3333333333333","4.899845E-4","5.79087E-4","4.00882E-4","0","0","3.61080352414424E-4","false","0","SEMA6A-AS1","0"
"0.0","0.0","0.0","0.0","0","1","1","false","COMMD1","COMMD1","2283.0",,"5.79087E-4",,"0","0","1.92576187954359E-4","false","0","COMMD1","0"
"0.0","0.0","0.0","0.03333333333333333","0","6","6","false","RBM25","RBM25","707.3333333333334","0.0072726245","0.014344808","2.00441E-4","0","0","0.0049476992998012","false","0","RBM25","0"
"0.0","0.0","0.0","0.14285714285714285","0","8","8","false","ALG2","ALG2","883.25","0.012376754","0.019672055","0.005081453","0","0","0.00973178681130428","false","0","ALG2","0"
"0.0","0.0","0.0","1.0","0","2","2","false","CYCS","CYCS","1908.5",,"0.012359368",,"0","0","0.00229726692793498","false","0","CYCS","0"
"0.0","0.0","0.0","0.19444444444444445","0","9","9","false","FLYWCH1","FLYWCH1","860.7777777777778","0.024630001000000002","0.048959341","3.00661E-4","0","0","0.0137865824791729","false","0","FLYWCH1","0"
"0.0","0.0","0.0","0.05411255411255411","0","23","23","false","CORO1C","CORO1C","399.59090909090907","0.0072325285","0.004810299","0.009654758","0","1","0.0415556171826446","false","0","CORO1C","0"
"0.0","0.0","0.0","0.0","0","3","3","false","PPP1R14B","PPP1R14B","985.0",,"7.4454E-4",,"0","0","0.0021372001850765","false","0","PPP1R14B","0"
"0.0","0.0","0.0","0.0","0","2","2","false","DCTN2","DCTN2","1401.0",,"6.61813E-4",,"0","0","5.48446634453039E-4","false","0","DCTN2","0"
"0.0","0.0","0.0","0.1","0","5","5","false","ENSG00000260855.1","ENSG00000260855.1","1188.4","0.0075576505000000006","0.014513978","6.01323E-4","0","0","0.00553037651302082","false","0","ENSG00000260855.1","0"
"0.0","0.0","0.0","0.0","0","1","1","false","GNG5","GNG5","2283.0",,"5.79087E-4",,"0","0","1.92576187954359E-4","false","0","GNG5","0"
"0.0","0.0","0.0","0.0","0","1","1","false","CLTB","CLTB","2283.0",,"5.79087E-4",,"0","0","1.92576187954359E-4","false","0","CLTB","0"
"0.0","0.0","0.0","0.0","0","1","1","false","CKAP5","CKAP5","2283.0",,"5.79087E-4",,"0","0","1.92576187954359E-4","false","0","CKAP5","0"
"0.0","0.0","0.0","0.0","0","1","1","false","CSTF3","CSTF3","2283.0",,"5.79087E-4",,"0","0","1.92576187954359E-4","false","0","CSTF3","0"
"0.0","0.0","0.0","0.0","0","1","1","false","AURKAIP1","AURKAIP1","2283.0",,"5.79087E-4",,"0","0","1.92576187954359E-4","false","0","AURKAIP1","0"
"0.0","0.0","0.0","0.1","0","6","6","false","ZNF594-DT","ZNF594-DT","781.6666666666666","6.22821E-4","7.4454E-4","5.01102E-4","0","0","0.00435454111741002","false","0","ZNF594-DT","0"
"0.0","0.0","0.0","0.2","0","5","5","false","RNGTT","RNGTT","858.8","4.33498E-4","1.65453E-4","7.01543E-4","0","0","0.00377681255354694","false","0","RNGTT","0"
"0.0","0.0","0.0","1.0","0","2","2","false","CDC26","CDC26","1908.5",,"0.012359368",,"0","0","0.00229726692793498","false","0","CDC26","0"
"0.0","0.0","0.0","0.16666666666666666","0","3","3","false","ENSG00000177359.21","ENSG00000177359.21","1059.6666666666667",,"0.002429127",,"0","0","0.00439153297193864","false","0","ENSG00000177359.21","0"
"0.0","0.0","0.0","0.5","0","3","3","false","TALDO1","TALDO1","1358.0",,"0.012359368",,"0","0","0.00544846324304398","false","0","TALDO1","0"
"0.0","0.0","0.0","1.0","0","2","2","false","MRFAP1","MRFAP1","1908.5",,"0.012359368",,"0","0","0.00229726692793498","false","0","MRFAP1","0"
"0.0","0.0","0.0","0.13333333333333333","0","6","6","false","COQ10B","COQ10B","976.5","0.0024926185","0.003983032","0.001002205","0","0","0.00393687441225995","false","0","COQ10B","0"
"0.0","0.0","0.0","0.2","0","5","5","false","FRG1HP","FRG1HP","1016.2","0.010096304","0.019992167","2.00441E-4","0","0","0.00609742400849321","false","0","FRG1HP","0"
"0.0","0.0","0.0","0.16666666666666666","0","3","3","false","UPP1","UPP1","1059.6666666666667",,"0.002429127",,"0","0","0.00439153297193864","false","0","UPP1","0"
"0.0","0.0","0.0","0.16666666666666666","0","3","3","false","APOO","APOO","1025.0",,"0.00259458",,"0","0","0.00419051447823722","false","0","APOO","0"
"0.0","0.0","0.0","0.07241379310344828","0","30","30","false","IL1R1","IL1R1","272.4","0.004868742335539377","8.27266710787558E-5","0.009654758","0","0","0.111440998499978","false","0","IL1R1","0"
"0.0","0.0","0.0","0.0","0","1","1","false","SEMA4A","SEMA4A","2283.0",,"5.79087E-4",,"0","0","1.92576187954359E-4","false","0","SEMA4A","0"
"0.0","0.0","0.0","0.16666666666666666","0","3","3","false","RNA5-8SN1","RNA5-8SN1","1015.0","4.31127E-4","6.61813E-4","2.00441E-4","0","0","0.00209624843423356","false","0","RNA5-8SN1","0"
"0.0","0.0","0.0","0.0","0","4","4","false","ENSG00000285803.1","ENSG00000285803.1","1018.0","4.899845E-4","5.79087E-4","4.00882E-4","0","0","3.61080352414424E-4","false","0","ENSG00000285803.1","0"
"0.0","0.0","0.0","0.0","0","1","1","false","FAM3C","FAM3C","2283.0",,"5.79087E-4",,"0","0","1.92576187954359E-4","false","0","FAM3C","0"
"0.0","0.0","0.0","0.1","0","5","5","false","STX12","STX12","740.8","0.0058994005000000006","0.011197478","6.01323E-4","0","0","0.00378749362193764","false","0","STX12","0"
"0.0","0.0","0.0","1.0","0","2","2","false","RPF2","RPF2","1908.5",,"0.012359368",,"0","0","0.00229726692793498","false","0","RPF2","0"
"0.0","0.0","0.0","0.1","0","6","6","false","TGM1","TGM1","802.6666666666666","9.059885E-4","9.09993E-4","9.01984E-4","0","0","0.00437788564442131","false","0","TGM1","0"
"0.0","0.0","0.0","1.0","0","2","2","false","FITM2","FITM2","1908.5",,"0.012359368",,"0","0","0.00229726692793498","false","0","FITM2","0"
"0.0","0.0","0.0","1.0","0","2","2","false","TAF13","TAF13","1908.5",,"0.012359368",,"0","0","0.00229726692793498","false","0","TAF13","0"
"0.0","0.0","0.0","0.25","0","4","4","false","PFDN6","PFDN6","1148.25",,"0.012607548",,"0","0","0.00579391387771118","false","0","PFDN6","0"
"2.671882297991593","2.9302426272612454","0.37426798356786994","0.0030984348931437197","5","623","2","false","MEF2A","MEF2A","27.923577235772356","0.9719960270000001","1.416102605","0.527889449","621","8","2.07823530982931","false","0","MEF2A","1076888280"
"0.0","0.0","0.0","0.022486772486772486","0","29","29","false","GPR75","GPR75","291.89285714285717","0.004910105499999999","1.65453E-4","0.009654758","0","1","0.0282415054703466","false","0","GPR75","0"
"0.0","0.0","0.0","0.017016317016317017","0","67","67","false","NR4A3","NR4A3","169.12121212121212","0.005060436","1.65453E-4","0.009955419","0","1","0.157704160177766","false","0","NR4A3","0"
"0.0","0.0","0.0","0.0","0","4","4","false","CPT1B","CPT1B","712.75",,"6.61813E-4",,"0","0","0.00112419769223169","false","0","CPT1B","0"
"0.0","0.0","0.0","0.08333333333333333","0","4","4","false","HEBP1","HEBP1","904.25","0.001232057","0.002263673","2.00441E-4","0","0","0.00463647435975512","false","0","HEBP1","0"
"0.0","0.0","0.0","0.35","0","5","5","false","SMNDC1","SMNDC1","968.8","0.0017278444999999998","5.79087E-4","0.002876602","0","0","0.00578224894042374","false","0","SMNDC1","0"
"0.0","0.0","0.0","0.5","0","2","2","false","DNAJC27-AS1","DNAJC27-AS1","1330.0",,"0.002263673",,"0","0","0.00404608233727145","false","0","DNAJC27-AS1","0"
"0.0","0.0","0.0","0.06666666666666667","0","10","10","false","HDAC10","HDAC10","603.9","0.002906252","0.004810299","0.001002205","0","0","0.00684214547065573","false","0","HDAC10","0"
"0.0","0.0","0.0","0.5","0","3","3","false","SAMM50","SAMM50","1410.6666666666667","5.226005E-4","7.4454E-4","3.00661E-4","0","0","0.00310925581122385","false","0","SAMM50","0"
"0.0","0.0","0.0","0.1111111111111111","0","9","9","false","NCAPH2","NCAPH2","860.3333333333334","0.0232388315","0.039250943","0.00722672","0","0","0.0108510358541794","false","0","NCAPH2","0"
"0.0","0.0","0.0","0.0","0","1","1","false","LINC00327","LINC00327","2283.0",,"5.79087E-4",,"0","0","1.92576187954359E-4","false","0","LINC00327","0"
"0.0","0.0","0.0","0.08928571428571429","0","8","8","false","HSBP1","HSBP1","668.5",,"0.012607548",,"0","0","0.00690941289178207","false","0","HSBP1","0"
"0.0","0.0","0.0","0.0","0","2","2","false","ENSG00000235288.3","ENSG00000235288.3","1401.0",,"6.61813E-4",,"0","0","5.48446634453039E-4","false","0","ENSG00000235288.3","0"
"0.0","0.0","0.0","0.16666666666666666","0","4","4","false","MRI1","MRI1","1081.25","3.7227E-4","7.4454E-4","0.0","0","0","0.00269158910607377","false","0","MRI1","0"
"0.0","0.0","0.0","0.4166666666666667","0","4","4","false","ARHGAP5","ARHGAP5","1344.75","0.0026382065","0.004975752","3.00661E-4","0","0","0.00433891139966279","false","0","ARHGAP5","0"
"0.0","0.0","0.0","0.0","0","1","1","false","HOXA11-AS","HOXA11-AS","2283.0",,"5.79087E-4",,"0","0","1.92576187954359E-4","false","0","HOXA11-AS","0"
"0.0","0.0","0.0","0.13333333333333333","0","6","6","false","PARP3","PARP3","859.5","0.0016276239999999998","5.79087E-4","0.002676161","0","0","0.00525140952980237","false","0","PARP3","0"
"0.0","0.0","0.0","0.0","0","3","3","false","TMEM250","TMEM250","1019.6666666666666",,"6.61813E-4",,"0","0","0.00220420634964364","false","0","TMEM250","0"
"0.0","0.0","0.0","0.20833333333333334","0","9","9","false","CEP192","CEP192","735.0","0.024881051499999998","0.046484619","0.003277484","0","0","0.0156369056566933","false","0","CEP192","0"
"0.0","0.0","0.0","0.3333333333333333","0","3","3","false","PGAM5","PGAM5","1445.3333333333333",,"0.012607548",,"0","0","0.00264271756260217","false","0","PGAM5","0"
"0.0","0.0","0.0","0.08333333333333333","0","4","4","false","CDADC1","CDADC1","762.0","6.40315E-4","5.79087E-4","7.01543E-4","0","0","0.00126348662702143","false","0","CDADC1","0"
"0.0","0.0","0.0","0.06091954022988506","0","30","30","false","DTNBP1","DTNBP1","408.76666666666665","0.0190324435","0.032441695","0.005623192","0","0","0.0965604919204086","false","0","DTNBP1","0"
"0.0","0.0","0.0","0.0","0","1","1","false","CHKB-CPT1B","CHKB-CPT1B","2283.0",,"5.79087E-4",,"0","0","1.92576187954359E-4","false","0","CHKB-CPT1B","0"
"0.0","0.0","0.0","0.0","0","4","4","false","MAILR","MAILR","844.75",,"7.4454E-4",,"0","0","0.00253079486673228","false","0","MAILR","0"
"0.0","0.0","0.0","0.06666666666666667","0","6","6","false","CROCC","CROCC","725.5","0.0010125849999999999","0.001323627","7.01543E-4","0","0","0.00512833952561798","false","0","CROCC","0"
"0.0","0.0","0.0","0.0","0","3","3","false","TAGAP-AS1","TAGAP-AS1","1072.3333333333333",,"8.27267E-4",,"0","0","6.44734728430218E-4","false","0","TAGAP-AS1","0"
"0.0","0.0","0.0","0.08333333333333333","0","4","4","false","ROGDI","ROGDI","834.5","0.0066020639999999995","0.013103908","1.0022E-4","0","0","0.00316089351460296","false","0","ROGDI","0"
"0.0","0.0","0.0","0.23333333333333334","0","6","6","false","AP3M2","AP3M2","965.5","0.0105758605","0.020650619","5.01102E-4","0","0","0.00951018995049908","false","0","AP3M2","0"
"0.0","0.0","0.0","0.046546546546546545","0","37","37","false","ARPP19","ARPP19","265.1621621621622","7.818985E-4","6.61813E-4","9.01984E-4","0","0","0.10058739658511","false","0","ARPP19","0"
"0.0","0.0","0.0","0.022222222222222223","0","45","45","false","GABARAPL1","GABARAPL1","222.6888888888889","0.005722829","0.011445658","0.0","0","0","0.0802263689048883","false","0","GABARAPL1","0"
"0.0","0.0","0.0","0.023809523809523808","0","7","7","false","AGBL1","AGBL1","398.57142857142856",,"6.61813E-4",,"0","0","0.00404311607814481","false","0","AGBL1","0"
"0.0","0.0","0.0","0.0","0","2","2","false","ENSG00000281571.2","ENSG00000281571.2","1349.0",,"7.4454E-4",,"0","0","2.40720234942949E-4","false","0","ENSG00000281571.2","0"
"0.0","0.0","0.0","0.16666666666666666","0","4","4","false","RPS4Y1","RPS4Y1","811.0",,,"0.002876602","0","0","0.0024982854216364","false","0","RPS4Y1","0"
"0.0","0.0","0.0","0.06666666666666667","0","6","6","false","NGDN","NGDN","681.3333333333334","0.008537106000000001","0.016172228","9.01984E-4","0","0","0.00548645361890576","false","0","NGDN","0"
"0.0","0.0","0.0","0.2","0","5","5","false","DHX58","DHX58","992.8","6.291965E-4","0.001158173","1.0022E-4","0","0","0.00400909048274283","false","0","DHX58","0"
"0.0","0.0","0.0","0.08333333333333333","0","9","9","false","SMARCD2","SMARCD2","564.1111111111111","0.006530455500000001","0.012359368","7.01543E-4","0","0","0.00914712720785476","false","0","SMARCD2","0"
"0.0","0.0","0.0","0.5","0","2","2","false","ENSG00000283175.1","ENSG00000283175.1","1330.0",,"0.002263673",,"0","0","0.00404608233727145","false","0","ENSG00000283175.1","0"
"0.0","0.0","0.0","0.5","0","3","3","false","ARPC1B","ARPC1B","1303.3333333333333","3.89764E-4","5.79087E-4","2.00441E-4","0","0","0.00266329592970595","false","0","ARPC1B","0"
"0.0","0.0","0.0","0.0","0","1","1","false","ENSG00000288849.1","ENSG00000288849.1","2283.0",,"5.79087E-4",,"0","0","1.92576187954359E-4","false","0","ENSG00000288849.1","0"
"0.0","0.0","0.0","0.3333333333333333","0","3","3","false","ZNF346","ZNF346","1020.3333333333334","0.0013322775","0.002263673","4.00882E-4","0","0","0.00517522867885968","false","0","ZNF346","0"
"0.0","0.0","0.0","0.03333333333333333","0","6","6","false","SMARCD3","SMARCD3","996.1666666666666","0.00750754","0.014513978","5.01102E-4","0","0","0.00424413457184623","false","0","SMARCD3","0"
"0.0","0.0","0.0","0.16666666666666666","0","6","6","false","DYRK3","DYRK3","1053.0","0.008375121","0.011197478","0.005552764","0","0","0.00834780178318649","false","0","DYRK3","0"
"0.0","0.0","0.0","0.0","0","2","2","false","RIPOR3","RIPOR3","1419.0",,"5.79087E-4",,"0","0","2.40720234942949E-4","false","0","RIPOR3","0"
"0.0","0.0","0.0","0.0","0","3","3","false","ZMYM5","ZMYM5","1053.3333333333333","0.0016276239999999998","5.79087E-4","0.002676161","0","0","0.00118276155105177","false","0","ZMYM5","0"
"0.0","0.0","0.0","0.2","0","5","5","false","MAPKAPK5","MAPKAPK5","1158.8","0.0021418465","0.003983032","3.00661E-4","0","0","0.00328198112855744","false","0","MAPKAPK5","0"
"0.0","0.0","0.0","0.3333333333333333","0","3","3","false","LOXL2","LOXL2","1031.0","5.400945E-4","5.79087E-4","5.01102E-4","0","0","0.0020523255401185","false","0","LOXL2","0"
"0.0","0.0","0.0","0.08333333333333333","0","4","4","false","NDST1","NDST1","995.0",,"9.9272E-4",,"0","0","0.00126348662702143","false","0","NDST1","0"
"0.0","0.0","0.0","0.0","0","3","3","false","SLC38A2","SLC38A2","932.6666666666666","2.895435E-4","5.79087E-4","0.0","0","0","1.92576187954359E-4","false","0","SLC38A2","0"
"0.0","0.0","0.0","0.26666666666666666","0","6","6","false","MACROH2A2","MACROH2A2","1041.6666666666667","0.0130683565","9.9272E-4","0.025143993","0","0","0.00936575780953332","false","0","MACROH2A2","0"
"0.0","0.0","0.0","0.09523809523809523","0","7","7","false","PPP4R1L","PPP4R1L","566.7142857142857","0.0054926555000000005","0.010283768","7.01543E-4","0","0","0.006491746186632","false","0","PPP4R1L","0"
"0.0","0.0","0.0","0.16666666666666666","0","3","3","false","XRCC3","XRCC3","865.3333333333334","0.0025554799999999997","0.004810299","3.00661E-4","0","0","0.00214017132834862","false","0","XRCC3","0"
"0.0","0.0","0.0","0.0","0","2","2","false","RBBP9","RBBP9","1226.5",,"5.79087E-4",,"0","0","3.85152375908719E-4","false","0","RBBP9","0"
"0.0","0.0","0.0","0.1","0","6","6","false","PNPLA8","PNPLA8","704.6666666666666","0.0023705304999999998","6.61813E-4","0.004079248","0","0","0.00403243500975412","false","0","PNPLA8","0"
"0.0","0.0","0.0","0.16666666666666666","0","3","3","false","TNRC6A","TNRC6A","1056.6666666666667",,"0.001075447",,"0","0","0.0014079187679872","false","0","TNRC6A","0"
"0.0","0.0","0.0","0.16666666666666666","0","7","7","false","POT1","POT1","868.5714285714286","0.011114596","0.018751267","0.003477925","0","0","0.00687043864702356","false","0","POT1","0"
"0.0","0.0","0.0","0.35","0","5","5","false","CHD8","CHD8","1266.6","0.017361239","0.034020935","7.01543E-4","0","0","0.00846888939714097","false","0","CHD8","0"
"0.0","0.0","0.0","0.16666666666666666","0","4","4","false","KIF3A","KIF3A","1171.75","4.3987400000000004E-4","5.79087E-4","3.00661E-4","0","0","0.00229726692793498","false","0","KIF3A","0"
"0.0","0.0","0.0","0.2","0","6","6","false","RNF144B","RNF144B","888.1666666666666","0.007290613999999999","0.009618238","0.00496299","0","0","0.00802292951562307","false","0","RNF144B","0"
"0.0","0.0","0.0","0.03515263644773358","0","48","48","false","PIM1","PIM1","240.27659574468086","0.0098538775","0.006640078","0.013067677","0","1","0.123695042887698","false","0","PIM1","0"
"0.0","0.0","0.0","0.017857142857142856","0","8","8","false","DTWD1","DTWD1","621.25","8.97242E-4","9.9272E-4","8.01764E-4","0","0","0.00664289461552866","false","0","DTWD1","0"
"0.0","0.0","0.0","0.0","0","3","3","false","RGS9","RGS9","1148.0",,"9.9272E-4",,"0","0","9.81743057350348E-4","false","0","RGS9","0"
"0.0","0.0","0.0","0.08333333333333333","0","4","4","false","THBS1","THBS1","838.25","0.004827379","0.0","0.009654758","0","0","0.00235681953979727","false","0","THBS1","0"
"0.0","0.0","0.0","0.5","0","2","2","false","ATG2A","ATG2A","1645.5",,"0.003983032",,"0","0","8.30190204124117E-4","false","0","ATG2A","0"
"0.0","0.0","0.0","0.125","0","8","8","false","TPM4","TPM4","944.875","0.0125360585","0.019920235","0.005151882","0","0","0.00889150475164759","false","0","TPM4","0"
"0.0","0.0","0.0","0.0","0","2","2","false","TPO","TPO","1238.5",,"5.79087E-4",,"0","0","1.92576187954359E-4","false","0","TPO","0"
"0.0","0.0","0.0","0.11904761904761904","0","7","7","false","SERF2","SERF2","774.5714285714286","0.005391343","8.27267E-4","0.009955419","0","0","0.0088260049690956","false","0","SERF2","0"
"0.0","0.0","0.0","0.11904761904761904","0","7","7","false","NAB2","NAB2","933.1428571428571","0.007939024499999999","0.011197478","0.004680571","0","0","0.00903870305252086","false","0","NAB2","0"
"0.0","0.0","0.0","0.02832512315270936","0","30","30","false","TLNRD1","TLNRD1","266.48275862068965","0.006575201835539377","8.27266710787558E-5","0.013067677","0","1","0.0420870549161608","false","0","TLNRD1","0"
"0.0","0.0","0.0","0.2","0","5","5","false","CDC42EP5","CDC42EP5","1183.4","0.00651643","0.007880978","0.005151882","0","0","0.00663617832759777","false","0","CDC42EP5","0"
"0.0","0.0","0.0","0.16666666666666666","0","3","3","false","KCNC4","KCNC4","1198.6666666666667",,"9.9272E-4",,"0","0","0.00131163067401002","false","0","KCNC4","0"
"0.0","0.0","0.0","0.16666666666666666","0","6","6","false","ESCO1","ESCO1","695.3333333333334","0.0080744595","0.011197478","0.004951441","0","0","0.00707917194998903","false","0","ESCO1","0"
"0.0","0.0","0.0","0.2","0","5","5","false","PPM1H","PPM1H","1035.4","0.009354135","0.018006727","7.01543E-4","0","0","0.00842396798169275","false","0","PPM1H","0"
"0.0","0.0","0.0","0.3333333333333333","0","3","3","false","SH3GL1","SH3GL1","1045.6666666666667","0.002063119","1.65453E-4","0.003960785","0","0","0.0030526694584882","false","0","SH3GL1","0"
"0.0","0.0","0.0","0.5","0","2","2","false","C2CD5","C2CD5","1295.5","3.89764E-4","5.79087E-4","2.00441E-4","0","0","0.00212454161060139","false","0","C2CD5","0"
"0.0","0.0","0.0","0.25","0","4","4","false","BCL10","BCL10","1130.25",,,"0.009955419","0","0","0.00326931766993685","false","0","BCL10","0"
"0.0","0.0","0.0","0.25","0","5","5","false","TERF1","TERF1","1078.8","6.40315E-4","5.79087E-4","7.01543E-4","0","0","0.00501714921037658","false","0","TERF1","0"
"0.0","0.0","0.0","0.08333333333333333","0","4","4","false","FAM120B","FAM120B","741.0","5.226005E-4","7.4454E-4","3.00661E-4","0","0","0.00270227017446446","false","0","FAM120B","0"
"0.0","0.0","0.0","0.0","0","2","2","false","ARHGEF11","ARHGEF11","1627.0",,"5.79087E-4",,"0","0","1.92576187954359E-4","false","0","ARHGEF11","0"
"0.0","0.0","0.0","0.03447420634920635","0","66","66","false","CCN1","CCN1","237.359375","0.0090685575","3.30907E-4","0.017806208","0","2","0.198014956786696","false","0","CCN1","0"
"0.0","0.0","0.0","0.1","0","6","6","false","ADAM15","ADAM15","806.3333333333334","0.006124668999999999","0.00259458","0.009654758","0","0","0.00565146412697531","false","0","ADAM15","0"
"0.0","0.0","0.0","0.21428571428571427","0","7","7","false","GPR17","GPR17","907.5714285714286","0.0042912605000000005","0.007880978","7.01543E-4","0","0","0.00908184217695832","false","0","GPR17","0"
"0.0","0.0","0.0","0.03333333333333333","0","6","6","false","CETN3","CETN3","648.1666666666666","0.0015653350000000002","0.002429127","7.01543E-4","0","0","0.00250125168076304","false","0","CETN3","0"
"0.0","0.0","0.0","0.3333333333333333","0","3","3","false","FANCL","FANCL","1418.3333333333333","4.899845E-4","5.79087E-4","4.00882E-4","0","0","0.00264271756260217","false","0","FANCL","0"
"0.0","0.0","0.0","0.14285714285714285","0","8","8","false","GUK1","GUK1","742.25","0.011293953","6.61813E-4","0.021926093","0","0","0.00853042439923317","false","0","GUK1","0"
"0.0","0.0","0.0","0.05454545454545454","0","11","11","false","STOM","STOM","522.4545454545455",,,"0.017806208","0","0","0.00806190376038159","false","0","STOM","0"
"0.0","0.0","0.0","0.11904761904761904","0","7","7","false","PRDM8","PRDM8","776.2857142857143","0.0071768645","5.79087E-4","0.013774642","0","0","0.00595794051688398","false","0","PRDM8","0"
"0.0","0.0","0.0","0.25","0","4","4","false","PITPNC1","PITPNC1","924.0","0.004910105499999999","1.65453E-4","0.009654758","0","0","0.00487271706941081","false","0","PITPNC1","0"
"0.0","0.0","0.0","0.16666666666666666","0","4","4","false","PCYOX1L","PCYOX1L","932.25",,"0.00259458",,"0","0","0.00381578679830546","false","0","PCYOX1L","0"
"0.0","0.0","0.0","0.12222222222222222","0","10","10","false","STX16","STX16","887.1","0.013209882499999999","0.013352088","0.013067677","0","0","0.011977215936641","false","0","STX16","0"
"0.0","0.0","0.0","0.06666666666666667","0","6","6","false","SMG1","SMG1","648.3333333333334","0.008164836","0.015427688","9.01984E-4","0","0","0.00528543512520434","false","0","SMG1","0"
"0.0","0.0","0.0","0.08928571428571429","0","8","8","false","ANKRD9","ANKRD9","539.125","0.004910105499999999","1.65453E-4","0.009654758","0","0","0.00681385229428791","false","0","ANKRD9","0"
"0.0","0.0","0.0","0.35714285714285715","0","7","7","false","LUC7L2","LUC7L2","1256.4285714285713",,"0.054534767",,"0","0","0.0135232452137017","false","0","LUC7L2","0"
"0.0","0.0","0.0","0.019704433497536946","0","29","29","false","CCDC28B","CCDC28B","314.82758620689657","0.002935686","2.4818E-4","0.005623192","0","0","0.0270059173636544","false","0","CCDC28B","0"
"0.0","0.0","0.0","0.09523809523809523","0","7","7","false","TRIM66","TRIM66","679.0","0.00426502","0.008129158","4.00882E-4","0","0","0.00740027953631177","false","0","TRIM66","0"
"0.0","0.0","0.0","0.3","0","5","5","false","SRSF2","SRSF2","1000.2","0.005718245","5.79087E-4","0.010857403","0","0","0.0057129991290675","false","0","SRSF2","0"
"0.0","0.0","0.0","0.1","0","5","5","false","UCK1","UCK1","1090.2","0.0071168825","0.012359368","0.001874397","0","0","0.00340583490241943","false","0","UCK1","0"
"0.0","0.0","0.0","0.16666666666666666","0","7","7","false","LRRC38","LRRC38","860.7142857142857",,"0.017093017",,"0","0","0.00616390765994194","false","0","LRRC38","0"
"0.0","0.0","0.0","0.14285714285714285","0","7","7","false","EIF4A1","EIF4A1","747.5714285714286","0.0066579285","2.4818E-4","0.013067677","0","0","0.00578521519955039","false","0","EIF4A1","0"
"0.0","0.0","0.0","0.25","0","4","4","false","VCAM1","VCAM1","1117.25","0.0017278444999999998","5.79087E-4","0.002876602","0","0","0.00361476830460404","false","0","VCAM1","0"
"3.5865249883232133","14.968871981149146","0.2788214227576103","0.08168498168498169","6","92","47","false","ATF3","ATF3","160.1098901098901","0.0052258895","4.9636E-4","0.009955419","45","1","1.18529641787882","false","0","ATF3","5506234400"
"0.0","0.0","0.0","0.06944444444444445","0","9","9","false","PNP","PNP","549.5555555555555","0.006049731","0.011197478","9.01984E-4","0","0","0.0076569005138521","false","0","PNP","0"
"0.0","0.0","0.0","0.0","0","1","1","false","PLEKHA7","PLEKHA7","2283.0",,"5.79087E-4",,"0","0","1.92576187954359E-4","false","0","PLEKHA7","0"
"0.0","0.0","0.0","0.15","0","5","5","false","TEX2","TEX2","1011.4","0.010003149000000001","0.019906078","1.0022E-4","0","0","0.0056641275855959","false","0","TEX2","0"
"0.0","0.0","0.0","0.06666666666666667","0","6","6","false","PHF8","PHF8","889.1666666666666","0.0027209334999999998","0.005141206","3.00661E-4","0","0","0.0034859658813855","false","0","PHF8","0"
"0.0","0.0","0.0","0.3333333333333333","0","3","3","false","RGS14","RGS14","1367.6666666666667",,"0.012359368",,"0","0","0.00229726692793498","false","0","RGS14","0"
"0.0","0.0","0.0","0.09523809523809523","0","7","7","false","CLIC1","CLIC1","950.1428571428571","0.0044917015000000005","0.007880978","0.001102425","0","0","0.00659225543348271","false","0","CLIC1","0"
"0.0","0.0","0.0","0.04318936877076412","0","45","45","false","ZC3H12A","ZC3H12A","242.41860465116278",,,"0.009955419","0","2","0.111939425786624","false","0","ZC3H12A","0"
"0.0","0.0","0.0","0.0","0","3","3","false","SLN","SLN","998.6666666666666",,"6.61813E-4",,"0","0","5.48446634453039E-4","false","0","SLN","0"
"0.0","0.0","0.0","0.0","0","3","3","false","AMIGO3","AMIGO3","927.6666666666666","4.3987400000000004E-4","5.79087E-4","3.00661E-4","0","0","2.88864281931539E-4","false","0","AMIGO3","0"
"0.0","0.0","0.0","0.08333333333333333","0","4","4","false","NOS3","NOS3","911.0","0.004910105499999999","1.65453E-4","0.009654758","0","0","0.00267397699809664","false","0","NOS3","0"
"0.0","0.0","0.0","0.054945054945054944","0","14","14","false","ZNF483","ZNF483","401.42857142857144",,"0.003983032",,"0","0","0.0182309371226066","false","0","ZNF483","0"
"0.0","0.0","0.0","0.03528528528528529","0","38","38","false","GEM","GEM","256.9189189189189",,,"0.009654758","0","1","0.0703408402738887","false","0","GEM","0"
"0.0","0.0","0.0","0.1111111111111111","0","9","9","false","RHOF","RHOF","698.6666666666666","0.012223313","0.013182918","0.011263708","0","0","0.0115079115281118","false","0","RHOF","0"
"0.0","0.0","0.0","0.03039832285115304","0","54","54","false","OTUD1","OTUD1","224.1851851851852","0.0050190728355393776","8.27266710787558E-5","0.009955419","0","0","0.141968348042738","false","0","OTUD1","0"
"0.0","0.0","0.0","0.06666666666666667","0","6","6","false","SAMD12","SAMD12","726.8333333333334","9.29858E-4","0.001158173","7.01543E-4","0","0","0.00368698437508692","false","0","SAMD12","0"
"0.0","0.0","0.0","0.2","0","6","6","false","AQP3","AQP3","944.3333333333334","0.004137362","0.004313939","0.003960785","0","0","0.00549635091761885","false","0","AQP3","0"
"0.0","0.0","0.0","0.4","0","5","5","false","ZMYND19","ZMYND19","987.6","0.002507741","0.004313939","7.01543E-4","0","0","0.00725684591667916","false","0","ZMYND19","0"
"0.0","0.0","0.0","0.08333333333333333","0","4","4","false","ENSG00000244998.1","ENSG00000244998.1","1245.75","0.0024293879999999998","5.79087E-4","0.004279689","0","0","0.00441685988917982","false","0","ENSG00000244998.1","0"
"0.0","0.0","0.0","0.13333333333333333","0","6","6","false","CCDC66","CCDC66","874.5","0.008893740499999999","0.017085938","7.01543E-4","0","0","0.00656396225711488","false","0","CCDC66","0"
"0.0","0.0","0.0","0.4","0","5","5","false","NDST2","NDST2","950.0","0.0079800135","0.011197478","0.004762549","0","0","0.00737793353063365","false","0","NDST2","0"
"0.0","0.0","0.0","0.5","0","2","2","false","HOXC9","HOXC9","1452.0",,"8.27267E-4",,"0","0","0.00473994986573247","false","0","HOXC9","0"
"0.0","0.0","0.0","0.26666666666666666","0","6","6","false","AMIGO1","AMIGO1","1034.8333333333333","0.006554325","0.012607548","5.01102E-4","0","0","0.00713299214281717","false","0","AMIGO1","0"
"0.0","0.0","0.0","0.03333333333333333","0","6","6","false","WASH6P","WASH6P","634.6666666666666","4.899845E-4","5.79087E-4","4.00882E-4","0","0","0.00107091043906707","false","0","WASH6P","0"
"0.0","0.0","0.0","0.09523809523809523","0","7","7","false","PPOX","PPOX","763.7142857142857","0.0027891335","8.27267E-4","0.004751","0","0","0.00659225543348271","false","0","PPOX","0"
"0.0","0.0","0.0","0.16666666666666666","0","4","4","false","SLC27A3","SLC27A3","1017.25","0.002069495","5.79087E-4","0.003559903","0","0","0.00540750660805557","false","0","SLC27A3","0"
"0.0","0.0","0.0","0.13333333333333333","0","6","6","false","TUBA1A","TUBA1A","736.3333333333334","0.0022921775","0.003983032","6.01323E-4","0","0","0.0038333989062826","false","0","TUBA1A","0"
"0.0","0.0","0.0","0.16666666666666666","0","6","6","false","HMCN1","HMCN1","832.6666666666666","0.001432498","0.002263673","6.01323E-4","0","0","0.0103338437710754","false","0","HMCN1","0"
"0.0","0.0","0.0","0.15","0","5","5","false","JAG2","JAG2","884.2","6.904255E-4","5.79087E-4","8.01764E-4","0","0","0.0028799441411546","false","0","JAG2","0"
"0.0","0.0","0.0","0.11904761904761904","0","7","7","false","PRPF39","PRPF39","782.7142857142857","0.003985142","0.0046928","0.003277484","0","0","0.00852052710052008","false","0","PRPF39","0"
"0.0","0.0","0.0","0.0","0","2","2","false","ZSCAN30","ZSCAN30","1284.5",,"5.79087E-4",,"0","0","1.92576187954359E-4","false","0","ZSCAN30","0"
"0.0","0.0","0.0","0.13333333333333333","0","6","6","false","GP1BA","GP1BA","891.6666666666666","0.01015348","0.019906078","4.00882E-4","0","0","0.00664884178621836","false","0","GP1BA","0"
"0.0","0.0","0.0","0.06666666666666667","0","10","10","false","ENSG00000272512.1","ENSG00000272512.1","754.8","0.0058653425","0.002429127","0.009301558","0","0","0.00949257784252195","false","0","ENSG00000272512.1","0"
"0.0","0.0","0.0","0.16666666666666666","0","3","3","false","ZNF74","ZNF74","959.6666666666666","4.899845E-4","5.79087E-4","4.00882E-4","0","0","0.00107091043906707","false","0","ZNF74","0"
"0.0","0.0","0.0","0.15","0","5","5","false","PPIP5K2","PPIP5K2","881.4","8.908665E-4","5.79087E-4","0.001202646","0","0","0.00780528278284126","false","0","PPIP5K2","0"
"0.0","0.0","0.0","0.056818181818181816","0","36","36","false","MAT2A","MAT2A","318.2121212121212","0.0049777095","0.0","0.009955419","0","3","0.0767554383678802","false","0","MAT2A","0"
"0.0","0.0","0.0","0.16666666666666666","0","7","7","false","ENSG00000279196.1","ENSG00000279196.1","729.0","0.0103609995","0.019920235","8.01764E-4","0","0","0.00850707987222188","false","0","ENSG00000279196.1","0"
"0.0","0.0","0.0","0.15","0","5","5","false","LINC00265","LINC00265","841.4","4.549965E-4","9.09993E-4","0.0","0","0","0.00632000473819515","false","0","LINC00265","0"
"0.0","0.0","0.0","0.3333333333333333","0","4","4","false","POC5","POC5","1174.5","0.009525964","0.018751267","3.00661E-4","0","0","0.00806288762927833","false","0","POC5","0"
"0.0","0.0","0.0","0.25","0","5","5","false","COMMD5","COMMD5","986.6","0.005060436","1.65453E-4","0.009955419","0","0","0.00595794051688398","false","0","COMMD5","0"
"0.0","0.0","0.0","0.2","0","5","5","false","TMEM63A","TMEM63A","878.8","0.0026557004999999997","0.004810299","5.01102E-4","0","0","0.00396516758862777","false","0","TMEM63A","0"
"0.0","0.0","0.0","0.0","0","1","1","false","LINC02210","LINC02210","2283.0",,"5.79087E-4",,"0","0","1.92576187954359E-4","false","0","LINC02210","0"
"0.0","0.0","0.0","0.25","0","5","5","false","SCAND1","SCAND1","980.0","0.004137362","0.004313939","0.003960785","0","0","0.00564078305858462","false","0","SCAND1","0"
"0.0","0.0","0.0","0.26785714285714285","0","8","8","false","RSL1D1","RSL1D1","887.0","0.011631052","0.013607346","0.009654758","0","0","0.0141545938711738","false","0","RSL1D1","0"
"0.0","0.0","0.0","0.16666666666666666","0","3","3","false","C20orf204","C20orf204","1027.6666666666667","4.899845E-4","5.79087E-4","4.00882E-4","0","0","0.00107091043906707","false","0","C20orf204","0"
"0.0","0.0","0.0","0.08333333333333333","0","4","4","false","DRAM2","DRAM2","935.0","5.55217E-4","9.09993E-4","2.00441E-4","0","0","0.002831072597683","false","0","DRAM2","0"
"0.0","0.0","0.0","0.16666666666666666","0","4","4","false","ZNF628","ZNF628","993.5","0.0013474","0.00259458","1.0022E-4","0","0","0.00199573918738285","false","0","ZNF628","0"
"0.0","0.0","0.0","0.06612685560053981","0","39","39","false","BCL2L1","BCL2L1","269.2564102564103","0.008630657","0.003486672","0.013774642","0","0","0.165927513813721","false","0","BCL2L1","0"
"0.0","0.0","0.0","0.05137254901960785","0","51","51","false","EIF2AK3","EIF2AK3","230.7058823529412","0.0076383630000000004","0.011197478","0.004079248","0","0","0.22692439862108","false","0","EIF2AK3","0"
"0.0","0.0","0.0","0.16666666666666666","0","3","3","false","BSG","BSG","1073.0","0.001432498","0.002263673","6.01323E-4","0","0","0.00479653621846812","false","0","BSG","0"
"2.9896076599719756","1.301741002020483","0.3344920517126899","0.0029586847140528664","6","412","9","false","CEBPB","CEBPB","32.521844660194176","0.8412904855000001","0.838310266","0.844270705","403","0","1.17463021681187","false","0","CEBPB","540330599"
"0.0","0.0","0.0","0.26666666666666666","0","6","6","false","ASPH","ASPH","1099.8333333333333","0.0207873615","0.041574723","0.0","0","0","0.00949456023275185","false","0","ASPH","0"
"0.0","0.0","0.0","0.03180379746835443","0","82","82","false","ABRA","ABRA","183.1875",,,"0.009955419","0","2","0.284761210887437","false","0","ABRA","0"
"0.0","0.0","0.0","0.14285714285714285","0","7","7","false","FUT1","FUT1","768.2857142857143","0.0084999355","4.13633E-4","0.016586238","0","0","0.0088279873593255","false","0","FUT1","0"
"0.0","0.0","0.0","0.0","0","3","3","false","AP1G2","AP1G2","934.0","4.549965E-4","9.09993E-4","0.0","0","0","2.88864281931539E-4","false","0","AP1G2","0"
"0.0","0.0","0.0","0.25","0","4","4","false","ENSG00000250575.1","ENSG00000250575.1","1133.0",,"0.015179508",,"0","0","0.00392895950377676","false","0","ENSG00000250575.1","0"
"0.0","0.0","0.0","0.1282051282051282","0","13","13","false","FOSL1","FOSL1","547.6153846153846","0.004951469","2.4818E-4","0.009654758","0","0","0.0294118085461424","false","0","FOSL1","0"
"0.0","0.0","0.0","0.08333333333333333","0","4","4","false","PHYKPL","PHYKPL","814.25","0.004158451499999999","1.65453E-4","0.00815145","0","0","0.00212454161060139","false","0","PHYKPL","0"
"0.0","0.0","0.0","0.25","0","4","4","false","ENSG00000256694.1","ENSG00000256694.1","872.25",,"0.005472112",,"0","0","0.00717096786624253","false","0","ENSG00000256694.1","0"
"0.0","0.0","0.0","0.15","0","5","5","false","PPP1R32","PPP1R32","1113.2","0.009599944","0.018999447","2.00441E-4","0","0","0.00560754123286025","false","0","PPP1R32","0"
"0.0","0.0","0.0","0.07142857142857142","0","8","8","false","SPHK1","SPHK1","608.5","0.0050341955","4.13633E-4","0.009654758","0","0","0.0068245333626786","false","0","SPHK1","0"
"0.0","0.0","0.0","0.26785714285714285","0","8","8","false","TTTY14","TTTY14","891.625","0.013010477999999999","0.025319413","7.01543E-4","0","0","0.0116642233580206","false","0","TTTY14","0"
"0.0","0.0","0.0","0.04461538461538461","0","26","26","false","DLGAP1-AS1","DLGAP1-AS1","309.53846153846155",,,"0.001874397","0","0","0.0554217303431262","false","0","DLGAP1-AS1","0"
"0.0","0.0","0.0","0.16666666666666666","0","9","9","false","HFM1","HFM1","841.8888888888889","0.013032799000000001","0.022988555","0.003077043","0","0","0.014257070855818","false","0","HFM1","0"
"0.0","0.0","0.0","0.05434782608695652","0","24","24","false","C2orf69","C2orf69","344.625","0.008375121","0.011197478","0.005552764","0","0","0.0512957171261078","false","0","C2orf69","0"
"0.0","0.0","0.0","0.25","0","5","5","false","GPR155","GPR155","1106.8","5.90205E-4","5.79087E-4","6.01323E-4","0","0","0.00518690826858353","false","0","GPR155","0"
"0.0","0.0","0.0","0.06725146198830409","0","19","19","false","NAP1L5","NAP1L5","434.57894736842104","0.0187391315","0.019672055","0.017806208","0","0","0.0283343145603697","false","0","NAP1L5","0"
"0.0","0.0","0.0","0.03333333333333333","0","6","6","false","ENSG00000226281.5","ENSG00000226281.5","702.0","0.0018850275","0.003369173","4.00882E-4","0","0","0.00231289664568221","false","0","ENSG00000226281.5","0"
"0.0","0.0","0.0","0.5","0","2","2","false","5_8S_rRNA","5_8S_rRNA","1421.5",,"6.61813E-4",,"0","0","0.00156244276448554","false","0","5_8S_rRNA","0"
"0.0","0.0","0.0","0.03160667251975417","0","68","68","false","PPP1R27","PPP1R27","208.76470588235293","0.014501843","0.011197478","0.017806208","0","0","0.217359635987711","false","0","PPP1R27","0"
"0.0","0.0","0.0","0.14285714285714285","0","7","7","false","LINC01359","LINC01359","657.1428571428571","0.006256035","0.012111188","4.00882E-4","0","0","0.0068265157529085","false","0","LINC01359","0"
"0.0","0.0","0.0","0.26785714285714285","0","8","8","false","CHST15","CHST15","908.125","0.0149010935","0.012614626","0.017187561","0","0","0.0143712420826225","false","0","CHST15","0"
"0.0","0.0","0.0","0.17272727272727273","0","11","11","false","USP49","USP49","939.5454545454545","0.030625091","0.057772257","0.003477925","0","0","0.0185910482585607","false","0","USP49","0"
"0.0","0.0","0.0","0.5","0","2","2","false","RNA5-8SN3","RNA5-8SN3","1421.5",,"6.61813E-4",,"0","0","0.00156244276448554","false","0","RNA5-8SN3","0"
"0.0","0.0","0.0","0.23333333333333334","0","6","6","false","RBM12B","RBM12B","850.1666666666666","0.0090685575","3.30907E-4","0.017806208","0","0","0.0091500934669814","false","0","RBM12B","0"
"0.0","0.0","0.0","0.5","0","2","2","false","RNA5-8SN5","RNA5-8SN5","1421.5",,"6.61813E-4",,"0","0","0.00156244276448554","false","0","RNA5-8SN5","0"
"0.0","0.0","0.0","0.05","0","5","5","false","AP3M1","AP3M1","736.4","0.0058994005000000006","0.011197478","6.01323E-4","0","0","0.00311993687961454","false","0","AP3M1","0"
"0.0","0.0","0.0","0.1","0","5","5","false","CCAR1","CCAR1","893.8","0.002174463","0.004148485","2.00441E-4","0","0","0.00230221557729152","false","0","CCAR1","0"
"0.0","0.0","0.0","0.0","0","3","3","false","GBX1","GBX1","1009.3333333333334","5.400945E-4","5.79087E-4","5.01102E-4","0","0","8.85454963373168E-4","false","0","GBX1","0"
"0.0","0.0","0.0","0.5","0","2","2","false","RNA5-8SN4","RNA5-8SN4","1421.5",,"6.61813E-4",,"0","0","0.00156244276448554","false","0","RNA5-8SN4","0"
"0.0","0.0","0.0","0.0","0","3","3","false","PIP5K1C","PIP5K1C","1047.6666666666667","0.0017692074999999998","6.61813E-4","0.002876602","0","0","9.33599010361758E-4","false","0","PIP5K1C","0"
"0.0","0.0","0.0","0.5","0","2","2","false","RNA5-8SN2","RNA5-8SN2","1421.5",,"6.61813E-4",,"0","0","0.00156244276448554","false","0","RNA5-8SN2","0"
"0.0","0.0","0.0","0.1111111111111111","0","9","9","false","DEPP1","DEPP1","693.8888888888889","0.005783081","0.005141206","0.006424956","0","0","0.0138061623249436","false","0","DEPP1","0"
"0.0","0.0","0.0","0.16666666666666666","0","3","3","false","ENSG00000284391.1","ENSG00000284391.1","968.0",,"8.27267E-4",,"0","0","0.00192352311689996","false","0","ENSG00000284391.1","0"
"0.0","0.0","0.0","0.06944444444444445","0","9","9","false","ENSG00000237094.12","ENSG00000237094.12","774.3333333333334","0.01000906","0.019416797","6.01323E-4","0","0","0.00513032191584788","false","0","ENSG00000237094.12","0"
"0.0","0.0","0.0","0.1","0","6","6","false","CEP295","CEP295","981.5","0.006678415","0.012855728","5.01102E-4","0","0","0.00450668806763984","false","0","CEP295","0"
"0.0","0.0","0.0","0.05512820512820513","0","40","40","false","SRSF10","SRSF10","308.525","0.009499143500000001","0.009042868","0.009955419","0","0","0.124067219159377","false","0","SRSF10","0"
"0.0","0.0","0.0","0.10714285714285714","0","8","8","false","CEP57","CEP57","701.25","0.00579918","0.011197478","4.00882E-4","0","0","0.00773406523369153","false","0","CEP57","0"
"0.0","0.0","0.0","0.08333333333333333","0","4","4","false","AMACR","AMACR","853.25","4.136335E-4","8.27267E-4","0.0","0","0","0.00473994986573247","false","0","AMACR","0"
"0.0","0.0","0.0","0.08258258258258258","0","37","37","false","TSC22D2","TSC22D2","284.7027027027027","0.0118756515","0.019672055","0.004079248","0","0","0.187520590373961","false","0","TSC22D2","0"
"0.0","0.0","0.0","0.0","0","2","2","false","EGFL8","EGFL8","1226.5","4.3987400000000004E-4","5.79087E-4","3.00661E-4","0","0","2.88864281931539E-4","false","0","EGFL8","0"
"0.0","0.0","0.0","0.25","0","5","5","false","STXBP4","STXBP4","1057.2","0.007124043","5.79087E-4","0.013668999","0","0","0.0109349168619497","false","0","STXBP4","0"
"0.0","0.0","0.0","0.25","0","5","5","false","SNCB","SNCB","1206.0","0.011898072499999999","5.79087E-4","0.023217058","0","0","0.00776235841005936","false","0","SNCB","0"
"0.0","0.0","0.0","0.0","0","3","3","false","TMEM68","TMEM68","1009.3333333333334","5.400945E-4","5.79087E-4","5.01102E-4","0","0","8.85454963373168E-4","false","0","TMEM68","0"
"0.0","0.0","0.0","0.08333333333333333","0","4","4","false","BATF2","BATF2","1008.25","0.005598739","0.011197478","0.0","0","0","0.00212454161060139","false","0","BATF2","0"
"0.0","0.0","0.0","0.0","0","2","2","false","COX20","COX20","1421.0","5.90205E-4","5.79087E-4","6.01323E-4","0","0","8.85454963373168E-4","false","0","COX20","0"
"0.0","0.0","0.0","0.15","0","5","5","false","BZW1","BZW1","919.2","0.0098360275","0.019672055","0.0","0","0","0.00374851937717912","false","0","BZW1","0"
"0.0","0.0","0.0","0.13333333333333333","0","6","6","false","GPX3","GPX3","789.1666666666666","0.0124021245","0.023902265","9.01984E-4","0","0","0.00662054860985054","false","0","GPX3","0"
"0.0","0.0","0.0","0.14285714285714285","0","7","7","false","TRIM56","TRIM56","770.1428571428571","0.007533189500000001","0.004810299","0.01025608","0","0","0.011450326654043","false","0","TRIM56","0"
"0.0","0.0","0.0","0.16666666666666666","0","3","3","false","KIAA0100","KIAA0100","923.6666666666666",,"0.005858407",,"0","0","0.00225334403381992","false","0","KIAA0100","0"
"0.0","0.0","0.0","0.3","0","6","6","false","EIF3I","EIF3I","1010.1666666666666","0.012541223","0.015427688","0.009654758","0","0","0.0109741058583638","false","0","EIF3I","0"
"0.0","0.0","0.0","0.0","0","3","3","false","SELENOH","SELENOH","1080.3333333333333","0.001438301","0.0","0.002876602","0","0","8.85454963373168E-4","false","0","SELENOH","0"
"0.0","0.0","0.0","0.15","0","5","5","false","PDE7B","PDE7B","793.8","0.0038434504999999997","0.004810299","0.002876602","0","0","0.00478783754030733","false","0","PDE7B","0"
"0.0","0.0","0.0","0.13333333333333333","0","6","6","false","ENSG00000272316.1","ENSG00000272316.1","860.8333333333334","0.0026557004999999997","0.004810299","5.01102E-4","0","0","0.00413789290596137","false","0","ENSG00000272316.1","0"
"0.0","0.0","0.0","0.2","0","5","5","false","KRT31","KRT31","1045.6",,"0.030287085",,"0","0","0.00546310909189448","false","0","KRT31","0"
"0.0","0.0","0.0","0.16666666666666666","0","4","4","false","POP7","POP7","1043.75","0.0014685459999999998","6.61813E-4","0.002275279","0","0","0.00318147188170673","false","0","POP7","0"
"0.0","0.0","0.0","0.125","0","9","9","false","GTF2IP13","GTF2IP13","841.2222222222222","0.010830773","0.017582298","0.004079248","0","0","0.01020603986919","false","0","GTF2IP13","0"
"0.0","0.0","0.0","0.16071428571428573","0","8","8","false","PLEKHG2","PLEKHG2","828.75","0.0147951895","0.028387733","0.001202646","0","0","0.0145253567706458","false","0","PLEKHG2","0"
"0.0","0.0","0.0","0.1","0","6","6","false","NUTM2B-AS1","NUTM2B-AS1","771.5","0.0017020805","0.00320372","2.00441E-4","0","0","0.00424611696207613","false","0","NUTM2B-AS1","0"
"0.0","0.0","0.0","0.06944444444444445","0","9","9","false","NMNAT1","NMNAT1","576.8888888888889","0.01027757","0.020154258","4.00882E-4","0","0","0.0113984888514448","false","0","NMNAT1","0"
"0.0","0.0","0.0","0.0","0","3","3","false","NKAP","NKAP","970.0",,"0.003534627",,"0","0","9.42041316108819E-4","false","0","NKAP","0"
"0.0","0.0","0.0","0.08333333333333333","0","4","4","false","ZDHHC24","ZDHHC24","781.25","0.00250537","0.004810299","2.00441E-4","0","0","0.0026583472803494","false","0","ZDHHC24","0"
"0.0","0.0","0.0","0.5","0","2","2","false","SEC23IP","SEC23IP","1295.5",,"0.011197478",,"0","0","0.00212454161060139","false","0","SEC23IP","0"
"0.0","0.0","0.0","0.08333333333333333","0","4","4","false","SNHG15","SNHG15","861.75",,,"0.009654758","0","0","0.00228460346931439","false","0","SNHG15","0"
"0.0","0.0","0.0","0.0","0","4","4","false","HCG18","HCG18","844.75","5.90205E-4","5.79087E-4","6.01323E-4","0","0","8.85454963373168E-4","false","0","HCG18","0"
"0.0","0.0","0.0","0.1","0","6","6","false","JAK2","JAK2","783.3333333333334","0.0023574105","0.004313939","4.00882E-4","0","0","0.00645948822980437","false","0","JAK2","0"
"0.0","0.0","0.0","0.04597701149425287","0","30","30","false","HOGA1","HOGA1","371.1666666666667","0.0056249795","0.010949298","3.00661E-4","0","0","0.0640311164056459","false","0","HOGA1","0"
"0.0","0.0","0.0","0.047619047619047616","0","7","7","false","GK5","GK5","900.5714285714286","0.012435719500000001","0.024470557","4.00882E-4","0","0","0.00663894448750528","false","0","GK5","0"
"0.0","0.0","0.0","0.0","0","1","1","false","SUMO1","SUMO1","2283.0",,"5.79087E-4",,"0","0","1.92576187954359E-4","false","0","SUMO1","0"
"0.0","0.0","0.0","0.16666666666666666","0","4","4","false","C1orf127","C1orf127","1079.75","6.904255E-4","5.79087E-4","8.01764E-4","0","0","0.00199738873716836","false","0","C1orf127","0"
"0.0","0.0","0.0","0.07142857142857142","0","8","8","false","ENSG00000283236.1","ENSG00000283236.1","640.125","0.002002742","0.00320372","8.01764E-4","0","0","0.00441112747014567","false","0","ENSG00000283236.1","0"
"0.0","0.0","0.0","0.16666666666666666","0","4","4","false","ITGA2-AS1","ITGA2-AS1","960.25","0.002187209","4.13633E-4","0.003960785","0","0","0.00204553278415695","false","0","ITGA2-AS1","0"
"0.0","0.0","0.0","0.1","0","10","10","false","PAAF1","PAAF1","823.5","0.004639661","0.008377338","9.01984E-4","0","0","0.00953076831760286","false","0","PAAF1","0"
"0.0","0.0","0.0","0.25","0","9","9","false","FAM238C","FAM238C","1041.6666666666667","0.033727063499999994","0.067153466","3.00661E-4","0","0","0.0178328795680999","false","0","FAM238C","0"
"0.0","0.0","0.0","0.0","0","3","3","false","PYROXD2","PYROXD2","1024.0",,"0.003038267",,"0","0","6.15452799020179E-4","false","0","PYROXD2","0"
"0.0","0.0","0.0","0.16666666666666666","0","6","6","false","ENSG00000255148.2","ENSG00000255148.2","1019.6666666666666","0.0069692255000000005","0.003983032","0.009955419","0","0","0.00565641277633185","false","0","ENSG00000255148.2","0"
"0.0","0.0","0.0","0.08928571428571429","0","8","8","false","PSMB5","PSMB5","975.125","0.0024532575","8.27267E-4","0.004079248","0","0","0.0111408840050077","false","0","PSMB5","0"
"0.0","0.0","0.0","0.25","0","4","4","false","ENSG00000259948.2","ENSG00000259948.2","941.0",,,"0.013067677","0","0","0.00396021893927123","false","0","ENSG00000259948.2","0"
"0.0","0.0","0.0","0.5","0","2","2","false","ATP6V1D","ATP6V1D","1645.5","2.895435E-4","5.79087E-4","0.0","0","0","8.30190204124117E-4","false","0","ATP6V1D","0"
"0.0","0.0","0.0","0.1","0","6","6","false","ENSG00000288884.1","ENSG00000288884.1","894.0","0.0028386475","0.004975752","7.01543E-4","0","0","0.00425403187055931","false","0","ENSG00000288884.1","0"
"0.0","0.0","0.0","0.0","0","1","1","false","DCTD","DCTD","2283.0",,"5.79087E-4",,"0","0","1.92576187954359E-4","false","0","DCTD","0"
"0.0","0.0","0.0","0.01954022988505747","0","30","30","false","TPM1-AS","TPM1-AS","306.8333333333333","0.0028459880000000003","0.003817579","0.001874397","0","0","0.0243008810292824","false","0","TPM1-AS","0"
"0.0","0.0","0.0","0.14285714285714285","0","7","7","false","DVL2","DVL2","729.1428571428571","0.0060998415","0.011197478","0.001002205","0","0","0.0063190208692984","false","0","DVL2","0"
"0.0","0.0","0.0","0.09523809523809523","0","7","7","false","MAP1LC3A","MAP1LC3A","874.8571428571429","0.006673363","8.27267E-4","0.012519459","0","0","0.0110168301319266","false","0","MAP1LC3A","0"
"0.0","0.0","0.0","0.14285714285714285","0","8","8","false","RARA-AS1","RARA-AS1","663.75",,,"0.013067677","0","0","0.00984001086741904","false","0","RARA-AS1","0"
"0.0","0.0","0.0","0.0","0","1","1","false","ADCK2","ADCK2","2283.0",,"5.79087E-4",,"0","0","1.92576187954359E-4","false","0","ADCK2","0"
"3.1436244745446054","1.6598831842824675","0.31810415273753806","0.0020499637466218443","6","395","6","false","RORA","RORA","26.412820512820513","0.27470825249999997","0.465420766","0.083995739","389","5","0.738425011200796","false","0","RORA","419065707"
"0.0","0.0","0.0","0.05416666666666667","0","17","17","false","ISCA1","ISCA1","369.625",,"0.019495807",,"0","1","0.02515479576402","false","0","ISCA1","0"
"0.0","0.0","0.0","0.16666666666666666","0","3","3","false","MIR23AHG","MIR23AHG","1094.6666666666667",,,"0.009654758","0","0","0.00228460346931439","false","0","MIR23AHG","0"
"0.0","0.0","0.0","0.1388888888888889","0","9","9","false","FGF9","FGF9","614.7777777777778","0.0020285060000000002","5.79087E-4","0.003477925","0","0","0.0221998547400386","false","0","FGF9","0"
"0.0","0.0","0.0","0.14285714285714285","0","7","7","false","WDR97","WDR97","907.2857142857143","0.0036717290000000003","0.003865533","0.003477925","0","0","0.0106353715116275","false","0","WDR97","0"
"0.0","0.0","0.0","0.0","0","2","2","false","SCYL2","SCYL2","1377.0",,"5.79087E-4",,"0","0","1.92576187954359E-4","false","0","SCYL2","0"
"0.0","0.0","0.0","0.5","0","2","2","false","FLT1","FLT1","1421.5","3.89764E-4","5.79087E-4","2.00441E-4","0","0","0.00156244276448554","false","0","FLT1","0"
"2.3206445586174684","1.9186090831589724","0.43091476300694376","0.0010705630098461426","5","815","5","false","CHCHD3","CHCHD3","17.34729064039409","1.7582349085","1.282305688","2.234164129","810","1","1.65047725553506","false","1","CHCHD3","556966376"
"0.0","0.0","0.0","0.11904761904761904","0","7","7","false","ENSG00000272631.1","ENSG00000272631.1","710.5714285714286","0.0070527745","3.30907E-4","0.013774642","0","0","0.00685480892927632","false","0","ENSG00000272631.1","0"
"0.0","0.0","0.0","0.3333333333333333","0","3","3","false","RAB11A","RAB11A","1496.3333333333333","0.006179684","0.012359368","0.0","0","0","0.00244169906890075","false","0","RAB11A","0"
"0.0","0.0","0.0","0.15","0","5","5","false","ENSG00000273599.1","ENSG00000273599.1","987.2","0.0050341955","4.13633E-4","0.009654758","0","0","0.00351425905775333","false","0","ENSG00000273599.1","0"
"2.206445586174685","16.009187423690566","0.45321761219305673","0.0012427407978536924","5","1773","20","false","CHAMP1","CHAMP1","17.193548387096776","8.0757186645","8.323034962","7.828402367","1753","4","8.57343719080099","false","1","CHAMP1","4514021859"
"0.0","0.0","0.0","0.04634581105169341","0","34","34","false","FCSK","FCSK","230.14705882352942",,"0.013103908",,"0","0","0.0963699563706412","false","0","FCSK","0"
"0.0","0.0","0.0","0.16666666666666666","0","6","6","false","SPNS2","SPNS2","738.5","0.0056590735","0.009042868","0.002275279","0","0","0.00527970270617019","false","0","SPNS2","0"
"0.0","0.0","0.0","0.0","0","4","4","false","SEC13","SEC13","832.75",,"9.09993E-4",,"0","0","7.89166869395988E-4","false","0","SEC13","0"
"0.0","0.0","0.0","0.2857142857142857","0","7","7","false","PI4KAP1","PI4KAP1","1034.2857142857142","0.015909293","0.031618145","2.00441E-4","0","0","0.0112962119660197","false","0","PI4KAP1","0"
"0.0","0.0","0.0","0.0","0","2","2","false","TYW5","TYW5","1205.5",,"5.79087E-4",,"0","0","1.92576187954359E-4","false","0","TYW5","0"
"0.0","0.0","0.0","0.5833333333333334","0","4","4","false","GRWD1","GRWD1","1536.0","0.011007063000000001","0.012359368","0.009654758","0","0","0.00789116083327789","false","0","GRWD1","0"
"0.0","0.0","0.0","0.25","0","5","5","false","RBM12B-AS1","RBM12B-AS1","1056.0","0.007149802","0.004644846","0.009654758","0","0","0.0074325374931394","false","0","RBM12B-AS1","0"
"0.0","0.0","0.0","0.16666666666666666","0","4","4","false","STX1A","STX1A","1297.0","0.002442508","0.003983032","9.01984E-4","0","0","0.00378749362193764","false","0","STX1A","0"
"0.0","0.0","0.0","0.08333333333333333","0","4","4","false","PDAP1","PDAP1","968.75","4.899845E-4","5.79087E-4","4.00882E-4","0","0","0.00199573918738285","false","0","PDAP1","0"
"0.0","0.0","0.0","0.25","0","4","4","false","CDNF","CDNF","1143.75","0.006353884","0.012607548","1.0022E-4","0","0","0.00369964783370752","false","0","CDNF","0"
"0.0","0.0","0.0","0.1","0","5","5","false","ENSG00000284024.4","ENSG00000284024.4","735.2","0.004827379","0.0","0.009654758","0","0","0.00295216021163749","false","0","ENSG00000284024.4","0"
"0.0","0.0","0.0","0.0","0","3","3","false","MMADHC","MMADHC","1051.0",,"5.79087E-4",,"0","0","1.92576187954359E-4","false","0","MMADHC","0"
"0.0","0.0","0.0","0.25","0","4","4","false","EDF1","EDF1","1283.0","0.006549273","5.79087E-4","0.012519459","0","0","0.00652775417226387","false","0","EDF1","0"
"0.0","0.0","0.0","0.0","0","4","4","false","FEZ2","FEZ2","856.5",,"6.61813E-4",,"0","0","2.40720234942949E-4","false","0","FEZ2","0"
"0.0","0.0","0.0","0.08333333333333333","0","4","4","false","IL20RB","IL20RB","808.25",,"0.00370008",,"0","0","0.00229726692793498","false","0","IL20RB","0"
"0.0","0.0","0.0","0.16666666666666666","0","3","3","false","UNKL","UNKL","993.3333333333334","5.13854E-4","8.27267E-4","2.00441E-4","0","0","0.00502881414766401","false","0","UNKL","0"
"0.0","0.0","0.0","0.0","0","1","1","false","RHOG","RHOG","2283.0",,"5.79087E-4",,"0","0","1.92576187954359E-4","false","0","RHOG","0"
"0.0","0.0","0.0","0.06666666666666667","0","6","6","false","LRRC59","LRRC59","967.1666666666666","8.908665E-4","5.79087E-4","0.001202646","0","0","0.00792913655670325","false","0","LRRC59","0"
"0.0","0.0","0.0","0.1","0","5","5","false","SIVA1","SIVA1","1000.6",,"0.020736707",,"0","0","0.0053293580193194","false","0","SIVA1","0"
"0.0","0.0","0.0","0.05","0","5","5","false","SLX4","SLX4","762.6","0.0018280649999999998","5.79087E-4","0.003077043","0","0","0.00291891838591312","false","0","SLX4","0"
"0.0","0.0","0.0","0.16666666666666666","0","4","4","false","GSPT2","GSPT2","1267.5","0.0074073195000000005","0.014513978","3.00661E-4","0","0","0.00768419516888677","false","0","GSPT2","0"
"0.0","0.0","0.0","0.16666666666666666","0","3","3","false","WASH3P","WASH3P","1056.3333333333333",,"9.9272E-4",,"0","0","0.00121534258003284","false","0","WASH3P","0"
"4.455978514712751","0.0036525461821542158","0.22441759911951994","0.03260869565217391","7","69","4","false","ZNF263","ZNF263","104.53623188405797","0.005722829","0.011445658","0.0","65","0","0.420187104821672","false","0","ZNF263","1276241"
"0.0","0.0","0.0","0.0","0","1","1","false","LCNL1","LCNL1","2283.0",,"5.79087E-4",,"0","0","1.92576187954359E-4","false","0","LCNL1","0"
"0.0","0.0","0.0","0.1","0","5","5","false","ZNF252P","ZNF252P","808.6","4.899845E-4","5.79087E-4","4.00882E-4","0","0","0.00338249037540815","false","0","ZNF252P","0"
"3.061303129378795","1.1603520780568188","0.3266582751649693","0.0017736429957834147","7","677","3","false","FOXK1","FOXK1","20.35820895522388","0.7423779775","0.409684322","1.075071633","674","7","1.60226333222286","false","0","FOXK1","336819394"
"0.0","0.0","0.0","0.08333333333333333","0","4","4","false","SMAP1","SMAP1","828.75","4.724905E-4","7.4454E-4","2.00441E-4","0","0","0.00416222130186939","false","0","SMAP1","0"
"0.0","0.0","0.0","0.07777777777777778","0","10","10","false","MCM2","MCM2","719.3","0.009552205000000001","0.018503087","6.01323E-4","0","0","0.00946626705638403","false","0","MCM2","0"
"0.0","0.0","0.0","0.16666666666666666","0","6","6","false","SUB1","SUB1","1062.3333333333333","0.006554325","0.012607548","5.01102E-4","0","0","0.00545242802350379","false","0","SUB1","0"
"0.0","0.0","0.0","0.0","0","3","3","false","ENSG00000264490.3","ENSG00000264490.3","977.3333333333334",,"9.09993E-4",,"0","0","7.89166869395988E-4","false","0","ENSG00000264490.3","0"
"0.0","0.0","0.0","0.05","0","5","5","false","SRSF8","SRSF8","727.8",,"0.012190198",,"0","0","0.002831072597683","false","0","SRSF8","0"
"0.0","0.0","0.0","0.07142857142857142","0","8","8","false","KIF22","KIF22","699.5","0.002507741","0.004313939","7.01543E-4","0","0","0.00341374981090262","false","0","KIF22","0"
"0.0","0.0","0.0","0.15","0","5","5","false","HMGB3","HMGB3","899.2","0.00592327","0.011445658","4.00882E-4","0","0","0.00428232504692714","false","0","HMGB3","0"
"0.0","0.0","0.0","0.04678362573099415","0","19","19","false","FDFT1","FDFT1","354.89473684210526","5.63964E-4","8.27267E-4","3.00661E-4","0","0","0.0318902993703526","false","0","FDFT1","0"
"0.0","0.0","0.0","0.09523809523809523","0","7","7","false","PGM1","PGM1","761.0","6.96801E-4","9.9272E-4","4.00882E-4","0","0","0.00442675718789291","false","0","PGM1","0"
"0.0","0.0","0.0","0.13333333333333333","0","6","6","false","AGAP9","AGAP9","1180.8333333333333","0.0109896835","0.021578485","4.00882E-4","0","0","0.00494493313989369","false","0","AGAP9","0"
"0.0","0.0","0.0","0.16666666666666666","0","3","3","false","MPV17","MPV17","1086.0","4.724905E-4","7.4454E-4","2.00441E-4","0","0","0.00170687490545131","false","0","MPV17","0"
"0.0","0.0","0.0","0.36666666666666664","0","6","6","false","ZNF425","ZNF425","1186.6666666666667","0.011458055","0.012359368","0.010556742","0","0","0.0123285990895615","false","0","ZNF425","0"
"0.0","0.0","0.0","0.0","0","3","3","false","WWC3","WWC3","1039.0","2.895435E-4","5.79087E-4","0.0","0","0","1.92576187954359E-4","false","0","WWC3","0"
"0.0","0.0","0.0","0.1","0","5","5","false","NDUFS7","NDUFS7","913.2","5.814575E-4","6.61813E-4","5.01102E-4","0","0","0.00655999747665508","false","0","NDUFS7","0"
"0.0","0.0","0.0","0.06666666666666667","0","6","6","false","SYNJ2BP","SYNJ2BP","937.0","6.40315E-4","5.79087E-4","7.01543E-4","0","0","0.00280277942131517","false","0","SYNJ2BP","0"
"0.0","0.0","0.0","0.5","0","2","2","false","EPAS1","EPAS1","1476.5","3.89764E-4","5.79087E-4","2.00441E-4","0","0","0.00156244276448554","false","0","EPAS1","0"
"0.0","0.0","0.0","0.1527777777777778","0","9","9","false","SLC4A11","SLC4A11","919.6666666666666","0.0130620795","0.025222175","9.01984E-4","0","0","0.0119977943037448","false","0","SLC4A11","0"
"0.0","0.0","0.0","0.047619047619047616","0","7","7","false","ANKRD24","ANKRD24","595.4285714285714","0.00456331","0.008625518","5.01102E-4","0","0","0.00250125168076304","false","0","ANKRD24","0"
"0.0","0.0","0.0","0.3","0","5","5","false","FLT3LG","FLT3LG","1181.8","0.0037905045","0.002429127","0.005151882","0","0","0.00825224118569232","false","0","FLT3LG","0"
"0.0","0.0","0.0","0.07142857142857142","0","14","14","false","LINC01341","LINC01341","526.8571428571429","0.0076077605000000005","0.014513978","7.01543E-4","0","0","0.0204322579070455","false","0","LINC01341","0"
"0.0","0.0","0.0","0.03333333333333333","0","31","31","false","FABP3","FABP3","346.51612903225805","0.007409922","7.4454E-4","0.014075304","0","0","0.0461102075772957","false","0","FABP3","0"
"0.0","0.0","0.0","0.125","0","8","8","false","ENSG00000228327.4","ENSG00000228327.4","849.75","0.0107857035","0.021571407","0.0","0","0","0.00950722369137244","false","0","ENSG00000228327.4","0"
"0.0","0.0","0.0","0.13333333333333333","0","6","6","false","GUSBP11","GUSBP11","924.3333333333334","0.008040746","0.015179508","9.01984E-4","0","0","0.0061100874671138","false","0","GUSBP11","0"
"0.0","0.0","0.0","0.04504504504504504","0","37","37","false","CIRBP","CIRBP","415.97297297297297","0.0374478055","0.057106727","0.017788884","0","0","0.0678129088881848","false","0","CIRBP","0"
"0.0","0.0","0.0","0.047619047619047616","0","7","7","false","CCRL2","CCRL2","742.5714285714286","0.0061237109999999996","0.011445658","8.01764E-4","0","0","0.00476725917320356","false","0","CCRL2","0"
"0.0","0.0","0.0","0.0","0","6","6","false","PICK1","PICK1","628.8333333333334","5.400945E-4","5.79087E-4","5.01102E-4","0","0","0.00109689326890608","false","0","PICK1","0"
"0.0","0.0","0.0","0.125","0","9","9","false","PDC-AS1","PDC-AS1","829.0","0.0093204825","0.014762158","0.003878807","0","0","0.0150435327226465","false","0","PDC-AS1","0"
"0.0","0.0","0.0","0.1","0","5","5","false","CBX7","CBX7","848.0","0.002242067","0.003983032","5.01102E-4","0","0","0.00214017132834862","false","0","CBX7","0"
"0.0","0.0","0.0","0.15","0","5","5","false","CHST3","CHST3","925.2","0.009936248","0.019672055","2.00441E-4","0","0","0.00413789290596137","false","0","CHST3","0"
"0.0","0.0","0.0","0.2","0","6","6","false","ATP5F1E","ATP5F1E","1121.0","0.0031714605","0.002263673","0.004079248","0","0","0.0158845985519808","false","0","ATP5F1E","0"
"0.0","0.0","0.0","0.16666666666666666","0","4","4","false","ZNF879","ZNF879","914.0","0.0019282855000000002","5.79087E-4","0.003277484","0","0","0.00397584865701846","false","0","ZNF879","0"
"0.0","0.0","0.0","0.3","0","5","5","false","AFF4","AFF4","925.8","0.005648849","0.011197478","1.0022E-4","0","0","0.00441607611950222","false","0","AFF4","0"
"0.0","0.0","0.0","0.08333333333333333","0","9","9","false","CDKL1","CDKL1","564.8888888888889","0.0075110789999999995","0.014521056","5.01102E-4","0","0","0.0108549859822028","false","0","CDKL1","0"
"0.0","0.0","0.0","0.06666666666666667","0","6","6","false","ZNF736","ZNF736","768.8333333333334","7.469110000000001E-4","9.9272E-4","5.01102E-4","0","0","0.00385970969242052","false","0","ZNF736","0"
"0.0","0.0","0.0","0.14285714285714285","0","8","8","false","ENSG00000238035.8","ENSG00000238035.8","1028.375","0.0082149465","0.015427688","0.001002205","0","0","0.0101981249607068","false","0","ENSG00000238035.8","0"
"0.0","0.0","0.0","0.16666666666666666","0","3","3","false","AMOT","AMOT","1157.3333333333333","4.31127E-4","6.61813E-4","2.00441E-4","0","0","0.00180738415230202","false","0","AMOT","0"
"0.0","0.0","0.0","0.1111111111111111","0","9","9","false","SUV39H1","SUV39H1","926.5555555555555","0.0118211795","0.022740375","9.01984E-4","0","0","0.00721588928169075","false","0","SUV39H1","0"
"0.0","0.0","0.0","0.1","0","6","6","false","SEC14L5","SEC14L5","924.6666666666666","0.006973712500000001","5.79087E-4","0.013368338","0","0","0.00579589626794108","false","0","SEC14L5","0"
"0.0","0.0","0.0","0.08333333333333333","0","4","4","false","CYB5B","CYB5B","771.5","0.0011318365","0.002263673","0.0","0","0","0.00404608233727145","false","0","CYB5B","0"
"0.0","0.0","0.0","0.3","0","5","5","false","RAD51-AS1","RAD51-AS1","1233.4","0.0049665915","5.79087E-4","0.009354096","0","0","0.00974345174859171","false","0","RAD51-AS1","0"
"0.0","0.0","0.0","0.16666666666666666","0","4","4","false","TUBB4A","TUBB4A","1005.75","0.001249551","0.00209822","4.00882E-4","0","0","0.00199573918738285","false","0","TUBB4A","0"
"0.0","0.0","0.0","0.125","0","9","9","false","FAM13A-AS1","FAM13A-AS1","831.1111111111111","0.0066777195","0.008793331","0.004562108","0","0","0.0143888395381632","false","0","FAM13A-AS1","0"
"0.0","0.0","0.0","0.0","0","6","6","false","TMEM245","TMEM245","766.3333333333334","5.965805E-4","9.9272E-4","2.00441E-4","0","0","8.37310916384578E-4","false","0","TMEM245","0"
"0.0","0.0","0.0","0.07243589743589744","0","40","40","false","DIAPH1","DIAPH1","307.025","0.006023490499999999","0.011445658","6.01323E-4","0","0","0.170265272524903","false","0","DIAPH1","0"
"0.0","0.0","0.0","0.2","0","6","6","false","PDHA1","PDHA1","1137.3333333333333","0.0045447555","0.002263673","0.006825838","0","0","0.0112872985362034","false","0","PDHA1","0"
"0.0","0.0","0.0","0.11904761904761904","0","7","7","false","PRSS46P","PRSS46P","822.7142857142857","0.0072481329999999995","8.27267E-4","0.013668999","0","0","0.0109349168619497","false","0","PRSS46P","0"
"0.0","0.0","0.0","0.06666666666666667","0","6","6","false","RAI2","RAI2","807.5","0.002564823","5.79087E-4","0.004550559","0","0","0.00357084541048898","false","0","RAI2","0"
"0.0","0.0","0.0","0.16666666666666666","0","3","3","false","RNF128","RNF128","1106.3333333333333","5.226005E-4","7.4454E-4","3.00661E-4","0","0","0.00498489125354895","false","0","RNF128","0"
"0.0","0.0","0.0","0.05","0","5","5","false","XBP1","XBP1","684.8","0.005598739","0.011197478","0.0","0","0","0.00234118982205004","false","0","XBP1","0"
"0.0","0.0","0.0","0.16666666666666666","0","3","3","false","LPIN1","LPIN1","1235.3333333333333","2.895435E-4","5.79087E-4","0.0","0","0","9.26478298101297E-4","false","0","LPIN1","0"
"0.0","0.0","0.0","0.3","0","5","5","false","SUN2","SUN2","1116.2","0.006353884","0.012607548","1.0022E-4","0","0","0.00500646814198589","false","0","SUN2","0"
"2.443484353106025","2.69995711120966","0.4092516486667304","0.0017078943057409646","5","764","9","false","TFEB","TFEB","21.829815303430077","2.0487851055","1.242159985","2.855410226","755","4","2.41857183423529","false","1","TFEB","1022848639"
"0.0","0.0","0.0","0.3333333333333333","0","3","3","false","IAH1","IAH1","1496.3333333333333","0.006179684","0.012359368","0.0","0","0","0.00244169906890075","false","0","IAH1","0"
"0.0","0.0","0.0","0.05","0","5","5","false","ALKBH1","ALKBH1","929.8","4.3987400000000004E-4","5.79087E-4","3.00661E-4","0","0","0.00163465883496843","false","0","ALKBH1","0"
"0.0","0.0","0.0","0.09047619047619047","0","15","15","false","CLK4","CLK4","692.5333333333333","0.0153942725","0.017420207","0.013368338","0","0","0.0221355828829117","false","0","CLK4","0"
"0.0","0.0","0.0","0.16666666666666666","0","4","4","false","ENSG00000277758.6","ENSG00000277758.6","1273.75","0.006380125","0.012359368","4.00882E-4","0","0","0.00280277942131517","false","0","ENSG00000277758.6","0"
"0.0","0.0","0.0","0.047619047619047616","0","7","7","false","BACE1-AS","BACE1-AS","738.7142857142857","0.0054425455","0.010283768","6.01323E-4","0","0","0.00378254497258109","false","0","BACE1-AS","0"
"0.0","0.0","0.0","0.16666666666666666","0","4","4","false","PCCB","PCCB","861.5","4.899845E-4","5.79087E-4","4.00882E-4","0","0","0.00394557309042074","false","0","PCCB","0"
"0.0","0.0","0.0","0.17857142857142858","0","8","8","false","NPHP3","NPHP3","1022.75","0.009728776500000001","0.018254907","0.001202646","0","0","0.0120104577623654","false","0","NPHP3","0"
"0.0","0.0","0.0","0.1","0","6","6","false","TFDP2","TFDP2","787.6666666666666","0.0026055905","0.004810299","4.00882E-4","0","0","0.00273551200018883","false","0","TFDP2","0"
"0.0","0.0","0.0","0.05555555555555555","0","9","9","false","AMPD1","AMPD1","549.6666666666666","0.002011012","7.4454E-4","0.003277484","0","0","0.00442675718789291","false","0","AMPD1","0"
"0.0","0.0","0.0","0.3333333333333333","0","4","4","false","FUCA2","FUCA2","1107.25","4.31127E-4","6.61813E-4","2.00441E-4","0","0","0.00357579405984552","false","0","FUCA2","0"
"0.0","0.0","0.0","0.0","0","4","4","false","AGMAT","AGMAT","642.75","0.0013683254999999998","6.61813E-4","0.002074838","0","0","9.52461127940308E-4","false","0","AGMAT","0"
"0.0","0.0","0.0","0.16666666666666666","0","3","3","false","NUMBL","NUMBL","941.3333333333334","0.001364894","0.002429127","3.00661E-4","0","0","0.00234118982205004","false","0","NUMBL","0"
"0.0","0.0","0.0","0.08928571428571429","0","8","8","false","SRSF11","SRSF11","791.625","0.004000526","0.007800611","2.00441E-4","0","0","0.00577750039028634","false","0","SRSF11","0"
"0.0","0.0","0.0","0.5","0","2","2","false","HCCS","HCCS","1476.5","3.89764E-4","5.79087E-4","2.00441E-4","0","0","0.00156244276448554","false","0","HCCS","0"
"0.0","0.0","0.0","0.0","0","3","3","false","ACOT2","ACOT2","1056.0","3.89764E-4","5.79087E-4","2.00441E-4","0","0","2.40720234942949E-4","false","0","ACOT2","0"
"0.0","0.0","0.0","0.2","0","5","5","false","ZFAND5","ZFAND5","904.4","0.005722829","0.011445658","0.0","0","0","0.00434386004901933","false","0","ZFAND5","0"
"0.0","0.0","0.0","0.16666666666666666","0","3","3","false","GGCT","GGCT","930.0","0.0011318365","0.002263673","0.0","0","0","0.00404608233727145","false","0","GGCT","0"
"0.0","0.0","0.0","0.25","0","4","4","false","ZC3H3","ZC3H3","922.25","2.919143355393779E-4","8.27266710787558E-5","5.01102E-4","0","0","0.00503079653789391","false","0","ZC3H3","0"
"0.0","0.0","0.0","0.2","0","5","5","false","DDX11","DDX11","711.2","0.0036696195","0.007138798","2.00441E-4","0","0","0.0044882921899851","false","0","DDX11","0"
"0.0","0.0","0.0","0.07142857142857142","0","7","7","false","RNF10","RNF10","953.8571428571429","0.0072726245","0.014344808","2.00441E-4","0","0","0.00483947524368644","false","0","RNF10","0"
"0.0","0.0","0.0","0.25","0","4","4","false","TOMM34","TOMM34","1081.0","0.008170699","0.016341398","0.0","0","0","0.00616765768874619","false","0","TOMM34","0"
"0.0","0.0","0.0","0.25","0","4","4","false","NSUN2","NSUN2","1063.25","0.006279904500000001","0.012359368","2.00441E-4","0","0","0.00583783677182623","false","0","NSUN2","0"
"0.0","0.0","0.0","0.3333333333333333","0","4","4","false","ARHGAP6","ARHGAP6","1138.0","0.0066521745","0.013103908","2.00441E-4","0","0","0.00416618608232919","false","0","ARHGAP6","0"
"1.0","0.13150540680616926","1.0","0.0040592508189716565","1","119","4","false","KLF3","KLF3","42.12605042016807","0.086319758","0.150618058","0.022021458","115","0","0.120110889763621","false","0","KLF3","74505812"
"0.0","0.0","0.0","0.0","0","1","1","false","CLPTM1L","CLPTM1L","2283.0","3.89764E-4","5.79087E-4","2.00441E-4","0","0","1.92576187954359E-4","false","0","CLPTM1L","0"
"0.0","0.0","0.0","0.0","0","4","4","false","MRTO4","MRTO4","774.0","0.0011668245","0.001932767","4.00882E-4","0","0","0.00123090559804036","false","0","MRTO4","0"
"0.0","0.0","0.0","0.3333333333333333","0","4","4","false","MCUR1","MCUR1","1201.75","0.0019176439999999998","0.003534627","3.00661E-4","0","0","0.00513032191584788","false","0","MCUR1","0"
"0.0","0.0","0.0","0.2","0","5","5","false","MON2","MON2","940.2","9.011505E-4","0.00160186","2.00441E-4","0","0","0.00372022620081129","false","0","MON2","0"
"0.0","0.0","0.0","0.14285714285714285","0","7","7","false","ENSA","ENSA","832.4285714285714","0.0019935179999999997","9.09993E-4","0.003077043","0","0","0.00999334178576474","false","0","ENSA","0"
"0.0","0.0","0.0","0.09523809523809523","0","7","7","false","DYNC2I1","DYNC2I1","726.4285714285714","0.0017692074999999998","6.61813E-4","0.002876602","0","0","0.00400909048274283","false","0","DYNC2I1","0"
"0.0","0.0","0.0","0.3333333333333333","0","3","3","false","METTL22","METTL22","1409.6666666666667","0.0073572095","0.014513978","2.00441E-4","0","0","0.00407635790386917","false","0","METTL22","0"
"0.0","0.0","0.0","0.26666666666666666","0","6","6","false","RAB35","RAB35","944.1666666666666","0.009886137500000001","0.019672055","1.0022E-4","0","0","0.00575118960414841","false","0","RAB35","0"
"0.0","0.0","0.0","0.13333333333333333","0","6","6","false","ISOC1","ISOC1","939.3333333333334","0.0031671835","0.006133926","2.00441E-4","0","0","0.00641458146679257","false","0","ISOC1","0"
"0.0","0.0","0.0","0.25","0","4","4","false","MASP1","MASP1","1014.0","0.006330014500000001","0.012359368","3.00661E-4","0","0","0.00335419719904033","false","0","MASP1","0"
"0.0","0.0","0.0","0.2","0","5","5","false","ARF1","ARF1","1043.2","0.0065280845","0.012855728","2.00441E-4","0","0","0.00498588977488211","false","0","ARF1","0"
"0.0","0.0","0.0","0.5","0","3","3","false","HSD17B10","HSD17B10","1495.6666666666667","0.0040646070000000005","5.79087E-4","0.007550127","0","0","0.00338249037540815","false","0","HSD17B10","0"
"1.0","5.197600525048367E-4","1.0","0.07272727272727272","1","11","3","false","NFKB2","NFKB2","365.09090909090907","0.003816426835539378","8.27266710787558E-5","0.007550127","8","0","0.0171665048191302","false","0","NFKB2","128364"
"0.0","0.0","0.0","0.0","0","2","2","false","SLC25A3","SLC25A3","1206.5","3.89764E-4","5.79087E-4","2.00441E-4","0","0","1.92576187954359E-4","false","0","SLC25A3","0"
"0.0","0.0","0.0","0.0","0","5","5","false","HSP90AA1","HSP90AA1","563.6","3.89764E-4","5.79087E-4","2.00441E-4","0","0","0.00119318136288326","false","0","HSP90AA1","0"
"0.0","0.0","0.0","0.16666666666666666","0","6","6","false","SRPRB","SRPRB","940.3333333333334","0.008294789","0.016589578","0.0","0","0","0.0121849507182733","false","0","SRPRB","0"
"0.0","0.0","0.0","0.3","0","5","5","false","SDF4","SDF4","979.8","0.0085954505","0.016589578","6.01323E-4","0","0","0.00910617057286634","false","0","SDF4","0"
"0.0","0.0","0.0","0.02727272727272727","0","11","11","false","CHRNA10","CHRNA10","498.72727272727275","7.381645E-4","0.001075447","4.00882E-4","0","0","0.00534993638642318","false","0","CHRNA10","0"
"0.0","0.0","0.0","0.5","0","2","2","false","MUL1","MUL1","1476.5","3.89764E-4","5.79087E-4","2.00441E-4","0","0","0.00156244276448554","false","0","MUL1","0"
"0.0","0.0","0.0","0.25","0","4","4","false","MRPS30","MRPS30","1294.0","0.00837114","0.016341398","4.00882E-4","0","0","0.0067736794289771","false","0","MRPS30","0"
"0.0","0.0","0.0","0.03308823529411765","0","17","17","false","CDKN1C","CDKN1C","435.5882352941176","0.007200635","0.011524668","0.002876602","0","0","0.0131892594171028","false","0","CDKN1C","0"
"0.0","0.0","0.0","0.5","0","2","2","false","CTTN","CTTN","1330.0",,,"5.01102E-4","0","0","0.00404608233727145","false","0","CTTN","0"
"0.0","0.0","0.0","0.0","0","3","3","false","FH","FH","911.0","4.31127E-4","6.61813E-4","2.00441E-4","0","0","6.44734728430218E-4","false","0","FH","0"
"0.0","0.0","0.0","0.1111111111111111","0","9","9","false","OSGEP","OSGEP","512.4444444444445","3.484005E-4","4.9636E-4","2.00441E-4","0","0","0.0261098180685032","false","0","OSGEP","0"
"0.0","0.0","0.0","0.15","0","5","5","false","RPA1","RPA1","801.2","0.0071007955","0.013600268","6.01323E-4","0","0","0.00553532516237736","false","0","RPA1","0"
"0.0","0.0","0.0","0.5","0","2","2","false","MYO9B","MYO9B","2025.0","5.55217E-4","9.09993E-4","2.00441E-4","0","0","0.00311993687961454","false","0","MYO9B","0"
"0.0","0.0","0.0","0.6666666666666666","0","3","3","false","DESI1","DESI1","1334.3333333333333","0.006229794","0.012359368","1.0022E-4","0","0","0.00402175394136342","false","0","DESI1","0"
"2.4207146193367586","2.278522261017451","0.41310115286286236","0.007977618953948376","4","305","10","false","HES1","HES1","58.082508250825086","1.6611289645","2.976930034","0.345327895","295","2","2.31509145177032","false","0","HES1","685521316"
"0.0","0.0","0.0","0.125","0","8","8","false","TRMU","TRMU","785.75","0.011734223500000002","0.023067565","4.00882E-4","0","0","0.00938138752728055","false","0","TRMU","0"
"0.0","0.0","0.0","0.5","0","3","3","false","DOK5","DOK5","1398.0","0.001619354","0.003038267","2.00441E-4","0","0","0.00616765768874619","false","0","DOK5","0"
"0.0","0.0","0.0","0.5","0","2","2","false","ABHD12","ABHD12","1330.0","4.3987400000000004E-4","5.79087E-4","3.00661E-4","0","0","0.00404608233727145","false","0","ABHD12","0"
"0.0","0.0","0.0","0.5833333333333334","0","4","4","false","CEBPZ","CEBPZ","1156.75","0.007478911","0.011197478","0.003760344","0","0","0.00609169158945906","false","0","CEBPZ","0"
"0.0","0.0","0.0","0.07241379310344828","0","30","30","false","HM13","HM13","241.43333333333334","3.74641E-4","2.4818E-4","5.01102E-4","0","0","0.108027448788295","false","0","HM13","0"
"0.0","0.0","0.0","0.25","0","4","4","false","CMC2","CMC2","841.25","0.0012646735","0.002429127","1.0022E-4","0","0","0.00621652923221779","false","0","CMC2","0"
"0.0","0.0","0.0","0.0","0","3","3","false","STX4","STX4","1060.3333333333333","3.24531E-4","2.4818E-4","4.00882E-4","0","0","4.57368446391604E-4","false","0","STX4","0"
"0.0","0.0","0.0","0.14285714285714285","0","7","7","false","TSNAX","TSNAX","813.2857142857143","0.004391078","0.002263673","0.006518483","0","0","0.00853635691748645","false","0","TSNAX","0"
"0.0","0.0","0.0","0.08333333333333333","0","4","4","false","C19orf44","C19orf44","804.25","0.0058230495","0.011445658","2.00441E-4","0","0","0.00234118982205004","false","0","C19orf44","0"
"0.0","0.0","0.0","0.25","0","4","4","false","PCDH8","PCDH8","752.5","0.00250537","0.004810299","2.00441E-4","0","0","0.00361971695396058","false","0","PCDH8","0"
"0.0","0.0","0.0","0.16666666666666666","0","6","6","false","PRUNE2","PRUNE2","863.6666666666666","0.0065781945000000005","0.012855728","3.00661E-4","0","0","0.00799265394902535","false","0","PRUNE2","0"
"0.0","0.0","0.0","0.4166666666666667","0","4","4","false","CAMSAP2","CAMSAP2","1007.5","0.005648849","0.011197478","1.0022E-4","0","0","0.00374851937717912","false","0","CAMSAP2","0"
"0.0","0.0","0.0","0.06666666666666667","0","6","6","false","CDK5RAP2","CDK5RAP2","836.8333333333334","7.882745E-4","0.001075447","5.01102E-4","0","0","0.00375920044556981","false","0","CDK5RAP2","0"
"0.0","0.0","0.0","0.08333333333333333","0","4","4","false","ZPR1","ZPR1","817.75","3.658945E-4","3.30907E-4","4.00882E-4","0","0","0.00274619306857952","false","0","ZPR1","0"
"0.0","0.0","0.0","0.0","0","1","1","false","RAB5C","RAB5C","2283.0",,,"2.00441E-4","0","0","1.92576187954359E-4","false","0","RAB5C","0"
"0.0","0.0","0.0","0.16666666666666666","0","4","4","false","DTX4","DTX4","867.5","2.919143355393779E-4","8.27266710787558E-5","5.01102E-4","0","0","0.00515959896111245","false","0","DTX4","0"
"0.0","0.0","0.0","0.0","0","2","2","false","HSPA8","HSPA8","1191.5","2.6567400000000003E-4","3.30907E-4","2.00441E-4","0","0","0.00189647995013355","false","0","HSPA8","0"
"0.0","0.0","0.0","0.5","0","3","3","false","PITPNM1","PITPNM1","948.6666666666666","0.0013322775","0.002263673","4.00882E-4","0","0","0.0058710785975506","false","0","PITPNM1","0"
"0.0","0.0","0.0","0.041666666666666664","0","9","9","false","SMARCA5","SMARCA5","600.3333333333334","0.006245412499999999","0.008129158","0.004361667","0","0","0.00780528278284126","false","0","SMARCA5","0"
"0.0","0.0","0.0","0.3333333333333333","0","4","4","false","GPN3","GPN3","1130.5","4.8123700000000003E-4","6.61813E-4","3.00661E-4","0","0","0.00436720457603062","false","0","GPN3","0"
"0.0","0.0","0.0","0.5","0","2","2","false","ATP5F1B","ATP5F1B","1476.5","0.0040646070000000005","5.79087E-4","0.007550127","0","0","0.00156244276448554","false","0","ATP5F1B","0"
"0.0","0.0","0.0","0.3333333333333333","0","3","3","false","MTRF1L","MTRF1L","1332.0","0.006279904500000001","0.012359368","2.00441E-4","0","0","0.00268664045671723","false","0","MTRF1L","0"
"0.0","0.0","0.0","0.25","0","4","4","false","ATP6V0E1","ATP6V0E1","1093.25","0.006430235","0.012359368","5.01102E-4","0","0","0.00655703121752844","false","0","ATP6V0E1","0"
"0.0","0.0","0.0","0.0","0","4","4","false","MARK1","MARK1","759.25","5.13854E-4","8.27267E-4","2.00441E-4","0","0","0.0010006051749289","false","0","MARK1","0"
"0.0","0.0","0.0","0.25","0","4","4","false","IGFBP2","IGFBP2","1251.5","0.006403994499999999","0.012607548","2.00441E-4","0","0","0.00372794101007534","false","0","IGFBP2","0"
"0.0","0.0","0.0","0.5","0","2","2","false","ATP5PB","ATP5PB","1476.5","3.89764E-4","5.79087E-4","2.00441E-4","0","0","0.00156244276448554","false","0","ATP5PB","0"
"0.0","0.0","0.0","0.5","0","2","2","false","SATB2","SATB2","1295.5","0.0056989595","0.011197478","2.00441E-4","0","0","0.00212454161060139","false","0","SATB2","0"
"0.0","0.0","0.0","0.16666666666666666","0","7","7","false","ZDHHC5","ZDHHC5","1041.857142857143","0.007742074999999999","0.012607548","0.002876602","0","0","0.00772338416530084","false","0","ZDHHC5","0"
"0.0","0.0","0.0","0.5","0","2","2","false","UCHL3","UCHL3","1330.0","0.001232057","0.002263673","2.00441E-4","0","0","0.00404608233727145","false","0","UCHL3","0"
"0.0","0.0","0.0","0.04230565838180857","0","62","62","false","TMEM214","TMEM214","221.74193548387098",,,"2.00441E-4","0","0","0.232607355537167","false","0","TMEM214","0"
"0.0","0.0","0.0","0.16666666666666666","0","3","3","false","TCTN3","TCTN3","1011.0","3.484005E-4","4.9636E-4","2.00441E-4","0","0","0.00131163067401002","false","0","TCTN3","0"
"0.0","0.0","0.0","0.0","0","2","2","false","CUTC","CUTC","1206.5",,,"2.00441E-4","0","0","1.92576187954359E-4","false","0","CUTC","0"
"0.0","0.0","0.0","0.16666666666666666","0","3","3","false","ESYT3","ESYT3","1171.6666666666667","3.89764E-4","5.79087E-4","2.00441E-4","0","0","0.00170687490545131","false","0","ESYT3","0"
"0.0","0.0","0.0","0.0","0","1","1","false","ENY2","ENY2","2283.0",,,"2.00441E-4","0","0","1.92576187954359E-4","false","0","ENY2","0"
"0.0","0.0","0.0","0.16666666666666666","0","3","3","false","COPA","COPA","996.0","3.8101650000000003E-4","6.61813E-4","1.0022E-4","0","0","0.0018796002227849","false","0","COPA","0"
"0.0","0.0","0.0","0.11538461538461539","0","14","14","false","ADAMTSL4","ADAMTSL4","795.0","0.0320351615","0.060592398","0.003477925","0","0","0.0200345858985408","false","0","ADAMTSL4","0"
"0.0","0.0","0.0","0.0","0","2","2","false","GTF3A","GTF3A","1231.0","3.89764E-4","5.79087E-4","2.00441E-4","0","0","2.88864281931539E-4","false","0","GTF3A","0"
"0.0","0.0","0.0","0.5","0","3","3","false","NDUFAF4","NDUFAF4","1495.6666666666667","0.0040646070000000005","5.79087E-4","0.007550127","0","0","0.00338249037540815","false","0","NDUFAF4","0"
"0.0","0.0","0.0","0.0","0","3","3","false","ANXA11","ANXA11","993.6666666666666","2.418043355393779E-4","8.27266710787558E-5","4.00882E-4","0","0","7.41022822407398E-4","false","0","ANXA11","0"
"0.0","0.0","0.0","0.3333333333333333","0","4","4","false","ATAD3B","ATAD3B","1198.0","0.0065280845","0.012855728","2.00441E-4","0","0","0.00429498850554773","false","0","ATAD3B","0"
"0.0","0.0","0.0","0.16666666666666666","0","4","4","false","RAB9B","RAB9B","1026.0","9.011505E-4","0.00160186","2.00441E-4","0","0","0.00206795525786573","false","0","RAB9B","0"
"0.0","0.0","0.0","0.3333333333333333","0","3","3","false","TIMM8A","TIMM8A","1110.0","0.001232057","0.002263673","2.00441E-4","0","0","0.00513130578474462","false","0","TIMM8A","0"
"0.0","0.0","0.0","0.08928571428571429","0","8","8","false","NYAP2","NYAP2","599.0","0.006225723000000001","9.9272E-4","0.011458726","0","0","0.00698162896226496","false","0","NYAP2","0"
"0.0","0.0","0.0","0.3333333333333333","0","3","3","false","KTN1","KTN1","1332.0","0.006279904500000001","0.012359368","2.00441E-4","0","0","0.00268664045671723","false","0","KTN1","0"
"0.0","0.0","0.0","0.0","0","2","2","false","PKMYT1","PKMYT1","1270.0","1.002205E-4","0.0","2.00441E-4","0","0","0.00204091209109932","false","0","PKMYT1","0"
"0.0","0.0","0.0","0.05789473684210526","0","20","20","false","HIVEP3","HIVEP3","365.65","5.400945E-4","5.79087E-4","5.01102E-4","0","0","0.044005814830487","false","0","HIVEP3","0"
"0.0","0.0","0.0","0.017857142857142856","0","8","8","false","FAM50B","FAM50B","614.375","0.0016928565","9.09993E-4","0.00247572","0","0","0.00332095537331596","false","0","FAM50B","0"
"0.0","0.0","0.0","0.09523809523809523","0","7","7","false","MMUT","MMUT","701.1428571428571","0.008170699","0.016341398","0.0","0","0","0.0072685108539666","false","0","MMUT","0"
"0.0","0.0","0.0","0.3333333333333333","0","3","3","false","UBA1","UBA1","1332.0","0.006279904500000001","0.012359368","2.00441E-4","0","0","0.00268664045671723","false","0","UBA1","0"
"0.0","0.0","0.0","0.0","0","6","6","false","ASB10","ASB10","657.1666666666666","6.31568E-4","6.61813E-4","6.01323E-4","0","0","0.00153863199755045","false","0","ASB10","0"
"0.0","0.0","0.0","0.4166666666666667","0","4","4","false","EXOSC2","EXOSC2","1104.5","0.0065781945000000005","0.012855728","3.00661E-4","0","0","0.00483374282465229","false","0","EXOSC2","0"
"0.0","0.0","0.0","0.16666666666666666","0","4","4","false","CKMT2","CKMT2","865.0","0.001232057","0.002263673","2.00441E-4","0","0","0.00513130578474462","false","0","CKMT2","0"
"0.0","0.0","0.0","0.2","0","5","5","false","RLIM","RLIM","904.4","0.0099601175","0.019920235","0.0","0","0","0.00434386004901933","false","0","RLIM","0"
"0.0","0.0","0.0","0.07936507936507936","0","28","28","false","DPH2","DPH2","336.10714285714283","0.0064541045","0.012607548","3.00661E-4","0","0","0.0903075584536457","false","0","DPH2","0"
"0.0","0.0","0.0","0.0","0","1","1","false","THUMPD3","THUMPD3","2283.0",,,"2.00441E-4","0","0","1.92576187954359E-4","false","0","THUMPD3","0"
"0.0","0.0","0.0","0.11904761904761904","0","7","7","false","EIF4EBP2","EIF4EBP2","811.0","0.00745743","0.014513978","4.00882E-4","0","0","0.00597357023463121","false","0","EIF4EBP2","0"
"0.0","0.0","0.0","0.16666666666666666","0","3","3","false","LAMTOR5","LAMTOR5","977.3333333333334","4.31127E-4","6.61813E-4","2.00441E-4","0","0","0.00149022669400266","false","0","LAMTOR5","0"
"0.0","0.0","0.0","0.3333333333333333","0","3","3","false","NARS1","NARS1","1315.6666666666667","0.006179684","0.012359368","0.0","0","0","0.00229726692793498","false","0","NARS1","0"
"0.0","0.0","0.0","0.05","0","5","5","false","LRPAP1","LRPAP1","806.8","5.13854E-4","8.27267E-4","2.00441E-4","0","0","0.00453596511290441","false","0","LRPAP1","0"
"0.0","0.0","0.0","0.0","0","3","3","false","PSMB7","PSMB7","1021.0","5.13854E-4","8.27267E-4","2.00441E-4","0","0","6.44734728430218E-4","false","0","PSMB7","0"
"0.0","0.0","0.0","0.16666666666666666","0","7","7","false","SMPD4BP","SMPD4BP","1010.5714285714286","0.008708935","0.016916768","5.01102E-4","0","0","0.0096469072822008","false","0","SMPD4BP","0"
"0.0","0.0","0.0","0.0","0","2","2","false","GRHPR","GRHPR","1206.5","3.89764E-4","5.79087E-4","2.00441E-4","0","0","1.92576187954359E-4","false","0","GRHPR","0"
"0.0","0.0","0.0","0.23333333333333334","0","6","6","false","NUBPL","NUBPL","911.0","0.0064546055","0.004810299","0.008098912","0","0","0.00821623320006044","false","0","NUBPL","0"
"0.0","0.0","0.0","0.5","0","3","3","false","APTX","APTX","948.6666666666666","0.0012821669999999999","0.002263673","3.00661E-4","0","0","0.0058710785975506","false","0","APTX","0"
"0.0","0.0","0.0","0.25","0","4","4","false","TTLL7","TTLL7","939.5","0.002242067","0.003983032","5.01102E-4","0","0","0.00503079653789391","false","0","TTLL7","0"
"0.0","0.0","0.0","0.3333333333333333","0","3","3","false","FDX1","FDX1","1315.6666666666667","0.006279904500000001","0.012359368","2.00441E-4","0","0","0.00229726692793498","false","0","FDX1","0"
"0.0","0.0","0.0","0.13333333333333333","0","6","6","false","ABI2","ABI2","819.6666666666666","0.006678415","0.012855728","5.01102E-4","0","0","0.00736902010081731","false","0","ABI2","0"
"0.0","0.0","0.0","0.5","0","5","5","false","ABCA6","ABCA6","1393.4","0.0138157335","0.026729483","9.01984E-4","0","0","0.0111751243520652","false","0","ABCA6","0"
"0.0","0.0","0.0","0.23333333333333334","0","6","6","false","PIP4P1","PIP4P1","872.6666666666666","0.008610776","0.011197478","0.006024074","0","0","0.00856366622495753","false","0","PIP4P1","0"
"0.0","0.0","0.0","0.0","0","2","2","false","SRP14","SRP14","1206.5",,,"2.00441E-4","0","0","1.92576187954359E-4","false","0","SRP14","0"
"0.0","0.0","0.0","0.25","0","4","4","false","FBH1","FBH1","1207.25","0.002041626","0.003983032","1.0022E-4","0","0","0.00146780422029387","false","0","FBH1","0"
"0.0","0.0","0.0","0.0","0","2","2","false","SNRPF","SNRPF","1206.5",,,"2.00441E-4","0","0","1.92576187954359E-4","false","0","SNRPF","0"
"0.0","0.0","0.0","0.16666666666666666","0","4","4","false","KIFC3","KIFC3","861.25","0.0011493305","0.00209822","2.00441E-4","0","0","0.00378749362193764","false","0","KIFC3","0"
"0.0","0.0","0.0","0.3333333333333333","0","3","3","false","MIEN1","MIEN1","1046.3333333333333","4.3987400000000004E-4","5.79087E-4","3.00661E-4","0","0","0.0027198822824416","false","0","MIEN1","0"
"0.0","0.0","0.0","0.18888888888888888","0","10","10","false","TMEM237","TMEM237","898.0","0.026940958499999997","0.048128713","0.005753204","0","0","0.0183051502357558","false","0","TMEM237","0"
"0.0","0.0","0.0","0.08333333333333333","0","4","4","false","SLC14A1","SLC14A1","785.25","4.2238000000000003E-4","7.4454E-4","1.0022E-4","0","0","0.00436323979557081","false","0","SLC14A1","0"
"0.0","0.0","0.0","0.3","0","5","5","false","NUDT13","NUDT13","1092.4","0.006403994499999999","0.012607548","2.00441E-4","0","0","0.00614827794219471","false","0","NUDT13","0"
"0.0","0.0","0.0","0.0","0","1","1","false","AKT1","AKT1","2283.0",,,"2.00441E-4","0","0","1.92576187954359E-4","false","0","AKT1","0"
"0.0","0.0","0.0","0.16666666666666666","0","6","6","false","PRDM15","PRDM15","929.6666666666666","0.012792353999999999","0.025384267","2.00441E-4","0","0","0.0071104313854835","false","0","PRDM15","0"
"0.0","0.0","0.0","0.35","0","5","5","false","ARHGAP36","ARHGAP36","1143.6","0.0100788375","0.012607548","0.007550127","0","0","0.00828548301141669","false","0","ARHGAP36","0"
"0.0","0.0","0.0","0.5","0","2","2","false","DCDC2","DCDC2","1234.5","3.3965350000000004E-4","5.79087E-4","1.0022E-4","0","0","0.00163465883496843","false","0","DCDC2","0"
"0.0","0.0","0.0","0.5","0","2","2","false","MRPS28","MRPS28","1330.0","0.001232057","0.002263673","2.00441E-4","0","0","0.00404608233727145","false","0","MRPS28","0"
"0.0","0.0","0.0","0.25","0","4","4","false","VLDLR","VLDLR","959.0","2.744205E-4","2.4818E-4","3.00661E-4","0","0","0.0027198822824416","false","0","VLDLR","0"
"0.0","0.0","0.0","0.23333333333333334","0","6","6","false","C16orf86","C16orf86","1101.3333333333333","0.011446538499999999","0.022492195","4.00882E-4","0","0","0.00517919345931948","false","0","C16orf86","0"
"0.0","0.0","0.0","0.25","0","5","5","false","PRDX2","PRDX2","940.2","0.001632939","0.002263673","0.001002205","0","0","0.0127705941906196","false","0","PRDX2","0"
"0.0","0.0","0.0","0.0","0","4","4","false","AOPEP","AOPEP","780.25","1.415838355393779E-4","8.27266710787558E-5","2.00441E-4","0","0","2.16648211448654E-4","false","0","AOPEP","0"
"0.0","0.0","0.0","0.06666666666666667","0","6","6","false","THAP12","THAP12","945.5","5.814575E-4","6.61813E-4","5.01102E-4","0","0","0.00260176092761375","false","0","THAP12","0"
"0.0","0.0","0.0","0.047619047619047616","0","7","7","false","SLC25A4","SLC25A4","654.1428571428571","0.0040646070000000005","5.79087E-4","0.007550127","0","0","0.00398851211563906","false","0","SLC25A4","0"
"0.0","0.0","0.0","0.05357142857142857","0","8","8","false","ZYG11B","ZYG11B","620.875","0.0017482819999999999","0.00259458","9.01984E-4","0","0","0.00638727215932149","false","0","ZYG11B","0"
"0.0","0.0","0.0","0.0","0","1","1","false","ADGRF4","ADGRF4","2283.0",,,"2.00441E-4","0","0","1.92576187954359E-4","false","0","ADGRF4","0"
"0.0","0.0","0.0","0.13333333333333333","0","6","6","false","SPSB3","SPSB3","841.8333333333334","0.0050904265","0.007304251","0.002876602","0","0","0.00709875179575964","false","0","SPSB3","0"
"0.0","0.0","0.0","0.07019704433497537","0","30","30","false","C18orf25","C18orf25","318.41379310344826","4.5736750000000004E-4","4.13633E-4","5.01102E-4","0","1","0.0851354961331318","false","0","C18orf25","0"
"0.0","0.0","0.0","0.047619047619047616","0","7","7","false","DDAH1","DDAH1","578.5714285714286","4.8123700000000003E-4","6.61813E-4","3.00661E-4","0","0","0.00342641326952321","false","0","DDAH1","0"
"0.0","0.0","0.0","0.03333333333333333","0","6","6","false","CEP112","CEP112","617.3333333333334","7.64405E-4","8.27267E-4","7.01543E-4","0","0","0.00486875228895101","false","0","CEP112","0"
"0.0","0.0","0.0","0.047379032258064516","0","32","32","false","ZNF507","ZNF507","266.90625","0.005722829","0.011445658","0.0","0","0","0.0765777477739911","false","0","ZNF507","0"
"0.0","0.0","0.0","0.0","0","5","5","false","PXYLP1","PXYLP1","785.2","2.418043355393779E-4","8.27266710787558E-5","4.00882E-4","0","0","9.04317080951718E-4","false","0","PXYLP1","0"
"0.0","0.0","0.0","0.09848484848484848","0","12","12","false","SLC16A1","SLC16A1","516.5","0.0083210295","0.016341398","3.00661E-4","0","0","0.0209203583916677","false","0","SLC16A1","0"
"0.0","0.0","0.0","0.08333333333333333","0","4","4","false","NPTN","NPTN","837.0","4.072575E-4","4.13633E-4","4.00882E-4","0","0","0.0022123873988315","false","0","NPTN","0"
"0.0","0.0","0.0","0.0","0","2","2","false","EIF5B","EIF5B","1231.0","3.89764E-4","5.79087E-4","2.00441E-4","0","0","2.88864281931539E-4","false","0","EIF5B","0"
"0.0","0.0","0.0","0.08928571428571429","0","8","8","false","NEK10","NEK10","935.5","0.008510865500000001","0.016420408","6.01323E-4","0","0","0.00789412709240454","false","0","NEK10","0"
"0.0","0.0","0.0","0.0","0","1","1","false","MIX23","MIX23","2283.0",,,"2.00441E-4","0","0","1.92576187954359E-4","false","0","MIX23","0"
"0.0","0.0","0.0","0.095","0","25","25","false","LIMS1","LIMS1","391.48","0.0073377015","0.011197478","0.003477925","0","0","0.102267545853549","false","0","LIMS1","0"
"0.0","0.0","0.0","0.10714285714285714","0","8","8","false","KIAA1143","KIAA1143","768.875","0.006754766","0.012607548","9.01984E-4","0","0","0.00657662571573548","false","0","KIAA1143","0"
"0.0","0.0","0.0","0.0","0","1","1","false","SHKBP1","SHKBP1","2283.0",,,"2.00441E-4","0","0","1.92576187954359E-4","false","0","SHKBP1","0"
"0.0","0.0","0.0","0.5","0","2","2","false","DCXR","DCXR","2025.0","7.405355E-4","5.79087E-4","9.01984E-4","0","0","0.00311993687961454","false","0","DCXR","0"
"0.0","0.0","0.0","0.16666666666666666","0","4","4","false","KALRN","KALRN","957.0","2.6567400000000003E-4","3.30907E-4","2.00441E-4","0","0","0.00195181629326779","false","0","KALRN","0"
"0.0","0.0","0.0","0.0","0","4","4","false","SLC25A44","SLC25A44","833.0","3.89764E-4","5.79087E-4","2.00441E-4","0","0","2.88864281931539E-4","false","0","SLC25A44","0"
"0.0","0.0","0.0","0.25","0","4","4","false","STX8","STX8","908.75","0.0013975105","0.00259458","2.00441E-4","0","0","0.0060438039148842","false","0","STX8","0"
"0.0","0.0","0.0","0.5","0","3","3","false","SELENON","SELENON","948.6666666666666","4.899845E-4","5.79087E-4","4.00882E-4","0","0","0.0058710785975506","false","0","SELENON","0"
"0.0","0.0","0.0","0.03333333333333333","0","6","6","false","AFG3L2","AFG3L2","830.5","7.64405E-4","8.27267E-4","7.01543E-4","0","0","0.00329266219694813","false","0","AFG3L2","0"
"0.0","0.0","0.0","0.3333333333333333","0","4","4","false","CHCHD4","CHCHD4","1033.25","0.006229794","0.012359368","1.0022E-4","0","0","0.00402175394136342","false","0","CHCHD4","0"
"0.0","0.0","0.0","0.5","0","2","2","false","STT3B","STT3B","1234.5","4.3987400000000004E-4","5.79087E-4","3.00661E-4","0","0","0.00163465883496843","false","0","STT3B","0"
"0.0","0.0","0.0","0.19444444444444445","0","9","9","false","FRMD3","FRMD3","1009.2222222222222","0.015903944","0.016341398","0.01546649","0","0","0.0188603180422852","false","0","FRMD3","0"
"0.0","0.0","0.0","0.15","0","5","5","false","RPTOR","RPTOR","1112.6","0.0025705974999999997","5.79087E-4","0.004562108","0","0","0.00602619180690706","false","0","RPTOR","0"
"0.0","0.0","0.0","0.12222222222222222","0","10","10","false","IL31RA","IL31RA","417.7","4.3987400000000004E-4","5.79087E-4","3.00661E-4","0","0","0.0191784593694813","false","0","IL31RA","0"
"0.0","0.0","0.0","0.16666666666666666","0","3","3","false","ZNF614","ZNF614","931.0","0.005598739","0.011197478","0.0","0","0","0.00226897375156715","false","0","ZNF614","0"
"0.0","0.0","0.0","0.0","0","1","1","false","COG5","COG5","2283.0",,,"2.00441E-4","0","0","1.92576187954359E-4","false","0","COG5","0"
"0.0","0.0","0.0","0.06666666666666667","0","15","15","false","CTSB","CTSB","394.46666666666664","5.814575E-4","6.61813E-4","5.01102E-4","0","0","0.0281623583602773","false","0","CTSB","0"
"0.0","0.0","0.0","0.08333333333333333","0","4","4","false","RPL36AL","RPL36AL","791.0","0.003816426835539378","8.27266710787558E-5","0.007550127","0","0","0.0017790909759342","false","0","RPL36AL","0"
"0.0","0.0","0.0","0.2","0","6","6","false","FUNDC2","FUNDC2","909.6666666666666","0.0129455965","0.016837758","0.009053435","0","0","0.00922230953746429","false","0","FUNDC2","0"
"0.0","0.0","0.0","0.3","0","5","5","false","RET","RET","1243.6","0.006071229500000001","0.011942018","2.00441E-4","0","0","0.00790679055102513","false","0","RET","0"
"0.0","0.0","0.0","0.25","0","4","4","false","C16orf91","C16orf91","1242.5","0.006372389500000001","5.79087E-4","0.012165692","0","0","0.00546310909189448","false","0","C16orf91","0"
"0.0","0.0","0.0","0.35","0","5","5","false","RAPSN","RAPSN","1227.2","0.009093519","0.010035588","0.00815145","0","0","0.00778293677716313","false","0","RAPSN","0"
"0.0","0.0","0.0","0.1","0","5","5","false","LMO1","LMO1","669.4","0.0067022845","0.013103908","3.00661E-4","0","0","0.0042178237857083","false","0","LMO1","0"
"0.0","0.0","0.0","0.25","0","4","4","false","ABTB2","ABTB2","931.0","0.009936248","0.019672055","2.00441E-4","0","0","0.00360408723621335","false","0","ABTB2","0"
"0.0","0.0","0.0","0.15","0","5","5","false","PPP2R2D","PPP2R2D","1018.4","0.004138559","5.79087E-4","0.007698031","0","0","0.00465606885796215","false","0","PPP2R2D","0"
"0.0","0.0","0.0","0.14285714285714285","0","8","8","false","SCN3B","SCN3B","922.375","0.0102501735","0.019999245","5.01102E-4","0","0","0.0128058184065739","false","0","SCN3B","0"
"0.0","0.0","0.0","0.017241379310344827","0","29","29","false","TOMM5","TOMM5","323.3448275862069","0.006549273","5.79087E-4","0.012519459","0","0","0.0277112643826201","false","0","TOMM5","0"
"0.0","0.0","0.0","0.0","0","2","2","false","APBB1","APBB1","1401.0","1.415838355393779E-4","8.27266710787558E-5","2.00441E-4","0","0","5.48446634453039E-4","false","0","APBB1","0"
"0.0","0.0","0.0","0.26666666666666666","0","6","6","false","WSB2","WSB2","939.0","0.0080904755","0.013103908","0.003077043","0","0","0.00830606137852046","false","0","WSB2","0"
"0.0","0.0","0.0","0.0","0","2","2","false","SRRM3","SRRM3","1477.5","2.895435E-4","5.79087E-4","0.0","0","0","2.40720234942949E-4","false","0","SRRM3","0"
"0.0","0.0","0.0","0.08333333333333333","0","4","4","false","GLUD1","GLUD1","975.25","4.3987400000000004E-4","5.79087E-4","3.00661E-4","0","0","0.00209624843423356","false","0","GLUD1","0"
"0.0","0.0","0.0","0.03260869565217391","0","25","25","false","TMEM43","TMEM43","340.0833333333333","0.0042493845","0.008298328","2.00441E-4","0","1","0.0257784442646644","false","0","TMEM43","0"
"0.0","0.0","0.0","0.16666666666666666","0","4","4","false","THOP1","THOP1","900.5","4.31127E-4","6.61813E-4","2.00441E-4","0","0","0.00247494089462512","false","0","THOP1","0"
"0.0","0.0","0.0","0.10714285714285714","0","8","8","false","ZNF366","ZNF366","719.25","0.0111540535","0.020233269","0.002074838","0","0","0.00881928868116471","false","0","ZNF366","0"
"0.0","0.0","0.0","0.2","0","5","5","false","TUFM","TUFM","950.6","0.0013975105","0.00259458","2.00441E-4","0","0","0.00661085141035659","false","0","TUFM","0"
"0.0","0.0","0.0","0.1111111111111111","0","9","9","false","FAM83B","FAM83B","833.6666666666666","0.0150253625","0.029549623","5.01102E-4","0","0","0.00796832555311732","false","0","FAM83B","0"
"3.5963334890238206","0.07021816628814939","0.2780609760057145","0.0226890756302521","6","120","4","false","ESRRA","ESRRA","92.78333333333333","0.006403994499999999","0.012607548","2.00441E-4","116","0","0.605736156738023","false","0","ESRRA","22658532"
"0.0","0.0","0.0","0.0","0","2","2","false","UQCRH","UQCRH","1206.5","3.89764E-4","5.79087E-4","2.00441E-4","0","0","1.92576187954359E-4","false","0","UQCRH","0"
"0.0","0.0","0.0","0.4166666666666667","0","4","4","false","FKRP","FKRP","1192.5","0.0199297565","0.030287085","0.009572428","0","0","0.00758468444336922","false","0","FKRP","0"
"0.0","0.0","0.0","0.3333333333333333","0","3","3","false","ATP5MK","ATP5MK","1315.6666666666667","0.006279904500000001","0.012359368","2.00441E-4","0","0","0.00229726692793498","false","0","ATP5MK","0"
"0.0","0.0","0.0","0.0","0","1","1","false","SPTBN2","SPTBN2","2283.0",,,"2.00441E-4","0","0","1.92576187954359E-4","false","0","SPTBN2","0"
"0.0","0.0","0.0","0.2","0","6","6","false","NRROS","NRROS","685.6666666666666","0.0034715494999999997","0.006642438","3.00661E-4","0","0","0.00980498675068391","false","0","NRROS","0"
"0.0","0.0","0.0","0.0","0","3","3","false","YIF1A","YIF1A","906.3333333333334","3.89764E-4","5.79087E-4","2.00441E-4","0","0","0.00223348827905368","false","0","YIF1A","0"
"0.0","0.0","0.0","0.3333333333333333","0","3","3","false","DRAP1","DRAP1","1044.0",,,"0.00815145","0","0","0.00251886378874018","false","0","DRAP1","0"
"0.0","0.0","0.0","0.16666666666666666","0","3","3","false","MRPS22","MRPS22","1027.6666666666667",,,"0.007550127","0","0","0.00156244276448554","false","0","MRPS22","0"
"0.0","0.0","0.0","0.25","0","4","4","false","FAM210A","FAM210A","1154.25","0.0099547475","0.012359368","0.007550127","0","0","0.00338249037540815","false","0","FAM210A","0"
"0.0","0.0","0.0","0.0","0","2","2","false","B3GALT6","B3GALT6","1270.0","1.002205E-4","0.0","2.00441E-4","0","0","0.00204091209109932","false","0","B3GALT6","0"
"0.0","0.0","0.0","0.0","0","2","2","false","MAMDC4","MAMDC4","1206.5",,,"2.00441E-4","0","0","1.92576187954359E-4","false","0","MAMDC4","0"
"0.0","0.0","0.0","0.13333333333333333","0","6","6","false","CMC4","CMC4","918.1666666666666","0.003384307","7.4454E-4","0.006024074","0","0","0.005094313930216","false","0","CMC4","0"
"0.0","0.0","0.0","0.0","0","2","2","false","ZBTB42","ZBTB42","1230.5","2.6567400000000003E-4","3.30907E-4","2.00441E-4","0","0","7.89166869395988E-4","false","0","ZBTB42","0"
"0.0","0.0","0.0","0.06666666666666667","0","25","25","false","ABCA5","ABCA5","398.96","0.009886137500000001","0.019672055","1.0022E-4","0","0","0.0495508684719936","false","0","ABCA5","0"
"0.0","0.0","0.0","0.0","0","1","1","false","COX5A","COX5A","2283.0","3.89764E-4","5.79087E-4","2.00441E-4","0","0","1.92576187954359E-4","false","0","COX5A","0"
"0.0","0.0","0.0","0.03571428571428571","0","8","8","false","KCND3","KCND3","582.75","0.0102071295","0.019913157","5.01102E-4","0","0","0.00567184239485995","false","0","KCND3","0"
"0.0","0.0","0.0","0.15","0","5","5","false","TRAK1","TRAK1","929.0","5.313475E-4","6.61813E-4","4.00882E-4","0","0","0.00369964783370752","false","0","TRAK1","0"
"0.0","0.0","0.0","0.16666666666666666","0","3","3","false","SLC25A18","SLC25A18","1126.3333333333333","3.74641E-4","2.4818E-4","5.01102E-4","0","0","0.00455159483065164","false","0","SLC25A18","0"
"4.492760392340028","0.002581184609569619","0.2225803098035139","0.024977960622979724","7","83","2","false","MAFA","MAFA","80.57831325301204","2.243105E-4","2.4818E-4","2.00441E-4","81","0","0.256931380994242","false","0","MAFA","1087974"
"0.0","0.0","0.0","0.2","0","5","5","false","MYADML2","MYADML2","971.4","0.001314784","0.002429127","2.00441E-4","0","0","0.00681186990405801","false","0","MYADML2","0"
"0.0","0.0","0.0","0.5","0","3","3","false","NOC4L","NOC4L","1358.0","3.89764E-4","5.79087E-4","2.00441E-4","0","0","0.00544846324304398","false","0","NOC4L","0"
"0.0","0.0","0.0","0.041666666666666664","0","9","9","false","ADAMTSL5","ADAMTSL5","361.0","0.0017521905","0.00320372","3.00661E-4","0","0","0.0042666953291799","false","0","ADAMTSL5","0"
"0.0","0.0","0.0","0.5","0","3","3","false","CHP1","CHP1","1398.0","0.006330014500000001","0.012359368","3.00661E-4","0","0","0.00616765768874619","false","0","CHP1","0"
"0.0","0.0","0.0","0.1","0","5","5","false","FSD2","FSD2","767.2","2.831675E-4","1.65453E-4","4.00882E-4","0","0","0.00214017132834862","false","0","FSD2","0"
"0.0","0.0","0.0","0.0","0","3","3","false","RRP7A","RRP7A","959.0","4.724905E-4","7.4454E-4","2.00441E-4","0","0","3.37008328920129E-4","false","0","RRP7A","0"
"0.0","0.0","0.0","0.25","0","4","4","false","C15orf61","C15orf61","1081.0","0.0082709195","0.016341398","2.00441E-4","0","0","0.00616765768874619","false","0","C15orf61","0"
"0.0","0.0","0.0","0.16666666666666666","0","3","3","false","WDR45","WDR45","1019.6666666666666","4.3987400000000004E-4","5.79087E-4","3.00661E-4","0","0","0.00404608233727145","false","0","WDR45","0"
"0.0","0.0","0.0","0.0","0","2","2","false","ENTPD7","ENTPD7","1377.0","1.002205E-4","0.0","2.00441E-4","0","0","1.92576187954359E-4","false","0","ENTPD7","0"
"0.0","0.0","0.0","0.3333333333333333","0","3","3","false","NOC2L","NOC2L","1036.6666666666667","6.40315E-4","5.79087E-4","7.01543E-4","0","0","0.00280772807067172","false","0","NOC2L","0"
"0.0","0.0","0.0","0.15","0","5","5","false","EIF1AY","EIF1AY","727.8","0.0013322775","0.002263673","4.00882E-4","0","0","0.00608772680899926","false","0","EIF1AY","0"
"0.0","0.0","0.0","0.0","0","2","2","false","LRRC37A","LRRC37A","1248.5","3.3965350000000004E-4","5.79087E-4","1.0022E-4","0","0","6.44734728430218E-4","false","0","LRRC37A","0"
"0.0","0.0","0.0","0.1","0","5","5","false","IARS1","IARS1","862.0","6.554375E-4","9.09993E-4","4.00882E-4","0","0","0.0030526694584882","false","0","IARS1","0"
"0.0","0.0","0.0","0.3333333333333333","0","4","4","false","DENND4B","DENND4B","1216.0","0.0082709195","0.016341398","2.00441E-4","0","0","0.00735339038307007","false","0","DENND4B","0"
"0.0","0.0","0.0","0.0","0","2","2","false","GDI1","GDI1","1306.5","1.002205E-4","0.0","2.00441E-4","0","0","1.92576187954359E-4","false","0","GDI1","0"
"0.0","0.0","0.0","0.2","0","5","5","false","ZNF394","ZNF394","924.4","0.009986358","0.019672055","3.00661E-4","0","0","0.00476152675416941","false","0","ZNF394","0"
"0.0","0.0","0.0","0.07368421052631578","0","20","20","false","LCAT","LCAT","294.5",,,"6.01323E-4","0","0","0.0441563942413616","false","0","LCAT","0"
"0.0","0.0","0.0","0.08888888888888889","0","10","10","false","POLE","POLE","691.9","0.011689610999999999","0.007800611","0.015578611","0","0","0.00927316347116579","false","0","POLE","0"
"0.0","0.0","0.0","0.0","0","1","1","false","SLC35B4","SLC35B4","2283.0",,,"2.00441E-4","0","0","1.92576187954359E-4","false","0","SLC35B4","0"
"0.0","0.0","0.0","0.16666666666666666","0","4","4","false","SRA1","SRA1","900.5","4.31127E-4","6.61813E-4","2.00441E-4","0","0","0.00247494089462512","false","0","SRA1","0"
"0.0","0.0","0.0","0.0","0","1","1","false","SLC35F6","SLC35F6","2283.0",,,"2.00441E-4","0","0","1.92576187954359E-4","false","0","SLC35F6","0"
"0.0","0.0","0.0","0.016483516483516484","0","14","14","false","NDUFS3","NDUFS3","292.5","3.89764E-4","5.79087E-4","2.00441E-4","0","0","0.00783734064044975","false","0","NDUFS3","0"
"0.0","0.0","0.0","0.051470588235294115","0","17","17","false","ENTPD4","ENTPD4","408.2352941176471","4.3987400000000004E-4","5.79087E-4","3.00661E-4","0","0","0.0251791388123644","false","0","ENTPD4","0"
"0.0","0.0","0.0","0.1","0","11","11","false","WSCD1","WSCD1","823.1818181818181","0.0062932995","0.007635158","0.004951441","0","0","0.013927249938898","false","0","WSCD1","0"
"0.0","0.0","0.0","0.15","0","5","5","false","SMTNL1","SMTNL1","681.6","0.001249551","0.00209822","4.00882E-4","0","0","0.00636096137318356","false","0","SMTNL1","0"
"0.0","0.0","0.0","0.05","0","5","5","false","ZBED1","ZBED1","657.8","0.001314784","0.002429127","2.00441E-4","0","0","0.00472432014798524","false","0","ZBED1","0"
"0.0","0.0","0.0","0.09523809523809523","0","7","7","false","CITED4","CITED4","605.5714285714286","0.0019526315","0.00320372","7.01543E-4","0","0","0.00409397001184631","false","0","CITED4","0"
"0.0","0.0","0.0","0.16666666666666666","0","3","3","false","PHB2","PHB2","930.0","0.001232057","0.002263673","2.00441E-4","0","0","0.00404608233727145","false","0","PHB2","0"
"0.0","0.0","0.0","0.0","0","5","5","false","MARCHF5","MARCHF5","872.8","5.90205E-4","5.79087E-4","6.01323E-4","0","0","5.05512493380194E-4","false","0","MARCHF5","0"
"0.0","0.0","0.0","0.16666666666666666","0","4","4","false","NUTM2A-AS1","NUTM2A-AS1","815.5","4.899845E-4","5.79087E-4","4.00882E-4","0","0","0.00251886378874018","false","0","NUTM2A-AS1","0"
"0.0","0.0","0.0","0.09523809523809523","0","7","7","false","PRF1","PRF1","736.0","7.9465E-4","0.00148908","1.0022E-4","0","0","0.00457118932885868","false","0","PRF1","0"
"0.0","0.0","0.0","0.16666666666666666","0","7","7","false","UCN","UCN","891.8571428571429","0.0040912505","6.61813E-4","0.007520688","0","0","0.0054290834964925","false","0","UCN","0"
"0.0","0.0","0.0","0.13333333333333333","0","6","6","false","ANKRD28","ANKRD28","800.6666666666666","0.0048753165","5.79087E-4","0.009171546","0","0","0.00576958548180315","false","0","ANKRD28","0"
"0.0","0.0","0.0","0.044444444444444446","0","10","10","false","GLRX5","GLRX5","570.3","7.55658E-4","9.09993E-4","6.01323E-4","0","0","0.00472828492844504","false","0","GLRX5","0"
"0.0","0.0","0.0","0.029411764705882353","0","17","17","false","ITIH4-AS1","ITIH4-AS1","285.5882352941176","0.0019614745","0.003421847","5.01102E-4","0","0","0.0145126933120252","false","0","ITIH4-AS1","0"
"0.0","0.0","0.0","0.0","0","2","2","false","AQP1","AQP1","1206.5","2.895435E-4","5.79087E-4","0.0","0","0","1.92576187954359E-4","false","0","AQP1","0"
"0.0","0.0","0.0","0.08333333333333333","0","4","4","false","ZNF623","ZNF623","884.5","0.00584929","0.011197478","5.01102E-4","0","0","0.00307601398549948","false","0","ZNF623","0"
"0.0","0.0","0.0","0.0","0","2","2","false","ARPC4","ARPC4","1231.0",,,"4.00882E-4","0","0","2.88864281931539E-4","false","0","ARPC4","0"
"0.0","0.0","0.0","0.1","0","5","5","false","RPLP0P2","RPLP0P2","744.8","3.74641E-4","2.4818E-4","5.01102E-4","0","0","0.00520352185522751","false","0","RPLP0P2","0"
"0.0","0.0","0.0","0.5","0","2","2","false","MGC16275","MGC16275","1330.0",,,"5.01102E-4","0","0","0.00404608233727145","false","0","MGC16275","0"
"0.0","0.0","0.0","0.047619047619047616","0","7","7","false","DSTNP2","DSTNP2","646.7142857142857","0.001811144","0.003421847","2.00441E-4","0","0","0.00417686715071989","false","0","DSTNP2","0"
"0.0","0.0","0.0","0.5","0","3","3","false","ENSG00000248538.9","ENSG00000248538.9","1169.0","2.243105E-4","2.4818E-4","2.00441E-4","0","0","0.00308096263485602","false","0","ENSG00000248538.9","0"
"0.0","0.0","0.0","0.16071428571428573","0","8","8","false","TMEM158","TMEM158","557.5","0.001314784","0.002429127","2.00441E-4","0","0","0.0258795225295372","false","0","TMEM158","0"
"0.0","0.0","0.0","0.08333333333333333","0","4","4","false","ENSG00000252690.3","ENSG00000252690.3","813.5","0.0015478409999999999","0.00259458","5.01102E-4","0","0","0.00447937876016876","false","0","ENSG00000252690.3","0"
"0.0","0.0","0.0","0.03571428571428571","0","8","8","false","TEDC1","TEDC1","615.75","8.40756E-4","5.79087E-4","0.001102425","0","0","0.00535863506458397","false","0","TEDC1","0"
"0.0","0.0","0.0","1.0","0","2","2","false","ENSG00000257252.6","ENSG00000257252.6","1908.5","0.006279904500000001","0.012359368","2.00441E-4","0","0","0.00229726692793498","false","0","ENSG00000257252.6","0"
"0.0","0.0","0.0","0.16666666666666666","0","4","4","false","DANCR","DANCR","1224.0","0.0064803455","0.012359368","6.01323E-4","0","0","0.00319215295009742","false","0","DANCR","0"
"0.0","0.0","0.0","0.08333333333333333","0","4","4","false","BOP1","BOP1","817.75","3.658945E-4","3.30907E-4","4.00882E-4","0","0","0.00274619306857952","false","0","BOP1","0"
"0.0","0.0","0.0","0.16666666666666666","0","3","3","false","ERVK13-1","ERVK13-1","1038.6666666666667","1.8294699999999998E-4","1.65453E-4","2.00441E-4","0","0","0.00202403236375067","false","0","ERVK13-1","0"
"0.0","0.0","0.0","0.0989010989010989","0","14","14","false","USP54","USP54","788.9285714285714","0.0241109395","0.048221879","0.0","0","0","0.0167272778527421","false","0","USP54","0"
"0.0","0.0","0.0","0.16666666666666666","0","3","3","false","LINC02185","LINC02185","1154.6666666666667","4.5736750000000004E-4","4.13633E-4","5.01102E-4","0","0","0.00505414106490519","false","0","LINC02185","0"
"0.0","0.0","0.0","0.05","0","5","5","false","BOLA2-SMG1P6","BOLA2-SMG1P6","676.8","4.33498E-4","1.65453E-4","7.01543E-4","0","0","0.00447937876016876","false","0","BOLA2-SMG1P6","0"
"0.0","0.0","0.0","0.0","0","3","3","false","NNMT","NNMT","876.6666666666666","0.0012145635","0.002429127","0.0","0","0","7.89166869395988E-4","false","0","NNMT","0"
"0.0","0.0","0.0","0.0","0","1","1","false","NFE2L1-DT","NFE2L1-DT","2283.0",,,"2.00441E-4","0","0","1.92576187954359E-4","false","0","NFE2L1-DT","0"
"0.0","0.0","0.0","0.040336134453781515","0","36","36","false","RRAD","RRAD","257.0","3.3965350000000004E-4","5.79087E-4","1.0022E-4","0","1","0.0827371050082522","false","0","RRAD","0"
"0.0","0.0","0.0","0.05357142857142857","0","8","8","false","RGS9BP","RGS9BP","745.875","0.0039909455","0.002429127","0.005552764","0","0","0.00977451108486705","false","0","RGS9BP","0"
"0.0","0.0","0.0","0.05222734254992319","0","64","64","false","OST4","OST4","289.031746031746","0.0125704145","0.024639727","5.01102E-4","0","1","0.287033150898131","false","0","OST4","0"
"0.0","0.0","0.0","0.0","0","2","2","false","TIMM23","TIMM23","1206.5","3.89764E-4","5.79087E-4","2.00441E-4","0","0","1.92576187954359E-4","false","0","TIMM23","0"
"0.0","0.0","0.0","0.2","0","5","5","false","ENSG00000272789.1","ENSG00000272789.1","1006.6","0.0085190995","0.016837758","2.00441E-4","0","0","0.00767054784136944","false","0","ENSG00000272789.1","0"
"0.0","0.0","0.0","0.0","0","2","2","false","CYFIP1","CYFIP1","1401.0","1.415838355393779E-4","8.27266710787558E-5","2.00441E-4","0","0","5.48446634453039E-4","false","0","CYFIP1","0"
"0.0","0.0","0.0","0.0","0","2","2","false","ENSG00000272918.1","ENSG00000272918.1","1341.0","1.002205E-4","0.0","2.00441E-4","0","0","1.92576187954359E-4","false","0","ENSG00000272918.1","0"
"0.0","0.0","0.0","0.4166666666666667","0","4","4","false","PLIN4","PLIN4","1232.5","0.006380125","0.012359368","4.00882E-4","0","0","0.00402175394136342","false","0","PLIN4","0"
"0.0","0.0","0.0","0.0","0","5","5","false","ORAI1","ORAI1","730.6","6.140745E-4","8.27267E-4","4.00882E-4","0","0","0.00249307063157518","false","0","ORAI1","0"
"0.0","0.0","0.0","0.042735042735042736","0","27","27","false","NATD1","NATD1","330.8888888888889","0.0084451195","0.016589578","3.00661E-4","0","0","0.0519925509136955","false","0","NATD1","0"
"0.0","0.0","0.0","0.07309941520467836","0","19","19","false","TGFB2-AS1","TGFB2-AS1","435.5263157894737","0.006330014500000001","0.012359368","3.00661E-4","0","0","0.0545501741955386","false","0","TGFB2-AS1","0"
"0.0","0.0","0.0","0.2","0","6","6","false","ENSG00000284747.1","ENSG00000284747.1","991.1666666666666","0.009119219500000001","0.017837557","4.00882E-4","0","0","0.00854110546762386","false","0","ENSG00000284747.1","0"
"0.0","0.0","0.0","0.3333333333333333","0","4","4","false","ENSG00000288832.1","ENSG00000288832.1","970.5","0.0018284335000000001","0.003155765","5.01102E-4","0","0","0.00649471244575864","false","0","ENSG00000288832.1","0"
"0.0","0.0","0.0","0.1","0","5","5","false","ENSG00000286067.1","ENSG00000286067.1","769.6","4.072575E-4","4.13633E-4","4.00882E-4","0","0","0.0023851127161651","false","0","ENSG00000286067.1","0"
"0.0","0.0","0.0","0.21428571428571427","0","7","7","false","SEMA3F","SEMA3F","1040.142857142857","0.011219406","0.004810299","0.017628513","0","0","0.010455929906363","false","0","SEMA3F","0"
"0.0","0.0","0.0","0.4","0","5","5","false","CDKN2AIP","CDKN2AIP","1162.6","0.0100865785","0.019672055","5.01102E-4","0","0","0.00635721134437932","false","0","CDKN2AIP","0"
"0.0","0.0","0.0","0.3","0","5","5","false","ZBED5","ZBED5","980.0","0.001232057","0.002263673","2.00441E-4","0","0","0.00804647414185349","false","0","ZBED5","0"
"3.50887435777674","0.574837380297175","0.28499168053244595","0.003971661657363675","7","137","2","false","SP3","SP3","30.131386861313867","0.1885052525","0.015576918","0.361433587","135","0","0.144499319839147","false","0","SP3","219315518"
"0.0","0.0","0.0","0.16666666666666666","0","4","4","false","RBM5","RBM5","852.75","0.002021755835539378","8.27266710787558E-5","0.003960785","0","0","0.00116719853304425","false","0","RBM5","0"
"0.0","0.0","0.0","0.03742454728370221","0","72","72","false","FLNC-AS1","FLNC-AS1","217.59154929577466","0.0073572095","0.014513978","2.00441E-4","0","1","0.28445451777111","false","0","FLNC-AS1","0"
"0.0","0.0","0.0","0.047619047619047616","0","7","7","false","COL4A6","COL4A6","815.1428571428571","0.007716215","0.014931328","5.01102E-4","0","0","0.00359418993750026","false","0","COL4A6","0"
"0.0","0.0","0.0","0.15","0","5","5","false","MEF2C-AS1","MEF2C-AS1","971.0","0.0026708179999999997","5.79087E-4","0.004762549","0","0","0.00764522092412826","false","0","MEF2C-AS1","0"
"0.0","0.0","0.0","0.1","0","6","6","false","FBXL3","FBXL3","699.6666666666666","0.006309684","0.012118266","5.01102E-4","0","0","0.00435454111741002","false","0","FBXL3","0"
"0.0","0.0","0.0","0.14285714285714285","0","7","7","false","NPIPB12","NPIPB12","922.5714285714286","0.004473011","0.003983032","0.00496299","0","0","0.00519977182642326","false","0","NPIPB12","0"
"0.0","0.0","0.0","0.06666666666666667","0","6","6","false","CREBBP","CREBBP","698.1666666666666","0.0037412224999999995","0.003321219","0.004161226","0","0","0.00269158910607377","false","0","CREBBP","0"
"0.0","0.0","0.0","0.0","0","4","4","false","NUDT16","NUDT16","788.75","4.3987400000000004E-4","5.79087E-4","3.00661E-4","0","0","0.00246378870216514","false","0","NUDT16","0"
"0.0","0.0","0.0","0.13333333333333333","0","6","6","false","MAP3K2","MAP3K2","852.6666666666666","0.0057490695000000005","0.011197478","3.00661E-4","0","0","0.00470494040143376","false","0","MAP3K2","0"
"0.0","0.0","0.0","0.16666666666666666","0","4","4","false","ARHGAP44","ARHGAP44","1112.75","0.0024226435","0.004644846","2.00441E-4","0","0","0.00378749362193764","false","0","ARHGAP44","0"
"0.0","0.0","0.0","0.25","0","4","4","false","GTF2IRD1","GTF2IRD1","1004.75","0.002069495","5.79087E-4","0.003559903","0","0","0.00320976505807456","false","0","GTF2IRD1","0"
"0.0","0.0","0.0","0.26666666666666666","0","6","6","false","HNRNPA3","HNRNPA3","964.6666666666666","0.009886137500000001","0.019672055","1.0022E-4","0","0","0.00575118960414841","false","0","HNRNPA3","0"
"0.0","0.0","0.0","0.25","0","5","5","false","AASS","AASS","1412.4","0.0091896595","0.018078658","3.00661E-4","0","0","0.00644782329251694","false","0","AASS","0"
"0.0","0.0","0.0","0.15","0","5","5","false","EMSY-DT","EMSY-DT","870.4","0.0021050835","6.61813E-4","0.003548354","0","0","0.00405004711773125","false","0","EMSY-DT","0"
"0.0","0.0","0.0","0.6666666666666666","0","3","3","false","CYTH3","CYTH3","1378.3333333333333","0.001921535335539378","8.27266710787558E-5","0.003760344","0","0","0.0030419883900975","false","0","CYTH3","0"
"0.0","0.0","0.0","0.1","0","5","5","false","FAM229B","FAM229B","716.4","8.471315E-4","9.9272E-4","7.01543E-4","0","0","0.00252954485713087","false","0","FAM229B","0"
"0.0","0.0","0.0","0.16666666666666666","0","3","3","false","ANOS1","ANOS1","1574.0","5.965805E-4","9.9272E-4","2.00441E-4","0","0","0.00326436902058031","false","0","ANOS1","0"
"0.0","0.0","0.0","0.16666666666666666","0","7","7","false","LDAF1","LDAF1","945.8571428571429","0.002376532","9.9272E-4","0.003760344","0","0","0.00626441690679265","false","0","LDAF1","0"
"0.0","0.0","0.0","0.03333333333333333","0","10","10","false","MATR3","MATR3","575.2","7.405355E-4","5.79087E-4","9.01984E-4","0","0","0.00537526330366436","false","0","MATR3","0"
"0.0","0.0","0.0","0.0","0","2","2","false","COPRS","COPRS","1632.5","4.899845E-4","5.79087E-4","4.00882E-4","0","0","7.89166869395988E-4","false","0","COPRS","0"
"0.0","0.0","0.0","0.06666666666666667","0","6","6","false","C1QTNF9B","C1QTNF9B","886.6666666666666","0.0010149565","8.27267E-4","0.001202646","0","0","0.00827458719137044","false","0","C1QTNF9B","0"
"0.0","0.0","0.0","0.05357142857142857","0","8","8","false","PIAS1","PIAS1","611.875","0.0029642695","0.001767313","0.004161226","0","0","0.00438283429377785","false","0","PIAS1","0"
"0.0","0.0","0.0","0.09523809523809523","0","7","7","false","SLC48A1","SLC48A1","782.0","0.0037197295","0.007138798","3.00661E-4","0","0","0.00369193302444347","false","0","SLC48A1","0"
"0.0","0.0","0.0","0.0","0","4","4","false","COPS9","COPS9","942.0","6.140745E-4","8.27267E-4","4.00882E-4","0","0","0.00121204348046181","false","0","COPS9","0"
"0.0","0.0","0.0","0.03571428571428571","0","8","8","false","MIR133A1HG","MIR133A1HG","411.25","0.0017020805","0.00320372","2.00441E-4","0","0","0.00396021893927123","false","0","MIR133A1HG","0"
"0.0","0.0","0.0","0.08333333333333333","0","4","4","false","ARID1B","ARID1B","1063.25","4.31127E-4","6.61813E-4","2.00441E-4","0","0","0.00241340589253292","false","0","ARID1B","0"
"0.0","0.0","0.0","0.16666666666666666","0","3","3","false","ENSG00000272447.1","ENSG00000272447.1","1171.6666666666667","3.89764E-4","5.79087E-4","2.00441E-4","0","0","0.00170687490545131","false","0","ENSG00000272447.1","0"
"0.0","0.0","0.0","0.1","0","5","5","false","ENSG00000272384.1","ENSG00000272384.1","1160.6","0.002442508","0.003983032","9.01984E-4","0","0","0.00403243500975412","false","0","ENSG00000272384.1","0"
"0.0","0.0","0.0","0.0","0","3","3","false","CDK17","CDK17","1079.6666666666667","1.415838355393779E-4","8.27266710787558E-5","2.00441E-4","0","0","7.41022822407398E-4","false","0","CDK17","0"
"0.0","0.0","0.0","0.13333333333333333","0","6","6","false","KMT2C","KMT2C","631.8333333333334","0.009107123","0.018013805","2.00441E-4","0","0","0.00477715647191664","false","0","KMT2C","0"
"0.0","0.0","0.0","0.2","0","5","5","false","VCPIP1","VCPIP1","910.2","0.0098360275","0.019672055","0.0","0","0","0.00427164397853645","false","0","VCPIP1","0"
"0.0","0.0","0.0","0.21428571428571427","0","7","7","false","SRP72","SRP72","969.7142857142857","0.0024592585","0.001158173","0.003760344","0","0","0.0112952134446866","false","0","SRP72","0"
"0.0","0.0","0.0","0.057971014492753624","0","24","24","false","BICRA","BICRA","325.5","0.002193585","8.27267E-4","0.003559903","0","0","0.0482855884691621","false","0","BICRA","0"
"0.0","0.0","0.0","0.25","0","5","5","false","CTSA","CTSA","1051.6","0.0022938055","8.27267E-4","0.003760344","0","0","0.00476152675416941","false","0","CTSA","0"
"0.0","0.0","0.0","0.05","0","5","5","false","ENSG00000277196.4","ENSG00000277196.4","1112.2","8.733725E-4","7.4454E-4","0.001002205","0","0","0.00409970243088046","false","0","ENSG00000277196.4","0"
"0.0","0.0","0.0","0.25","0","4","4","false","VPS35","VPS35","1070.5","7.55658E-4","9.09993E-4","6.01323E-4","0","0","0.00453498124400767","false","0","VPS35","0"
"0.0","0.0","0.0","0.25","0","4","4","false","DHRS11","DHRS11","1198.25","0.006380125","0.012359368","4.00882E-4","0","0","0.00605448498327489","false","0","DHRS11","0"
"0.0","0.0","0.0","0.09523809523809523","0","7","7","false","TGFBR3","TGFBR3","736.8571428571429","0.0061976735","0.007632798","0.004762549","0","0","0.00481613071667516","false","0","TGFBR3","0"
"0.0","0.0","0.0","0.0","0","2","2","false","ENSG00000279164.1","ENSG00000279164.1","1477.5","2.895435E-4","5.79087E-4","0.0","0","0","2.40720234942949E-4","false","0","ENSG00000279164.1","0"
"0.0","0.0","0.0","0.16666666666666666","0","4","4","false","OSBPL3","OSBPL3","920.5","0.0019040415000000002","2.4818E-4","0.003559903","0","0","0.00266329592970595","false","0","OSBPL3","0"
"0.0","0.0","0.0","0.16666666666666666","0","3","3","false","UBE2D1","UBE2D1","907.0","0.002110858","6.61813E-4","0.003559903","0","0","9.74622345089887E-4","false","0","UBE2D1","0"
"0.0","0.0","0.0","0.15","0","5","5","false","GRAMD4","GRAMD4","891.4","0.0023112989999999997","6.61813E-4","0.003960785","0","0","0.00388800286878835","false","0","GRAMD4","0"
"0.0","0.0","0.0","0.06944444444444445","0","9","9","false","NT5C2","NT5C2","690.8888888888889","0.002452883","7.4454E-4","0.004161226","0","0","0.00617953737768918","false","0","NT5C2","0"
"0.0","0.0","0.0","0.0","0","1","1","false","AMPH","AMPH","2283.0",,,"2.00441E-4","0","0","1.92576187954359E-4","false","0","AMPH","0"
"0.0","0.0","0.0","0.8333333333333334","0","3","3","false","TOP2B","TOP2B","1861.3333333333333","0.0066521745","0.013103908","2.00441E-4","0","0","0.00583685290292949","false","0","TOP2B","0"
"0.0","0.0","0.0","0.16666666666666666","0","3","3","false","ADCY2","ADCY2","1230.0","1.002205E-4","0.0","2.00441E-4","0","0","8.30190204124117E-4","false","0","ADCY2","0"
"0.0","0.0","0.0","0.26666666666666666","0","6","6","false","MCCC1","MCCC1","925.6666666666666","0.012988640999999999","0.016923847","0.009053435","0","0","0.00951018995049908","false","0","MCCC1","0"
"0.0","0.0","0.0","0.16666666666666666","0","4","4","false","ENSG00000287059.1","ENSG00000287059.1","902.75","0.0057490695000000005","0.011197478","3.00661E-4","0","0","0.0064877814061722","false","0","ENSG00000287059.1","0"
"0.0","0.0","0.0","0.08333333333333333","0","4","4","false","PPP2R5C","PPP2R5C","658.75","0.0017799515","0.0","0.003559903","0","0","9.26478298101297E-4","false","0","PPP2R5C","0"
"0.0","0.0","0.0","0.0","0","5","5","false","ITCH","ITCH","817.0","2.50551E-4","0.0","5.01102E-4","0","0","3.12936305425834E-4","false","0","ITCH","0"
"0.0","0.0","0.0","0.2","0","5","5","false","SELENOP","SELENOP","881.8","6.05327E-4","9.09993E-4","3.00661E-4","0","0","0.00734864183293267","false","0","SELENOP","0"
"0.0","0.0","0.0","0.0","0","3","3","false","SAR1A","SAR1A","1058.6666666666667","8.18424E-4","0.001436407","2.00441E-4","0","0","7.89166869395988E-4","false","0","SAR1A","0"
"0.0","0.0","0.0","0.0","0","2","2","false","PHLPP1","PHLPP1","1227.5",,,"2.00441E-4","0","0","1.92576187954359E-4","false","0","PHLPP1","0"
"0.0","0.0","0.0","0.1","0","5","5","false","ULK2","ULK2","826.0","0.001678103","0.003155765","2.00441E-4","0","0","0.00251886378874018","false","0","ULK2","0"
"0.0","0.0","0.0","0.3333333333333333","0","4","4","false","WBP11","WBP11","1009.25","0.0022221968355393778","8.27266710787558E-5","0.004361667","0","0","0.00392124469451271","false","0","WBP11","0"
"0.0","0.0","0.0","0.08333333333333333","0","4","4","false","C1orf112","C1orf112","804.75","6.40315E-4","5.79087E-4","7.01543E-4","0","0","0.00317652323235019","false","0","C1orf112","0"
"0.0","0.0","0.0","0.1","0","6","6","false","ARHGAP33","ARHGAP33","781.5","0.0070376915","0.010114598","0.003960785","0","0","0.00524151223108928","false","0","ARHGAP33","0"
"0.0","0.0","0.0","0.3333333333333333","0","4","4","false","RPUSD1","RPUSD1","1174.25","0.0022110785","6.61813E-4","0.003760344","0","0","0.00453992989336421","false","0","RPUSD1","0"
"0.0","0.0","0.0","0.03333333333333333","0","6","6","false","NOS2","NOS2","693.5","7.882745E-4","0.001075447","5.01102E-4","0","0","0.00245732878664798","false","0","NOS2","0"
"0.0","0.0","0.0","0.25","0","4","4","false","ADAM22","ADAM22","1122.5",,,"0.00815145","0","0","0.00331027430492527","false","0","ADAM22","0"
"0.0","0.0","0.0","0.0","0","5","5","false","DNAJC11","DNAJC11","758.8","5.63964E-4","8.27267E-4","3.00661E-4","0","0","0.00262708296070946","false","0","DNAJC11","0"
"0.0","0.0","0.0","0.16666666666666666","0","4","4","false","CELSR3","CELSR3","795.5","3.74641E-4","2.4818E-4","5.01102E-4","0","0","0.00269158910607377","false","0","CELSR3","0"
"0.0","0.0","0.0","0.5","0","3","3","false","MAVS","MAVS","1346.3333333333333","3.8101650000000003E-4","6.61813E-4","1.0022E-4","0","0","0.00237443164777441","false","0","MAVS","0"
"0.0","0.0","0.0","0.0","0","3","3","false","CYB561","CYB561","934.0","2.6567400000000003E-4","3.30907E-4","2.00441E-4","0","0","2.88864281931539E-4","false","0","CYB561","0"
"0.0","0.0","0.0","0.25","0","9","9","false","NCAPD2","NCAPD2","1018.2222222222222","0.017655445500000002","0.021819587","0.013491304","0","0","0.0172015309106279","false","0","NCAPD2","0"
"0.0","0.0","0.0","0.08333333333333333","0","4","4","false","C17orf113","C17orf113","1195.25","0.002765264","5.79087E-4","0.004951441","0","0","0.00395527028991469","false","0","C17orf113","0"
"0.0","0.0","0.0","0.15","0","5","5","false","HEATR5B","HEATR5B","787.0","0.0058866655","0.003321219","0.008452112","0","0","0.00379244227129418","false","0","HEATR5B","0"
"0.0","0.0","0.0","0.26666666666666666","0","6","6","false","LARS2","LARS2","1067.0","0.008087511","5.79087E-4","0.015595935","0","0","0.00945360359776343","false","0","LARS2","0"
"0.0","0.0","0.0","0.047619047619047616","0","7","7","false","SNAP23","SNAP23","740.4285714285714","3.332775E-4","1.65453E-4","5.01102E-4","0","0","0.00338249037540815","false","0","SNAP23","0"
"0.0","0.0","0.0","0.16666666666666666","0","3","3","false","IFFO1","IFFO1","1186.6666666666667","0.0024115194999999997","6.61813E-4","0.004161226","0","0","0.00206795525786573","false","0","IFFO1","0"
"0.0","0.0","0.0","0.16666666666666666","0","6","6","false","POLA2","POLA2","905.3333333333334","4.8123700000000003E-4","6.61813E-4","3.00661E-4","0","0","0.00596288916624052","false","0","POLA2","0"
"0.0","0.0","0.0","0.25","0","4","4","false","IKZF5","IKZF5","896.5","0.001945405","3.30907E-4","0.003559903","0","0","0.00345965509524758","false","0","IKZF5","0"
"0.0","0.0","0.0","0.26666666666666666","0","6","6","false","RFFL","RFFL","1050.6666666666667","0.014103354","0.024646805","0.003559903","0","0","0.00922132566856755","false","0","RFFL","0"
"0.0","0.0","0.0","0.08333333333333333","0","4","4","false","ABCC2","ABCC2","946.75","1.415838355393779E-4","8.27266710787558E-5","2.00441E-4","0","0","8.78334251112707E-4","false","0","ABCC2","0"
"0.0","0.0","0.0","0.07142857142857142","0","8","8","false","ZDHHC6","ZDHHC6","640.875","0.0061870855","0.011772848","6.01323E-4","0","0","0.00704118157412725","false","0","ZDHHC6","0"
"0.0","0.0","0.0","0.25","0","5","5","false","UBR2","UBR2","1050.2","0.0044857625","0.004810299","0.004161226","0","0","0.00549635091761885","false","0","UBR2","0"
"0.0","0.0","0.0","0.16666666666666666","0","4","4","false","WASHC2A","WASHC2A","994.25","2.6567400000000003E-4","3.30907E-4","2.00441E-4","0","0","0.00131163067401002","false","0","WASHC2A","0"
"0.0","0.0","0.0","0.0","0","3","3","false","ABL1","ABL1","1051.0","2.919143355393779E-4","8.27266710787558E-5","5.01102E-4","0","0","8.08028986974538E-4","false","0","ABL1","0"
"0.0","0.0","0.0","0.05","0","5","5","false","RANBP3","RANBP3","686.0","4.48621E-4","4.9636E-4","4.00882E-4","0","0","0.00293158184453371","false","0","RANBP3","0"
"0.0","0.0","0.0","0.16666666666666666","0","7","7","false","IZUMO4","IZUMO4","887.8571428571429","0.002128352","4.9636E-4","0.003760344","0","0","0.00570231806067681","false","0","IZUMO4","0"
"0.0","0.0","0.0","0.08333333333333333","0","4","4","false","SH3YL1","SH3YL1","928.25","0.0024115194999999997","6.61813E-4","0.004161226","0","0","0.00131163067401002","false","0","SH3YL1","0"
"0.0","0.0","0.0","0.2","0","5","5","false","ASTE1","ASTE1","943.0","0.0025554799999999997","0.004810299","3.00661E-4","0","0","0.00530304723318147","false","0","ASTE1","0"
"0.0","0.0","0.0","0.1","0","5","5","false","SF3A1","SF3A1","1043.0","7.055475E-4","9.09993E-4","5.01102E-4","0","0","0.00434959246805348","false","0","SF3A1","0"
"0.0","0.0","0.0","0.16666666666666666","0","4","4","false","TUBG2","TUBG2","1038.75","0.0021633395","1.65453E-4","0.004161226","0","0","0.00302437628212037","false","0","TUBG2","0"
"0.0","0.0","0.0","0.014285714285714285","0","21","21","false","TFIP11","TFIP11","228.42857142857142","0.0073786905","0.011197478","0.003559903","0","0","0.0120161901813995","false","0","TFIP11","0"
"0.0","0.0","0.0","0.16666666666666666","0","3","3","false","XK","XK","1060.6666666666667",,,"0.009053435","0","0","0.00241340589253292","false","0","XK","0"
"0.0","0.0","0.0","0.03333333333333333","0","6","6","false","OFD1","OFD1","583.3333333333334","0.0068263745","0.013352088","3.00661E-4","0","0","0.00332095537331596","false","0","OFD1","0"
"0.0","0.0","0.0","0.19047619047619047","0","7","7","false","DDX17","DDX17","1072.142857142857","0.0074848385","0.014769236","2.00441E-4","0","0","0.00914139478882061","false","0","DDX17","0"
"0.0","0.0","0.0","0.0","0","3","3","false","LTBP1","LTBP1","1035.3333333333333","4.33498E-4","1.65453E-4","7.01543E-4","0","0","0.0012601875274504","false","0","LTBP1","0"
"0.0","0.0","0.0","0.08333333333333333","0","4","4","false","HMOX1","HMOX1","1058.75","2.6567400000000003E-4","3.30907E-4","2.00441E-4","0","0","0.00209624843423356","false","0","HMOX1","0"
"0.0","0.0","0.0","0.09523809523809523","0","7","7","false","TOM1","TOM1","810.7142857142857","0.0024465075","3.30907E-4","0.004562108","0","0","0.00421010897644425","false","0","TOM1","0"
"0.0","0.0","0.0","0.3333333333333333","0","4","4","false","SNW1","SNW1","897.0","0.008153908","0.016107375","2.00441E-4","0","0","0.00417113473168574","false","0","SNW1","0"
"0.0","0.0","0.0","0.0","0","3","3","false","MSMO1","MSMO1","1019.6666666666666","1.916938355393779E-4","8.27266710787558E-5","3.00661E-4","0","0","0.00220420634964364","false","0","MSMO1","0"
"0.0","0.0","0.0","0.1","0","6","6","false","BRD1","BRD1","944.8333333333334","0.0066557135","0.013110986","2.00441E-4","0","0","0.00539089302141159","false","0","BRD1","0"
"0.0","0.0","0.0","0.2","0","6","6","false","TARBP1","TARBP1","1027.1666666666667","0.004633722","0.005306659","0.003960785","0","0","0.00679822257654067","false","0","TARBP1","0"
"0.0","0.0","0.0","0.08333333333333333","0","4","4","false","DICER1","DICER1","792.0","0.0037925295","0.007384618","2.00441E-4","0","0","0.00192352311689996","false","0","DICER1","0"
"0.0","0.0","0.0","0.3333333333333333","0","3","3","false","TRAF1","TRAF1","1336.0","0.006430235","0.012359368","5.01102E-4","0","0","0.00278714970356794","false","0","TRAF1","0"
"0.0","0.0","0.0","0.125","0","8","8","false","DHRS7","DHRS7","824.25","0.0023900264999999997","0.004479392","3.00661E-4","0","0","0.00877931591507303","false","0","DHRS7","0"
"0.0","0.0","0.0","0.11904761904761904","0","7","7","false","ZNF112","ZNF112","975.0","0.006787015335539378","8.27266710787558E-5","0.013491304","0","0","0.00566907623495244","false","0","ZNF112","0"
"0.0","0.0","0.0","0.1","0","5","5","false","DIDO1","DIDO1","739.6","0.0019612709999999997","0.003321219","6.01323E-4","0","0","0.00303703974074096","false","0","DIDO1","0"
"0.0","0.0","0.0","0.16071428571428573","0","8","8","false","TM7SF3","TM7SF3","781.5","0.016077901","0.027794135","0.004361667","0","0","0.0122221573244575","false","0","TM7SF3","0"
"0.0","0.0","0.0","0.0","0","2","2","false","MED29","MED29","1401.0",,,"3.00661E-4","0","0","5.48446634453039E-4","false","0","MED29","0"
"0.0","0.0","0.0","0.13333333333333333","0","6","6","false","RFXANK","RFXANK","908.8333333333334","0.0072380078355393776","8.27266710787558E-5","0.014393289","0","0","0.00546310909189448","false","0","RFXANK","0"
"0.0","0.0","0.0","0.0","0","3","3","false","LITAF","LITAF","1028.0","4.3987400000000004E-4","5.79087E-4","3.00661E-4","0","0","3.12936305425834E-4","false","0","LITAF","0"
"0.0","0.0","0.0","0.08333333333333333","0","4","4","false","NTHL1","NTHL1","792.75","0.001364894","0.002429127","3.00661E-4","0","0","0.00502584788853737","false","0","NTHL1","0"
"0.0","0.0","0.0","0.2","0","5","5","false","ENSG00000287978.1","ENSG00000287978.1","873.2","0.001952155","8.27267E-4","0.003077043","0","0","0.0077613598887262","false","0","ENSG00000287978.1","0"
"0.0","0.0","0.0","0.15","0","5","5","false","GOLGA5","GOLGA5","998.4","0.0030947355","0.002429127","0.003760344","0","0","0.00424611696207613","false","0","GOLGA5","0"
"0.0","0.0","0.0","0.09523809523809523","0","7","7","false","SMARCA1","SMARCA1","656.4285714285714","0.0098779035","0.019254705","5.01102E-4","0","0","0.00548368745899826","false","0","SMARCA1","0"
"0.0","0.0","0.0","0.06666666666666667","0","6","6","false","ATXN3","ATXN3","682.0","0.00123786","0.0","0.00247572","0","0","0.00259107985922306","false","0","ATXN3","0"
"0.0","0.0","0.0","0.07142857142857142","0","7","7","false","ATP1B4","ATP1B4","783.0","5.07478E-4","4.13633E-4","6.01323E-4","0","0","0.00319710159945397","false","0","ATP1B4","0"
"0.0","0.0","0.0","0.16666666666666666","0","3","3","false","STOML1","STOML1","1122.0",,,"0.004161226","0","0","0.0022123873988315","false","0","STOML1","0"
"0.0","0.0","0.0","0.19047619047619047","0","7","7","false","SLC7A6","SLC7A6","849.1428571428571","0.0104308475","0.008873698","0.011987997","0","0","0.00734192554500178","false","0","SLC7A6","0"
"0.0","0.0","0.0","0.12121212121212122","0","12","12","false","LAS1L","LAS1L","847.3333333333334","0.0210256425","0.027056673","0.014994612","0","0","0.0164002230957297","false","0","LAS1L","0"
"0.0","0.0","0.0","0.3333333333333333","0","3","3","false","SEL1L","SEL1L","1363.3333333333333","4.3987400000000004E-4","5.79087E-4","3.00661E-4","0","0","0.00244169906890075","false","0","SEL1L","0"
"0.0","0.0","0.0","0.19047619047619047","0","7","7","false","FBXO31","FBXO31","763.5714285714286","0.0022110785","6.61813E-4","0.003760344","0","0","0.0062693655561492","false","0","FBXO31","0"
"0.0","0.0","0.0","0.08333333333333333","0","4","4","false","FRMPD1","FRMPD1","935.5","0.0021633395","1.65453E-4","0.004161226","0","0","0.00131163067401002","false","0","FRMPD1","0"
"0.0","0.0","0.0","0.25","0","4","4","false","SIDT1","SIDT1","1099.25","5.13854E-4","8.27267E-4","2.00441E-4","0","0","0.00381578679830546","false","0","SIDT1","0"
"0.0","0.0","0.0","0.25","0","5","5","false","MRPS34","MRPS34","974.0","0.0025531035","7.4454E-4","0.004361667","0","0","0.00527970270617019","false","0","MRPS34","0"
"0.0","0.0","0.0","0.16666666666666666","0","4","4","false","GSDMB","GSDMB","1125.5","0.0022699359999999997","5.79087E-4","0.003960785","0","0","0.00229726692793498","false","0","GSDMB","0"
"0.0","0.0","0.0","0.06125356125356125","0","27","27","false","BCS1L","BCS1L","314.5925925925926","0.001232057","0.002263673","2.00441E-4","0","0","0.0823354515920887","false","0","BCS1L","0"
"0.0","0.0","0.0","0.05555555555555555","0","19","19","false","MED26","MED26","352.8421052631579","0.0041548555000000004","0.004148485","0.004161226","0","0","0.0249753688111919","false","0","MED26","0"
"0.0","0.0","0.0","0.017857142857142856","0","8","8","false","HTT","HTT","658.375","0.00185004","0.00370008","0.0","0","0","0.0018796002227849","false","0","HTT","0"
"2.592480149462868","3.3699437318913876","0.38573101522385367","0.004969696969696969","6","379","12","false","NFYA","NFYA","46.928","2.1667651475","0.211973138","4.121557157","367","2","1.84763784719042","false","1","NFYA","1369312721"
"0.0","0.0","0.0","0.047619047619047616","0","7","7","false","ALDH3B1","ALDH3B1","534.4285714285714","0.0023291674999999998","5.79087E-4","0.004079248","0","0","0.00525714194883651","false","0","ALDH3B1","0"
"0.0","0.0","0.0","0.0","0","3","3","false","ANKRD27","ANKRD27","1077.0","3.74641E-4","2.4818E-4","5.01102E-4","0","0","0.00123090559804036","false","0","ANKRD27","0"
"0.0","0.0","0.0","0.35","0","5","5","false","FAM76B","FAM76B","970.8","0.0024226549999999997","0.004143767","7.01543E-4","0","0","0.00677467795031025","false","0","FAM76B","0"
"0.0","0.0","0.0","0.16666666666666666","0","4","4","false","BBC3","BBC3","955.0","0.002063119","1.65453E-4","0.003960785","0","0","0.00107091043906707","false","0","BBC3","0"
"0.0","0.0","0.0","0.046546546546546545","0","37","37","false","PMS2P1","PMS2P1","280.2432432432432","0.0034081765","9.9272E-4","0.005823633","0","0","0.107836725816982","false","0","PMS2P1","0"
"0.0","0.0","0.0","0.14285714285714285","0","8","8","false","HPN","HPN","848.875","0.0065781945000000005","0.012855728","3.00661E-4","0","0","0.00685975757863287","false","0","HPN","0"
"0.0","0.0","0.0","0.14285714285714285","0","8","8","false","PALS2","PALS2","923.25","0.007251126","0.013600268","9.01984E-4","0","0","0.0109485788419035","false","0","PALS2","0"
"0.0","0.0","0.0","0.19047619047619047","0","7","7","false","ITSN2","ITSN2","856.4285714285714","0.005648849","0.011197478","1.0022E-4","0","0","0.00575118960414841","false","0","ITSN2","0"
"0.0","0.0","0.0","0.15","0","5","5","false","SLC35C2","SLC35C2","908.4","0.0031122289999999998","0.002263673","0.003960785","0","0","0.00369964783370752","false","0","SLC35C2","0"
"0.0","0.0","0.0","0.08333333333333333","0","4","4","false","HBP1","HBP1","881.0","0.0019040415000000002","2.4818E-4","0.003559903","0","0","0.00185130704641708","false","0","HBP1","0"
"0.0","0.0","0.0","0.0","0","3","3","false","WASL","WASL","1044.6666666666667","1.8294699999999998E-4","1.65453E-4","2.00441E-4","0","0","2.40720234942949E-4","false","0","WASL","0"
"0.0","0.0","0.0","0.08333333333333333","0","4","4","false","MASP2","MASP2","852.75","0.00394286","0.007384618","5.01102E-4","0","0","0.00339317144379884","false","0","MASP2","0"
"0.0","0.0","0.0","0.0","0","4","4","false","H2AZ2","H2AZ2","658.25","1.415838355393779E-4","8.27266710787558E-5","2.00441E-4","0","0","5.96590681441629E-4","false","0","H2AZ2","0"
"0.0","0.0","0.0","0.0","0","4","4","false","RBL1","RBL1","875.75","2.33057E-4","1.65453E-4","3.00661E-4","0","0","6.44734728430218E-4","false","0","RBL1","0"
"0.0","0.0","0.0","0.3333333333333333","0","4","4","false","UBE2R2","UBE2R2","1257.0","0.0022699359999999997","5.79087E-4","0.003960785","0","0","0.00328198112855744","false","0","UBE2R2","0"
"1.8853339560952826","16.34404416122895","0.5304100086708782","8.650993914168781E-4","4","2301","8","false","NFIC","NFIC","14.479194042925975","7.350164906","7.589258274","7.111071538","2293","18","8.17363915579988","false","0","NFIC","4951177722"
"0.0","0.0","0.0","0.3333333333333333","0","3","3","false","EIF4H","EIF4H","1078.3333333333333","0.0014150045","0.002429127","4.00882E-4","0","0","0.00216846450471644","false","0","EIF4H","0"
"0.0","0.0","0.0","0.00641025641025641","0","13","13","false","SEMA5B","SEMA5B","266.38461538461536","3.484005E-4","4.9636E-4","2.00441E-4","0","0","0.00788699595359896","false","0","SEMA5B","0"
"0.0","0.0","0.0","0.16666666666666666","0","3","3","false","PDLIM1","PDLIM1","940.3333333333334","0.001821314835539378","8.27266710787558E-5","0.003559903","0","0","0.0017790909759342","false","0","PDLIM1","0"
"0.0","0.0","0.0","0.0","0","1","1","false","CAD","CAD","2283.0",,,"2.00441E-4","0","0","1.92576187954359E-4","false","0","CAD","0"
"0.0","0.0","0.0","0.15384615384615385","0","13","13","false","MKS1","MKS1","784.0769230769231","0.0296700425","0.041250539","0.018089546","0","0","0.0259347560945732","false","0","MKS1","0"
"0.0","0.0","0.0","0.1","0","5","5","false","PILRA","PILRA","894.4","0.0024465075","3.30907E-4","0.004562108","0","0","0.00359418993750026","false","0","PILRA","0"
"0.0","0.0","0.0","0.09523809523809523","0","7","7","false","MED13","MED13","753.1428571428571","0.0025983755","0.001436407","0.003760344","0","0","0.00416618608232919","false","0","MED13","0"
"0.0","0.0","0.0","0.0","0","1","1","false","ALG6","ALG6","2283.0",,,"2.00441E-4","0","0","1.92576187954359E-4","false","0","ALG6","0"
"0.0","0.0","0.0","0.0","0","1","1","false","ATXN7L3","ATXN7L3","2283.0",,,"2.00441E-4","0","0","1.92576187954359E-4","false","0","ATXN7L3","0"
"0.0","0.0","0.0","0.0","0","3","3","false","EPB41L1","EPB41L1","998.6666666666666","1.415838355393779E-4","8.27266710787558E-5","2.00441E-4","0","0","5.48446634453039E-4","false","0","EPB41L1","0"
"0.0","0.0","0.0","0.08333333333333333","0","4","4","false","EDEM2","EDEM2","817.5","4.8123700000000003E-4","6.61813E-4","3.00661E-4","0","0","0.0026583472803494","false","0","EDEM2","0"
"0.0","0.0","0.0","0.0","0","4","4","false","COQ9","COQ9","801.75","4.899845E-4","5.79087E-4","4.00882E-4","0","0","9.42041316108819E-4","false","0","COQ9","0"
"0.0","0.0","0.0","0.045454545454545456","0","12","12","false","C3orf18","C3orf18","437.5833333333333","0.006229794","0.012359368","1.0022E-4","0","0","0.0108929763580646","false","0","C3orf18","0"
"0.0","0.0","0.0","0.08333333333333333","0","4","4","false","HIPK3","HIPK3","797.0","2.6567400000000003E-4","3.30907E-4","2.00441E-4","0","0","0.0017790909759342","false","0","HIPK3","0"
"0.0","0.0","0.0","0.16666666666666666","0","3","3","false","PRDM11","PRDM11","1393.3333333333333","7.405355E-4","5.79087E-4","9.01984E-4","0","0","0.00319215295009742","false","0","PRDM11","0"
"0.0","0.0","0.0","0.2","0","6","6","false","ZNF302","ZNF302","996.0","0.009096172","0.014513978","0.003678366","0","0","0.00871383078495745","false","0","ZNF302","0"
"0.0","0.0","0.0","0.2","0","5","5","false","USP48","USP48","1031.4","0.007020073","2.4818E-4","0.013791966","0","0","0.00514595163359511","false","0","USP48","0"
"2.9536431574030826","0.4676057385149593","0.33856493378137975","0.0020828844358256123","6","442","4","false","CC2D1A","CC2D1A","25.74660633484163","0.630511659","0.0062045","1.254818818","438","0","0.889427760765824","false","0","CC2D1A","141768462"
"0.0","0.0","0.0","0.1","0","5","5","false","NUP98","NUP98","838.0","0.0034202595","0.006640078","2.00441E-4","0","0","0.00276380517655666","false","0","NUP98","0"
"0.0","0.0","0.0","0.1","0","5","5","false","CEP85L","CEP85L","890.4","0.003440561","0.003321219","0.003559903","0","0","0.00279209835292448","false","0","CEP85L","0"
"0.0","0.0","0.0","0.23333333333333334","0","6","6","false","ALDH2","ALDH2","1073.0","0.007050685","0.013600268","5.01102E-4","0","0","0.00566907623495244","false","0","ALDH2","0"
"0.0","0.0","0.0","0.047619047619047616","0","7","7","false","TBC1D2","TBC1D2","654.2857142857143","0.0040308735","0.00370008","0.004361667","0","0","0.00449402460901925","false","0","TBC1D2","0"
"0.0","0.0","0.0","0.16666666666666666","0","4","4","false","FBXL19","FBXL19","932.75","0.0021219763355393778","8.27266710787558E-5","0.004161226","0","0","0.00298045338800531","false","0","FBXL19","0"
"0.0","0.0","0.0","0.023809523809523808","0","7","7","false","ERBIN","ERBIN","575.7142857142857","0.002498155","0.001436407","0.003559903","0","0","0.00199573918738285","false","0","ERBIN","0"
"0.0","0.0","0.0","0.1","0","5","5","false","SPDL1","SPDL1","1084.2","0.008534735000000002","0.016668588","4.00882E-4","0","0","0.00553037651302082","false","0","SPDL1","0"
"0.0","0.0","0.0","0.16666666666666666","0","6","6","false","GGT1","GGT1","861.5","0.0054845585","0.006807891","0.004161226","0","0","0.00559686016446956","false","0","GGT1","0"
"0.0","0.0","0.0","0.3333333333333333","0","3","3","false","PRPF4B","PRPF4B","1555.0","0.002234948","9.09993E-4","0.003559903","0","0","0.00423345350345554","false","0","PRPF4B","0"
"0.0","0.0","0.0","0.0","0","4","4","false","PPIL2","PPIL2","796.75","3.006615E-4","0.0","6.01323E-4","0","0","8.08028986974538E-4","false","0","PPIL2","0"
"0.0","0.0","0.0","0.25","0","4","4","false","MFNG","MFNG","1112.5","0.0022746835","0.004148485","4.00882E-4","0","0","0.00361971695396058","false","0","MFNG","0"
"0.0","0.0","0.0","0.0","0","3","3","false","CEP72","CEP72","942.6666666666666",,,"2.00441E-4","0","0","1.92576187954359E-4","false","0","CEP72","0"
"0.0","0.0","0.0","0.06666666666666667","0","6","6","false","PPM1F","PPM1F","693.1666666666666","0.002346287","3.30907E-4","0.004361667","0","0","0.004104651080237","false","0","PPM1F","0"
"0.0","0.0","0.0","0.16666666666666666","0","3","3","false","CERT1","CERT1","908.6666666666666","0.0078140645","0.015427688","2.00441E-4","0","0","0.0032770324792009","false","0","CERT1","0"
"0.0","0.0","0.0","0.05357142857142857","0","8","8","false","RAD51","RAD51","654.125","0.0016689869999999998","6.61813E-4","0.002676161","0","0","0.00465606885796215","false","0","RAD51","0"
"0.0","0.0","0.0","0.15","0","5","5","false","DEPDC5","DEPDC5","979.2","0.0067345345","5.79087E-4","0.012889982","0","0","0.00387237315104111","false","0","DEPDC5","0"
"0.0","0.0","0.0","0.15","0","5","5","false","GHR","GHR","975.4","0.0016456905","0.00309094","2.00441E-4","0","0","0.00556361833874519","false","0","GHR","0"
"0.0","0.0","0.0","0.0","0","3","3","false","GGA1","GGA1","911.3333333333334","3.07037E-4","4.13633E-4","2.00441E-4","0","0","8.85454963373168E-4","false","0","GGA1","0"
"0.0","0.0","0.0","0.0","0","5","5","false","TTC17","TTC17","876.8","4.9636E-4","9.9272E-4","0.0","0","0","0.0014820456448148","false","0","TTC17","0"
"0.0","0.0","0.0","0.09523809523809523","0","7","7","false","TCERG1","TCERG1","826.1428571428571","0.0022699359999999997","5.79087E-4","0.003960785","0","0","0.00449897325837579","false","0","TCERG1","0"
"0.0","0.0","0.0","0.23333333333333334","0","6","6","false","CHKB","CHKB","883.1666666666666","0.014957447","0.014513978","0.015400916","0","0","0.00767451262182924","false","0","CHKB","0"
"0.0","0.0","0.0","0.13333333333333333","0","6","6","false","L3MBTL2","L3MBTL2","915.3333333333334","0.002083097","0.003865533","3.00661E-4","0","0","0.00475657810481286","false","0","L3MBTL2","0"
"0.0","0.0","0.0","0.0","0","2","2","false","XRN1","XRN1","1419.0","1.002205E-4","0.0","2.00441E-4","0","0","2.40720234942949E-4","false","0","XRN1","0"
"0.0","0.0","0.0","0.023809523809523808","0","7","7","false","SYNGR1","SYNGR1","516.4285714285714","0.0017521905","0.00320372","3.00661E-4","0","0","0.00224068057519933","false","0","SYNGR1","0"
"0.0","0.0","0.0","0.16666666666666666","0","4","4","false","PLEKHH1","PLEKHH1","1348.25",,,"0.005363872","0","0","0.00326436902058031","false","0","PLEKHH1","0"
"0.0","0.0","0.0","0.5","0","3","3","false","CBLB","CBLB","1312.0","0.0017020805","0.00320372","2.00441E-4","0","0","0.00365572493959246","false","0","CBLB","0"
"0.0","0.0","0.0","0.3333333333333333","0","3","3","false","STK4","STK4","1053.3333333333333","0.0023049234999999997","2.4818E-4","0.004361667","0","0","0.00298045338800531","false","0","STK4","0"
"0.0","0.0","0.0","0.12222222222222222","0","10","10","false","HDAC7","HDAC7","850.9","0.018999520500000002","0.012359368","0.025639673","0","0","0.0133249928799078","false","0","HDAC7","0"
"0.0","0.0","0.0","0.1","0","5","5","false","NDRG3","NDRG3","861.2","0.00226356","1.65453E-4","0.004361667","0","0","0.00344204298727045","false","0","NDRG3","0"
"0.0","0.0","0.0","0.35","0","5","5","false","CLIP4","CLIP4","1253.0","0.0047958545","0.009291048","3.00661E-4","0","0","0.00503476131835371","false","0","CLIP4","0"
"0.0","0.0","0.0","0.3333333333333333","0","3","3","false","NCL","NCL","1197.0","0.002063119","1.65453E-4","0.003960785","0","0","0.00107091043906707","false","0","NCL","0"
"0.0","0.0","0.0","0.05228758169934641","0","18","18","false","FHL2","FHL2","311.27777777777777",,,"0.003960785","0","0","0.0396035714852848","false","0","FHL2","0"
"0.0","0.0","0.0","0.3333333333333333","0","4","4","false","PORCN","PORCN","1151.5",,,"0.015100255","0","0","0.00484145763391634","false","0","PORCN","0"
"0.0","0.0","0.0","0.16666666666666666","0","3","3","false","SF3B1","SF3B1","1151.0","0.0017799515","0.0","0.003559903","0","0","0.00163465883496843","false","0","SF3B1","0"
"0.0","0.0","0.0","0.08333333333333333","0","4","4","false","KIF3B","KIF3B","837.5","1.8294699999999998E-4","1.65453E-4","2.00441E-4","0","0","0.00195181629326779","false","0","KIF3B","0"
"0.0","0.0","0.0","0.3333333333333333","0","3","3","false","NUP93","NUP93","1330.0","0.0023701564999999997","5.79087E-4","0.004161226","0","0","0.002831072597683","false","0","NUP93","0"
"0.0","0.0","0.0","1.0","0","2","2","false","BIRC6","BIRC6","1547.5","0.002021755835539378","8.27266710787558E-5","0.003960785","0","0","9.74622345089887E-4","false","0","BIRC6","0"
"0.0","0.0","0.0","0.1","0","6","6","false","ZNF629","ZNF629","750.6666666666666","0.002806627","6.61813E-4","0.004951441","0","0","0.0045506109617549","false","0","ZNF629","0"
"0.0","0.0","0.0","0.1","0","5","5","false","SRSF4","SRSF4","952.0","0.0023224173355393778","8.27266710787558E-5","0.004562108","0","0","0.00131163067401002","false","0","SRSF4","0"
"0.0","0.0","0.0","0.25","0","4","4","false","DHODH","DHODH","1148.25","0.0064541045","0.012607548","3.00661E-4","0","0","0.00579391387771118","false","0","DHODH","0"
"0.0","0.0","0.0","0.16666666666666666","0","3","3","false","FGF22","FGF22","1085.6666666666667","0.0017521905","0.00320372","3.00661E-4","0","0","0.00251391513938363","false","0","FGF22","0"
"0.0","0.0","0.0","0.05","0","20","20","false","CENPT","CENPT","341.35","0.0041659795","0.008131518","2.00441E-4","0","0","0.0296577338028556","false","0","CENPT","0"
"0.0","0.0","0.0","0.0","0","2","2","false","CTH","CTH","1438.5",,,"5.01102E-4","0","0","3.12936305425834E-4","false","0","CTH","0"
"0.0","0.0","0.0","0.1","0","6","6","false","RNF19B","RNF19B","745.1666666666666","0.001986768","4.13633E-4","0.003559903","0","0","0.00251886378874018","false","0","RNF19B","0"
"0.0","0.0","0.0","1.0","0","2","2","false","ZNF821","ZNF821","1381.5",,,"7.01543E-4","0","0","0.0020523255401185","false","0","ZNF821","0"
"0.0","0.0","0.0","0.1","0","6","6","false","TSC2","TSC2","853.6666666666666","0.0023637805","1.65453E-4","0.004562108","0","0","0.00418953060934048","false","0","TSC2","0"
"0.0","0.0","0.0","0.21428571428571427","0","7","7","false","MTR","MTR","1123.857142857143","0.0042375825","0.004313939","0.004161226","0","0","0.00673095515541433","false","0","MTR","0"
"0.0","0.0","0.0","0.1","0","6","6","false","PALS1","PALS1","835.0","0.002021755835539378","8.27266710787558E-5","0.003960785","0","0","0.00338249037540815","false","0","PALS1","0"
"0.0","0.0","0.0","0.08333333333333333","0","4","4","false","DMXL2","DMXL2","638.0","3.24531E-4","2.4818E-4","4.00882E-4","0","0","0.00185130704641708","false","0","DMXL2","0"
"0.0","0.0","0.0","0.05","0","5","5","false","KIAA0040","KIAA0040","652.2","0.004064579","0.008129158","0.0","0","0","0.00192352311689996","false","0","KIAA0040","0"
"0.0","0.0","0.0","0.1","0","5","5","false","IGDCC4","IGDCC4","955.6","4.899845E-4","5.79087E-4","4.00882E-4","0","0","0.00244169906890075","false","0","IGDCC4","0"
"0.0","0.0","0.0","0.0","0","2","2","false","DNAJC17","DNAJC17","1193.5","5.13854E-4","8.27267E-4","2.00441E-4","0","0","7.41022822407398E-4","false","0","DNAJC17","0"
"0.0","0.0","0.0","0.13333333333333333","0","6","6","false","RNF103","RNF103","788.3333333333334","0.005598739","0.011197478","0.0","0","0","0.00427164397853645","false","0","RNF103","0"
"4.448505371321812","0.05290175658887146","0.2247946032495997","0.034227567067530065","7","47","5","false","KLF9","KLF9","143.68085106382978","0.0021808335","0.0","0.004361667","42","0","0.213122448826383","false","0","KLF9","12495534"
"4.6683792620270905","0.14397362135611064","0.21420710355177586","0.02026554856743536","7","54","7","false","ZNF784","ZNF784","159.57407407407408","0.11590249899999999","0.111125927","0.120679071","47","0","0.113434113016927","false","0","ZNF784","44520428"
"0.0","0.0","0.0","0.3333333333333333","0","3","3","false","GDA","GDA","1113.6666666666667","2.6567400000000003E-4","3.30907E-4","2.00441E-4","0","0","0.00202403236375067","false","0","GDA","0"
"0.0","0.0","0.0","0.16071428571428573","0","8","8","false","HOXA9","HOXA9","634.875","0.014495602","0.003918207","0.025072997","0","0","0.0121265967269633","false","0","HOXA9","0"
"0.0","0.0","0.0","0.6666666666666666","0","3","3","false","NPC2","NPC2","1378.3333333333333","3.89764E-4","5.79087E-4","2.00441E-4","0","0","0.0030419883900975","false","0","NPC2","0"
"0.0","0.0","0.0","0.1","0","5","5","false","HSDL2","HSDL2","794.6","0.0023112989999999997","6.61813E-4","0.003960785","0","0","0.00322044612646525","false","0","HSDL2","0"
"0.0","0.0","0.0","0.16666666666666666","0","3","3","false","ECH1","ECH1","906.6666666666666","0.001619354","0.003038267","2.00441E-4","0","0","0.00198010946963562","false","0","ECH1","0"
"0.0","0.0","0.0","0.09523809523809523","0","7","7","false","STX10","STX10","841.4285714285714","0.0081256685","0.002760033","0.013491304","0","0","0.00539089302141159","false","0","STX10","0"
"0.0","0.0","0.0","0.07142857142857142","0","8","8","false","ALDH6A1","ALDH6A1","667.5","0.010995869500000002","0.021891519","1.0022E-4","0","0","0.00681661845419541","false","0","ALDH6A1","0"
"0.0","0.0","0.0","0.16666666666666666","0","6","6","false","AVPI1","AVPI1","1030.5","0.0047140895","0.005467394","0.003960785","0","0","0.0063833220312981","false","0","AVPI1","0"
"0.0","0.0","0.0","0.16666666666666666","0","4","4","false","FAM32A","FAM32A","1141.75","0.002080613","0.0","0.004161226","0","0","0.00175666850222541","false","0","FAM32A","0"
"2.8835824381130313","2.8803153406969515","0.3467908483498684","0.0015493227702530028","6","560","3","false","SOX6","SOX6","21.069642857142856","0.6665344854999999","0.065973329","1.267095642","557","0","0.946248499889137","false","0","SOX6","834320514"
"0.0","0.0","0.0","0.19047619047619047","0","7","7","false","RBM12","RBM12","856.4285714285714","0.009886137500000001","0.019672055","1.0022E-4","0","0","0.00575118960414841","false","0","RBM12","0"
"0.0","0.0","0.0","0.0","0","5","5","false","MTERF2","MTERF2","609.8","4.66115E-4","3.30907E-4","6.01323E-4","0","0","0.00150935006814041","false","0","MTERF2","0"
"0.0","0.0","0.0","0.2","0","5","5","false","ILVBL","ILVBL","811.8","0.0068283785","1.65453E-4","0.013491304","0","0","0.0074901077147718","false","0","ILVBL","0"
"0.0","0.0","0.0","0.047311827956989246","0","31","31","false","AKAP1","AKAP1","261.93548387096774","0.0065277174999999995","1.65453E-4","0.012889982","0","0","0.0625171469609563","false","0","AKAP1","0"
"0.0","0.0","0.0","1.0","0","2","2","false","YJU2","YJU2","1381.5","5.400945E-4","5.79087E-4","5.01102E-4","0","0","0.0020523255401185","false","0","YJU2","0"
"0.0","0.0","0.0","0.15","0","5","5","false","TNFRSF8","TNFRSF8","891.6",,,"0.004161226","0","0","0.00293653049389025","false","0","TNFRSF8","0"
"0.0","0.0","0.0","0.08181818181818182","0","11","11","false","ZNF211","ZNF211","680.7272727272727","0.0145684905","0.024574873","0.004562108","0","0","0.0121794183984583","false","0","ZNF211","0"
"0.0","0.0","0.0","0.0","0","3","3","false","DNMT3B","DNMT3B","1016.6666666666666","6.466905000000001E-4","9.9272E-4","3.00661E-4","0","0","9.81743057350348E-4","false","0","DNMT3B","0"
"0.0","0.0","0.0","0.0","0","3","3","false","CAPS","CAPS","937.6666666666666","1.8294699999999998E-4","1.65453E-4","2.00441E-4","0","0","8.37310916384578E-4","false","0","CAPS","0"
"0.0","0.0","0.0","0.16666666666666666","0","3","3","false","ETFB","ETFB","913.6666666666666","0.0011819464999999999","0.002263673","1.0022E-4","0","0","0.00419051447823722","false","0","ETFB","0"
"0.0","0.0","0.0","0.1","0","6","6","false","COIL","COIL","996.5","0.0102407245","0.020481449","0.0","0","0","0.00789689325231204","false","0","COIL","0"
"0.0","0.0","0.0","0.07142857142857142","0","7","7","false","HOXA6","HOXA6","634.8571428571429","0.0089296845","2.4818E-4","0.017611189","0","0","0.0047722078225601","false","0","HOXA6","0"
"0.0","0.0","0.0","0.06666666666666667","0","6","6","false","ZC3H7A","ZC3H7A","884.8333333333334","0.0017284169999999999","0.003256393","2.00441E-4","0","0","0.00347033616363827","false","0","ZC3H7A","0"
"0.0","0.0","0.0","0.0","0","2","2","false","NT5C3A","NT5C3A","1627.0","1.002205E-4","0.0","2.00441E-4","0","0","1.92576187954359E-4","false","0","NT5C3A","0"
"0.0","0.0","0.0","0.0","0","3","3","false","TBC1D13","TBC1D13","891.0","2.243105E-4","2.4818E-4","2.00441E-4","0","0","7.41022822407398E-4","false","0","TBC1D13","0"
"0.0","0.0","0.0","0.08333333333333333","0","4","4","false","BICC1","BICC1","760.0","0.0017799515","0.0","0.003559903","0","0","0.00102276639207848","false","0","BICC1","0"
"0.0","0.0","0.0","0.15","0","5","5","false","SMU1","SMU1","1050.8","4.31127E-4","6.61813E-4","2.00441E-4","0","0","0.00329761084630468","false","0","SMU1","0"
"0.0","0.0","0.0","0.0","0","3","3","false","NLN","NLN","919.0",,,"6.01323E-4","0","0","8.08028986974538E-4","false","0","NLN","0"
"0.0","0.0","0.0","0.0","0","4","4","false","IFT81","IFT81","892.25","2.243105E-4","2.4818E-4","2.00441E-4","0","0","0.00111575538648463","false","0","IFT81","0"
"0.0","0.0","0.0","0.07142857142857142","0","8","8","false","AGO1","AGO1","705.875","0.0035203205","0.001075447","0.005965194","0","0","0.00758765070249586","false","0","AGO1","0"
"0.0","0.0","0.0","0.08333333333333333","0","4","4","false","GBF1","GBF1","1128.5","7.55658E-4","9.09993E-4","6.01323E-4","0","0","0.00375425179621327","false","0","GBF1","0"
"0.0","0.0","0.0","0.16666666666666666","0","4","4","false","FAM210B","FAM210B","894.75","5.72711E-4","7.4454E-4","4.00882E-4","0","0","0.00107091043906707","false","0","FAM210B","0"
"0.0","0.0","0.0","0.2","0","5","5","false","FAM124B","FAM124B","778.4","0.006673655499999999","0.009787408","0.003559903","0","0","0.00584180155228604","false","0","FAM124B","0"
"0.0","0.0","0.0","0.16666666666666666","0","3","3","false","RAPGEFL1","RAPGEFL1","1441.0","5.965805E-4","9.9272E-4","2.00441E-4","0","0","0.00336487826743102","false","0","RAPGEFL1","0"
"0.0","0.0","0.0","0.25","0","4","4","false","KAT2A","KAT2A","928.0","0.0027535445","7.4454E-4","0.004762549","0","0","0.00388800286878835","false","0","KAT2A","0"
"2.879962634283045","0.46328159724853324","0.34722672721375286","0.006680846422338569","5","193","4","false","TCF4","TCF4","54.369791666666664","0.21788669200000002","0.407657423","0.028115961","189","1","0.744674156349466","false","0","TCF4","162040240"
"0.0","0.0","0.0","0.08333333333333333","0","4","4","false","AHNAK","AHNAK","816.0","0.0032961695","0.006391898","2.00441E-4","0","0","0.0020523255401185","false","0","AHNAK","0"
"0.0","0.0","0.0","0.16666666666666666","0","6","6","false","ERMP1","ERMP1","718.1666666666666","0.0041835755","0.00320372","0.005163431","0","0","0.006331684327919","false","0","ERMP1","0"
"0.0","0.0","0.0","0.14285714285714285","0","8","8","false","ZDHHC8","ZDHHC8","818.0","0.020025483","4.9636E-4","0.039554606","0","0","0.0133922603010341","false","0","ZDHHC8","0"
"0.0","0.0","0.0","1.0","0","2","2","false","ENSG00000260805.2","ENSG00000260805.2","1547.5","4.899845E-4","5.79087E-4","4.00882E-4","0","0","9.74622345089887E-4","false","0","ENSG00000260805.2","0"
"0.0","0.0","0.0","0.0196078431372549","0","19","19","false","DNAJC4","DNAJC4","238.0","2.50551E-4","0.0","5.01102E-4","0","1","0.012794937238964","false","0","DNAJC4","0"
"0.0","0.0","0.0","0.5","0","3","3","false","SC5D","SC5D","1073.3333333333333","0.001232057","0.002263673","2.00441E-4","0","0","0.00589937177391843","false","0","SC5D","0"
"0.0","0.0","0.0","0.0","0","4","4","false","FOXRED1","FOXRED1","796.25","3.309065E-4","6.61813E-4","0.0","0","0","0.00256007679614232","false","0","FOXRED1","0"
"4.454110228865017","0.0010182811757200466","0.22451173155066192","0.07881773399014778","7","29","3","false","MAX","MAX","187.6206896551724","0.003440561","0.003321219","0.003559903","26","0","0.168080869711878","false","0","MAX","594170"
"0.0","0.0","0.0","0.0","0","4","4","false","DCPS","DCPS","790.25","0.001438301","0.0","0.002876602","0","0","0.00123090559804036","false","0","DCPS","0"
"0.0","0.0","0.0","0.26666666666666666","0","6","6","false","RBFOX2","RBFOX2","1071.1666666666667","0.009505288","0.014931328","0.004079248","0","0","0.00963899237371762","false","0","RBFOX2","0"
"0.0","0.0","0.0","0.0","0","5","5","false","PRPF40B","PRPF40B","693.4","3.484005E-4","4.9636E-4","2.00441E-4","0","0","0.00101946729250745","false","0","PRPF40B","0"
"0.0","0.0","0.0","0.3333333333333333","0","3","3","false","TPTEP1","TPTEP1","1457.3333333333333","5.400945E-4","5.79087E-4","5.01102E-4","0","0","0.00244169906890075","false","0","TPTEP1","0"
"0.0","0.0","0.0","0.10714285714285714","0","8","8","false","NAA40","NAA40","730.875","0.0022699359999999997","5.79087E-4","0.003960785","0","0","0.00613066583421757","false","0","NAA40","0"
"0.0","0.0","0.0","0.16666666666666666","0","6","6","false","DOCK4","DOCK4","987.3333333333334","0.0024115194999999997","6.61813E-4","0.004161226","0","0","0.00452726643474362","false","0","DOCK4","0"
"0.0","0.0","0.0","0.0","0","4","4","false","MVK","MVK","709.5","4.31127E-4","6.61813E-4","2.00441E-4","0","0","0.00124132540987185","false","0","MVK","0"
"0.0","0.0","0.0","0.06666666666666667","0","6","6","false","TRIM28","TRIM28","739.3333333333334","0.002063119","1.65453E-4","0.003960785","0","0","0.00107091043906707","false","0","TRIM28","0"
"0.0","0.0","0.0","0.11904761904761904","0","7","7","false","ENSG00000267385.1","ENSG00000267385.1","893.2857142857143","0.006427864","0.012855728","0.0","0","0","0.00444436929587004","false","0","ENSG00000267385.1","0"
"0.0","0.0","0.0","0.03636363636363636","0","11","11","false","PNPLA7","PNPLA7","529.2727272727273","0.0063249050000000005","6.61813E-4","0.011987997","0","0","0.00576958548180315","false","0","PNPLA7","0"
"0.0","0.0","0.0","0.11904761904761904","0","7","7","false","NFKBIA","NFKBIA","973.0","0.019182440999999998","3.30907E-4","0.038033975","0","0","0.0101082967822468","false","0","NFKBIA","0"
"0.0","0.0","0.0","0.0","0","3","3","false","ZC3H4","ZC3H4","928.0",,,"5.01102E-4","0","0","6.44734728430218E-4","false","0","ZC3H4","0"
"0.0","0.0","0.0","0.4666666666666667","0","6","6","false","GUCA1B","GUCA1B","1248.6666666666667","0.014291122","9.09993E-4","0.027672251","0","0","0.0131083446684592","false","0","GUCA1B","0"
"0.0","0.0","0.0","0.0","0","3","3","false","SEMA5A","SEMA5A","1133.3333333333333","1.002205E-4","0.0","2.00441E-4","0","0","1.92576187954359E-4","false","0","SEMA5A","0"
"0.0","0.0","0.0","0.5","0","2","2","false","SESN2","SESN2","1520.5","3.07037E-4","4.13633E-4","2.00441E-4","0","0","0.00121534258003284","false","0","SESN2","0"
"0.0","0.0","0.0","0.16666666666666666","0","4","4","false","CUL9","CUL9","1138.5","0.0084345145","0.016668588","2.00441E-4","0","0","0.00449402460901925","false","0","CUL9","0"
"0.0","0.0","0.0","0.08333333333333333","0","4","4","false","SLC6A6","SLC6A6","1156.75","0.002420284","0.004640127","2.00441E-4","0","0","0.0045017394182833","false","0","SLC6A6","0"
"0.0","0.0","0.0","0.0","0","1","1","false","ACAP2","ACAP2","2283.0",,,"2.00441E-4","0","0","1.92576187954359E-4","false","0","ACAP2","0"
"0.0","0.0","0.0","0.07142857142857142","0","7","7","false","PRKAA1","PRKAA1","673.8571428571429","0.0024878705","4.13633E-4","0.004562108","0","0","0.00375920044556981","false","0","PRKAA1","0"
"0.0","0.0","0.0","0.06666666666666667","0","6","6","false","PEX5L","PEX5L","834.5","0.0022221968355393778","8.27266710787558E-5","0.004361667","0","0","0.001804812549214","false","0","PEX5L","0"
"0.0","0.0","0.0","0.06363636363636363","0","11","11","false","HEMK1","HEMK1","487.27272727272725","0.001226742","5.79087E-4","0.001874397","0","0","0.0118620608409398","false","0","HEMK1","0"
"0.0","0.0","0.0","0.19047619047619047","0","7","7","false","NME3","NME3","1114.2857142857142","0.009096172","0.014513978","0.003678366","0","0","0.00984001086741904","false","0","NME3","0"
"0.0","0.0","0.0","0.07142857142857142","0","7","7","false","CTCF","CTCF","682.2857142857143","0.0075713705","1.65453E-4","0.014977288","0","0","0.00551969544463013","false","0","CTCF","0"
"0.0","0.0","0.0","0.18181818181818182","0","11","11","false","INO80D","INO80D","923.4545454545455","0.024898298","0.014769236","0.03502736","0","0","0.0200832573427932","false","0","INO80D","0"
"0.0","0.0","0.0","0.05","0","5","5","false","FAHD2A","FAHD2A","923.0","0.0026656155","0.003256393","0.002074838","0","0","0.00444515306554765","false","0","FAHD2A","0"
"0.0","0.0","0.0","0.05","0","5","5","false","KHDC4","KHDC4","686.2","4.2475149999999997E-4","2.4818E-4","6.01323E-4","0","0","0.00291595212678648","false","0","KHDC4","0"
"0.0","0.0","0.0","0.0","0","5","5","false","LMAN2L","LMAN2L","690.2","0.0013380805","0.0","0.002676161","0","0","0.00282810145441088","false","0","LMAN2L","0"
"0.0","0.0","0.0","0.0","0","3","3","false","BTG1","BTG1","951.3333333333334",,,"2.00441E-4","0","0","1.92576187954359E-4","false","0","BTG1","0"
"0.0","0.0","0.0","0.01904761904761905","0","15","15","false","ELMOD3","ELMOD3","334.53333333333336","3.07037E-4","4.13633E-4","2.00441E-4","0","0","0.0126309105997912","false","0","ELMOD3","0"
"0.0","0.0","0.0","0.0","0","3","3","false","TTC31","TTC31","938.0","1.415838355393779E-4","8.27266710787558E-5","2.00441E-4","0","0","6.92878775418808E-4","false","0","TTC31","0"
"0.0","0.0","0.0","0.0","0","4","4","false","SLC25A12","SLC25A12","825.5","0.0013094685","7.4454E-4","0.001874397","0","0","7.11740892997359E-4","false","0","SLC25A12","0"
"0.0","0.0","0.0","0.0","0","2","2","false","ARNTL","ARNTL","1218.5","3.89764E-4","5.79087E-4","2.00441E-4","0","0","9.52461127940308E-4","false","0","ARNTL","0"
"0.0","0.0","0.0","0.0","0","2","2","false","WRAP73","WRAP73","1304.0","2.6567400000000003E-4","3.30907E-4","2.00441E-4","0","0","2.88864281931539E-4","false","0","WRAP73","0"
"0.0","0.0","0.0","0.23333333333333334","0","6","6","false","TCEANC2","TCEANC2","855.5","0.004801138","2.4818E-4","0.009354096","0","0","0.00592668108138951","false","0","TCEANC2","0"
"0.0","0.0","0.0","0.0","0","5","5","false","SCAMP3","SCAMP3","712.4","3.309065E-4","6.61813E-4","0.0","0","0","0.00220420634964364","false","0","SCAMP3","0"
"0.0","0.0","0.0","0.1","0","5","5","false","PUM1","PUM1","801.6","0.0034202595","0.006640078","2.00441E-4","0","0","0.00276380517655666","false","0","PUM1","0"
"0.0","0.0","0.0","0.13333333333333333","0","6","6","false","ENSG00000278330.1","ENSG00000278330.1","1134.5","6.40315E-4","5.79087E-4","7.01543E-4","0","0","0.003820735447662","false","0","ENSG00000278330.1","0"
"0.0","0.0","0.0","0.125","0","8","8","false","WDR36","WDR36","783.25","0.014918075999999999","0.029635711","2.00441E-4","0","0","0.00932974982390144","false","0","WDR36","0"
"0.0","0.0","0.0","0.1","0","6","6","false","ARRDC2","ARRDC2","729.6666666666666","0.002747169","3.30907E-4","0.005163431","0","0","0.00484442389304298","false","0","ARRDC2","0"
"0.0","0.0","0.0","0.08333333333333333","0","4","4","false","PDGFRA","PDGFRA","754.25","3.484005E-4","4.9636E-4","2.00441E-4","0","0","0.00209624843423356","false","0","PDGFRA","0"
"0.0","0.0","0.0","0.1","0","5","5","false","GON4L","GON4L","974.6","1.8294699999999998E-4","1.65453E-4","2.00441E-4","0","0","0.00156409231427105","false","0","GON4L","0"
"0.0","0.0","0.0","0.16666666666666666","0","7","7","false","ATP13A1","ATP13A1","880.5714285714286","5.989515000000001E-4","4.9636E-4","7.01543E-4","0","0","0.0079889039202211","false","0","ATP13A1","0"
"0.0","0.0","0.0","0.025","0","16","16","false","PIK3R3","PIK3R3","346.8125","0.0025228583355393778","8.27266710787558E-5","0.00496299","0","0","0.0130242489090333","false","0","PIK3R3","0"
"0.0","0.0","0.0","0.06666666666666667","0","6","6","false","RC3H1","RC3H1","683.6666666666666","0.002063119","1.65453E-4","0.003960785","0","0","0.00209624843423356","false","0","RC3H1","0"
"0.0","0.0","0.0","0.16666666666666666","0","3","3","false","RPA2","RPA2","964.0","3.484005E-4","4.9636E-4","2.00441E-4","0","0","0.00199573918738285","false","0","RPA2","0"
"0.0","0.0","0.0","0.06666666666666667","0","6","6","false","DYNC1LI2","DYNC1LI2","813.3333333333334","4.5736750000000004E-4","4.13633E-4","5.01102E-4","0","0","0.00326436902058031","false","0","DYNC1LI2","0"
"0.0","0.0","0.0","0.5","0","2","2","false","MAN1C1","MAN1C1","1329.0","1.8294699999999998E-4","1.65453E-4","2.00441E-4","0","0","0.00234118982205004","false","0","MAN1C1","0"
"0.0","0.0","0.0","0.1","0","5","5","false","EPC2","EPC2","791.8","0.001821314835539378","8.27266710787558E-5","0.003559903","0","0","0.00267595938832654","false","0","EPC2","0"
"0.0","0.0","0.0","0.0","0","4","4","false","RCN2","RCN2","763.25","5.226005E-4","7.4454E-4","3.00661E-4","0","0","2.64792258437244E-4","false","0","RCN2","0"
"0.0","0.0","0.0","0.15555555555555556","0","10","10","false","WDR91","WDR91","938.6","0.0205007265","0.017589377","0.023412076","0","0","0.0169777515603736","false","0","WDR91","0"
"0.0","0.0","0.0","0.16666666666666666","0","4","4","false","TXNDC12","TXNDC12","1107.5","0.0027988164999999997","0.001436407","0.004161226","0","0","0.00371527755145475","false","0","TXNDC12","0"
"0.0","0.0","0.0","0.16666666666666666","0","6","6","false","TBC1D4","TBC1D4","957.3333333333334","0.005242104500000001","0.010283768","2.00441E-4","0","0","0.00784723793916283","false","0","TBC1D4","0"
"0.0","0.0","0.0","0.26666666666666666","0","6","6","false","PWP1","PWP1","893.3333333333334","0.0076935135000000005","0.015186586","2.00441E-4","0","0","0.00947516583376395","false","0","PWP1","0"
"4.466487622606259","0.8306954743467343","0.2238895715144702","0.03195488721804511","7","57","6","false","HOXA13","HOXA13","140.71929824561403","7.405355E-4","5.79087E-4","9.01984E-4","51","0","0.257984775731931","false","0","HOXA13","373931921"
"0.0","0.0","0.0","0.16666666666666666","0","3","3","false","ENSG00000286367.1","ENSG00000286367.1","1321.0","3.309065E-4","6.61813E-4","0.0","0","0","9.26478298101297E-4","false","0","ENSG00000286367.1","0"
"0.0","0.0","0.0","0.2","0","6","6","false","TMEM106B","TMEM106B","822.8333333333334","0.00304783","3.30907E-4","0.005764753","0","0","0.00671037678831055","false","0","TMEM106B","0"
"0.0","0.0","0.0","0.16666666666666666","0","4","4","false","NUDT15","NUDT15","1012.25","0.0024942465","8.27267E-4","0.004161226","0","0","0.0030526694584882","false","0","NUDT15","0"
"0.0","0.0","0.0","1.0","0","2","2","false","TM6SF1","TM6SF1","1547.5",,,"0.003960785","0","0","9.74622345089887E-4","false","0","TM6SF1","0"
"0.0","0.0","0.0","0.13333333333333333","0","6","6","false","FKTN","FKTN","657.8333333333334","0.0077717265","2.4818E-4","0.015295273","0","0","0.00669276468033342","false","0","FKTN","0"
"0.0","0.0","0.0","0.047619047619047616","0","7","7","false","ALDH8A1","ALDH8A1","686.4285714285714","4.3987400000000004E-4","5.79087E-4","3.00661E-4","0","0","0.00380312333968487","false","0","ALDH8A1","0"
"0.0","0.0","0.0","0.1","0","5","5","false","SENP5","SENP5","808.6","0.002464001","1.65453E-4","0.004762549","0","0","0.0038314165160527","false","0","SENP5","0"
"0.0","0.0","0.0","0.0","0","4","4","false","CPSF3","CPSF3","743.75","1.415838355393779E-4","8.27266710787558E-5","2.00441E-4","0","0","3.37008328920129E-4","false","0","CPSF3","0"
"0.0","0.0","0.0","0.05","0","5","5","false","GLE1","GLE1","628.0","9.14736E-4","8.27267E-4","0.001002205","0","0","0.00287499549179806","false","0","GLE1","0"
"0.0","0.0","0.0","0.06944444444444445","0","9","9","false","ANP32B","ANP32B","672.6666666666666","0.010692004","0.008794688","0.01258932","0","0","0.00558419670584896","false","0","ANP32B","0"
"0.0","0.0","0.0","0.1","0","5","5","false","CREBZF","CREBZF","637.0","0.006061504","0.011621906","5.01102E-4","0","0","0.00364306148097187","false","0","CREBZF","0"
"0.0","0.0","0.0","0.04779411764705882","0","17","17","false","DNMT3A","DNMT3A","300.0","0.0012821669999999999","0.002263673","3.00661E-4","0","0","0.0216755608230018","false","0","DNMT3A","0"
"0.0","0.0","0.0","0.0","0","3","3","false","TMEM63B","TMEM63B","809.0","3.006615E-4","0.0","6.01323E-4","0","0","8.08028986974538E-4","false","0","TMEM63B","0"
"0.0","0.0","0.0","0.0","0","6","6","false","UNC13C","UNC13C","634.8333333333334","3.332775E-4","1.65453E-4","5.01102E-4","0","0","9.33599010361758E-4","false","0","UNC13C","0"
"0.0","0.0","0.0","0.16666666666666666","0","9","9","false","MTMR4","MTMR4","961.6666666666666","0.0293964865","0.012607548","0.046185425","0","0","0.0159930373597512","false","0","MTMR4","0"
"0.0","0.0","0.0","0.0625","0","16","16","false","CASC3","CASC3","592.75","0.008334294","0.016668588","0.0","0","0","0.0244688431440422","false","0","CASC3","0"
"0.0","0.0","0.0","0.15","0","5","5","false","NDUFAB1","NDUFAB1","1086.6","0.0025705974999999997","5.79087E-4","0.004562108","0","0","0.0045506109617549","false","0","NDUFAB1","0"
"0.0","0.0","0.0","0.06666666666666667","0","6","6","false","CDK5RAP3","CDK5RAP3","1158.6666666666667","0.005391343","8.27267E-4","0.009955419","0","0","0.00525714194883651","false","0","CDK5RAP3","0"
"0.0","0.0","0.0","0.05","0","5","5","false","RNF170","RNF170","716.6","5.90205E-4","5.79087E-4","6.01323E-4","0","0","0.00275885652720011","false","0","RNF170","0"
"0.0","0.0","0.0","0.08333333333333333","0","4","4","false","TNFSF10","TNFSF10","873.0",,,"0.00496299","0","0","0.00257346775124593","false","0","TNFSF10","0"
"0.0","0.0","0.0","0.25","0","4","4","false","SLC44A5","SLC44A5","1124.0","0.002080613","0.0","0.004161226","0","0","0.00293653049389025","false","0","SLC44A5","0"
"0.0","0.0","0.0","0.11904761904761904","0","7","7","false","ASNSD1","ASNSD1","922.4285714285714","0.007839084500000001","0.012118266","0.003559903","0","0","0.00548072119987161","false","0","ASNSD1","0"
"0.0","0.0","0.0","0.16666666666666666","0","7","7","false","PLCE1","PLCE1","1000.4285714285714","0.0032776825","0.00259458","0.003960785","0","0","0.00648106511824131","false","0","PLCE1","0"
"0.0","0.0","0.0","0.0","0","2","2","false","FAM214B","FAM214B","1477.5","2.895435E-4","5.79087E-4","0.0","0","0","2.40720234942949E-4","false","0","FAM214B","0"
"0.0","0.0","0.0","0.15","0","5","5","false","SLC40A1","SLC40A1","794.0","5.55217E-4","9.09993E-4","2.00441E-4","0","0","0.00358647512823621","false","0","SLC40A1","0"
"0.0","0.0","0.0","0.16666666666666666","0","4","4","false","COX10","COX10","1329.5","0.006504215","0.012607548","4.00882E-4","0","0","0.00324873930283307","false","0","COX10","0"
"0.0","0.0","0.0","0.1","0","5","5","false","CHRNA1","CHRNA1","841.4","3.006615E-4","0.0","6.01323E-4","0","0","0.00279209835292448","false","0","CHRNA1","0"
"0.0","0.0","0.0","0.03333333333333333","0","6","6","false","STIM2","STIM2","724.1666666666666","4.422453355393779E-4","8.27266710787558E-5","8.01764E-4","0","0","0.00248562196301581","false","0","STIM2","0"
"0.0","0.0","0.0","0.07142857142857142","0","7","7","false","RPAP2","RPAP2","874.8571428571429","0.01069263","6.61813E-4","0.020723447","0","0","0.00706155984201189","false","0","RPAP2","0"
"0.0","0.0","0.0","0.03333333333333333","0","6","6","false","CNOT6L","CNOT6L","679.8333333333334","0.0027988164999999997","0.001436407","0.004161226","0","0","0.00245732878664798","false","0","CNOT6L","0"
"0.0","0.0","0.0","0.25","0","5","5","false","UQCRC1","UQCRC1","1223.2","0.0025705974999999997","5.79087E-4","0.004562108","0","0","0.00539584167076814","false","0","UQCRC1","0"
"0.0","0.0","0.0","0.0","0","4","4","false","NUP54","NUP54","807.0","3.006615E-4","0.0","6.01323E-4","0","0","8.08028986974538E-4","false","0","NUP54","0"
"0.0","0.0","0.0","0.2","0","6","6","false","ACCS","ACCS","1021.1666666666666","0.0028561414999999997","0.004810299","9.01984E-4","0","0","0.00666942015332214","false","0","ACCS","0"
"0.0","0.0","0.0","0.13333333333333333","0","6","6","false","G0S2","G0S2","811.5","0.00466593","5.79087E-4","0.008752773","0","0","0.00506107210449164","false","0","G0S2","0"
"0.0","0.0","0.0","0.08333333333333333","0","4","4","false","SMUG1","SMUG1","838.75",,,"0.009354096","0","0","0.00294721156228094","false","0","SMUG1","0"
"0.0","0.0","0.0","0.25","0","5","5","false","GUCD1","GUCD1","1043.2","0.006628305","0.012855728","4.00882E-4","0","0","0.00409397001184631","false","0","GUCD1","0"
"0.0","0.0","0.0","0.07142857142857142","0","8","8","false","BTN2A2","BTN2A2","612.25","0.0063986305","3.30907E-4","0.012466354","0","0","0.0059500256084008","false","0","BTN2A2","0"
"0.0","0.0","0.0","0.16666666666666666","0","3","3","false","ZNF576","ZNF576","904.0","0.0024051495","0.004810299","0.0","0","0","0.00185130704641708","false","0","ZNF576","0"
"0.0","0.0","0.0","0.0","0","1","1","false","PPP5C","PPP5C","2283.0",,,"2.00441E-4","0","0","1.92576187954359E-4","false","0","PPP5C","0"
"0.0","0.0","0.0","0.11904761904761904","0","7","7","false","B4GALNT3","B4GALNT3","681.7142857142857","0.0058731595","0.011445658","3.00661E-4","0","0","0.003820735447662","false","0","B4GALNT3","0"
"0.0","0.0","0.0","0.2","0","5","5","false","MRS2","MRS2","1041.8","0.0077781875","5.79087E-4","0.014977288","0","0","0.0059969147616425","false","0","MRS2","0"
"0.0","0.0","0.0","0.05","0","5","5","false","OGFOD2","OGFOD2","619.6","0.0026557004999999997","0.004810299","5.01102E-4","0","0","0.00287499549179806","false","0","OGFOD2","0"
"0.0","0.0","0.0","0.26666666666666666","0","6","6","false","RNF185","RNF185","870.0","0.0080763885","0.015852116","3.00661E-4","0","0","0.00811275769408309","false","0","RNF185","0"
"0.0","0.0","0.0","0.07142857142857142","0","15","15","false","SIRT5","SIRT5","458.93333333333334","0.007985004","9.9272E-4","0.014977288","0","0","0.0294808436058431","false","0","SIRT5","0"
"0.0","0.0","0.0","0.14285714285714285","0","7","7","false","ABCC10","ABCC10","917.4285714285714","0.0098864435","0.015010338","0.004762549","0","0","0.00846394074778443","false","0","ABCC10","0"
"0.0","0.0","0.0","0.03333333333333333","0","6","6","false","FGD4","FGD4","947.0","0.0018938705","0.0035873","2.00441E-4","0","0","0.00447344624191547","false","0","FGD4","0"
"0.0","0.0","0.0","0.03333333333333333","0","6","6","false","OAS3","OAS3","741.3333333333334","0.0026207129999999998","0.005141206","1.0022E-4","0","0","0.00267397699809664","false","0","OAS3","0"
"0.0","0.0","0.0","0.5","0","3","3","false","NUDCD3","NUDCD3","1358.0","0.0036601235","0.0","0.007320247","0","0","0.00544846324304398","false","0","NUDCD3","0"
"0.0","0.0","0.0","0.0","0","4","4","false","UNC5CL","UNC5CL","633.5","5.226005E-4","7.4454E-4","3.00661E-4","0","0","3.37008328920129E-4","false","0","UNC5CL","0"
"0.0","0.0","0.0","0.08333333333333333","0","4","4","false","OARD1","OARD1","897.5","6.22821E-4","7.4454E-4","5.01102E-4","0","0","0.0031638597737296","false","0","OARD1","0"
"0.0","0.0","0.0","0.23333333333333334","0","6","6","false","PTGR2","PTGR2","910.5","0.00789652","0.00320372","0.01258932","0","0","0.00952383727801642","false","0","PTGR2","0"
"0.0","0.0","0.0","0.14285714285714285","0","7","7","false","NDUFS1","NDUFS1","934.5714285714286","0.0025705974999999997","5.79087E-4","0.004562108","0","0","0.00655328118872419","false","0","NDUFS1","0"
"0.0","0.0","0.0","0.3333333333333333","0","3","3","false","CUL4A","CUL4A","1101.6666666666667","0.002021755835539378","8.27266710787558E-5","0.003960785","0","0","0.00102276639207848","false","0","CUL4A","0"
"0.0","0.0","0.0","0.16666666666666666","0","4","4","false","AARS2","AARS2","874.75","0.0013823874999999998","0.002263673","5.01102E-4","0","0","0.0055363090312741","false","0","AARS2","0"
"0.0","0.0","0.0","0.2","0","6","6","false","BRD9","BRD9","812.0","0.010932495","0.021564329","3.00661E-4","0","0","0.00738069969054116","false","0","BRD9","0"
"0.0","0.0","0.0","0.5","0","2","2","false","KIF25","KIF25","1362.5","1.415838355393779E-4","8.27266710787558E-5","2.00441E-4","0","0","0.00102276639207848","false","0","KIF25","0"
"0.0","0.0","0.0","0.6","0","5","5","false","SSR1","SSR1","1240.2","0.015959229499999998","0.016923847","0.014994612","0","0","0.0109018897878809","false","0","SSR1","0"
"0.0","0.0","0.0","0.0","0","3","3","false","IGF1R","IGF1R","910.0","1.415838355393779E-4","8.27266710787558E-5","2.00441E-4","0","0","2.16648211448654E-4","false","0","IGF1R","0"
"0.0","0.0","0.0","0.05","0","5","5","false","SLC25A35","SLC25A35","784.4","0.006327361835539377","8.27266710787558E-5","0.012571997","0","0","0.00295987502090153","false","0","SLC25A35","0"
"0.0","0.0","0.0","0.06666666666666667","0","6","6","false","ANK1","ANK1","799.6666666666666","0.0015687664999999998","6.61813E-4","0.00247572","0","0","0.0104790596817188","false","0","ANK1","0"
"0.0","0.0","0.0","0.3333333333333333","0","4","4","false","BMP4","BMP4","989.75","0.0026230788355393777","8.27266710787558E-5","0.005163431","0","0","0.00441112747014567","false","0","BMP4","0"
"0.0","0.0","0.0","0.0","0","4","4","false","FAM136A","FAM136A","1102.0","4.899845E-4","5.79087E-4","4.00882E-4","0","0","8.85454963373168E-4","false","0","FAM136A","0"
"0.0","0.0","0.0","0.25","0","4","4","false","INSIG2","INSIG2","1212.0","0.0022874295","4.13633E-4","0.004161226","0","0","0.00388800286878835","false","0","INSIG2","0"
"0.0","0.0","0.0","0.06666666666666667","0","6","6","false","MYLK3","MYLK3","807.3333333333334","2.744205E-4","2.4818E-4","3.00661E-4","0","0","0.0022123873988315","false","0","MYLK3","0"
"0.0","0.0","0.0","0.16666666666666666","0","4","4","false","BAK1","BAK1","1281.0","6.40315E-4","5.79087E-4","7.01543E-4","0","0","0.00329266219694813","false","0","BAK1","0"
"0.0","0.0","0.0","0.0","0","1","1","false","ARMC7","ARMC7","2283.0",,,"2.00441E-4","0","0","1.92576187954359E-4","false","0","ARMC7","0"
"0.0","0.0","0.0","0.2","0","5","5","false","RANBP10","RANBP10","1062.4","0.008737168","0.003983032","0.013491304","0","0","0.00350357798936264","false","0","RANBP10","0"
"0.0","0.0","0.0","0.05","0","5","5","false","MRPS27","MRPS27","723.2","9.910869999999999E-4","5.79087E-4","0.001403087","0","0","0.00326436902058031","false","0","MRPS27","0"
"0.0","0.0","0.0","0.3333333333333333","0","3","3","false","OPA3","OPA3","1307.0",,,"0.008752773","0","0","0.00293158184453371","false","0","OPA3","0"
"0.0","0.0","0.0","0.05","0","5","5","false","ZCCHC14","ZCCHC14","754.0","0.003603655","0.003647407","0.003559903","0","0","0.00323310958508584","false","0","ZCCHC14","0"
"0.0","0.0","0.0","0.15","0","5","5","false","BRD8","BRD8","1157.0","0.005267253","5.79087E-4","0.009955419","0","0","0.00559487777423966","false","0","BRD8","0"
"0.0","0.0","0.0","0.16666666666666666","0","4","4","false","AGA","AGA","989.25","4.6374350000000003E-4","8.27267E-4","1.0022E-4","0","0","0.00185130704641708","false","0","AGA","0"
"0.0","0.0","0.0","0.013888888888888888","0","9","9","false","GPR108","GPR108","484.6666666666667","0.002965705","5.79087E-4","0.005352323","0","0","0.00535270254633068","false","0","GPR108","0"
"0.0","0.0","0.0","0.05","0","5","5","false","UNC45B","UNC45B","575.6","0.0012646735","0.002429127","1.0022E-4","0","0","0.00199573918738285","false","0","UNC45B","0"
"0.0","0.0","0.0","0.03333333333333333","0","10","10","false","MKKS","MKKS","484.2","0.0057465395","0.006129207","0.005363872","0","0","0.00736605384169067","false","0","MKKS","0"
"0.0","0.0","0.0","0.25","0","5","5","false","ALX4","ALX4","954.2","0.004874687","0.002429127","0.007320247","0","0","0.0120844414714226","false","0","ALX4","0"
"4.565273236805231","1.6435005288025646","0.2190449395094253","0.014345287739783153","7","110","5","false","IRF3","IRF3","95.76363636363637","0.0108788405","0.017596455","0.004161226","105","0","0.420803868214802","false","0","IRF3","302713513"
"0.0","0.0","0.0","0.5","0","3","3","false","TOR1AIP1","TOR1AIP1","1536.6666666666667","5.965805E-4","9.9272E-4","2.00441E-4","0","0","0.00497322631626152","false","0","TOR1AIP1","0"
"0.0","0.0","0.0","0.2","0","5","5","false","OPN3","OPN3","1086.6","0.0014826079999999998","0.002263673","7.01543E-4","0","0","0.0115330236936975","false","0","OPN3","0"
"0.0","0.0","0.0","0.13333333333333333","0","6","6","false","STEAP3","STEAP3","867.1666666666666","5.488415E-4","4.9636E-4","6.01323E-4","0","0","0.0039934607649956","false","0","STEAP3","0"
"0.0","0.0","0.0","0.03333333333333333","0","6","6","false","TMEM175","TMEM175","596.6666666666666","7.882745E-4","0.001075447","5.01102E-4","0","0","0.00407140925451263","false","0","TMEM175","0"
"3.2439280709948624","0.40023260518541937","0.3082682408840574","0.005360250609119387","6","170","5","false","DBP","DBP","40.923529411764704","0.2585000025","0.213183871","0.303816134","165","0","0.297110653610485","false","0","DBP","181934503"
"0.0","0.0","0.0","0.08333333333333333","0","4","4","false","HPF1","HPF1","912.25",,,"0.004562108","0","0","0.0026583472803494","false","0","HPF1","0"
"0.0","0.0","0.0","0.06666666666666667","0","6","6","false","TNFRSF19","TNFRSF19","621.3333333333334","0.0037185495","0.007136438","3.00661E-4","0","0","0.00325368795218962","false","0","TNFRSF19","0"
"0.0","0.0","0.0","0.35","0","5","5","false","MSH4","MSH4","1275.2","0.004266302","0.003369173","0.005163431","0","0","0.0110217787812831","false","0","MSH4","0"
"0.0","0.0","0.0","0.16666666666666666","0","4","4","false","GGCX","GGCX","874.5","0.0026230788355393777","8.27266710787558E-5","0.005163431","0","0","0.00400414183338629","false","0","GGCX","0"
"0.0","0.0","0.0","0.3","0","5","5","false","RHOB","RHOB","1069.2","0.006569081","2.4818E-4","0.012889982","0","0","0.00412721183757068","false","0","RHOB","0"
"0.0","0.0","0.0","0.16666666666666666","0","6","6","false","MPC1","MPC1","1121.0","0.0031714605","0.002263673","0.004079248","0","0","0.010390430123811","false","0","MPC1","0"
"0.0","0.0","0.0","0.08333333333333333","0","4","4","false","DNAJC16","DNAJC16","976.0","2.50551E-4","0.0","5.01102E-4","0","0","0.00163465883496843","false","0","DNAJC16","0"
"0.0","0.0","0.0","0.2","0","5","5","false","LSM8","LSM8","727.8","0.0052922145000000006","0.010283768","3.00661E-4","0","0","0.00452726643474362","false","0","LSM8","0"
"0.0","0.0","0.0","0.5","0","3","3","false","GATB","GATB","1410.6666666666667","5.226005E-4","7.4454E-4","3.00661E-4","0","0","0.00310925581122385","false","0","GATB","0"
"0.0","0.0","0.0","0.16666666666666666","0","4","4","false","PCYOX1","PCYOX1","709.0","2.418043355393779E-4","8.27266710787558E-5","4.00882E-4","0","0","0.00319710159945397","false","0","PCYOX1","0"
"0.0","0.0","0.0","0.2","0","5","5","false","ISOC2","ISOC2","1169.6","0.0014826079999999998","0.002263673","7.01543E-4","0","0","0.00758566831226596","false","0","ISOC2","0"
"0.0","0.0","0.0","0.1388888888888889","0","9","9","false","FAAH","FAAH","910.5555555555555","0.0201195125","0.010780128","0.029458897","0","0","0.015807648583797","false","0","FAAH","0"
"0.0","0.0","0.0","0.5","0","2","2","false","LRRC17","LRRC17","1342.0","1.415838355393779E-4","8.27266710787558E-5","2.00441E-4","0","0","0.00107091043906707","false","0","LRRC17","0"
"0.0","0.0","0.0","0.5833333333333334","0","4","4","false","MRPS35","MRPS35","1473.25","0.005417583500000001","5.79087E-4","0.01025608","0","0","0.00766184916320865","false","0","MRPS35","0"
"0.0","0.0","0.0","0.1","0","5","5","false","PRKRIP1","PRKRIP1","561.4","5.07478E-4","4.13633E-4","6.01323E-4","0","0","0.00398851211563906","false","0","PRKRIP1","0"
"0.0","0.0","0.0","0.047619047619047616","0","7","7","false","HERC2","HERC2","558.7142857142857","0.00283972","0.00320372","0.00247572","0","0","0.00384407997467329","false","0","HERC2","0"
"3.6906819243344233","0.2406404422712571","0.27095263707406586","0.022792022792022793","6","27","2","false","NFYC","NFYC","158.92592592592592",,,"3.00661E-4","25","0","0.0870264126948583","false","0","NFYC","38273754"
"1.0","4.108463494792584E-4","1.0","0.08928571428571429","1","8","7","false","HES6","HES6","684.25","0.0023988815","0.00419644","6.01323E-4","1","0","0.0119077660260656","false","0","HES6","59523"
"0.0","0.0","0.0","0.25","0","4","4","false","SUGP2","SUGP2","977.0","0.001314784","0.002429127","2.00441E-4","0","0","0.00405004711773125","false","0","SUGP2","0"
"0.0","0.0","0.0","0.13333333333333333","0","6","6","false","CENPC","CENPC","883.0","0.001880172","0.0","0.003760344","0","0","0.0030419883900975","false","0","CENPC","0"
"0.0","0.0","0.0","0.19047619047619047","0","7","7","false","PUS7L","PUS7L","1017.8571428571429","0.0086544415","0.003817579","0.013491304","0","0","0.0083216910962677","false","0","PUS7L","0"
"0.0","0.0","0.0","1.0","0","2","2","false","NXPE3","NXPE3","1547.5","4.899845E-4","5.79087E-4","4.00882E-4","0","0","9.74622345089887E-4","false","0","NXPE3","0"
"0.0","0.0","0.0","0.5","0","2","2","false","MREG","MREG","1201.0","2.243105E-4","2.4818E-4","2.00441E-4","0","0","0.00163465883496843","false","0","MREG","0"
"0.0","0.0","0.0","0.1","0","6","6","false","SOX15","SOX15","815.3333333333334","0.0072325285","0.004810299","0.009654758","0","0","0.00547082390115853","false","0","SOX15","0"
"0.0","0.0","0.0","0.0","0","5","5","false","NAF1","NAF1","917.0","2.919143355393779E-4","8.27266710787558E-5","5.01102E-4","0","0","3.61080352414424E-4","false","0","NAF1","0"
"0.0","0.0","0.0","0.2","0","5","5","false","MAU2","MAU2","1120.2","0.009804946","0.004810299","0.014799593","0","0","0.00485708735166357","false","0","MAU2","0"
"0.0","0.0","0.0","0.16666666666666666","0","3","3","false","CASP8AP2","CASP8AP2","1071.0","0.00512804","0.0","0.01025608","0","0","0.00268664045671723","false","0","CASP8AP2","0"
"0.0","0.0","0.0","0.05","0","5","5","false","QRICH2","QRICH2","732.4","3.332775E-4","1.65453E-4","5.01102E-4","0","0","0.00198010946963562","false","0","QRICH2","0"
"0.0","0.0","0.0","0.2","0","5","5","false","MARCHF6","MARCHF6","808.0","0.008983033","0.017765625","2.00441E-4","0","0","0.00470494040143376","false","0","MARCHF6","0"
"0.0","0.0","0.0","0.19047619047619047","0","7","7","false","RTN4IP1","RTN4IP1","955.2857142857143","0.0067108689999999995","0.002263673","0.011158065","0","0","0.0125685918280214","false","0","RTN4IP1","0"
"0.0","0.0","0.0","0.3333333333333333","0","3","3","false","PDGFC","PDGFC","1175.6666666666667",,,"0.004562108","0","0","0.00185130704641708","false","0","PDGFC","0"
"0.0","0.0","0.0","0.02197802197802198","0","14","14","false","ERLEC1","ERLEC1","465.35714285714283","0.0026708179999999997","5.79087E-4","0.004762549","0","0","0.00726554459483996","false","0","ERLEC1","0"
"0.0","0.0","0.0","0.15","0","5","5","false","MTRES1","MTRES1","1089.0","6.466905000000001E-4","9.9272E-4","3.00661E-4","0","0","0.00374357072782258","false","0","MTRES1","0"
"0.0","0.0","0.0","0.4166666666666667","0","4","4","false","RPS6KA2","RPS6KA2","1259.75","0.0022699359999999997","5.79087E-4","0.003960785","0","0","0.00474589703642217","false","0","RPS6KA2","0"
"0.0","0.0","0.0","0.16666666666666666","0","4","4","false","TRPM4","TRPM4","881.75","0.0025356095","9.09993E-4","0.004161226","0","0","0.00417686715071989","false","0","TRPM4","0"
"0.0","0.0","0.0","0.13333333333333333","0","6","6","false","HRC","HRC","791.5","0.0024703769999999997","5.79087E-4","0.004361667","0","0","0.00667811883148293","false","0","HRC","0"
"0.0","0.0","0.0","0.25","0","4","4","false","CDKAL1","CDKAL1","1028.75","6.140745E-4","8.27267E-4","4.00882E-4","0","0","0.00572466406635493","false","0","CDKAL1","0"
"0.0","0.0","0.0","0.15","0","5","5","false","KCNIP2","KCNIP2","704.8","8.646255E-4","8.27267E-4","9.01984E-4","0","0","0.00442675718789291","false","0","KCNIP2","0"
"0.0","0.0","0.0","0.26666666666666666","0","6","6","false","SPEG","SPEG","1139.8333333333333","0.0110530755","0.016341398","0.005764753","0","0","0.0227496883512096","false","0","SPEG","0"
"0.0","0.0","0.0","0.13333333333333333","0","6","6","false","CYP2E1","CYP2E1","801.6666666666666","0.0024226378355393778","8.27266710787558E-5","0.004762549","0","0","0.00472828492844504","false","0","CYP2E1","0"
"0.0","0.0","0.0","1.0","0","2","2","false","NIPSNAP2","NIPSNAP2","1547.5",,,"0.003960785","0","0","9.74622345089887E-4","false","0","NIPSNAP2","0"
"0.0","0.0","0.0","0.11904761904761904","0","22","22","false","TFRC","TFRC","488.5","0.0065280845","0.012855728","2.00441E-4","0","0","0.0985773951201162","false","0","TFRC","0"
"0.0","0.0","0.0","0.041666666666666664","0","9","9","false","CEP85","CEP85","434.55555555555554","3.985105E-4","4.9636E-4","3.00661E-4","0","0","0.00469999175207721","false","0","CEP85","0"
"0.0","0.0","0.0","0.09722222222222222","0","9","9","false","PAK4","PAK4","603.5555555555555","0.006433774","0.012366446","5.01102E-4","0","0","0.0116796383241123","false","0","PAK4","0"
"0.0","0.0","0.0","0.021645021645021644","0","22","22","false","ACADVL","ACADVL","327.90909090909093","0.0026008424999999996","0.0012409","0.003960785","0","0","0.0215279623236903","false","0","ACADVL","0"
"0.0","0.0","0.0","0.16666666666666666","0","4","4","false","MED18","MED18","1279.75","0.00423006","9.09993E-4","0.007550127","0","0","0.00440617882078913","false","0","MED18","0"
"0.0","0.0","0.0","0.16666666666666666","0","4","4","false","MEPCE","MEPCE","1040.5","0.0021219763355393778","8.27266710787558E-5","0.004161226","0","0","0.00293653049389025","false","0","MEPCE","0"
"0.0","0.0","0.0","0.15","0","5","5","false","NONO","NONO","1029.6","0.0026708235","0.005141206","2.00441E-4","0","0","0.00516158135134235","false","0","NONO","0"
"0.0","0.0","0.0","0.0","0","3","3","false","AP1M1","AP1M1","1037.0","3.8101650000000003E-4","6.61813E-4","1.0022E-4","0","0","8.08028986974538E-4","false","0","AP1M1","0"
"0.0","0.0","0.0","0.08333333333333333","0","4","4","false","DERL2","DERL2","933.5","0.005598739","0.011197478","0.0","0","0","0.00226897375156715","false","0","DERL2","0"
"0.0","0.0","0.0","0.06593406593406594","0","14","14","false","CCDC62","CCDC62","382.14285714285717",,,"0.009955419","0","0","0.0234485191814636","false","0","CCDC62","0"
"0.0","0.0","0.0","0.5","0","3","3","false","TSG101","TSG101","1222.6666666666667","0.0011318365","0.002263673","0.0","0","0","0.00538119582191764","false","0","TSG101","0"
"0.0","0.0","0.0","0.13333333333333333","0","6","6","false","RGN","RGN","892.8333333333334","6.05327E-4","9.09993E-4","3.00661E-4","0","0","0.00451163671699638","false","0","RGN","0"
"0.0","0.0","0.0","0.13636363636363635","0","11","11","false","ECHDC2","ECHDC2","844.0","0.036291623","0.036175545","0.036407701","0","0","0.0180962168335712","false","0","ECHDC2","0"
"0.0","0.0","0.0","0.0","0","4","4","false","PPP2R3A","PPP2R3A","875.25","1.916938355393779E-4","8.27266710787558E-5","3.00661E-4","0","0","8.75035151541679E-4","false","0","PPP2R3A","0"
"0.0","0.0","0.0","0.07142857142857142","0","8","8","false","PKDREJ","PKDREJ","723.75","0.00664006","0.004527347","0.008752773","0","0","0.00849223392415226","false","0","PKDREJ","0"
"0.0","0.0","0.0","0.13333333333333333","0","6","6","false","GSDMC","GSDMC","750.8333333333334","0.004981714","9.09993E-4","0.009053435","0","0","0.00940076727383203","false","0","GSDMC","0"
"0.0","0.0","0.0","0.0","0","2","2","false","TTC38","TTC38","1632.5","4.899845E-4","5.79087E-4","4.00882E-4","0","0","7.89166869395988E-4","false","0","TTC38","0"
"0.0","0.0","0.0","0.16666666666666666","0","3","3","false","RNF2","RNF2","934.3333333333334","2.6567400000000003E-4","3.30907E-4","2.00441E-4","0","0","0.00202403236375067","false","0","RNF2","0"
"4.4372956562354045","0.47482655528322304","0.22536249046077733","0.027567567567567567","7","75","6","false","ZNF341","ZNF341","109.68","0.0056488319999999995","0.007136438","0.004161226","69","0","0.347355547667314","false","0","ZNF341","108465687"
"0.0","0.0","0.0","0.2","0","5","5","false","POLN","POLN","1065.2","0.0074448245","4.9636E-4","0.014393289","0","0","0.00551969544463013","false","0","POLN","0"
"0.0","0.0","0.0","0.2","0","5","5","false","PILRB","PILRB","1151.6","0.007382859","0.004810299","0.009955419","0","0","0.00659225543348271","false","0","PILRB","0"
"0.0","0.0","0.0","0.16666666666666666","0","3","3","false","PPP1R12B","PPP1R12B","1483.0","5.55217E-4","9.09993E-4","2.00441E-4","0","0","0.00311993687961454","false","0","PPP1R12B","0"
"0.0","0.0","0.0","0.35","0","5","5","false","ZCCHC9","ZCCHC9","973.2","0.005143163","3.30907E-4","0.009955419","0","0","0.00646048675113753","false","0","ZCCHC9","0"
"0.0","0.0","0.0","0.1","0","5","5","false","INPP5E","INPP5E","825.2","1.503305E-4","0.0","3.00661E-4","0","0","9.74622345089887E-4","false","0","INPP5E","0"
"0.0","0.0","0.0","0.5","0","3","3","false","TIMM21","TIMM21","1375.3333333333333","0.008059856","0.012359368","0.003760344","0","0","0.00345470644589104","false","0","TIMM21","0"
"0.0","0.0","0.0","0.0","0","4","4","false","GSE1","GSE1","991.25","1.916938355393779E-4","8.27266710787558E-5","3.00661E-4","0","0","6.44734728430218E-4","false","0","GSE1","0"
"0.0","0.0","0.0","0.0","0","3","3","false","CELF1","CELF1","1026.3333333333333","1.8294699999999998E-4","1.65453E-4","2.00441E-4","0","0","3.12936305425834E-4","false","0","CELF1","0"
"0.0","0.0","0.0","0.08333333333333333","0","4","4","false","ZSCAN5A","ZSCAN5A","824.0","4.549965E-4","9.09993E-4","0.0","0","0","0.00102276639207848","false","0","ZSCAN5A","0"
"0.0","0.0","0.0","0.16666666666666666","0","4","4","false","TAF5","TAF5","930.25","0.002080613","0.0","0.004161226","0","0","0.00251886378874018","false","0","TAF5","0"
"0.0","0.0","0.0","0.15","0","5","5","false","PIAS3","PIAS3","959.4","0.008891986","5.79087E-4","0.017204885","0","0","0.00522588251334205","false","0","PIAS3","0"
"0.0","0.0","0.0","0.0","0","2","2","false","PAK1","PAK1","1627.0","1.002205E-4","0.0","2.00441E-4","0","0","1.92576187954359E-4","false","0","PAK1","0"
"0.0","0.0","0.0","0.10476190476190476","0","15","15","false","DUSP13","DUSP13","601.6","0.0029714795","5.79087E-4","0.005363872","0","0","0.0330839469731597","false","0","DUSP13","0"
"0.0","0.0","0.0","0.15","0","5","5","false","ENAM","ENAM","1010.4",,,"0.014393289","0","0","0.00423345350345554","false","0","ENAM","0"
"0.0","0.0","0.0","0.25","0","4","4","false","DCAF15","DCAF15","1251.5","0.0137035705","0.012607548","0.014799593","0","0","0.00372794101007534","false","0","DCAF15","0"
"0.0","0.0","0.0","0.14285714285714285","0","8","8","false","CPSF7","CPSF7","880.125","0.0158338885","0.019078457","0.01258932","0","0","0.00820060348231321","false","0","CPSF7","0"
"0.0","0.0","0.0","0.3","0","6","6","false","TOE1","TOE1","1167.3333333333333","0.0159564305","0.017837557","0.014075304","0","0","0.0102010912198335","false","0","TOE1","0"
"0.0","0.0","0.0","0.16666666666666666","0","3","3","false","TUT7","TUT7","1383.3333333333333","8.40756E-4","5.79087E-4","0.001102425","0","0","0.00558794673465321","false","0","TUT7","0"
"0.0","0.0","0.0","0.06666666666666667","0","6","6","false","JPH2","JPH2","756.5","1.8294699999999998E-4","1.65453E-4","2.00441E-4","0","0","0.00257545014147583","false","0","JPH2","0"
"0.0","0.0","0.0","0.3333333333333333","0","3","3","false","MRPL22","MRPL22","1429.3333333333333","4.3987400000000004E-4","5.79087E-4","3.00661E-4","0","0","0.00229726692793498","false","0","MRPL22","0"
"0.0","0.0","0.0","0.3333333333333333","0","3","3","false","FHIP2A","FHIP2A","1548.0","7.055475E-4","9.09993E-4","5.01102E-4","0","0","0.00434959246805348","false","0","FHIP2A","0"
"0.0","0.0","0.0","0.06153846153846154","0","40","40","false","MAPRE3","MAPRE3","336.575","0.0094810375","0.012607548","0.006354527","0","0","0.162051974304334","false","0","MAPRE3","0"
"0.0","0.0","0.0","0.14545454545454545","0","11","11","false","SPATS2","SPATS2","869.0909090909091","0.0289994705","0.039909395","0.018089546","0","0","0.0195834772684472","false","0","SPATS2","0"
"0.0","0.0","0.0","0.1","0","6","6","false","ANK3","ANK3","909.3333333333334","0.0060927105","0.008625518","0.003559903","0","0","0.00573634365607878","false","0","ANK3","0"
"0.0","0.0","0.0","0.16666666666666666","0","6","6","false","ZNF414","ZNF414","883.1666666666666","0.0038615114999999995","0.002760033","0.00496299","0","0","0.00758468444336922","false","0","ZNF414","0"
"0.0","0.0","0.0","0.1","0","5","5","false","MTIF2","MTIF2","1302.2","0.0022289470000000002","5.79087E-4","0.003878807","0","0","0.00469504310272067","false","0","MTIF2","0"
"0.0","0.0","0.0","0.16666666666666666","0","3","3","false","KBTBD4","KBTBD4","1071.0","0.0013322775","0.002263673","4.00882E-4","0","0","0.00268664045671723","false","0","KBTBD4","0"
"0.0","0.0","0.0","0.4","0","5","5","false","C1QTNF6","C1QTNF6","1185.4","0.006641552","0.009121878","0.004161226","0","0","0.00838895851739404","false","0","C1QTNF6","0"
"0.0","0.0","0.0","0.3333333333333333","0","4","4","false","SLC2A11","SLC2A11","1186.0","0.0073997965","0.0","0.014799593","0","0","0.00653368669051716","false","0","SLC2A11","0"
"0.0","0.0","0.0","0.0","0","5","5","false","EMC7","EMC7","686.8","5.051065E-4","9.09993E-4","1.0022E-4","0","0","3.12936305425834E-4","false","0","EMC7","0"
"0.0","0.0","0.0","0.03571428571428571","0","8","8","false","METTL8","METTL8","685.125","0.002845131","0.00518916","5.01102E-4","0","0","0.00456624067950213","false","0","METTL8","0"
"0.0","0.0","0.0","0.08333333333333333","0","4","4","false","CCDC50","CCDC50","870.5","0.001821314835539378","8.27266710787558E-5","0.003559903","0","0","0.00173516808181914","false","0","CCDC50","0"
"0.0","0.0","0.0","0.05","0","5","5","false","CWF19L2","CWF19L2","747.4","4.1600450000000005E-4","3.30907E-4","5.01102E-4","0","0","0.00214017132834862","false","0","CWF19L2","0"
"0.0","0.0","0.0","0.0","0","3","3","false","ENKD1","ENKD1","1016.6666666666666","4.2238000000000003E-4","7.4454E-4","1.0022E-4","0","0","9.81743057350348E-4","false","0","ENKD1","0"
"0.0","0.0","0.0","0.16666666666666666","0","3","3","false","NADK2","NADK2","1207.0","1.002205E-4","0.0","2.00441E-4","0","0","8.30190204124117E-4","false","0","NADK2","0"
"0.0","0.0","0.0","0.04093567251461988","0","19","19","false","DAGLA","DAGLA","358.3157894736842","0.006380125","0.012359368","4.00882E-4","0","0","0.0269512987487122","false","0","DAGLA","0"
"0.0","0.0","0.0","0.35","0","5","5","false","MBNL1","MBNL1","1327.4","0.011155584999999999","0.018751267","0.003559903","0","0","0.00826490464431291","false","0","MBNL1","0"
"0.0","0.0","0.0","0.05357142857142857","0","8","8","false","VAPB","VAPB","725.375","0.003004101","0.005306659","7.01543E-4","0","0","0.00678832527782759","false","0","VAPB","0"
"0.0","0.0","0.0","0.0","0","1","1","false","AGO4","AGO4","2283.0",,,"2.00441E-4","0","0","1.92576187954359E-4","false","0","AGO4","0"
"0.0","0.0","0.0","0.0","0","3","3","false","MRPS33","MRPS33","1191.3333333333333","5.400945E-4","5.79087E-4","5.01102E-4","0","0","0.00104874922191749","false","0","MRPS33","0"
"0.0","0.0","0.0","0.16666666666666666","0","4","4","false","DNAJC14","DNAJC14","1057.0","0.0021633395","1.65453E-4","0.004161226","0","0","0.0028799441411546","false","0","DNAJC14","0"
"0.0","0.0","0.0","0.16666666666666666","0","4","4","false","PCBP4","PCBP4","756.25","0.00160186","0.00320372","0.0","0","0","0.00247494089462512","false","0","PCBP4","0"
"0.0","0.0","0.0","0.0","0","2","2","false","ADAM19","ADAM19","1207.5",,,"5.01102E-4","0","0","7.89166869395988E-4","false","0","ADAM19","0"
"4.446403549743111","0.828320181649356","0.22490086399327713","0.006567858180761407","7","186","4","false","TBX15","TBX15","48.8494623655914","0.029726126999999998","0.052236379","0.007215875","182","0","0.381794071007666","false","0","TBX15","130696663"
"0.0","0.0","0.0","0.25","0","5","5","false","BBS2","BBS2","936.8","0.001147793","9.9272E-4","0.001302866","0","0","0.00575692202318256","false","0","BBS2","0"
"0.0","0.0","0.0","0.15","0","5","5","false","OS9","OS9","842.8","0.0024226378355393778","8.27266710787558E-5","0.004762549","0","0","0.0047722078225601","false","0","OS9","0"
"0.0","0.0","0.0","0.2","0","5","5","false","SPAG7","SPAG7","1093.6","7.90646E-4","5.79087E-4","0.001002205","0","0","0.00561248988221679","false","0","SPAG7","0"
"0.0","0.0","0.0","0.0","0","2","2","false","TFCP2","TFCP2","1284.5",,,"2.00441E-4","0","0","1.92576187954359E-4","false","0","TFCP2","0"
"0.0","0.0","0.0","0.5","0","2","2","false","FAM193A","FAM193A","1421.5","1.415838355393779E-4","8.27266710787558E-5","2.00441E-4","0","0","0.00156244276448554","false","0","FAM193A","0"
"0.0","0.0","0.0","0.05","0","5","5","false","ART3","ART3","868.0","7.55658E-4","9.09993E-4","6.01323E-4","0","0","0.00395527028991469","false","0","ART3","0"
"0.0","0.0","0.0","0.0","0","1","1","false","FCHO2","FCHO2","2283.0",,,"2.00441E-4","0","0","1.92576187954359E-4","false","0","FCHO2","0"
"0.0","0.0","0.0","0.1","0","6","6","false","NDUFB7","NDUFB7","737.0","5.90205E-4","5.79087E-4","6.01323E-4","0","0","0.00993753920270669","false","0","NDUFB7","0"
"0.0","0.0","0.0","0.16666666666666666","0","4","4","false","SLC9A5","SLC9A5","1024.75","0.0022699359999999997","5.79087E-4","0.003960785","0","0","0.00363811283161532","false","0","SLC9A5","0"
"0.0","0.0","0.0","0.26666666666666666","0","6","6","false","PLGLB2","PLGLB2","902.3333333333334","0.0104196495","0.015675868","0.005163431","0","0","0.0115722126901115","false","0","PLGLB2","0"
"0.0","0.0","0.0","0.0","0","4","4","false","TMEM164","TMEM164","832.0","3.07037E-4","4.13633E-4","2.00441E-4","0","0","8.56173033963128E-4","false","0","TMEM164","0"
"0.0","0.0","0.0","0.3333333333333333","0","3","3","false","DDT","DDT","1445.3333333333333","0.006403994499999999","0.012607548","2.00441E-4","0","0","0.00264271756260217","false","0","DDT","0"
"0.0","0.0","0.0","0.0","0","3","3","false","RNASEL","RNASEL","1253.6666666666667","3.07037E-4","4.13633E-4","2.00441E-4","0","0","8.85454963373168E-4","false","0","RNASEL","0"
"0.0","0.0","0.0","0.08333333333333333","0","4","4","false","TIMM13","TIMM13","1172.0","5.72711E-4","7.4454E-4","4.00882E-4","0","0","0.00209624843423356","false","0","TIMM13","0"
"0.0","0.0","0.0","0.06944444444444445","0","9","9","false","RTN2","RTN2","673.0","0.0043626135","0.002760033","0.005965194","0","0","0.0091032043137397","false","0","RTN2","0"
"0.0","0.0","0.0","0.0","0","5","5","false","MICALL1","MICALL1","912.8","0.0017696844999999998","0.003038267","5.01102E-4","0","0","0.00144234390357327","false","0","MICALL1","0"
"0.0","0.0","0.0","0.14285714285714285","0","7","7","false","GAREM2","GAREM2","914.4285714285714","0.003930653","0.00370008","0.004161226","0","0","0.00646048675113753","false","0","GAREM2","0"
"0.0","0.0","0.0","0.07142857142857142","0","7","7","false","MFSD9","MFSD9","842.5714285714286","0.011926514","0.0","0.023853028","0","0","0.00608179429074597","false","0","MFSD9","0"
"0.0","0.0","0.0","0.3333333333333333","0","4","4","false","SLC30A2","SLC30A2","1091.0","3.8338799999999997E-4","1.65453E-4","6.01323E-4","0","0","0.00413789290596137","false","0","SLC30A2","0"
"0.0","0.0","0.0","0.0","0","5","5","false","ZNF436","ZNF436","869.4","3.24531E-4","2.4818E-4","4.00882E-4","0","0","0.00124976771561891","false","0","ZNF436","0"
"0.0","0.0","0.0","0.15","0","5","5","false","VILL","VILL","1011.0","0.0069524685000000004","4.13633E-4","0.013491304","0","0","0.00457890413812273","false","0","VILL","0"
"0.0","0.0","0.0","0.1","0","6","6","false","CCDC115","CCDC115","937.8333333333334","0.008343144335539378","8.27266710787558E-5","0.016603562","0","0","0.00558696286575647","false","0","CCDC115","0"
"0.0","0.0","0.0","0.11904761904761904","0","7","7","false","ZDHHC4","ZDHHC4","995.7142857142857","0.0077795895000000006","0.015258518","3.00661E-4","0","0","0.00592964734051615","false","0","ZDHHC4","0"
"0.0","0.0","0.0","0.09523809523809523","0","7","7","false","TUBGCP3","TUBGCP3","910.7142857142857","0.016610022999999998","3.30907E-4","0.032889139","0","0","0.00903870305252086","false","0","TUBGCP3","0"
"0.0","0.0","0.0","0.0","0","3","3","false","PHF5A","PHF5A","1002.3333333333334","2.6567400000000003E-4","3.30907E-4","2.00441E-4","0","0","2.88864281931539E-4","false","0","PHF5A","0"
"0.0","0.0","0.0","0.15","0","5","5","false","GARNL3","GARNL3","915.4","0.0027058054999999997","2.4818E-4","0.005163431","0","0","0.00500448575175599","false","0","GARNL3","0"
"0.0","0.0","0.0","0.044563279857397504","0","34","34","false","MRNIP","MRNIP","297.47058823529414","0.0024226378355393778","8.27266710787558E-5","0.004762549","0","0","0.0751013831591613","false","0","MRNIP","0"
"0.0","0.0","0.0","0.17857142857142858","0","8","8","false","PSMA6","PSMA6","758.125","0.0136049285","0.019488729","0.007721128","0","0","0.0112190472461803","false","0","PSMA6","0"
"0.0","0.0","0.0","0.0","0","3","3","false","GOLGA1","GOLGA1","911.6666666666666",,,"5.01102E-4","0","0","3.37008328920129E-4","false","0","GOLGA1","0"
"0.0","0.0","0.0","0.3333333333333333","0","6","6","false","LSS","LSS","1101.8333333333333","0.010306129499999999","0.016851915","0.003760344","0","0","0.00868475383891202","false","0","LSS","0"
"0.0","0.0","0.0","0.0","0","4","4","false","RABEPK","RABEPK","780.75","5.16225E-4","3.30907E-4","7.01543E-4","0","0","0.00114503731589467","false","0","RABEPK","0"
"0.0","0.0","0.0","0.023809523809523808","0","7","7","false","ACOX1","ACOX1","641.7142857142857","1.415838355393779E-4","8.27266710787558E-5","2.00441E-4","0","0","0.00206795525786573","false","0","ACOX1","0"
"0.0","0.0","0.0","0.3","0","6","6","false","UQCC1","UQCC1","1313.8333333333333","0.008219308","0.012359368","0.004079248","0","0","0.00990451212863788","false","0","UQCC1","0"
"0.0","0.0","0.0","0.08333333333333333","0","4","4","false","HINT2","HINT2","954.25","5.313475E-4","6.61813E-4","4.00882E-4","0","0","0.00465210407750235","false","0","HINT2","0"
"0.0","0.0","0.0","0.05","0","5","5","false","MAML1","MAML1","816.0","0.0017799515","0.0","0.003559903","0","0","0.00149022669400266","false","0","MAML1","0"
"0.0","0.0","0.0","0.16666666666666666","0","4","4","false","PSME2","PSME2","897.25","2.831675E-4","1.65453E-4","4.00882E-4","0","0","0.00894985874295759","false","0","PSME2","0"
"0.0","0.0","0.0","0.0","0","5","5","false","TMEM8B","TMEM8B","619.4","2.243105E-4","2.4818E-4","2.00441E-4","0","0","7.41022822407398E-4","false","0","TMEM8B","0"
"0.0","0.0","0.0","0.0","0","3","3","false","IDH3B","IDH3B","1191.3333333333333","5.400945E-4","5.79087E-4","5.01102E-4","0","0","0.00104874922191749","false","0","IDH3B","0"
"0.0","0.0","0.0","0.0","0","3","3","false","RNF121","RNF121","926.3333333333334","4.31127E-4","6.61813E-4","2.00441E-4","0","0","2.16648211448654E-4","false","0","RNF121","0"
"0.0","0.0","0.0","0.0","0","4","4","false","PLCD3","PLCD3","785.0","2.243105E-4","2.4818E-4","2.00441E-4","0","0","9.04317080951718E-4","false","0","PLCD3","0"
"0.0","0.0","0.0","0.2","0","5","5","false","NDUFAF5","NDUFAF5","1097.0","0.00842125","0.016341398","5.01102E-4","0","0","0.00793111894693315","false","0","NDUFAF5","0"
"0.0","0.0","0.0","0.12727272727272726","0","11","11","false","SIN3B","SIN3B","795.0","0.030514037","0.015761957","0.045266117","0","0","0.019931894162241","false","0","SIN3B","0"
"0.0","0.0","0.0","0.25","0","8","8","false","NXF1","NXF1","1133.25","0.0066968405000000005","0.005472112","0.007921569","0","0","0.0140054131800706","false","0","NXF1","0"
"0.0","0.0","0.0","0.03333333333333333","0","6","6","false","PAK6","PAK6","700.0","0.0014627435","0.002925487","0.0","0","0","0.00492533864168666","false","0","PAK6","0"
"0.0","0.0","0.0","0.0","0","3","3","false","TST","TST","977.3333333333334","2.6567400000000003E-4","3.30907E-4","2.00441E-4","0","0","7.89166869395988E-4","false","0","TST","0"
"0.0","0.0","0.0","0.15","0","5","5","false","SNTA1","SNTA1","886.6","0.002664442","1.65453E-4","0.005163431","0","0","0.0118531474111235","false","0","SNTA1","0"
"0.0","0.0","0.0","0.125","0","8","8","false","DCUN1D5","DCUN1D5","824.875","0.0167735995","0.011197478","0.022349721","0","0","0.00757400337497853","false","0","DCUN1D5","0"
"0.0","0.0","0.0","0.5","0","3","3","false","SNED1","SNED1","1310.6666666666667","2.33057E-4","1.65453E-4","3.00661E-4","0","0","0.00298045338800531","false","0","SNED1","0"
"0.0","0.0","0.0","0.0","0","2","2","false","APOBEC3F","APOBEC3F","1438.5","4.3987400000000004E-4","5.79087E-4","3.00661E-4","0","0","3.12936305425834E-4","false","0","APOBEC3F","0"
"0.0","0.0","0.0","0.1","0","5","5","false","H3-3A","H3-3A","719.0","0.004647895","0.008794688","5.01102E-4","0","0","0.00361476830460404","false","0","H3-3A","0"
"0.0","0.0","0.0","0.1","0","6","6","false","CNST","CNST","761.1666666666666","0.002242067","0.003983032","5.01102E-4","0","0","0.00396516758862777","false","0","CNST","0"
"0.0","0.0","0.0","0.05","0","5","5","false","DNA2","DNA2","797.2","0.00226356","1.65453E-4","0.004361667","0","0","0.00479653621846812","false","0","DNA2","0"
"0.0","0.0","0.0","0.0","0","1","1","false","SGCB","SGCB","2283.0",,,"2.00441E-4","0","0","1.92576187954359E-4","false","0","SGCB","0"
"0.0","0.0","0.0","0.16666666666666666","0","3","3","false","MRPS31","MRPS31","1071.0","4.899845E-4","5.79087E-4","4.00882E-4","0","0","0.00512932339451472","false","0","MRPS31","0"
"0.0","0.0","0.0","0.5","0","3","3","false","PARP16","PARP16","972.3333333333334","6.40315E-4","5.79087E-4","7.01543E-4","0","0","0.00367135465733969","false","0","PARP16","0"
"0.0","0.0","0.0","0.4166666666666667","0","4","4","false","CLN5","CLN5","1078.0","0.0013474","0.00259458","1.0022E-4","0","0","0.00577056935069989","false","0","CLN5","0"
"0.0","0.0","0.0","0.16666666666666666","0","6","6","false","INHBB","INHBB","940.5","5.90205E-4","5.79087E-4","6.01323E-4","0","0","0.00477715647191664","false","0","INHBB","0"
"0.0","0.0","0.0","0.12222222222222222","0","10","10","false","SLC44A2","SLC44A2","807.3","0.011913148500000002","0.018261985","0.005564312","0","0","0.0111391163664334","false","0","SLC44A2","0"
"0.0","0.0","0.0","0.16666666666666666","0","3","3","false","TMEM19","TMEM19","1104.6666666666667",,,"0.004361667","0","0","0.00131163067401002","false","0","TMEM19","0"
"0.0","0.0","0.0","0.15714285714285714","0","15","15","false","HCFC1R1","HCFC1R1","483.73333333333335","0.0035131109999999998","0.002263673","0.004762549","0","0","0.0815699370111669","false","0","HCFC1R1","0"
"0.0","0.0","0.0","0.21428571428571427","0","7","7","false","GIT2","GIT2","884.1428571428571","0.002392398","0.003983032","8.01764E-4","0","0","0.00720520821330006","false","0","GIT2","0"
"0.0","0.0","0.0","0.047619047619047616","0","7","7","false","DCAF16","DCAF16","656.2857142857143","0.0022460665","3.30907E-4","0.004161226","0","0","0.00325368795218962","false","0","DCAF16","0"
"0.0","0.0","0.0","0.031183932346723044","0","44","44","false","GADD45G","GADD45G","283.5681818181818","0.0112612515","5.79087E-4","0.021943416","0","0","0.0879586538223316","false","0","GADD45G","0"
"0.0","0.0","0.0","0.3","0","5","5","false","MLYCD","MLYCD","1089.2","0.006403994499999999","0.012607548","2.00441E-4","0","0","0.0054290834964925","false","0","MLYCD","0"
"0.0","0.0","0.0","0.13333333333333333","0","6","6","false","HMOX2","HMOX2","941.1666666666666","0.00837114","0.016341398","4.00882E-4","0","0","0.0121800020689168","false","0","HMOX2","0"
"0.0","0.0","0.0","0.16666666666666666","0","6","6","false","PPM1K","PPM1K","857.5","0.0066020639999999995","0.013103908","1.0022E-4","0","0","0.00751840089113962","false","0","PPM1K","0"
"0.0","0.0","0.0","0.25","0","4","4","false","RUSF1","RUSF1","1169.5","0.0045155995","5.79087E-4","0.008452112","0","0","0.00387237315104111","false","0","RUSF1","0"
"0.0","0.0","0.0","0.13333333333333333","0","6","6","false","PPM1L","PPM1L","1022.1666666666666","0.0024664854999999998","0.004030987","9.01984E-4","0","0","0.00821899935996795","false","0","PPM1L","0"
"0.0","0.0","0.0","0.07692307692307693","0","14","14","false","SCAMP2","SCAMP2","494.42857142857144","0.0157745805","0.027387935","0.004161226","0","0","0.0165395064881198","false","0","SCAMP2","0"
"0.0","0.0","0.0","0.0","0","1","1","false","SLBP","SLBP","2283.0",,,"2.00441E-4","0","0","1.92576187954359E-4","false","0","SLBP","0"
"0.0","0.0","0.0","0.05","0","5","5","false","TCF25","TCF25","686.6","4.2238000000000003E-4","7.4454E-4","1.0022E-4","0","0","0.00263005410398158","false","0","TCF25","0"
"0.0","0.0","0.0","0.1","0","5","5","false","DTX3L","DTX3L","875.4","0.001371174","0.002541907","2.00441E-4","0","0","0.00621454684198789","false","0","DTX3L","0"
"0.0","0.0","0.0","0.15","0","5","5","false","DNAJA3","DNAJA3","991.8","0.0013823874999999998","0.002263673","5.01102E-4","0","0","0.0063765910909308","false","0","DNAJA3","0"
"0.0","0.0","0.0","0.16071428571428573","0","8","8","false","HMGB2","HMGB2","680.5","0.013858173500000001","0.015427688","0.012288659","0","0","0.00831872483714105","false","0","HMGB2","0"
"0.0","0.0","0.0","0.15","0","5","5","false","DECR1","DECR1","1107.8","7.230415E-4","7.4454E-4","7.01543E-4","0","0","0.00420516032708771","false","0","DECR1","0"
"0.0","0.0","0.0","0.05555555555555555","0","9","9","false","G6PC3","G6PC3","577.4444444444445","0.0037408705","0.00480558","0.002676161","0","0","0.00673668757444848","false","0","G6PC3","0"
"0.0","0.0","0.0","0.2","0","5","5","false","ABLIM2","ABLIM2","984.2","0.0022221968355393778","8.27266710787558E-5","0.004361667","0","0","0.00392124469451271","false","0","ABLIM2","0"
"0.0","0.0","0.0","0.5","0","2","2","false","GALNT15","GALNT15","1329.0","7.405355E-4","5.79087E-4","9.01984E-4","0","0","0.00234118982205004","false","0","GALNT15","0"
"0.0","0.0","0.0","0.16666666666666666","0","7","7","false","FAH","FAH","1063.2857142857142","0.011603276000000001","6.61813E-4","0.022544739","0","0","0.011210133816364","false","0","FAH","0"
"0.0","0.0","0.0","0.08333333333333333","0","4","4","false","ZNF287","ZNF287","939.5","0.0021633395","1.65453E-4","0.004161226","0","0","0.00216846450471644","false","0","ZNF287","0"
"0.0","0.0","0.0","0.19642857142857142","0","8","8","false","DOP1B","DOP1B","804.0","0.011214077999999999","0.012855728","0.009572428","0","0","0.0115771613394681","false","0","DOP1B","0"
"0.0","0.0","0.0","0.03","0","25","25","false","RIDA","RIDA","290.16","0.007621396","2.4818E-4","0.014994612","0","0","0.0269718917682524","false","0","RIDA","0"
"0.0","0.0","0.0","0.16666666666666666","0","4","4","false","CLUH","CLUH","789.5","0.0013322775","0.002263673","4.00882E-4","0","0","0.00542017006667616","false","0","CLUH","0"
"0.0","0.0","0.0","0.2","0","6","6","false","RNF165","RNF165","1055.1666666666667","0.0030367119999999996","9.09993E-4","0.005163431","0","0","0.00885034801744004","false","0","RNF165","0"
"0.0","0.0","0.0","0.5","0","2","2","false","NBPF3","NBPF3","1520.5",,,"0.004161226","0","0","0.00121534258003284","false","0","NBPF3","0"
"0.0","0.0","0.0","0.16666666666666666","0","3","3","false","KIAA0319L","KIAA0319L","1170.6666666666667","4.899845E-4","5.79087E-4","4.00882E-4","0","0","0.00121534258003284","false","0","KIAA0319L","0"
"0.0","0.0","0.0","0.3333333333333333","0","3","3","false","SGTA","SGTA","1453.0","7.90646E-4","5.79087E-4","0.001002205","0","0","0.0042773763975706","false","0","SGTA","0"
"0.0","0.0","0.0","0.03636363636363636","0","11","11","false","C1orf162","C1orf162","430.3636363636364","0.011013947","0.018078658","0.003949236","0","0","0.00814678328948507","false","0","C1orf162","0"
"0.0","0.0","0.0","0.1","0","6","6","false","ZNF704","ZNF704","957.3333333333334","7.055475E-4","9.09993E-4","5.01102E-4","0","0","0.00526209059819306","false","0","ZNF704","0"
"0.0","0.0","0.0","0.0","0","4","4","false","PLEKHJ1","PLEKHJ1","842.0","3.8101650000000003E-4","6.61813E-4","1.0022E-4","0","0","0.00253079486673228","false","0","PLEKHJ1","0"
"0.0","0.0","0.0","0.0","0","4","4","false","PRKACB","PRKACB","878.5","1.916938355393779E-4","8.27266710787558E-5","3.00661E-4","0","0","2.88864281931539E-4","false","0","PRKACB","0"
"0.0","0.0","0.0","0.05","0","5","5","false","PIGM","PIGM","803.0","0.0022460665","3.30907E-4","0.004161226","0","0","0.00291891838591312","false","0","PIGM","0"
"0.0","0.0","0.0","0.0","0","2","2","false","VRK3","VRK3","1270.0","3.89764E-4","5.79087E-4","2.00441E-4","0","0","0.00204091209109932","false","0","VRK3","0"
"0.0","0.0","0.0","0.3","0","5","5","false","ENSG00000165121.12","ENSG00000165121.12","1026.2","0.0037428500000000003","1.65453E-4","0.007320247","0","0","0.0058750433780104","false","0","ENSG00000165121.12","0"
"0.0","0.0","0.0","0.5","0","2","2","false","TFPT","TFPT","2025.0","5.55217E-4","9.09993E-4","2.00441E-4","0","0","0.00311993687961454","false","0","TFPT","0"
"0.0","0.0","0.0","0.0","0","3","3","false","CREB3L4","CREB3L4","975.6666666666666","7.230415E-4","7.4454E-4","7.01543E-4","0","0","0.00104874922191749","false","0","CREB3L4","0"
"0.0","0.0","0.0","0.16666666666666666","0","4","4","false","HNRNPK","HNRNPK","891.5","0.00176083","0.003321219","2.00441E-4","0","0","0.00230221557729152","false","0","HNRNPK","0"
"0.0","0.0","0.0","0.11904761904761904","0","7","7","false","MRPL4","MRPL4","929.2857142857143","0.007677881500000001","6.61813E-4","0.01469395","0","0","0.013629272127931","false","0","MRPL4","0"
"0.0","0.0","0.0","0.125","0","8","8","false","ECHDC3","ECHDC3","645.0","0.0043640725","0.00762572","0.001102425","0","0","0.0117605677251924","false","0","ECHDC3","0"
"0.0","0.0","0.0","0.25","0","5","5","false","SUGP1","SUGP1","910.4","0.008170699","0.016341398","0.0","0","0","0.0115945586957897","false","0","SUGP1","0"
"0.0","0.0","0.0","0.09523809523809523","0","7","7","false","APC","APC","819.4285714285714","0.004503250335539378","8.27266710787558E-5","0.008923774","0","0","0.00657662571573548","false","0","APC","0"
"0.0","0.0","0.0","0.2","0","5","5","false","WNK2","WNK2","982.6","0.0017020805","0.00320372","2.00441E-4","0","0","0.00722458795985154","false","0","WNK2","0"
"0.0","0.0","0.0","0.0","0","4","4","false","ETAA1","ETAA1","777.5","5.965805E-4","9.9272E-4","2.00441E-4","0","0","0.00124132540987185","false","0","ETAA1","0"
"0.0","0.0","0.0","0.1","0","6","6","false","OGDH","OGDH","708.6666666666666","6.40315E-4","5.79087E-4","7.01543E-4","0","0","0.00550703198600954","false","0","OGDH","0"
"0.0","0.0","0.0","0.25","0","5","5","false","SYT2","SYT2","1066.6","0.0034303844999999996","0.00209822","0.004762549","0","0","0.00601452686961963","false","0","SYT2","0"
"0.0","0.0","0.0","0.36666666666666664","0","6","6","false","NRF1","NRF1","1114.6666666666667","0.0207596195","0.037840873","0.003678366","0","0","0.0102343330455578","false","0","NRF1","0"
"0.0","0.0","0.0","0.04","0","25","25","false","PAN2","PAN2","348.12","0.015026274499999999","0.019495807","0.010556742","0","0","0.0459887051124665","false","0","PAN2","0"
"4.411723493694535","0.16395349583116037","0.22666878407707375","0.025243832472748137","7","84","6","false","MEIS1","MEIS1","91.41666666666667","0.0055416735","8.27267E-4","0.01025608","78","0","0.347416048089813","false","0","MEIS1","65521317"
"0.0","0.0","0.0","0.0","0","2","2","false","ARHGAP42","ARHGAP42","1340.0","1.8294699999999998E-4","1.65453E-4","2.00441E-4","0","0","3.12936305425834E-4","false","0","ARHGAP42","0"
"0.0","0.0","0.0","0.0","0","4","4","false","YKT6","YKT6","945.75","3.8101650000000003E-4","6.61813E-4","1.0022E-4","0","0","9.04317080951718E-4","false","0","YKT6","0"
"0.0","0.0","0.0","0.16666666666666666","0","6","6","false","MRPL44","MRPL44","647.3333333333334","0.008438054","0.016675667","2.00441E-4","0","0","0.00993952159293659","false","0","MRPL44","0"
"0.0","0.0","0.0","0.16666666666666666","0","3","3","false","TMEM177","TMEM177","1091.0","0.003816426835539378","8.27266710787558E-5","0.007550127","0","0","0.00195181629326779","false","0","TMEM177","0"
"0.0","0.0","0.0","0.06666666666666667","0","6","6","false","ZFYVE1","ZFYVE1","619.3333333333334","0.00579918","0.011197478","4.00882E-4","0","0","0.00354255223412116","false","0","ZFYVE1","0"
"0.0","0.0","0.0","0.19642857142857142","0","8","8","false","FBXL8","FBXL8","964.875","0.013681257","0.002925487","0.024437027","0","0","0.0146062861717259","false","0","FBXL8","0"
"0.0","0.0","0.0","0.25","0","5","5","false","PPFIBP2","PPFIBP2","999.4","2.33057E-4","1.65453E-4","3.00661E-4","0","0","0.00335914584839687","false","0","PPFIBP2","0"
"0.0","0.0","0.0","0.0","0","2","2","false","PLGRKT","PLGRKT","1296.0","3.3965350000000004E-4","5.79087E-4","1.0022E-4","0","0","6.44734728430218E-4","false","0","PLGRKT","0"
"0.0","0.0","0.0","0.125","0","8","8","false","STK11IP","STK11IP","689.0","0.0104711505","0.002429127","0.018513174","0","0","0.00882700349042875","false","0","STK11IP","0"
"0.0","0.0","0.0","0.16666666666666666","0","3","3","false","ATP9B","ATP9B","1164.0",,,"0.004161226","0","0","0.00185130704641708","false","0","ATP9B","0"
"0.0","0.0","0.0","0.0","0","3","3","false","TAMM41","TAMM41","978.0","5.814575E-4","6.61813E-4","5.01102E-4","0","0","0.00101946729250745","false","0","TAMM41","0"
"0.0","0.0","0.0","0.08333333333333333","0","9","9","false","GARRE1","GARRE1","696.4444444444445","0.0033818115","0.00320372","0.003559903","0","0","0.00689576556426474","false","0","GARRE1","0"
"0.0","0.0","0.0","0.16666666666666666","0","9","9","false","GMPPA","GMPPA","524.7777777777778",,,"2.00441E-4","0","0","0.0281944015654493","false","0","GMPPA","0"
"0.0","0.0","0.0","0.03333333333333333","0","6","6","false","MTMR10","MTMR10","932.0","0.0017132945","0.002925487","5.01102E-4","0","0","0.00461787838288124","false","0","MTMR10","0"
"0.0","0.0","0.0","0.15","0","5","5","false","PPIF","PPIF","1156.0","0.0025705974999999997","5.79087E-4","0.004562108","0","0","0.00420516032708771","false","0","PPIF","0"
"0.0","0.0","0.0","0.1","0","6","6","false","CDK9","CDK9","1079.8333333333333","0.0032721405","5.79087E-4","0.005965194","0","0","0.00501714921037658","false","0","CDK9","0"
"0.0","0.0","0.0","0.0","0","3","3","false","RAB8A","RAB8A","1038.0",,,"5.01102E-4","0","0","6.44734728430218E-4","false","0","RAB8A","0"
"0.0","0.0","0.0","0.0","0","3","3","false","GIN1","GIN1","928.3333333333334",,,"8.01764E-4","0","0","0.00104874922191749","false","0","GIN1","0"
"0.0","0.0","0.0","0.15","0","5","5","false","ASPA","ASPA","846.8","3.89764E-4","5.79087E-4","2.00441E-4","0","0","0.00328692977791399","false","0","ASPA","0"
"0.0","0.0","0.0","0.15","0","5","5","false","CYP4V2","CYP4V2","691.8","0.0025701375","0.002263673","0.002876602","0","0","0.00661361757026409","false","0","CYP4V2","0"
"0.0","0.0","0.0","0.15","0","5","5","false","NFKBID","NFKBID","958.0","0.0032951765","0.002429127","0.004161226","0","0","0.00339812009315539","false","0","NFKBID","0"
"0.0","0.0","0.0","0.2","0","6","6","false","BPHL","BPHL","1012.6666666666666","0.008783018","6.61813E-4","0.016904223","0","0","0.0081000942354625","false","0","BPHL","0"
"0.0","0.0","0.0","0.07142857142857142","0","7","7","false","C1QBP","C1QBP","731.4285714285714","7.405355E-4","5.79087E-4","9.01984E-4","0","0","0.00874112543999212","false","0","C1QBP","0"
"0.0","0.0","0.0","0.09523809523809523","0","7","7","false","KLHL3","KLHL3","804.4285714285714","0.010265082","4.9636E-4","0.020033804","0","0","0.00732707959693215","false","0","KLHL3","0"
"0.0","0.0","0.0","0.13333333333333333","0","6","6","false","SLC25A11","SLC25A11","854.8333333333334","0.0014826079999999998","0.002263673","7.01543E-4","0","0","0.00780726517307116","false","0","SLC25A11","0"
"0.0","0.0","0.0","0.26666666666666666","0","6","6","false","WDR81","WDR81","919.5","0.0044857625","0.004810299","0.004161226","0","0","0.00879594415415342","false","0","WDR81","0"
"0.0","0.0","0.0","0.16666666666666666","0","3","3","false","MMS22L","MMS22L","849.0","3.07037E-4","4.13633E-4","2.00441E-4","0","0","0.00202403236375067","false","0","MMS22L","0"
"0.0","0.0","0.0","0.3333333333333333","0","3","3","false","RILP","RILP","1080.3333333333333","4.899845E-4","5.79087E-4","4.00882E-4","0","0","9.74622345089887E-4","false","0","RILP","0"
"0.0","0.0","0.0","0.3333333333333333","0","3","3","false","TRIM41","TRIM41","1070.3333333333333","0.001802301","0.00320372","4.00882E-4","0","0","0.00315317870533891","false","0","TRIM41","0"
"0.0","0.0","0.0","0.25","0","4","4","false","SYNGR2","SYNGR2","1091.0","0.009917578","0.005141206","0.01469395","0","0","0.00588077579704455","false","0","SYNGR2","0"
"3.4713918729565623","0.7632336641931957","0.2880688889636382","0.011410601976639713","6","106","5","false","RBPJ","RBPJ","85.22641509433963","2.919143355393779E-4","8.27266710787558E-5","5.01102E-4","101","0","0.380094024318479","false","0","RBPJ","229224377"
"0.0","0.0","0.0","0.5","0","2","2","false","SLC12A9","SLC12A9","1201.0",,,"3.00661E-4","0","0","0.00163465883496843","false","0","SLC12A9","0"
"0.0","0.0","0.0","0.35","0","5","5","false","MRPL27","MRPL27","1282.4","0.005458946500000001","6.61813E-4","0.01025608","0","0","0.00810780904472655","false","0","MRPL27","0"
"0.0","0.0","0.0","0.15","0","5","5","false","SLC37A4","SLC37A4","1014.6","0.005281609499999999","0.010362778","2.00441E-4","0","0","0.00533430666867594","false","0","SLC37A4","0"
"0.0","0.0","0.0","0.5","0","2","2","false","TRAPPC14","TRAPPC14","1342.0","1.415838355393779E-4","8.27266710787558E-5","2.00441E-4","0","0","0.00107091043906707","false","0","TRAPPC14","0"
"0.0","0.0","0.0","0.05555555555555555","0","9","9","false","GRPEL1","GRPEL1","793.2222222222222","0.003336914","0.00259458","0.004079248","0","0","0.0158434418177733","false","0","GRPEL1","0"
"0.0","0.0","0.0","0.16666666666666666","0","3","3","false","ZNF182","ZNF182","1057.6666666666667","0.0025356095","9.09993E-4","0.004161226","0","0","0.00242903561028016","false","0","ZNF182","0"
"0.0","0.0","0.0","0.13333333333333333","0","6","6","false","HDAC8","HDAC8","689.8333333333334","5.07478E-4","4.13633E-4","6.01323E-4","0","0","0.00511765845722729","false","0","HDAC8","0"
"0.0","0.0","0.0","0.06666666666666667","0","6","6","false","PLPBP","PLPBP","746.6666666666666","0.0022874295","4.13633E-4","0.004161226","0","0","0.00426471293895","false","0","PLPBP","0"
"0.0","0.0","0.0","0.05357142857142857","0","8","8","false","LRP1B","LRP1B","617.5","0.0032124494999999998","0.002263673","0.004161226","0","0","0.00409397001184631","false","0","LRP1B","0"
"0.0","0.0","0.0","0.045454545454545456","0","12","12","false","PLA2G4F","PLA2G4F","643.1666666666666","0.01266418","0.012438378","0.012889982","0","0","0.0113945387234214","false","0","PLA2G4F","0"
"0.0","0.0","0.0","0.25","0","4","4","false","SIAE","SIAE","1149.25","0.0021697155","5.79087E-4","0.003760344","0","0","0.00345470644589104","false","0","SIAE","0"
"0.0","0.0","0.0","0.09722222222222222","0","9","9","false","ERLIN2","ERLIN2","719.1111111111111","0.0069524685000000004","4.13633E-4","0.013491304","0","0","0.0107582414165928","false","0","ERLIN2","0"
"0.0","0.0","0.0","0.0","0","4","4","false","SHC3","SHC3","771.5","4.422453355393779E-4","8.27266710787558E-5","8.01764E-4","0","0","0.00156791392696049","false","0","SHC3","0"
"0.0","0.0","0.0","0.16666666666666666","0","4","4","false","CEP78","CEP78","1217.25","0.002021755835539378","8.27266710787558E-5","0.003960785","0","0","0.00244169906890075","false","0","CEP78","0"
"0.0","0.0","0.0","0.16666666666666666","0","4","4","false","MED22","MED22","1103.75","4.3987400000000004E-4","5.79087E-4","3.00661E-4","0","0","0.002831072597683","false","0","MED22","0"
"0.0","0.0","0.0","0.23333333333333334","0","6","6","false","USP38","USP38","1280.3333333333333","0.012671802999999999","0.025143165","2.00441E-4","0","0","0.00866990789084239","false","0","USP38","0"
"0.0","0.0","0.0","1.0","0","2","2","false","CHPT1","CHPT1","1908.5","0.0022699359999999997","5.79087E-4","0.003960785","0","0","0.00229726692793498","false","0","CHPT1","0"
"0.0","0.0","0.0","0.1111111111111111","0","10","10","false","GPR107","GPR107","453.77777777777777",,,"0.005363872","0","1","0.0190369788352057","false","0","GPR107","0"
"0.0","0.0","0.0","0.16666666666666666","0","4","4","false","GOLT1B","GOLT1B","1240.0","4.3987400000000004E-4","5.79087E-4","3.00661E-4","0","0","0.00244169906890075","false","0","GOLT1B","0"
"0.0","0.0","0.0","0.5","0","3","3","false","LAMTOR1","LAMTOR1","1379.0","0.008260297","0.012359368","0.004161226","0","0","0.00335419719904033","false","0","LAMTOR1","0"
"0.0","0.0","0.0","0.05","0","5","5","false","AMDHD1","AMDHD1","1039.4","4.50992E-4","0.0","9.01984E-4","0","0","0.0022123873988315","false","0","AMDHD1","0"
"0.0","0.0","0.0","0.08333333333333333","0","4","4","false","TPI1","TPI1","1048.75","6.904255E-4","5.79087E-4","8.01764E-4","0","0","0.00583585438159633","false","0","TPI1","0"
"0.0","0.0","0.0","0.08333333333333333","0","4","4","false","NPTX1","NPTX1","769.75",,,"0.004161226","0","0","0.00116719853304425","false","0","NPTX1","0"
"0.0","0.0","0.0","0.5","0","2","2","false","HDDC2","HDDC2","1226.5","3.89764E-4","5.79087E-4","2.00441E-4","0","0","0.00180738415230202","false","0","HDDC2","0"
"0.0","0.0","0.0","0.25","0","5","5","false","CABLES2","CABLES2","1106.4","0.004733942499999999","0.005306659","0.004161226","0","0","0.00641953011614912","false","0","CABLES2","0"
"0.0","0.0","0.0","0.3333333333333333","0","4","4","false","TMEM126B","TMEM126B","1051.5","0.0018435565","0.003486672","2.00441E-4","0","0","0.00328692977791399","false","0","TMEM126B","0"
"0.0","0.0","0.0","0.2","0","5","5","false","CAMTA1","CAMTA1","788.4","0.001551273","8.27267E-4","0.002275279","0","0","0.00367630330669623","false","0","CAMTA1","0"
"0.0","0.0","0.0","0.3","0","6","6","false","MRPL18","MRPL18","1094.1666666666667","0.011706234999999999","0.012855728","0.010556742","0","0","0.0121275805958601","false","0","MRPL18","0"
"0.0","0.0","0.0","0.07142857142857142","0","7","7","false","ASXL1","ASXL1","868.5714285714286","0.0044857625","0.004810299","0.004161226","0","0","0.0059373621497802","false","0","ASXL1","0"
"0.0","0.0","0.0","0.2","0","6","6","false","LTO1","LTO1","938.6666666666666","0.0062896625","4.13633E-4","0.012165692","0","0","0.00579293000881443","false","0","LTO1","0"
"0.0","0.0","0.0","0.05555555555555555","0","9","9","false","ZNF131","ZNF131","686.3333333333334","0.004391481","0.007880978","9.01984E-4","0","0","0.00664884178621836","false","0","ZNF131","0"
"0.0","0.0","0.0","0.13333333333333333","0","6","6","false","VPS37B","VPS37B","1022.6666666666666","0.002145846","3.30907E-4","0.003960785","0","0","0.00378749362193764","false","0","VPS37B","0"
"0.0","0.0","0.0","0.029166666666666667","0","16","16","false","TAOK2","TAOK2","313.875","1.002205E-4","0.0","2.00441E-4","0","0","0.0150180057061862","false","0","TAOK2","0"
"0.0","0.0","0.0","0.11904761904761904","0","7","7","false","CXCR6","CXCR6","767.0","0.0089163895","0.014272876","0.003559903","0","0","0.006207830554057","false","0","CXCR6","0"
"0.0","0.0","0.0","0.21428571428571427","0","7","7","false","SETD1B","SETD1B","825.1428571428571","0.013119023","0.005637566","0.02060048","0","0","0.0116317653019738","false","0","SETD1B","0"
"0.0","0.0","0.0","0.16666666666666666","0","3","3","false","MRPL49","MRPL49","911.3333333333334","2.6567400000000003E-4","3.30907E-4","2.00441E-4","0","0","0.00263005410398158","false","0","MRPL49","0"
"0.0","0.0","0.0","0.03333333333333333","0","6","6","false","HECTD4","HECTD4","661.1666666666666","0.0017799515","0.0","0.003559903","0","0","0.00102276639207848","false","0","HECTD4","0"
"0.0","0.0","0.0","0.08333333333333333","0","4","4","false","DLAT","DLAT","1112.75","0.0032721405","5.79087E-4","0.005965194","0","0","0.00375425179621327","false","0","DLAT","0"
"0.0","0.0","0.0","0.0","0","2","2","false","TADA2B","TADA2B","1438.5","5.400945E-4","5.79087E-4","5.01102E-4","0","0","3.12936305425834E-4","false","0","TADA2B","0"
"0.0","0.0","0.0","0.0","0","2","2","false","RBM26","RBM26","1419.0",,,"4.00882E-4","0","0","2.40720234942949E-4","false","0","RBM26","0"
"0.0","0.0","0.0","0.26666666666666666","0","6","6","false","CD226","CD226","957.1666666666666","0.025369511","0.050538581","2.00441E-4","0","0","0.00991222693790193","false","0","CD226","0"
"0.0","0.0","0.0","0.19047619047619047","0","7","7","false","TIMMDC1","TIMMDC1","1016.2857142857143","0.0037135519999999997","0.002263673","0.005163431","0","0","0.0159051769190846","false","0","TIMMDC1","0"
"0.0","0.0","0.0","0.3333333333333333","0","3","3","false","VPS26B","VPS26B","1457.3333333333333","0.006279904500000001","0.012359368","2.00441E-4","0","0","0.00244169906890075","false","0","VPS26B","0"
"0.0","0.0","0.0","0.08333333333333333","0","4","4","false","C4orf33","C4orf33","961.25","3.507715E-4","0.0","7.01543E-4","0","0","0.0023851127161651","false","0","C4orf33","0"
"0.0","0.0","0.0","0.15","0","5","5","false","ATP2A2","ATP2A2","876.8","0.001880172","0.0","0.003760344","0","0","0.00251886378874018","false","0","ATP2A2","0"
"0.0","0.0","0.0","0.5","0","2","2","false","NPRL2","NPRL2","1645.5","1.002205E-4","0.0","2.00441E-4","0","0","8.30190204124117E-4","false","0","NPRL2","0"
"0.0","0.0","0.0","0.05","0","5","5","false","OBI1","OBI1","816.0","2.243105E-4","2.4818E-4","2.00441E-4","0","0","0.00202403236375067","false","0","OBI1","0"
"0.0","0.0","0.0","0.3","0","5","5","false","ARMC5","ARMC5","976.6","0.014493181","0.011197478","0.017788884","0","0","0.00979113932394744","false","0","ARMC5","0"
"0.0","0.0","0.0","0.2","0","6","6","false","UBP1","UBP1","779.8333333333334","0.003708838","9.9272E-4","0.006424956","0","0","0.0063833220312981","false","0","UBP1","0"
"0.0","0.0","0.0","0.16071428571428573","0","8","8","false","ZNF710","ZNF710","709.5","0.017547709","0.00309094","0.032004478","0","0","0.0141397479231042","false","0","ZNF710","0"
"0.0","0.0","0.0","0.0","0","4","4","false","SMCR8","SMCR8","872.0","4.5736750000000004E-4","4.13633E-4","5.01102E-4","0","0","0.0012601875274504","false","0","SMCR8","0"
"0.0","0.0","0.0","0.0","0","1","1","false","GDPD1","GDPD1","2283.0",,,"2.00441E-4","0","0","1.92576187954359E-4","false","0","GDPD1","0"
"0.0","0.0","0.0","0.16666666666666666","0","3","3","false","ANKLE2","ANKLE2","1035.3333333333333","2.50551E-4","0.0","5.01102E-4","0","0","0.00107091043906707","false","0","ANKLE2","0"
"0.0","0.0","0.0","0.3333333333333333","0","3","3","false","NOL3","NOL3","1475.6666666666667","0.0015828284999999998","0.002263673","9.01984E-4","0","0","0.00699032764042575","false","0","NOL3","0"
"0.0","0.0","0.0","0.05","0","5","5","false","GTF2E1","GTF2E1","802.8","0.002681936","0.0","0.005363872","0","0","0.00281840913906241","false","0","GTF2E1","0"
"0.0","0.0","0.0","0.09722222222222222","0","9","9","false","ULK1","ULK1","641.3333333333334","0.009864059","0.007138798","0.01258932","0","0","0.00756628856571448","false","0","ULK1","0"
"0.0","0.0","0.0","0.11904761904761904","0","7","7","false","DISP1","DISP1","834.8571428571429","0.0102185795","0.005637566","0.014799593","0","0","0.00708213820911567","false","0","DISP1","0"
"0.0","0.0","0.0","0.1","0","5","5","false","ZBTB34","ZBTB34","753.8","4.987310000000001E-4","4.9636E-4","5.01102E-4","0","0","0.00326931766993685","false","0","ZBTB34","0"
"0.0","0.0","0.0","0.0","0","5","5","false","TBL1XR1","TBL1XR1","664.2","1.8294699999999998E-4","1.65453E-4","2.00441E-4","0","0","3.12936305425834E-4","false","0","TBL1XR1","0"
"0.0","0.0","0.0","0.11904761904761904","0","7","7","false","CHODL","CHODL","753.2857142857143","0.011515266","0.009539228","0.013491304","0","0","0.00644782329251694","false","0","CHODL","0"
"0.0","0.0","0.0","0.043859649122807015","0","19","19","false","ZBTB38","ZBTB38","317.2631578947368","4.899845E-4","5.79087E-4","4.00882E-4","0","0","0.031948668014099","false","0","ZBTB38","0"
"0.0","0.0","0.0","0.36666666666666664","0","6","6","false","WDR6","WDR6","981.5","0.011806711999999999","0.023412983","2.00441E-4","0","0","0.00925951614364846","false","0","WDR6","0"
"0.0","0.0","0.0","0.02727272727272727","0","11","11","false","SLC1A4","SLC1A4","419.27272727272725","6.729315E-4","7.4454E-4","6.01323E-4","0","0","0.0088260049690956","false","0","SLC1A4","0"
"0.0","0.0","0.0","0.0032679738562091504","0","18","18","false","ERBB2","ERBB2","248.16666666666666",,,"5.01102E-4","0","0","0.0076703477421503","false","0","ERBB2","0"
"0.0","0.0","0.0","0.16666666666666666","0","4","4","false","KCTD18","KCTD18","965.25","0.006760775","3.30907E-4","0.013190643","0","0","0.00354255223412116","false","0","KCTD18","0"
"0.0","0.0","0.0","0.1","0","5","5","false","MFN2","MFN2","917.6","0.0014826079999999998","0.002263673","7.01543E-4","0","0","0.0109123561046161","false","0","MFN2","0"
"0.0","0.0","0.0","0.18888888888888888","0","10","10","false","KIAA2013","KIAA2013","1043.0","0.028819532999999998","0.052876517","0.004762549","0","0","0.0180162859538242","false","0","KIAA2013","0"
"0.0","0.0","0.0","0.08333333333333333","0","4","4","false","GPR61","GPR61","914.5","0.003966757835539378","8.27266710787558E-5","0.007850789","0","0","0.00209624843423356","false","0","GPR61","0"
"0.0","0.0","0.0","0.0","0","4","4","false","C11orf71","C11orf71","807.0","5.90205E-4","5.79087E-4","6.01323E-4","0","0","8.08028986974538E-4","false","0","C11orf71","0"
"0.0","0.0","0.0","0.5","0","2","2","false","TYSND1","TYSND1","1520.5",,,"0.004161226","0","0","0.00121534258003284","false","0","TYSND1","0"
"0.0","0.0","0.0","0.08333333333333333","0","4","4","false","MIIP","MIIP","796.5","4.31127E-4","6.61813E-4","2.00441E-4","0","0","0.00229726692793498","false","0","MIIP","0"
"0.0","0.0","0.0","0.15","0","5","5","false","RWDD2B","RWDD2B","946.4","0.0015274034999999998","5.79087E-4","0.00247572","0","0","0.00355521569274175","false","0","RWDD2B","0"
"0.0","0.0","0.0","0.11904761904761904","0","7","7","false","PDE6D","PDE6D","786.4285714285714","0.007335857","5.79087E-4","0.014092627","0","0","0.00775740976070281","false","0","PDE6D","0"
"0.0","0.0","0.0","0.06315789473684211","0","20","20","false","PHKG2","PHKG2","318.1","2.744205E-4","2.4818E-4","3.00661E-4","0","0","0.043428286365843","false","0","PHKG2","0"
"0.0","0.0","0.0","0.05587121212121212","0","33","33","false","SDHB","SDHB","299.90909090909093","0.0023291674999999998","5.79087E-4","0.004079248","0","0","0.103029493877687","false","0","SDHB","0"
"0.0","0.0","0.0","0.08333333333333333","0","9","9","false","DHRS1","DHRS1","609.5555555555555","0.001730788","0.002760033","7.01543E-4","0","0","0.00738861459902434","false","0","DHRS1","0"
"0.0","0.0","0.0","0.07142857142857142","0","7","7","false","METTL14","METTL14","1114.5714285714287","0.0083605345","0.016420408","3.00661E-4","0","0","0.00595299186752744","false","0","METTL14","0"
"0.0","0.0","0.0","0.2","0","5","5","false","C16orf72","C16orf72","872.6","0.0067402985","0.013280156","2.00441E-4","0","0","0.00393687441225995","false","0","C16orf72","0"
"0.0","0.0","0.0","0.16666666666666666","0","3","3","false","N4BP3","N4BP3","860.0","0.00250537","0.004810299","2.00441E-4","0","0","0.00270227017446446","false","0","N4BP3","0"
"0.0","0.0","0.0","0.4166666666666667","0","4","4","false","SLC13A3","SLC13A3","1369.5","0.006511119500000001","0.005472112","0.007550127","0","0","0.00664884178621836","false","0","SLC13A3","0"
"0.0","0.0","0.0","0.03571428571428571","0","8","8","false","YIPF5","YIPF5","607.0","6.66556E-4","3.30907E-4","0.001002205","0","0","0.00452231778538707","false","0","YIPF5","0"
"0.0","0.0","0.0","0.16666666666666666","0","4","4","false","JRKL","JRKL","793.75","0.007208562","0.002429127","0.011987997","0","0","0.00300874656437314","false","0","JRKL","0"
"0.0","0.0","0.0","0.0","0","2","2","false","ZFAND2B","ZFAND2B","1304.0",,,"2.00441E-4","0","0","2.88864281931539E-4","false","0","ZFAND2B","0"
"0.0","0.0","0.0","0.3333333333333333","0","4","4","false","GJC1","GJC1","1063.0","0.002187209","4.13633E-4","0.003960785","0","0","0.00347528481299481","false","0","GJC1","0"
"0.0","0.0","0.0","0.5","0","4","4","false","MITD1","MITD1","1204.0","0.0050079545","6.61813E-4","0.009354096","0","0","0.00511469219810064","false","0","MITD1","0"
"0.0","0.0","0.0","0.10909090909090909","0","11","11","false","TSPYL2","TSPYL2","875.8181818181819","0.017348245499999998","0.030535265","0.004161226","0","0","0.0145546484683467","false","0","TSPYL2","0"
"0.0","0.0","0.0","0.5","0","2","2","false","ALG8","ALG8","1421.5","1.415838355393779E-4","8.27266710787558E-5","2.00441E-4","0","0","0.00156244276448554","false","0","ALG8","0"
"0.0","0.0","0.0","0.15","0","5","5","false","NDUFA8","NDUFA8","991.8","0.0013823874999999998","0.002263673","5.01102E-4","0","0","0.0063765910909308","false","0","NDUFA8","0"
"0.0","0.0","0.0","0.0","0","1","1","false","CCAR2","CCAR2","2283.0",,,"2.00441E-4","0","0","1.92576187954359E-4","false","0","CCAR2","0"
"0.0","0.0","0.0","0.19047619047619047","0","7","7","false","ARL17A","ARL17A","910.7142857142857","0.0078774885","0.002263673","0.013491304","0","0","0.00717691503693223","false","0","ARL17A","0"
"0.0","0.0","0.0","0.02065826330532213","0","123","123","false","LAD1","LAD1","188.625","0.019459719","0.023819183","0.015100255","0","3","0.456152528758715","false","0","LAD1","0"
"0.0","0.0","0.0","0.08333333333333333","0","4","4","false","BICD2","BICD2","1043.5","2.919143355393779E-4","8.27266710787558E-5","5.01102E-4","0","0","0.00192352311689996","false","0","BICD2","0"
"0.0","0.0","0.0","0.023809523809523808","0","7","7","false","DLST","DLST","485.14285714285717","3.3965350000000004E-4","5.79087E-4","1.0022E-4","0","0","0.00453003259465112","false","0","DLST","0"
"0.0","0.0","0.0","0.16666666666666666","0","7","7","false","RUSC1","RUSC1","743.1428571428571","0.007229345835539377","8.27266710787558E-5","0.014375965","0","0","0.0076100113606104","false","0","RUSC1","0"
"0.0","0.0","0.0","0.15","0","5","5","false","LRCH3","LRCH3","1110.6","0.0026557004999999997","0.004810299","5.01102E-4","0","0","0.00536259984504377","false","0","LRCH3","0"
"0.0","0.0","0.0","0.15","0","5","5","false","WDR55","WDR55","938.6","0.006504215","0.012607548","4.00882E-4","0","0","0.00896548846070482","false","0","WDR55","0"
"4.807449789817842","1.0003704823204815","0.20801049282261785","0.0822746521476104","7","58","27","false","MITF","MITF","211.60344827586206","0.001796021","0.00309094","5.01102E-4","31","0","0.467785118727547","false","0","MITF","243305758"
"0.0","0.0","0.0","0.3333333333333333","0","4","4","false","LYPLA1","LYPLA1","1451.75","6.40315E-4","5.79087E-4","7.01543E-4","0","0","0.00423840215281208","false","0","LYPLA1","0"
"0.0","0.0","0.0","0.16666666666666666","0","3","3","false","PTH1R","PTH1R","1048.3333333333333","6.40315E-4","5.79087E-4","7.01543E-4","0","0","0.00255783803349869","false","0","PTH1R","0"
"0.0","0.0","0.0","0.5","0","3","3","false","MT1X","MT1X","1067.0","0.0073786905","0.011197478","0.003559903","0","0","0.00405004711773125","false","0","MT1X","0"
"0.0","0.0","0.0","0.3333333333333333","0","3","3","false","SEC22A","SEC22A","1599.6666666666667",,,"0.004762549","0","0","0.00290328866816588","false","0","SEC22A","0"
"0.0","0.0","0.0","0.5","0","2","2","false","ZFPL1","ZFPL1","2025.0","5.55217E-4","9.09993E-4","2.00441E-4","0","0","0.00311993687961454","false","0","ZFPL1","0"
"0.0","0.0","0.0","0.0","0","3","3","false","PYROXD1","PYROXD1","1024.6666666666667","3.309065E-4","6.61813E-4","0.0","0","0","6.44734728430218E-4","false","0","PYROXD1","0"
"0.0","0.0","0.0","0.2","0","6","6","false","FLYWCH2","FLYWCH2","927.5","0.016080741","0.030287085","0.001874397","0","0","0.00776235841005936","false","0","FLYWCH2","0"
"0.0","0.0","0.0","0.05","0","5","5","false","CHM","CHM","708.6","2.6567400000000003E-4","3.30907E-4","2.00441E-4","0","0","0.0017790909759342","false","0","CHM","0"
"0.0","0.0","0.0","0.13333333333333333","0","6","6","false","GTDC1","GTDC1","848.0","8.05768E-4","9.09993E-4","7.01543E-4","0","0","0.00881829015983155","false","0","GTDC1","0"
"0.0","0.0","0.0","0.11904761904761904","0","7","7","false","LZIC","LZIC","888.4285714285714","0.0023112989999999997","6.61813E-4","0.003960785","0","0","0.00933646611183233","false","0","LZIC","0"
"0.0","0.0","0.0","0.0","0","2","2","false","ZSWIM5","ZSWIM5","1256.0",,,"7.01543E-4","0","0","9.52461127940308E-4","false","0","ZSWIM5","0"
"0.0","0.0","0.0","0.15","0","5","5","false","CISD1","CISD1","1115.8","0.0025705974999999997","5.79087E-4","0.004562108","0","0","0.00406072818612194","false","0","CISD1","0"
"0.0","0.0","0.0","0.0","0","2","2","false","FAAP20","FAAP20","1304.0","2.6567400000000003E-4","3.30907E-4","2.00441E-4","0","0","2.88864281931539E-4","false","0","FAAP20","0"
"1.0","8.705729521520646E-4","1.0","0.022727272727272728","1","12","5","false","MTF1","MTF1","311.9166666666667","9.011505E-4","0.00160186","2.00441E-4","7","0","0.0156643984361846","false","0","MTF1","190128"
"0.0","0.0","0.0","0.3333333333333333","0","3","3","false","SCNN1D","SCNN1D","1012.0","3.921348355393779E-4","8.27266710787558E-5","7.01543E-4","0","0","0.00219675768108427","false","0","SCNN1D","0"
"0.0","0.0","0.0","0.0","0","3","3","false","EXTL2","EXTL2","1025.0",,,"4.00882E-4","0","0","6.44734728430218E-4","false","0","EXTL2","0"
"0.0","0.0","0.0","0.1527777777777778","0","9","9","false","GBP4","GBP4","793.4444444444445","0.012119601","0.011772848","0.012466354","0","0","0.013456761562253","false","0","GBP4","0"
"0.0","0.0","0.0","0.0","0","2","2","false","BPNT1","BPNT1","1377.0","1.002205E-4","0.0","2.00441E-4","0","0","1.92576187954359E-4","false","0","BPNT1","0"
"0.0","0.0","0.0","0.15","0","5","5","false","PEPD","PEPD","1123.8","0.006504215","0.012607548","4.00882E-4","0","0","0.00398851211563906","false","0","PEPD","0"
"0.0","0.0","0.0","0.17857142857142858","0","8","8","false","SLC35F1","SLC35F1","953.125","0.017653631000000003","0.035106821","2.00441E-4","0","0","0.0116007059656985","false","0","SLC35F1","0"
"0.0","0.0","0.0","0.16666666666666666","0","3","3","false","RAD17","RAD17","977.0",,,"7.01543E-4","0","0","0.0022123873988315","false","0","RAD17","0"
"0.0","0.0","0.0","0.25","0","4","4","false","PIGT","PIGT","1109.25","0.0020106375","6.61813E-4","0.003359462","0","0","0.00331027430492527","false","0","PIGT","0"
"0.0","0.0","0.0","0.16666666666666666","0","3","3","false","PPP1R21","PPP1R21","966.6666666666666","0.001314784","0.002429127","2.00441E-4","0","0","0.00271493363308505","false","0","PPP1R21","0"
"0.0","0.0","0.0","0.35","0","5","5","false","SLC25A29","SLC25A29","1168.2","0.0021697155","5.79087E-4","0.003760344","0","0","0.00573061123704463","false","0","SLC25A29","0"
"0.0","0.0","0.0","0.3333333333333333","0","7","7","false","ABCA9","ABCA9","1195.0","0.025298582","0.028387733","0.022209431","0","0","0.0162195828699129","false","0","ABCA9","0"
"0.0","0.0","0.0","0.0","0","5","5","false","PCBP2","PCBP2","908.8","5.965805E-4","9.9272E-4","2.00441E-4","0","0","0.00102988710433894","false","0","PCBP2","0"
"0.0","0.0","0.0","0.1","0","5","5","false","LGI4","LGI4","652.2","0.008488164000000001","0.016675667","3.00661E-4","0","0","0.00368698437508692","false","0","LGI4","0"
"0.0","0.0","0.0","0.0","0","3","3","false","SCNM1","SCNM1","1022.3333333333334","5.400945E-4","5.79087E-4","5.01102E-4","0","0","0.00104874922191749","false","0","SCNM1","0"
"0.0","0.0","0.0","0.0","0","2","2","false","RNF25","RNF25","1632.5","2.243105E-4","2.4818E-4","2.00441E-4","0","0","7.89166869395988E-4","false","0","RNF25","0"
"0.0","0.0","0.0","0.047619047619047616","0","7","7","false","TMTC4","TMTC4","668.4285714285714","0.002670358","0.002263673","0.003077043","0","0","0.0108371737750065","false","0","TMTC4","0"
"0.0","0.0","0.0","0.0","0","1","1","false","SLC15A2","SLC15A2","2283.0",,,"2.00441E-4","0","0","1.92576187954359E-4","false","0","SLC15A2","0"
"0.0","0.0","0.0","0.16666666666666666","0","4","4","false","DDX42","DDX42","939.5","0.0017799515","0.0","0.003559903","0","0","0.0013715161263167","false","0","DDX42","0"
"0.0","0.0","0.0","0.4166666666666667","0","4","4","false","TMX4","TMX4","1076.25","0.0027813225","0.00160186","0.003960785","0","0","0.00540850512938873","false","0","TMX4","0"
"0.0","0.0","0.0","0.16666666666666666","0","4","4","false","TASOR","TASOR","1190.5","4.8123700000000003E-4","6.61813E-4","3.00661E-4","0","0","0.00258613120986652","false","0","TASOR","0"
"0.0","0.0","0.0","0.0","0","6","6","false","HELZ","HELZ","632.5","9.011505E-4","0.00160186","2.00441E-4","0","0","8.37310916384578E-4","false","0","HELZ","0"
"0.0","0.0","0.0","0.06666666666666667","0","6","6","false","YEATS2","YEATS2","744.0","0.004417749835539378","8.27266710787558E-5","0.008752773","0","0","0.0033259040226725","false","0","YEATS2","0"
"0.0","0.0","0.0","0.05357142857142857","0","8","8","false","ZXDB","ZXDB","559.875","0.008188327","0.003486672","0.012889982","0","0","0.00423840215281208","false","0","ZXDB","0"
"0.0","0.0","0.0","0.16666666666666666","0","4","4","false","NECAB3","NECAB3","1014.0","7.405355E-4","5.79087E-4","9.01984E-4","0","0","0.00677664568810374","false","0","NECAB3","0"
"0.0","0.0","0.0","0.16666666666666666","0","3","3","false","RNF20","RNF20","1295.0","4.3987400000000004E-4","5.79087E-4","3.00661E-4","0","0","0.00107091043906707","false","0","RNF20","0"
"0.0","0.0","0.0","0.0","0","4","4","false","ZNF589","ZNF589","805.0","0.0015274034999999998","5.79087E-4","0.00247572","0","0","0.00101946729250745","false","0","ZNF589","0"
"0.0","0.0","0.0","0.16666666666666666","0","4","4","false","ITPA","ITPA","962.75","0.0012145635","0.002429127","0.0","0","0","0.00520352185522751","false","0","ITPA","0"
"0.0","0.0","0.0","0.1","0","5","5","false","NUP205","NUP205","845.6","0.001926283","0.003652125","2.00441E-4","0","0","0.00344204298727045","false","0","NUP205","0"
"0.0","0.0","0.0","0.07142857142857142","0","7","7","false","EXO5","EXO5","776.7142857142857","0.004583203","4.13633E-4","0.008752773","0","0","0.00519758933697422","false","0","EXO5","0"
"0.0","0.0","0.0","0.07142857142857142","0","7","7","false","HMGN2","HMGN2","703.2857142857143","0.0056629935","0.011125546","2.00441E-4","0","0","0.00406567683547848","false","0","HMGN2","0"
"0.0","0.0","0.0","0.045454545454545456","0","12","12","false","TMEM53","TMEM53","467.0","5.313475E-4","6.61813E-4","4.00882E-4","0","0","0.0174442605041225","false","0","TMEM53","0"
"0.0","0.0","0.0","0.16666666666666666","0","3","3","false","ARFIP1","ARFIP1","1081.0","0.0022460665","3.30907E-4","0.004161226","0","0","0.00235681953979727","false","0","ARFIP1","0"
"0.0","0.0","0.0","0.08333333333333333","0","9","9","false","ALPK2","ALPK2","541.6666666666666","0.010520732","0.020841023","2.00441E-4","0","0","0.00606834706244778","false","0","ALPK2","0"
"0.0","0.0","0.0","0.0","0","5","5","false","RALY","RALY","756.6","4.6374350000000003E-4","8.27267E-4","1.0022E-4","0","0","0.0026940891252766","false","0","RALY","0"
"0.0","0.0","0.0","0.023809523809523808","0","7","7","false","PPCS","PPCS","678.7142857142857","0.0031296445","0.005858407","4.00882E-4","0","0","0.00285936577405082","false","0","PPCS","0"
"0.0","0.0","0.0","0.08333333333333333","0","4","4","false","TMEM184C","TMEM184C","870.0","3.89764E-4","5.79087E-4","2.00441E-4","0","0","0.00156244276448554","false","0","TMEM184C","0"
"0.0","0.0","0.0","0.3","0","5","5","false","AAMP","AAMP","1302.6","0.0055679145","5.79087E-4","0.010556742","0","0","0.00933349985270569","false","0","AAMP","0"
"0.0","0.0","0.0","0.038461538461538464","0","27","27","false","MIR29B2CHG","MIR29B2CHG","302.8888888888889","0.003682473","0.00320372","0.004161226","0","0","0.0414954662478874","false","0","MIR29B2CHG","0"
"0.0","0.0","0.0","0.1","0","5","5","false","MPV17L","MPV17L","1012.6","0.001023703","7.4454E-4","0.001302866","0","0","0.00406072818612194","false","0","MPV17L","0"
"0.0","0.0","0.0","0.0","0","5","5","false","SLC13A4","SLC13A4","780.4","2.744205E-4","2.4818E-4","3.00661E-4","0","0","0.00140461966841617","false","0","SLC13A4","0"
"0.0","0.0","0.0","0.3333333333333333","0","4","4","false","RAB12","RAB12","1306.25","0.0022763115","9.9272E-4","0.003559903","0","0","0.00628776143380394","false","0","RAB12","0"
"0.0","0.0","0.0","0.08333333333333333","0","4","4","false","RPP25L","RPP25L","799.5","4.3987400000000004E-4","5.79087E-4","3.00661E-4","0","0","0.00163465883496843","false","0","RPP25L","0"
"0.0","0.0","0.0","0.0","0","4","4","false","MX1","MX1","893.5","4.549965E-4","9.09993E-4","0.0","0","0","8.37310916384578E-4","false","0","MX1","0"
"0.0","0.0","0.0","0.1","0","6","6","false","MRPS12","MRPS12","909.0","0.0015653350000000002","0.002429127","7.01543E-4","0","0","0.0117809313406406","false","0","MRPS12","0"
"0.0","0.0","0.0","0.1","0","6","6","false","MYORG","MYORG","921.3333333333334","0.005199649","7.4454E-4","0.009654758","0","0","0.005218167704078","false","0","MYORG","0"
"0.0","0.0","0.0","0.05","0","5","5","false","DGCR8","DGCR8","714.4","0.0020456255","3.30907E-4","0.003760344","0","0","0.00258613120986652","false","0","DGCR8","0"
"0.0","0.0","0.0","0.0","0","3","3","false","HAT1","HAT1","1019.6666666666666","4.31127E-4","6.61813E-4","2.00441E-4","0","0","0.00220420634964364","false","0","HAT1","0"
"0.0","0.0","0.0","0.05555555555555555","0","9","9","false","CRYL1","CRYL1","662.1111111111111","0.0128137155","1.65453E-4","0.025461978","0","0","0.00645553810178099","false","0","CRYL1","0"
"0.0","0.0","0.0","0.05","0","5","5","false","SCAF8","SCAF8","820.4","0.0021219763355393778","8.27266710787558E-5","0.004161226","0","0","0.00209624843423356","false","0","SCAF8","0"
"0.0","0.0","0.0","0.14285714285714285","0","7","7","false","ZSWIM8","ZSWIM8","720.7142857142857","0.008425871","2.4818E-4","0.016603562","0","0","0.00542413484713596","false","0","ZSWIM8","0"
"0.0","0.0","0.0","0.08333333333333333","0","4","4","false","ARHGEF40","ARHGEF40","830.0","0.00398188","4.13633E-4","0.007550127","0","0","0.00199573918738285","false","0","ARHGEF40","0"
"0.0","0.0","0.0","0.8333333333333334","0","3","3","false","ENSG00000214942.6","ENSG00000214942.6","1861.3333333333333","0.0066521745","0.013103908","2.00441E-4","0","0","0.00583685290292949","false","0","ENSG00000214942.6","0"
"0.0","0.0","0.0","0.03333333333333333","0","6","6","false","ZFYVE19","ZFYVE19","627.1666666666666","0.0012646735","0.002429127","1.0022E-4","0","0","0.00453596511290441","false","0","ZFYVE19","0"
"1.0833333333333333","0.016001357134918803","0.9230769230769231","0.033936651583710405","2","52","8","false","CEBPD","CEBPD","165.67307692307693","0.0100626915","0.015362834","0.004762549","44","0","0.25301503787135","false","0","CEBPD","6661872"
"0.0","0.0","0.0","0.16666666666666666","0","3","3","false","TK2","TK2","1109.0",,,"0.004161226","0","0","0.00121534258003284","false","0","TK2","0"
"0.0","0.0","0.0","0.0","0","1","1","false","XPO7","XPO7","2283.0",,,"2.00441E-4","0","0","1.92576187954359E-4","false","0","XPO7","0"
"0.0","0.0","0.0","0.3333333333333333","0","4","4","false","ZNF844","ZNF844","1118.0","0.0022047029999999997","2.4818E-4","0.004161226","0","0","0.00315317870533891","false","0","ZNF844","0"
"0.0","0.0","0.0","0.16666666666666666","0","4","4","false","ECSIT","ECSIT","1223.5","6.40315E-4","5.79087E-4","7.01543E-4","0","0","0.00611403759513718","false","0","ECSIT","0"
"0.0","0.0","0.0","0.3","0","6","6","false","KATNAL2","KATNAL2","1200.5","0.013035655","9.09993E-4","0.025161317","0","0","0.0101571683257184","false","0","KATNAL2","0"
"0.0","0.0","0.0","0.08333333333333333","0","4","4","false","PIP4K2C","PIP4K2C","734.25","3.57147E-4","4.13633E-4","3.00661E-4","0","0","0.00199573918738285","false","0","PIP4K2C","0"
"0.0","0.0","0.0","0.02513227513227513","0","28","28","false","QRSL1","QRSL1","335.75","0.0230289275","0.045556753","5.01102E-4","0","0","0.0399789267929843","false","0","QRSL1","0"
"0.0","0.0","0.0","0.11904761904761904","0","7","7","false","ENGASE","ENGASE","698.2857142857143","0.0046838439999999995","0.00480558","0.004562108","0","0","0.00724694861796608","false","0","ENGASE","0"
"0.0","0.0","0.0","0.11904761904761904","0","7","7","false","DUS2","DUS2","824.8571428571429","0.0045017305","0.003038267","0.005965194","0","0","0.0102693425098566","false","0","DUS2","0"
"0.0","0.0","0.0","0.25","0","5","5","false","ATG4D","ATG4D","1045.2","0.006580566","0.012359368","8.01764E-4","0","0","0.00815271580773835","false","0","ATG4D","0"
"0.0","0.0","0.0","0.3333333333333333","0","4","4","false","ZNF23","ZNF23","1246.5","0.0037088094999999997","0.003256393","0.004161226","0","0","0.00596862158527467","false","0","ZNF23","0"
"0.0","0.0","0.0","0.2","0","5","5","false","TEPSIN","TEPSIN","903.4","5.13854E-4","8.27267E-4","2.00441E-4","0","0","0.00492158861288241","false","0","TEPSIN","0"
"0.0","0.0","0.0","0.3","0","5","5","false","NOL9","NOL9","1016.8","0.012632147","8.27267E-4","0.024437027","0","0","0.00933746463316549","false","0","NOL9","0"
"4.440331620737973","8.729496835270287E-4","0.22520840455465854","0.02249813293502614","7","104","3","false","ZNF528","ZNF528","85.3173076923077","0.001880172","0.0","0.003760344","101","0","0.41845925555647","false","0","ZNF528","494861"
"0.0","0.0","0.0","0.13333333333333333","0","6","6","false","ZNF668","ZNF668","897.3333333333334","0.008030141000000001","0.015258518","8.01764E-4","0","0","0.00739929566741503","false","0","ZNF668","0"
"0.0","0.0","0.0","0.6666666666666666","0","3","3","false","SNHG20","SNHG20","1444.0","1.916938355393779E-4","8.27266710787558E-5","3.00661E-4","0","0","0.00244664771825729","false","0","SNHG20","0"
"0.0","0.0","0.0","0.0","0","4","4","false","ATP6V1E1","ATP6V1E1","831.25","3.8101650000000003E-4","6.61813E-4","1.0022E-4","0","0","9.71323245518858E-4","false","0","ATP6V1E1","0"
"0.0","0.0","0.0","0.5","0","2","2","false","ZNF444","ZNF444","1520.5",,,"0.004161226","0","0","0.00121534258003284","false","0","ZNF444","0"
"0.0","0.0","0.0","0.16666666666666666","0","4","4","false","LINC01505","LINC01505","953.5","5.313475E-4","6.61813E-4","4.00882E-4","0","0","0.00185130704641708","false","0","LINC01505","0"
"0.0","0.0","0.0","0.0","0","2","2","false","ATCAY","ATCAY","1278.0",,,"3.00661E-4","0","0","2.40720234942949E-4","false","0","ATCAY","0"
"0.0","0.0","0.0","0.08333333333333333","0","4","4","false","PPP1R3E","PPP1R3E","1054.5","4.5736750000000004E-4","4.13633E-4","5.01102E-4","0","0","0.00371032890209821","false","0","PPP1R3E","0"
"0.0","0.0","0.0","0.08333333333333333","0","4","4","false","RCOR2","RCOR2","935.25","0.0025817155","0.0","0.005163431","0","0","0.00267397699809664","false","0","RCOR2","0"
"0.0","0.0","0.0","0.09523809523809523","0","7","7","false","ENSG00000235070.3","ENSG00000235070.3","882.2857142857143","4.1600450000000005E-4","3.30907E-4","5.01102E-4","0","0","0.00402175394136342","false","0","ENSG00000235070.3","0"
"0.0","0.0","0.0","0.2","0","6","6","false","TUBG1","TUBG1","1172.0","0.0068549865","0.012607548","0.001102425","0","0","0.00977945973422359","false","0","TUBG1","0"
"0.0","0.0","0.0","0.0","0","3","3","false","CCDC138","CCDC138","1128.0","1.503305E-4","0.0","3.00661E-4","0","0","2.16648211448654E-4","false","0","CCDC138","0"
"0.0","0.0","0.0","0.5","0","4","4","false","ABCA3","ABCA3","1535.75","0.003913158999999999","0.003865533","0.003960785","0","0","0.00775740976070281","false","0","ABCA3","0"
"0.0","0.0","0.0","0.0","0","6","6","false","PUS10","PUS10","828.1666666666666","0.00129729","0.00259458","0.0","0","0","0.00104874922191749","false","0","PUS10","0"
"5.392690331620738","0.009184039411567216","0.18543619946733647","0.017241379310344827","8","58","6","false","NR1H2","NR1H2","143.32758620689654","0.003997406","0.001075447","0.006919365","52","0","0.172384396804152","false","0","NR1H2","2394967"
"0.0","0.0","0.0","0.1388888888888889","0","9","9","false","ENSG00000238273.3","ENSG00000238273.3","937.1111111111111","0.012043729999999999","0.011197478","0.012889982","0","0","0.010455929906363","false","0","ENSG00000238273.3","0"
"0.0","0.0","0.0","0.16666666666666666","0","3","3","false","POLR2G","POLR2G","906.3333333333334","0.0056989595","0.011197478","2.00441E-4","0","0","0.00212454161060139","false","0","POLR2G","0"
"0.0","0.0","0.0","0.15","0","5","5","false","PCDHGC5","PCDHGC5","797.2","0.00629466","0.0","0.01258932","0","0","0.00237443164777441","false","0","PCDHGC5","0"
"0.0","0.0","0.0","0.35","0","5","5","false","COG7","COG7","1245.8","0.010332686499999999","3.30907E-4","0.020334466","0","0","0.00815173193884161","false","0","COG7","0"
"1.0","0.001248555677844548","1.0","0.029411764705882353","1","18","3","false","THAP11","THAP11","208.66666666666666",,,"0.004762549","15","0","0.025074877561947","false","0","THAP11","366152"
"0.0","0.0","0.0","0.08333333333333333","0","4","4","false","STK36","STK36","914.0","1.415838355393779E-4","8.27266710787558E-5","2.00441E-4","0","0","0.00156244276448554","false","0","STK36","0"
"0.0","0.0","0.0","0.16666666666666666","0","3","3","false","MTCL1","MTCL1","1407.6666666666667","6.05327E-4","9.09993E-4","3.00661E-4","0","0","0.00355323330251185","false","0","MTCL1","0"
"0.0","0.0","0.0","0.2619047619047619","0","7","7","false","ENSG00000242588.6","ENSG00000242588.6","1104.2857142857142","0.0139948995","0.024229455","0.003760344","0","0","0.0102315668856503","false","0","ENSG00000242588.6","0"
"0.0","0.0","0.0","0.2","0","5","5","false","IMMT","IMMT","1097.0","0.0034128904999999998","0.002263673","0.004562108","0","0","0.00793111894693315","false","0","IMMT","0"
"0.0","0.0","0.0","0.0","0","3","3","false","PYGO2","PYGO2","1144.0",,,"7.01543E-4","0","0","7.89166869395988E-4","false","0","PYGO2","0"
"0.0","0.0","0.0","0.16666666666666666","0","3","3","false","CDC40","CDC40","868.0","4.5736750000000004E-4","4.13633E-4","5.01102E-4","0","0","0.0026583472803494","false","0","CDC40","0"
"0.0","0.0","0.0","0.14285714285714285","0","7","7","false","COQ3","COQ3","985.1428571428571","0.004008438499999999","0.002263673","0.005753204","0","0","0.0121226319465035","false","0","COQ3","0"
"0.0","0.0","0.0","0.07142857142857142","0","8","8","false","LRATD2","LRATD2","627.5","0.0028951285","8.27267E-4","0.00496299","0","0","0.00627806423430999","false","0","LRATD2","0"
"0.0","0.0","0.0","0.5","0","3","3","false","TMEM223","TMEM223","1379.0","0.006330014500000001","0.012359368","3.00661E-4","0","0","0.00335419719904033","false","0","TMEM223","0"
"0.0","0.0","0.0","0.17857142857142858","0","8","8","false","UVSSA","UVSSA","829.125","0.009902455499999999","0.004810299","0.014994612","0","0","0.0121598385526877","false","0","UVSSA","0"
"0.0","0.0","0.0","0.0","0","3","3","false","ANKRD49","ANKRD49","958.6666666666666","1.916938355393779E-4","8.27266710787558E-5","3.00661E-4","0","0","7.41022822407398E-4","false","0","ANKRD49","0"
"0.0","0.0","0.0","0.25","0","5","5","false","GRSF1","GRSF1","1055.6","0.0049665915","5.79087E-4","0.009354096","0","0","0.0061589590105854","false","0","GRSF1","0"
"0.0","0.0","0.0","0.15","0","5","5","false","ENSG00000258168.6","ENSG00000258168.6","919.2","0.0025880965","0.004975752","2.00441E-4","0","0","0.00361971695396058","false","0","ENSG00000258168.6","0"
"0.0","0.0","0.0","0.08333333333333333","0","4","4","false","SPRY3","SPRY3","733.75","0.0036430094999999997","0.004810299","0.00247572","0","0","0.00268664045671723","false","0","SPRY3","0"
"0.0","0.0","0.0","0.13333333333333333","0","6","6","false","CD2BP2","CD2BP2","866.6666666666666","0.002187209","4.13633E-4","0.003960785","0","0","0.00480050099892792","false","0","CD2BP2","0"
"0.0","0.0","0.0","0.08333333333333333","0","4","4","false","DIO3OS","DIO3OS","924.5","0.0011318365","0.002263673","0.0","0","0","0.00234118982205004","false","0","DIO3OS","0"
"0.0","0.0","0.0","0.0","0","6","6","false","INTU","INTU","764.8333333333334","9.83877E-4","0.001767313","2.00441E-4","0","0","0.001038329410086","false","0","INTU","0"
"0.0","0.0","0.0","0.08333333333333333","0","4","4","false","CPLX1","CPLX1","767.25","2.919143355393779E-4","8.27266710787558E-5","5.01102E-4","0","0","0.00199573918738285","false","0","CPLX1","0"
"0.0","0.0","0.0","0.16666666666666666","0","3","3","false","NORAD","NORAD","1132.6666666666667","1.415838355393779E-4","8.27266710787558E-5","2.00441E-4","0","0","0.00170687490545131","false","0","NORAD","0"
"0.0","0.0","0.0","0.09523809523809523","0","7","7","false","IL15","IL15","951.4285714285714","0.017903189","0.0","0.035806378","0","0","0.00830387888907143","false","0","IL15","0"
"0.0","0.0","0.0","0.3","0","5","5","false","SCN9A","SCN9A","1012.8","0.002328793","4.9636E-4","0.004161226","0","0","0.0056641275855959","false","0","SCN9A","0"
"0.0","0.0","0.0","0.125","0","8","8","false","ENSG00000264151.6","ENSG00000264151.6","955.0","0.008336665","0.016172228","5.01102E-4","0","0","0.0098350622180625","false","0","ENSG00000264151.6","0"
"0.0","0.0","0.0","0.125","0","9","9","false","PGGT1B","PGGT1B","696.2222222222222","0.009565451499999999","0.014769236","0.004361667","0","0","0.0095638100441081","false","0","PGGT1B","0"
"0.0","0.0","0.0","0.125","0","8","8","false","LUZP1","LUZP1","714.375","0.005526550999999999","4.9636E-4","0.010556742","0","0","0.00773406523369153","false","0","LUZP1","0"
"0.0","0.0","0.0","0.2","0","5","5","false","GIMAP6","GIMAP6","936.4","0.002973034","0.005745627","2.00441E-4","0","0","0.00539584167076814","false","0","GIMAP6","0"
"0.0","0.0","0.0","0.1","0","5","5","false","INO80E","INO80E","764.0","0.002328793","4.9636E-4","0.004161226","0","0","0.00442180853853636","false","0","INO80E","0"
"0.0","0.0","0.0","0.05","0","5","5","false","LRRC37A7P","LRRC37A7P","716.2","4.899845E-4","5.79087E-4","4.00882E-4","0","0","0.0017790909759342","false","0","LRRC37A7P","0"
"0.0","0.0","0.0","0.2","0","6","6","false","CNTROB","CNTROB","1148.6666666666667","0.011909562","0.019657898","0.004161226","0","0","0.0074968386551391","false","0","CNTROB","0"
"0.0","0.0","0.0","0.0","0","5","5","false","FRMPD4","FRMPD4","699.8","5.011025E-4","0.0","0.001002205","0","0","0.00140461966841617","false","0","FRMPD4","0"
"0.0","0.0","0.0","0.0","0","2","2","false","ILF3-DT","ILF3-DT","1438.5",,,"5.01102E-4","0","0","3.12936305425834E-4","false","0","ILF3-DT","0"
"0.0","0.0","0.0","0.21428571428571427","0","7","7","false","MRPS36","MRPS36","1102.4285714285713","0.009056286","0.012359368","0.005753204","0","0","0.011113589349973","false","0","MRPS36","0"
"0.0","0.0","0.0","0.08333333333333333","0","4","4","false","GLB1","GLB1","904.5","0.0021219763355393778","8.27266710787558E-5","0.004161226","0","0","0.00499755471216954","false","0","GLB1","0"
"0.0","0.0","0.0","0.1","0","5","5","false","PWWP2A","PWWP2A","1090.0","0.010096304","0.019992167","2.00441E-4","0","0","0.00449402460901925","false","0","PWWP2A","0"
"0.0","0.0","0.0","0.35","0","5","5","false","ORC5","ORC5","819.2","0.006871376","0.003486672","0.01025608","0","0","0.0113235066210544","false","0","ORC5","0"
"0.0","0.0","0.0","0.15","0","5","5","false","ENSG00000267364.3","ENSG00000267364.3","954.2","0.004185101","0.004810299","0.003559903","0","0","0.0050454423867444","false","0","ENSG00000267364.3","0"
"0.0","0.0","0.0","0.06666666666666667","0","6","6","false","PPHLN1","PPHLN1","875.6666666666666","0.0125680435","0.025136087","0.0","0","0","0.00518492587835363","false","0","PPHLN1","0"
"0.0","0.0","0.0","0.017857142857142856","0","8","8","false","RALGAPB","RALGAPB","708.5","0.006071229500000001","0.011942018","2.00441E-4","0","0","0.00379817469032833","false","0","RALGAPB","0"
"0.0","0.0","0.0","0.3333333333333333","0","4","4","false","FHOD3","FHOD3","1173.75","0.006430235","0.012359368","5.01102E-4","0","0","0.0112188324945247","false","0","FHOD3","0"
"0.0","0.0","0.0","0.0","0","3","3","false","NAIF1","NAIF1","960.3333333333334","1.415838355393779E-4","8.27266710787558E-5","2.00441E-4","0","0","3.37008328920129E-4","false","0","NAIF1","0"
"0.0","0.0","0.0","0.3333333333333333","0","3","3","false","ENSG00000272106.1","ENSG00000272106.1","1108.0","0.0024353889999999996","9.09993E-4","0.003960785","0","0","0.00241340589253292","false","0","ENSG00000272106.1","0"
"0.0","0.0","0.0","0.16666666666666666","0","6","6","false","TIMM17A","TIMM17A","1017.6666666666666","0.0037135519999999997","0.002263673","0.005163431","0","0","0.0139025066921153","false","0","TIMM17A","0"
"0.0","0.0","0.0","0.25","0","4","4","false","RFK","RFK","1294.0","0.0014826079999999998","0.002263673","7.01543E-4","0","0","0.0067736794289771","false","0","RFK","0"
"0.0","0.0","0.0","1.0","0","2","2","false","SHCBP1","SHCBP1","1908.5","0.0081600765","0.012359368","0.003960785","0","0","0.00229726692793498","false","0","SHCBP1","0"
"0.0","0.0","0.0","0.2","0","5","5","false","FAM241B","FAM241B","927.4","0.008508477","0.012855728","0.004161226","0","0","0.00446771382288132","false","0","FAM241B","0"
"0.0","0.0","0.0","0.1","0","5","5","false","MTO1","MTO1","992.4","6.31568E-4","6.61813E-4","6.01323E-4","0","0","0.0033259040226725","false","0","MTO1","0"
"0.0","0.0","0.0","0.25","0","4","4","false","ENC1","ENC1","1148.5","0.002021755835539378","8.27266710787558E-5","0.003960785","0","0","0.00348299962225886","false","0","ENC1","0"
"0.0","0.0","0.0","0.0","0","1","1","false","PAXIP1-DT","PAXIP1-DT","2283.0",,,"2.00441E-4","0","0","1.92576187954359E-4","false","0","PAXIP1-DT","0"
"0.0","0.0","0.0","0.06666666666666667","0","6","6","false","PLRG1","PLRG1","613.1666666666666","5.55217E-4","9.09993E-4","2.00441E-4","0","0","0.00290823731752243","false","0","PLRG1","0"
"0.0","0.0","0.0","0.13333333333333333","0","6","6","false","VEGFD","VEGFD","749.5","0.0082064025","0.009787408","0.006625397","0","0","0.00606616457299874","false","0","VEGFD","0"
"0.0","0.0","0.0","0.0","0","2","2","false","RHNO1","RHNO1","1284.5","1.002205E-4","0.0","2.00441E-4","0","0","1.92576187954359E-4","false","0","RHNO1","0"
"0.0","0.0","0.0","0.16666666666666666","0","3","3","false","MLLT6","MLLT6","849.3333333333334","2.243105E-4","2.4818E-4","2.00441E-4","0","0","0.00163465883496843","false","0","MLLT6","0"
"0.0","0.0","0.0","0.1","0","5","5","false","P2RY6","P2RY6","857.8","0.0023224173355393778","8.27266710787558E-5","0.004562108","0","0","0.00285936577405082","false","0","P2RY6","0"
"0.0","0.0","0.0","0.0","0","2","2","false","CFAP53","CFAP53","1360.5","1.415838355393779E-4","8.27266710787558E-5","2.00441E-4","0","0","5.48446634453039E-4","false","0","CFAP53","0"
"0.0","0.0","0.0","0.05555555555555555","0","9","9","false","GGNBP2","GGNBP2","687.7777777777778","0.0068823949999999995","0.012862806","9.01984E-4","0","0","0.0071104313854835","false","0","GGNBP2","0"
"0.0","0.0","0.0","0.0","0","2","2","false","PRADC1","PRADC1","1632.5","4.899845E-4","5.79087E-4","4.00882E-4","0","0","7.89166869395988E-4","false","0","PRADC1","0"
"0.0","0.0","0.0","0.047619047619047616","0","7","7","false","BRWD3","BRWD3","658.5714285714286","0.004314040999999999","0.003865533","0.004762549","0","0","0.0042773763975706","false","0","BRWD3","0"
"0.0","0.0","0.0","0.25","0","5","5","false","NTPCR","NTPCR","1294.0","0.008018867","0.012359368","0.003678366","0","0","0.00652775417226387","false","0","NTPCR","0"
"0.0","0.0","0.0","0.19047619047619047","0","7","7","false","ZFAND4","ZFAND4","873.8571428571429","0.008783018","6.61813E-4","0.016904223","0","0","0.00747349412812782","false","0","ZFAND4","0"
"0.0","0.0","0.0","0.4166666666666667","0","4","4","false","KLHL30-AS1","KLHL30-AS1","1363.75","0.0041647995","0.008129158","2.00441E-4","0","0","0.0044394206465135","false","0","KLHL30-AS1","0"
"0.0","0.0","0.0","0.06666666666666667","0","6","6","false","ABRAXAS2","ABRAXAS2","563.8333333333334","0.0014033135","3.30907E-4","0.00247572","0","0","0.00358647512823621","false","0","ABRAXAS2","0"
"0.0","0.0","0.0","0.6666666666666666","0","3","3","false","AGAP5","AGAP5","1284.3333333333333","3.484005E-4","4.9636E-4","2.00441E-4","0","0","0.00347528481299481","false","0","AGAP5","0"
"0.0","0.0","0.0","0.07142857142857142","0","8","8","false","ENSG00000280287.1","ENSG00000280287.1","826.5","0.0023049234999999997","2.4818E-4","0.004361667","0","0","0.00409397001184631","false","0","ENSG00000280287.1","0"
"0.0","0.0","0.0","0.4166666666666667","0","4","4","false","CAB39","CAB39","1312.5","0.0022921775","0.003983032","6.01323E-4","0","0","0.00774573017097896","false","0","CAB39","0"
"0.0","0.0","0.0","0.02813852813852814","0","23","23","false","FUT10","FUT10","308.1818181818182","2.243105E-4","2.4818E-4","2.00441E-4","0","1","0.0213730492135529","false","0","FUT10","0"
"0.0","0.0","0.0","0.08333333333333333","0","4","4","false","CORO1B","CORO1B","889.25","0.0028362709999999996","9.09993E-4","0.004762549","0","0","0.00260176092761375","false","0","CORO1B","0"
"0.0","0.0","0.0","0.5","0","3","3","false","N4BP2L2-IT2","N4BP2L2-IT2","1367.6666666666667","0.0019803925","0.0","0.003960785","0","0","0.00141966017330529","false","0","N4BP2L2-IT2","0"
"0.0","0.0","0.0","0.0","0","4","4","false","MUS81","MUS81","760.5","6.904255E-4","5.79087E-4","8.01764E-4","0","0","0.00270450893710809","false","0","MUS81","0"
"0.0","0.0","0.0","0.13333333333333333","0","6","6","false","GABPB1-IT1","GABPB1-IT1","724.5","0.0035232875","0.003486672","0.003559903","0","0","0.00440044640175498","false","0","GABPB1-IT1","0"
"0.0","0.0","0.0","0.08333333333333333","0","4","4","false","ENSG00000285336.1","ENSG00000285336.1","741.0","0.001862678","1.65453E-4","0.003559903","0","0","0.0017790909759342","false","0","ENSG00000285336.1","0"
"0.0","0.0","0.0","0.25","0","5","5","false","SENP8","SENP8","1024.6","0.00880378","0.005141206","0.012466354","0","0","0.00918808384284318","false","0","SENP8","0"
"0.0","0.0","0.0","0.18055555555555555","0","9","9","false","MAP3K11","MAP3K11","913.6666666666666","0.017951835","0.018999447","0.016904223","0","0","0.0145546484683467","false","0","MAP3K11","0"
"0.0","0.0","0.0","0.0","0","2","2","false","ENSG00000287809.1","ENSG00000287809.1","1341.0",,,"2.00441E-4","0","0","1.92576187954359E-4","false","0","ENSG00000287809.1","0"
"0.0","0.0","0.0","0.10989010989010989","0","14","14","false","ADAMTS7","ADAMTS7","556.2857142857143","8.646255E-4","8.27267E-4","9.01984E-4","0","0","0.0350737536422892","false","0","ADAMTS7","0"
"0.0","0.0","0.0","0.2","0","5","5","false","ENSG00000287570.1","ENSG00000287570.1","934.2","3.15784E-4","3.30907E-4","3.00661E-4","0","0","0.0035475008834777","false","0","ENSG00000287570.1","0"
"0.0","0.0","0.0","0.1","0","6","6","false","THAP2","THAP2","932.6666666666666","0.0076889998355393775","8.27266710787558E-5","0.015295273","0","0","0.00548645361890576","false","0","THAP2","0"
"0.0","0.0","0.0","0.10909090909090909","0","11","11","false","PRRC2B","PRRC2B","582.1818181818181","0.0217815845","0.030973849","0.01258932","0","0","0.0105869148190306","false","0","PRRC2B","0"
"0.0","0.0","0.0","0.2","0","5","5","false","FAM111A","FAM111A","952.0","0.0027121809999999997","6.61813E-4","0.004762549","0","0","0.00565641277633185","false","0","FAM111A","0"
"0.0","0.0","0.0","0.08333333333333333","0","4","4","false","TACO1","TACO1","1145.5","5.400945E-4","5.79087E-4","5.01102E-4","0","0","0.00224068057519933","false","0","TACO1","0"
"0.0","0.0","0.0","0.11904761904761904","0","7","7","false","MARF1","MARF1","911.5714285714286","0.003850422","0.001075447","0.006625397","0","0","0.0106227080530069","false","0","MARF1","0"
"0.0","0.0","0.0","0.10714285714285714","0","8","8","false","SCAI","SCAI","692.375","0.006803772","0.003652125","0.009955419","0","0","0.00736032142265652","false","0","SCAI","0"
"0.0","0.0","0.0","0.08333333333333333","0","4","4","false","ENSG00000289293.1","ENSG00000289293.1","870.25","0.0019040415000000002","2.4818E-4","0.003559903","0","0","0.00212454161060139","false","0","ENSG00000289293.1","0"
"0.0","0.0","0.0","0.25","0","5","5","false","RALGPS1","RALGPS1","1058.8","0.0015478409999999999","0.00259458","5.01102E-4","0","0","0.00647710033778151","false","0","RALGPS1","0"
"0.0","0.0","0.0","0.17857142857142858","0","8","8","false","MBD6","MBD6","1005.5","0.0116951605","0.017837557","0.005552764","0","0","0.0128174979962977","false","0","MBD6","0"
"0.0","0.0","0.0","0.3","0","5","5","false","KCTD13","KCTD13","1296.6","0.008606447000000001","9.09993E-4","0.016302901","0","0","0.00867762270010644","false","0","KCTD13","0"
"0.0","0.0","0.0","0.6666666666666666","0","3","3","false","ATR","ATR","1452.6666666666667","0.0054902844999999995","0.010780128","2.00441E-4","0","0","0.00546310909189448","false","0","ATR","0"
"0.0","0.0","0.0","0.1","0","5","5","false","DMAC1","DMAC1","1040.6","6.904255E-4","5.79087E-4","8.01764E-4","0","0","0.00650341112391943","false","0","DMAC1","0"
"0.0","0.0","0.0","0.08333333333333333","0","4","4","false","ZIC4","ZIC4","870.0","0.0026230788355393777","8.27266710787558E-5","0.005163431","0","0","0.00274619306857952","false","0","ZIC4","0"
"0.0","0.0","0.0","0.0","0","1","1","false","LAMB1","LAMB1","2283.0",,"5.79087E-4",,"0","0","1.92576187954359E-4","false","0","LAMB1","0"
"0.0","0.0","0.0","0.25","0","4","4","false","ERC1","ERC1","950.25",,"0.019672055",,"0","0","0.00360408723621335","false","0","ERC1","0"
"0.0","0.0","0.0","0.1","0","5","5","false","SPSB4","SPSB4","924.4","0.0021633395","1.65453E-4","0.004161226","0","0","0.00298045338800531","false","0","SPSB4","0"
"0.0","0.0","0.0","0.16666666666666666","0","4","4","false","MRPL15","MRPL15","1335.25","0.0023291674999999998","5.79087E-4","0.004079248","0","0","0.00518492587835363","false","0","MRPL15","0"
"0.0","0.0","0.0","0.16666666666666666","0","4","4","false","CCDC14","CCDC14","1081.25","0.00225719","0.004313939","2.00441E-4","0","0","0.00261937303559089","false","0","CCDC14","0"
"0.0","0.0","0.0","0.0","0","1","1","false","CCT4","CCT4","2283.0",,"5.79087E-4",,"0","0","1.92576187954359E-4","false","0","CCT4","0"
"0.0","0.0","0.0","0.0","0","2","2","false","TRAPPC2L","TRAPPC2L","1242.5",,,"0.002074838","0","0","7.41022822407398E-4","false","0","TRAPPC2L","0"
"0.0","0.0","0.0","0.08333333333333333","0","4","4","false","SLC35E3","SLC35E3","839.5","0.0020456255","3.30907E-4","0.003760344","0","0","0.00251391513938363","false","0","SLC35E3","0"
"0.0","0.0","0.0","0.0","0","4","4","false","NDUFAF1","NDUFAF1","817.25","4.724905E-4","7.4454E-4","2.00441E-4","0","0","0.00212678037324501","false","0","NDUFAF1","0"
"0.0","0.0","0.0","0.16666666666666666","0","6","6","false","KLHL26","KLHL26","903.1666666666666","0.0098554535","5.79087E-4","0.01913182","0","0","0.00936080916017677","false","0","KLHL26","0"
"0.0","0.0","0.0","0.2","0","6","6","false","B3GNTL1","B3GNTL1","1045.5","0.0028362709999999996","9.09993E-4","0.004762549","0","0","0.00811849011311724","false","0","B3GNTL1","0"
"0.0","0.0","0.0","0.2","0","6","6","false","RTTN","RTTN","745.6666666666666","0.0085446775","0.009539228","0.007550127","0","0","0.00648106511824131","false","0","RTTN","0"
"0.0","0.0","0.0","0.125","0","9","9","false","OR10AB1P","OR10AB1P","700.2222222222222","0.0067332995","0.009505814","0.003960785","0","0","0.0107651724561792","false","0","OR10AB1P","0"
"0.0","0.0","0.0","0.23809523809523808","0","7","7","false","ATAD1","ATAD1","1214.857142857143","0.013314845","0.012359368","0.014270322","0","0","0.0147702981584622","false","0","ATAD1","0"
"0.0","0.0","0.0","0.4","0","5","5","false","ARHGAP24","ARHGAP24","1406.0","0.011957348999999999","0.018751267","0.005163431","0","0","0.00828548301141669","false","0","ARHGAP24","0"
"0.0","0.0","0.0","0.3333333333333333","0","3","3","false","RUFY1","RUFY1","1380.6666666666667","0.0022699359999999997","5.79087E-4","0.003960785","0","0","0.00268664045671723","false","0","RUFY1","0"
"0.0","0.0","0.0","0.01098901098901099","0","14","14","false","CDK5R1","CDK5R1","267.2142857142857","4.3987400000000004E-4","5.79087E-4","3.00661E-4","0","0","0.00773484900336914","false","0","CDK5R1","0"
"0.0","0.0","0.0","0.2","0","5","5","false","ETNK1","ETNK1","1120.0","0.0025817155","0.0","0.005163431","0","0","0.00551198063536608","false","0","ETNK1","0"
"0.0","0.0","0.0","0.3333333333333333","0","3","3","false","MTX3","MTX3","1025.6666666666667","0.0037925295","0.007384618","2.00441E-4","0","0","0.00594131227780359","false","0","MTX3","0"
"0.0","0.0","0.0","0.0","0","4","4","false","TRAPPC11","TRAPPC11","927.0","2.00441E-4","0.0","4.00882E-4","0","0","2.40720234942949E-4","false","0","TRAPPC11","0"
"0.0","0.0","0.0","0.09523809523809523","0","7","7","false","PIDD1","PIDD1","856.1428571428571","0.0080576055","4.13633E-4","0.015701578","0","0","0.00563583440922807","false","0","PIDD1","0"
"0.0","0.0","0.0","0.03333333333333333","0","6","6","false","ZNF518A","ZNF518A","597.0","0.00584929","0.011197478","5.01102E-4","0","0","0.002831072597683","false","0","ZNF518A","0"
"0.0","0.0","0.0","0.11904761904761904","0","7","7","false","NDUFA9","NDUFA9","1006.5714285714286","0.0032541875","0.002429127","0.004079248","0","0","0.0110813313931454","false","0","NDUFA9","0"
"0.0","0.0","0.0","0.3333333333333333","0","6","6","false","SIN3A","SIN3A","1130.8333333333333","0.0166836055","0.004810299","0.028556912","0","0","0.0113917725635139","false","0","SIN3A","0"
"0.0","0.0","0.0","0.1","0","6","6","false","FAM222A","FAM222A","1057.5","0.001562964","0.002925487","2.00441E-4","0","0","0.00401680529200688","false","0","FAM222A","0"
"0.0","0.0","0.0","0.03333333333333333","0","6","6","false","ZBTB41","ZBTB41","593.5","0.002224573","0.004148485","3.00661E-4","0","0","0.00145606281497579","false","0","ZBTB41","0"
"0.0","0.0","0.0","0.3333333333333333","0","3","3","false","GLTP","GLTP","1500.6666666666667","5.400945E-4","5.79087E-4","5.01102E-4","0","0","0.00206795525786573","false","0","GLTP","0"
"0.0","0.0","0.0","0.10714285714285714","0","8","8","false","DMAP1","DMAP1","828.375","0.016866601000000002","0.019657898","0.014075304","0","0","0.00930125654831448","false","0","DMAP1","0"
"0.0","0.0","0.0","0.5","0","2","2","false","LCORL","LCORL","1293.0",,"0.011197478",,"0","0","0.00226897375156715","false","0","LCORL","0"
"0.0","0.0","0.0","0.5","0","2","2","false","MYG1","MYG1","1192.0","2.895435E-4","5.79087E-4","0.0","0","0","8.30190204124117E-4","false","0","MYG1","0"
"0.0","0.0","0.0","0.02727272727272727","0","11","11","false","IMP3","IMP3","462.45454545454544","0.005458946500000001","6.61813E-4","0.01025608","0","0","0.00683224817194265","false","0","IMP3","0"
"0.0","0.0","0.0","0.6666666666666666","0","3","3","false","STON2","STON2","1608.3333333333333","0.006179684","0.012359368","0.0","0","0","0.00363238041258118","false","0","STON2","0"
"0.0","0.0","0.0","0.08333333333333333","0","4","4","false","GOLGA8Q","GOLGA8Q","709.5","0.006145209","0.012190198","1.0022E-4","0","0","0.00290328866816588","false","0","GOLGA8Q","0"
"0.0","0.0","0.0","0.0","0","1","1","false","EIF4EBP1","EIF4EBP1","2283.0",,"5.79087E-4",,"0","0","1.92576187954359E-4","false","0","EIF4EBP1","0"
"0.0","0.0","0.0","0.15","0","5","5","false","ALS2CL","ALS2CL","776.6","0.0023049234999999997","2.4818E-4","0.004361667","0","0","0.00406567683547848","false","0","ALS2CL","0"
"0.0","0.0","0.0","0.14285714285714285","0","7","7","false","FAXDC2","FAXDC2","807.1428571428571","0.010629950999999999","0.015506698","0.005753204","0","0","0.0138089284848511","false","0","FAXDC2","0"
"0.0","0.0","0.0","0.0","0","2","2","false","SLC25A20","SLC25A20","1319.0",,,"2.00441E-4","0","0","1.92576187954359E-4","false","0","SLC25A20","0"
"0.0","0.0","0.0","0.0","0","1","1","false","FAM174C","FAM174C","2283.0",,"5.79087E-4",,"0","0","1.92576187954359E-4","false","0","FAM174C","0"
"0.0","0.0","0.0","0.1","0","5","5","false","MAN2C1","MAN2C1","1104.6","8.05768E-4","9.09993E-4","7.01543E-4","0","0","0.00329266219694813","false","0","MAN2C1","0"
"0.0","0.0","0.0","0.3333333333333333","0","3","3","false","DHFR2","DHFR2","1331.6666666666667","0.002145846","3.30907E-4","0.003960785","0","0","0.00300379791501659","false","0","DHFR2","0"
"0.0","0.0","0.0","0.5","0","3","3","false","RHOT2","RHOT2","1375.3333333333333","0.0021697155","5.79087E-4","0.003760344","0","0","0.00345470644589104","false","0","RHOT2","0"
"3.814105558150397","3.9263107198478546","0.26218466813617436","0.025365483197265996","6","230","28","false","STAT2","STAT2","86.62173913043478","0.0094060955","0.003817579","0.014994612","202","0","2.48925863098454","false","0","STAT2","1043472165"
"0.0","0.0","0.0","0.16666666666666666","0","4","4","false","GVQW3","GVQW3","953.75","1.916938355393779E-4","8.27266710787558E-5","3.00661E-4","0","0","0.00269158910607377","false","0","GVQW3","0"
"0.0","0.0","0.0","0.25","0","4","4","false","PCTP","PCTP","1136.25","4.3987400000000004E-4","5.79087E-4","3.00661E-4","0","0","0.00544846324304398","false","0","PCTP","0"
"0.0","0.0","0.0","0.14285714285714285","0","7","7","false","FUCA1","FUCA1","795.8571428571429","0.008764691","0.002429127","0.015100255","0","0","0.00680593738580472","false","0","FUCA1","0"
"0.0","0.0","0.0","0.0","0","2","2","false","EVI5L","EVI5L","1632.5","4.899845E-4","5.79087E-4","4.00882E-4","0","0","7.89166869395988E-4","false","0","EVI5L","0"
"0.0","0.0","0.0","0.13333333333333333","0","6","6","false","DNHD1","DNHD1","852.6666666666666","0.0022874295","4.13633E-4","0.004161226","0","0","0.0047126552106978","false","0","DNHD1","0"
"0.0","0.0","0.0","0.5833333333333334","0","4","4","false","IRF2BP1","IRF2BP1","1279.0","0.011291819","0.017420207","0.005163431","0","0","0.00770577205732371","false","0","IRF2BP1","0"
"0.0","0.0","0.0","0.3333333333333333","0","3","3","false","ARID3B","ARID3B","1070.3333333333333","0.003682473","0.00320372","0.004161226","0","0","0.00315317870533891","false","0","ARID3B","0"
"0.0","0.0","0.0","0.16666666666666666","0","6","6","false","MTSS1","MTSS1","1028.6666666666667",,,"0.041464217","0","0","0.00901535852550958","false","0","MTSS1","0"
"0.0","0.0","0.0","0.3333333333333333","0","4","4","false","MRPL24","MRPL24","1213.25","0.0065781945000000005","0.012855728","3.00661E-4","0","0","0.00757300485364537","false","0","MRPL24","0"
"0.0","0.0","0.0","0.5","0","4","4","false","METTL25B","METTL25B","1460.25","0.006630676","0.012359368","9.01984E-4","0","0","0.00918906771173992","false","0","METTL25B","0"
"0.0","0.0","0.0","0.26666666666666666","0","6","6","false","ZNF594","ZNF594","1212.3333333333333","0.0084565755","0.003421847","0.013491304","0","0","0.00948961158339531","false","0","ZNF594","0"
"0.0","0.0","0.0","0.0","0","3","3","false","GABPB2","GABPB2","1056.3333333333333","3.7227E-4","7.4454E-4","0.0","0","0","2.40720234942949E-4","false","0","GABPB2","0"
"0.0","0.0","0.0","0.0","0","4","4","false","SLC25A42","SLC25A42","765.0","2.6567400000000003E-4","3.30907E-4","2.00441E-4","0","0","7.89166869395988E-4","false","0","SLC25A42","0"
"0.0","0.0","0.0","0.19047619047619047","0","7","7","false","SGSH","SGSH","898.0","0.0069524685000000004","4.13633E-4","0.013491304","0","0","0.00835769908189957","false","0","SGSH","0"
"0.0","0.0","0.0","0.5","0","2","2","false","ZNF678","ZNF678","1520.5",,,"0.004161226","0","0","0.00121534258003284","false","0","ZNF678","0"
"0.0","0.0","0.0","0.047619047619047616","0","7","7","false","ABHD1","ABHD1","614.1428571428571","0.001432498","0.002263673","6.01323E-4","0","0","0.00683323204083939","false","0","ABHD1","0"
"0.0","0.0","0.0","0.0","0","2","2","false","PRKAG1","PRKAG1","1301.5","5.400945E-4","5.79087E-4","5.01102E-4","0","0","6.44734728430218E-4","false","0","PRKAG1","0"
"0.0","0.0","0.0","0.25","0","4","4","false","PDIA6","PDIA6","1148.25","0.0023112989999999997","6.61813E-4","0.003960785","0","0","0.00579391387771118","false","0","PDIA6","0"
"0.0","0.0","0.0","1.0","0","2","2","false","SLC2A4","SLC2A4","1908.5","3.89764E-4","5.79087E-4","2.00441E-4","0","0","0.00229726692793498","false","0","SLC2A4","0"
"0.0","0.0","0.0","0.8333333333333334","0","3","3","false","GRIP2","GRIP2","1861.3333333333333","0.0028712589999999997","5.79087E-4","0.005163431","0","0","0.00583685290292949","false","0","GRIP2","0"
"0.0","0.0","0.0","0.12727272727272726","0","11","11","false","EXOSC10","EXOSC10","765.8181818181819","0.0195012505","0.020912955","0.018089546","0","0","0.018168432904054","false","0","EXOSC10","0"
"0.0","0.0","0.0","0.0","0","5","5","false","EXOC7","EXOC7","573.6","0.0013823874999999998","0.002263673","5.01102E-4","0","0","0.00118276155105177","false","0","EXOC7","0"
"0.0","0.0","0.0","0.10416666666666667","0","16","16","false","MALT1","MALT1","797.4375","0.036480642","0.043502387","0.029458897","0","0","0.0264940887807815","false","0","MALT1","0"
"0.0","0.0","0.0","0.3333333333333333","0","3","3","false","LIMD1","LIMD1","1500.6666666666667",,,"7.01543E-4","0","0","0.00206795525786573","false","0","LIMD1","0"
"0.0","0.0","0.0","0.16666666666666666","0","3","3","false","CNOT10","CNOT10","1523.0","6.05327E-4","9.09993E-4","3.00661E-4","0","0","0.00346538751428173","false","0","CNOT10","0"
"0.0","0.0","0.0","0.0","0","5","5","false","PAQR7","PAQR7","723.4","4.748615E-4","2.4818E-4","7.01543E-4","0","0","0.00147162583298331","false","0","PAQR7","0"
"0.0","0.0","0.0","0.3333333333333333","0","6","6","false","TMEM108","TMEM108","1204.3333333333333","0.010952855000000001","0.016341398","0.005564312","0","0","0.0170723136365346","false","0","TMEM108","0"
"0.0","0.0","0.0","0.08333333333333333","0","4","4","false","C12orf60","C12orf60","1089.0","7.055475E-4","9.09993E-4","5.01102E-4","0","0","0.00382646786669615","false","0","C12orf60","0"
"0.0","0.0","0.0","0.16666666666666666","0","4","4","false","ATG3","ATG3","1252.0","0.0064541045","0.012607548","3.00661E-4","0","0","0.00278714970356794","false","0","ATG3","0"
"0.0","0.0","0.0","0.25","0","4","4","false","ABAT","ABAT","1102.25","0.0023224173355393778","8.27266710787558E-5","0.004562108","0","0","0.00391629604515617","false","0","ABAT","0"
"0.0","0.0","0.0","0.1","0","6","6","false","SF3A3","SF3A3","797.3333333333334","0.0024290135","4.9636E-4","0.004361667","0","0","0.00773306671235837","false","0","SF3A3","0"
"0.0","0.0","0.0","0.16666666666666666","0","4","4","false","CISD2","CISD2","743.75","0.0011318365","0.002263673","0.0","0","0","0.00515959896111245","false","0","CISD2","0"
"0.0","0.0","0.0","0.1","0","5","5","false","CEP19","CEP19","784.4","4.8123700000000003E-4","6.61813E-4","3.00661E-4","0","0","0.00206795525786573","false","0","CEP19","0"
"0.0","0.0","0.0","0.25","0","5","5","false","BMP8A","BMP8A","997.6","9.83877E-4","0.001767313","2.00441E-4","0","0","0.00419447925869702","false","0","BMP8A","0"
"0.0","0.0","0.0","0.25","0","4","4","false","ZNF703","ZNF703","1075.75","6.904255E-4","5.79087E-4","8.01764E-4","0","0","0.0066009541116435","false","0","ZNF703","0"
"0.0","0.0","0.0","0.08333333333333333","0","4","4","false","C22orf46","C22orf46","1009.5","0.0024115194999999997","6.61813E-4","0.004161226","0","0","0.00235681953979727","false","0","C22orf46","0"
"0.0","0.0","0.0","0.15","0","5","5","false","PGP","PGP","915.4","0.006279904500000001","0.012359368","2.00441E-4","0","0","0.00544846324304398","false","0","PGP","0"
"0.0","0.0","0.0","0.0","0","7","7","false","TMEM255B","TMEM255B","519.0","4.33498E-4","1.65453E-4","7.01543E-4","0","0","0.00114503731589467","false","0","TMEM255B","0"
"0.0","0.0","0.0","0.1","0","6","6","false","TXNRD2","TXNRD2","915.3333333333334","0.002642206","0.001323627","0.003960785","0","0","0.00489606159642209","false","0","TXNRD2","0"
"0.0","0.0","0.0","0.3","0","6","6","false","ZBTB37","ZBTB37","878.3333333333334","0.009140137999999999","0.008625518","0.009654758","0","0","0.00870314971656676","false","0","ZBTB37","0"
"0.0","0.0","0.0","0.2","0","5","5","false","PTGES2","PTGES2","964.0","0.001432498","0.002263673","6.01323E-4","0","0","0.0073173823974382","false","0","PTGES2","0"
"0.0","0.0","0.0","0.1","0","5","5","false","MUC6","MUC6","829.0","0.0037651995","0.003369173","0.004161226","0","0","0.00406072818612194","false","0","MUC6","0"
"0.0","0.0","0.0","0.09473684210526316","0","20","20","false","PARD3","PARD3","510.5","0.0029539855","7.4454E-4","0.005163431","0","0","0.0614609858070921","false","0","PARD3","0"
"0.0","0.0","0.0","0.0","0","3","3","false","ZSWIM9","ZSWIM9","975.6666666666666","4.33498E-4","1.65453E-4","7.01543E-4","0","0","0.00104874922191749","false","0","ZSWIM9","0"
"0.0","0.0","0.0","0.2","0","6","6","false","ZNF266","ZNF266","913.0","0.0026557004999999997","0.004810299","5.01102E-4","0","0","0.00640390039840188","false","0","ZNF266","0"
"0.0","0.0","0.0","0.06666666666666667","0","6","6","false","FAM174B","FAM174B","736.6666666666666","0.0024115194999999997","6.61813E-4","0.004161226","0","0","0.00340880116154608","false","0","FAM174B","0"
"0.0","0.0","0.0","0.1","0","5","5","false","HIKESHI","HIKESHI","649.8","4.8123700000000003E-4","6.61813E-4","3.00661E-4","0","0","0.00345470644589104","false","0","HIKESHI","0"
"0.0","0.0","0.0","0.05357142857142857","0","8","8","false","ZBTB3","ZBTB3","580.125","0.002080613","0.0","0.004161226","0","0","0.00400414183338629","false","0","ZBTB3","0"
"0.0","0.0","0.0","0.0","0","2","2","false","L3MBTL1","L3MBTL1","1219.0","0.0011493305","0.00209822","2.00441E-4","0","0","5.48446634453039E-4","false","0","L3MBTL1","0"
"0.0","0.0","0.0","0.16666666666666666","0","3","3","false","LSM14B","LSM14B","903.0","0.0019692745","5.79087E-4","0.003359462","0","0","0.00102276639207848","false","0","LSM14B","0"
"0.0","0.0","0.0","0.08333333333333333","0","4","4","false","SETD4","SETD4","958.0","0.0023812745","0.0","0.004762549","0","0","0.00231289664568221","false","0","SETD4","0"
"0.0","0.0","0.0","0.06862745098039216","0","18","18","false","FAM186A","FAM186A","345.6666666666667",,,"2.00441E-4","0","0","0.0385165950516737","false","0","FAM186A","0"
"0.0","0.0","0.0","0.0","0","4","4","false","EID2B","EID2B","963.75","3.89764E-4","5.79087E-4","2.00441E-4","0","0","7.59884939985949E-4","false","0","EID2B","0"
"0.0","0.0","0.0","0.03333333333333333","0","6","6","false","BCL9L","BCL9L","554.0","0.0019044160000000001","3.30907E-4","0.003477925","0","0","0.00368203572573038","false","0","BCL9L","0"
"0.0","0.0","0.0","0.16666666666666666","0","4","4","false","ATP5F1A","ATP5F1A","1335.25","0.0023291674999999998","5.79087E-4","0.004079248","0","0","0.00518492587835363","false","0","ATP5F1A","0"
"0.0","0.0","0.0","0.16666666666666666","0","4","4","false","CCDC121","CCDC121","1251.0","0.0073572095","0.014513978","2.00441E-4","0","0","0.0039319257629034","false","0","CCDC121","0"
"0.0","0.0","0.0","0.3","0","5","5","false","LYRM7","LYRM7","1208.4","0.008779473","0.002263673","0.015295273","0","0","0.0102537127921093","false","0","LYRM7","0"
"0.0","0.0","0.0","0.15","0","5","5","false","GGPS1","GGPS1","1139.0","0.0085954505","0.016589578","6.01323E-4","0","0","0.007219639310495","false","0","GGPS1","0"
"0.0","0.0","0.0","0.0","0","4","4","false","RNF220","RNF220","757.5","1.503305E-4","0.0","3.00661E-4","0","0","0.0021372001850765","false","0","RNF220","0"
"0.0","0.0","0.0","0.15","0","5","5","false","SPOCK1","SPOCK1","1114.2","0.008260297","0.012359368","0.004161226","0","0","0.00628379665334414","false","0","SPOCK1","0"
"0.0","0.0","0.0","0.1388888888888889","0","9","9","false","FOXD3","FOXD3","817.4444444444445","0.014332849","0.00320372","0.025461978","0","0","0.0113272713022951","false","0","FOXD3","0"
"0.0","0.0","0.0","0.08928571428571429","0","8","8","false","CYRIB","CYRIB","806.625","0.004102368335539378","8.27266710787558E-5","0.00812201","0","0","0.00806783627863487","false","0","CYRIB","0"
"0.0","0.0","0.0","0.0","0","2","2","false","VMAC","VMAC","1278.0",,,"3.00661E-4","0","0","2.40720234942949E-4","false","0","VMAC","0"
"0.0","0.0","0.0","0.14545454545454545","0","11","11","false","MAN1B1","MAN1B1","930.7272727272727","0.0214746865","0.025143165","0.017806208","0","0","0.0183411582213876","false","0","MAN1B1","0"
"0.0","0.0","0.0","0.16666666666666666","0","4","4","false","NHLRC1","NHLRC1","710.5","5.90205E-4","5.79087E-4","6.01323E-4","0","0","0.00388800286878835","false","0","NHLRC1","0"
"0.0","0.0","0.0","0.06666666666666667","0","6","6","false","PRKCA","PRKCA","800.1666666666666","0.006850244","0.013600268","1.0022E-4","0","0","0.00430566957393842","false","0","PRKCA","0"
"0.0","0.0","0.0","0.16666666666666666","0","3","3","false","KLHL17","KLHL17","1507.0","5.55217E-4","9.09993E-4","2.00441E-4","0","0","0.00311993687961454","false","0","KLHL17","0"
"0.0","0.0","0.0","0.05","0","5","5","false","NEIL2","NEIL2","842.2","0.002050481","0.00370008","4.00882E-4","0","0","0.00319215295009742","false","0","NEIL2","0"
"0.0","0.0","0.0","0.1","0","5","5","false","ATP5MC3","ATP5MC3","1040.6","6.904255E-4","5.79087E-4","8.01764E-4","0","0","0.00650341112391943","false","0","ATP5MC3","0"
"0.0","0.0","0.0","0.16666666666666666","0","3","3","false","BLOC1S5","BLOC1S5","1090.0",,,"0.005163431","0","0","0.00267397699809664","false","0","BLOC1S5","0"
"0.0","0.0","0.0","0.009881422924901186","0","23","23","false","OBSCN","OBSCN","214.91304347826087",,,"7.01543E-4","0","0","0.0200220912595039","false","0","OBSCN","0"
"0.0","0.0","0.0","0.0","0","4","4","false","SBK1","SBK1","783.25","3.15784E-4","3.30907E-4","3.00661E-4","0","0","8.85454963373168E-4","false","0","SBK1","0"
"0.0","0.0","0.0","0.0","0","2","2","false","NDOR1","NDOR1","1271.5","2.6567400000000003E-4","3.30907E-4","2.00441E-4","0","0","7.41022822407398E-4","false","0","NDOR1","0"
"0.0","0.0","0.0","0.1","0","5","5","false","ATP5PF","ATP5PF","1040.6","6.904255E-4","5.79087E-4","8.01764E-4","0","0","0.00650341112391943","false","0","ATP5PF","0"
"0.0","0.0","0.0","0.5","0","3","3","false","OXA1L","OXA1L","1375.3333333333333","0.006229794","0.012359368","1.0022E-4","0","0","0.00345470644589104","false","0","OXA1L","0"
"0.0","0.0","0.0","0.03333333333333333","0","6","6","false","MSANTD1","MSANTD1","766.1666666666666","0.0040006285","0.003038267","0.00496299","0","0","0.00300379791501659","false","0","MSANTD1","0"
"0.0","0.0","0.0","0.2","0","6","6","false","FAM78B","FAM78B","1072.3333333333333","0.011656687499999999","0.018751267","0.004562108","0","0","0.00830387888907143","false","0","FAM78B","0"
"0.0","0.0","0.0","0.23333333333333334","0","6","6","false","LINC00324","LINC00324","965.6666666666666","0.0130225745","0.025143165","9.01984E-4","0","0","0.0096106991973498","false","0","LINC00324","0"
"0.0","0.0","0.0","0.16666666666666666","0","3","3","false","ZKSCAN3","ZKSCAN3","951.3333333333334","1.8294699999999998E-4","1.65453E-4","2.00441E-4","0","0","0.00121534258003284","false","0","ZKSCAN3","0"
"0.0","0.0","0.0","0.19047619047619047","0","7","7","false","KCTD21","KCTD21","862.0","0.013991408","0.022819385","0.005163431","0","0","0.0110726327149846","false","0","KCTD21","0"
"0.0","0.0","0.0","0.19642857142857142","0","8","8","false","AIFM1","AIFM1","1075.625","0.0074247045000000005","5.79087E-4","0.014270322","0","0","0.0154378549007853","false","0","AIFM1","0"
"0.0","0.0","0.0","0.07142857142857142","0","8","8","false","RASSF10","RASSF10","663.5","0.0028951285","8.27267E-4","0.00496299","0","0","0.00611800237559698","false","0","RASSF10","0"
"0.0","0.0","0.0","0.0","0","4","4","false","KLHL28","KLHL28","863.0","2.831675E-4","1.65453E-4","4.00882E-4","0","0","3.61080352414424E-4","false","0","KLHL28","0"
"0.0","0.0","0.0","0.1","0","6","6","false","FAM53B","FAM53B","922.5","7.970215E-4","9.9272E-4","6.01323E-4","0","0","0.00508441663150292","false","0","FAM53B","0"
"0.0","0.0","0.0","0.0","0","1","1","false","EXOG","EXOG","2283.0","3.89764E-4","5.79087E-4","2.00441E-4","0","0","1.92576187954359E-4","false","0","EXOG","0"
"0.0","0.0","0.0","0.16666666666666666","0","4","4","false","ZNF766","ZNF766","1083.75","0.002080613","0.0","0.004161226","0","0","0.00166038040824823","false","0","ZNF766","0"
"0.0","0.0","0.0","0.5","0","2","2","false","LCOR","LCOR","1476.5",,,"0.007550127","0","0","0.00156244276448554","false","0","LCOR","0"
"0.0","0.0","0.0","0.3333333333333333","0","3","3","false","C12orf43","C12orf43","1276.3333333333333","3.89764E-4","5.79087E-4","2.00441E-4","0","0","0.00185130704641708","false","0","C12orf43","0"
"0.0","0.0","0.0","0.0","0","5","5","false","FAM217B","FAM217B","647.6","7.16666E-4","3.30907E-4","0.001102425","0","0","0.00191336456162768","false","0","FAM217B","0"
"0.0","0.0","0.0","0.0","0","2","2","false","CGB7","CGB7","1401.0","1.415838355393779E-4","8.27266710787558E-5","2.00441E-4","0","0","5.48446634453039E-4","false","0","CGB7","0"
"0.0","0.0","0.0","0.19047619047619047","0","7","7","false","ZNF493","ZNF493","1043.0","0.013641346","0.004030987","0.023251705","0","0","0.00970349363493646","false","0","ZNF493","0"
"0.0","0.0","0.0","0.023809523809523808","0","7","7","false","EPHB4","EPHB4","596.0","0.001088936","0.001075447","0.001102425","0","0","0.00379817469032833","false","0","EPHB4","0"
"0.0","0.0","0.0","0.05","0","5","5","false","TOMM40L","TOMM40L","892.4","0.0014150045","0.002429127","4.00882E-4","0","0","0.00506977078265243","false","0","TOMM40L","0"
"0.0","0.0","0.0","0.13333333333333333","0","6","6","false","COPG2","COPG2","795.6666666666666","0.009298114000000001","0.018496008","1.0022E-4","0","0","0.00531867695092871","false","0","COPG2","0"
"0.0","0.0","0.0","0.0","0","1","1","false","ZNF775","ZNF775","2283.0",,,"2.00441E-4","0","0","1.92576187954359E-4","false","0","ZNF775","0"
"0.0","0.0","0.0","0.05","0","5","5","false","SNF8","SNF8","922.8","7.405355E-4","5.79087E-4","9.01984E-4","0","0","0.00933724988150994","false","0","SNF8","0"
"5.402265296590378","0.019378835396903278","0.18510753269209987","0.07380952380952381","8","21","9","false","PLAG1","PLAG1","458.42857142857144","0.026993325","0.029549623","0.024437027","12","0","0.0841531146395807","false","0","PLAG1","7353429"
"0.0","0.0","0.0","0.25","0","4","4","false","AJAP1","AJAP1","1300.0","0.002145846","3.30907E-4","0.003960785","0","0","0.00403243500975412","false","0","AJAP1","0"
"0.0","0.0","0.0","0.05","0","5","5","false","ATP5MC1","ATP5MC1","903.0","7.317885E-4","6.61813E-4","8.01764E-4","0","0","0.00652675565093072","false","0","ATP5MC1","0"
"0.0","0.0","0.0","0.16666666666666666","0","3","3","false","ZNF875","ZNF875","1494.0","0.0026230788355393777","8.27266710787558E-5","0.005163431","0","0","0.00381083814894892","false","0","ZNF875","0"
"0.0","0.0","0.0","0.3333333333333333","0","3","3","false","BORCS6","BORCS6","1200.3333333333333",,,"0.013190643","0","0","0.00290823731752243","false","0","BORCS6","0"
"0.0","0.0","0.0","0.12637362637362637","0","14","14","false","CBR1","CBR1","604.1428571428571","0.009137161","0.014513978","0.003760344","0","0","0.0355258461412795","false","0","CBR1","0"
"0.0","0.0","0.0","0.08333333333333333","0","4","4","false","FIGN","FIGN","1038.5","4.987310000000001E-4","4.9636E-4","5.01102E-4","0","0","0.00252954485713087","false","0","FIGN","0"
"0.0","0.0","0.0","0.08333333333333333","0","9","9","false","TRPV1","TRPV1","836.8888888888889","0.008706923","0.003321219","0.014092627","0","0","0.00684214547065573","false","0","TRPV1","0"
"0.0","0.0","0.0","0.0","0","1","1","false","ZFP62","ZFP62","2283.0",,,"2.00441E-4","0","0","1.92576187954359E-4","false","0","ZFP62","0"
"0.0","0.0","0.0","0.0","0","5","5","false","ZNF431","ZNF431","721.2","1.916938355393779E-4","8.27266710787558E-5","3.00661E-4","0","0","8.37310916384578E-4","false","0","ZNF431","0"
"0.0","0.0","0.0","0.05","0","5","5","false","ABCB8","ABCB8","664.4","3.8338799999999997E-4","1.65453E-4","6.01323E-4","0","0","0.0089888329877161","false","0","ABCB8","0"
"0.0","0.0","0.0","0.0","0","3","3","false","PCNX3","PCNX3","1147.0","1.002205E-4","0.0","2.00441E-4","0","0","1.92576187954359E-4","false","0","PCNX3","0"
"0.0","0.0","0.0","0.0","0","2","2","false","FLAD1","FLAD1","1296.0","3.3965350000000004E-4","5.79087E-4","1.0022E-4","0","0","6.44734728430218E-4","false","0","FLAD1","0"
"0.0","0.0","0.0","0.13333333333333333","0","6","6","false","GSTK1","GSTK1","872.8333333333334","0.0026055849999999997","2.4818E-4","0.00496299","0","0","0.00785890287645027","false","0","GSTK1","0"
"0.0","0.0","0.0","0.08333333333333333","0","4","4","false","ASB7","ASB7","1052.5","3.507715E-4","0.0","7.01543E-4","0","0","0.0017790909759342","false","0","ASB7","0"
"0.0","0.0","0.0","0.14285714285714285","0","7","7","false","PMF1","PMF1","923.4285714285714","0.0046750795","8.27267E-4","0.008522892","0","0","0.0109964518640419","false","0","PMF1","0"
"0.0","0.0","0.0","0.06666666666666667","0","6","6","false","FBXL22","FBXL22","863.5","8.646255E-4","8.27267E-4","9.01984E-4","0","0","0.00294721156228094","false","0","FBXL22","0"
"0.0","0.0","0.0","0.21428571428571427","0","8","8","false","MRPL54","MRPL54","781.125","0.01528999","0.009042868","0.021537112","0","0","0.0133815792326435","false","0","MRPL54","0"
"0.0","0.0","0.0","0.0","0","1","1","false","ZNF81","ZNF81","2283.0","3.89764E-4","5.79087E-4","2.00441E-4","0","0","1.92576187954359E-4","false","0","ZNF81","0"
"5.472092480149463","0.008602651094054285","0.1827454495017391","0.03333333333333333","8","30","6","false","HOXA4","HOXA4","218.4","0.011881015","0.023060487","7.01543E-4","24","0","0.0849676842359943","false","0","HOXA4","2713031"
"0.0","0.0","0.0","0.16666666666666666","0","3","3","false","SNRNP25","SNRNP25","1145.0","5.90205E-4","5.79087E-4","6.01323E-4","0","0","0.00241340589253292","false","0","SNRNP25","0"
"0.0","0.0","0.0","0.08333333333333333","0","4","4","false","GOLGA6L9","GOLGA6L9","1116.0","0.0028712589999999997","5.79087E-4","0.005163431","0","0","0.00311993687961454","false","0","GOLGA6L9","0"
"0.0","0.0","0.0","0.0","0","4","4","false","CCR10","CCR10","895.5","2.919143355393779E-4","8.27266710787558E-5","5.01102E-4","0","0","0.00111575538648463","false","0","CCR10","0"
"0.0","0.0","0.0","0.16666666666666666","0","4","4","false","ZNF251","ZNF251","1036.5","8.05768E-4","9.09993E-4","7.01543E-4","0","0","0.00304772080913165","false","0","ZNF251","0"
"0.0","0.0","0.0","0.23333333333333334","0","6","6","false","PAQR4","PAQR4","1232.3333333333333","0.008343398","0.012607548","0.004079248","0","0","0.00901535852550958","false","0","PAQR4","0"
"0.0","0.0","0.0","0.08333333333333333","0","4","4","false","RPS6KA4","RPS6KA4","872.0","0.0012646735","0.002429127","1.0022E-4","0","0","0.00478090650072089","false","0","RPS6KA4","0"
"0.0","0.0","0.0","0.10714285714285714","0","8","8","false","SZT2","SZT2","659.875","0.0060147594999999995","0.004479392","0.007550127","0","0","0.00661481619081639","false","0","SZT2","0"
"0.0","0.0","0.0","0.13333333333333333","0","6","6","false","ZNF445","ZNF445","740.3333333333334","0.0076954605","4.13633E-4","0.014977288","0","0","0.00654041763088447","false","0","ZNF445","0"
"0.0","0.0","0.0","0.1","0","5","5","false","CNGA1","CNGA1","882.2","0.0020285060000000002","5.79087E-4","0.003477925","0","0","0.00375920044556981","false","0","CNGA1","0"
"0.0","0.0","0.0","0.0","0","5","5","false","ZNF808","ZNF808","648.6","3.8338799999999997E-4","1.65453E-4","6.01323E-4","0","0","9.81743057350348E-4","false","0","ZNF808","0"
"0.0","0.0","0.0","0.05","0","5","5","false","NAXE","NAXE","1000.2","4.899845E-4","5.79087E-4","4.00882E-4","0","0","0.00433494661920299","false","0","NAXE","0"
"0.0","0.0","0.0","0.16666666666666666","0","3","3","false","C6orf89","C6orf89","977.0","2.33057E-4","1.65453E-4","3.00661E-4","0","0","0.00248562196301581","false","0","C6orf89","0"
"0.0","0.0","0.0","0.06666666666666667","0","6","6","false","BOLA3","BOLA3","740.1666666666666","0.0015653350000000002","0.002429127","7.01543E-4","0","0","0.00716305295775935","false","0","BOLA3","0"
"0.0","0.0","0.0","0.25","0","4","4","false","SERPINI1","SERPINI1","1264.0","6.40315E-4","5.79087E-4","7.01543E-4","0","0","0.00605448498327489","false","0","SERPINI1","0"
"0.0","0.0","0.0","0.2","0","5","5","false","MSRB1","MSRB1","1062.2","0.001551273","8.27267E-4","0.002275279","0","0","0.00474094838706563","false","0","MSRB1","0"
"0.0","0.0","0.0","0.0","0","4","4","false","ROR1","ROR1","946.75",,,"7.01543E-4","0","0","7.89166869395988E-4","false","0","ROR1","0"
"0.0","0.0","0.0","0.14444444444444443","0","10","10","false","MT-ND6","MT-ND6","722.0","0.006510125","0.012118266","9.01984E-4","0","0","0.0120076916024579","false","0","MT-ND6","0"
"0.0","0.0","0.0","0.08333333333333333","0","4","4","false","SUCLG1","SUCLG1","1145.5","5.400945E-4","5.79087E-4","5.01102E-4","0","0","0.00224068057519933","false","0","SUCLG1","0"
"0.0","0.0","0.0","0.12727272727272726","0","11","11","false","MT-ND5","MT-ND5","672.0909090909091","0.006560235500000001","0.012118266","0.001002205","0","0","0.0136110910019318","false","0","MT-ND5","0"
"0.0","0.0","0.0","0.3333333333333333","0","4","4","false","ITPRIPL1","ITPRIPL1","1250.5","0.010196524500000002","0.019992167","4.00882E-4","0","0","0.00526209059819306","false","0","ITPRIPL1","0"
"0.0","0.0","0.0","0.08333333333333333","0","4","4","false","ZNF566","ZNF566","949.75","2.831675E-4","1.65453E-4","4.00882E-4","0","0","0.00209624843423356","false","0","ZNF566","0"
"0.0","0.0","0.0","0.5","0","2","2","false","C6orf163","C6orf163","1476.5",,,"0.007550127","0","0","0.00156244276448554","false","0","C6orf163","0"
"0.0","0.0","0.0","0.0","0","3","3","false","APEH","APEH","1191.3333333333333","5.400945E-4","5.79087E-4","5.01102E-4","0","0","0.00104874922191749","false","0","APEH","0"
"0.0","0.0","0.0","0.1","0","5","5","false","CCDC160","CCDC160","827.8","6.554375E-4","9.09993E-4","4.00882E-4","0","0","0.00667613644125303","false","0","CCDC160","0"
"0.0","0.0","0.0","0.5","0","2","2","false","NDUFAF2","NDUFAF2","1192.0","2.895435E-4","5.79087E-4","0.0","0","0","8.30190204124117E-4","false","0","NDUFAF2","0"
"0.0","0.0","0.0","0.05","0","5","5","false","UQCC3","UQCC3","1048.2","8.646255E-4","8.27267E-4","9.01984E-4","0","0","0.00639498696858554","false","0","UQCC3","0"
"0.0","0.0","0.0","0.16666666666666666","0","6","6","false","ODAD4","ODAD4","880.8333333333334","0.00768934","5.79087E-4","0.014799593","0","0","0.00673372131532184","false","0","ODAD4","0"
"0.0","0.0","0.0","0.16666666666666666","0","4","4","false","TRIQK","TRIQK","936.75","0.0021219763355393778","8.27266710787558E-5","0.004161226","0","0","0.00290823731752243","false","0","TRIQK","0"
"0.0","0.0","0.0","0.2222222222222222","0","10","10","false","GPATCH8","GPATCH8","966.8","0.0239831795","0.029876813","0.018089546","0","0","0.0217305796363822","false","0","GPATCH8","0"
"0.0","0.0","0.0","0.0","0","2","2","false","KDM1B","KDM1B","1270.0","1.002205E-4","0.0","2.00441E-4","0","0","0.00204091209109932","false","0","KDM1B","0"
"0.0","0.0","0.0","0.15","0","5","5","false","FBXO48","FBXO48","688.6","7.16666E-4","3.30907E-4","0.001102425","0","0","0.0047233362790885","false","0","FBXO48","0"
"0.0","0.0","0.0","0.1","0","5","5","false","TLR5","TLR5","745.4","6.729315E-4","7.4454E-4","6.01323E-4","0","0","0.00331324056405191","false","0","TLR5","0"
"0.0","0.0","0.0","0.10457516339869281","0","18","18","false","ATP5F1C","ATP5F1C","422.27777777777777","7.405355E-4","5.79087E-4","9.01984E-4","0","0","0.0526476442966171","false","0","ATP5F1C","0"
"0.0","0.0","0.0","0.05357142857142857","0","8","8","false","TECPR1","TECPR1","727.0","5.63964E-4","8.27267E-4","3.00661E-4","0","0","0.00545816044253794","false","0","TECPR1","0"
"0.0","0.0","0.0","1.0","0","2","2","false","CCDC85C","CCDC85C","1908.5",,,"0.003960785","0","0","0.00229726692793498","false","0","CCDC85C","0"
"0.0","0.0","0.0","0.35","0","5","5","false","ATP6AP1L","ATP6AP1L","1046.6","0.012412861","0.012359368","0.012466354","0","0","0.00712309484410409","false","0","ATP6AP1L","0"
"0.0","0.0","0.0","0.16666666666666666","0","3","3","false","PLPP6","PLPP6","1122.0",,,"0.004161226","0","0","0.0022123873988315","false","0","PLPP6","0"
"0.0","0.0","0.0","0.25","0","5","5","false","CIAO2A","CIAO2A","1223.2","0.0025705974999999997","5.79087E-4","0.004562108","0","0","0.00539584167076814","false","0","CIAO2A","0"
"0.0","0.0","0.0","0.1527777777777778","0","9","9","false","COL4A5","COL4A5","892.1111111111111","0.0204095905","0.015179508","0.025639673","0","0","0.0150522460532438","false","0","COL4A5","0"
"0.0","0.0","0.0","0.041666666666666664","0","9","9","false","TMEM120B","TMEM120B","600.2222222222222","0.010624686","3.30907E-4","0.020918465","0","0","0.00677269556008035","false","0","TMEM120B","0"
"0.0","0.0","0.0","0.8333333333333334","0","3","3","false","C21orf62-AS1","C21orf62-AS1","1861.3333333333333","0.0066521745","0.013103908","2.00441E-4","0","0","0.00583685290292949","false","0","C21orf62-AS1","0"
"0.0","0.0","0.0","0.10714285714285714","0","8","8","false","PHB","PHB","892.625","0.0018659965000000001","0.002429127","0.001302866","0","0","0.0219016914822888","false","0","PHB","0"
"0.0","0.0","0.0","0.23333333333333334","0","6","6","false","NHLRC3","NHLRC3","965.0","0.0031194445","0.005637566","6.01323E-4","0","0","0.00910815296309624","false","0","NHLRC3","0"
"0.0","0.0","0.0","0.06666666666666667","0","6","6","false","ENSG00000206549.13","ENSG00000206549.13","837.5","0.0022460665","3.30907E-4","0.004161226","0","0","0.00314823005598236","false","0","ENSG00000206549.13","0"
"0.0","0.0","0.0","0.3","0","5","5","false","CFAP44","CFAP44","1094.0","0.0048425015","3.30907E-4","0.009354096","0","0","0.00520253798633076","false","0","CFAP44","0"
"0.0","0.0","0.0","0.15","0","5","5","false","URM1","URM1","981.4","0.0013322775","0.002263673","4.00882E-4","0","0","0.0100790050845458","false","0","URM1","0"
"0.0","0.0","0.0","0.16666666666666666","0","3","3","false","GOLGA2","GOLGA2","1523.0","7.818985E-4","6.61813E-4","9.01984E-4","0","0","0.00346538751428173","false","0","GOLGA2","0"
"0.0","0.0","0.0","0.0","0","4","4","false","ATP5MG","ATP5MG","1023.25","5.814575E-4","6.61813E-4","5.01102E-4","0","0","0.00121204348046181","false","0","ATP5MG","0"
"0.0","0.0","0.0","0.06666666666666667","0","6","6","false","UBE2Q2P1","UBE2Q2P1","651.5","0.0018485024999999999","0.00259458","0.001102425","0","0","0.00406072818612194","false","0","UBE2Q2P1","0"
"0.0","0.0","0.0","0.0","0","2","2","false","ASIC3","ASIC3","1230.5","2.6567400000000003E-4","3.30907E-4","2.00441E-4","0","0","7.89166869395988E-4","false","0","ASIC3","0"
"0.0","0.0","0.0","0.1","0","5","5","false","ENDOG","ENDOG","950.4","6.40315E-4","5.79087E-4","7.01543E-4","0","0","0.00357084541048898","false","0","ENDOG","0"
"0.0","0.0","0.0","0.2","0","5","5","false","ZNF611","ZNF611","1042.6",,,"0.014092627","0","0","0.00554798862099795","false","0","ZNF611","0"
"0.0","0.0","0.0","0.1111111111111111","0","10","10","false","GTF2H4","GTF2H4","814.1","0.0043552964999999996","0.004148485","0.004562108","0","0","0.0111108231900655","false","0","GTF2H4","0"
"0.0","0.0","0.0","0.14285714285714285","0","7","7","false","ZNF33A","ZNF33A","709.0","0.005594155","3.30907E-4","0.010857403","0","0","0.0102333345242247","false","0","ZNF33A","0"
"0.0","0.0","0.0","0.1","0","5","5","false","ZNF337-AS1","ZNF337-AS1","960.2","0.0021633395","1.65453E-4","0.004161226","0","0","0.00303209109138442","false","0","ZNF337-AS1","0"
"0.0","0.0","0.0","0.16666666666666666","0","6","6","false","SCART1","SCART1","935.6666666666666","0.008223059","7.4454E-4","0.015701578","0","0","0.00699429242088555","false","0","SCART1","0"
"0.0","0.0","0.0","0.08333333333333333","0","4","4","false","YIF1B","YIF1B","964.0","0.0013322775","0.002263673","4.00882E-4","0","0","0.00509806395902025","false","0","YIF1B","0"
"0.0","0.0","0.0","0.2","0","5","5","false","NUDT8","NUDT8","1283.4","0.0030712400000000003","0.002263673","0.003878807","0","0","0.00923299060585498","false","0","NUDT8","0"
"0.0","0.0","0.0","0.4","0","5","5","false","TTC3P1","TTC3P1","1029.0","0.0117564035","5.79087E-4","0.02293372","0","0","0.00753008048086347","false","0","TTC3P1","0"
"0.0","0.0","0.0","0.14285714285714285","0","7","7","false","NDUFV1","NDUFV1","1008.8571428571429","0.0028712589999999997","5.79087E-4","0.005163431","0","0","0.010550491982524","false","0","NDUFV1","0"
"0.0","0.0","0.0","0.0","0","4","4","false","NUTM2D","NUTM2D","743.0","0.0015687664999999998","6.61813E-4","0.00247572","0","0","0.00137533773900613","false","0","NUTM2D","0"
"0.0","0.0","0.0","0.2","0","5","5","false","NKIRAS2","NKIRAS2","1147.6","0.002020236","0.003038267","0.001002205","0","0","0.00838004508757769","false","0","NKIRAS2","0"
"0.0","0.0","0.0","0.16666666666666666","0","7","7","false","SULT1A1","SULT1A1","960.5714285714286","0.003213283","6.61813E-4","0.005764753","0","0","0.0138938080139545","false","0","SULT1A1","0"
"0.0","0.0","0.0","0.15","0","5","5","false","MIR99AHG","MIR99AHG","730.8","0.0041683505","0.007635158","7.01543E-4","0","0","0.00368698437508692","false","0","MIR99AHG","0"
"0.0","0.0","0.0","0.0","0","3","3","false","VPS37C","VPS37C","1188.6666666666667","4.899845E-4","5.79087E-4","4.00882E-4","0","0","8.37310916384578E-4","false","0","VPS37C","0"
"0.0","0.0","0.0","0.05","0","5","5","false","PEX26","PEX26","661.6","0.001232057","0.002263673","2.00441E-4","0","0","0.00618130501626353","false","0","PEX26","0"
"0.0","0.0","0.0","0.5","0","2","2","false","LINC01356","LINC01356","1476.5",,,"0.007550127","0","0","0.00156244276448554","false","0","LINC01356","0"
"0.0","0.0","0.0","0.21428571428571427","0","7","7","false","SERINC2","SERINC2","992.1428571428571","0.014040598","0.013103908","0.014977288","0","0","0.012947284288413","false","0","SERINC2","0"
"0.0","0.0","0.0","0.2","0","5","5","false","NBPF1","NBPF1","1200.8","6.79307E-4","0.001158173","2.00441E-4","0","0","0.00960970067601664","false","0","NBPF1","0"
"0.0","0.0","0.0","0.06666666666666667","0","6","6","false","PDXDC2P-NPIPB14P","PDXDC2P-NPIPB14P","704.1666666666666","0.005390064","0.010780128","0.0","0","0","0.00380312333968487","false","0","PDXDC2P-NPIPB14P","0"
"0.0","0.0","0.0","0.15","0","5","5","false","LINC00339","LINC00339","687.0","0.001066604","0.001932767","2.00441E-4","0","0","0.00293653049389025","false","0","LINC00339","0"
"0.0","0.0","0.0","0.0","0","2","2","false","TCAF1P1","TCAF1P1","1304.0",,,"2.00441E-4","0","0","2.88864281931539E-4","false","0","TCAF1P1","0"
"0.0","0.0","0.0","0.3","0","6","6","false","UQCRFS1","UQCRFS1","1290.6666666666667","0.004639661000000001","5.79087E-4","0.008700235","0","0","0.0103787651865236","false","0","UQCRFS1","0"
"0.0","0.0","0.0","0.15","0","5","5","false","LINP1","LINP1","952.0","0.0022159345","0.004030987","4.00882E-4","0","0","0.0047233362790885","false","0","LINP1","0"
"0.0","0.0","0.0","0.3333333333333333","0","3","3","false","SF3B5","SF3B5","1599.6666666666667","0.0026708179999999997","5.79087E-4","0.004762549","0","0","0.00290328866816588","false","0","SF3B5","0"
"0.0","0.0","0.0","0.5","0","3","3","false","PUSL1","PUSL1","1379.0","4.8123700000000003E-4","6.61813E-4","3.00661E-4","0","0","0.00335419719904033","false","0","PUSL1","0"
"0.0","0.0","0.0","0.23333333333333334","0","6","6","false","LINC01422","LINC01422","714.6666666666666","0.018329728","0.011197478","0.025461978","0","0","0.00868751999881953","false","0","LINC01422","0"
"0.0","0.0","0.0","0.0","0","3","3","false","EDRF1-DT","EDRF1-DT","985.0","1.503305E-4","0.0","3.00661E-4","0","0","2.40720234942949E-4","false","0","EDRF1-DT","0"
"0.0","0.0","0.0","0.1","0","5","5","false","RTCA-AS1","RTCA-AS1","954.6","0.002145846","3.30907E-4","0.003960785","0","0","0.00294721156228094","false","0","RTCA-AS1","0"
"0.0","0.0","0.0","0.16666666666666666","0","4","4","false","GON7","GON7","1203.5","4.3987400000000004E-4","5.79087E-4","3.00661E-4","0","0","0.002831072597683","false","0","GON7","0"
"0.0","0.0","0.0","0.19047619047619047","0","7","7","false","NDUFA3","NDUFA3","1038.7142857142858","0.006761499000000001","0.009042868","0.00448013","0","0","0.0135123493936555","false","0","NDUFA3","0"
"0.0","0.0","0.0","0.2","0","5","5","false","ENSG00000224848.3","ENSG00000224848.3","936.0","0.0023637805","1.65453E-4","0.004562108","0","0","0.00675033490196581","false","0","ENSG00000224848.3","0"
"0.0","0.0","0.0","0.16666666666666666","0","6","6","false","NUDT9","NUDT9","1183.3333333333333","0.006680786500000001","0.012359368","0.001002205","0","0","0.00894709258305008","false","0","NUDT9","0"
"0.0","0.0","0.0","0.3333333333333333","0","3","3","false","MTM1","MTM1","1380.6666666666667","4.3987400000000004E-4","5.79087E-4","3.00661E-4","0","0","0.00268664045671723","false","0","MTM1","0"
"0.0","0.0","0.0","0.047619047619047616","0","7","7","false","JPX","JPX","731.2857142857143","0.0023422875","0.003983032","7.01543E-4","0","0","0.00499953710239944","false","0","JPX","0"
"0.0","0.0","0.0","0.07142857142857142","0","7","7","false","GRTP1-AS1","GRTP1-AS1","803.8571428571429","0.0099107315","0.0","0.019821463","0","0","0.0048365089845598","false","0","GRTP1-AS1","0"
"0.0","0.0","0.0","0.21428571428571427","0","8","8","false","TRIM8","TRIM8","949.0","0.0160391155","0.003486672","0.028591559","0","0","0.0136188058111959","false","0","TRIM8","0"
"0.0","0.0","0.0","0.3333333333333333","0","4","4","false","JAGN1","JAGN1","1126.5","0.0014685459999999998","6.61813E-4","0.002275279","0","0","0.00464043914021492","false","0","JAGN1","0"
"0.0","0.0","0.0","0.16666666666666666","0","3","3","false","PDCD1LG2","PDCD1LG2","1618.0","0.0074073195000000005","0.014513978","3.00661E-4","0","0","0.00402748636039757","false","0","PDCD1LG2","0"
"0.0","0.0","0.0","0.15","0","5","5","false","ENSG00000228366.1","ENSG00000228366.1","1015.2","0.0069524685000000004","4.13633E-4","0.013491304","0","0","0.00374357072782258","false","0","ENSG00000228366.1","0"
"0.0","0.0","0.0","0.15","0","5","5","false","ETFDH","ETFDH","1107.8","7.230415E-4","7.4454E-4","7.01543E-4","0","0","0.00420516032708771","false","0","ETFDH","0"
"0.0","0.0","0.0","0.0","0","3","3","false","KIF9-AS1","KIF9-AS1","945.6666666666666","4.31127E-4","6.61813E-4","2.00441E-4","0","0","0.00114503731589467","false","0","KIF9-AS1","0"
"0.0","0.0","0.0","0.013888888888888888","0","9","9","false","MAN1A2","MAN1A2","378.1111111111111",,,"2.00441E-4","0","0","0.00346538751428173","false","0","MAN1A2","0"
"0.0","0.0","0.0","0.25","0","4","4","false","ORMDL3","ORMDL3","1168.0","0.0019526315","0.00320372","7.01543E-4","0","0","0.00339812009315539","false","0","ORMDL3","0"
"0.0","0.0","0.0","0.059782608695652176","0","24","24","false","NUTM2E","NUTM2E","262.8333333333333","5.63964E-4","8.27267E-4","3.00661E-4","0","0","0.0681462338026181","false","0","NUTM2E","0"
"0.0","0.0","0.0","0.0","0","3","3","false","KHDC1-AS1","KHDC1-AS1","1092.0","1.415838355393779E-4","8.27266710787558E-5","2.00441E-4","0","0","6.44734728430218E-4","false","0","KHDC1-AS1","0"
"0.0","0.0","0.0","0.1","0","5","5","false","MRPL13","MRPL13","1100.4","7.90646E-4","5.79087E-4","0.001002205","0","0","0.00442180853853636","false","0","MRPL13","0"
"0.0","0.0","0.0","0.0","0","4","4","false","DDRGK1","DDRGK1","889.5","4.8123700000000003E-4","6.61813E-4","3.00661E-4","0","0","3.37008328920129E-4","false","0","DDRGK1","0"
"0.0","0.0","0.0","0.3","0","6","6","false","GOLGA6L5P","GOLGA6L5P","1068.6666666666667","0.007580032499999999","1.65453E-4","0.014994612","0","0","0.0109974503853751","false","0","GOLGA6L5P","0"
"0.0","0.0","0.0","0.16666666666666666","0","6","6","false","LINC02613","LINC02613","821.6666666666666","0.006297894","0.007632798","0.00496299","0","0","0.00821603310084131","false","0","LINC02613","0"
"0.0","0.0","0.0","0.25","0","4","4","false","FAAHP1","FAAHP1","1215.25","0.0023701564999999997","5.79087E-4","0.004161226","0","0","0.00374357072782258","false","0","FAAHP1","0"
"0.0","0.0","0.0","0.011111111111111112","0","10","10","false","CCDC69","CCDC69","493.8","0.004019296","0.005963754","0.002074838","0","0","0.0052804864758478","false","0","CCDC69","0"
"0.0","0.0","0.0","0.09722222222222222","0","9","9","false","MCTS1","MCTS1","745.4444444444445","0.0098864435","0.015010338","0.004762549","0","0","0.00960575054799325","false","0","MCTS1","0"
"0.0","0.0","0.0","0.05","0","5","5","false","ENSG00000232098.3","ENSG00000232098.3","667.4","0.007713844","0.015427688","0.0","0","0","0.00386742450168457","false","0","ENSG00000232098.3","0"
"0.0","0.0","0.0","0.1111111111111111","0","9","9","false","LINC01137","LINC01137","738.7777777777778","0.0049059075","0.0035873","0.006224515","0","0","0.0106800928278566","false","0","LINC01137","0"
"0.0","0.0","0.0","0.0","0","5","5","false","SLC9A6","SLC9A6","688.4","7.317885E-4","6.61813E-4","8.01764E-4","0","0","0.00109689326890608","false","0","SLC9A6","0"
"0.0","0.0","0.0","0.0","0","1","1","false","MFAP1P1","MFAP1P1","2283.0",,,"2.00441E-4","0","0","1.92576187954359E-4","false","0","MFAP1P1","0"
"0.0","0.0","0.0","0.5","0","4","4","false","TMEM167A","TMEM167A","1490.25","0.010009882","0.016341398","0.003678366","0","0","0.0101092806511435","false","0","TMEM167A","0"
"0.0","0.0","0.0","0.16666666666666666","0","4","4","false","SLC25A25-AS1","SLC25A25-AS1","958.25","0.0022460665","3.30907E-4","0.004161226","0","0","0.0055363090312741","false","0","SLC25A25-AS1","0"
"0.0","0.0","0.0","0.14285714285714285","0","7","7","false","LDB1","LDB1","915.5714285714286","0.0150754775","9.9272E-4","0.029158235","0","0","0.0106187579249835","false","0","LDB1","0"
"0.0","0.0","0.0","0.05","0","5","5","false","MICOS13","MICOS13","894.0","0.0014651145000000002","0.002429127","5.01102E-4","0","0","0.00538692824095179","false","0","MICOS13","0"
"0.0","0.0","0.0","0.0","0","2","2","false","ACTG1P4","ACTG1P4","1627.0","1.002205E-4","0.0","2.00441E-4","0","0","1.92576187954359E-4","false","0","ACTG1P4","0"
"0.0","0.0","0.0","0.03333333333333333","0","6","6","false","CD247","CD247","759.5","8.622545E-4","0.001323627","4.00882E-4","0","0","0.00340880116154608","false","0","CD247","0"
"0.0","0.0","0.0","0.08333333333333333","0","4","4","false","HGH1","HGH1","892.75","0.0024703769999999997","5.79087E-4","0.004361667","0","0","0.00455159483065164","false","0","HGH1","0"
"0.0","0.0","0.0","0.16666666666666666","0","4","4","false","SH3BP5L","SH3BP5L","1510.0","0.0095760745","0.018751267","4.00882E-4","0","0","0.00469504310272067","false","0","SH3BP5L","0"
"0.0","0.0","0.0","0.25","0","5","5","false","PACS1","PACS1","1181.6","6.40315E-4","5.79087E-4","7.01543E-4","0","0","0.00490595889513518","false","0","PACS1","0"
"0.0","0.0","0.0","0.03676470588235294","0","17","17","false","GAL3ST3","GAL3ST3","362.4117647058824","0.004598326","7.4454E-4","0.008452112","0","0","0.0168606140744425","false","0","GAL3ST3","0"
"0.0","0.0","0.0","0.08333333333333333","0","4","4","false","PKMP1","PKMP1","909.75","0.0024703769999999997","5.79087E-4","0.004361667","0","0","0.00235681953979727","false","0","PKMP1","0"
"0.0","0.0","0.0","0.038461538461538464","0","13","13","false","LINC00707","LINC00707","488.84615384615387","0.004718411335539377","8.27266710787558E-5","0.009354096","0","0","0.00934517944242954","false","0","LINC00707","0"
"0.0","0.0","0.0","0.3333333333333333","0","4","4","false","LSM1","LSM1","1114.5","0.006279904500000001","0.012359368","2.00441E-4","0","0","0.00429498850554773","false","0","LSM1","0"
"0.0","0.0","0.0","0.11904761904761904","0","7","7","false","LCN8","LCN8","784.4285714285714","0.0022636735","0.004527347","0.0","0","0","0.00578521519955039","false","0","LCN8","0"
"0.0","0.0","0.0","0.0","0","2","2","false","LINC01409","LINC01409","1301.5","1.415838355393779E-4","8.27266710787558E-5","2.00441E-4","0","0","6.44734728430218E-4","false","0","LINC01409","0"
"0.0","0.0","0.0","0.5","0","3","3","false","ALKBH6","ALKBH6","1249.6666666666667","4.748615E-4","2.4818E-4","7.01543E-4","0","0","0.00298045338800531","false","0","ALKBH6","0"
"0.0","0.0","0.0","0.30952380952380953","0","7","7","false","SCARNA7","SCARNA7","956.2857142857143","0.0156314295","0.022492195","0.008770664","0","0","0.010501835190708","false","0","SCARNA7","0"
"0.0","0.0","0.0","0.05","0","5","5","false","SLC35A4","SLC35A4","790.6","0.0023112989999999997","6.61813E-4","0.003960785","0","0","0.00268664045671723","false","0","SLC35A4","0"
"0.0","0.0","0.0","0.2","0","5","5","false","COX19","COX19","1062.0","0.0031369325","9.09993E-4","0.005363872","0","0","0.00665952285460905","false","0","COX19","0"
"0.0","0.0","0.0","0.15","0","5","5","false","INMT","INMT","713.8","0.0014796643355393779","8.27266710787558E-5","0.002876602","0","0","0.00390066632740894","false","0","INMT","0"
"0.0","0.0","0.0","0.2","0","11","11","false","ENSG00000244055.2","ENSG00000244055.2","979.9090909090909","0.0207364015","0.036509813","0.00496299","0","0","0.0295786013452227","false","0","ENSG00000244055.2","0"
"0.0","0.0","0.0","0.08333333333333333","0","4","4","false","PRR3","PRR3","911.5","6.554375E-4","9.09993E-4","4.00882E-4","0","0","0.0023851127161651","false","0","PRR3","0"
"0.0","0.0","0.0","0.02368421052631579","0","20","20","false","NFS1","NFS1","359.25",,,"0.004562108","0","0","0.0181250936803975","false","0","NFS1","0"
"0.0","0.0","0.0","0.0","0","3","3","false","ENSG00000244480.1","ENSG00000244480.1","955.6666666666666",,,"7.01543E-4","0","0","9.52461127940308E-4","false","0","ENSG00000244480.1","0"
"0.0","0.0","0.0","0.05128205128205128","0","13","13","false","ZNF616","ZNF616","463.9230769230769","0.0014826079999999998","0.002263673","7.01543E-4","0","0","0.0155840693327619","false","0","ZNF616","0"
"0.0","0.0","0.0","0.3333333333333333","0","6","6","false","PDCL3P4","PDCL3P4","891.0","0.013095927","0.016837758","0.009354096","0","0","0.0152805592019798","false","0","PDCL3P4","0"
"0.0","0.0","0.0","0.15","0","5","5","false","ALDH1L1-AS2","ALDH1L1-AS2","1057.0","0.0066545455","0.012607548","7.01543E-4","0","0","0.00457890413812273","false","0","ALDH1L1-AS2","0"
"0.0","0.0","0.0","0.1","0","5","5","false","TCTN1","TCTN1","781.4","8.23262E-4","7.4454E-4","9.01984E-4","0","0","0.0045506109617549","false","0","TCTN1","0"
"0.0","0.0","0.0","0.06944444444444445","0","9","9","false","PTCHD4","PTCHD4","754.5555555555555","0.0069111055000000005","3.30907E-4","0.013491304","0","0","0.0066049188921033","false","0","PTCHD4","0"
"0.0","0.0","0.0","0.05","0","5","5","false","ARIH2","ARIH2","867.4","4.48621E-4","4.9636E-4","4.00882E-4","0","0","0.00933724988150994","false","0","ARIH2","0"
"0.0","0.0","0.0","0.16666666666666666","0","3","3","false","SRP14-DT","SRP14-DT","1494.0","0.001480237","0.002760033","2.00441E-4","0","0","0.00381083814894892","false","0","SRP14-DT","0"
"0.0","0.0","0.0","0.16666666666666666","0","3","3","false","RABEP2","RABEP2","1043.6666666666667","0.0011318365","0.002263673","0.0","0","0","0.00404608233727145","false","0","RABEP2","0"
"0.0","0.0","0.0","0.0","0","3","3","false","HS3ST5","HS3ST5","990.3333333333334","2.33057E-4","1.65453E-4","3.00661E-4","0","0","6.44734728430218E-4","false","0","HS3ST5","0"
"0.0","0.0","0.0","0.1","0","5","5","false","LIN52","LIN52","1163.4","9.059885E-4","9.09993E-4","9.01984E-4","0","0","0.00417686715071989","false","0","LIN52","0"
"0.0","0.0","0.0","1.0","0","2","2","false","ENSG00000249626.1","ENSG00000249626.1","1908.5","0.0022699359999999997","5.79087E-4","0.003960785","0","0","0.00229726692793498","false","0","ENSG00000249626.1","0"
"0.0","0.0","0.0","0.125","0","8","8","false","HERC2P9","HERC2P9","832.375","0.012521455","0.021082125","0.003960785","0","0","0.00802491190585297","false","0","HERC2P9","0"
"0.0","0.0","0.0","0.02287581699346405","0","18","18","false","PNPLA2","PNPLA2","274.5","3.89764E-4","5.79087E-4","2.00441E-4","0","0","0.0193127941125148","false","0","PNPLA2","0"
"0.0","0.0","0.0","0.16666666666666666","0","4","4","false","GLI4","GLI4","1046.5",,,"0.009654758","0","0","0.00359418993750026","false","0","GLI4","0"
"0.0","0.0","0.0","0.5","0","2","2","false","ENSG00000205959.4","ENSG00000205959.4","1329.0","7.405355E-4","5.79087E-4","9.01984E-4","0","0","0.00234118982205004","false","0","ENSG00000205959.4","0"
"0.0","0.0","0.0","0.05","0","5","5","false","HASPIN","HASPIN","704.8",,,"0.003760344","0","0","0.00216846450471644","false","0","HASPIN","0"
"0.0","0.0","0.0","0.1","0","5","5","false","YJEFN3","YJEFN3","932.4","0.002481495","0.0","0.00496299","0","0","0.00344975779653449","false","0","YJEFN3","0"
"0.0","0.0","0.0","0.4","0","5","5","false","LINC01301","LINC01301","1103.4","0.009045981","9.9272E-4","0.017099242","0","0","0.00972683816194774","false","0","LINC01301","0"
"0.0","0.0","0.0","0.16666666666666666","0","3","3","false","ZBED3-AS1","ZBED3-AS1","1392.6666666666667",,,"0.005163431","0","0","0.00311993687961454","false","0","ZBED3-AS1","0"
"0.0","0.0","0.0","0.047619047619047616","0","16","16","false","MPI","MPI","466.26666666666665","0.0029539855","7.4454E-4","0.005163431","0","1","0.0168040277217069","false","0","MPI","0"
"0.0","0.0","0.0","0.1","0","5","5","false","LINC01089","LINC01089","635.8",,,"0.009654758","0","0","0.00492435477278992","false","0","LINC01089","0"
"0.0","0.0","0.0","0.06944444444444445","0","9","9","false","TUG1","TUG1","648.2222222222222","0.0040260174999999995","3.30907E-4","0.007721128","0","0","0.00996781476930442","false","0","TUG1","0"
"0.0","0.0","0.0","0.05555555555555555","0","10","10","false","EIF3K","EIF3K","762.6","0.0026298289999999998","5.79087E-4","0.004680571","0","0","0.0131130785661601","false","0","EIF3K","0"
"0.0","0.0","0.0","0.16666666666666666","0","3","3","false","HOXA-AS3","HOXA-AS3","996.6666666666666","3.89764E-4","5.79087E-4","2.00441E-4","0","0","0.00212454161060139","false","0","HOXA-AS3","0"
"0.0","0.0","0.0","0.15","0","5","5","false","ENSG00000254363.6","ENSG00000254363.6","1015.8","0.0017692074999999998","6.61813E-4","0.002876602","0","0","0.00436225592667407","false","0","ENSG00000254363.6","0"
"0.0","0.0","0.0","0.1","0","5","5","false","LSMEM2","LSMEM2","782.8","0.0011318365","0.002263673","0.0","0","0","0.00923872302488913","false","0","LSMEM2","0"
"0.0","0.0","0.0","0.09523809523809523","0","8","8","false","WAC-AS1","WAC-AS1","689.1428571428571","0.0022699359999999997","5.79087E-4","0.003960785","0","1","0.00553532516237736","false","0","WAC-AS1","0"
"0.0","0.0","0.0","0.1","0","5","5","false","CYC1","CYC1","1040.6","6.904255E-4","5.79087E-4","8.01764E-4","0","0","0.00650341112391943","false","0","CYC1","0"
"0.0","0.0","0.0","1.0","0","2","2","false","ENSG00000254469.9","ENSG00000254469.9","1908.5",,,"0.003960785","0","0","0.00229726692793498","false","0","ENSG00000254469.9","0"
"0.0","0.0","0.0","0.06666666666666667","0","6","6","false","PLD6","PLD6","874.1666666666666","0.002392398","0.003983032","8.01764E-4","0","0","0.00645948822980437","false","0","PLD6","0"
"0.0","0.0","0.0","0.25","0","5","5","false","TMEM9B-AS1","TMEM9B-AS1","1041.8","0.0035997464999999998","0.003038267","0.004161226","0","0","0.0125743242470556","false","0","TMEM9B-AS1","0"
"0.0","0.0","0.0","0.16666666666666666","0","3","3","false","ZFPM1","ZFPM1","1182.6666666666667","2.895435E-4","5.79087E-4","0.0","0","0","0.00372892487897209","false","0","ZFPM1","0"
"0.0","0.0","0.0","0.3333333333333333","0","3","3","false","ENSG00000254833.1","ENSG00000254833.1","988.3333333333334","5.16225E-4","3.30907E-4","7.01543E-4","0","0","0.00258613120986652","false","0","ENSG00000254833.1","0"
"0.0","0.0","0.0","0.2","0","5","5","false","FAHD1","FAHD1","1104.6","0.002653324","7.4454E-4","0.004562108","0","0","0.00507373556311223","false","0","FAHD1","0"
"0.0","0.0","0.0","0.16666666666666666","0","4","4","false","ENSG00000255426.1","ENSG00000255426.1","810.0","0.0017278444999999998","5.79087E-4","0.002876602","0","0","0.00254220831575146","false","0","ENSG00000255426.1","0"
"0.0","0.0","0.0","0.1","0","5","5","false","NPIPA8","NPIPA8","1044.6","7.64405E-4","8.27267E-4","7.01543E-4","0","0","0.00290328866816588","false","0","NPIPA8","0"
"0.0","0.0","0.0","0.08181818181818182","0","11","11","false","HMBS","HMBS","594.4545454545455","0.008485636000000001","0.00480558","0.012165692","0","0","0.0109018897878809","false","0","HMBS","0"
"0.0","0.0","0.0","0.08928571428571429","0","8","8","false","MIRLET7IHG","MIRLET7IHG","733.25","0.008414753","8.27267E-4","0.016002239","0","0","0.00778570293707064","false","0","MIRLET7IHG","0"
"0.0","0.0","0.0","0.0","0","4","4","false","COPG1","COPG1","881.5","4.6374350000000003E-4","8.27267E-4","1.0022E-4","0","0","9.71323245518858E-4","false","0","COPG1","0"
"0.0","0.0","0.0","0.13333333333333333","0","6","6","false","ENSG00000258634.3","ENSG00000258634.3","957.8333333333334","0.0085085975","4.13633E-4","0.016603562","0","0","0.00622622643171174","false","0","ENSG00000258634.3","0"
"0.0","0.0","0.0","0.3","0","5","5","false","YIPF6","YIPF6","971.2","0.0044066315","6.61813E-4","0.00815145","0","0","0.00683917921152909","false","0","YIPF6","0"
"0.0","0.0","0.0","1.0","0","2","2","false","ENSG00000257497.2","ENSG00000257497.2","1381.5","2.6567400000000003E-4","3.30907E-4","2.00441E-4","0","0","0.0020523255401185","false","0","ENSG00000257497.2","0"
"0.0","0.0","0.0","0.0","0","3","3","false","COA4","COA4","1142.0","2.895435E-4","5.79087E-4","0.0","0","0","2.40720234942949E-4","false","0","COA4","0"
"0.0","0.0","0.0","0.1","0","5","5","false","ENSG00000258768.2","ENSG00000258768.2","895.2","0.0023812745","0.0","0.004762549","0","0","0.00309659235260326","false","0","ENSG00000258768.2","0"
"0.0","0.0","0.0","0.1","0","5","5","false","FANCG","FANCG","772.0","0.002664442","1.65453E-4","0.005163431","0","0","0.00408902136248977","false","0","FANCG","0"
"0.0","0.0","0.0","0.3333333333333333","0","4","4","false","LSM10","LSM10","1112.75","0.011830822500000001","0.016341398","0.007320247","0","0","0.0109270019534666","false","0","LSM10","0"
"0.0","0.0","0.0","0.2","0","6","6","false","LINC00930","LINC00930","810.6666666666666","0.004350146","2.4818E-4","0.008452112","0","0","0.0063210032595283","false","0","LINC00930","0"
"0.0","0.0","0.0","0.16666666666666666","0","6","6","false","MRPS16","MRPS16","1008.1666666666666","0.006704656","0.012607548","8.01764E-4","0","0","0.00988293524020094","false","0","MRPS16","0"
"0.0","0.0","0.0","0.4166666666666667","0","4","4","false","NSUN5P1","NSUN5P1","1638.75","0.0091336695","0.013103908","0.005163431","0","0","0.00583685290292949","false","0","NSUN5P1","0"
"0.0","0.0","0.0","0.13333333333333333","0","6","6","false","ENSG00000259972.3","ENSG00000259972.3","825.1666666666666",,,"0.011564369","0","0","0.00592173243203297","false","0","ENSG00000259972.3","0"
"0.0","0.0","0.0","0.08928571428571429","0","8","8","false","MRPL41","MRPL41","770.625","0.0017983925","0.00259458","0.001002205","0","0","0.0141241035529205","false","0","MRPL41","0"
"0.0","0.0","0.0","0.14285714285714285","0","7","7","false","TTC4P1","TTC4P1","616.2857142857143","0.014383702","0.028466743","3.00661E-4","0","0","0.00676992940017285","false","0","TTC4P1","0"
"0.0","0.0","0.0","0.16666666666666666","0","7","7","false","ADAM20P1","ADAM20P1","780.8571428571429","0.007756944","4.13633E-4","0.015100255","0","0","0.00742482268387535","false","0","ADAM20P1","0"
"0.0","0.0","0.0","0.5","0","4","4","false","ENSG00000260279.4","ENSG00000260279.4","1220.75","0.013545786","0.013600268","0.013491304","0","0","0.00628776143380394","false","0","ENSG00000260279.4","0"
"0.0","0.0","0.0","0.05","0","5","5","false","LINC01963","LINC01963","673.4","0.008484624500000001","0.016668588","3.00661E-4","0","0","0.00356589676113244","false","0","LINC01963","0"
"0.0","0.0","0.0","0.05","0","5","5","false","SFXN4","SFXN4","833.6","6.31568E-4","6.61813E-4","6.01323E-4","0","0","0.00290328866816588","false","0","SFXN4","0"
"0.0","0.0","0.0","0.0","0","3","3","false","ENSG00000260917.1","ENSG00000260917.1","1013.3333333333334","1.002205E-4","0.0","2.00441E-4","0","0","1.92576187954359E-4","false","0","ENSG00000260917.1","0"
"0.0","0.0","0.0","0.25","0","5","5","false","ENSG00000261211.2","ENSG00000261211.2","876.6","0.001562391","2.4818E-4","0.002876602","0","0","0.00415055636458196","false","0","ENSG00000261211.2","0"
"0.0","0.0","0.0","0.16666666666666666","0","3","3","false","COA3","COA3","989.6666666666666","0.0012821669999999999","0.002263673","3.00661E-4","0","0","0.0044354558660537","false","0","COA3","0"
"0.0","0.0","0.0","0.2","0","5","5","false","ENSG00000261613.2","ENSG00000261613.2","1082.0","0.0064172414999999995","0.008873698","0.003960785","0","0","0.00659225543348271","false","0","ENSG00000261613.2","0"
"0.0","0.0","0.0","0.21428571428571427","0","7","7","false","ENSG00000227775.3","ENSG00000227775.3","1071.142857142857","0.016432923000000002","0.016668588","0.016197258","0","0","0.012350959747676","false","0","ENSG00000227775.3","0"
"0.0","0.0","0.0","0.2","0","5","5","false","OLIG1","OLIG1","1086.6","0.0019200155","0.003038267","8.01764E-4","0","0","0.0115330236936975","false","0","OLIG1","0"
"0.0","0.0","0.0","0.3333333333333333","0","4","4","false","ENSG00000262691.1","ENSG00000262691.1","1208.0","0.007035195500000001","5.79087E-4","0.013491304","0","0","0.00699527628978229","false","0","ENSG00000262691.1","0"
"0.0","0.0","0.0","0.16666666666666666","0","4","4","false","NDUFA6","NDUFA6","1413.25","0.0025296084999999998","5.79087E-4","0.00448013","0","0","0.00869225389652052","false","0","NDUFA6","0"
"0.0","0.0","0.0","0.5","0","2","2","false","KRBA2","KRBA2","1336.5","2.6567400000000003E-4","3.30907E-4","2.00441E-4","0","0","0.00111905448605566","false","0","KRBA2","0"
"0.0","0.0","0.0","0.2","0","5","5","false","ZNF407-AS1","ZNF407-AS1","1055.4","0.0078774885","0.002263673","0.013491304","0","0","0.00820435351111746","false","0","ZNF407-AS1","0"
"0.0","0.0","0.0","0.16666666666666666","0","4","4","false","PHBP9","PHBP9","1050.25","0.0021814345","4.13633E-4","0.003949236","0","0","0.00342641326952321","false","0","PHBP9","0"
"0.0","0.0","0.0","0.2","0","5","5","false","CYP4F35P","CYP4F35P","884.2","0.004951469","2.4818E-4","0.009654758","0","0","0.00534697012729653","false","0","CYP4F35P","0"
"0.0","0.0","0.0","0.16666666666666666","0","3","3","false","ENSG00000265298.1","ENSG00000265298.1","1141.3333333333333","0.0037750635","0.0","0.007550127","0","0","0.00156244276448554","false","0","ENSG00000265298.1","0"
"0.0","0.0","0.0","0.2","0","6","6","false","ENSG00000267127.7","ENSG00000267127.7","742.8333333333334","0.0090952575","0.00259458","0.015595935","0","0","0.00773406523369153","false","0","ENSG00000267127.7","0"
"0.0","0.0","0.0","0.08333333333333333","0","4","4","false","HSD17B1-AS1","HSD17B1-AS1","905.75","0.0025356095","9.09993E-4","0.004161226","0","0","0.00245732878664798","false","0","HSD17B1-AS1","0"
"0.0","0.0","0.0","0.15","0","5","5","false","KANTR","KANTR","1007.2","0.009075018","6.61813E-4","0.017488223","0","0","0.00681661845419541","false","0","KANTR","0"
"0.0","0.0","0.0","0.2619047619047619","0","7","7","false","ENSG00000268119.7","ENSG00000268119.7","1045.0","0.013373675335539379","8.27266710787558E-5","0.026664624","0","0","0.011319556493031","false","0","ENSG00000268119.7","0"
"0.0","0.0","0.0","0.0","0","3","3","false","TRIM69","TRIM69","1196.6666666666667","4.899845E-4","5.79087E-4","4.00882E-4","0","0","9.81743057350348E-4","false","0","TRIM69","0"
"0.0","0.0","0.0","0.0","0","3","3","false","TMEM185A","TMEM185A","921.0","3.3965350000000004E-4","5.79087E-4","1.0022E-4","0","0","2.40720234942949E-4","false","0","TMEM185A","0"
"0.0","0.0","0.0","0.09523809523809523","0","7","7","false","ZNF37BP","ZNF37BP","766.8571428571429","0.002738427","0.004975752","5.01102E-4","0","0","0.00668010122171283","false","0","ZNF37BP","0"
"0.0","0.0","0.0","0.05","0","5","5","false","ENSG00000269937.1","ENSG00000269937.1","970.4","0.0018286374999999999","0.003256393","4.00882E-4","0","0","0.00444515306554765","false","0","ENSG00000269937.1","0"
"0.0","0.0","0.0","0.3","0","5","5","false","TAL2","TAL2","1194.2","0.00411512","9.09993E-4","0.007320247","0","0","0.00926128378222281","false","0","TAL2","0"
"0.0","0.0","0.0","0.06666666666666667","0","6","6","false","KCNQ1OT1","KCNQ1OT1","684.8333333333334","0.002681936","0.0","0.005363872","0","0","0.00358647512823621","false","0","KCNQ1OT1","0"
"0.0","0.0","0.0","0.19642857142857142","0","8","8","false","PFN1P2","PFN1P2","872.75","0.009489644","1.65453E-4","0.018813835","0","0","0.0105770175203175","false","0","PFN1P2","0"
"0.0","0.0","0.0","0.1","0","5","5","false","KBTBD13","KBTBD13","811.2","0.0025531035","7.4454E-4","0.004361667","0","0","0.0034986293400061","false","0","KBTBD13","0"
"0.0","0.0","0.0","0.3333333333333333","0","3","3","false","RBMS3-AS3","RBMS3-AS3","931.6666666666666","0.0026230788355393777","8.27266710787558E-5","0.005163431","0","0","0.00325368795218962","false","0","RBMS3-AS3","0"
"0.0","0.0","0.0","0.4166666666666667","0","4","4","false","FNBP1","FNBP1","1443.75","0.0092577595","0.013352088","0.005163431","0","0","0.00632673567856245","false","0","FNBP1","0"
"0.0","0.0","0.0","0.0","0","5","5","false","CMC1","CMC1","943.4","5.400945E-4","5.79087E-4","5.01102E-4","0","0","0.00114503731589467","false","0","CMC1","0"
"0.0","0.0","0.0","0.1","0","5","5","false","ENSG00000271254.7","ENSG00000271254.7","771.2",,,"0.004361667","0","0","0.00302437628212037","false","0","ENSG00000271254.7","0"
"0.0","0.0","0.0","0.0","0","2","2","false","MAGEH1","MAGEH1","1292.0",,,"2.00441E-4","0","0","2.16648211448654E-4","false","0","MAGEH1","0"
"0.0","0.0","0.0","0.3333333333333333","0","3","3","false","ENSG00000272356.1","ENSG00000272356.1","969.6666666666666","0.0034202595","0.006640078","2.00441E-4","0","0","0.00315317870533891","false","0","ENSG00000272356.1","0"
"0.0","0.0","0.0","0.13333333333333333","0","6","6","false","ENSG00000272140.2","ENSG00000272140.2","637.6666666666666","2.744205E-4","2.4818E-4","3.00661E-4","0","0","0.00416618608232919","false","0","ENSG00000272140.2","0"
"0.0","0.0","0.0","0.0","0","2","2","false","ENSG00000272848.2","ENSG00000272848.2","1256.0",,,"7.01543E-4","0","0","9.52461127940308E-4","false","0","ENSG00000272848.2","0"
"0.0","0.0","0.0","0.16666666666666666","0","3","3","false","ENSG00000272668.2","ENSG00000272668.2","1120.3333333333333","4.5736750000000004E-4","4.13633E-4","5.01102E-4","0","0","0.00231289664568221","false","0","ENSG00000272668.2","0"
"0.0","0.0","0.0","0.16666666666666666","0","7","7","false","AMY2B","AMY2B","1080.7142857142858","0.0090434685","0.008131518","0.009955419","0","0","0.00890713446939482","false","0","AMY2B","0"
"0.0","0.0","0.0","0.2","0","5","5","false","ENSG00000273007.2","ENSG00000273007.2","992.4","0.0074812995","0.014762158","2.00441E-4","0","0","0.0061100874671138","false","0","ENSG00000273007.2","0"
"0.0","0.0","0.0","0.16666666666666666","0","3","3","false","GHRLOS","GHRLOS","956.0","0.001232057","0.002263673","2.00441E-4","0","0","0.00241340589253292","false","0","GHRLOS","0"
"0.0","0.0","0.0","0.1","0","6","6","false","SFTPD-AS1","SFTPD-AS1","663.6666666666666","6.641845E-4","8.27267E-4","5.01102E-4","0","0","0.00461511222297374","false","0","SFTPD-AS1","0"
"0.0","0.0","0.0","0.16666666666666666","0","3","3","false","CIBAR1","CIBAR1","1214.0","0.0013322775","0.002263673","4.00882E-4","0","0","0.00465210407750235","false","0","CIBAR1","0"
"0.0","0.0","0.0","0.13333333333333333","0","6","6","false","LY6G5B","LY6G5B","1067.8333333333333","0.0028736355","0.004644846","0.001102425","0","0","0.00689378317403484","false","0","LY6G5B","0"
"0.0","0.0","0.0","0.06666666666666667","0","6","6","false","ENSG00000274265.5","ENSG00000274265.5","582.5","0.0051681245","0.010035588","3.00661E-4","0","0","0.00430566957393842","false","0","ENSG00000274265.5","0"
"0.0","0.0","0.0","0.039473684210526314","0","21","21","false","C1QTNF9","C1QTNF9","328.4","6.88054E-4","0.001075447","3.00661E-4","0","1","0.0256132336573758","false","0","C1QTNF9","0"
"0.0","0.0","0.0","0.036290322580645164","0","32","32","false","UHRF1","UHRF1","339.21875","0.002588091","4.13633E-4","0.004762549","0","0","0.0592054739362596","false","0","UHRF1","0"
"0.0","0.0","0.0","0.17857142857142858","0","8","8","false","ENSG00000241860.7","ENSG00000241860.7","894.875","0.013707585000000001","0.021650417","0.005764753","0","0","0.0119538714096297","false","0","ENSG00000241860.7","0"
"0.0","0.0","0.0","0.0","0","1","1","false","ENSG00000274776.1","ENSG00000274776.1","2283.0",,,"2.00441E-4","0","0","1.92576187954359E-4","false","0","ENSG00000274776.1","0"
"0.0","0.0","0.0","0.0","0","4","4","false","GIMAP5","GIMAP5","877.75","3.07037E-4","4.13633E-4","2.00441E-4","0","0","8.56173033963128E-4","false","0","GIMAP5","0"
"0.0","0.0","0.0","0.3","0","5","5","false","ENSG00000276805.2","ENSG00000276805.2","997.8","0.004868742335539377","8.27266710787558E-5","0.009654758","0","0","0.00564849786784866","false","0","ENSG00000276805.2","0"
"0.0","0.0","0.0","0.125","0","8","8","false","STAG3L5P","STAG3L5P","830.875","0.017134598","0.004810299","0.029458897","0","0","0.0114873331610081","false","0","STAG3L5P","0"
"0.0","0.0","0.0","0.15","0","5","5","false","NAA80","NAA80","1045.8","0.005169403335539378","8.27266710787558E-5","0.01025608","0","0","0.00632673567856245","false","0","NAA80","0"
"0.0","0.0","0.0","0.0","0","2","2","false","NLGN3","NLGN3","1632.5","4.899845E-4","5.79087E-4","4.00882E-4","0","0","7.89166869395988E-4","false","0","NLGN3","0"
"0.0","0.0","0.0","0.09523809523809523","0","7","7","false","LIFR-AS1","LIFR-AS1","908.7142857142857","0.0027774139999999998","9.9272E-4","0.004562108","0","0","0.00728315670281709","false","0","LIFR-AS1","0"
"0.0","0.0","0.0","0.08333333333333333","0","4","4","false","ANXA6","ANXA6","1206.5","0.0026230788355393777","8.27266710787558E-5","0.005163431","0","0","0.00615004558076906","false","0","ANXA6","0"
"0.0","0.0","0.0","0.0","0","3","3","false","PKD1P1","PKD1P1","989.0","1.415838355393779E-4","8.27266710787558E-5","2.00441E-4","0","0","3.37008328920129E-4","false","0","PKD1P1","0"
"0.0","0.0","0.0","0.125","0","8","8","false","PICART1","PICART1","804.0","0.011367196000000001","0.004644846","0.018089546","0","0","0.010739845538938","false","0","PICART1","0"
"0.0","0.0","0.0","0.10714285714285714","0","8","8","false","MRPL21","MRPL21","822.875","0.0036736234999999997","9.9272E-4","0.006354527","0","0","0.0142705180841162","false","0","MRPL21","0"
"0.0","0.0","0.0","0.16666666666666666","0","3","3","false","ENSG00000278934.1","ENSG00000278934.1","897.6666666666666","4.8123700000000003E-4","6.61813E-4","3.00661E-4","0","0","0.00102276639207848","false","0","ENSG00000278934.1","0"
"0.0","0.0","0.0","0.06666666666666667","0","6","6","false","MIR210HG","MIR210HG","632.6666666666666","8.646255E-4","8.27267E-4","9.01984E-4","0","0","0.00391629604515617","false","0","MIR210HG","0"
"0.0","0.0","0.0","0.1","0","5","5","false","ENSG00000279145.2","ENSG00000279145.2","933.6","0.0023247935","0.004148485","5.01102E-4","0","0","0.00407635790386917","false","0","ENSG00000279145.2","0"
"0.0","0.0","0.0","0.5","0","3","3","false","ENSG00000279762.3","ENSG00000279762.3","1495.6666666666667",,,"0.014799593","0","0","0.00338249037540815","false","0","ENSG00000279762.3","0"
"0.0","0.0","0.0","0.21428571428571427","0","7","7","false","MTATP6P1","MTATP6P1","923.5714285714286","0.0109097935","0.021819587","0.0","0","0","0.00885253050688907","false","0","MTATP6P1","0"
"0.0","0.0","0.0","0.0","0","3","3","false","ENSG00000279456.1","ENSG00000279456.1","960.3333333333334","6.05327E-4","9.09993E-4","3.00661E-4","0","0","3.37008328920129E-4","false","0","ENSG00000279456.1","0"
"0.0","0.0","0.0","0.14285714285714285","0","8","8","false","ENSG00000279789.1","ENSG00000279789.1","763.875","0.011431814","0.012607548","0.01025608","0","0","0.00803559297424366","false","0","ENSG00000279789.1","0"
"0.0","0.0","0.0","0.03333333333333333","0","6","6","false","CCDC163","CCDC163","617.0","5.24972E-4","2.4818E-4","8.01764E-4","0","0","0.00402748636039757","false","0","CCDC163","0"
"0.0","0.0","0.0","0.5","0","3","3","false","TMEM272","TMEM272","1525.0",,,"0.013491304","0","0","0.00374357072782258","false","0","TMEM272","0"
"0.0","0.0","0.0","0.16666666666666666","0","3","3","false","TEX52","TEX52","1104.6666666666667","0.0021219763355393778","8.27266710787558E-5","0.004161226","0","0","0.00131163067401002","false","0","TEX52","0"
"0.0","0.0","0.0","0.05","0","5","5","false","MTOR","MTOR","1204.4","0.00227031","6.61813E-4","0.003878807","0","0","0.00437293699506476","false","0","MTOR","0"
"0.0","0.0","0.0","0.0","0","5","5","false","ENSG00000283662.1","ENSG00000283662.1","720.8","3.15784E-4","3.30907E-4","3.00661E-4","0","0","8.85454963373168E-4","false","0","ENSG00000283662.1","0"
"0.0","0.0","0.0","0.0","0","4","4","false","SPOUT1","SPOUT1","997.25","4.66115E-4","3.30907E-4","6.01323E-4","0","0","9.81743057350348E-4","false","0","SPOUT1","0"
"0.0","0.0","0.0","0.08333333333333333","0","4","4","false","RNF5","RNF5","936.0","6.40315E-4","5.79087E-4","7.01543E-4","0","0","0.00290328866816588","false","0","RNF5","0"
"0.0","0.0","0.0","0.2","0","5","5","false","DENND11","DENND11","1213.2","0.014697205999999999","0.002429127","0.026965285","0","0","0.00764127079610487","false","0","DENND11","0"
"0.0","0.0","0.0","0.06944444444444445","0","9","9","false","PRSS50","PRSS50","592.0","0.0022047029999999997","2.4818E-4","0.004161226","0","0","0.00986730552245371","false","0","PRSS50","0"
"0.0","0.0","0.0","0.13333333333333333","0","6","6","false","ENSG00000284672.1","ENSG00000284672.1","818.5","0.006678048","1.65453E-4","0.013190643","0","0","0.0047126552106978","false","0","ENSG00000284672.1","0"
"0.0","0.0","0.0","0.5833333333333334","0","4","4","false","DHX16","DHX16","1438.5","0.007918646500000001","0.012359368","0.003477925","0","0","0.00813610222109437","false","0","DHX16","0"
"0.0","0.0","0.0","0.16666666666666666","0","4","4","false","ENSG00000285796.1","ENSG00000285796.1","1093.5","0.00488547","0.009370058","4.00882E-4","0","0","0.0028799441411546","false","0","ENSG00000285796.1","0"
"0.0","0.0","0.0","0.16666666666666666","0","4","4","false","ENSG00000285413.1","ENSG00000285413.1","1055.25","0.002021755835539378","8.27266710787558E-5","0.003960785","0","0","0.00236948299841786","false","0","ENSG00000285413.1","0"
"0.0","0.0","0.0","0.15","0","5","5","false","MRPS18B","MRPS18B","1269.8","0.0023291674999999998","5.79087E-4","0.004079248","0","0","0.00585248262067673","false","0","MRPS18B","0"
"0.0","0.0","0.0","0.11904761904761904","0","7","7","false","ENSG00000260249.3","ENSG00000260249.3","953.8571428571429","0.0048933945","0.005306659","0.00448013","0","0","0.00924763645470547","false","0","ENSG00000260249.3","0"
"0.0","0.0","0.0","0.08333333333333333","0","4","4","false","ENSG00000285886.1","ENSG00000285886.1","775.0","3.332775E-4","1.65453E-4","5.01102E-4","0","0","0.00263005410398158","false","0","ENSG00000285886.1","0"
"0.0","0.0","0.0","0.08333333333333333","0","4","4","false","C6orf136","C6orf136","987.75","0.0013823874999999998","0.002263673","5.01102E-4","0","0","0.0050414776062846","false","0","C6orf136","0"
"0.0","0.0","0.0","0.3333333333333333","0","3","3","false","ENSG00000285799.1","ENSG00000285799.1","1344.6666666666667",,,"0.003960785","0","0","0.00229726692793498","false","0","ENSG00000285799.1","0"
"0.0","0.0","0.0","0.1","0","5","5","false","ENSG00000260597.1","ENSG00000260597.1","1016.4","0.0019137355","0.002925487","9.01984E-4","0","0","0.00508441663150292","false","0","ENSG00000260597.1","0"
