Mixture,B cells naive,B cells memory,Plasma cells,T cells CD8,T cells CD4 naive,T cells CD4 memory resting,T cells CD4 memory activated,T cells follicular helper,T cells regulatory (Tregs),T cells gamma delta,NK cells resting,NK cells activated,Monocytes,Macrophages M0,Macrophages M1,Macrophages M2,Dendritic cells resting,Dendritic cells activated,Mast cells resting,Mast cells activated,Eosinophils,Neutrophils,P-value,Correlation,RMSE
11303010401,0.0289280942376791,0.0316017528992759,0.0243058609838988,0.109959469366978,0.0466167526153809,0.0327960277263291,0,0,0.000666197485771052,0,0.0833945780489632,0,0.252624742444432,0,0,0,0,0.0200831823119616,0,0,0,0.36902334187933,0,0.584205379028868,0.813262242049048
11226050401,0.029526477551979,0.0141092149771905,0.00741057658407556,0.127427570400339,0.0606998809420591,0.0661033042483738,0,0,0.0222664432622483,0,0.0319906597384799,0.0283269708729363,0.152461848070215,0,0,0,0,0.00218624469441136,0.0377092349006987,0,0,0.419781573756994,0,0.572765636828936,0.823694146819568
11240010401,0.0402379458317349,0,0.00543672197551301,0.0797942266897194,0.0805828543425028,0.0751753016937348,0,0,0,0,0.126323942415365,0,0.20385684460496,0,0,0,0,0.0046873022036689,0.0268893193426176,0,0,0.357015540900183,0,0.646118748730135,0.764257215506993
11181020401,0.0124706457781464,0.0176372609853834,0.0113153847279467,0.094034498580478,0.0608418402720872,0,0,0,0.0312841854060934,0,0.0909570086581862,0.034397227661269,0.135216890007289,0.0107689954182537,0,0,0,0,0.0560263343287747,0,0,0.445049728176092,0,0.545987692528957,0.847403410954443
11204050401,0.0582161038021276,0,0.00768896540711588,0.0234060605608291,0.0680057141997584,0.0343898550498407,0.0200891137991137,0,0.0111934726185198,0,0.0687574202580192,0,0.102407269195846,0.00613699833075377,0.00046586144672614,0,0,0,0,0,0,0.599243165331349,0,0.632901462907343,0.796154965461073
11268010401,0,0.0186322108205135,0.00386941794862728,0.0629537770552219,0.0184217938578621,0.105448922420159,0,0,0,0,0.0729793615142793,0.00670852740854502,0.172635586939301,0,0,0,0,0.000467732248990345,0.0351450041752712,0,0,0.502737665611229,0,0.585672083179241,0.825000381844644
11235050401,0.0463945356621327,0.00986430460803307,0.0201880938739646,0.082876297683622,0.088902621016818,0.0939447956603679,0.00334010690068086,0,0.00173694317945421,0,0.0983158344298823,0,0.138895317482491,0.00458039570045198,0,0,0,0,0,0,0,0.410960753802101,0,0.590311537950667,0.809328746287712
11313050401,0.0325884041990159,0.00835679897492231,0.00810632550637367,0.0183292709111319,0.0547070595265379,0.020772042588374,0,0,0.0203371987741248,0,0.0605416337703172,0,0.184074352978859,0.0639706178183567,0,0,0,0,0.00318117120445003,0,0,0.525035123747537,0,0.667107470939092,0.753107640755181
11176060401,0.0295934414754649,0,0.00827606345268914,0.0231223329394355,0.0483550359777944,0.0667057731165659,0,0,0,0,0.0645460582721748,0,0.206521878542503,0.0170893319468668,0,0,0,0.000563104836239816,0.0298172334381324,0,0,0.505409746002133,0,0.604775337623548,0.810179558398162
11239010401,0.0550825920730967,0,0.00684545046519731,0.0975955905184951,0.057361579778841,0.0136208178481982,0,0,0.0163691743748237,0,0.0355573958570434,0.0411914693854187,0.15951076240255,0.0269029033184739,0,0,0,0,0.0545912495511704,0,0,0.435371014426692,0,0.569016056252135,0.828161845246596
11364050401,0.0665723697359651,0,0.00228525600936265,0.0604784901961233,0.0685947353647194,0.0476023154381444,0,0,0.00775050589965489,0,0.0356392656927488,0.00580163533479582,0.116102534500769,0,0,0,0,3.32156872876688e-05,0.0235123518376659,0,0,0.565627324302763,0,0.614566044368435,0.807311144999673
11060040401,0.076350807796784,0,0.00804904057298059,0.0590863803234315,0.0587408372340131,0.0160837711578503,0,0,0.0332442696201709,0,0.0248109967366712,0.0281526646371159,0.173835844990209,0,0,0,0,0.00140424295335729,0.0464474091883476,0,0,0.473793734789069,0,0.633805056812962,0.777383981030007
11263020401,0.0593608144368967,0,0.0079499692284683,0.148824639756832,0.0261382627562113,0.0758378008676827,0,0,0.0080932183624545,0,0.0307696104584542,0.0285251122029603,0.132998949039827,0,0,0,0,0.000204885395469948,0.0330285564996228,0,0,0.44826818099512,0,0.608895186545132,0.796675032162108
11167050401,0.0872605041338844,0,0.0107500971482359,0.0732555319988571,0.112063750846487,0.00410296421497237,0,0,0.0386835382233247,0,0.0563795680612798,0.0246966916201542,0.170487381059926,0.00485724460419404,0,0,0,0,0.0388731175153798,0,0,0.378589610573304,0,0.551124140657831,0.836888497554221
11158040401,0.0437506904294641,0.0112364337750446,0,0.103636386074723,0.028221129322649,0.0410421296725192,0,0,0.0282535254653027,0,0.0703975981835436,0.0195883433028928,0.136322781852709,0.000689907507832127,0,0,0,0,0.0290223637715065,0,0,0.487838710641814,0,0.572073513946208,0.832760696608371
11262070401,0.0593030230718273,0,0.00965995213837001,0.0410213933898281,0.0633884550809706,0.0193552345482378,0,0,0.0539841287190384,0,0.0822722653820502,0,0.331074545311038,0.0409239978607105,0.00259046399711111,0,0,0,0,0,0,0.296426540500818,0,0.508203314343107,0.866111979876228
11285060401,0.0269413556064371,0,0.0128713592217882,0.0288406356975805,0.0397209431086623,0.0381010938264954,0,0,0.0282251966869479,0,0.0504610533212748,0.0194793484288253,0.205762559087828,0.0443445790548798,0.000186084519248412,0,0,0,0.0218928833993253,0,0,0.483172908040707,0,0.555912016534255,0.849682108813583
11024050401,0.0145775789612417,0.0160260967147927,0.0115869897366285,0.0712746552388678,0.0812394098043536,0.0260271002752084,0,0,0.0122843377493041,0,0.0849568583139736,0.00244008284958611,0.234130504339731,0.0232596290995288,0,0,0,0.00262940745877523,0.0149566130956592,0,0,0.404610736362349,0,0.544796949251072,0.846847249833873
11418010401,0.0898397240203218,0,0.0237769030486194,0.108775490629023,0.0555205006120565,0.118356334215533,0,0,0,0,0.123596400739991,0,0.1393643074786,0,0,0,0,0,0.00900275452911467,0,0,0.33176758472674,0,0.617001486484079,0.788264856968172
11055040401,0.0188867619287328,0.0117367120289702,0.00170690201985818,0.0935554715787081,0.0125305010116476,0.0952713770161739,0,0,0,0,0.0804543326068037,0.00305329146651272,0.113352817148729,0.00767672118245424,0,0,0,0.000912626483466765,0.0278269501780149,0,0,0.533035535349928,0,0.617454578934112,0.798899463180649
11046070401,0.0272685871735818,0.000592985535481208,0.00608139138088582,0.0420352155556384,0.0364768646795143,0.0231063020350925,0,0,0.0325346703072815,0,0.095367126466095,0.00394776719502441,0.200923721800357,0.075891719641752,0,0,0,0,0.018300156970087,0,0,0.437473491259209,0,0.530167983968883,0.862771791853623
11274040401,0.0342321194027478,0,0.00508901957689615,0.0765882181250036,0.0240040422588207,0.0356332116471783,0,0,0.0047988935686556,0,0.128367895710514,0,0.180140557427446,0,0,0,0,0.00645930056867028,0.0273882314723522,0,0,0.477298510241716,0,0.616748227436862,0.794706261620261
11286050401,0.0589419177290861,0.010629113275731,0.00934610730158566,0.0931764669874228,0.0577066778963712,0.0129469071053497,0,0,0.023486188194112,0,0.0541818334244791,0.0153271774754646,0.150132833514724,0.016981070666192,0,0,0,0,0.0390900388653244,0,0,0.458053667564157,0,0.59232284737862,0.811237014411303
11284010401,0.0133950587874232,0.023178747009721,0.000166536605671683,0.0882858519188716,0.0537844408187753,0.0741995793980734,0,0,0.00956066347791481,0,0.0475845654992743,0.0152431129514849,0.180012778672629,0,0,0,0.00465481444019771,0.00457491220010451,0.0345140783643822,0,0,0.450844859855477,0,0.657433816498896,0.754765520004085
11430010401,0.0485609084682006,0,0.00482181132601916,0.0771391116760201,0.0462466901050339,0.0688127787419328,0,0,0,0,0.097851036065733,0.00149420939273328,0.166082021082107,0,0,0,0.00149486190743402,0.00654345900805472,0.0315660730840608,0,0,0.44938703914267,0,0.591785414440628,0.811618179220845
11222010401,0.0118216531871702,0.0151445428781412,0.00686549847017688,0.279183509704152,0,0,0,0,0.0720252573144698,0,0.189645247841851,0.0220892983483558,0.231772066503321,0.00400705799699161,0,0,0,0,0.0330165513020019,0,0,0.134429316453369,0,0.573212836780336,0.819428289745531
11017060401,0.065569427338876,0,0.00661919772069358,0.100803256414996,0.0353356036924966,0.0127554299092443,0,0,0.0428596491706326,0,0.035848119611717,0.0264519835375802,0.185989185340638,0.010328305981312,0,0,0,0.000453613223577227,0.0409526671582987,0,0,0.436033560899938,0,0.646151284078046,0.7644756689249
11312040401,0.0295592531868092,0,0.00511693337202299,0.0542587764993359,0.0594324948810168,0.0317346164793022,0,0,0.0178464917075915,0,0.0807273238484606,0.000182017257229636,0.0928277974306752,0.0467296487791906,0,0,0,0.00743594866632169,0.0186141075755637,0,0,0.55553459031648,0,0.625498715338845,0.794311683216572
11307040401,0.0267370233045526,0,0.00444418028098052,0.023284967151732,0.0705112749519087,0.0166065917006176,0,0,0.00599845673709365,0,0.0888940228219731,0,0.145466194396532,0.0556940858016857,0.0011490586217009,0,0,0,0,0,0,0.561214144231223,0,0.641958801986049,0.783362621186946
11174050401,0.0229478730620678,0,0.00865059381128059,0.0679339410363722,0.0635217421480703,0,0,0,0,0,0.068428427815023,0.00157767397912329,0.222193461121995,0.0416928987700468,0,0,0,0,0.024636865944253,0,0,0.478416522311768,0,0.607387696505335,0.80486757977925
11207050401,0.0357859316422401,0,0.0173501583797965,0.038215202088284,0.0526826220445805,0.0131792834889223,0,0,0.0198756531015816,0,0.060510299318635,0,0.167952401719008,0.0463160093351331,0,0,0,0,0,0,0,0.548132438881819,0,0.587192737761386,0.834335517462346
11155020401,0.059636061430231,0,0.0334382991836834,0.0951975670064053,0,0.0643749301886938,0,0,0.0223036019002656,0,0.126085044957053,0.00928556337457938,0.140754538418042,0.00560304973963254,0,0,0,0,0.0414090849929558,0,0,0.401912258808457,0,0.566339470709989,0.827286609652536
11430040401,0.0251584011330392,0,0.00319895295462085,0.0713949196414941,0,0.121646702901908,0,0,0,0,0.14122807444822,0,0.112016417014116,0,0,0,0,0.00042878264344002,0.0309530965842845,0,0,0.493974652678877,0,0.609792609064721,0.801010593113348
11409010401,0.0492693455108967,0,0,0.0947298756623083,0.209410591399509,0.0787818896522458,0,0,0,0,0.072012815022196,0.00934264727049113,0.17196805446152,0.0163864870537443,0,0,0,0.00218959913001173,0.0271275265974041,0,0,0.268781168239672,0,0.565070951037772,0.824622991367068
11291050401,0.0176872649400379,0.00197600978733435,0.00386480036533706,0.0323923808470867,0.0595470271893428,0.0526071946724683,0,0,0,0,0.0781840405879975,0,0.174500945372896,0.0429820293296875,0,0,0,4.83261371279861e-05,0.013382420334144,0,0,0.52282756043654,0,0.626362831872941,0.792208244269933
11059010401,0.0930436656586458,0,0.00121432931736373,0.0784577642019881,0.0567310874832969,0.0504336042924152,0,0,0.0272373020128249,0,0.0629579114011564,0.0145731446834328,0.171515218738098,0,0,0,0,0,0.0350072573072184,0,0,0.40882871490356,0,0.586142977240895,0.812644449264938
11270010401,0.0737807815425988,0,0.00913972224028974,0.0651054383629416,0.0388495225613884,0.058343961591054,0,0,0.0269152564464082,0,0.0236160035345812,0.0371841622430845,0.167842290798586,0,0,0,0,0,0.0552079998481739,0,0,0.444014860830894,0,0.618290584203031,0.788336758451294
11008040401,0.0358783863570988,0.023169547405743,0.0376248017912399,0.101507508034929,0.0513036173342954,0.0392698223746118,0,0,0.0926767194599633,0,0.0535020681014383,0.0367252760921291,0.159339020643269,0.0331788195281853,0,0,0,0,0.0255043071224274,0,0,0.31032010575467,0,0.555112261069887,0.831642385085123
11051010401,0.0693767960128331,0,0.0104203738425286,0.114519400135309,0.0125660919314925,0.109124488772857,0,0,0.0244622122370094,0,0.0736989598654969,0.0210578270638602,0.206777630793001,0.00542887016256912,0,0,0,0.00685809191886004,0.0336168684527425,0,0,0.312092388811441,0,0.573749717251866,0.819022596725857
11265020401,0.0597030659376583,0,0.00742290184574499,0.0442996907372982,0.0299015631022877,0.0984176995616711,0,0,0.0243086186011335,0,0.105984925742679,0.0159735698612272,0.165200473170615,0,0,0,0,0.00266921606039145,0.0515861074905874,0,0,0.394532167888706,0,0.629386803571523,0.777701715447687
11266060401,0.0346127292153484,0,0.00714172311814564,0.0927053528133019,0.0993906756364705,0,0,0,0.0087989221205327,0,0.125866666219464,0,0.176645402908392,0.00532078409566658,0,0,0,0.00495857378949176,0.0244783283690267,0,0,0.42008084171416,0,0.566201762304344,0.830260976129655
11186020401,0.00157990138440039,0.0158674235466786,0.0063804224315959,0.0625354255396291,0.0793070887879176,0.050088128791363,0,0,0.0363850236942302,0,0.115874452021666,0.0227602805948528,0.171120879422534,0,0,0,0,0,0.0441683990945539,0,0,0.393932574690579,0,0.592470494282184,0.80720030076726
11276060401,0.0513458646522997,0,0.00522431098997125,0.0870995643413756,0.0120148882962555,0.131379887811211,0,0,0,0,0.0807932578255931,0,0.0625920870436913,0.0253198225733539,0,0,0,0.00116271432108056,0.00588266628920441,0,0,0.537184935855964,0,0.618008176351642,0.797332011979212
11180040401,0.013739413623061,0.000428023928670648,0.0110193624910755,0.0211709564020892,0.0623748042756024,0.00780647562898419,0,0,0.0133276228121698,0,0.0692983248052177,0,0.194601024439803,0.0424570953769635,0,0,0,0.000320031207517538,0.000126824170471333,0,0,0.563330040838374,0,0.677088549820103,0.749984010619695
11323010401,0.0523705264224252,0,0.00808185343133473,0.0977254201349348,0.0647398012246031,0.109503983593024,0,0,0.0222021481300212,0,0.129838535832597,0.00160516300535934,0.175718353102629,0.001035808332212,0,0,0,0.00383690468689367,0.0276393191442245,0,0,0.305702182959742,0,0.610836507946264,0.792947001487734
11254060401,0.0436947678866131,0,0.00743381388893985,0.0113042450574342,0.0501754682751676,0.0318218357150442,0,0,0,0,0.0715071587566788,0,0.00671284515768227,0.071956082224113,0.000618143058178998,0,0,0,0,0,0,0.704775639980148,0,0.622231973658645,0.835222643857534
11254010401,0.0315941237913358,0,0.0118430685856995,0.0556660362392069,0.0604396443162766,0.0882652257541369,0,0,0,0,0.109792846309617,0,0.107914963283223,0,0,0,0,0,0.0135425047924846,0,0,0.520941586928019,0,0.596201630908448,0.81608454351605
11314050401,0.021180652485042,0.00360688424262612,0.0061173453376099,0.0669597295414694,0.0551328971228059,0.0453779413685842,0.00543772570180474,0,0,0,0.0635588034029318,0,0.158957160866342,0.00362737510509188,0,0,0,0.00674985129843982,0.0273678990882934,0,0,0.535925734438959,0,0.646114305119235,0.773390395962108
11446050401,0.110889700933106,0,0.00230738130007653,0.0859267988768831,0.0824522416924885,0.102240776379927,0.00199928665836948,0,0,0,0.0540216002378291,0,0.127156277421442,0,0,0,0,0.0224088445085189,0.00618294236806367,0,0,0.404414149623295,0,0.623107067766721,0.782793360360477
11278010401,0.0119854436830143,0.00907710632613663,0.0116797119102161,0.126095495494425,0.00830043290423764,0.0656639300670608,0,0,0,0,0.135436103401134,0,0.140571234486889,0,0,0,0,0,0.0241614698507114,0,0,0.467029071876174,0,0.571234669817576,0.831923970777067
11166060401,0.0236231867481945,0.00842696371587705,0.00769073769747901,0.0968679358261738,0.0477213806441114,0,0,0,0.0124095312401355,0,0.0841248088492997,0,0.143848197521895,0.0163536296198426,0,0,0,0.00805884926157936,0.0288345333540911,0,0,0.522040245521321,0,0.584449157023572,0.828388526391007
11117010401,0.072046418351606,0,0.00754870769044473,0.0566195429139798,0.0213065111287942,0.159871833416505,0,0,0.0232312261024634,0,0.045388258264884,0.0247368292269259,0.179327350466281,0,0,0,0,0.00823779959521972,0.0361819454541888,0,0,0.365503577388707,0,0.575594541982562,0.81831380791607
11071040401,0.0549173417061432,0,0.0102146925701664,0.0317202947678092,0.0537707183146015,0.017486782978491,0,0,0.000406424275292833,0,0.0496356046569405,0,0.0992869606517066,0.0609633335026704,0,0,0,0,0.013312498266178,0,0,0.60828534831,0,0.626969668283691,0.805933935848844
11417040401,0.0289302143428363,0,0.00748672972428577,0.136973034478053,0.0601910631040746,0,0,0,0.0588398267401412,0,0.188311442914867,0,0.139058665547272,0.0180964149351889,0,0,0,2.83062110571556e-05,0.0281488060111895,0,0,0.333935495991034,0,0.597274075380118,0.802692081349621
11316040401,0.0174205052006895,0.011023187146219,0.0150935611835938,0.0118994845871877,0.028129276571846,0.0304881624267112,0,0,0.00708290531860682,0,0.0968955892215726,0,0.172518659365332,0,0,0,0,0.0089959886432618,0.00373136027908643,0,0,0.596721320055893,0,0.646136601148616,0.788231962135309
11260030401,0.0648647112571943,0,0.00466175509903462,0.0738851388979723,0.0170199519352501,0.119407627786157,0,0,0,0,0.0977025365195943,9.40431672867474e-05,0.110764144287285,0,0,0,0,0,0.0194824002497503,0,0,0.492117690800475,0,0.643688237582035,0.769423596289398
11271030401,0.0169378413113656,0,0.00195903199983516,0.14762226616878,0,0.0648831256622561,0,0,0.00306533021768966,0,0.161750037974759,0.00414898033322605,0.163512936974369,0.0102130353760695,0,0,0,0,0.0375528023997936,0,0,0.388354611581856,0,0.582257979611954,0.816294729649217
11202070401,0.0553317534685863,0,0.00442456372872207,0.0316773626691725,0.0888335255473831,0.074292602664915,0,0,0.00619699559246206,0,0.0512980873813921,0,0.156772167846985,0.00022117589388024,0,0,0,0,0.00923395245569041,0,0,0.521717812750812,0,0.620538158006705,0.795629911954814
11038020401,0.0285270936665496,0,0.00772393760794183,0.0516536835807103,0.0627600563428586,0,0.00473302433895469,0,0.0352881480103003,0,0.181247893162459,0,0.167257745246156,0,0,0,0,0,0.0499082784372322,0,0,0.410900139606838,0,0.588386634102507,0.81200642822527
11282060401,0.116124495105685,0,0.00712345185560233,0.0677794914913245,0.0762097500004887,0.0591839924283137,0,0,0.00188434582676805,0,0.0713575791154173,0,0.169801233486572,0,0,0,0,0.00517116296940822,0.0199169210157197,0,0,0.405447576704701,0,0.55472090396528,0.836669198314133
11290050401,0.0520020706098819,0.0138408659597465,0.0160334205743508,0.019182659353398,0.0564566511891243,0.0248366259981015,0,0,0.0403186624256921,0,0.0197794981652623,0.000746441488699646,0.154538207608241,0.031308950168876,0,0,0,0.00988329430693257,0.0119390825525355,0,0,0.549133569599158,0,0.660964373949308,0.760567392061341
11285040401,0.0319129875965929,0,0.00661198306636195,0.0438257976727699,0.063129215177282,0.0241997940669827,0,0,0.0274141164476185,0,0.0591725088837746,0.0143290545053021,0.203537921853799,0,0,0,0,0,0.0422653351555774,0,0,0.483601285573939,0,0.553234162910026,0.850909720647031
11316070401,0.024662707413914,0.00767859229774477,0.00925104135907289,0.0265473168979473,0.0797330887692024,0.0249606840421182,0,0,0,0,0.0638955785134767,0,0.211587691946973,0,0,0,0,0.0149554161378087,0.0253844348108714,0,0,0.511343447810871,0,0.638407502594562,0.779463389485961
11176010401,0.0151078848518223,0.00636185255726603,0.0123683198259226,0.0466834576975413,0.0447851223314178,0.0740059600069813,0,0,0.00753406736682996,0,0.0891806667640024,0.00386845499850165,0.211610803363227,0,0,0,0,0,0.0388453546156221,0,0,0.449648055620866,0,0.585671645203402,0.818202461575529
11034050401,0.00505645938858408,0.0155499817813477,0.00808297670203243,0.046070638667065,0.029399369117751,0.0963842585371509,0.0128339449157193,0,0,0,0.0880405813819117,0,0.150178531296336,0,0,0,0,0.000719915580127068,0.027514204081551,0,0,0.520169138550424,0,0.628955880442736,0.786942219308819
11286010401,0.0925081529171343,0,0.0118223961567667,0.0793152712506881,0.137369835786459,0.0546953352568594,0.0123154269600699,0,0,0,0.0892275045830342,0,0.165840827275194,0.00696698170472564,0,0,0,0,0.000431992245962649,0,0,0.349506275863106,0,0.571067004675979,0.821297939263714
11432020401,0.0324247117463218,0,0.00429110847023767,0.126203935816332,0,0.027284141381867,0.0151430515142484,0,0.0307193506487664,0,0.181955773703566,0,0.134651616368067,0.0279395868270613,0,0,0,0,0.0427706497422431,0,0,0.37661607378129,0,0.618936073540772,0.786383233657526
11050040401,0.0331865588847261,0,0.00694146497276131,0.0969494689581524,0.0694164542457535,0,0,0,0.0225579396685257,0,0.0347331326208766,0.028340052915219,0.206808665904945,0,0,0,0,0,0.0501647253582772,0,0,0.450901536470763,0,0.502801835028364,0.885379235651068
11042030401,0.0437211360272457,0.00890706090873499,0.00561468042817611,0.0936231185587485,0.0555729528350749,0.111597569166407,0,0,0.0132300782595447,0,0.0329185180666208,0.0319541459239405,0.138069967696221,0.0140612561164974,0,0,0,0.00105039115376009,0.0377347714593266,0,0,0.411944353399701,0,0.604020797288299,0.798107592443995
11312010401,0.0480906827760805,0,0,0.0494629286390245,0.0887407826045916,0.0779548292174805,0,0,0.000958552053845007,0,0.0747785202564582,0,0.103859433447585,0.0284153530445751,0,0,0,0,0.00428373484201883,0,0,0.523455183118341,0,0.642873963433456,0.773222455208895
11291020401,0.0132318848895747,0.00896199317341353,0.00686343524521639,0.136410839886225,0.0781527512157614,0.0293753183004707,0,0,0,0,0.18512702099266,0,0.22682294523427,0.0268547053699898,0,0,0,0,0,0,0,0.288199105692418,0,0.574796081572302,0.818502906756914
11315060401,0.0391748028364945,0,0.00387826548097902,0.0158706647590346,0.0494197649061928,0.00364779201176947,0,0,0,0,0.0448548868525349,0,0.129365505345949,0.0377744415158592,0,0,0,0,0,0,0,0.676013876291186,0,0.658537148002845,0.796742824639169
11248010401,0.0439809997686391,0.00607154578027591,0.0112626953910074,0.0780905937582364,0.0614986945865743,0.0107887518021377,0,0,0.01352441688027,0,0.11539216850699,0,0.199549261912628,0.0100881592480096,0,0,0,0.00768835803846276,0.0296434206870973,0,0,0.412420933639672,0,0.571068156450862,0.825745857295072
11277060401,0.0481979363201174,0,0,0.0077938704169364,0.059203757750343,0.0234124075936731,0,0,0.00488063627317662,0,0.0690457288602396,0,0.0818062756725991,0.0317415262039003,0,0,0,0,0,0,0,0.673917860909015,0,0.663162867362238,0.785104163086018
11054050401,0.0612078751844541,0,0.0202195695567683,0.04482186505737,0.0323863212648825,0.0553413630909049,0,0,0.0224919992662357,0,0.0974484042385722,0,0.173436867109671,0,0,0,0,0.0190380522553865,0.0132723144684794,0,0,0.460335368507275,0,0.560838673042661,0.838518729762088
11157040401,0.059412701805946,0,0.0092757810120454,0.0333854019039538,0,0.113245324065908,0,0,0,0,0.0742143816911219,0,0.178026896099916,0.0180789978917707,0,0,0,0,0.0130406436986491,0,0,0.501319871830689,0,0.586389933327835,0.824524936834699
11203060401,0.0446984589662478,0,0,0.053937681142955,0.0351468816150203,0.0894045344465407,0,0,0.0231267745273263,0,0.0666222139411201,0.00967879208199322,0.171904902125063,0.0375844991193894,0,0,0,0,0.0132792287110612,0,0,0.454616033323283,0,0.576172533706079,0.825782167643024
11017020401,0.0260759228456716,0.00702890619728821,0.00417335481422307,0.0636887810723375,0.0508253877559933,0,0,0,0.0241642532616922,0,0.066452597183232,0.0142329681314082,0.198509421570376,0.0194011427383303,0,0,0,0,0.0422360846708356,0,0,0.483211179758612,0,0.656899943866428,0.758008244396089
11261050401,0.0635473571297263,0,0.0104191230338217,0.0843710388323209,0.0533385786437885,0.0365955345866115,0,0,0.00936104936146434,0,0.0814104880380513,0,0.238292857676239,0,0,0,0,0.00795905002682148,0.0292882003599321,0,0,0.385416722311223,0,0.614199969777313,0.789897067663116
11022020401,0.0477253414405719,0,0.00789762244600638,0.0158277286646457,0.0193264905797728,0.0551729163376905,0,0,0,0,0.0818869688153531,0,0.128334919396486,0.0436375325934344,0,0,0,0,0.0109119899001242,0,0,0.589278489825915,0,0.609618582813608,0.820453845138562
11235040401,0.0798241214431323,0,0.00971723389447023,0.0890484080380805,0.0991591641486973,0.0613934891542219,0,0,0.0039887294039156,0,0.101651673525573,0,0.151648303746301,0,0,0,0,0.000945579976434502,0.0242504798419503,0,0,0.378372816827224,0,0.60056131077338,0.800109424995706
11419040401,0.0948355820047597,0,0.0032316670620317,0.0597575521528366,0.106723440179185,0.0202732525035541,0,0,0.0311094262131065,0,0.0269741728385509,0.0240957387318368,0.0875425345490164,0.022111856482291,0,0,0,0,0.0355394599320196,0,0,0.487805317350812,0,0.635560196279957,0.77526185351946
11403050401,0.00821683539597104,0.0241647674956206,0.00600005880706977,0.043608569569112,0.0586912686781392,0.0362537099349328,0,0,0.00572189443260317,0,0.0812828079825988,0,0.181199682816462,0.0348148263042347,0,0,0,0.000614031136816959,0.0308954066414796,0,0,0.48853614080496,0,0.606970823133313,0.804072460988259
11250040401,0.0307762083061857,0.0213232715988737,0.00678607150281381,0.052252823977432,0.0456842541859326,0.00458445569931318,0,0,0.0371672017114636,0,0.0238970481448861,0.0253873448966729,0.186994090661091,0,0,0,0,0.0078688769929136,0.0495045691127231,0,0,0.507773783209698,0,0.631317150650266,0.784130105914649
11246010401,0.0296296939799037,0,0.00572062208398299,0.0259291726995125,0.0820759397314828,0.0539399492724578,0,0,0.00515878944544164,0,0.0733285622607234,0,0.183918626157822,0.0159067813464984,0,0,0,0,0.0246799095269802,0,0,0.499711953495195,0,0.628749398749687,0.785786755523106
11316050401,0.0233420442943019,0.0183784997596553,0.0133028637993301,0.0141604743665331,0.0532173184913166,0.0130525498479557,0,0,0.006878304902037,0,0.0975199885788996,0,0.177680810833614,0,0.000114123925000882,0,0,0.00496029533519426,0,0,0,0.577392725866162,0,0.647378909124896,0.782507798353125
11266030401,0.02260602984589,0.0169492590944971,0.00215910934539405,0.0708403206456776,0.0948018283366856,0,0,0,0.00455420061941427,0,0.0574470582458466,0,0.171508708398425,0.0262538034111451,0,0,0,0,0.0211179779297852,0,0,0.51176170412724,0,0.60475561314815,0.809637087722982
11204070401,0.0660133651971129,0,0.00783553906771438,0.019661575163407,0.083497601699992,0.0630370078453106,0,0,0.00195173795691183,0,0.0681232468470623,0,0.113448941703339,0.00280520388678027,0.000618224562366723,0,0,0,0,0,0,0.573007556070003,0,0.649492622634937,0.774648240836439
11016010401,0.0613341752208291,0,0.00542699886690778,0.138609611753006,0.110519082408122,0.0708415225440315,0,0,0,0,0.0871069993673109,0,0.158443905935526,0,0,0,0,0.00248264333174991,0.0123215340362536,0,0,0.352913526536262,0,0.570281587595533,0.822309516656676
11357050401,0.0257109756434904,0,0.00823654900077387,0.00887478569234328,0.0654514465097049,0.0359420867305731,0,0,0,0,0.0771436309370869,0,0.130255962649343,0.0562314963868996,0,0,0,0,0,0,0,0.592153066449785,0,0.682127474463679,0.746329372875117
11306050401,0.0161841221959624,0,0.00959048850301856,0.0449310091299383,0.063166419519903,0.0479866040831183,0,0,0,0,0.0852688939688848,0,0.136541802847008,0.0135011756799027,0,0,0,0,0.020349511130844,0,0,0.562479972941419,0,0.606919397877792,0.81598905287343
11314040401,0.0237442040282762,0.00203791282452085,0.00469327783923398,0.129186897684335,0.00528668116918521,0.0391047607997609,0.00731889984533217,0,0,0,0.119606686080044,0,0.170016144613468,0,0,0,0,0,0.03152670895601,0,0,0.467477826159834,0,0.638562282348828,0.773894028479166
11262060401,0.0298843684092373,0.00587850865681376,0.00325211002756552,0.0300539158036692,0.0292194955333675,0.0336081097744754,0,0,0.0597234990854718,0,0.0536361437218292,0.00838935965519955,0.364795312207131,0.0568246330853192,0.00245154687669482,0,0,0,0.000512185011389488,0,0,0.321770812151837,0,0.524497892694646,0.859510740691961
11335050401,0.0658281436985024,0,0.00841643127065099,0.0854366865796733,0.0915237580902344,0.00609319023538147,0,0,0.0149953135826166,0,0.0225729068588519,0.0174467547295565,0.207067386159212,0.0212272833304257,0,0,0,0.000674394975100434,0.0367459995079888,0,0,0.421971750981806,0,0.596240216145277,0.806015713498029
11186010401,0.011177423122958,0.0108308679079904,0.00658857306793595,0.0676226603448037,0.19872000370831,0.00858353500984873,0,0,0.0256881918405387,0,0.077200466477652,0.0300477230382645,0.173756441291231,0.00125211092304323,0,0,0,0.00597831534806815,0.041313199390842,0,0,0.341240488528514,0,0.599178759311638,0.800479951055807
11238050401,0.0587946144335707,0,0,0.0290254045832917,0.0621763586003529,0,0,0,0.00416730001392216,0,0.0440883411361138,0.00105056164079663,0.0433333090322341,0.0637591210329537,0.000154030156297661,0,0,0,0.0186916800043436,0,0,0.674759279366123,0,0.660008921858093,0.785977665539025
11410050401,0.0275850388807244,0,0.00852155032111166,0.109860668590197,0.0237183213063741,0.0579798938532924,0,0,0,0,0.143372331710965,0,0.154950748678319,0.0166003560117209,0,0,0,0,0.0108025979324385,0,0,0.446608492714857,0,0.575775432144617,0.826189097394708
11363070401,0.018758047895077,0,0.00770351341693281,0.0541189564672327,0.0465218720714035,0.0151607072452626,0,0,0.0218433790944885,0,0.0371435466905835,0.0117970218607605,0.167223839745221,0.037529030564521,0,0,0,0,0.0200998693531244,0,0,0.562100215595393,0,0.587600885499005,0.837286494303165
11092050401,0.0031804030714407,0.0375345929523376,0.00449085431409716,0.132038658683237,0.0166193941137389,0.0580492138166036,0,0,0.0283846362693155,0,0.0684212591933257,0.0323349570909613,0.158669760586795,0.0117808652453354,0,0,0,0,0.0469285900763366,0,0,0.401566814586476,0,0.558291972017975,0.833780001203351
11207010401,0.020055218546706,0.0200582543850908,0.0179667949392705,0.063271806083484,0.068988195145425,0.0323682739787893,0,0,0.023188236294159,0,0.0508808460978547,0.00817890647110821,0.171585811529173,0,0,0,0,0.00590972704831393,0.0306963791387638,0,0,0.486851550341862,0,0.589338067706817,0.818037483562008
11251040401,0.0854428729274595,0,0.00486685923502153,0.0735568334176473,0.0955242872767698,0.0169943820239972,0,0,0.0192736743292919,0,0.0424709157334612,0.0192591331547851,0.117969162003727,0.0250767268910459,0,0,0,0,0.0351661646475777,0,0,0.464398988359216,0,0.637256742989576,0.772687997989596
11164010401,0.0638499089639175,0,0.00253076867684942,0.093347708366562,0.0282896319950789,0.034779084926909,0,0,0.00798062550383987,0,0.102694010471299,0.00421375292352396,0.102681591725701,0.0295538763976551,0,0,0,0,0.0258976441882606,0,0,0.504181395860404,0,0.632553472409616,0.780856274181019
11305040401,0.0239742253370479,0,0.0106743574692039,0.0134538030709171,0.0714700282375901,0.0496919344155307,0,0,0,0,0.0821605996866361,0.004026752449645,0.103111969748524,0.0154148031885442,0,0,0,0,0.0232938226050068,0,0,0.602727703791355,0,0.620401669874996,0.809985559957768
11185030401,0.0039106717355041,0.00613064869829903,0.0115848916442553,0.262439358601783,0,0.0157892502041944,0,0.000232592099131364,0.0238950495059885,0,0.236988523080655,0,0.152848899390762,0.00730401922643418,0,0,0,0.00199552434547044,0.025898497873031,0,0,0.250982073594492,0,0.635281072422894,0.774010012347292
11408010401,0.0512021860457935,0.000880828738928171,0.0138570333452592,0.0609236441402263,0.100998311994815,0,0,0,0.0593019643708671,0,0.0521947356637041,0.011430292976428,0.183512277503106,0.00262397154717991,0,0,0,0.00590917933816901,0.0340082735979843,0,0,0.423157300737539,0,0.588603651071656,0.811566554045624
11020050401,0.0639006094288187,0,0.00866469550282742,0.0725917103109256,0.0614089427637491,0.0253840744016568,0.0151808797516581,0,0.00730872289181604,0,0.0689678395279658,0,0.145457404606999,0,0,0,0,0,0.0127849184270271,0,0,0.518350202386556,0,0.602619391847326,0.810853579511682
11009010401,0.0583045468251512,0,0.00473397570086072,0.0296620819741444,0.0435374184021112,0.119044308780998,0,0,0.0409161990679865,0,0.0683468111407884,0.0310083606961266,0.171756289175182,0,0,0,0,0.000256606815101625,0.0525954968715075,0,0,0.379837904550042,0,0.588439559269415,0.809163303174224
11212010401,0.0592871239007218,0,0.00398740732674525,0.0367163463581693,0.0239687917788019,0.0473738872823253,0,0,0.0119916890529648,0,0.0656049309396954,0,0.128763967175557,0.0377178574501096,0,0,0,0,0.019324297641968,0,0,0.565263701092941,0,0.662257086293854,0.761329496785535
11215050401,0.0515066857806949,0,0.00858799682985329,0.0930187230664524,0.0603803994265923,0.000860301160025169,0.0148678157450611,0,0.00953867388759691,0,0.0903367924513654,0,0.140801090072376,0.0191738837034317,0,0,0,0,0.00696322411199984,0,0,0.503964413764551,0,0.566415908146029,0.840772003024838
11287030401,0.00695526513949287,0.00156309809797398,0.0101488123799684,0.0303931579901446,0.00887083707910103,0.0542249668264874,0.0228494852661017,0,0,0,0.159824175494822,0,0.115083472460231,0.0169483110305731,0,0,0,0.00755336580427255,0.0131225415061797,0,0,0.552462510924651,0,0.69236559300774,0.728689468076973
11280020401,0.018326554198693,0.000153092567203109,0.0125349826117269,0.0658930975635499,0.0573136129549276,0.115667074556536,0.0121348035928474,0,0,0,0.0765919095458948,0,0.143519531619792,0,0,0,0,0,0.013205475272863,0,0,0.484659865515966,0,0.600091983654824,0.808000963764537
11280040401,0.00895746249774442,0.0173257910368223,0.00105625610452457,0.0416714410103249,0.0534771685258166,0.0836443400191051,0,0,0,0,0.0736520540379691,0.00450232199240189,0.139830876919234,0.0128669880304144,0,0,0,0,0.0316519069441415,0,0,0.531363392881501,0,0.6111874213115,0.805215601497547
11218010401,0.0687392132776032,0,0.00876278838041559,0.0790799160052812,0.128965867208235,0.0386341738610191,0,0,0.0301555712084037,0,0.0730127567040287,0.0123219736661411,0.212200696142465,0,0,0,0,0.00622293545970183,0.0302470788588954,0,0,0.31165702922781,0,0.60393600123479,0.797437712913829
11051050401,0.0258801936218502,0.00277609934249065,0.00710603544638015,0.0661107752436079,0.0202390202676782,0.00869787663526598,0,0,0.0481209295330691,0,0.0535113289798389,0.0119726595903573,0.152674028578131,0.0234527752004312,0,0,0,0.00577668362884052,0.0326730637875072,0,0,0.541008530144552,0,0.57588521331548,0.840706209768889
11435030401,0.0371595434266166,0.00954030476703706,0.0037563035451398,0.0422022894472402,0.0315975686828744,0.113072612746141,0,0,0,0,0.159025820476021,0,0.167829417677184,0,0,0,0,0,0.0246929831208519,0,0,0.411123156110893,0,0.608888465822532,0.795285151495429
11446070401,0.0691907066160086,0.00388701096162836,0.00257193984809088,0.0762500543428794,0.126018310136325,0.0562581324233344,0,0,0.0442871570656753,0,0.052329470476519,0.00173382473544285,0.237565081878224,0,0,0,0,0.0169924266577352,0,0,0,0.312915884858137,0,0.601794928646656,0.798511084222399
11164030401,0.0312520299480642,0.02506607117932,0.00844721112011768,0.0988006723040637,0.0499134015678511,0.0369126572377619,0,0,0.0350422968174852,0,0.0809878417807724,0.0153240514738354,0.139965736232208,0.0183786245585877,0,0,0,0,0.024225454633737,0,0,0.435683951146195,0,0.600235152827587,0.802881006976676
39651020401,0.0434783622268682,0,0.0130226019883432,0.0269545318671704,0.0604188387949286,0.0615358197241203,0,0,0,0,0.0957494574594433,0,0.105849397485787,0.0479710021307002,0,0,0,0.00369277508404546,0.0141272406786024,0,0,0.527199972559991,0,0.643272486937334,0.773141585279657
11255040401,0.0242115020722515,0.0155118534887957,0.00254892650363741,0.0936442360118684,0.0695360135309026,0,0,0,0.0428421464943574,0,0.0582029631568113,0.00783836597206474,0.185465086670784,0,0,0,0,0,0.0280874664297828,0,0,0.472111439668745,0,0.577982145917049,0.827080243136709
11151030401,0.0451448894116034,0,0.000686646946504063,0.123103747226503,0.0164622024518223,0.114397310968041,0.00549463149027605,0,0,0,0.242960505730574,0,0.115019984445788,0.0124346356531038,0,0,0,0,0.0174749184080589,0,0,0.306820527267725,0,0.60376962004159,0.797975043073428
11434070401,0.0366454055285431,0.0137915928177892,0.015919806376005,0.041848773481367,0.0852440089080521,0.0690324072963847,0.00481429224773821,0,0,0,0.0675179538308078,0,0.180163381232821,0,0,0,0,0,0.019186911860124,0,0,0.465835466420368,0,0.64515407905409,0.766520073114278
11218050401,0.0456188155342885,0.00799862132367394,0.00507819884458738,0.0710744532482845,0.0799260355808979,0.0370533338636951,0,0,0.0614303510861968,0,0.0519274537019652,0,0.17955131305026,0,0,0,0,0.00597815470177869,0.00334266801240213,0,0,0.45102060105197,0,0.620966451688228,0.787341596906974
11307010401,0.0268849445386597,0.00353208734122879,0.00351809707292982,0.0722726315614156,0.0743989202396133,0.036902817426934,0,0,0,0,0.0733254867323278,0,0.193545848952327,0,0,0,0,0.00204390722573458,0.0210261629647257,0,0,0.492549095944103,0,0.654270728055761,0.76140205884758
11003050401,0.01034428740343,0.0137885801382569,0.00796488875727389,0.0571105073432835,0.0391082241840675,0.0274173973898756,0,0,0.0288241310400612,0,0.0563308052668353,0.0107502996273148,0.138170343976607,0.0336205099654267,0,0,0,0.00905420245494749,0.032209417479203,0,0,0.535306404973417,0,0.615146919524433,0.802117253607649
11012010401,0.0208124550203713,0.0238044642037802,0.00772646158903203,0.0227763827883848,0.0300229707211795,0.0418803131996374,0,0,0.0218336241090093,0,0.0608117936403335,0,0.215929281077691,0,0.000112888970246716,0,0,0.00442134471188722,0,0,0,0.549868019968447,0,0.582662151213904,0.842514577240328
11212060401,0.042637229008813,0,0.0110899041649777,0.1101835276216,0.0161621977582215,0,0,0,0.062017823156252,0,0.0555284032777864,0.0153295870393439,0.114827644352129,0.0463383696416932,0,0,0,0,0.0300392338134472,0,0,0.495846080165736,0,0.650756356769945,0.763131902051631
11048010401,0.0376328372396449,0,0.007990925040184,0.0231893291471811,0.0369770850648164,0.0538658277442064,0,0,0.0168949564442381,0,0.0239168061879757,0.0123680643502787,0.157962552494768,0.0479671686983603,0,0,0,0,0.0254779364771246,0,0,0.555756511111222,0,0.623587013890161,0.799970049002986
11442040401,0.0376787515932083,0,0.00365043793788774,0.0484951618281042,0.0423601601627546,0.087487819589866,0,0,0,0,0.137202246602598,0,0.09498160221559,0.0158131074612935,0,0,0,0.00624012363333505,0.0235573135777173,0,0,0.502533275397645,0,0.620719707678469,0.79124289263966
11008030401,0.0457468343619503,0,0.029964034042935,0.140089817086219,0.12014456458359,0,0.00595504146627804,0,0.0348153913197269,0,0.121536946882426,0,0.105490918330691,0.0179837829571717,0,0,0,0,0.0297523207699029,0,0,0.348520348199108,0,0.565818060673284,0.824961932482022
11255030401,0.0272395260572545,0.00858563165780744,0.00799551393081323,0.0752691115621315,0.0705967642293233,0.008337336146069,0,0,0.00384671923616123,0,0.116335873399866,0,0.175256009950862,0,0,0,0,0.00679430223164058,0.028329967187492,0,0,0.471413244410579,0,0.597756538607489,0.809914918779601
11366050401,0.0464533364607407,0,0.00169075464613179,0.047556972432155,0.0327169557290939,0.0640183063702455,0.00276614814935116,0,0,0,0.0985023232532144,0,0.175384051491405,0.0103573954562023,0,0,0,0,0.0117025581830418,0,0,0.508851197828419,0,0.673678100261706,0.743989486304524
11253040401,0.0415130319718236,6.47520174483431e-06,0.00720413132643591,0.056950104090186,0.0398079404860279,0.0650625535833141,0,0,0.018697966637811,0,0.0489317681866686,0.00505519301212668,0.156310008299021,0.0357205676513476,0,0,0,0.00514758463288525,0.0223171836341388,0,0,0.497275491286469,0,0.62512401588966,0.787633350641126
11047040401,0.0332766543345914,0.00628743391890111,0.00676586957851776,0.0876368189894338,0.0245510896929711,0.0476708155379387,0,0,0.0426288271466854,0,0.0300564181258446,0.0211643253673046,0.180903913589141,0.0374409599381228,0,0.000598210455378931,0,0,0.0368468252975496,0,0,0.444171838027619,0,0.606127048622235,0.799196299820796
11166020401,0.0396539980067541,0,0.013910221485666,0.0583815955311888,0.0349548104467322,0.0287218052552027,0,0,0,0,0.116292696877401,0,0.132364343737583,0.0660562674903094,0,0,0,0,0,0,0,0.509664261169163,0,0.62420398366029,0.7909815971729
11272060401,0.105054383619372,0,0.0111350967280366,0.0801557950217208,0.0356271096626038,0.0267645442028621,0,0,0.0518507533477388,0,0.0331076761404739,0.00920416759903924,0.14051272188782,0.0292260943940095,0,0,0,0,0.0345576385400888,0,0,0.442804018856234,0,0.611820351757082,0.793375062078097
11003040401,0.0185168292319209,0.00526533214124104,0.00641994016397246,0.0449520224207616,0,0.0961623206095234,0,0,0.0196646010637333,0,0.117119981061268,0.0052676381141475,0.152593509355986,0.00728215002553983,0,0,0,0.00275037060483118,0.0408315200889025,0,0,0.483173785118172,0,0.622804087702571,0.78840006351165
11446010401,0.138273676084126,0,0.0019652968835276,0.11807070896394,0.0959980465387072,0.0943288482093563,0,0,0.0103879224119905,0,0.061485090441665,0,0.19657113798048,0,0,0,0,0.00275712428425041,0.014329667668108,0,0,0.265832480533849,0,0.597752208119382,0.803114138231319
11020030401,0.0387898573615415,0,0.00411246931080177,0.0889928781288239,0.0120378747643149,0.0586425806382737,0,0,0.0236702566663404,0,0.140735399065294,0,0.149003328215508,0,0,0,0,0.00574242987966763,0.0246732682404995,0,0,0.453599657728935,0,0.59763438952073,0.807863161416738
11176030401,0.0136373523485384,0.00477226876906812,0.00390790526996622,0.0212519266827175,0.0417519591957579,0.0662456189096475,0.00707597690222323,0,0,0,0.115831020083291,0,0.193406947966299,0.00297754814865607,0,0,0,0,0.0390490749477765,0,0,0.490092400776058,0,0.633371468825348,0.780875586844224
11062050401,0.0127372990089436,0.0161106122236947,0.00839645071207272,0.0821024339584474,0.11582490530075,0.000839108463727462,0,0,0.0360519620608241,0,0.0587312472220007,0.0125349211144308,0.158189612690121,0.0540206705529921,0,0,0,0.00546304033105045,0.0330205849324052,0,0,0.40597715142854,0,0.609346982269556,0.793565133824558
11180030401,0,0.0142835236351045,0.00652658231342569,0.0134531204554946,0.0590596311222197,0.0332217084046454,0.00222231066867662,0,0,0,0.0907903885831667,0,0.176737985110083,0.0267651636739859,0,0,0,0.00585306137226519,0.0230938982848729,0,0,0.54799262637606,0,0.684872551772327,0.737159121108695
11364010401,0.07237629906451,0,0.00478021387914827,0.047399267616994,0.0570910980250915,0.061666761651554,0,0,0.00492378599552777,0,0.0234828273965794,0.0144391318697784,0.125911431760178,0,0,0,0,0.00161436087860402,0.0307731336922957,0,0,0.555541688169739,0,0.623940162310224,0.796499714316616
11057060401,0.0276040854247435,0.00920989858376369,0.00950548725534713,0.0261284909478244,0.0764201537449847,0.0441955787734103,0,0,0.00504240699620937,0,0.0841922804851588,0,0.161426683700107,0.022094764693209,0,0,0,0.00716929401922659,0.0131119743516927,0,0,0.513898901024322,0,0.604948892134718,0.809042570034727
11255020401,0.0272958482429973,0.00660056609009154,0.00605167528632667,0.0705063703266118,0.069347325557403,0.0263345600814785,0,0,0,0,0.129279704649541,0,0.172909426722241,0,0,0,0,0.00384118663835248,0.0196482077374354,0,0,0.468185128667522,0,0.600109868506993,0.807854346021623
11001060401,0.0478188152938144,0,0,0.00197709957417209,0.0373576135133898,0.0272600482174333,0,0,0,0,0.0475282201564839,0,0.0588813958014155,0.0412212169071565,0,0,0,0,0,0,0,0.737955590536135,0,0.699392124021393,0.76324414011916
11420010401,0.0997292684845436,0,0.00611871093641705,0.127748381901727,0.0442233974489741,0.0127753491296919,0,0,0.027770097316411,0,0.0406888826498834,0.0325716847746393,0.105787799407457,0.00324840324773431,0,0,0,0.00586519601461367,0.0357478149036477,0,0,0.45772501378426,0,0.590261155637917,0.812318209019177
11049030401,0.0534604783264036,0,0.00628673084756546,0.0351789275315639,0.0341681652012285,0.0745523016003404,0,0,0.00547405681828461,0,0.0452593683333067,0,0.203105424763226,0.0129318324983928,0,0,0,0,0.0247698680616507,0,0,0.504812846018037,0,0.637377885165164,0.779205853791302
11305050401,0.0231878938745246,0,0.0111053983807762,0.016449206717659,0.0636484919389724,0.0618848571692303,0.00339034205754072,0,0,0,0.0534312179577894,0.00531689511184797,0.107663083323911,0.010110458621898,0,0,0,0,0.0268618586713671,0,0,0.616950296174484,0,0.632627326619911,0.801153523347448
11274030401,0.054179607323153,0,0.00362565209604656,0.076922081570964,0.00230355052883924,0.0611399644040006,0,0,0.0112262558474042,0,0.136995924791856,0,0.187386835456104,0,0,0,0,0.00274629776110183,0.0230337985588397,0,0,0.440440031661691,0,0.591044149780584,0.813060109820793
11276040401,0.0589237671505871,0,0.00374828109395686,0.169029783611046,0.0445577360814211,0.107908439191814,0,0,0,0,0.105248114553281,0,0.144617864646016,0.00446562183040238,0,0,0,0.000442490146484847,0.0130237100714332,0,0,0.348034191623557,0,0.584018065438035,0.812419808911459
11434020401,0.0164860732579825,0.0108923419326471,0.00482368852827499,0.059104382202057,0.033445362456563,0.0339472853583888,0,0,0.0337604230476083,0,0.172810273583311,0.00580364813257781,0.172962945374053,0,0,0,0,0,0.0441899289862894,0,0,0.411773647140247,0,0.628784886472302,0.779138366703535
11409070401,0.0632922902805866,0,0.00559528907332527,0.0952187937842201,0.100216578354088,0.0916726986559011,0,0,0,0,0.11063572681112,0,0.184873617647706,0.00473287660150444,0,0,0,0,0.0179477549546019,0,0,0.325814373836946,0,0.575426397160648,0.817893124073276
11024040401,0.00216849240821608,0.0259205207840362,0.00664116289837501,0.0977630602152144,0.0710327320909476,0,0.0201201469367687,0,0,0,0.121829720754645,0,0.165383557457047,0.0138243286515459,0,0,0,0,0.0255700186990865,0,0,0.449746259104117,0,0.574287493366618,0.826628171690111
11276030401,0.0392087285983682,0,0.0130794717253516,0.158243500667726,0.0252907818980978,0.079678908789352,0,0,0,0,0.172961588892971,0,0.131802188831135,0.0103318858163712,0,0,0,0.0104294589776099,0.00306328895669666,0,0,0.355910196846321,0,0.593446462554711,0.806096753895462
11268070401,0.00876230718509242,0.0031628258641962,0.00564205850192095,0.0423772491971691,0.0420050238899453,0.0725767645271814,0,0,0,0,0.0567783041502556,0.0104821729548384,0.154077394376016,0.0165732899123404,0,0,0,0.00565324790026741,0.0365924574754794,0,0,0.545316904065297,0,0.590917542835872,0.827873928789263
11263040401,0.0520760586431994,0.000433703101936705,0.0103404868202111,0.153905661655598,0.0260018992727082,0.0642709441978196,0,0,0.0251035530204831,0,0.0707168620735258,0.00692189187165019,0.154731632805259,0.0030479244380208,0,0,0,0.00618164022680547,0.0261175958637069,0,0,0.400150146009076,0,0.592674067137564,0.807182500222346
11042070401,0.0656168009837281,0,0.00300399493501009,0.100257599668534,0.0274293052425654,0.172166650320956,0,0,0.0162199703729242,0,0.0336010981275077,0.0404210183168181,0.12584135680212,0.00960719870641718,0,0,0,3.17679266424335e-05,0.0436878796130468,0,0,0.36211535898373,0,0.617751674487591,0.787075781064083
11260050401,0.0794198651165365,0,0.0124736818897314,0.0600017554272273,0.065175280890575,0.120731681900362,0,0,0,0,0.104309738218831,0,0.0443775141789306,0,0,0,0,0,0,0,0,0.513510482377806,0,0.635198405570909,0.778108278345624
11161030401,0.0351415522341451,0,0.00689583399646358,0.112612739914537,0,0.098561097609951,0,0,3.76607347864404e-05,0,0.134094720798872,0.00853398994934828,0.174493762066713,0.0171047355336007,0,0,0,0,0.0325092695536262,0,0,0.380014637607956,0,0.626517303697184,0.780153401801133
11269050401,0.0512650449436748,0.00971218955914284,0.0120021834844909,0.102437446896521,0.0588263864845563,0.034463478889242,0,0,0.0400475959510204,0,0.0543025343511256,0.00895843190465617,0.180394484885487,0.0158553249456421,0,0,0,0,0.0117948215343571,0,0,0.419940076170084,0,0.556130028630567,0.837614341327388
11058060401,0.0653491565827295,0,0.0116384345320041,0.077129214347011,0.0550301248714836,0.0666913734702392,0.000150109214186448,0,0.00583398874930509,0,0.0882675222166313,0,0.134905570937149,0.023883166424249,0.000201258265916001,0,0,0,0.0166161863041354,0,0,0.45430389408496,0,0.571165659369763,0.82818077249479
11274020401,0.0484690552797162,0,0.00344245100466416,0.0758354829170617,0.00850493029996334,0.0410255535067117,0,0,0.0176087132367143,0,0.125377312404621,0,0.173695829831307,0,0,0,0,0,0.0291919749016462,0,0,0.476848696617595,0,0.625090061571764,0.786892625090742
11065040401,0,0.0104206607968232,0.00409432956789201,0.0347983024946783,0,0.160729065177793,0.0104911769459595,0,0,0,0.168970112941881,0.00297651724994968,0.130841435255435,0,0,0,0,0,0.0421980909343049,0,0,0.434480308635284,0,0.61495930225256,0.791227381373669
11075050401,0.0420201848088504,0,0.00657625744303026,0.0910825540776328,0.0507443494333247,0.0846951360569853,0,0,0.0188126578828516,0,0.0415456129852585,0.0277916890366404,0.179639810311039,0.00642643011340865,0,0,0,0,0.0416429798344606,0,0,0.409022338016518,0,0.541187650166159,0.847523850219102
11319010401,0.0693320416253854,0,0.0018165717428784,0.0652775929945237,0.0672406208407319,0.13040907790254,0.00141475903544317,0,0,0,0.0841683701504154,0,0.16820515022353,0,0,0,0,0,0.0154177541255642,0,0,0.396718061358987,0,0.656702157609083,0.755049626973421
11155050401,0.0419121510956534,0.0128589644293899,0.0292652171900528,0.0669744855386841,0.0288484414127837,0.0481239238356193,0,0,0,0,0.0348552819968565,0.00497531770246186,0.0816445852270821,0.0640625703883899,0,0,0,0,0.0199023314458141,0,0,0.566576729737212,0,0.606427524760328,0.813625762477154
11225060401,0.0477600199508837,0,0.000944551165463464,0.0269144301933654,0.0561408716510466,0.0207870453303161,0,0,0.00984217681139781,0,0.0908306125574571,0,0.120911508705911,0.0447631837873111,0.000525346334196816,0,0,0,0,0,0,0.580580253512651,0,0.561318466763093,0.864134366488599
11172030401,0.0281077369481522,0.000452619126195275,0,0.0524449088823557,0.0286793407167355,0.0696503866182708,0,0,0.02930750851218,0,0.0213846003598921,0.0325294373013971,0.153537963298845,0,0,0,0,0,0.0442468003199098,0,0,0.539658697916066,0,0.644474671969923,0.775362736806663
11271050401,0.0482991376069185,0,0.0121874744911164,0.0699506162651308,0.0550889028999092,0.109269539595608,0.0111209034002124,0,0,0,0.0945325326394331,0,0.139558383225372,0,0,0,0,0.0124925552206285,0.00460264342174218,0,0,0.442897311233929,0,0.586530907007187,0.814564105209643
11163050401,0.0225821519170089,0.0209508934059912,0.0160639125330468,0.0274544080541681,0.101345583862342,0.069035398436779,0.00587751881969219,0,0,0,0.0775864623222659,0,0.0691140821362895,0.00120952645260603,0,0,0,0,0.0218532160018863,0,0,0.566926846057925,0,0.662576575984042,0.757551483221479
11403040401,0.0103282044656865,0.00276665507120846,0.00767650353670151,0.053440843119677,0.0652982829331488,0.0124480740472276,0,0,0.0104753480105034,0,0.0952538895480974,0.00805018842218155,0.193058353492766,0.0339918431786825,0,0,0,0,0.0357086255645348,0,0,0.471503188609585,0,0.582879558055747,0.823773671711994
11008060401,0.0527321801849827,0,0.0178312224520067,0.116321095847984,0.0304451751128463,0.00810887840344917,0,0,0.0762007299342092,0,0.0550868343154696,0.0345295724836957,0.153088123441056,0.0738040963254591,0,0,0,0,0,0,0,0.381852091498841,0,0.566202785249298,0.826570396336614
11285050401,0.0350356091452769,0,0.00479561931440975,0.0436693423395128,0.0428013279091576,0.0478336313091555,0,0,0.0349724097542808,0,0.0436120086026974,0.019638502465106,0.23745517712884,0.0333069947351054,0,0,0,0,0.024145565054936,0,0,0.432733812241522,0,0.547502970158995,0.84904195881308
11023070401,0.0128185840740359,0.0242424476691156,0.00241381407730457,0.0279768496258799,0.0554096618377357,0.0180514702224179,0.00200627997957577,0,0.00806792585552898,0,0.146952653635924,0,0.230904854152136,0.00478334204404296,0,0,0,0,0.0229193616784245,0,0,0.443452755147878,0,0.605139203720543,0.802867196735051
11330040401,0.00700541247151186,0.0102073107180839,0.00914773782540229,0.0965332900039413,0,0.0612076820671456,0.0207516683643265,0,0,0,0.154209897349462,0,0.073130288728026,0.0377384144606627,0,0,0,0,0.00724148000738832,0,0,0.522826818004049,0,0.589767316492328,0.822852945365266
11137010401,0.0507811052425927,0.0058415357782967,0.000961294114147197,0.129633618051392,0.0528261823173524,0.0868332143016167,0,0,0,0,0.105670471035417,0.0135986651683407,0.145572718045675,0.00530258295556187,0,0,0,0,0.035484947625499,0,0,0.367493665364109,0,0.613187614228146,0.790534937544716
11175030401,0.0113741360171975,0.00837262100964036,0.00434566269875325,0.0278871401370716,0.0299773596149418,0.0604933401412971,0,0,0.03403731700862,0,0.080910924651295,0.0237579319155001,0.189312605449699,0,0,0,0,0,0.043839996568028,0,0,0.485690964787957,0,0.589778091839411,0.819379683412787
11259020401,0.0330282253612647,0.0251959228668837,0.00760814562469195,0.10420685952375,0.0757109709778973,0.0552531061130432,0,0,0,0,0.118503924615497,0,0.153435717678387,0.00223946657772644,0,0,0,0.0095508515278354,0.0305602565218549,0,0,0.384706552611169,0,0.546724259193849,0.840777236684914
11294050401,0.0375917410890256,0,0.00232203713366263,0,0.0289766032076557,0.0211564390522813,0,0,0,0,0.0508416584556741,0,0.0756286367148712,0.046054292550185,0,0,0,0.0137107483722258,0,0,0,0.723717843424419,0,0.687693264787991,0.77431460409729
11256050401,0.0356596997832079,0.0396069235151126,0.000650956164191036,0.0603853288052238,0.0213332384494941,0.0977334085660307,0.000187857891477261,0,0,0,0.0696223838563341,0,0.108927147970486,0,0,0,0,0.00224356461313445,0.0171170632007143,0,0,0.546532427184593,0,0.626555105203167,0.791755945763691
11051040401,0.0373930491146848,0,0.00434066579621543,0.0804484631575425,0.00201340134178393,0.0811396654735148,0.00567486081962542,0,0,0,0.100820996057374,0,0.184682767443901,0,0,0,0,0.00139250335706602,0.0225326339393632,0,0,0.479560993498929,0,0.596001539376831,0.813183128096093
11018050401,0.0176238921157057,0,0.00648337143167956,0.00995982846453285,0.00723085029972118,0.0757507726057201,0,0,0.00865563216981901,0,0.0569060175595162,0.000275219023750533,0.251201181407116,0,0,0,0,0.0117542788566158,0.0304484305046576,0,0,0.523710525561166,0,0.653345696999877,0.769657829679334
11267010401,0.0180667867877845,0.0106799861791535,0.00682920205265769,0.090725803039701,0.0874245562503967,0.0848776437557883,0,0,0.0263900541399472,0,0.0486469647756535,0.0397166559895125,0.124285413606027,0,0,0,0,0,0.0475758626579272,0,0,0.414781070765451,0,0.536840121917439,0.850153864566584
11277010401,0.0293866042543742,0,0.00762663598767959,0.0286424741372463,0.0778347934872774,0.0612760487642951,0,0,0.00867250424125996,0,0.0788906426472045,0,0.135049686413678,0,0,0,0.00550814749132178,0,0.00768893950931189,0,0,0.559423523066351,0,0.660602697440651,0.761967736197255
11046050401,0.0330559172925482,0,0.00883889115674772,0.026307345254049,0.0506236144224455,0.0469600785741844,0,0,0.0322884271177961,0,0.062329311289176,0.0139642932253173,0.208364046776897,0.0778748973014306,0,0,0,0,0.0254595449199881,0,0,0.41393363266942,0,0.547152694073657,0.845231143490487
11355050401,0.019607659295981,0.00445924027612743,0.00948626657935543,0.0764084803159829,0.070653552862999,0.0514068615051408,0,0,0.0035714965709106,0,0.0717802427235706,0.00034409012254522,0.181851975315409,0.0201511354279095,0,0,0,0.002417348387172,0.0283738079287099,0,0,0.459487842688187,0,0.625766339731907,0.783722911135053
11020020401,0.0422212213218902,0,0.00705653804345599,0.0817361175579114,0.0295378502129054,0.00435086856984918,0,0,0.0204374597230488,0,0.148186332840672,0,0.158908122359066,0,0,0,0,0.00298998897145713,0.0309854471402971,0,0,0.473590053259447,0,0.612553318974998,0.797606780425881
11336070401,0.0544854977386853,0,0.0117541976296616,0.0437137426880897,0.0386227793892907,0.144371055347369,0,0,0,0,0.0612319530646355,0.00135047041801923,0.167850500505662,0,0,0,0,0.0020537839692557,0.0227907881460462,0,0,0.451775231103285,0,0.621602575910535,0.78614614575201
11004040401,0.0612215620697498,0,0.0120586136718864,0.0700103526597293,0.069502857876505,0.0569959477502539,0,0,0.000122121538446947,0,0.0612480119938871,0,0.232600973764,0,0,0,0,0.00757976863587617,0.00240907060158597,0,0,0.426250719438079,0,0.590342629464179,0.812576495391562
11182010401,0.0269743392146825,0.00911907883901523,0.0131819781367914,0.0329103677275841,0.083657850085464,0.0358127080353582,0,0,0.0324915464012353,0,0.0724999306310679,0.0144524668603394,0.249525755740492,0.0314949041024542,0,0,0,0,0.0246322975849739,0,0,0.373246776640542,0,0.520739152512672,0.861300880335114
11442010401,0.0578836602485948,0,0.0123813481052295,0.0515440198326206,0.107839486777281,0.0845747173219121,0.0053475814338166,0,0.00497686893622223,0,0.0797171397581152,0,0.106276463878438,0,0,0,0,0,0.0035117902171189,0,0,0.485946923490651,0,0.624887183694052,0.785304348842674
11284030401,0.0188160002619162,0.0112298856900831,0.00279362754085351,0.0857623934507274,0.0283478551767529,0.0458828996261708,0,0,0,0,0.130982201577248,0,0.152429693162492,0,0,0,0.00434060469833367,0.000965507591169031,0.0207210698331804,0,0,0.497728261391073,0,0.672658121109853,0.743962276398881
11267030401,0.0158264313132122,0.0117240933409562,0.00568923504559022,0.135880302382419,0.0170993532185446,0.0357084220925722,0,0,0.0839387927965562,0,0.037701519013712,0.0454153214127525,0.121758952513124,0.00628966061188848,0,0,0,0,0.0423394062344054,0,0,0.440628510024268,0,0.533497712832764,0.856430120156405
11293050401,0.0385852404946473,0,0.0137962390860213,0.0150636654369951,0.0567190962348076,0.0434473223774935,0,0,0,0,0.091084668536154,0,0.142372200860738,0.0642547987417029,0,0,0,0.000451330417663012,0.00422247149042691,0,0,0.53000296632335,0,0.63079589722781,0.787715753415977
11160050401,0.0660182351667006,0,0.00876093656103998,0.0515252039872172,0,0.169998261939694,0,0,0.0201527517155137,0,0.0372101464040253,0.0310271304279984,0.179988649304941,0,0,0,0,4.19730693872838e-05,0.0396527581281597,0,0,0.395623953295323,0,0.577443896948803,0.818427379981846
11248050401,0.0372774357425482,0,0.00547312041359429,0.0280211558287531,0.0534439023688164,0,0,0,0.0094795638700158,0,0.0499115696195176,0,0.170572939510741,0.070625753810815,0.00135298215213767,0,0,0,0.0189892837617189,0,0,0.554852292921342,0,0.620931645288505,0.804662188641461
11253060401,0.0450137942994067,0,0.00736749977692092,0.0509038697830057,0.0365964999844595,0.0351949822845552,0,0,0.0506431345394846,0,0.0545928362475329,0.00107532479477301,0.158563300665839,0.0805949680375352,0,0,0,0,0.014519706691315,0,0,0.464934082895172,0,0.609391299250086,0.798356780873016
11162020401,0.0511746215359537,0,0.00854331730421492,0.0654711844082777,0.0329057179335068,0.0730385018656561,0,0,0.00806477486172911,0,0.107400443665654,0,0.123946668145887,0,0,0,0,0,0.0218637775952541,0,0,0.507590992683867,0,0.609467575475294,0.80256270948079
11277030401,0.0119140734507632,0,0.00254224590387614,0.0289497954954859,0.0333104096613979,0.0611005938935024,0.00833582365715822,0,0,0,0.159320715063262,0,0.0972093700432198,0.0552307065947071,0,0,0,0.000288627735824338,0.0141392653372238,0,0,0.527658373163579,0,0.651754201963571,0.766571567647426
11021030401,0.0405779063689401,0,0.0122873646808006,0.0653406471802993,0.043976969961977,0.0606224467493498,0,0,0,0,0.11550240105784,0,0.201011761886126,0.0410105854032897,0.000208127750649416,0,0,0,0.00611449326715781,0,0,0.41334729569357,0,0.57233926374044,0.825476213918481
11267020401,0.0158445909878828,0.0252733620184614,0.0186834185369969,0.0528775842829075,0.0420560883355277,0.122325346176481,0,0,0.0595130559027195,0,0.033569151593303,0.0354229456285481,0.170456367677267,0.0266169704122951,0.00290046259924248,0,0.000914237882706504,0,0.0238206768380328,0,0,0.369725741127628,0,0.516948216900718,0.86060225548097
11206050401,0,0.0171320097651197,0.00704884109606828,0.125028970648356,0,0.0121484654928311,0.00290836836615392,0,0.0202292814395299,0,0.133221803332574,0,0.131525092513987,0.0200100004317494,0,0,0,0,0.031787532152226,0,0,0.498959634761405,0,0.618940832076238,0.794484917156358
11250010401,0.0638965787229028,0,0.00658746971486015,0.0584121800917611,0.0399566069603008,0.00416483471226573,0,0,0.0257092442251598,0,0.00260486019334602,0.0360792744627974,0.187979921787204,0,0,0,0,0.00359659602404075,0.0564929488928022,0,0,0.514519484212559,0,0.62195876659399,0.794323825587982
11289020401,0.0829509970840241,0,0.00857460669023767,0.0492421633109747,0.0549845266011469,0.0536717439806674,0,0,0,0,0.0749010060559767,0,0.206284743806594,0,0,0,0,0.00941695167706091,0.0306807389996501,0,0,0.429292521793667,0,0.599106727196408,0.804272986553773
11164040401,0.0512537424474703,0.0126527188128136,0.00310906338899552,0.110369899219781,0.0668215128778884,0.0433090528076004,0,0,0,0,0.110803479769205,0.000389349171107244,0.134180964018333,0.0122860381849503,0,0,0,0,0.0285043537628976,0,0,0.426319825538958,0,0.623179991019338,0.783583844778208
11059040401,0.0722899420562504,0,0.010859145863696,0.162312469531744,0.0997588917383674,0,0,0,0.0409314949531856,0,0.103014503930833,0.00257915902817335,0.153718091714883,0.00434007265649357,0,0,0,0,0.0348545547807319,0,0,0.315341673745641,0,0.584595334350111,0.811659665329128
11419030401,0.0954459792397156,0,0.00569327807045614,0.0602370361558677,0.129145450462324,0.0234938899374605,0,0,0.0260196329753908,0,0.0204204141422346,0.0164467720219959,0.0980494183664416,0.0214600698936409,0,0,0,0.0017151108834692,0.0322004673065773,0,0,0.469672480544426,0,0.634270395765007,0.775199219551153
11409040401,0.059618597263588,0,0.00757353953724427,0.0832340447458542,0.177926911316213,0.0414862445898014,0,0,0.00892758278396142,0,0.0996597624598554,0,0.19343221103798,0.0130204413036337,0,0,0,0,0.02583535240947,0,0,0.289285312552399,0,0.548267686670981,0.835909745696723
11175060401,0.0611536544275534,0,0,0.0072097723655557,0.0360988354575737,0.0303224527511221,0,0,0.000374519240594961,0,0.0394718209825253,0,0.171870937846669,0.0373197101883616,0,0,0,0,0.00554633001627065,0,0,0.610631966723774,0,0.594458973978834,0.847093171624631
11442020401,0.0688208338688437,0,0.00171159417176226,0.0894045014298568,0.0356275119177235,0.0797690992878948,0,0,0,0,0.17421635927525,0,0.125835286910301,0.00846908527011734,0,0,0,0.0062522672215742,0.0226147947134533,0,0,0.387278665933223,0,0.575180328688962,0.820570726336108
11318050401,0.0787284465395117,0,0.00882044693717881,0.139361000935505,0.104115199227611,0.00767780538839792,0,0,0.00380280966313465,0,0.101689663371153,0,0.170406108484768,0.00742304108518066,0,0,0,0.00116334666227775,0.0175613798099854,0,0,0.359250751895296,0,0.574047478009287,0.819801604227162
11283040401,0.0277092015085461,0.0177802142453266,0.0142994163094691,0.100585511137738,0.033731835101132,0,0.00631299992335209,0,0.0439931490302202,0,0.167717111487038,0,0.15369090796269,0,0,0,0,0.0125701011643302,0.0407522141668862,0,0,0.380857337963271,0,0.627184970460252,0.779771139854635
11281060401,0.0682719320145755,0,0.000493978277846736,0.00791692443693214,0.0123732999947429,0.0347798719461419,0,0,0.0143202193337445,0,0.0212767164329811,0,0.127715729945213,0.0692310849713575,0,0,0,0,0.0138532581038025,0,0,0.629766984542663,0,0.600258370929718,0.844042620549024
11022010401,0.024988413413069,0,0.00500017505480419,0.0178207221747089,0.0455487168122805,0.0525988985201247,0,0,0,0,0.11453841033446,0,0.079022684921579,0.0573734163242709,0,0,0,0,0.0199603464866571,0,0,0.583148215958046,0,0.64964131904668,0.775956494635634
11065050401,0,0.00884510945008053,0.00624373331259491,0.00766318630236008,0.0322063363389698,0.0827211131212841,0.0198866657292458,0,0,0,0.112658373650563,0,0.153152880678543,0.0125797957014925,0,0,0,0,0.0257852993248423,0,0,0.538257506390024,0,0.612854609848915,0.806046069010507
11157070401,0.0485323271527425,0,0.0140661554564466,0.0575877869515322,0.0298630157527438,0.0591520208635964,0.000402698599467712,0,0.0148236868613945,0,0.053585705425547,0,0.200114825177312,0.0402952362118306,0,0,0,0,0.0171345200675761,0,0,0.464442021479811,0,0.611600050417661,0.797438565342933
11255060401,0.0169124917336681,0.0132663348606918,0.00942550716700267,0.075647484915434,0.0597187059181706,0.00117788002897361,0,0,0.0514148408181722,0,0.0475072588753742,0.020676840432444,0.200482990245617,0,0,0,0,0,0.0358648893315296,0,0,0.467904775672923,0,0.607413479245598,0.801402201406237
11407020401,0.0586059782855964,0,0.00833993321203427,0.130042139944113,0.0461650762973387,0,0,0,0.0257936191969471,0,0.0759989559117665,0.0153755948431359,0.0921128119714055,0.0487380512987623,0,0,0,0.00827286725249497,0.0341440390995092,0,0,0.456410932686896,0,0.572576790803655,0.826223819913562
11181050401,0.0296676148430427,0.00714915028038972,0.000331750350239613,0.0475407342467912,0.013864695505804,0.056233135348586,0,0,0.0318822695668571,0,0.0111455137844277,0.0209005645749865,0.150676927806442,0.0159806582289029,0,0,0,0,0.0338407325419129,0,0,0.580786252921618,0,0.55987463753997,0.866162098798982
11316010401,0.0273141465634854,0.0105814191515617,0.00916245014839004,0.0146836090198282,0.0811503998193835,0.014440108176994,0,0,0,0,0.0611000385418341,0,0.221699982377344,0,0,0,0,0.0216391319032894,0.0223170952388341,0,0,0.515911619059056,0,0.644468705335319,0.774908666300283
11262050401,0.0428348465040096,0.00573355876519185,0.0100021644388451,0.0393227477332819,0.0407613038316949,0.0377359837119399,0,0,0.0452826296593631,0,0.0442127646781872,0.00990102409218466,0.37860104844078,0.0462663082083876,0.0027436064281989,0,0,0,0.00792222500489155,0,0,0.288679788503044,0,0.496823186293343,0.875748288114196
11034030401,0,0.0152060678057334,0.00694437266933672,0.0689056732777699,0.00621688920890033,0.0445391841496005,0.0263722027744872,0,0.0024549760034682,0,0.189688811283319,0,0.160478403947487,0.0117271699338113,0,0,0,0,0.0465610173849688,0,0,0.420905231561118,0,0.620541970335871,0.786415884186071
11165010401,0.106175622783748,0,0,0.0436338899508045,0,0.0211928878725397,0,0,0.0498285220025351,0,0.0275977298118871,0.0281996330794837,0.141311959423589,0.0574360267769402,0,0,0,0,0.0385200295101612,0,0,0.486103698788312,0,0.604371581630312,0.804755565434807
11200070401,0.0897733112451091,0,0.00454714964884288,0.0870300218229607,0.0603820923383483,0.104039266987198,0,0,0,0,0.0928187586126279,0,0.209305175056484,0,0,0,0,0.00343505641478085,0.0242698139172069,0,0,0.324399353956441,0,0.585308648140498,0.810791023949878
11154020401,0.0834556750445086,0,0.00266961398286317,0.118224844088952,0.0368354502566348,0,0,0,0.0434852010786151,0,0.08104551913379,0.0221208185566203,0.0927464195011212,0,0,0,0,0.00171965274808312,0.0385079922033591,0,0,0.479188813405453,0,0.5805332005084,0.822835956242533
11291030401,0.0236343804543652,0,0.00112259030440565,0.0901835507274194,0.0186505060072456,0.0792496350243812,0,0,0,0,0.192553961293335,0,0.155549125375092,0.0251490437471701,0,0,0,0,0.00679002327105873,0,0,0.407117183795527,0,0.60621410091494,0.798517567934944
11327050401,0.0141242569621678,0.00763310506874741,0.00519835312784111,0.0355952907627114,0.0447367666933675,0.10908617597203,0.00774174280079974,0,0,0,0.0610314061008765,0,0.184999670925923,0.000568300690342381,0,0,0,0.00890125840330062,0.0238225947457114,0,0,0.496561077746182,0,0.658387567991867,0.757030722915796
11163070401,0.0280009499376567,0.0151101219555002,0.0157596015495404,0.0345367630626973,0.0613557054911271,0.0657038042039491,0,0,0,0,0.0820933086738304,0.00168285112534338,0.155267962829964,0,0.00112920954729893,0,0,0,0.0260893262320422,0,0,0.513270395391051,0,0.607711963642121,0.805518263715252
11167030401,0.075176371996793,0,0.00585242005136823,0.0789790118421009,0.0784187665901262,0.0100172853257529,0,0,0.0661252123020319,0,0.161351677463765,0.0072818199867994,0.158668476228927,0,0,0,0,0,0.0376939514529453,0,0,0.320435006759391,0,0.543848482242258,0.840070912820194
11259060401,0.0244523976755439,0.0199771813147365,0.00611238414514267,0.0858557656201885,0.0596094862846008,0.038954584289993,0,0,0,0,0.147896751393464,0,0.0831480659822561,0,0,0,0,0.00724838113043144,0.0239569759374941,0,0,0.502788026226149,0,0.55391527439238,0.849241659739135
11277040401,0.0393276673161096,0,0,0.0115170061053439,0.0623171238809139,0.0296269646103339,0,0,0.0138412090039491,0,0.0919297190882633,0,0.12453121250903,0.0951414105771288,0,0,0,0,0,0,0,0.531767686908927,0,0.63820315371003,0.781004351672782
11060050401,0.0761662512809489,0,0.00891561682634279,0.0670772101872057,0.0517881189948302,0.0207490225793609,0,0,0.0395150230167136,0,0.0279569887540503,0.0177891846479778,0.187429752645185,0,0,0,0,0.00124542235458372,0.0451356968535896,0,0,0.456231711859211,0,0.6344123759366,0.775647387651171
11420030401,0.0723782863698068,0,0.00602495028049814,0.088386609032114,0.0294236341707672,0.0594114106620923,0,0,0,0,0.108340960988561,0.00122162049717235,0.0945658235078647,0,0,0,0,0.00245240684142026,0.0313428641579274,0,0,0.506451433491775,0,0.597130028205103,0.812278365529787
11263050401,0.0520125802607206,0,0.0063905366588766,0.155978602229712,0,0.0976389126163407,0,0,0,0,0.0806603882868048,0,0.190838334399291,0,0,0,0,0.00124330915889669,0.0161896785292069,0,0,0.39904765786015,0,0.575593479743392,0.821479840118118
11165050401,0.102188355145945,0,0,0.020038169730587,0.00642558648655799,0.0698868995688298,0.00632136569250443,0,0.00859478534609648,0,0.0671054875109665,0,0.146136200107066,0.0320207211805348,0,0.0036128264985564,0,0,0.0136884520268288,0,0,0.523981150705527,0,0.62511964006948,0.791744550395311
11263030401,0.0639756279243035,0,0.00667413001255417,0.143235108054327,0.0355484736120475,0.0779262566331179,0,0,0.0086039852356915,0,0.0580194035890345,0.00886177787058121,0.147327051266835,0.00532851699583537,0,0,0,0.00103629329229137,0.0238544167592419,0,0,0.419608958754139,0,0.600067820208339,0.80223648803445
11154030401,0.0847764045976954,0,0.00231568387765239,0.100968343937548,0.0514773358086018,0.0191110934953876,0,0,0.00751355802091225,0,0.0812854368646257,0.0240030136217195,0.10712509152533,0,0,0,0,0.00192723540157079,0.0372126801740566,0,0,0.4822841226749,0,0.596875906490789,0.809766386364618
11156040401,0.0357220476665387,0.0068862254591289,0.00935103049281144,0.105948034890963,0.0433944977894597,0.0253244395861004,0,0,0.0170158234817838,0,0.0742190933842517,0,0.177292729651803,0.00276243867959448,0,0,0,0.00705924084797084,0.0279967697162217,0,0,0.467027628353372,0,0.611932580835295,0.796628080045282
11206010401,0,0.0150037127073452,0.010983370457167,0.0831968075892167,0.034288741065424,0,0,0,0.0253611380198733,0,0.103404675824693,0,0.217682624537406,0.0277950279810551,0,0,0,0,0.0279585860612902,0,0,0.45432531575653,0,0.615135561478381,0.794458989233978
11226010401,0.0412095710989708,0,0.00876752073205538,0.101515073719471,0.0987867994103304,0,0,0,0.0107882428884534,0,0.0701230916187612,0.00313706447450804,0.175613409804321,0,0,0,0,0.00569520364718217,0.0304908220232867,0,0,0.45387320058266,0,0.575838109779737,0.825589011620375
11433040401,0,0.0113176197634386,0.0133965288951709,0.0556007030966365,0,0.141499307677507,0,0,0,0,0.108288514525606,0,0.11920997607283,0.0259458370743868,0,0,0,0.00602859296579366,0.0243958011292684,0,0,0.494317118799362,0,0.63727465771876,0.775492790874203
11286070401,0.0688296581779875,0,0.0107516935022683,0.0609312557919718,0.0858381826897666,0.056540206930517,0.0114612073608583,0,0,0,0.0618034866478812,0,0.15557064471309,0.014086971839173,0,0,0,0,0.00945465137392821,0,0,0.464732040972558,0,0.621656726623708,0.787018633110708
11328010401,0.110348076435702,0,0.00605060924415056,0.0882377355739844,0.0778333372521315,0.0635134421816314,0,0,0.00986160727312932,0,0.0742532522345246,0.00841995030687099,0.181049504489964,0,0,0,0,0.00235977610351845,0.031708953366483,0,0,0.34636375553791,0,0.549118454410399,0.836869515576346
11276050401,0.0637527606505436,0,0.00331365446021664,0.135368266993276,0.0335249922190258,0.149117125103823,0,0,0,0,0.0848894403994215,0,0.120717287835213,0,0,0,0,0.00160690989790531,0.00539179155463271,0,0,0.402317770885942,0,0.599383257528539,0.802138167218785
11253010401,0.0365978577295823,0,0.0107641457962371,0.0394366144578675,0.070597075078606,0.0589012698015686,0,0,0.00388813166848085,0,0.0656461626192887,0,0.184968764686145,0.0228220699467705,0,0,0,0.00563815039146602,0.0296043694874078,0,0,0.471135388336579,0,0.629780190257235,0.781058680234241
11212070401,0.0551688397972348,0,0.00387140167178264,0.0310282714912116,0.0259447540827474,0.0644614749124246,0,0,0,0,0.0941318553256568,0,0.136790987252635,0.0261893054529337,0,0,0,0,0.00788952814476133,0,0,0.554523581868612,0,0.694355878881875,0.72675594861557
11286040401,0.099852001713742,0,0.00508695857551061,0.0913991368556026,0.0312179951211787,0.0572785842041438,0,0,0.0014879692204607,0,0.113843134410432,0,0.149322041499089,0.00179031951282931,0,0,0,0,0.0283015062111058,0,0,0.420420352675906,0,0.611669450705624,0.793067970342714
11403010401,0.047542150520909,0,0.00925844117444581,0.0348076037662366,0.0633943205037467,0.0156649396947017,0,0,0.0138267142572495,0,0.0665588795613816,0.00926350431010411,0.159487942936598,0.0209258258262589,0,0,0,0,0.0357686147637767,0,0,0.523501062684591,0,0.593656716066223,0.820842205203727
11001050401,0.0189159204692481,0,0.00759789397375635,0,0.0397491063908331,0.00284596663393233,0,0,0.0169289049439858,0,0.0470246808097589,0,0.12829493536956,0.0998415247473391,0,0,0,0,0,0,0,0.638801066661586,0,0.701663543686432,0.73721866335403
11420070401,0.114950161264021,0,0.00323263559074427,0.0981030007456853,0.0754627195004168,0.0211341106604302,0,0,0.0243109794399841,0,0.0140964735150661,0.0346749741938631,0.129216025802844,0,0,0,0,0.00120241129721416,0.0400865386873558,0,0,0.443529969302375,0,0.611999833515972,0.793350944966626
11338040401,0.00919711264027111,0.00985158123963387,0.0080060111723626,0.0828474549025827,0.0326809966381388,0.00796671681919535,0,0,0.0503818027059348,0,0.0705448688697972,0.00540778793446981,0.187229586545609,0.0710237835721716,0,0,0,0,0.0361219518051155,0,0,0.428740345154718,0,0.582223270711662,0.818167374413438
11008020401,0.0518279980070223,0,0.0129809146342093,0.118925679685837,0.103205191864673,0,0,0,0.0436980483219573,0,0.12388993692857,0.00137772140306837,0.11903997462898,0.0339492236702609,0,0,0,0,0.0316676492867902,0,0,0.359437661568631,0,0.559472234949603,0.829833666500299
11281050401,0.0406177193765488,0.0179456363722411,0.00261797368409406,0.0436026076314431,0.0340817982780829,0.0813509725583604,0,0,4.17523913023623e-05,0,0.0450472616229144,0.0163183653859222,0.181904427620373,0,0,0,0,0.00106893689607991,0.0404696612681046,0,0,0.494932886914533,0,0.57696922881718,0.831065647211751
11004010401,0.0511193484257183,0,0,0.102013277849501,0.0836606717449211,0.000396497526305072,0,0,0.0208824807668549,0,0.0685052845201689,0.0299439859280573,0.178066112414926,0.00504107756861373,0,0,0,0.003982852393571,0.0409463327425218,0,0,0.415442078118841,0,0.590841770600141,0.80979050425298
11059060401,0.0753562404774925,0,0.000768824717284197,0.111627269515319,0.0178809653067205,0.0295392023100919,0,0,0.0202663899860264,0,0.142805907272236,0,0.151781057169473,0.0162139951913781,0,0,0,0,0.0245846548113645,0,0,0.409175493242613,0,0.575951014507941,0.821589208181095
11176020401,0.0156567518851656,0,0.00591120597703514,0.025990428868493,0.0364816505181752,0.0547214155230224,0,0,0.00728346482215294,0,0.1281334032971,0,0.187428676690531,0.0270468128825,0,0,0,0,0.0346791746852096,0,0,0.476667014850615,0,0.649135457660601,0.764882977892861
11216010401,0.0399680378625916,0,0.0374964777474275,0.112644497103709,0.0261396051810836,0.0343270613004013,0.00218496422189445,0,0.0389945848715909,0,0.155230238255656,0,0.193949133710985,0.0369064062348845,0,0.00460928584554813,0,0,0.0353566678736042,0,0,0.282193039790624,0,0.570307048754658,0.821530584517055
11050030401,0.0433617662231526,0,0.00792524992258781,0.0786741575363487,0.076109902156624,0,0,0,0.0235269914162509,0,0.0864619937049789,0.024642425156796,0.15627718063618,0.0133580408439012,0,0,0,0,0.0497019560663156,0,0,0.439960336336865,0,0.534709195394089,0.855969246237476
11004070401,0.0446860614341545,0,0.0036244867592651,0.0831206246266603,0.0810025815262389,0,0,0,0.0206745600919735,0,0.0849574117969665,0.0175163208710021,0.148180323606807,0.00932590560718719,0,0,0,0.00372957589269613,0.0414336196644766,0,0,0.461748528122572,0,0.579550653395113,0.822727764856286
11160020401,0.061024653496092,0,0.0051862014160413,0.0533241348546071,0.000203157537420425,0.161463762225647,0,0,0.0231229367960344,0,0.0294251557025344,0.0298925033744302,0.175621623505932,0,0,0,0,0,0.0379979011232454,0,0,0.422737969968015,0,0.585562066463461,0.813995656273977
11072040401,0.0388550926808168,0.00850493586266092,0.00757753754352146,0.0437699707572764,0.0452088356509672,0.0585674728748334,0,0,0.0406367655890673,0,0.0662536265576128,0.0172646266516512,0.135182362194198,0.0168516156157355,0,0,0,0.00229946151044535,0.023475325447642,0,0,0.495552371063572,0,0.618810746959657,0.792388834499137
11185070401,0.00868033062157598,0.00769078263615091,0.00816134694932913,0.243043701271523,0,0.0636317495206141,0,0.000930550876483805,0.0095523640963682,0,0.181338925388256,0,0.133026634513872,0.00203783788804909,0,0,0,0.0029999270568489,0.0332154971189928,0,0,0.305690352061936,0,0.652548134277357,0.760616737040347
11366010401,0.0644499244393519,0,0.00118124947243865,0.0719673345781609,0.0103158686605821,0.0576286609412,0,0,0.00397245137515605,0,0.0905166164789181,0,0.144370782376046,0.0261086012385596,0,0,0,0,0.0257020622870418,0,0,0.503786448152545,0,0.692312391486274,0.724275401876276
11330070401,0.0562075516850012,0,0.00854300275438272,0.0995146587390116,0,0.0903077650535973,0,0,0.00783497586177942,0,0.129916065501957,0,0.163024224477499,0.0126597514309504,0,0,0,0,0.0270123523959077,0,0,0.404979652099914,0,0.598590958377149,0.803137022641264
11271010401,0.0594010798928604,0,0.00723482902093683,0.0796934195229165,0.0364186632725701,0.0928078176536143,0,0,0.0112451479283445,0,0.0431291987272638,0.019608751178563,0.170147574935665,0,0,0,0,0.00507570211574879,0.0394349275363436,0,0,0.435802888215173,0,0.598358833525717,0.804519055657479
11278020401,0.0240592610740576,0,0.0108910019440807,0.206574389031439,0,0.0126546466273751,0,0,0.00497295024917327,0,0.226312875117004,0.000533426794708043,0.133329610729605,0,0,0,0,0,0.0398306155509156,0,0,0.340841222881642,0,0.577590026672569,0.818944895242569
11047010401,0.0462830187236106,0,0.00513090771400421,0.071628850609444,0.00776695833439686,0.164952799100714,0,0,0.0346271018246648,0,0.0347221365885287,0.02831521845073,0.164605428164545,0.00696030790363303,0,0.00356825221167714,0,0.00196493422120055,0.0359739327462454,0,0,0.393500153406605,0,0.597096899263763,0.803037841497572
11175010401,0.0387228554537284,0,0.00944379050892828,0.0204067306921521,0.00850747584555009,0.106864528860851,0,0,0.0335302917914293,0,0.00710542406229476,0.0336737787160161,0.235524569632541,0.0143686529394976,0,0,0,0,0.0389117389499401,0,0,0.452940162547071,0,0.61381250477064,0.795118693450353
11310040401,0.0549668564035511,0,0.00613114141223436,0.0584159836045394,0.0831039092047145,0.00173339272618071,0,0,0.0348597399542276,0,0.0955387125206769,0,0.137676873398867,0.0290102792569136,0,0,0,0,0.0259126375464763,0,0,0.472650473971618,0,0.589499308864429,0.815330084397868
11160030401,0.0734434194396916,0,0.00719921742106181,0.0540133542514781,0,0.160144164627744,0,0,0.0207860703018207,0,0.0337739998811025,0.0337306631935805,0.158194789513131,0,0,0,0,0,0.040093552487301,0,0,0.418620768883089,0,0.585635164821851,0.813250667752078
11444050401,0.067630491654497,0.00409553874104488,0,0.266579586865276,0,0.126276970113443,0,0,0,0,0.151457901821586,0,0.153015444528941,0,0,0,0,0.0207229076305486,0.0149470591090327,0,0,0.195274099535631,0,0.591035746756495,0.808097556063001
11088060401,0.103438261285483,0,0.0101782433348383,0.0542719277297836,0.0210154796240925,0.121037213723728,0,0,0.0125332419006569,0,0.101037619331083,0.00683074028662634,0.0790872901151341,0.0210073446811397,0,0,0,0.00148615017903504,0.0239996920992432,0,0,0.444076795709156,0,0.592007697077218,0.809150247067589
11261010401,0.0467862834529222,0,0.0144378943198935,0.0450676721145371,0.117852595112708,0.0759146124329616,0.00859768562055749,0,0,0,0.0804447292843065,0,0.250344723033857,0,0,0,0,0.00681296118735674,0,0,0,0.3537408434409,0,0.637898094124775,0.770183730849605
11262040401,0.0052012364535725,0.0134665216420731,0.0100872003560232,0.0494494695340253,0,0.0883706809882846,0,0,0.0139366825586727,0,0.127097383762354,0,0.340525176356199,0.0106228002061205,0,0,0,0,0.0300356128127892,0,0,0.311207235329885,0,0.509957293384251,0.867272582014686
11225040401,0.0509693584042478,0,0.00428994530819474,0.107271213365017,0.0242162441620214,0.0520606521007798,0,0,0.0303915265316698,0,0.134841186297333,0,0.148152494268463,0.0151058340307756,0,0,0,0.00164309224276363,0.00936866138140766,0,0,0.421689791907327,0,0.563294953442911,0.832698253073773
11205040401,0.0250642219112442,0.00253070102074599,0.011125213009628,0.0653684740726252,0.0337755052227795,0,0,0,0.032975303367155,0,0.0360622242031109,0.0287719843692416,0.212770631146818,0,0,0,0,0.00850046212067444,0.045061380496073,0,0,0.497993899059904,0,0.64904754829318,0.767466351339555
11201060401,0.0867559084816258,0,0.00568254636232717,0.0655382499346666,0.0644591932800909,0,0,0,0.0188058112683296,0,0.0718836754031201,0,0.107627619726852,0.0374865133847825,0,0,0,0,0.0183400482369379,0,0,0.523420433921268,0,0.617579519156455,0.796808563761568
11237010401,0.0523909999328423,0.00291067247385273,0.0111051674187208,0.153848350272634,0.0365587806512803,0.0372829534250225,0,0,0.0251634254647252,0,0.0528540397676234,0.0413264768496805,0.1414217871831,0,0,0,0,0,0.0439370023328356,0,0,0.401200344227683,0,0.550379046524512,0.839521277447879
11265010401,0.0389707258433254,0.0102715092429959,0.0103984301902325,0.0299335240358537,0.0937086588602727,0.105777279790909,0,0,0.0154705573396151,0,0.0694399247401809,0.00742640122429705,0.258095470969246,0.00136787780701932,0,0,0,0.00636878520360834,0.0271018965694969,0,0,0.325668958182947,0,0.601496288292603,0.798523463858853
11156030401,0.0559954129327117,0.00645461367962428,0.0040098772827454,0.123960768131996,0.0397126639643038,0,0.0125108060477414,0,0.0175735219163516,0,0.0724620579331386,0.00694821252030848,0.181158662172535,0,0,0,0,0.00273149424112393,0.0360943204640889,0,0,0.440387588713331,0,0.619609337001049,0.787670104894793
11330050401,0.024088170257194,0,0.00869448572176869,0.0584092725438825,0.0240765088224514,0.0393701439231802,0,0,0,0,0.113851281016403,0,0.123706715983513,0.0532756665708915,0.000238870537512482,0,0,0,0.0061249730745826,0,0,0.54816391154862,0,0.600852049035056,0.819573255680086
11236050401,0.029391696404956,0.0166536950012845,0.00806032533411298,0.0269899605543118,0.04312273695241,0.044299298435881,0,0,0.0228461320012805,0,0.0408948612962732,0.00690083035831303,0.12442026023081,0.0466573092599433,0,0,0,0,0.0213146976740785,0,0,0.568448196496345,0,0.652045238358241,0.771810155919758
11281030401,0.045984966395885,0.00779505613740153,0.00678956976653025,0.0502068078953456,0.00183558761470078,0.0779948429597917,0,0,0.0051628569199472,0,0.168086626998464,0,0.156173748207828,0,0,0,0,0,0.0433481670484446,0,0,0.436621770055662,0,0.605901872614873,0.799410279262162
11050060401,0.0508678198760294,0,0.013495078036366,0.0706693841077827,0.0666892190849745,0.0301419721723847,0,0,0.0127479685840579,0,0.100959296036567,0.00378648495749992,0.166035129319963,0.0304587352645071,0,0,0,0,0.0162513622158124,0,0,0.437897550344055,0,0.537545301644687,0.85421314796963
11064040401,0.0406495896764316,0,0.000970162484902576,0.041114415759487,0.0818052283374791,0.0409849154838911,0,0,0.0350000413810622,0,0.0308767017090096,0.00829357772421647,0.134687888110864,0.0864731606579091,0.00170386657789056,0,0,0,0.0147560275644447,0,0,0.482684424532412,0,0.620817334960724,0.789621195970428
11282030401,0.105613905112994,0,0.00381328359881831,0.061895887790981,0.0670720843544282,0.0387370441549985,0,0,0.000327493020598032,0,0.0630140359009333,0,0.16392145205802,0,0,0,0,0.00137169800495384,0.0195343331828016,0,0,0.474698782820473,0,0.594839776343935,0.812025518813119
11156050401,0.096415597798348,0,0.00505389705444408,0.103757179831465,0.0848578104647709,0.00419912900550098,0.00606729301155224,0,0.000105291360508098,0,0.0497448757784798,0,0.176017694656709,0,0,0,0,0.00374638216187926,0.0214013042860092,0,0,0.448633544590333,0,0.625364149828915,0.783141188942342
11212040401,0.0378840239194333,0,0.000723259875438522,0.078483697178653,0,0.0236154560914895,0,0,0.0115989771357136,0,0.118127073820929,0,0.124137836595661,0.045797761755781,0,0,0,0,0.0198608289054038,0,0,0.539771084721497,0,0.664849395560652,0.755834198265729
11408050401,0.0791603474411623,0,0.00826408012197945,0.0668572119130509,0.149063656594709,0.0522114156411918,0,0,0.00944322196833224,0,0.0652756258777716,0,0.214132733806232,0,0,0,0,0.00898997847628476,0.0232184757817373,0,0,0.32338325237755,0,0.607156844102839,0.794697834651898
11420050401,0.0961960687438413,0,0.00467522931698621,0.0571138202656414,0.0497676581814985,0.0754643474766626,0,0,0,0,0.0547370636055532,0,0.120896841880771,0,0,0,0,0,0.0182194683123653,0,0,0.522929502216681,0,0.61813118631773,0.796375393986297
11261020401,0.0557684740890473,0.00750451793245402,0.00586769457020237,0.0752638019629418,0.0328078524682628,0.0745085896701672,0,0,0.0058694245989416,0,0.154254242123564,0,0.210511318126628,0,0,0,0,0.000428263314461396,0.0234758965564699,0,0,0.35373992458686,0,0.613524385544099,0.7901394950997
11276010401,0.0848742850832205,0,0.00638503847749547,0.169066190625831,0.0558582180696095,0.0098497031702327,0,0,0.0425612112648518,0,0.0731392538033813,0.0250721215546441,0.137076787884504,0.0251456982576749,0,0,0,0,0.0404727365926907,0,0,0.330498755215864,0,0.577561155168873,0.816704993437213
11174020401,0.0109529441483699,0.00151260876650024,0.00510053077876848,0.11816348909351,0.0163196646661732,0.0264058925756471,0.00454431568892904,0,0,0,0.130194882152713,0,0.194405594418947,0.0218317221888271,0,0,0,0,0.0203992523292116,0,0,0.450169103192404,0,0.61936336292422,0.790488452093812
11262020401,0.0372871538583571,0,0.00802318186230253,0.0867480781999305,0.0332999981664644,0,0,0,0.0365978265672474,0,0.149409117195691,0,0.317770005811106,0.0217463498108868,0,0,0,0,0.0376236228075221,0,0,0.271494665720492,0,0.527126965286389,0.851339717330837
11364060401,0.0598711944975245,0,0.00249265827620828,0,0.0598514044587376,0.0263436125727206,0,0,0,0,0.0509825399070143,0,0.0949470190438661,0.042374858938273,0,0,0,0.0129133348413952,0,0,0,0.650223377464261,0,0.638824131849583,0.805495322271303
11432040401,0.00979486887083677,0.0233048691898885,0.00396899028239555,0.0829582629019607,0,0.113855979498419,0.00469873998523916,0,0,0,0.0933956183489008,0,0.094346526134919,0.0325579867025105,0,0,0,0,0.0228182182721532,0,0,0.518299939812777,0,0.66076929831094,0.755318998326402
11064010401,0.0426446717914825,0,0.00170856266573361,0.0798073867140073,0.0800974189296079,0.0600116877213984,0,0,0.0139808699239705,0,0.0491031683296586,0.00340162246935919,0.13705524358398,0.0471552376924193,0,0,0,0,0.0202225329571775,0,0,0.464811597221205,0,0.638863558630449,0.771683520910943
11098040401,0.0323702037169208,0.0198163186197868,0.0157671399465791,0.0405443754396881,0.032484631242718,0.0482856617642686,0,0,0.0253848097699511,0,0.0617997682128332,0.0222906647716325,0.130067307660614,0,0,0,0,0.00666912528836514,0.0274329050636732,0,0,0.537087088502969,0,0.624190354546651,0.793053746536551
11336050401,0.0460869527603276,0,0.0118298721556517,0.031022960575672,0.0384441845221582,0.0705247546556198,0,0,0.0199014091154125,0,0.0504845848694267,0,0.160359742423875,0.00662977227549323,0.00175031674380467,0,0,0,0.00200793580033928,0,0,0.560957514102219,0,0.613945572112785,0.810232306586702
11070050401,0.0211681387949272,0.00868748103358775,0.00695266198740839,0.0512655608954861,0.076692765319751,0.0712065407519765,0,0,0,0,0.0723502119111371,0,0.0994556597556211,0.0153708766530932,0,0,0,0.00557151014275574,0.00365039132977232,0,0,0.567628201424483,0,0.669199456922068,0.753095083301143
11449020401,0.00831295559680782,0.0223710768407954,0.0065456691764523,0.118135511714847,0.0180576875626171,0.0722887127291973,0,0,0,0,0.158843114333114,0,0.160940674182012,0.0146022539311976,0,0,0,0.00508937630714936,0.0277225048361669,0,0,0.387090462789644,0,0.584550543981463,0.813657415475694
11213050401,0.0176965894264252,0,0.00791287595337077,0.0856833135981485,0.0454697136123627,0.0578846330030778,0,0,0.00803971182745119,0,0.0562439045722234,0.0194603363890101,0.1725675536363,0.00632905064997511,0,0,0,0.00118568457847951,0.0256577816026675,0,0,0.495868851150508,0,0.624126862987692,0.789451235463243
11293010401,0.0448396733431163,0,0.00686279859926607,0.0522221255082172,0.0401970243568648,0.129117285766313,0,0,0,0,0.0899469483612412,0.0243402306647394,0.133464848381468,0,0,0,0.00229512280293544,0.00600129024584152,0.0364738592455272,0,0,0.43423879272447,0,0.624949438287993,0.782165689753952
11319050401,0.0609874836055646,0,0.00564756198950587,0.103886587294264,0.0674514477991913,0.0290916655958344,0,0,0.0175225857689218,0,0.0463572154859037,0.0375762437820509,0.142099645579434,0.00785141918219523,0,0,0,0.000412526768692563,0.0548257715916634,0,0,0.426289845556779,0,0.663036207007499,0.749689511557165
11433050401,0,0.0252362955275965,0.0113038271152212,0.0400070119178687,0,0.122750263285982,0.0054994658959614,0,0,0,0.071500924536807,0,0.0753692422371752,0.0333554581938493,0,0,0,0.000389669010781282,0.00543975044693772,0,0,0.609148091831819,0,0.661654886738453,0.767578292760966
11181040401,0.0327569103667855,0,0.00990563609076265,0.0670076341302985,0.0333033936238215,0.0412391652590678,0,0,0.0152391593346737,0,0.107220758059387,0.0067707325298443,0.1567896234368,0,0,0,0,0,0.0274599068700717,0,0,0.502307080298488,0,0.560604997474818,0.846459817636035
11175050401,0.0511377189330022,0,0,0.00712328211353529,0.052882341555189,0.0637157920728162,0,0,0.0216453239949296,0,0.0286572754035294,0.00893141494370006,0.215846049848299,0.0272926932571065,0,0,0,0,0.0205268636833535,0,0,0.502241244194539,0,0.593264958521912,0.821182622582503
11435040401,0.0250514511556937,0.0220892236793224,0.00377948832244865,0.0288287182217502,0.0716010109172363,0.075583954486028,0,0,0,0,0.0998515040174101,0,0.108842745225331,0.00664113678965576,0,0,0,0.00362933050464215,0.0215783154892202,0,0,0.532523121191262,0,0.614530368602666,0.800706859269295
11048070401,0.0525163475761853,0,0.0107665297428056,0.0189293377546386,0.0286380009380146,0.0476282390519718,0,0,0.0329306364639118,0,0.0232179833976053,0.0144402736962231,0.111174966930972,0.0488334412065289,0.000615207210639709,0,0,0,0.0227902079991495,0,0,0.587518828031354,0,0.614789561399768,0.812648857500067
11357010401,0.0324131907461788,0.00376572216732808,0.00924805249625455,0.0522800752008409,0.0776368019477575,0.0660022637824591,0,0,0.000257060281967406,0,0.13436363776862,0,0.164234806035632,0.0150848595564114,0,0,0,0.00498448141865947,0.0289458044461337,0,0,0.410783244151757,0,0.655303758895779,0.756128246086347
11280010401,0.0151078517093494,0.0163105136725197,0.00211828388549381,0.0736081569840188,0,0.155301256236176,0,0,0,0,0.10633864424259,0,0.151232959787857,0.00472470036654405,0,0,0,0,0.0182939858504897,0,0,0.456963647264962,0,0.611410868898488,0.795982061440222
11201040401,0.0758173984203973,0,0.00440050516930692,0.117860038413089,0.0904702698723344,0,0,0,0.0291144543105546,0,0.148650430931807,0.0131931861518435,0.0954867335447299,0.000762674182382349,0,0,0,0,0.0521722603687252,0,0,0.37207204863483,0,0.615772545601963,0.788985392115299
11247050401,0.0653627680323124,0,0.000867680973797734,0.149031298333274,0,0.0757799069752117,0,0,0.0392952145266907,0,0.0909976001074304,0.0118557977819772,0.206206229757078,0,0,0,0,0,0.0347758248766199,0,0,0.325827678635608,0,0.562118767263355,0.827720355205568
11332050401,0.0229313603212997,0.0114478924350996,0.00557296202105759,0.0598090510475305,0.0539004591974197,0.0624699374675905,0.013351040315272,0,0.0171022418437293,0,0.0835206759924959,0.00334278454696873,0.168599611893719,0,0,0,0,0.00301136671447246,0.0392487160628636,0,0,0.455691900140481,0,0.614240100135916,0.792755969360434
11303070401,0.0363159518519222,0.00213797127850865,0.00687616752489236,0.102722663012797,0.0361397164788428,0.0118201502116075,0,0,0.00602280597201956,0,0.0940648510420852,0.000733597755019202,0.172211974547364,0,0,0,0,0.0107596640085349,0.0329555196615707,0,0,0.487238966654836,0,0.584859198606762,0.823219562344239
11165030401,0.085723142359951,0.00104918000764341,0,0.0484094115672012,0.01399421271401,0.0157015027095554,0,0,0.0568782461072655,0,0.0302877036612566,0.0146118642166332,0.198271504899034,0.042857303891187,0,0.0172062867007908,0,0,0.0360036887647879,0,0,0.439005952400684,0,0.596582261709031,0.807441491872502
11009040401,0.0344449788361126,0,0.00403281688742008,0.0518283485539352,0,0.194236626736818,0,0,0.0249149960686523,0,0.118115924545721,0.0172360865699024,0.16986791565152,0,0,0,0,0.000820879220596215,0.04265155022537,0,0,0.341849876703952,0,0.60972067345004,0.793029390847027
11022050401,0.0299682602358571,0,0.0105668276441969,0.0101269075672921,0.0530582277914509,0.0544211525480289,0,0,0.00769109989826975,0,0.0910015378109399,0,0.106395261210041,0.0479708550881225,0,0,0,0,0,0,0,0.588799870205801,0,0.637670032605931,0.79066201576045
11046040401,0.0386741365911134,0,0.0115260059641198,0.0196202920434509,0.0473930439911811,0.0438162316404254,0,0,0.0168298333870575,0,0.0614849443091324,0.012183554452488,0.190301107705212,0.0646794004296082,0,0,0,0,0.0270113492889759,0,0,0.466480100197235,0,0.554240945147785,0.846818559377133
11020010401,0.0514373014586606,0,0.00716096480294552,0.0489694246692747,0.0373092064858103,0.0185681231798611,0,0,0.00328288672277007,0,0.0887403817366371,0,0.178020492936236,0,0,0,0,0.00786764479478961,0.0213515053516855,0,0,0.537292067861329,0,0.602497639951243,0.817307618820134
11016050401,0.0393788374109211,0,0.00904527435206573,0.110939943909622,0.0716052407413634,0.0809123322978854,0,0,0.0147009615668888,0,0.0817409814555295,0.00177628417391587,0.134562564971895,0,0,0,0,0.00206393568927118,0.0157601610722001,0,0,0.437513482358443,0,0.541451634922307,0.850220862592117
11172050401,0.020749846496469,0,0.0032505374592606,0.0495188002468192,0.00871905183335698,0.0509710503545045,0,0,0.0494367171561932,0,0.0817602464019524,0.0149778490771951,0.147493303289951,0.0172822390322796,0,0,0,0,0.0416441441943669,0,0,0.514196214457651,0,0.643719877626486,0.772576807088932
11033030401,0.0645876864372692,0,0.0048119929010924,0.111303136015627,0.0286948726784584,0.00582546459768418,0,0,0.0292345252449052,0,0.11536148928439,0.00915788629655574,0.1289671776896,0.00492451506117277,0,0,0,0,0.0380858971033691,0,0,0.459045356689877,0,0.571022174274225,0.829560049034616
11259040401,0.0359280745886813,0.0182139970865045,0.00699006088265756,0.0832373304296338,0.0633394982115013,0.0188614566874782,0,0,0,0,0.107276001410948,0,0.165004600582711,0.0157465710561395,0,0,0,0.0073852250411758,0.0345071884593966,0,0,0.443509995563172,0,0.555481932600494,0.840442117737914
11044040401,0.0367041525473329,0,0.00504441908493371,0.0302534597169238,0.017134277908779,0.0653111034679212,0,0,0.0135958261387899,0,0.0570992644511506,0.00768727960324695,0.122239910025448,0.0355350660178433,0,0,0,0,0.0193470981214196,0,0,0.590048142916211,0,0.614078881542083,0.815046050965015
11165040401,0.122585688276211,0,0,0.00763649088340228,0.0108016753175567,0.0409698572026555,0.00494284559417131,0,0.0171174562301261,0,0.0449295643879559,0,0.141801605798405,0.0341536991037206,0,0.00353324985881914,0,0,0.0206463460189098,0,0,0.550881521328066,0,0.630434567107739,0.791726561814644
11040020401,0.0627548869652001,0,0.0108276652891135,0.0554852558203818,0.0500656249946042,0.0349347363053998,0,0,0.019487768446963,0,0.031584679127489,0.0107791977344717,0.142907420700069,0.029402721647822,0,0,0,0,0.0149766692209577,0,0,0.536793373747528,0,0.604851757308068,0.812478218264121
11273010401,0.106340441519124,0,0.00324296524355024,0.122820767876051,0.115364038013064,0.109491529752488,0,0,0.0245418718207248,0,0.0640376612330929,0.0264950522798893,0.112895997546021,0.00227805086671186,0,0,0,0,0.0295109440668788,0,0,0.282980679782405,0,0.601297581940904,0.80086529055344
11213010401,0,0.02209737374439,0.00432377162287021,0.103050975649739,0.0588596487889685,0,0,0,0.0264947520644599,0,0.0420354652326942,0.0322518050549049,0.189302151202786,0,0,0,0,0.00156787441047157,0.0500134092275479,0,0,0.470002773001168,0,0.638754080024142,0.773366586154407
11009050401,0.0560667638558461,0,0.00476007753297129,0.0494472566006904,0.0159555511569993,0.102661188606987,0,0,0.0276273745803282,0,0.0836866527042149,0.0210480352349512,0.171598520756663,0,0,0,0,0.00210482437824038,0.0534580527181863,0,0,0.411585701873922,0,0.597213893384549,0.803911999320602
11336010401,0.0392566920612114,0,0.0107124666892398,0.0386098473533287,0.0868082614116827,0.0545050901059232,0,0,0,0,0.0579290996994441,0,0.165314952630123,0,0,0,0,0.00613072405664473,0.026531884989741,0,0,0.514200981002662,0,0.630324706272699,0.785137729749806
11336060401,0.0555012770814947,0,0.0115388737218026,0.0434880148633119,0.043836989432221,0.0514889315606661,0,0,0.00893240970564586,0,0.0429551164297617,0.00861019157714725,0.174304183750966,0.0110839667812522,0,0,0,0,0.0289894330137655,0,0,0.519270612081965,0,0.606891660964273,0.808538261112163
11157020401,0.0537105111503096,0,0.0178588090732461,0.0752196084871457,0.0262229125179702,0.0546983388342459,0,0,0.0471497857612861,0,0.0420118725024773,0.0149322964267737,0.171402132712927,0.0474906348729863,0,0,0,0,0.0176468524165654,0,0,0.431656245244067,0,0.577676267194665,0.821232835299842
11254050401,0.0363205777537149,0,0.00127421941887913,0.015799300176646,0.0634323861154047,0.0700015387047715,0,0,0,0,0.0970513325286291,0,0.106217203770974,0.0457237201770007,0,0,0,0,0.00799547579686788,0,0,0.556184245557112,0,0.618073411083702,0.802771132272475
11284070401,0.025632846101598,0,0.0093726234313838,0.0865441558157075,0.0216873735900467,0.0392989026125472,0,0,0.0164056764508309,0,0.0796232597768385,0.00414496784082423,0.213908257473439,0,0,0,0.00319955128459382,0.0100273947964251,0.0316205073390941,0,0,0.458534483486671,0,0.660419217072697,0.753139009992205
11260070401,0.0620548619552825,0,0.0116197482613219,0.0755529054350473,0.054794095518095,0.0880386715232235,0.00989263700666954,0,0,0,0.079895343567478,0,0.0848268914125845,0.00715838673012678,0,0,0,0,0,0,0,0.526166458590171,0,0.658130825344407,0.758357864137115
11058070401,0.0880734782693897,0,0.00703142348722939,0.118445878802185,0.0375071175461308,0.104969325683635,0,0,0.0263840729042105,0,0.0629146443442687,0.0127596401647814,0.149359140724248,0.00576431064753237,0,0,0,0,0.029517554669609,0,0,0.35727341275678,0,0.579766164431894,0.815242360743355
11226070401,0.0229861218822876,0.0142210087838626,0.0159681536812328,0.0791462073053137,0.111932311943519,0.0492978076553388,0.00326172597485908,0,0.0287384559956053,0,0.0919707655817415,0.00208798329337536,0.160671343715931,0.00668891540739278,0,0,0,0,0.0255723684095587,0,0,0.387456830369981,0,0.553418195686693,0.835847465095267
11290040401,0.0473309052261009,0.0114543956589303,0.0176502341357973,0.0245205194049387,0.0363756186990874,0.0287292033933242,0,0,0.0330225565456452,0,0.0620234951112246,0.0150648284300501,0.182633321178477,0.0375583358719647,0,0,0,1.38563304683136e-05,0.0133479951360066,0,0,0.490274734877985,0,0.640306921578642,0.773939504536624
11446030401,0.0989554302761523,0,0.000810242523769923,0.0641074878137353,0.0564832873733557,0.0767011409311263,0,0,0.029529561992642,0,0.107587242772512,0,0.190731129440194,0,0,0,0,0.00429901691481464,0.0221917486946798,0,0,0.348603711267017,0,0.590175682980332,0.807559650508062
11162010401,0.048216428814387,0,0.00473170696202062,0.062012408988124,0.0588265156526538,0.0763425322100646,0,0,0,0,0.136832939350985,0,0.156967585959382,0,0,0,0.00150220764797904,0.00645548394779475,0.0227056998524907,0,0,0.425406490614118,0,0.598831621128164,0.803964543669809
11071010401,0.0567785671024047,0,0.0152182045258075,0.0652819474018288,0.0941208929769055,0.0291040582171684,0,0,0.0149902826186261,0,0.0705546330325735,0.00726082100097002,0.142589739838617,0.0216945742490755,0,0,0,0,0.0249947731414597,0,0,0.457411505894563,0,0.581150670809599,0.820205841730241
11315010401,0.0995137240320417,0,0.00690465715886643,0.117878076177204,0.0556731563889921,0.122798813222501,0,0,0,0,0.0822065368230782,0,0.184862101172426,0,0,0,0,0,0.0215353057668894,0,0,0.308627629258002,0,0.592925949049507,0.805610592484965
11169020401,0.0527211877418346,0,0,0.0607519698251226,0.0611472923684429,0,0,0,0.0116497868636961,0,0.060678806827949,0,0.0908303626574555,0.0916435310310348,0.000979917430325845,0.00381766009174441,0,0,0,0,0,0.565779485162394,0,0.628172400332921,0.795344498707987
11278060401,0.0277477219239423,0,0.0100678158497536,0.0698915511008804,0.00550483395232787,0.0493360095355037,0.00453158577264686,0,0,0,0.0844948478438635,0,0.0784454401225433,0.0119162483909291,0,0,0,0,0.020840230203783,0,0,0.637223715303826,0,0.580433330650551,0.858384993985807
11254030401,0.0275393361394811,0,0.00575867478812185,0.0500960285814226,0.0502839566436795,0.0776622145767835,0.0113949534448476,0,0,0,0.129774528716888,0,0.101400906965506,0.032005583828603,0,0,0,0.00640455511628898,0.00782485291915718,0,0,0.49985440827922,0,0.561046758207438,0.843185610863023
11166040401,0.0264173545913469,0.00251929400800588,0.00928273737423183,0.0828299876151185,0.0163346606843683,0.0205412629284119,0,0,0.00422971350750202,0,0.124183249596397,0,0.153697204668146,0.0659312955018385,0.0018508608741682,0,0,0,0.00717104556535207,0,0,0.485011333085113,0,0.580431559222451,0.827824955914318
11065070401,0,0.0141510539113718,0,0,0,0.0279242228212093,0,0,0.02314528512219,0,0.0666702462867636,0.00975366569721277,0.0753755487075944,0,0,0,0,0.025568933852814,0.0357144666395925,0,0,0.721696576961252,0,0.78334025570935,0.644946729419122
39651010401,0.066266801820725,0,0.0128150782600128,0.0593215142759494,0.0264402006832845,0.0854389179428145,0,0,0,0,0.0911328785147347,0,0.131350508326374,0.00838689896254036,0,0,0,0.00702654813578214,0.0223340198005092,0,0,0.489486633277274,0,0.648422588122774,0.764834821858094
11261030401,0.0460147901607854,0.00253310169051649,0.0105928716835145,0.0790442706215831,0.0382634480164889,0.0268812586261769,0,0,0.00827360891547089,0,0.130621969266472,0,0.216312679185921,0,0,0,0,0.00723400188695058,0.0288204781183468,0,0,0.405407521827773,0,0.625486466570705,0.781618229882908
11049050401,0.0446677217419065,0.00235290869420096,0.0094267652333425,0.0489966285790365,0.056682260851031,0.0735832545328735,0,0,0.0227607780167751,0,0.0806369162852441,0,0.222630101300031,0.00695645266295774,0,0.000838661607724612,0,0,0.0332423058121589,0,0,0.397225244682718,0,0.579422568283849,0.817897321791562
11156010401,0.102244573059762,0,0.00484815537018482,0.106220628602287,0.0542232571683234,0.109622195901944,0.00419284932248071,0,0,0,0.0575497971096978,0.000582839134278817,0.174749954335788,0,0,0,0,0.0037504876960461,0.022153608966791,0,0,0.359861653332416,0,0.595643857785177,0.80347870835139
11164050401,0.0650770440944619,0.00426812777762897,0.00210940079476407,0.0926495577688661,0.0419568688687638,0.0692559240998569,0,0,0,0,0.12799718269556,0,0.141355226354589,0,0,0,0,0,0.017485523158429,0,0,0.43784514438708,0,0.614823586089829,0.791657676144398
11311010401,0.0175314275995346,0.00368576080849678,0.00834536920117589,0.0832199836134935,0.120269694195786,0.106190851326711,0,0,0.0280159068465056,0,0.121936323116374,0,0.200541803330638,0,0,0,0,0.00463072214948273,0,0,0,0.305632157811802,0,0.593526503993605,0.804702059382128
11431060401,0,0.0233565395077752,0.00449629998023417,0.111154515559631,0.0953131735451223,0,0,0,0.0193897054705795,0,0.065695857376455,0.005964217763182,0.114057887959405,0.0178380058517929,0,0,0,0,0.0302911343455893,0,0,0.512442662640234,0,0.684737190545251,0.731620071239701
11049070401,0.0356219697340208,0.0147798803075908,0.0194279084386404,0.0484829045869981,0.0191915398561,0.0495423066732668,0,0,0.0530321072012273,0,0.0457040319555203,0.015651389238012,0.242891474722034,0.0445303335449589,0,0,0,0,0.0155673326934781,0,0,0.395576821048152,0,0.602562158233714,0.799856615089828
11321060401,0.0171874927505051,0.0345858077281163,0.0130219968639232,0.0570065048687075,0.0772599688848699,0.155565537442155,0,0,0.0172048925400437,0,0.0876749810910789,0,0.206625175294407,0.013177082573562,0,0,0,0.0130533041446778,0,0,0,0.307637255817953,0,0.550264074874798,0.834905187740768
11234050401,0.0676823254942465,0,0.0117120097988587,0.0236016310583405,0.0628461697491926,0.0965904425374245,0.00149834129557094,0,0,0,0.0881494794352892,0,0.0948616458829672,0.0178687281202316,0,0,0,0,0.0144168249239722,0,0,0.520772401703906,0,0.596288476789899,0.814546315214702
11048050401,0.0451882491604964,0,0.00289896231199258,0.0263813210706707,0.0473295201657011,0.0627760950332515,0,0,0.015563657554373,0,0.0193455189661553,0.0106986214922637,0.153048353836447,0.0485120110810937,0,0,0,0,0.017356425934038,0,0,0.550901263393517,0,0.627032441938244,0.795380675013083
11059050401,0.0914190570062626,0,0.00406376411184111,0.121462125957385,0.0726047330102593,0,0,0,0.0307288794349451,0,0.0362412783355716,0.0260512068853226,0.188945281655464,0.00431933462964363,0,0,0,0,0.0445783447636871,0,0,0.379585994209618,0,0.585022875777319,0.81212162372963
11292050401,0.0316097846458273,0,0.00228840183961569,0.067236548822565,0.0215703102369431,0.0353945161876016,0.00590464641397996,0,0,0,0.0566316214213332,0,0.133972524902555,0.0439161367284363,0,0,0,0,0.0230760115321879,0,0,0.578399497268955,0,0.650798049140104,0.776295681042751
11043040401,0.045505614092032,0,0.00896171311612716,0.0196700232004688,0.0253777080223163,0.0609015042488166,0,0,0.0588856167211966,0,0.0394966320220436,0.0129744904111153,0.182554578730234,0.0410849539934963,0.000308675871306893,0,0,0,0.0196507770328027,0,0,0.484627712538044,0,0.595600286219439,0.813594638246256
11163040401,0.00496146233785273,0.0163494310535989,0.0085357355832069,0.037757777350848,0.0606255838544808,0.0487544186001831,0,0,0,0,0.111202924365681,0.00733952931182484,0.106490077016857,0.0063055279711216,0,0,0,0.00672520135274124,0.0400418323134444,0,0,0.54491049888816,0,0.638351482681651,0.78035153525233
11235010401,0.087902098432304,0,0.0127765167820059,0.0898011968955492,0.0958505261888435,0.0834290906452871,0,0,0.0178083469306317,0,0.0416712757951906,0.0209805803797176,0.139957009068951,0,0,0,0,0.00173448373341065,0.0351359679997316,0,0,0.372952907148377,0,0.594116412921923,0.804666155108769
11004030401,0.0663482344018003,0,0.000766918064132119,0.0757908977765164,0.0521568492139263,0.0551840034286219,0,0,0.0173228625760058,0,0.0585669755012784,0.0133882738577257,0.205735558772908,0.00919492244756024,0,0,0,0.00466794256244127,0.0366832474459635,0,0,0.40419331395112,0,0.572294389436946,0.823770561541624
11355040401,0.0258989022984281,0.00194591551170453,0.0133822253620288,0.0684403228447911,0.0803654170432408,0.0912967620124139,0,0,0,0,0.0687334978181262,0,0.196622470061716,0.00872986403152238,0,0,0,0,0.00433276992650891,0,0,0.440251853089519,0,0.625623892688517,0.782851973572927
11167040401,0.0936323335314597,0,0.0122606223793663,0.100148921406297,0.0696903277791279,0.025687700239307,0,0,0.0596000363061823,0,0.125746066882596,0.00581802823154387,0.162264165955544,0,0,0,0,0,0.0329265195607702,0,0,0.312225277727805,0,0.525609536756539,0.851749426566935
11287040401,0,0.0184639402338566,0.00943116800537243,0.0376742324684753,0.0436072088025309,0.0590881475282134,0.0194363677931862,0,0,0,0.117147006175436,0,0.13712639301866,0.00600296344786269,0,0,0,0.00712702074266851,0.0110036152799241,0,0,0.533891936503814,0,0.681927897902827,0.736896883187933
11001040401,0.0388502071266905,0,0,0,0.0518609921313094,0.0258469815923888,0,0,0.00944474894489078,0,0.116356768923458,0,0.107559362616329,0.0952819512897428,0,0,0,0,0.0019664423889274,0,0,0.552832544986264,0,0.664244295906843,0.758172013846335
11269030401,0.0246377974275406,0.0210988993532505,0.00753947804202026,0.0993029662309145,0.0763599553800529,0,0,0,0.0134045280289115,0,0.136091764531055,0.00628507532530126,0.182342256515831,0,0,0,0,0.00646523472463714,0.0365127810043176,0,0,0.389959263436168,0,0.537623299963738,0.849201589658657
11181030401,0.0339916305508144,0,0.00768880797507634,0.0650070114099583,0.0414069124532618,0.0396643051715078,0,0,0.00134214741085491,0,0.13323778080555,0.00075067904157006,0.165888375937536,0.000145276196087334,0,0,0,0,0.0258447523957494,0,0,0.485032320652034,0,0.542881157867414,0.85917604317693
11182020401,0.038536854027217,0,0.0136065118033068,0.0258796865059705,0.0648671682556256,0.0342721796983867,0,0,0.0168427594255658,0,0.0535367625552935,0.00721761917504561,0.254445012327211,0.0420992362120752,0,0,0,0,0.0261493507511791,0,0,0.422546859263123,0,0.524643448695871,0.866493091583561
11053040401,0.049903154232579,0,0.0125763026633411,0.150002841910257,0.0273514983825424,0,0.0211241648719873,0,0.0403984123447627,0,0.186682789712576,0,0.194284350214873,0,0,0,0,0,0.0300039511828391,0,0,0.287672534484242,0,0.57708918552607,0.816920425365091
11303050401,0.0335380822204747,0,0.00967734008196054,0.0424254427992469,0.0465768847216373,0.00143499620659029,0,0,0.00470229092043878,0,0.061891048600566,0,0.200454954228582,0.00606230404295233,0,0,0,0.0102476718162688,0.0227878792279868,0,0,0.560201105133296,0,0.611121994215388,0.816279627442286
11017040401,0.0164735810642324,0.0104878163543576,0.00508302025884992,0.0685697371895269,0.0467805719144332,0,0,0,0.0257268187979548,0,0.0405359086635189,0.017260587026811,0.192046155861414,0.0244709784005812,0,0,0,0,0.0427006259168466,0,0,0.509864198551473,0,0.660964068923871,0.756716632499512
11247010401,0.0884461656620752,0,0,0.0969015961659148,0.0343881766484387,0.120250234280186,0,0,0.00403651110916899,0,0.0961468636032376,0.000273137542157493,0.230021110597554,0.00350029133218475,0,0,0,0.00138707338772968,0.0333781988260416,0,0,0.291270640845312,0,0.580597486810622,0.814152110367983
11042020401,0.0382636589778832,0,0.00556980459972513,0.0700696024232693,0.0586413656850067,0.0958426685210324,0,0,0.00979054873399461,0,0.0398512986756617,0.0338945241750015,0.120568135824844,0.0255704369021109,0,0,0,0,0.041386943494813,0,0,0.460551011986657,0,0.61652206377913,0.790408532247438
11016040401,0.00747105031412872,0.017549321181621,0.0102595895266042,0.0764582899196111,0.0799280993000632,0.0868208903262136,0,0,0,0,0.0994019391584193,0,0.177737222243837,0,0,0,0,0.0019535443386726,0.0140203704635715,0,0,0.428399683227258,0,0.553033136449723,0.841432116661436
11415070401,0.0860700208906888,0,0.0132092149608582,0.024579867209351,0.0447926446454636,0.109470232075977,0,0,0.0163004981608824,0,0.029345971305883,0.0171534768113173,0.216106895897132,0,0,0,0,0.00931649824482729,0.0337140258149647,0,0,0.399940653982655,0,0.655358312150677,0.755665853546282
11313060401,0.0310564058239856,0.0106137393868656,0.0158345747980758,0,0.0814254294996417,0,0,0,0.0149585996481482,0.00518910753163438,0.0836816245786945,0,0.112520926050383,0.0633784962521707,0,0,0,0,0,0,0,0.581341096430401,0,0.600725384434939,0.826218525342664
11047060401,0.0409987948871976,0,0.00251412781577842,0.0202550253487519,0.0226005597035709,0.117587983710198,0,0,0.0169635434943247,0,0.0509617157127042,0.00794012706416162,0.171691926058211,0.0146172271765402,0,0.00312289172690226,0,0,0.0276488279157988,0,0,0.50309724938586,0,0.601893664977652,0.810159026975931
11431050401,0,0.0167806819092613,0.000601228785215218,0.0681740882787973,0.035855177703175,0.068677533169577,0,0,0,0,0.0709449549616614,0.00371339831561745,0.188374930508897,0.0110851431147254,0,0,0,0,0.0307650281469278,0,0,0.505027835106145,0,0.63592636616256,0.780387954721722
11176040401,0.0237545087768285,0,0.00919201363767641,0.0312922095566091,0.0367007329824241,0.0429707708581212,0,0,0.0153784043789393,0,0.0688676279892355,0,0.223483007041076,0.0387706583696694,0,0,0,0,0.0205107644068711,0,0,0.48907930200255,0,0.625438518214827,0.789791866370556
11407040401,0.0573498778703936,0,0.00876690262567477,0.121536761415626,0.070374557086564,0.0043888698508666,0.00351547458074028,0,0,0,0.0893121040485465,0,0.151913090478925,0.0130019352637637,0,0,0,0,0.0199531322600516,0,0,0.459887294518847,0,0.57859753114385,0.823796864221258
11035010401,0.0143414947173728,0.0187690167602082,0.00886572144232864,0.046916018374055,0.0971502359452007,0.0270648857754209,0,0,0.0216541079264969,0,0.0563942082284188,0.0250893736244688,0.132118759279578,0.0209006117475806,0,0,0,0,0.0419670890421614,0,0,0.488768477136709,0,0.616537276690082,0.793181940062463
11315050401,0.0197112730390116,0.0102733993684774,0.0149683982025176,0.0219165241953132,0.0900818904541315,0.0313543317535041,0,0,0,0,0.0723684292112195,0,0.106270078510068,0.0411007523181281,0,0,0,0,0.0104926958747418,0,0,0.581462227072888,0,0.676599162970098,0.74786734347368
11292040401,0.0056747816338434,0.0100826819759519,0.0072121800393073,0.0527634156698867,0.0746335811425069,0,0,0,0.00360557128188414,0,0.0614469429168461,0,0.0925009635382108,0.0658921736692147,0,0,0,0,0.0306103300129266,0,0,0.595577378119421,0,0.671695536312394,0.755639855159243
11046030401,0.0355966012673883,0.00530975643916552,0.00435207393818533,0.0253732479075186,0.0528923345283199,0.0479749460085078,0,0,0.0210010602061894,0,0.0570980841453271,0.0147078399061728,0.150826606562894,0.0738346702638944,0,0,0,0,0.01728154758404,0,0,0.493751231242397,0,0.551188628240524,0.852750442632867
11174040401,0.0257891604991087,0,0.00156584230892203,0.0612255182349309,0.0584629695093776,0.00480681995772396,0,0,0,0,0.0782022090570896,0.0036876686818175,0.180557541574853,0.0400741948646186,0,0,0,0,0.0239789567878202,0,0,0.521649118523738,0,0.620569859686819,0.798050930846977
11166010401,0.0606439703875456,0,0.0089875692912447,0.189300419291386,0.0384853257020688,0,0,0,0.0354318294338188,0,0.11318820481028,0.0120421562489331,0.129238025700442,0,0,0,0,0.00197030087523523,0.0398734422582236,0,0,0.370838756000822,0,0.593835443473803,0.805705378531824
11265050401,0.067124700805371,0,0.00235987833278926,0.0406127699761639,0,0.147645692824629,0,0,0.0287466350380651,0,0.0880977060076802,0.0205673529313891,0.174741175921926,0,0,0,0,0.00195257662236732,0.0449056204908994,0,0,0.38324589104872,0,0.621488216259459,0.783921049497734
11172010401,0.00400885669766545,0.0153234448600045,0.00443831360296926,0.0697830807962286,0.0287606982570314,0.0221185092503354,0,0,0.0361576265619113,0,0.0326442035069522,0.0323333750339541,0.205587144027329,0,0,0,0,0,0.0520542461327309,0,0,0.496790501272888,0,0.667988042937646,0.748688350719667
11273020401,0.0622869013107238,0,0.00250822654920472,0.147541316276309,0.0192298739303149,0.096172180456632,0,0,0.0196690168106313,0,0.288183411434697,0,0.0893532298755079,0.00351536252804293,0,0,0,0,0.0266488261182026,0,0,0.244891654709734,0,0.618951738502017,0.786810093802935
11164070401,0.0468057000701448,0.00526511579247767,0.000725467124015248,0.0762749691251741,0.0526161005026447,0.0220582150881463,0,0,0,0,0.118472044813755,0,0.128866961640545,0.0248242752668425,0,0,0,0,0.0172615943464974,0,0,0.506829556229757,0,0.646746916242616,0.76892660514328
11327060401,0.0253921045239036,0,0.00779845913159453,0.0321195475134678,0.0406202792663853,0.0491527090065806,0,0,0.00206076819029062,0,0.0771122623783693,0,0.158477846052492,0.0124427338468056,0,0,0,0.00744260442068665,0.0214190971530281,0,0,0.565961588516396,0,0.655692178308467,0.769553736761883
11200060401,0.0510595961667999,0,0.00876880386227434,0.00524483860569524,0.0413878156371883,0.0732561468522895,0,0,0,0,0.106648325997556,0,0.0863609640591817,0.0429674152675728,0,0,0,0,0.00653188360717637,0,0,0.577774209944266,0,0.636055696921568,0.788424330398739
11306010401,0.0473480187266492,0,0.00667220449238341,0.110932676008254,0.0713369474991969,0.00192374793488512,0,0,0.0363674974733422,0,0.0651156335234367,0.0137908470317527,0.231004885845247,0,0,0,0,0,0.0407979113166286,0,0,0.374709630148224,0,0.586861604375221,0.811067358720838
11268040401,0.012812377392441,0.00470135456504341,0.00294509851129469,0.0485827244498015,0.0476494465432366,0.0135102035258629,0,0,0.00274892719655216,0,0.0762049513712861,0.0145490324693798,0.170333870003043,0.0535570596794988,0,0,0,0,0.0275530414847204,0,0,0.524851912807839,0,0.576159355482609,0.839677761049016
11057040401,0.0369117641315943,0.00167543667154082,0.00881040813520212,0.0301985031517761,0.0528462100453113,0.040077614760029,0,0,0.0323285584495132,0,0.0813722027014683,0.00531802118071435,0.165878803625642,0.0605512637728148,0.00179068956237588,0,0,0,0.0142874250306853,0,0,0.467953098781333,0,0.603371537061625,0.804153864472415
11275040401,0.0966461594363726,0,0.00479854150624226,0.134377118104756,0.0771150056588762,0.0415011626230554,0,0,0.0138942282706088,0,0.0923207574815498,0.0181310454075737,0.163970783305784,0,0,0,0,0,0.0363293832780759,0,0,0.320915814927105,0,0.574750467390482,0.818551243263692
11040040401,0.0771939255459833,0,0.0134507706723298,0.0594022163782052,0.032206901483122,0.0480210506960633,0,0,0.0504849122221676,0,0.0219617959171714,0.0240490652224348,0.171086312451768,0.011148321012065,0,0,0,0.00212861112678883,0.0266943158517678,0,0,0.462171801420132,0,0.592651448365411,0.812071082260633
11407060401,0.0676190411780369,0,0.00979998231165298,0.110217520782774,0.0805841893049645,0,0,0,0,0,0.0820637573581467,0,0.11229120944248,0.0185262442312464,0,0,0,0.00252594328987135,0.0229468619133519,0,0,0.493425250187475,0,0.575881159675326,0.829073085356798
11249050401,0.0422153471388236,0,0.00645640587820311,0.0422111508057605,0.0352454297532356,0.106440313699526,0.0111433941806942,0,0,0,0.0828751900654372,0,0.110520832558908,0.0305728788454949,0,0,0,0,0.0137488913100339,0,0,0.518570165763883,0,0.609129126353855,0.803563278767431
11205050401,0.0238170322385103,0.00878653220800858,0.0149257114912136,0.0333813492277356,0.0419535920186615,0.0342064937032503,0,0,0.00155272476167773,0,0.0651448424729894,0,0.218825403144096,0,0,0,0,0.0244681853875247,0.0303567412377347,0,0,0.502581392108598,0,0.645044991209896,0.771913905253595
11435060401,0.0419994368683655,0.00215068473407352,0.0121176841934011,0.0208290534780328,0.0841307252508974,0.101135090786561,0,0,0,0,0.0977268603169118,0,0.142815337026581,0.00918648637773311,0,0,0,0.0106955525106668,0.00819015712086361,0,0,0.469022931335912,0,0.611406800071964,0.796120857624372
11307060401,0.0595850765544595,0,0,0.0315931382888462,0.0561271028611642,0.0311332887097072,0.0185394959617838,0,0.00441279226705267,0,0.0561635627478902,0,0.144003712715037,0.0207142176230184,0.00140351068590271,0,0,0,0,0,0,0.576324101585138,0,0.647492694884833,0.779423327457352
11050010401,0.0678739212758669,0,0.00359708550060766,0.152936254722455,0.0915707935076763,0,0,0,0.0373400088959301,0,0.0498841627120151,0.0431157736342402,0.148857548190113,0,0,0,0,0,0.0479799885625298,0,0,0.356844462998566,0,0.538511326589534,0.844979552640315
11016060401,0.0432117714281156,0,0.00917323555161894,0.096999883774737,0.0900459272200822,0.111994912160398,0,0,0,0,0.0736884626723413,0.00507538149312257,0.135721831121984,0,0,0,0,0.0070350591711543,0.0249149679936052,0,0,0.402138567412841,0,0.55165981876535,0.838124843904278
11321040401,0.01374824269615,0.0415963926728695,0.0176984514468745,0.0769485284999494,0.0560449929204633,0.136059591006405,0,0,0,0,0.107464384676186,0,0.23445020965348,0,0,0,0,0.0263157568344311,0,0,0,0.289673449593192,0,0.547493559431864,0.836614024228948
11408070401,0.0804718931472375,0,0.00559328112456624,0.04861771955713,0.106475772432697,0.0128082145159013,0.00877254279378552,0,0.00879638591327356,0,0.0369024415244474,0.00232913756425672,0.193711660203235,0,0,0.00150063741979183,0,0.00446591778436639,0.0328061166776835,0,0,0.456748279341628,0,0.615488407546243,0.792340768081952
11162050401,0.06510413737247,0,0.00818656801322425,0.0296077526102618,0.05958435616935,0.0355666412432006,0,0,0,0,0.0351430325241286,0,0.186515984784863,0.0320760374267573,0,0,0,0,0.00194565810306418,0,0,0.54626983175268,0,0.635476137806063,0.788499401933882
11329040401,0.0388837500263737,0,0.00921233598477804,0.0552616812585815,0.020897412309204,0.0783255702843982,0,0,0.0106352032185606,0,0.0994186985607351,0,0.106182211880744,0.041582127777631,0,0,0,0,0.0222015817928895,0,0,0.517399426906104,0,0.641008086464143,0.774255915431173
11035030401,0.0171010709157865,0.017820322336719,0.00612965824726689,0.0489433630748049,0.0645450598182468,0,0.00561163760624581,0,0.019062763316422,0,0.0891899448219667,0,0.132927997216547,0.0422006118848899,0,0,0,0.00645563882642254,0.0279313350186176,0,0,0.522080596916065,0,0.638951348743151,0.777399149100621
11431010401,0,0.021777717073723,0.00349125269454992,0.0684960428062994,0.0479250362127361,0.091861096707075,0,0,0,0,0.0713741788532213,0,0.192046649445187,0,0,0,0,0.0012894818982465,0.0181393029181283,0,0,0.483599241390834,0,0.64875078534239,0.76562638396051
11268060401,0.0369323742251093,0,0.000569439211341123,0.0513245394499377,0.0461401282858469,0.0162088087450666,0,0,0.0117139988704116,0,0.0609177301419168,0.000225143324451672,0.177842162497706,0.0530488316960311,0,0,0,0,0.0150267128796844,0,0,0.530050130672496,0,0.567645206529105,0.848987575959608
11280030401,0.0229104164383623,0.0047614920907675,0.00148545153029972,0.0468832107032992,0.0309166907935384,0.125940151073193,0,0,0,0,0.0855749600486051,0,0.13546778601709,0.0117919949002362,0,0,0,0.00139490323750449,0.0214521554472742,0,0,0.51142078771983,0,0.611668023632626,0.801474171859709
11259050401,0.0332952421247273,0.0144957668904259,0.00386736285821576,0.0738036629361532,0.0517030375853975,0.0392697371350652,0,0,0,0,0.159924142698949,0,0.137020008357125,0.00591355501714255,0,0,0,0.00834175694057921,0.0124662907511878,0,0,0.459899436705031,0,0.564746371706513,0.836075211147676
11234010401,0.0697201236670665,0,0.00365115036534051,0.0220765964522666,0.0349926119004906,0.150403919027482,0,0,0,0,0.0678227967490893,0.0122149990882037,0.132856775874849,0,0,0,0,0.00024152676144742,0.0304572567511998,0,0,0.475562243362564,0,0.617434956716533,0.791096077814084
11449040401,0,0.0362956839980429,0.00136646158236972,0.0853645445961952,0.0445919844607849,0.048296130352666,0.00784242659771927,0,0.000915042368449486,0,0.0903656545838031,0.00537400370241043,0.121118421731181,0.0318700049430259,0,0,0,0,0.0323192241502058,0,0,0.494280416933146,0,0.60165688655319,0.807265881267093
11046020401,0.037135073296363,0,0.00940591010427046,0.0399657984362506,0.0385899726467922,0.0360243660812084,0,0,0.0224267511601319,0,0.0757737713709705,0.0110243865748279,0.152961953585793,0.0725242180215431,0,0,0,0,0.0256868046879054,0,0,0.478480994033944,0,0.557958492877588,0.844057533888713
11062060401,0.00897484561499381,0.0134883019585116,0.00861693498730215,0.104024581849902,0.044216245975171,0,0,0,0.0367969955407469,0,0.049508470220973,0.0107925495334086,0.159701440100752,0.0528993329475333,0,0,0,0,0.0293499210466261,0,0,0.481630380224079,0,0.605364827785454,0.803902663762993
11218040401,0.0545943643605431,0.0122733791340016,0.010878789117811,0.0621833976666565,0.0667331830770537,0.0462533092064548,0,0,0.0671606725728032,0,0.0589032933806914,0,0.165609031176097,0,0,0,0,0.0144352301796488,0.00581022574097485,0,0,0.435165124387264,0,0.612106173302806,0.793135014584405
11040010401,0.0535779198169385,0,0.0141471348422211,0.0530839891019228,0.0132579155337258,0.070311030094914,0,0,0.067962696666544,0,0.0151933701880605,0.0246225612917236,0.140270176825229,0.01688403932131,0.00301082495444854,0,0,0,0.0266294045098361,0,0,0.501048936853126,0,0.621510634014096,0.790541254216677
11410020401,0.0163095384016863,0,0.00828465988099029,0.140610576921934,0,0.0312480491398441,0,0,0.0159939994572054,0,0.210192928649175,0,0.142915926042915,0.00393282497890475,0,0,0,0,0.0331996124860999,0,0,0.397311884041246,0,0.563361998946123,0.832806789982759
11269040401,0.0373474427573146,0.00270994231585729,0.00936137339257657,0.0940419416374918,0.0741318036679411,0.00394569092062095,0,0,0.0106398190372616,0,0.111849333144507,0.000431048381882125,0.14566049343209,0,0,0,0,0.00451306519601573,0.0248045210229003,0,0,0.480563525093541,0,0.559067573435834,0.843011962400992
11386050401,0.00499537749298726,0.0161439518552587,0.00512174450784175,0.0489676741309116,0.0512334545117965,0.0305927747468888,0,0,0,0,0.0569423664428618,0,0.181829855936411,0,0,0,0,0.0140749621326156,0.0280560668404404,0,0,0.562041771401987,0,0.666841308989413,0.758243874067373
11237040401,0.0193728224187906,0.0202375006277528,0.00879153958433351,0.153722317303272,0.0269641964344126,0.0334961244865751,0,0,0.0137856704502348,0,0.132846188064685,0,0.160871323706472,0.00278903361345942,0,0,0,0.00146941689132483,0.0293997568168658,0,0,0.396254109601822,0,0.559458657699003,0.83348660126317
11355010401,0.0214231061495852,0.00813368194820741,0.00944768980859071,0.125783029426994,0.0979400951733261,0,0,0,0.0250519998010639,0,0.0206959585141975,0.0328896413114067,0.167584226315583,0,0,0,0,0.00137019834155898,0.0430699822343981,0,0,0.446610390975088,0,0.634680359097412,0.774687436024547
39651070401,0.0646222412693463,0,0.0122950504071688,0.0365442120716201,0.0407910189971274,0.0580029764137713,0,0,0,0,0.0772836612198133,0,0.079072953495101,0.025009937111269,0,0,0,0.00210090352302133,0.0140694851978586,0,0,0.590207560293903,0,0.684943769645172,0.73920417558638
11317070401,0.0370226830669396,0,0.0105309479743655,0.0270751872511136,0.0692079042942434,0.0804027086283916,0,0,0.0142878991395232,0,0.0435995432275238,0,0.177878488328124,0.0150456827842518,0,0,0,0,0,0,0,0.524948955305523,0,0.617839216226332,0.800187579136916
11161020401,0.044340477246923,0,0.00474709902260424,0.087389692347186,0,0.0922643874001594,0,0,0.0089369930323586,0,0.133369448450355,0.00496762625496622,0.128407371228479,0.000754767496940197,0,0,0,0,0.0448276496738283,0,0,0.449994487846199,0,0.620255535782903,0.787569668133621
11019030401,0.0188664729130656,0.0105209433810229,0.00777275395908749,0.089926487427709,0.0532249215301327,0,0,0,0.0388481841466987,0,0.0849840935679594,0.019795799930909,0.161168362864316,0.0353491652148051,0,0,0,0,0.0435813764411949,0,0,0.435961438623099,0,0.593560296288732,0.808812986562704
11200050401,0.0169438298009021,0.0270234321307914,0.00697858784511225,0.0265042177636725,0.0698885484232633,0.0731968013493698,0.00421391725464305,0,0,0,0.0831358902608694,0,0.130685326830073,0.051595062376261,0,0,0,0.0067329813131356,0.0076320642398611,0,0,0.495469340412045,0,0.602771363518061,0.806669976210407
11259030401,0.0314487052832662,0.0242050045843899,0.00567841950849603,0.0723103973935805,0.0622276916103518,0.0885111162747996,0,0,0,0,0.107656776714631,0,0.157048959244067,0,0,0,0,0.0087887729980752,0.0169441565253555,0,0,0.425179999862988,0,0.559683370336076,0.834785655653995
11055060401,0.0324612673924023,0,0.00604274768703055,0.0432943202589263,0.0448503507647879,0.0699405594472833,0,0,0,0,0.0753457993124971,0,0.111860696623236,0.0307785925484952,0,0,0,0.00508609417755831,0.0144458440107044,0,0,0.565893727777079,0,0.623642745381756,0.799032221523944
11418070401,0.0952359963811571,0,0.0168431058426952,0.101181169902242,0.0715203263240916,0.0866474856293597,0,0,0.00311130707419748,0,0.0901527019818709,0,0.173723777907243,0,0,0,0,0.00196447459734786,0.0199092070329531,0,0,0.339710447326842,0,0.62911884278343,0.778756321601347
11410010401,0.0384691839325415,0,0.0117610095376834,0.075633654992929,0.0492367996662354,0.0605860650142525,0,0,0,0,0.107027600853706,0.00105903492454751,0.164950440686389,0.00668772353669367,0,0,0,0,0.0266345005204124,0,0,0.45795398633461,0,0.598475624483751,0.807128483473665
11289070401,0.0882099872840652,0,0.00689611254560867,0.0548268691269498,0.050148579968351,0.0204743441316306,0,0,0.0268403070921536,0,0.030713526004839,0.0224726122628302,0.208532725589954,0,0,0,0,0.00135294801734445,0.0441461663931617,0,0,0.445385821583111,0,0.620894139178326,0.787265091346607
11327040401,0.0091709559277727,0.0155569740310047,0.00653493238596904,0.0522005408515456,0,0.125497183451786,0.0127342973522718,0,0,0,0.1258359764829,0,0.173324943752181,0.00247592405399897,0,0,0,0.00511512739409661,0.0281170985187157,0,0,0.443436045797759,0,0.653210196967893,0.758544141463721
11321010401,0.0195603910263028,0.0127068409966741,0.00576097108882465,0.0764446220369769,0.0276861377089135,0.135894156243408,0,0,0.00111286514612382,0,0.13400502628193,0,0.228095980455699,0,0,0,0,0.00383112141065223,0.0246130760472566,0,0,0.330288811557239,0,0.502800306048037,0.869858721381668
11418050401,0.0786194855898611,0,0.0171952006590687,0.117749875048767,0.0369778284803525,0.094110601619286,0,0,0,0,0.113973463476221,0,0.150927677460591,0,0,0,0,0,0.0210004697006581,0,0,0.369445397965194,0,0.607139246380302,0.795237908839356
11409030401,0.0596584646153658,0,0.00502112005216955,0.112844423443419,0.112196940668398,0.0124524975467215,0,0,0.0259130384421461,0,0.0550263039378995,0.0309368323854091,0.162879595552609,0.0186169436527542,0,0,0,0,0.0458797770163562,0,0,0.358574062686752,0,0.562035052997271,0.827962004997664
11417010401,0.0348444541566579,0,0.00385004137798915,0.111774258970168,0.0895014473568556,0,0,0,0.037527117483619,0,0.0905816532613945,0,0.105884065774088,0.0221497323270492,0,0,0,0,0.036189003605589,0,0,0.46769822568659,0,0.607842446663608,0.798560930406503
11021010401,0.0504343765715679,0,0.0059209748798845,0.0838159446012957,0.0470564588037479,0.0293409420512114,0,0,0,0,0.0962943004602992,0,0.181547990763008,0.0198823293953112,0,0,0,0,0.0284937780931751,0,0,0.457212904380499,0,0.592537074485312,0.812710826912821
11285010401,0.0191257733563835,0.014314042124181,0,0.0374303102237105,0.0534996175226271,0.0506649592653513,0,0,0.0227160187056661,0,0.0798857549010976,0.00804363125438761,0.252731645684452,0.0293375058713213,0.000109659340332306,0,0,0,0.0277883892016239,0,0,0.404352692548866,0,0.533822951345157,0.856357402423178
11023020401,0.0249638607434111,0.0444937601555158,0,0.0517582843682506,0.00366420279682824,0.0849758540746537,0.0118456585065398,0,0,0,0.184566688752215,0,0.189318091217564,0,0,0,0,0,0.0150785934570166,0,0,0.389335005928005,0,0.582029449610712,0.816351298969905
11017030401,0.0354143077083396,0.0279103191832938,0.00239654984597614,0.0847288445262916,0.0450329379188838,0.021272448340386,0,0,0.0155408459843913,0,0.0691919914635087,0.0211136673865809,0.189284425318312,0,0,0,0,0,0.0387692262630475,0,0,0.449344436060989,0,0.638211586192058,0.772283020244982
11338050401,0.0255619977331867,0,0.00487083262726511,0.0841479833450399,0.0192684379634016,0.113214088299071,0,0,0.0125060925815901,0,0.0613438142174594,0.00135905028620147,0.183480247535959,0.039446016421542,0,0,0,0,0.0328056818056504,0,0,0.421995757183633,0,0.5713602838834,0.825812147807622
11044020401,0.0366205031800081,0,0.0100857515402414,0.0421995886425722,0.034263589533201,0.0394866058396719,0,0,0.00981396976937125,0,0.106394874393306,0,0.134175029255088,0.0220751128199862,0,0,0,0.00632448858121205,0.0222259480368896,0,0,0.536334538408452,0,0.600387497305725,0.816407568877767
11210070401,0.0254137057211798,0,0.00699517936852153,0.135944276982302,0.00528615115169183,0.0468164550313755,0,0,0.00120264602412607,0,0.11495237666299,0,0.193926955027867,0,0,0,0,0,0.0170677647669312,0,0,0.452394489263016,0,0.590040764387971,0.816060862280968
11049060401,0.087680903381006,0,0.0183024598676486,0.0769065156135759,0.0432973590883859,0.0446958572247861,0,0,0.0491176497954487,0,0.029490479704837,0.0198818339245626,0.18408147765125,0.0140723132976236,0,0,0,0.000938645668842551,0.0375954229365844,0,0,0.393939081845448,0,0.594183390465535,0.805329794672318
11442050401,0.0499750122674154,0,0.00929881766420391,0.0390700096474532,0.090728756162786,0.0829192577527303,0,0,0,0,0.0669294842475379,0,0.111635973185671,0.00433503745341337,0,0,0,0,0.0103946302656102,0,0,0.534713021353179,0,0.613871169166491,0.80182756183327
11023010401,0.00790747598367543,0.019738358529151,0.00206474554780465,0.00530303388082598,0.042018846780461,0.0355049099799392,0,0,0.0135234317945077,0,0.130042166831036,0,0.248951762110965,0.000235092688603475,0,0,0,0,0.0293237763815539,0,0,0.465386399491476,0,0.614480583293045,0.798034547683827
11418020401,0.0644753557831223,0,0.0156292508976638,0.081436273190516,0.0398019366290002,0.11717428342347,0,0,0.00109028373144666,0,0.102231716517125,0,0.158821744123122,0,0,0,0,5.88795442164286e-05,0.0212370508099452,0,0,0.398043225350373,0,0.637348552956461,0.771309535105269
11166030401,0.0288527209762683,0,0.00698103234169922,0.0529387199421242,0.00695431903209905,0.0227926474813553,0,0,0.0102103842689536,0,0.12824505214781,0,0.126231184013468,0.0692975451329574,0.00140955347073705,0,0,0,0.00513437838603539,0,0,0.540952462806493,0,0.595860064362375,0.823795763577008
11180050401,0.0232962566054503,0,0.00508923620232164,0.0106250264531885,0.037895831746856,0.0213050142775441,0.00375913563814605,0,0.0303785075926059,0,0.0427989195123515,0,0.180417579792842,0.0399497309241837,0,0,0,0,0,0,0,0.60448476125451,0,0.690705365499366,0.74283629691747
11289010401,0.0645546346740004,0,0.00713331190501912,0.0373858747668537,0.043105088000953,0.0770098188047376,0,0,0.0124757151692268,0,0.0485721620268309,0.0189924738001336,0.183257428424388,0,0,0,0,0.00061822549834681,0.0392771214110232,0,0,0.467618145518487,0,0.598891426683255,0.807761148786489
11259010401,0.0535323386227834,0.00011172857301833,0.00979267455610022,0.095402569071514,0.065897422096988,0.0821003613284427,0,0,0,0,0.154876911422821,0,0.138428113878576,0,0,0,0.00231382679696664,0.0060097295705681,0.0249342920604017,0,0,0.36660003202182,0,0.5412978009185,0.843968139140297
11252020401,0.0249807707550162,0.0105768252067221,0.0160557320407876,0.0482344675231186,0.0966545432109526,0.0719306529388384,0,0,0.0351715660520015,0,0.0666999972646787,0.0107277798519462,0.182763927648717,0.0376521724753806,0,0,0,0.00285962803409672,0.00960981148101593,0,0,0.386082125516728,0,0.510820934833881,0.86748407047513
11058010401,0.0774499455613576,0,0.00730885878612394,0.104104122066177,0.0247583986317622,0.118365659416676,0,0,0.0329653497167665,0,0.0582370413708883,0.0285501962361147,0.143898814508575,0.00325193261468696,0,0,0,0,0.0381286333675448,0,0,0.362981047723328,0,0.574515931174149,0.81917621756781
11444040401,0.0679711825686329,0,0.00464864886109794,0.282894152447176,0,0.083387620983229,0,0,0.0243630612689268,0,0.153145429101084,0.00673548828344916,0.153075999710107,0,0,0,0,0,0.0300226528978952,0,0,0.193755763878401,0,0.580786715270913,0.814842457006834
11022030401,0.0305145113176282,0,0.0120180343796389,0.012376453704322,0.0468711607440352,0.0262153994495807,0,0,0.0102845480651206,0,0.0696026968755054,0,0.0676483561748339,0.0854950145401927,0.000786284594980214,0,0,0,0,0,0,0.638187540154162,0,0.639000527744919,0.800743701117634
11330010401,0.0237644607847948,0.0115821559083187,0.00714813483518208,0.14881253761292,0,0.029579942047707,0,0,0.0322063907593737,0,0.100859847275842,0.0249240205396131,0.111252492430012,0.0131439646206065,0,0,0,0,0.0423419568100702,0,0,0.45438409637556,0,0.55476638395936,0.84209265467201
11034040401,0.00520563959394966,0.00174217887085171,0.00611159090166969,0.0409213295347373,0.0204318705422863,0.0517743678764116,0,0,0.0120395302830511,0,0.11924728391489,0,0.144206941478756,0.0248235729312764,0,0,0,0.00528685066508746,0.0261587799442874,0,0,0.542050063462745,0,0.632823312417938,0.78809719548679
11287010401,0.0168872184698808,0.0109129631293133,0.00788472138127182,0.0561018799173061,0.0712286127859318,0.0693784852605603,0.0140995578460622,0,0,0,0.0898306694273867,0,0.201321012996932,0.00491534126224798,0,0,0,0.00819121843533096,0.0263137922713742,0,0,0.422934526816401,0,0.677780294804081,0.735896728473759
11061070401,0.0594495853286795,0,0.00874646773256431,0.0631243020138207,0.0248211505025365,0.0271028380636762,0,0,0.0329491676898526,0,0.0276909658765083,0.0266724653529215,0.163222869698356,0.014470997604346,0,0,0,0,0.044007142097896,0,0,0.507742048038842,0,0.628892401455923,0.785677095469112
11200010401,0.116828444941615,0,0.000384957458918901,0.062588849101257,0.0690384367258951,0.148951393273754,0,0,0.00103931791182101,0,0.134047242742501,0,0.1810655714942,0,0,0,0,0,0.0213519483423741,0,0,0.264703838007664,0,0.582191375162643,0.813889689090031
11432010401,0.0497699429791634,0,0.00781794938690662,0.0539157075223033,0.0369137665347279,0.0828851511171814,0,0,0,0,0.0404913862076801,0.0121487869028014,0.167215359017199,0.0295765350509785,0,0,0,0,0.0270831990072881,0,0,0.49218221627377,0,0.643025443394201,0.770812410824372
11333070401,0.0289413470854873,0,0.0106864445506064,0.103469225656844,0.0618916281971179,0.0782647608876484,0,0,0,0,0.115561334301336,0,0.192622379293629,0.00117839438836109,0,0,0,0.00188820318581479,0.0262463755312324,0,0,0.379249906921923,0,0.622735638451429,0.782902811174261
11431030401,0.000740985962482238,0.00434469579008592,0.00407878990085736,0.0673650128114287,0.0329652573735601,0.10348159731551,0,0,0,0,0.0722146116982182,0,0.162674976156905,0.0102437029601899,0,0,0,0,0.0203585017660725,0,0,0.521531868264691,0,0.643215558449535,0.774859356064368
11284040401,0.0163792312501084,0.00738318624097348,0.00265318231636566,0.0949386840758472,0,0.0887362163030855,0.000966989075300969,0,0.00070032534152497,0,0.0905825404937783,0,0.138063297646828,0,0,0,0,0.00343845443560218,0.01766759730574,0,0,0.538490295514845,0,0.676781877860796,0.743242105230537
11158050401,0.0239325691260335,0.00795336909290455,0.00037009773242418,0.118559194168043,0.00791481204626124,0.0656683465401884,0,0,0.017858331309693,0,0.0881666445925309,0.00801672751406722,0.151790090160932,0.0115157443087031,0,0,0,0,0.0280042530856178,0,0,0.470249820322601,0,0.576738506707159,0.82724924642934
11204010401,0.064280844956997,0,0.0079514058631933,0.0167279564534103,0.0890410118480501,0.0532509671648932,0,0,0,0,0.0559364186661358,0,0.123708272142651,0.00439631706567862,0,0,0,0,0,0,0,0.58470680583899,0,0.626920221375272,0.800530262987594
11202050401,0.0347600778841937,0,0.00635602411956199,0.0173662904989858,0.039317695997433,0.107867552801861,0,0,0.00732928032210392,0,0.0497746230848529,0,0.102735293143424,0.001621521969856,3.73312140750399e-05,0,0,0,0,0,0,0.632834308963653,0,0.634145133210264,0.804282331320921
11021050401,0.0352665737660582,0,0.00742044279918933,0.0453761270790741,0.0396843435550181,0.0590324093212701,0,0,0,0,0.106890339633175,0,0.135432030628293,0.0462670996187171,0,0,0,0,0.00853836195893098,0,0,0.516092271640275,0,0.618027958020723,0.797191722983526
11363010401,0.021301530529631,0.000988843105973634,0.0102630430767914,0.0699272900978117,0.0818434829548828,0.0211420087873549,0,0,0.0125397972491074,0,0.0377921994488579,0.00403283987545712,0.21819691899385,0.0113084520478588,0,0,0,0,0.0178052438431626,0,0,0.49285834998926,0,0.584116402433522,0.827534724537881
11403030401,0.0225906957412714,0,0.00956623611023293,0.0633699635975552,0.0556812067725773,0,0.00398947092957844,0,0.0142552250698849,0,0.129001922599078,0.00819753246166184,0.123087683495645,0.0339593163996974,0,0,0,0,0.044077331435593,0,0,0.492223415387224,0,0.589028758777605,0.818758696272034
11001020401,0.00965371344548907,0,0.00364839235658153,0.00440978328533781,0.0230365191232265,0.104040877847923,0,0,0,0,0.110796808272466,0,0.0926551613598695,0.0642236884522253,0,0,0,0.000285386669175147,0.0104100946964662,0,0,0.57683957449124,0,0.686429542666341,0.73729714185929
11322010401,0.0580286287600121,0,0.0114077224051162,0.0479214657428465,0.110203479274589,0.0713229580043411,0,0,0.00437080306691244,0,0.0587138985705836,0,0.206625254814917,0.00440259317826107,0,0,0,0.00535474578997944,0.0287753425662878,0,0,0.392873107826154,0,0.656979476268755,0.754328437876466
11246040401,0.0420294209560341,0,0.000236621672318376,0.00352753954977915,0.0594469821156958,0.000330214766111776,0,0,0.0141143030326061,0,0.0882582690212048,0,0.163276889399515,0.0690306199123645,0.000446376248572807,0,0,0,0.00754891317081714,0,0,0.55175385015498,0,0.596488081049105,0.827606340120302
11244070401,0.0463241799227039,0,0.0123455418683247,0.0571750733076003,0.0725775861830319,0.0255313838340123,0.00469489169940643,0,0.0160657442473151,0,0.0631887846380537,0,0.17988819754246,0.00106339195409496,0,0,0,0.000768059359512044,0.000501235300661302,0,0,0.519875930142823,0,0.610674243703535,0.806033688093786
11246070401,0.0199523633803836,0.00502094381679814,0.00296955500740916,0.0496448807179371,0.0732429999370382,0.0189495196131918,0,0,0.0223304465850739,0,0.0688035222432439,0.019523256094003,0.182281932467865,0.00427294366967937,0,0,0,0,0.0389455649493158,0,0,0.494062071518061,0,0.631403039678264,0.782624577260796
11366060401,0.0422290173855984,0,0.00378499210293927,0.078806111204471,0.0191113566230041,0.0322941165704221,0,0,0.0279857555325187,0,0.0730602613652897,0.00858662769816906,0.133024795923428,0.0443231065624765,0,0,0,0.000870221872604524,0.0307776448264145,0,0,0.505145992332664,0,0.661402701075253,0.754303570126908
11154050401,0.0824207468776941,0,0.00511016767539677,0.0966071020111632,0.0198271082221237,0.0297115140386995,0,0,0.0439885071305548,0,0.0195893281958666,0.0266475445916647,0.116610026642581,0,0,0,0,0.00417436232667992,0.0376305488254797,0,0,0.517683043462096,0,0.601166581875816,0.810533937894088
11329070401,0.032335073748763,0.00626856273028858,0.013029457397004,0.0675017671981476,0.0524691952712486,0.103037037030038,0,0,0,0,0.0802114442988996,0,0.155262153449139,0.0158471354440777,0,0,0,0,0.0226130496299158,0,0,0.451425123802478,0,0.621416453425497,0.786229456645221
11246060401,0.0568594820866459,0,0,0.0192985235757978,0.0455554027822437,0,0,0,0.0142686976508123,0,0.0850327273534359,0,0.12904582261072,0.0636532688437153,0.00080999734513119,0,0,0,0,0,0,0.585476077751498,0,0.61891693946932,0.81162842602929
11328040401,0.108015649827646,0,0.00620907184557091,0.136556652590175,0.026862986605957,0.0307463665567604,0.000176190925485998,0,0.0269101816012731,0,0.146977630553579,0,0.127207718202282,0,0,0,0,0.000408654962019509,0.034872152752334,0,0,0.355056743576916,0,0.573483547182325,0.820384923492666
11167060401,0.0724629896188702,0,0.00533459924757109,0.0505101101904199,0.0781894274194256,0.0326680628514453,0,0,0.0370882822512289,0,0.0701560056252771,0.0212271288725087,0.146297377874837,0.0154483954381702,0,0,0,0,0.0378025407455169,0,0,0.432815079864729,0,0.544961741992179,0.846175188699336
11018040401,0.0171389027485087,0.0183727387306672,0.014559666532863,0.010642636522528,0.0435134047879754,0.0528586800857822,0,0,0.0334062243838756,0,0.0445988432622969,0,0.276052096591328,0,0,0,0,0,0.00522023384443288,0,0,0.483636572509742,0,0.646788677397868,0.770967062384359
11287050401,0.00199826313439653,0.0182201718549507,0.00703686018634264,0.0231963395781565,0.0432794296241181,0.054544067775426,0.0136360687866601,0,0,0,0.0789681761265607,0,0.11087890843749,0.00952968144055784,0,0,0,0.0163798804087914,0.00964562721961339,0,0,0.612686525426936,0,0.685754337254141,0.743801545022242
11018010401,0.0238977843499284,0.00235443975519617,0.00908706828558036,0.0357464318710565,0.0505424715708674,0.0471342903827625,0,0,0.00941192994800587,0,0.0283749399812189,0.00369266128449374,0.243288193077971,0,0,0,0,0.00416306284387639,0.0215238985431103,0,0,0.520782828105932,0,0.665427210727471,0.756167204210448
11290060401,0.0449639212480808,0.0133653995520897,0.0102561909798664,0.0326265026859617,0.0571060473564834,0.0403506253905422,0,0,0.0188545730817587,0,0.0447333920928067,0.0155538848643164,0.119048499743131,0.00779757437139374,0,0,0,0.0097685820439006,0.03130889391533,0,0,0.554265912674339,0,0.677092627687805,0.742909408256401
11244010401,0.0310637168220319,0,0.010025034413069,0.0776501286838793,0.0491985209069526,0,0,0,0.0350441599748973,0,0.0401645065170664,0.0247119175298209,0.146752064211425,0.00327387851815522,0,0,0,0.00270113157701721,0.0400586960884241,0,0,0.539356244757261,0,0.61116057049469,0.806930061795015
11418030401,0.0829966205019376,0,0.0211153186333782,0.114242953873268,0.0622538613513806,0.092259639353372,0,0,0,0,0.139030285435776,0,0.15117486757151,0,0,0,0,0,0.0213049916489486,0,0,0.31562146163043,0,0.613950249461578,0.790858503093456
11305010401,0.0378143326652851,0,0.0127139437229349,0.027774015598134,0.0440516539223014,0.080247280218897,0,0,0,0,0.0683412563256523,0,0.141612495384756,0.00263348280391565,0,0,0,0,0.0208613735035205,0,0,0.563950165854604,0,0.649752878498804,0.77372457826161
11265040401,0.0326343420869641,0.00200892029478708,0.00383909175461832,0.0573851617216652,0.0489047381454956,0.0876136284700343,0,0,0.0299772243833358,0,0.125460811781897,0.0118131250435602,0.182316210970328,0,0,0,0,0.00227717924160772,0.0483523919989747,0,0,0.367417174106732,0,0.616459890265166,0.787748033343689
11035040401,0.0248651291044044,0,0.0121647959899486,0.0317135229711602,0.0556302797015053,0.060561042842609,0,0,0.010171708298744,0,0.0822238680956595,0,0.165391827941221,0.048776247225344,0,0,0,0,0.0150688046098101,0,0,0.493432773219594,0,0.61715678423087,0.795179478931451
11410030401,0.0260068093107115,0,0.00680127167575195,0.151752776057703,0,0.0306564246028167,0,0,0.018857168747285,0,0.222734380426089,0,0.126715249755513,0.000554841527508495,0,0,0,0,0.0283969926332376,0,0,0.387524085263383,0,0.580413889927676,0.8189093236867
11167020401,0.0846023847476521,0,0.00737273916523685,0.100488552549712,0.063996852868549,0.00483141268175132,0,0,0.0513212341822484,0,0.160306055187749,0,0.16520400511735,0,0,0,0,0,0.0354005824955471,0,0,0.326476181004205,0,0.56073731848364,0.828633747055808
11055050401,0.029484247087131,0.00419011866824114,0.00705280619806011,0.0516555412532502,0.0328511920009606,0.132532807080921,0,0,0,0,0.068099402628469,0,0.122041991558926,0.0145338923095307,0,0,0,0.00607511800898584,0.0139210424440129,0,0,0.517561840761512,0,0.633557329347871,0.781362783748567
11033020401,0.0813998298938699,0,0.0118818716427137,0.127856900626879,0.023671035986117,0.0121370329625064,0,0,0.0323071062076151,0,0.156251932894808,0,0.122883776033647,0.0203222624334251,0,0,0,0,0.0216664622838047,0,0,0.389621789034614,0,0.572186519607568,0.822884994513294
11325060401,0.103824423232017,0,0.00996851996638162,0.0659557468796507,0.0243659195838758,0.0480931276186604,0,0,0.0243813074818976,0,0.0100929903183123,0.0265944137311544,0.170942775500007,0,0,0,0,0,0.0432402367529518,0,0,0.472540538935091,0,0.656705717360581,0.756503453371688
11331050401,0.0519226687367233,0,0.0114318199948325,0.0589577320715527,0.0486328733792497,0.0822010136385912,0.00203966062629001,0,0,0,0.0794254294188429,0,0.200979037501289,0.0384653604668658,0,0,0,0.00325564544275724,0.0122657510946258,0,0,0.41042300762838,0,0.597189656906908,0.804460456242949
11181010401,0.0400216638616952,0,0.00520950609085835,0.10497564095699,0.0757654864622056,0,0,0,0.0261101699019277,0,0.0373907151395541,0.0435545024506767,0.141097918316682,0,0,0,0,0.00108835903532775,0.0587534240254982,0,0,0.466032613758584,0,0.548846831926903,0.847932327758548
11417020401,0.0294458869443005,0,0.00664315434066811,0.124846538299915,0.0329458505113206,0,0,0,0.0303435176241784,0,0.189564530422723,0,0.0916830046981007,0.0275349149066372,0,0.000286615274179182,0,0,0.0254445645230364,0,0,0.441261422454941,0,0.615190037013344,0.792282567652154
11064050401,0.0303311976510036,0,0.00406271277827362,0.0698368570441416,0.0950859244551591,0.00157984453747619,0,0,0.0239566310844285,0,0.0375243395502539,0.00753666457348183,0.102359444646776,0.0582487933627857,0,0,0,0,0.0232962990131651,0,0,0.546181291303055,0,0.637314037782507,0.78171309132747
11328050401,0.119025411446755,0,0.0127325328985447,0.0861484691436755,0.0780874520173949,0.0448846343452998,0.0038421503761877,0,0.0111679841051215,0,0.0605939137283838,0.0146078591409234,0.142474394682603,0,0,0,0,0.00184750554978121,0.0355242494666957,0,0,0.389063443098634,0,0.57453353731641,0.819904252467261
11012030401,0.0333504397367432,0.0129710738575924,0.00862426546244108,0.014035130364278,0.0315163369469796,0.0228855409517857,0,0,0.0242943702844651,0,0.0281903430588048,0,0.200698220569761,0,0,0,0,0.011884880444817,0.0112413347421007,0,0,0.600308063580232,0,0.607946508537494,0.831102028928004
11033040401,0.0740234942388444,0,0.00877659635469784,0.0962415757504893,0.0456738147529154,0.0291129473589858,0,0,0.0115914766211579,0,0.114136618118725,0,0.121155172200988,0.0189687896630197,0,0,0,0.00667645532181844,0.0217216979646843,0,0,0.451921361653674,0,0.574578996352075,0.825138611444225
11003020401,0.00714344823699642,0.0185196701697728,0.010536062082084,0.0938932790640486,0,0.0285321958093983,0,0,0.0361629280810482,0,0.181522377328048,0.00963173887233091,0.160770080745997,0.00754038729280701,0,0,0,0.0068876039356116,0.0453003931699653,0,0,0.393559835211892,0,0.628198878979805,0.779277695485805
11208010401,0.114340447864473,0,0.00444700762003886,0.100802161664067,0.0936311507068769,0.0258339167881603,0,0,0.0218455740242491,0,0.0292917012880218,0.0242353171649171,0.170945786478633,0,0,0,0,0.00073704028479048,0.0368617649241925,0,0,0.37702813119158,0,0.622751539087015,0.782854527632727
11106010401,0.0463864810227117,0,0,0.0315150890875782,0.0129346191535721,0.11178094752502,0,0,0.00115286333485483,0,0.0728321777162259,0.00476793404989913,0.199545206667301,0,0,0,0,0.00433494571897169,0.0324100468332771,0,0,0.482339688890588,0,0.624180391103209,0.788245238317083
11328060401,0.0597740890352191,0.0094211020286005,0.00166698318151081,0.0792379046608424,0.0459876574893198,0.0334158721851672,0,0,0.0624909621787086,0,0.0414562751443007,0.0251339045041455,0.214912579870517,0.00280008094236751,0,0,0,0,0.0235550415075825,0,0,0.400147547271719,0,0.555253783013979,0.83724549785908
11158060401,0.0582452131983999,0,0,0.0962909565485707,0.0210131660647804,0.0352226137767988,0,0,0.0399973770387826,0,0.043934294424374,0.0399228615625604,0.09538067658692,0.0534616458248025,0,0,0,0,0,0,0,0.516531194974011,0,0.571191754792375,0.837973000297561
11313070401,0.0224195737162318,0.00350519328214865,0.0147238423865503,0.00596934056114277,0.0539579067683857,0.00136442524489375,0,0,0.0148292731387413,0,0.0569615205297775,0,0.215775575212433,0.0239013663284981,2.23478524241307e-05,0,0,0,0,0,0,0.586569634978773,0,0.647543591519373,0.788707357283478
11432050401,0.011589526991694,0.0246847117279214,0.00477394294579561,0.0729131689334876,0,0.102010328860601,0.0128079974157949,0,0,0,0.0746947554663275,0,0.131363773104832,0.0298694407328796,0,0,0,0,0.0238815889319939,0,0,0.511410764888672,0,0.643912003143927,0.771130576916679
11042010401,0.0821604103189305,0,0.00229385662973317,0.121289666157982,0.0926892187749939,0.128419678401799,0,0,0.0279823005900584,0,0.0425413483907259,0.0388984551847858,0.158560753980009,0,0,0,0,0.00127949961173165,0.0413650480982524,0,0,0.262519763860999,0,0.59252967901033,0.807162298300165
11176050401,0.035268539592158,0,0.00601847936280312,0.0259337486637225,0.0325240410518637,0.0604494601203501,0,0,0.00620379839913051,0,0.0432854745813052,0.00217188581742754,0.215606464104464,0.0212782823928098,0,0,0,0,0.0245319797862504,0,0,0.526727846127715,0,0.61492730686099,0.80593539112556
11251050401,0.0903283093826247,0,0.00792621903891938,0.0906504130245849,0.0967514694843314,0.00930815448597876,0,0,0.021686976327912,0,0.0277752835086889,0.0297271252808699,0.134269681294758,0.00909786960529308,0,0,0,0,0.0385561460543816,0,0,0.443922352511657,0,0.628847099042563,0.779119078032854
11215010401,0.0528416323618188,0,0.0143880685824733,0.131034192169263,0.0494244530196544,0,0,0,0.0610006871149905,0,0.0624467361113346,0.0236415118217804,0.16279310645395,0.0270327424066768,0,0,0,0,0.0361242276985565,0,0,0.379272642259501,0,0.520027359737314,0.859628934995408
11415040401,0.0128726214400473,0.0108350324610006,0.0080645534022692,0.000911927323413195,0.044913286862721,0.0427903300951709,0.00739438119119686,0,0,0,0.0761264607041798,0,0.0881938573247079,0.000109798858069234,0,0,0,0.00894016950468491,0.0197503991633478,0,0,0.679097181669191,0,0.638249919266173,0.812990680199042
11163010401,0.0304258941723773,0.00546047655247325,0.0144567245054104,0.0379367613841071,0.073915919412698,0.0505401228420188,0,0,0.0029144859393833,0,0.0703849225045345,0.0078973263077387,0.138769296905521,0,0,0,0,0,0.030971596149815,0,0,0.536326473323923,0,0.627926513639537,0.789786982938752
11321070401,0,0.0285483134585025,0.00854261027901064,0.0759503502567967,0.0418399073032722,0.126521489724133,0,0,0.00709074595180299,0,0.109639387256919,0.000662933487388654,0.230101658646122,0,0,0,0,0.00954482249441399,0.0223284023497047,0,0,0.339229378791933,0,0.561404744450629,0.828538988322125
11202040401,0.0426882248962604,0,0.00132904025158796,0.019219405716847,0.0537566112791691,0.0680558034367785,0,0,0.0070126725184351,0,0.0384195824021977,0,0.128034793709617,0.0176756327632099,0,0,0,0,0.00502132883870479,0,0,0.618786904187192,0,0.606796088846936,0.831024651550664
11096040401,0.0191164727838277,0.0193720124594846,0.016465623738357,0.0563625044281265,0.048776264195733,0,0,0,0.00875894060754333,0,0.0731790299910079,0,0.204193100919475,0.0299306290740804,0,0,0,0.00246715840263647,0.0044693880617773,0,0,0.516908875337951,0,0.585742157745334,0.830804338224973
39651030401,0.022213616398275,0.000942604552335143,0.00866028793791119,0.0400181791832557,0.0499298023884101,0.0519904386478173,0,0,0,0,0.111375092649155,0,0.111885945673385,0.0468093999403014,0,0,0,0.00254408628056371,0.0145508434877982,0,0,0.539079702860792,0,0.654245604142314,0.764999491234991
11417050401,0.0457450267292239,0,0.00173751699790442,0.0934110272326019,0.0939443398080287,0,0.00344366647080162,0,0.00044895620799292,0,0.0443017627318757,0.00815387781605677,0.144687679979689,0.0204216030714406,0,0,0,0,0.0342502244551244,0,0,0.50945431849926,0,0.621480541088025,0.792256278382346
11049040401,0.0688026663465324,0,0.00555610540758964,0.0372923036360633,0.0499974183397016,0.0640084806715138,0,0,0.0301868774971314,0,0.0670550523287609,0,0.189954357890954,0.00440340326638121,0,0,0,0,0.0274240549262769,0,0,0.455319279689095,0,0.602679493660346,0.803410011727172
11444020401,0.0580553852455787,0,0.00324215803255514,0.292818430568407,0,0.0930385554335256,0,0,0.0295075921262225,0,0.19902081472962,0,0.143653283933438,0,0,0,0,0,0.0266280526221794,0,0.00180197370787837,0.152233753600595,0,0.610620973553432,0.793687576257473
11446040401,0.0947710677175352,0,0.00151040882519036,0.100111800305146,0.0864532662575777,0.0646625154686157,0.00296957430919524,0,0.00314160249537066,0,0.0607046265987144,0,0.194318283639849,0,0,0,0,0.00824201658615727,0.0155174574004915,0,0,0.367597380396156,0,0.608785826061291,0.793576550597036
11066050401,0.0325183424604468,0,0.0010607475977417,0.0103395624089042,0.0673899611492262,0.0383932701089748,0,0,0,0,0.0730722261118075,0,0.106403879426032,0.0360585023327607,0,0,0,0,0.00957218538192851,0,0,0.625191323022178,0,0.622270976720905,0.815946800026758
11249010401,0.0369426151980241,0.00347721028746334,0.00598985497220016,0.0476262147804432,0.0731332026319002,0.0881009505019477,0,0,0.0134962194367152,0,0.0569096517229911,0.0176101676563377,0.161304493651405,0.0215808138599542,0,0,0,0,0.0406386716003912,0,0,0.433189933700227,0,0.605574022844287,0.798096549675119
11215040401,0.0408105090800098,0,0.0121201370577513,0.170111219025258,0.00824494828795215,0,0.00709285659448366,0,0.0166341409422274,0,0.119686806553432,0.00685719029048337,0.137315395301821,0.0231532495393437,0,0,0,0,0.0390437036264379,0,0,0.4189298437008,0,0.563831717705751,0.831465626229184
11282020401,0.0913259902771244,0,0.00712352554960977,0.0705301446822963,0.0789777509888822,0.0216976865799103,0,0,0.00599350706559021,0,0.0609673282836236,0,0.141381979154315,0,0,0,0,0.00441231411757141,0.0223115640843704,0,0,0.495278209216707,0,0.554347463407784,0.848471056266801
11290030401,0.0248998141883988,0.0239033648619813,0.00736572806224909,0.0428448032441919,0.0612347273784503,0.0101144759866697,0,0,0.0247739783159701,0,0.0648486280639588,0.0206111654269489,0.124149167059268,0.00972523635616978,0,0,0,0.00742908628992852,0.0380759170800312,0,0,0.540023907685784,0,0.6490754591053,0.769440167824516
11023050401,0.0114940405920103,0.0438063550183781,0,0.0231478200122026,0.0562014447792729,0.0427193349811855,0.00298179348159103,0,0,0,0.132612535278835,0,0.199807987786136,0,0,0,0,0,0.0143716695657445,0,0,0.472857018504644,0,0.615073111583821,0.796113548863841
11182030401,0.0319703767192255,0.000460543097891795,0.00990781498872501,0.0243950328297683,0.0649379195205601,0.0501197842131374,0,0,0.0329034619795976,0,0.0433818114626631,0.0169854690628501,0.215500205011635,0.0339805193655101,0,0,0,0,0.0318190673539834,0,0,0.443637994394452,0,0.508844449280634,0.879888276028644
11280060401,0.00342564269106773,0.0158263157265436,0.00415978068896658,0.0691922173486858,0.0201222650009082,0.131273451379756,0,0,0,0,0.103990326738239,0.00497717017444202,0.150681300540003,0.00458549671098385,0,0,0,0.000469006470652709,0.0310315935568329,0,0,0.460265432972919,0,0.588483244987556,0.815602743121229
11278030401,0.00995878226496025,0.00830614447323906,0.00595421932131827,0.205910141274605,0,0.0514025401863842,0,0,0,0,0.209234043230633,0,0.111877016369441,0,0,0,0,0,0.0321212448075944,0,0,0.365235868071825,0,0.574000831282933,0.822621316933832
11446020401,0.107998733483372,0,0.00283055684122465,0.0790839445366427,0.0848913363454886,0.0488597187189909,0.00275038336249478,0,0.0183964187963769,0,0.0874420362988164,0,0.182111138224918,0,0,0,0,0.0078812535928892,0.0150970321804849,0,0,0.362657447618301,0,0.621417578909245,0.783990088210346
11144010401,0.0947685524353911,0,0,0.0537487500930016,0.00419733398945721,0.00699309721638605,0,0,0.0487231111633864,0,0.024666103981881,0.014393982197818,0.180510013441881,0.0368817285639824,0,0.00314285936881854,0,0,0.0376429692038607,0,0,0.494331498344136,0,0.636001477771403,0.778553326692767
11294030401,0.023600080194984,0,0.00556057456339142,0.00332820549710893,0.0622256851656171,0,0,0,0.0122440889964435,0,0.103476728086043,0,0.14675251926216,0.0461162728678079,0,0,0,0,0.0235116588164732,0,0,0.573184186549971,0,0.669117394775013,0.757425483280671
11294020401,0.0270347842185181,0,0.0096422005704987,0.0130038454764994,0.0721504344278096,0.00812131042489488,0,0,0.00511787600278079,0,0.0955300455406287,0,0.150061015078075,0.0519007599139379,0,0,0,0,0.0220449576015134,0,0,0.545392770744843,0,0.672364949722877,0.749010347841127
11239060401,0.0545484512936472,0,0,0.00381408469205634,0.0371263531767813,0.00668414025805873,0,0,0.00707706698418845,0,0.0762399489971515,0,0.144806362753544,0.0623171680684576,0.000554849255284142,0,0,0,0,0,0,0.60683157452083,0,0.585983727969872,0.852660078226765
11434050401,0.0306520461695866,0.0257953611914337,0.0182815195287649,0.0463955723735656,0.0794257366137651,0.100614823581964,0.0137788735879319,0,0,0,0.0969335270444386,0,0.155782219603291,0,2.79422607216308e-05,0,0,0,0.00911543770176698,0,0,0.42319694034277,0,0.612268551943549,0.79204864388846
11262030401,0.0265497419828031,0,0.00774531264536503,0.0665541699961823,0.0138129149740608,0.0116847996584205,0.00751749188396524,0,0.0184760880571044,0,0.19030259028284,0,0.353870257687303,0.00704413269328322,0,0,0,0,0.0255994681899441,0,0,0.270843031948728,0,0.517203808289759,0.860654379971487
11331010401,0.0740164295006312,0,0.0076006736688582,0.0663861689658557,0.0545572703442191,0.113238796635623,0,0,0.00194437170844792,0,0.0858972107391394,0,0.178161098490936,0.0162954686996284,0,0,0,0.00300841729187118,0.0244361515008294,0,0,0.37445794245396,0,0.574760729940141,0.819392258975642
11203070401,0,0.025488893215397,0.00740997295713775,0.0665433529278039,0,0.13366658131449,0,0,0.013796356314847,0,0.0622466745365556,0.0256520585590415,0.202001430110979,0,0,0,0,0,0.0395787939842576,0,0,0.423615886079491,0,0.612366873458247,0.792930362999371
11253050401,0.0436395330106784,0,0.00708318254224061,0.0478718848386586,0.0467848900890023,0.0555103551502392,0,0,0.0139336524871918,0,0.0413340867043021,0.00399207125198895,0.176340613917881,0.0184503012711754,0,0,0,0.000689974696827988,0.0240199914189576,0,0,0.520349462620856,0,0.629452918835788,0.787899304042732
11175020401,0.0355350013824463,0,0.00996401769722962,0.0252360985790016,0.0557669940803005,0.0486698011833357,0,0,0.0381763334919235,0,0.0679080264891755,0.01315642999146,0.220275995744494,0.0236341961382772,0,0,0,0,0.0223739162334923,0,0,0.439303188988864,0,0.591296617116446,0.81264880453653
11289050401,0.0576195657974737,0.0105713547946622,0.00890333546884128,0.0348002879126252,0.0630633471322142,0.0903886551724113,0,0,0,0,0.0865736632872613,0,0.202754029258315,0,0,0,0,0.00968486752583716,0.0314290504751354,0,0,0.404211843175224,0,0.604636027338869,0.797745290767375
11071060401,0.0535362401465731,0,0.0117870076216308,0.0159821414607452,0.0239318602243254,0.0335904252120949,0,0,0,0,0.0306906133537025,0,0.065035365237112,0.0388961108189875,0,0,0,0,0.00936917175444553,0,0,0.717181064170383,0,0.615025574278184,0.85279978811458
11307050401,0.0273636145696688,0,0.00242372050213476,0.0157938928944351,0.0612549678137252,0.0152352551860105,0.00895426287257,0,0,0,0.0604923527365208,0,0.140916796418204,0.0512192055300036,0.000234323093174519,0,0,0,0,0,0,0.616111608383552,0,0.663963106471947,0.772803303661695
11325050401,0.0844861065470902,0,0.00534299660703453,0.0660360396220384,0.0103594606711384,0.0625015096373887,0,0,0.0261284210558113,0,0,0.0397709231346069,0.171543772460003,0,0,0,0,0.00160701127673927,0.0523136542738731,0,0,0.479910104714276,0,0.647857350225607,0.765144185657012
11255070401,0.0171629838622711,0.00980250846310483,0.00734909451482601,0.0406013508226068,0.135939206749618,0.0173179999366094,0,0,0,0,0.0613574796338724,0,0.205467188938006,0,0,0,0,0.00460770649228051,0.0269431551362512,0,0,0.473451325450554,0,0.605947338094498,0.803547258332972
11306040401,0.00359305986792618,0.0141856671751557,0.00368016612001345,0.0682899063013759,0.0220941086668785,0.0230711305617768,0.00267822163977874,0,0.0161497411704357,0,0.111819754496113,0.00692127358184195,0.196588255736763,0.0130528867331501,0,0,0,0,0.0428002955202082,0,0,0.475075532428583,0,0.597066664157002,0.812377136573044
11237050401,0.00128453969162379,0.0364687656341211,0.00879184380020832,0.116491102163264,0.0216562816521163,0.0582204656716152,0,0,0.0230924626247415,0,0.0905412241234442,0,0.163870213011704,0.0177759081372581,0,0,0,0,0.0260370111975701,0,0,0.435770182292333,0,0.555087232915425,0.83999658817022
11275050401,0.0927363368692794,0,0.00326709726830063,0.173141440494726,0.0442555879846026,0,0,0,0.0480351020789435,0,0.0689331605857298,0.0183735895066975,0.180896052993187,0,0,0,0,0.000529497612986148,0.0361377290291993,0,0,0.333694405576347,0,0.598383508989564,0.801733297024114
11331040401,0.0440487336934504,0,0.00332881173615116,0.0765220376703954,0.0197337224826747,0.091311399501998,0,0,0,0,0.120785077843968,0,0.203935634398736,0.0176299281456862,0,0,0,0.0011706637070385,0.0212318938974193,0,0,0.400302096922482,0,0.567677417700156,0.827940545951106
11257050401,0,0.0144282183761878,0.0098185190103572,0.0110345353448345,0.0775712240651522,0.0185619143121729,0.0016058427834431,0,0.000213343674757323,0,0.0937477559902051,0,0.231752960643388,0.0323117706180071,0,0,0,0,0.0234787620934717,0,0,0.485475153088023,0,0.568334838370084,0.841672494629084
11210040401,0.00219156845310284,0.00956570067008966,0.00716396600834387,0.10003234386567,0,0.0205766521601275,0,0,0.00495972471415718,0,0.131620993091057,0,0.16355181047564,0.0190146225694735,0,0,0,0,0.0319313570418046,0,0,0.509391260950533,0,0.593323935315612,0.821049180621008
11325040401,0.0511887184495151,0,0.0155214151687796,0.0992472415528201,0.038226375804739,0,0,0,0.0580025055342855,0,0.0607181333721825,0.00454254803536627,0.182198740691763,0,0,0.00365968857042121,0,0,0.0336788832555576,0,0,0.45301574956457,0,0.638336410636093,0.772123864594106
11311040401,0.0100889679007518,0,0.00536129027340158,0.0617411542367061,0.088041262207749,0.0340933818812334,0,0,0,0,0.0831806497495107,0.00255547525978341,0.127726691092975,0.0234756514407851,0,0,0,0.0102542518009223,0.0319436576936522,0,0,0.52153756646253,0,0.63357094357842,0.782243587181105
11318040401,0.0412192439020518,0,0.00338624311265045,0.096104105927421,0.0382246786018232,0.106575731830131,0,0,0,0,0.177812766346021,0,0.184645218490878,0,0,0,0,0,0.0310426944009344,0,0,0.32098931738809,0,0.590373666518995,0.807436781274183
11432070401,0.077986067132639,0,0.00666846055857106,0.0667483432083537,0,0.137384767325291,0,0,0,0,0.0603271721087869,0.000176905211622307,0.218023261225186,0,0,0,0,0.000471527197309202,0.0296086716697097,0,0,0.402604824362531,0,0.645777701097401,0.764001500189294
11115010401,0.0901527205570229,0,0.00721057601394198,0.0853421283174141,0.129741349182507,0.0497895384487022,0,0,0.0205747645178541,0,0.0381168247273701,0.0160318527577721,0.166427182040275,0.00392237085290291,0,0,0,0,0.0341259978671123,0,0,0.358564694717125,0,0.644758317738347,0.765944209044845
11162040401,0.0333930905666042,0,0.00472451027158855,0.0316683560438605,0.0591562466076243,0.0483793892463988,0,0,0,0,0.0668868731086957,0.000705597426197448,0.148213339948438,0,0,0,0.000796920106794111,0.00727846050240973,0.0241893359333167,0,0,0.574607880238072,0,0.635445545931631,0.790943228743746
11419050401,0.0371659859938235,0,0.00641429052026888,0.0460494924614465,0.0823850429080384,0.0502581634961618,0,0,0.00415935306608233,0,0.109495827189364,0,0.113741456838047,0.0483366759480738,0,0,0,0,0.0124277842154725,0,0,0.489565927363222,0,0.647231691060645,0.765940361523472
11047050401,0.0462874393215372,0,0,0.0642867121026857,0.0143360549615247,0.162790040385798,0,0,0.00996702690223752,0,0.037297811003873,0.0120734025126831,0.17417237988397,0.0121153608543984,0,0,0,0,0.0257474741285685,0,0,0.440926297942724,0,0.608521025753928,0.79683842537427
11058040401,0.0348060491198946,0.00486250008261794,0.0046230528920842,0.2170269131058,0,0.0585726587248359,0,0,0.0287280325286589,0,0.222365411059882,0,0.120416541003047,0.00615603265980692,0,0,0,0,0.0324909990018425,0,0,0.26995180982153,0,0.586133410636853,0.810905122911985
11244040401,0,0.0139981773749263,0.0108372084472501,0.0689098044787937,0.080656212947264,0,0.012397718546688,0,0,0,0.133753447055838,0,0.0961641320958833,0.014260595052919,0,0,0,5.31658681099044e-05,0.0258268984375732,0,0,0.543142639694755,0,0.605314927070866,0.811715499395155
11098010401,0.0760422756679972,0,0.00844190469772244,0.0410453009790778,0.0652614200707402,0.0542278041370542,0,0,0.0176889730909399,0,0.0592064940701395,0.0205255212334297,0.118049230264642,0,0,0,0,0.00924877560878451,0.038186880418682,0,0,0.492075419760791,0,0.617363092325029,0.792297676029179
11057050401,0.0247895971807333,0.0113870943511918,0.0097478206934389,0.0272376981441411,0.0835222211749226,0.0339830528783564,0,0,0.0093166061475649,0,0.0609809551878046,0,0.17754135933452,0.0363631482602296,0,0,0,0.00589169270822427,0.0136516306777827,0,0,0.50558712326109,0,0.609884199346145,0.803980653793444
11049010401,0.0208868009986917,0.0102663235826588,0.0117293990081595,0.0518816616858531,0.0381596202511739,0.0217191239340675,0.00191037465077207,0,0.0162909850604518,0,0.111475606731694,0,0.211147606697283,0.0261383374964687,0,0,0,0,0.0269644962889263,0,0,0.4514296636138,0,0.587989545853104,0.817156027402804
11409020401,0.0875831015609776,0,0.00225943229841783,0.118190843832148,0.157532029457623,0.0648327695646105,0,0,0,0,0.104843484050267,0,0.171986176397852,0,0,0,0,0,0.0148356246342139,0,0,0.27793653820389,0,0.549859766169339,0.83499520621675
11207060401,0.021336023316599,0.0201347458081851,0.0153481750726034,0.0279300848147892,0.0610733624052175,0.0143957871339576,0,0,0.0182125153759001,0,0.0498021667275868,0,0.126846250537067,0.0181676174329233,0.00126256370085143,0,0,0,0.00925162550631546,0,0,0.616239082168004,0,0.599085410522485,0.837257284051955
11185050401,0.00220259397526479,0.00913568933691143,0.0100661381450862,0.234952247913518,0,0.0543458882102898,0,0,0.0175010137610754,0,0.190167398485859,0,0.156560066444697,0,0,0,0,0.00262562000573847,0.0304805856737495,0,0,0.291962758047811,0,0.630861474722618,0.77742830642988
11292070401,0,0.0138715633676615,0.00842865348702556,0.0525800501568995,0.076027450898818,0.0100745309840649,0.0034255402544789,0,0,0,0.0914618269207929,0,0.128847708750943,0.028326552255165,0,0,0,0,0.017198796324769,0,0,0.569757326599382,0,0.657475134667245,0.767302658386282
11315040401,0.033404975939767,0.00441088500458805,0.00430696559220631,0.0841676107477152,0.00387187509706285,0.149091011344538,0,0,0,0,0.161935238869309,0,0.147666188014546,0,0,0,0,0.00172798863358562,0.0222157149539197,0,0,0.387201545802763,0,0.64191493683644,0.767807876787187
11040050401,0.0569199513012758,0,0.00833709320382371,0.0190143122623388,0.0421277058267057,0.0514303478511856,0,0,0.0174281070432781,0,0.0152538245852039,0.0158746699202891,0.160579068455613,0.0424216800656013,0,0,0,0,0.02203809301802,0,0,0.548575146466665,0,0.593313397066587,0.827474289284351
11275020401,0.0672937648674227,0,0.0115632454309112,0.129721594709957,0.0848976683755822,0.00152896671885956,0,0,0.0505421818380293,0,0.101388572609306,0.0189306147329,0.149153000937934,0,0,0,0,0.00832437125262981,0.0324512361025995,0,0,0.344204782423868,0,0.5709560700797,0.821536561987471
11108010401,0.0301296290981686,0,0.00629970149629232,0.150404727771557,7.22451035927261e-05,0.0790144674710063,0,0,0.00603827008164137,0,0.0631113894162721,0.021168390053776,0.17202834857516,0.0188726102306479,0,0,0,0,0.0376135248003498,0,0,0.415246695901536,0,0.601402334160632,0.801415202432027
11158010401,0.0122907640452447,0.0293416866430378,0.00581044962913485,0.115186315150591,0.013150902837363,0.055184026292438,0,0,0.0256679837727964,0,0.0753707485984973,0.0325101961167999,0.139855076838432,0.00371222844474114,0.00104823345086792,0,0,0,0.032218378002836,0,0,0.458653010177219,0,0.568766734671154,0.831611210447113
11038010401,0.0881645574201933,0,0.0101305119839069,0.0608902964729974,0.0745992104517815,0,0,0,0.0274049708174609,0,0.0405130338994855,0.0313555702402356,0.119690740400708,0,0,0,0,0.000402857185235538,0.0495754698690257,0,0,0.49727278125897,0,0.620768662184915,0.790069774770443
11096010401,0.09123408783692,0,0.00852038680285426,0.113992032566885,0.063515030189119,0,0,0,0.023889646089748,0,0.0349126845084405,0.0201720644614319,0.184486165214105,0,0,0,0,0.00343732023197036,0.0361209684595871,0,0,0.419719613638939,0,0.594723336839438,0.806787675574796
11403020401,0.0226112044609828,0.00204216278210062,0.00483790900784479,0.0674733139759803,0.0325216694488522,0.0284753722301668,0,0,0.0134896544082903,0,0.129246379831991,0.00566757979930667,0.154637374969681,0.0323438533026518,0,0,0,0,0.0399223761709128,0,0,0.466731149611239,0,0.578917477411497,0.825169592903994
11169010401,0.0422658819915863,0,0,0.0744729212510249,0.050182774500851,0.0162648184188097,0,0,0.0227901694801944,0,0.0481488815770323,0,0.121569532427877,0.0808482957321576,0.00135962473852916,0,0,0,0,0,0,0.542097099881938,0,0.64784114401101,0.772694251497368
11250050401,0.0474041791803036,0.0141283352237623,0.0113975778742029,0.0596352322098098,0.0231809893934957,0.0258584435453485,0,0,0.039746193898617,0,0.0201989781091288,0.0133976939646339,0.209306582638114,0,0,0,0,0.0126659113314195,0.0291375760436771,0,0,0.493942306587487,0,0.63037637027842,0.784173444355065
11072070401,0.0541891783403989,0,0.0129214637221949,0.0393336048057198,0.040749361825148,0.0450326247689378,0,0,0.0307204420249742,0,0.0552852683478103,0.0134336908283993,0.170688289563731,0.0255348575956263,0,0,0,0,0.0301062880191913,0,0,0.482004930157868,0,0.609633241633483,0.799938497574654
11208050401,0.0458287165374913,0.00833955105288687,0.00553988855813685,0.0575636647586581,0.0479240534028065,0.0368063857528458,0,0,0.00293724331311436,0,0.0754682873268261,0,0.158134749243313,0.0385290158033539,0,0,0,0,0.0190870219895004,0,0,0.503841422261066,0,0.625118832407,0.78902548971231
11098050401,0.0392148243929505,0.0177307520938038,0.0121686625312584,0.0467579086175081,0.0250825708915359,0.044715539956556,0,0,0.033523956431216,0,0.0591678020806232,0.0137880883090833,0.145923464511917,0,0,0,0,0.0189009988217632,0.0206962750000919,0,0,0.522329156361692,0,0.614135386841769,0.800609273903707
11017050401,0.0403821229929203,0.011356466895751,0.00582805277514062,0.071983495124323,0.0612063602106694,0.055008318853844,0,0,0.0220834070907083,0,0.0425643004872524,0.0190382857115093,0.199065235455926,0.00917771258208007,0,0,0,0.00413500255720278,0.0357023179989938,0,0,0.422468921263679,0,0.648971565225528,0.761417630831966
11075040401,0.0306516124074149,0.00786817036830235,0.00920446475920147,0.0997065779160658,0,0.142523693756242,0,0,0.0357124599085879,0,0.127613020203958,0.0126384885098875,0.1669956581422,0.00372700238092685,0,0,0,0.00016472948512308,0.042938773479555,0,0,0.320255348682535,0,0.519116838603563,0.856750840964426
11018070401,0.00902721566784422,0.0111096083455363,0.00963447321359132,0.0378489901775999,0.0221939318352404,0.126087523282284,0,0,0,0,0.081402966786115,0,0.208176234405326,0,0,0,0,0.00578049036818971,0.0275051109648295,0,0,0.461233454953444,0,0.630922360069536,0.779949579074889
11282070401,0.0981689297578857,0,0.00531479715233578,0.0529192826062554,0.0616998048533977,0.0564130225088668,0,0,0.00380020404698079,0,0.0742686983004452,0,0.156553354413222,0,0,0,0,0.00535886516673519,0.0214392317514507,0,0,0.464063809442425,0,0.558144439211913,0.84069266765018
11238070401,0.0650191650999476,0,0.00400407383179648,0.0719065073972888,0.0874778837717859,0,0,0,0.0222285328867565,0,0.0387380452371173,0.0186458757166367,0.0853680759981795,0.0295553986035601,0,0,0,0,0.036701270944806,0,0,0.540355170512125,0,0.658333387144643,0.759266718870613
11254020401,0.0400130407738945,0,0.00473689236449652,0.0369058708899691,0.034558942149187,0.132736559054697,0,0,0,0,0.127792753771609,0,0.100218259873891,0.00275475146052352,0,0,0,0.00687871405960927,0.0262679755165265,0,0,0.487136240085596,0,0.581894739400411,0.822801862154216
11256010401,0.0889120368424282,0.000316738542704618,0.00205755455540439,0.158355243744975,0.0825699768655473,0.103143040991611,0,0,0,0,0.152603074157268,0,0.204974906625227,0,0,0,0,0.00284185508626221,0.0216516730623194,0,0,0.182573899526252,0,0.593714363910599,0.807653251919189
11053060401,0.0704890726073184,0,0.0133484050676372,0.0951298902179535,0.0638873633208302,0,0,0,0.0644079761359232,0,0.0661767105640664,0.0134572956946093,0.182643711718389,0.0121323153691957,0,0,0,0,0.0303030992931765,0,0,0.388024160010901,0,0.514873794626585,0.864616033239197
11274050401,0.0526180140602359,0,0.000471781134453989,0.0598582443634006,0.0519704710096586,0.0438518765700766,0,0,0,0,0.0742360389806575,0,0.200852491672636,0,0,0,0,0.00346488134835096,0.0280567420037628,0,0,0.484619458856767,0,0.622260403547746,0.79053881950642
11200030401,0.0750874582183048,0.0134726598443177,0.00102413005332455,0.0734430841841891,0.0594362888599863,0.107040033519684,0,0,0,0,0.16053135760028,0,0.187600830950495,0,0,0,0,0.000406873793823383,0.02427833043839,0,0,0.297678952537206,0,0.574267449182354,0.818739369849338
11001010401,0.0614475155266651,0,0,0.0259031996344405,0.0526096893080952,0.0605913965807875,0,0,0.00614587333722186,0,0.0568479425338574,0.00204357055965515,0.168330343038537,0.0294544722008125,0,0,0,0,0.0211034921645409,0,0,0.515522505115387,0,0.676226483036984,0.741382079001289
11274070401,0.0432414602329157,0,0.0106911394163454,0.0568440163475282,0.0435337388775569,0.0669676794938741,0,0,0.000180690089248434,0,0.0551941020842342,0.0072340756780418,0.179811438418383,0,0,0,0,0.00759892695341893,0.014554949564107,0,0,0.514147782844346,0,0.609201286620596,0.806018398772542
11167010401,0.0959071796565812,0,0.00608392714010386,0.0801119974553997,0.114194364222297,0.0366550452598774,0,0,0.0432973841977596,0,0.0568496860095988,0.0268697101088452,0.185155706344525,0,0,0,0,0.000452459687876063,0.039784492742243,0,0,0.314638047174893,0,0.562307748122706,0.826794310541786
11161070401,0.0474235408401214,0,0.00666678581241922,0.0633911833124596,0.0223522117810916,0.148869587379283,0,0,0,0,0.0646753233287887,0.000792446514889381,0.199830540674388,0.0130596410950575,0,0,0,0,0.0314685700484,0,0,0.401470169213101,0,0.65503469253845,0.756034169600946
11313040401,0.0228310455683481,0.0104112865436922,0.0142955486334353,0.0144936050415007,0.0712804912755659,0,0,0,0.0273750132850527,0,0.0985119216288001,0,0.190458279314939,0.0495710952634399,0,0,0,0,0,0,0,0.500771713445226,0,0.602398599495527,0.811789194415017
11239050401,0.0183812177258234,0.00778627053354231,0.00985935560855402,0.0485390930300414,0.0671119899301505,0.0499272758960301,0,0,0.00229310826230419,0,0.0875076429389384,0.00215117249134864,0.184004670818847,0.0365490492532697,0.00102272561089829,0,0,0,0.0213383582978055,0,0,0.463528069602446,0,0.566304844776375,0.835750569258954
11222050401,0.00226610708375534,0.0317145354904121,0.00539981262113177,0.208921002739867,0,0.0467602243112138,0,0,0.0367631367885042,0,0.122752080595271,0.0125486954437515,0.226145404500719,0.0235546360946862,0,0,0,0.00409827836302838,0.0380172724400359,0,0,0.241058813527624,0,0.573456195012498,0.819422136316214
11182070401,0.0438083265315556,0,0.00746376441200595,0.0489056030655278,0.105029865799744,0,0,0,0.037973614906112,0,0.0816555700443786,0.0232833671853593,0.231269590746439,0,0,0,0,0,0.0500082014082061,0,0,0.370602095900671,0,0.520352948805604,0.86039229254097
11213040401,0,0.0234054649911825,0.00607179018156955,0.143707199517429,0.0454713905388716,0,0.0127271746141065,0,0.0369585125154638,0,0.106814375883862,0.00435302603105281,0.166709685815224,0.0078017846197549,0,0,0,0.000952010821078706,0.0439716147524046,0,0,0.401055969718,0,0.597027054549781,0.803901619746571
11312070401,0.0177752401373827,0,0.00204057651304623,0.0629632089009327,0.0544663950095116,0.071036859331441,0,0,0.0213111854366539,0,0.0648027463847303,0.00277651306031108,0.110679996561265,0.0155862669865411,0,0,0,0,0.0233981952254615,0,0,0.553162816452723,0,0.618440723061213,0.801312158509517
11249040401,0.042103065945166,0,0.00724655539726939,0.0842914166611596,0.0556468670342289,0.0431089796425621,0.00368070127349417,0,0.0023870640027705,0,0.0888293262653345,0.00965570404133374,0.166417778196554,0.0262879162099639,0,0,0,0,0.0425404583598929,0,0,0.42780416697027,0,0.589037227238687,0.811661760627786
11290010401,0.0388322815506422,0.0208052435984716,0.00882829885011302,0.0403925875936686,0.0566495405015265,0.0362690245870936,0,0,0.0277231223147816,0,0.0169861048425095,0.0309624387074069,0.139601426409891,0,0,0,0,0.00869164893571682,0.0423120840776023,0,0,0.531946198030576,0,0.668136087610372,0.749719282393657
11256070401,0.0679054370518965,0.00232949336709876,0.00664161735305377,0.135733999052225,0.0525231242902406,0.0635925001986378,0,0,0.00968757675337957,0,0.14408702086025,0.000209196159726882,0.205396143713041,0,0,0.000767935801033636,0,0.00250749954512439,0.0384770520993985,0,0,0.270141403754894,0,0.611132850702002,0.793704984195456
11409050401,0.0778939575903806,0,0.00339651682161303,0.0990560431572442,0.122988996294424,0.0348976493424589,0,0,0.0144032120611042,0,0.0696868750610183,0.0132778836997425,0.172508933915201,0.011178958076304,0,0,0,0,0.0353420007644426,0,0,0.345368973216067,0,0.56788857092657,0.823386969197344
11055070401,0.0458782320373442,0,0.00344125739603995,0.0671914780267719,0.064920099900543,0.0617933085875696,0,0,0.0116745484341352,0,0.0269269062568968,0.018118851628147,0.111288065930036,0.0301108929575437,0,0,0,0,0.0327674355322518,0,0,0.525888923312721,0,0.627926561282237,0.787201059938772
11292010401,0,0.0140283160256983,0.00735138216830618,0.0321897683138751,0.0875784367045007,0.0347239706091697,0.00360369129318871,0,0,0,0.0935307353894282,0,0.127418797905438,0.0390336084083303,0,0,0,0,0.0241498367952954,0,0,0.536391456386769,0,0.657182933336497,0.76167115172826
11410040401,0.0274280036283007,0,0.00636639491526402,0.132428820426401,0,0.0245738909003666,0,0,0.0183487190234745,0,0.185292651927662,0,0.131404592317862,0.0056084682143515,0,0,0,0,0.0345870383728028,0,0,0.433961420273515,0,0.553381857982671,0.84333670210753
11415050401,0.0295729408123153,0.00303271046189071,0.00799083247088083,0,0.0381011990261223,0.0508685350932104,0,0,0,0,0.0494915962078632,0,0.0778145547840247,0,0,0,0,0.00987344224074934,0.0187963001774363,0,0,0.714457888725507,0,0.657701779336202,0.803137650648414
11048030401,0.0658679147406261,0,0.00171819072341216,0.0215220794057133,0.047536116257351,0.0142966333409688,0,0,0.0098853848596715,0,0.069319439689487,0,0.137589674071828,0.0705090949608223,0.000677984230121644,0,0,0,0.00959821176714538,0,0,0.551479275952853,0,0.606690317481454,0.815265901216165
11291010401,0.058944813238322,0,0.00212244354328318,0.107618918573392,0.0743517168629847,0.102539953577966,0.0044725729908094,0,0,0,0.11392597655818,0,0.203245525056791,0,0,0,0,0.00206678875811176,0.000818452581454552,0,0,0.329892838258705,0,0.604708311764806,0.796632306319087
11294010401,0.0336768616910124,0,0.00625510789567909,0.046569184298596,0.0240746695540005,0.0973622756427775,0,0,0.0306203849920904,0,0.230425651131192,0,0.145726723869434,0,0,0,0,0,0.0279436968146226,0,0,0.357345444110596,0,0.629766652222211,0.777775585506817
11024020401,0.0167869438752461,0.028117125901482,0.00448008340411119,0.109735397418989,0.0386870455657137,0.0595797888105355,0.0231700573130649,0,0,0,0.152970191783681,0,0.196208616962483,0,0,0,0,0.00273621442601044,0.0205137064280515,0,0,0.347014828110631,0,0.544038574368419,0.841665688805245
11218060401,0.0605780154379918,0,0.0149009876609575,0.0688643227529663,0.0665021238198426,0.0684869118608208,0,0,0.0260005258435684,0,0.053477264337121,0,0.133431022372362,0,0,0,0,0,0.00357821169693934,0,0,0.504180614217431,0,0.633052808182216,0.780574214105437
11240060401,0.0336523340780998,0,0.00462267844563038,0.0441601880438274,0.0679256062878907,0.0399449004946025,0,0,0,0,0.104671671829295,0,0.149251901908189,0.00402392188529871,0,0,0,0.00655448764134188,0.0146437255778124,0,0,0.530548583808013,0,0.648810289050993,0.770205589156868
11044030401,0.0172960010546036,0.0081547442810741,0.00762012181924545,0.0317779712476756,0.0450288262157439,0.0258186781031883,0.00621415074832407,0,0.00937610098262789,0,0.107876344104387,0,0.13178057580999,0.0417733957709961,0,0,0,0,0.0187131353684085,0,0,0.548569954493735,0,0.629741392503805,0.79137392612302
11203050401,0.0442520679208316,0,0,0.0550118524273716,0.033211302491383,0.104344288809229,0,0,0.000773133902941537,0,0.0737315139899273,0,0.114577994572663,0.00374150287611076,0,0,0,0,0.00285989307160287,0,0,0.56749644993794,0,0.61669857023969,0.806581715757075
11254040401,0.0231185566646149,0,0.00409740796379079,0.0260644436270203,0.0490675910440192,0.104153225689181,0,0,0,0,0.0848153921787496,0,0.0921024673177096,0.0439632735082765,0,0,0,0.00675564122332338,0.0198059435858426,0,0,0.546056057197472,0,0.631900319177881,0.786281809240205
11281070401,0.0517428377748248,0.0293788124897642,0,0.0259466426263193,0.024181832106298,0.0871671784145303,0,0,0.0115955251305962,0,0.0243702627961807,0.033181922029995,0.18362030799491,0,0,0,0,0,0.0472267495568125,0,0,0.481587929079769,0,0.589734080733708,0.817636745012014
11283050401,0.0383643092020504,0.00723520103060113,0.00738559918086056,0.041245317169393,0.0228471879799036,0.130924003035404,0,0,0,0,0.0994167949226359,0,0.205998371646635,0,0,0,0,0.00858040959632825,0.0288603749906374,0,0,0.409142431245551,0,0.604726467222209,0.798264123847993
11386070401,0.0116011998216681,0.0154732880479231,0.00590542437523209,0.103357292579911,0.0583313152329724,0,0,0,0.0329689469666029,0,0.0436578254929624,0.0199014568028883,0.158287037624493,0,0,0,0,0.00713295140423489,0.0346795187896156,0,0,0.508703742861496,0,0.667936477141302,0.748634391388694
11154010401,0.125630748892561,0,0.00160556195853249,0.0953220295905652,0.066498008695027,0.0633855532433553,0,0,0.000508925247997064,0,0.0283087315103439,0.026782749069607,0.0985530222109296,0,0,0,0,0.00138081840679489,0.0363906119743366,0,0,0.45563323919995,0,0.596116251204288,0.806979212459984
11185040401,0.00515832865332243,0.00699877195603186,0.00884113676780493,0.286929184177557,0,0.0120935830011593,0,0.0107108709020509,0.0212089046692964,0,0.241624121804027,0,0.149702074516233,0,0,0,0,0.00209815891876691,0.0276781428301009,0,0,0.226956721803649,0,0.655663533702317,0.758215483235138
11407030401,0.0518508604502173,0,0.00805970231054105,0.164893075281766,0.0488532957603287,0,0,0,0.00236171539934126,0,0.142568476499804,0,0.124679428395262,0.0229605420800495,0,0,0,0.00619569458107392,0.0263689228452162,0,0,0.401208286396399,0,0.577295202676035,0.819698682327265
11071070401,0.0675300952855586,0,0.014035780222087,0.056615465465303,0.0928795163275257,0.0571524294856514,0.0127692237398428,0,0,0,0.053078577469056,0,0.106954978179175,0.0269270517073471,0,0,0,0,0.00693997764092811,0,0,0.505116904477525,0,0.594660589439607,0.813872128820466
11287020401,0.00405363049850136,0.0147857504011013,0.0117789405725033,0.0462588822738852,0.0632976170626542,0.0125289983233772,0.02192638885962,0,0,0,0.120606315782207,0,0.130879507651154,0.0234873500030106,0,0,0,0.00624126879420963,0.031658509842298,0,0,0.512496839935478,0,0.69771266136272,0.718691879903238
11269060401,0.0322822518629071,0.0241279604839533,0.00245417075601719,0.0778600786266384,0.0531650854064777,0.0784550079952081,0,0,0.0125406681583054,0,0.102056588341871,0.0140181947054588,0.180518409809552,0,0,0,0,0.00160855316402347,0.0364727130724831,0,0,0.384440317617105,0,0.535696565181783,0.849452073354784
11433060401,0.0142233531295282,0.00270000293529748,0.0129966652867118,0.0464917897765784,0.0294841336397827,0.0492997658674318,0,0,0,0,0.0740961632433877,0.00224492754131561,0.107255099601238,0.050523278182842,0,0,0,0,0.0159093104373466,0,0,0.59477551035854,0,0.649881241576905,0.779365709013176
11338010401,0.0212993649248379,0,0.00426789925586603,0.0740523998459999,0.0530499747394135,0.103974496143457,0,0,0.000376289949819026,0,0.064185145677098,0.00516802118119054,0.164308164468278,0.0398633300023375,0,0,0,0,0.0325547470645083,0,0,0.436900166747194,0,0.583362714210214,0.817144667032527
11253030401,0.0441792631924891,0,0.00732977800675605,0.0463253179028668,0.0518456490117791,0.0966595565953088,0,0,0.00321663816944333,0,0.0603851422009437,0,0.221218503198156,0.0174359601012555,0,0,0,0.00222878584597174,0.0230403715872043,0,0,0.426135034187826,0,0.623366551157199,0.783943729020737
11249060401,0.0582714667953527,0,0,0.00229816495585428,0.0535299540007011,0.00776409800370468,0,0,0.00682992193792187,0,0.0592284637566587,0,0.135776336090726,0.0551687198312907,0.000210084345697638,0,0,0,0,0,0,0.620922790282093,0,0.616678264148721,0.824652335236815
11020040401,0.0488461701170696,0,0.00635751088208673,0.0677532356190894,0.0442891959843659,0.0280910225534108,0,0,0.0107836652723114,0,0.0884423524944846,0,0.13204045832006,0,0,0,0,0.00435655163355398,0.0326707481466608,0,0,0.536369088976907,0,0.625028900450448,0.792708667163256
11096050401,0.0390843273740147,0.00814155482020445,0.0184505660006567,0.0558100791305223,0.0437634807522364,0,0,0,0.0161072943397019,0,0.0481240305744099,0,0.177547301945212,0.00926833688997266,0,0,0,0.0061522641315499,0,0,0,0.577550764041519,0,0.609110026448427,0.820953093861192
11035020401,0.0275364819817194,0.0104343587424926,0.00802870862570687,0.0353396052708153,0.0513083575010694,0.0194444178524859,0,0,0.0338700586849146,0,0.0935737890193896,0.0204937770353264,0.159528212335481,0.0669872618937397,0,0,0,0,0.00903281605401493,0,0,0.464422155002845,0,0.616556177589042,0.792606997644326
11255010401,0.0369611562254349,0.010673329131815,0.00890921769935514,0.0614023564861739,0.113186025145597,0.0781710319276432,0,0,0,0,0.0629026486919159,0,0.174753451964672,0,0,0,0.00107174317855509,0.00439053645062622,0.0254697276028606,0,0,0.422108775495351,0,0.590062472879285,0.810246270581098
11251010401,0.0721086454086158,0,0.00903577368024392,0.0465359339454967,0.108763181468636,0.113470231259879,0.00703224959528157,0,0,0,0.0736864028063032,0,0.163294653510662,0.00678411102207895,0,0,0,0.005975468340633,0.0124250619747985,0,0,0.380888286987371,0,0.626334088670673,0.779787858331208
11325010401,0.0832987361441676,0,0.0163571432304987,0.0637310937431417,0.0546395442252501,0.0182860020308581,0,0,0.0322375116131893,0,0.0103456139134423,0.0224923112939446,0.199073942743786,0,0,0,0,0.00210379651322923,0.044169093329033,0,0,0.45326521121946,0,0.646201627206708,0.76509539920629
11163020401,0.0206279051534137,0.0227892635308014,0.0165920299397347,0.0376794036320758,0.0547374460239494,0.063474797948478,0,0,0.0123350549702649,0,0.16673643825428,0,0.108189183028491,0.0105779238916842,0.00163381693465472,0,0,0,0.0133425635739366,0,0,0.471284173118236,0,0.62874916050987,0.781590932693007
11186040401,8.56918603701977e-05,0.0178077997525442,0.0051205538936488,0.0859896472201359,0.117898786370069,0.0138515676688351,0,0,0.0150887692928648,0,0.105213689653486,0.00172982308343369,0.142353570863126,0,0,0,0,0.000285560776334877,0.0359111471093502,0,0,0.458663392455802,0,0.594681829573406,0.809774510761141
11186030401,0.00119170897593675,0.0178128912887736,0.00532255659165063,0.0926548354438098,0.0988677196294727,0.0152100589233237,0.000639862977985319,0,0.0186168243283794,0,0.134325099569217,0.00623177480266249,0.149176159537545,0,0,0,0,0.000363493051323803,0.0418499229322052,0,0,0.417737091947715,0,0.597779776483912,0.804254959380451
11273030401,0.048499786004623,0,0.00618550787763221,0.0971285340682487,0.0203627225473179,0.154424933282696,0,0,0,0,0.248266762830232,0,0.142261314064324,0.00953349242882054,0,0,0,0.00382818734485372,0.0123905437218177,0,0,0.257118215829435,0,0.613272212674606,0.791238099086007
11323050401,0.0295797321180474,0.0191723105831494,0.0141671517178759,0.0728956645657164,0.105521456599902,0,0,0,0.0263255595758762,0,0.0697445422398466,0.00341056737197479,0.185168904775842,0,0,0,0,0.00356215282951269,0.0275717013249281,0,0,0.442880256297328,0,0.599229171674501,0.804803056088248
11009020401,0.0676167606151229,0,0.00236550308218273,0.0477774100691978,0.00484762895292799,0.153223739951724,0,0,0.0281614906786735,0,0.120637114041078,0.0149736213848022,0.155503087254182,0,0,0,0,0,0.0467590791471886,0,0,0.358134564822921,0,0.59995491264917,0.800461490664863
11061060401,0.0611951190965497,0,0.00977490646689092,0.0624889974561234,0.0352002805792423,0.0143453056028145,0,0,0.0381705436406414,0,0.0411125201712165,0.0124293392366805,0.144687196344691,0.0395363344606721,0,0,0,0,0.0303423941835021,0,0,0.510717062760975,0,0.607854338491449,0.804911404304139
11040030401,0.0656446850028169,0,0.0100510794448438,0.0573576606403516,0.068201658875277,0.0392555624079071,0.00165679397070504,0,0.00748892872511171,0,0.0355865610692879,0.00724820049885164,0.164123171226952,0.0284866903420618,0,0,0,0,0.023877186116007,0,0,0.491021821679826,0,0.599212644546186,0.810254821542034
11207040401,0.00527833025232967,0.028512831968158,0.0146571736003902,0.078663790568761,0.0886386940081618,0,0.0030483408986896,0,0,0,0.0977658823956908,0,0.154927862818166,0,0,0,0,0,0.0197709025096047,0,0,0.508736190980048,0,0.595430342717981,0.816507623932861
11018020401,0.025393208791599,0,0.00793558901139869,0.0196854783219889,0.0234069882488549,0.0643311423941069,0.00121818845049404,0,0,0,0.0243681417482288,0.00569210883953878,0.238396688816461,0,0,0,0,0.0142085247325282,0.033073031630954,0,0,0.542290909013847,0,0.675270846443646,0.749205575619757
11072010401,0.0778379541632557,0,0.00760668674113327,0.0479717654651682,0.0781436809353862,0.0599105936807292,0,0,0.0165458790845657,0,0.0364766293511233,0.0254315882810481,0.124131323541245,0.0109274817128362,0,0,0,0.00190181648340931,0.0382955634064034,0,0,0.474819037153697,0,0.614510943445577,0.793160460099474
11033050401,0.124953411234512,0,0.00469888723957965,0.0902027415475276,0.0675404400014262,0.0511011831986793,0.00752270867062053,0,0,0,0.0879525371355626,0,0.16033405250101,0.00844263387836816,0,0,0,0.00101747867499104,0.0115617682856697,0,0,0.384672157632053,0,0.558190549539761,0.832543074502042
11333040401,0.00285754827896999,0.0135812611136158,0.00701014626985542,0.121753860651384,0.00303334981576217,0.00477597441831676,0,0,0.0308271569938215,0,0.130149423617488,0.00792991126215487,0.152729265582551,0.0167615794379527,0,0,0,0,0.0429107226362076,0,0,0.46567979992192,0,0.626924411345007,0.78398179997979
11282050401,0.107333116736249,0,0.00411609946029583,0.0619986011318423,0.0636740017383653,0.0535016693524366,0,0,0.00129612249924272,0,0.0657479546456228,0,0.144487415628721,0,0,0,0,0.00147097163449994,0.021455923775522,0,0,0.474918123397202,0,0.565803273908512,0.835699377171479
11156020401,0.0328887421293377,0.0125199168091725,0.0105675958828764,0.122767910872492,0.0235581283919754,0.0795009515197173,0,0,0,0,0.127679372209074,0,0.180235834051207,0,0,0,0,0.0019972539063126,0.0144580876803748,0,0,0.393826206547461,0,0.60046814342232,0.801484836509476
11435020401,0.0637398202044543,0,0.000917755018140697,0.0784933733953126,0.0381137303344625,0.0964472115888596,0,0,0,0,0.167954694022901,0,0.208653512275079,0.00591615798636626,0,0,0,0.00124158881606756,0.0221319886786266,0,0,0.31639016767973,0,0.591567847859457,0.806467094638396
11088070401,0.0805022539118173,0,0.00721207904534205,0.0815931983697365,0.0490073701862229,0.12031838171458,0,0,0,0,0.100943387488092,0.00691711714009408,0.150195184576324,0.010055558023803,0,0,0,0,0.0293174759845557,0,0,0.363937993559432,0,0.612282979885167,0.791141779719174
11155030401,0.0527041849659444,0.000623426493281241,0.0392856441803407,0.121948496364655,0,0.0556603241890137,0,0,0.0141305592207396,0,0.14799242428224,0.00580521272847269,0.133432976931723,0.00661944549689929,0,0,0,0,0.0397319558385019,0,0,0.382065349308188,0,0.5677258410559,0.825383812452096
11431020401,0,0.00889177709666878,0.00539894838385657,0.0536201545333832,0.0698277800446915,0.0670310191653801,0,0,0,0,0.0742887967003749,0,0.184746730514668,0.0163561101358798,0,0,0,0.00373418076322155,0.0251692481614573,0,0,0.490935254500419,0,0.631331048563146,0.782430862908857
11322040401,0.0491463872979767,0,0.0148974685281222,0.0249430190764869,0.0643831636607339,0.0105721228546516,0,0,0.0145822993661068,0,0.0418327195931487,0,0.194689259948006,0.0393168331670591,0,0,0,0,0.00982217421128801,0,0,0.53581455229642,0,0.643654211364841,0.778592745015509
11012040401,0.0248998516391538,0.0125083056499171,0.0108170762779486,0.0160137922383532,0.0392726542378827,0.0127163244303081,0,0,0.0216617139585159,0,0.0610618987284284,0,0.185603948317698,0,0,0,0,0.0108605922327485,0,0,0,0.604583842289046,0,0.553598442441866,0.884580248942949
11310010401,0.0662669185261622,0.00231911179290352,0.00890098623484663,0.0825263531758905,0.120457905783029,0.0258450890419161,0,0,0.0305921545761765,0,0.0373320556055635,0.0144429807240895,0.191874500409867,0.00323261437175344,0,0,0,0,0.0343287992147171,0,0,0.381880530543085,0,0.56832733280941,0.824679542137648
11061010401,0.0557762709314791,0,0.00656893534867694,0.0520340479018945,0.0408179745546552,0.0321617725579754,0,0,0.0315430060832439,0,0.0347486782279091,0.0212280908754942,0.207705802685194,0,0,0,0,0,0.0433588369284965,0,0,0.474056583904982,0,0.613430943841535,0.79695957153137
11186050401,0.00513312778775831,0.0201001769470306,0.005948975898784,0.0766490596101214,0.142286420685928,0.0529874012672972,0,0,0.00170913847917684,0,0.0386433928088586,0.0210197734782371,0.163562913736151,0,0,0,0,0.000610505120944556,0.0372422099198937,0,0,0.434106904259819,0,0.605212861927962,0.798700540717319
11020070401,0.0645853785941616,0,0.00778395886936384,0.0704453687186837,0.024433557406068,0.0224122847532851,0,0,0.0117602781900834,0,0.0903676805188461,0,0.177891395928765,0,0,0,0,0.0103431926836476,0.0222107780925677,0,0,0.497766126244528,0,0.602639233748171,0.809432991704642
11157010401,0.0695162144644039,0,0.00652014621967035,0.0743817325275193,0.0229436563267758,0.0483808246411366,0,0,0.0182834355494807,0,0.0404322151406287,0.0336628704246598,0.172004159998504,0.000216743872800751,0,0,0,0,0.046382047474843,0,0,0.467275953359577,0,0.603337356723575,0.803785822596638
11251070401,0.067452031886815,0,0.00454602153556497,0.0785966512628743,0.104553851902786,0.071641316305631,0,0,0,0,0.0735802297869311,0,0.151096779898413,0.00921093129927307,0,0,0,0.000546506953873855,0.0163776058725683,0,0,0.422398073295269,0,0.64342900897173,0.766211310582671
11319040401,0.0693642920172371,0,0.00859072145395549,0.099346929622433,0.0460634072075447,0.0604763153899134,0,0,0.0120489683619071,0,0.117225626431639,0.00982424059184556,0.15088447184788,0.000746867188153762,0,0,0,0,0.0403067345709192,0,0,0.385121425316572,0,0.65176903177082,0.75998259365899
11138010401,0.057843853179942,0,0.0058214609063189,0.0662622533543146,0.0449221182360958,0.111953037507256,0,0,0.00454527474697727,0,0.065395685821773,0.0121229658902792,0.180066662375385,0.0092681498533804,0,0.000338610723827701,0,0.00280965451973259,0.0315318461803814,0,0,0.407118426704337,0,0.612922417080516,0.79111845836041
11200040401,0.0468678450736502,0.00627264699381828,0.00598496512289485,0.0455930754325652,0.0766326590324944,0.0944288508686075,0,0,0,0,0.104235378131638,0,0.125146030073603,0.0292423600786378,0,0,0,0.000929066574405197,0.00992856422252604,0,0,0.45473855839516,0,0.601583165367414,0.803043793323898
11251030401,0.0991904749415911,0,0.00520964307208042,0.081821813496163,0.107590307687017,0.0366237348341482,0,0,0.00266170087804916,0,0.0577273812170102,0,0.140067509041879,0.00686483390129894,0,0,0,0.000101583035859441,0.0210587610214782,0,0,0.441082256873425,0,0.647557349483046,0.763058203120965
11155010401,0.11051300028527,0,0.0401018835169904,0.112209355916726,0.0391778094875019,0.0549405462483575,0,0,0.0149143581921933,0,0.0254205706752261,0.031698319447028,0.125837887255312,0,0,0,0,0.000587914756518889,0.0387015468535131,0,0,0.405896807365363,0,0.574011620148826,0.820969197238892
11321050401,0.030361182278446,0.00934604261758074,0.00197596989364367,0.115008148919403,0.0147288112420856,0.166893353094366,0,0,0.0144297300658266,0,0.106438070543883,0,0.208068688396542,0,0,0,0,0.00405051543110963,0.0216354106770839,0,0,0.30706407684003,0,0.549710869224397,0.83579207623264
11180060401,0.0126816762244243,0.00776899565720564,0.00802443270432351,0.0251668912893734,0.0695020014697346,0.0197361334683297,0,0,0,0,0.048832314338612,0,0.180668579736128,0,0,0,0,0.00288567295519444,0.028788608306579,0,0,0.595944693850096,0,0.686560503034963,0.743932138011033
11260040401,0.0667219183184817,0,0.00570130029120277,0.053669094333088,0.0363634985964301,0.121472069738311,0,0,0,0,0.0837754364905497,0.00435090349136423,0.0756610634891846,0,0,0,0,0.00329474504336467,0.0276756425070441,0,0,0.521314327700979,0,0.646369795856844,0.768462842605493
11016030401,0.0303713198907463,0,0.0100024823444553,0.11446714084828,0.068830109061103,0.0496968285189203,0,0,0.0141399774244583,0,0.123551935201834,0,0.182166722511813,0,0,0,0,0,0.0276184461937092,0,0,0.379155038004681,0,0.520409522565413,0.860954745125882
11435050401,0.0173104832414425,0.0356177510326964,0.00729403865830379,0.0285226429974269,0.0827471723892069,0.0720086265668223,0,0,0,0,0.0541290947898216,0,0.129316939676107,0.00652191331944654,0,0,0,0.00674663865740945,0.0187514795314546,0,0,0.541033219139861,0,0.62563161668969,0.792136259273557
11267050401,0.0393018634087777,0,0.0104230692853167,0.142041815935736,0.0321522581987946,0.0296100575545938,0,0,0.0463930253746534,0,0.0511521515084477,0.0384590889634954,0.119642602505718,0.00890287858136289,0,0,0,0,0.0403817041260574,0,0,0.441539484557047,0,0.539312673536111,0.851793423940265
11357060401,0.0313163377800171,0,0.014016182962623,0.0169729189856402,0.0430255145442517,0.0545321570039539,0,0,0.0139164374998863,0,0.0678376548500079,0.0124664109660304,0.0766989453781533,0.0338426743576954,0,0,0,0,0.0324290997968947,0,0,0.602945665874846,0,0.668557255060152,0.758604423775094
11038050401,0.0529453700093332,0.00694931597270597,0.0248399658115626,0.0721572466578921,0.0283799992273569,0.0407897336475134,0,0,0.0724372479461834,0,0.0549625524011465,0.0202146921608783,0.139360763681484,0,0,0,0,0,0.0261472765870431,0,0,0.4608158358969,0,0.61015918554064,0.796222323621447
11195010401,0.0345248234309831,0.00657224848406609,0.00877025811311097,0.119592795190706,0.0219374285772788,0.0882009544009623,0,0,0.0465266652491606,0,0.107067611860876,0.0208685609644241,0.125128687122751,0,0,0,0,0.00990153182380842,0.0309470152425067,0,0,0.379961419539366,0,0.576929810798291,0.818365471638747
11205010401,0.0257408172235027,0.0114941859288516,0.0171312916833161,0.0681568271298539,0.0748684125451713,0.0152143349027718,0,0,0.0201168286635305,0,0.0401241550270275,0.014459097540737,0.27522954465309,0,0,0,0,0.0184771210359739,0.0325829511352855,0,0,0.386404432530888,0,0.654413771486735,0.756186117814797
11442030401,0.0270397514341557,0.00898581431607334,0.00223342500194294,0.079415788910287,0.0364661299089692,0.0617773892483314,0,0,0.0225744969304199,0,0.14687657370275,0.0110633472145531,0.0832183681001438,0.0282560628497144,0,0,0,0,0.0391553986857233,0,0,0.452937453696936,0,0.61622532106798,0.790761691367619
11166050401,0.0311271079378325,0,0.0133509597332248,0.0604073608758511,0.0721729213266056,0,0,0,0.00299331864307527,0,0.0930178879050299,0,0.139340137731047,0.0586815402943702,0,0,0,0,0,0,0,0.528908765552963,0,0.609830087693242,0.807581958838153
11251020401,0.0908340950876767,0,0.00654383692837377,0.0724731935593931,0.0780854620219258,0.120077683869349,0,0,0,0,0.0793810753163352,0,0.138624870365214,0.00714136413711299,0,0,0,0.000483640135189094,0.0109816606424214,0,0,0.395373117937009,0,0.624948781976961,0.781224468511448
11004020401,0.051058558011696,0,0.00424713958286366,0.0912061305987176,0.0811886430732594,0.01534871152245,0,0,0.0252513819988328,0,0.0782869849001282,0.00586635282579386,0.196231184098107,0.00597601174821458,0,0,0,0.00525667818493444,0.032722968085902,0,0,0.4073592553691,0,0.593170807580157,0.807413611478774
11165060401,0.084217414470926,0.00113727448759923,0,0.0392811550024311,0.0143016835131523,0.0187477707141726,0,0,0.0437286093005324,0,0.0261234309936482,0.0109057190181903,0.220566594942419,0.0383983111291659,0,0,0,0,0.032953260626834,0,0,0.469638775800929,0,0.608874882134517,0.801781769436424
11155040401,0.0656596022967823,0,0.037306101352347,0.0825182569675218,0,0.0834713239695446,0,0,0.000972786371279455,0,0.0837685261717178,0.00346537801804038,0.157269392049581,0.00578959629596594,0,0,0,0,0.0284052119714245,0,0,0.451373824535795,0,0.567542750183541,0.831045858590245
11070060401,0.0500502418242972,0,0,0,0.0421616746821094,0.018054830988211,0,0,0.0113370372120443,0.00712981947219723,0.0430075368543868,0,0.0927367152347111,0.0389698853597667,0,0,0,0,0.00034119644369103,0,0,0.696211061928585,0,0.645944020072685,0.814302333493375
11335010401,0.0658572224163819,0,0.00745917533868197,0.105871173861494,0.0379071895210266,0.0727160869778279,0,0,0.0340030171113036,0,0.0546124716404537,0.0157971172083233,0.172069340178734,0.0162634618622549,0,0,0,0,0.0311613759148942,0,0,0.386282367968624,0,0.599727609607518,0.800924403997224
11293020401,0.0851163765722281,0,0.0018185955703707,0.0393416111101616,0.0410151122635787,0.11849534319995,0,0,0,0,0.0502276755409651,0.00377946187434185,0.131729233402814,0,0,0,0,0.00854035564198409,0.0246937397409793,0,0,0.495242495082626,0,0.60863736119762,0.800958775448496
11292030401,0,0.0173366117250579,0.00614079826196991,0.0614330962426746,0.07617074771468,0,0,0,0.0291594289555357,0,0.0550154308818516,0.0132836545399715,0.0903550464931487,0.0852524949942547,0,0,0,0,0.0373870194056349,0,0,0.528465670785221,0,0.649427482147618,0.767099905381424
11088010401,0.0906741833678245,0,0.0157239972890597,0.091971568020638,0.0791832773381105,0.13421809777457,0,0,0.0261602593157489,0,0.0511360338371108,0.0207858629771578,0.151228215526583,0.00352101058205523,0,0,0,0.000678700325768317,0.028416253402254,0,0,0.306302540243119,0,0.609781163589226,0.794235570275592
39651040401,0.0370941586648768,0,0.0126637242741366,0.055285177952016,0.048995707037898,0.0442979769900253,0,0,0,0,0.095723583953272,0,0.0990057865589131,0.0386162549722072,0,0,0,0.0071942710057551,0.0240938608628768,0,0,0.537029497728023,0,0.626712819482921,0.78996866663821
11054040401,0.0540807507880803,0.0054491901727922,0.0191670445180649,0.0472859494743309,0.0331532938847718,0.0472359272272972,0,0,0.0180568968469775,0,0.103666130914921,0,0.152988646557844,0.00622115941422192,0,0,0,0,0.0168199477369313,0,0,0.495875062463768,0,0.586586746871901,0.821942137961206
11432030401,0.0179720313380569,0.00148607092777737,0.00738967971506716,0.127077048293072,0,0.010722890875889,0.0186171159131386,0,0.0200642179645528,0,0.161630677263917,0,0.142068894351005,0.0248420390995638,0,0,0,0,0.0375402568554708,0,0,0.430589077402489,0,0.646070861647017,0.764930580973527
11261040401,0.0383365193565639,0.00924416087691254,0.00822230652819299,0.0930900541800542,0.057619143063278,0.0166595462028355,0,0,0.0131466907890839,0,0.0997410521329859,0,0.205365393172468,0,0,0,0,0.00580932659642716,0.0302007757433682,0,0,0.422565031357829,0,0.637232566857187,0.771979108983175
11049020401,0.0579453919754359,0,0.00881613554318155,0.0401127297587723,0.0625269740356567,0.0567351724177716,0,0,0.0287744263210202,0,0.0264853235587455,0.0211858439766519,0.180905288955298,0.0110779184481707,0,0,0,0,0.0422969699407308,0,0,0.463137825068565,0,0.60588956126053,0.800930985623469
11444060401,0.0786873670421637,0,0.0131486893535755,0.229358196043346,0,0.0739541614568226,0,0,0.00268802379351461,0,0.0776205235879887,0.00945816892422775,0.148083272931612,0,0,0,0,0.0227751471456657,0.0174649445906266,0,0,0.326761505130457,0,0.606272753526385,0.796315528019162
11161010401,0.0770289608801878,0,0.00475837614787859,0.0642641683233856,0.00235993532503205,0.151357803663078,0,0,0,0,0.0961245737161467,0,0.257273103893286,0,0,0,0,0,0.0260316366005774,0,0,0.320801441450428,0,0.610828484070371,0.791855058535542
11294040401,0.0239109497578381,0,0.00838023511227958,0.00193463380135032,0.0361395693952642,0.0143123775972468,0,0,0.0251711538629431,0,0.0812522586910742,0.00266964365137056,0.181493975982955,0.040520312568444,0,0,0,0,0.0372210020749687,0,0,0.546993887504265,0,0.666199823332327,0.757021229631298
11211050401,0.0364299499695721,0,0.016587787769723,0.0535136821319537,0.0620887567801349,0.0783387775936741,0,0,0,0,0.0628042349726286,0,0.127978725153369,0.00763280932583289,0,0,0,0,0.0196339952362974,0,0,0.534991281066814,0,0.577719786876129,0.835392590169486
11057010401,0.068620155060626,0,0.0104286992917074,0.117138620793655,0.135066534402823,0.0219696379685223,0,0,0.0283023615029863,0,0.0411529498387727,0.00757581078092663,0.172925210947955,0.00670286755772986,0,0,0,0,0.0275781233364394,0,0,0.362539028517856,0,0.604362504934734,0.79677416589699
11409060401,0.0850454848898781,0,0.00436848896258727,0.137725454562214,0.0905482600204084,0.0284284529901055,0,0,0.0381905613002121,0,0.0758605450352733,0.0200762885137136,0.146001439555552,0.01433735088746,0,0,0,0,0.0362836279055014,0,0,0.323134045377095,0,0.549201717222245,0.836038267158827
11234040401,0.0367176869237191,0,0.00721490523963305,0.0173495623881064,0.036967266280866,0.0976172667897087,0,0,0.000465035419686628,0,0.108322350515165,0.00215180501456208,0.100251750579632,0.0198239878903476,0,0,0,0,0.0201853862195537,0,0,0.55293299673902,0,0.638308236364681,0.781719231594165
11071050401,0.0615450868402361,0,0.00665318095290005,0.0288668156030522,0.0597685280891753,0.0143332757031975,0,0,0,0,0.0511394265327194,0,0.097569897790715,0.0671524733342788,0,0,0,0,0,0,0,0.612971315153726,0,0.625932378534365,0.808901653475524
11210010401,0.0166778062505316,0,0.00989760967943304,0.0898822593588482,0.0248664759944573,0.0275040139934381,0,0,0,0,0.111646123766,0,0.182594712820385,0.0188392678371039,0,0,0,0.00360344664057695,0.027624093232959,0,0,0.486864190426267,0,0.600327961431889,0.810842566903173
11273050401,0.068849682562523,0,0,0.0997241730185263,0.0573690175490066,0.132166453717678,0,0,0,0,0.102592291539034,0,0.169509399970065,0.00790134350589971,0,0,0,0,0.0111677859301269,0,0,0.35071985220714,0,0.589264083809123,0.808302107571795
11271020401,0.0344343449114619,0,0.00425475582731309,0.111736535176812,0,0.105958599500516,0,0,0.0180170337831931,0,0.119175094742293,0.00920731811218618,0.159225820644897,0,0,0,0,0,0.0377097648144072,0,0,0.40028073248692,0,0.550007080737159,0.840676573374187
11260010401,0.0540894096158325,0,0.0110717987333256,0.0517292287958234,0.079164426831262,0.0970992307249231,0,0,0,0,0.106908346219809,0,0.0883018883851435,0,0,0,0,0,0.0071297691443041,0,0,0.504505901549577,0,0.643513465965858,0.770220518201829
11205060401,0.0164803727654147,0.00716204892152683,0.0158795732238466,0.0353263659932575,0.0157592088276528,0.0468634210780901,0,0,0.00625127133312797,0,0.0627760786356079,0,0.234329204303114,0,0,0,0,0.0136321698992704,0.0163347302419388,0,0,0.529205554777153,0,0.638046923500683,0.784937277178831
11098070401,0.0546853030491324,0,0.00846767147574384,0.0440481765000736,0.0515899089264219,0.0657090744269107,0,0,0.0208600337634169,0,0.0794659193646661,0.025981343512616,0.135568991365393,0,0,0,0,0.00912489096297462,0.0525531157852946,0,0,0.451945570867356,0,0.624296553469866,0.783355563073814
11055010401,0.0481877142357046,0,0.0042049293797328,0.0899321436503419,0.118929574822425,0.0817005084486439,0,0,0,0,0.0234387322866276,0.0323687718682455,0.127153170091762,0.00217417928456668,0,0,0,0.00127599540001385,0.0427322672872967,0,0,0.427902013244639,0,0.609872211430835,0.793975983349331
11061050401,0.0419981037230536,0,0.00846675754054724,0.0634041802994002,0.0276295497053974,0.03695910525837,0,0,0.0354318925243052,0,0.0162064366836719,0.0286556634368339,0.161315373779407,0.0152214736869161,0,0,0,0,0.040789408852706,0,0,0.523922054509392,0,0.62234619531364,0.794263936309352
11327070401,0.0455328015375627,0.00290559882318057,0.0095649694466739,0.106678154549185,0.10157895287197,0.0999377270482776,0,0,0.0105230021127201,0,0.0498270522632433,0.0221453937659799,0.156465309263886,0.00919659645994878,0,0,0,0.00176812676481583,0.0359705223652192,0,0,0.347905792727337,0,0.638666138196097,0.771091871410189
11284050401,0.0170737271684163,0,0.00758104188446657,0.0770353737712416,0.0522925851953931,0.0615541152661345,0,0,0,0,0.086861532464367,0,0.106124130124541,0,0,0,0,0.00557948791686594,0.0234334953603401,0,0,0.562464510848234,0,0.684074101483995,0.737216867667224
11293030401,0.0506771537497907,0,0.00692351077133014,0.0265654151898347,0.0496580837537637,0.117405305721052,0.00100773440132664,0,0,0,0.0672617378004914,0,0.0848594810411449,0.0269620965153606,0,0,0,0.0077244640268227,0.0100430508307638,0,0,0.550911966198319,0,0.647985352662526,0.770801812564223
11003030401,0.00629251214030525,0.0215813110201792,0.00823593146718935,0.0793883758146295,0,0.0435899481028087,0,0,0.0554523172855902,0,0.154241811316474,0.0154685254185195,0.130036488067415,0.0207885802100245,0,0,0,0.00695082675812311,0.046614477043799,0,0,0.411358895354943,0,0.610301137862348,0.79391035518224
11273040401,0.0554785417791223,0,0.00098372406974071,0.128756757365688,0.0154692124613676,0.142770299124963,0,0,0,0,0.183178393819097,0,0.152637217035581,0.0113673600695434,0,0,0,0,0.0190481990258923,0,0,0.290310295249004,0,0.592292549064714,0.806252294085425
11200020401,0.0901668081604258,0.00197618632109851,0.00421471982751029,0.14679570868616,0.0393699134589087,0.101957137790176,0,0,0.000621456716030733,0,0.162941943073286,0,0.206738220949965,0,0,0,0,0,0.0241807050556673,0,0,0.221037199960773,0,0.564470514127118,0.82577967983011
11097040401,0.0394066072086111,0,0.00789730329304074,0.100788689925404,0.0627422964369989,0,0,0,0.0437078063180313,0,0.07381955896053,0.0209713788407796,0.136605011580919,0.0271758400563849,0,0,0,0,0.046623254318766,0,0,0.440262253060535,0,0.616142469230807,0.789828357726698
11054010401,0.0734434228124438,0,0.0082415061904597,0,0.07050950969699,0.0311371905041811,0,0,0.01696240539717,0,0.0905246450440575,0.0171278161936422,0.431185067857119,0.0427280699535965,0,0,0,0,0.03950857474522,0,0,0.17863179160512,0,0.382432198335023,0.939085707130964
11169050401,0.0568747556595735,0,0,0.0663923840476328,0.0317501348291948,0.0168261493548501,0,0,0.0130806096962317,0,0.0560429436933845,0,0.158408477885731,0.0544663761198088,0.000192293042133792,0,0,0,0,0,0,0.545965875671459,0,0.633335485646634,0.789518509800412
11435010401,0.101805216816456,0.0237536172719021,0.00707614129382552,0.0961568512263802,0.150022171532669,0.10178671119112,0,0,0.00594101681281722,0,0.102059773997035,0,0.205754067974132,0,0,0,0,0.00296724169978577,0.0181521994608649,0,0,0.184524990723012,0,0.612697108903783,0.79707556934938
11324040401,0,0.014440612240096,0.00351902838592011,0.109069716007913,0,0.0231482402977653,0,0,0.0002782680604883,0,0.0845748135164404,0,0.187566472000865,0.0160874676912878,0,0,0,0,0.0292954805430781,0,0,0.532019901256146,0,0.610644963345432,0.810192920394694
11282010401,0.0894706177861255,0,0.00715174267332172,0.06424249407925,0.052753680146011,0.0722432807544873,0,0,0.0090181353305604,0,0.0615900788927574,0.00391995107303901,0.125472895236124,0.00152273966364163,0,0,0,0.00445580283582102,0.0254602286610751,0,0,0.482698352867786,0,0.566448513225623,0.835182967841567
11054070401,0.0796179816819924,0,0.0122115414735413,0.0514996867987202,0.0104222762125993,0.0932357658466802,0,0,0.025080828392785,0,0.0688494037576666,0.0342305708500361,0.110240257073346,0,0,0,0,0.0011001934859801,0.0414538606091376,0,0,0.472057633817515,0,0.562293087466917,0.83658524112107
11046010401,0.0332957460089387,0.00205062610455728,0.0067271692712167,0.0583077669814486,0.0414675885806548,0.0252566255672026,0,0,0.0408421151421823,0,0.0732837150753629,0.016127175883812,0.171136236944936,0.0627553267606067,0,0,0,0,0.0249461098584388,0,0,0.443803797820642,0,0.552377611607743,0.843737671713691
11303040401,0.0346171980181815,0,0.00716409665636892,0.123605784189685,0.00629135255597685,0.0259766693811123,0.00296256826724367,0,0,0,0.124815753870421,0,0.194260098533031,0.00691293431764989,0,0,0,0.00985273951536253,0.0224022478044018,0,0,0.441138556890565,0,0.586022857237768,0.817721966376144
11363050401,0.0185295597350706,0.000596790121459941,0.00523340243339184,0.0747585039998723,0.0358363586945467,0.00183881337140616,0,0,0.0195534744889561,0,0.0220584002107097,0.0056728188383724,0.19795516872951,0.0384534399463303,0,0,0,0,0.0173019103212223,0,0,0.562211359109152,0,0.595316902035515,0.833279561437584
11075010401,0.0513000160382744,0,0.00767764637082196,0.0981719985334839,0.0138285718901894,0.0913116019926354,0,0,0.0309529744579559,0,0.118834044422719,0.00629829304525138,0.210576671694199,0.00747937251611404,0,0,0,0,0.0378236849903165,0,0,0.325745124048039,0,0.539180883511382,0.843600750693942
11155060401,0.0385864600014958,0.0100283156363771,0.0217536971754579,0.0554294837335667,0.0428814531029511,0.0381564455540652,0.0138345786042812,0,0.00951148993418125,0,0.0522740356098246,0,0.133473444392805,0.0437838018990312,0.00116011083426495,0,0,0,0.0208924084211488,0,0,0.51823427510055,0,0.587472468512005,0.823464145564412
11162030401,0.0317525369136499,0,0.00700466307871494,0.059303012096674,0.0380318824149606,0.0290195031552497,0,0,0,0,0.0899244269590381,0.013498284788795,0.153888847241922,0,0,0,0,0.00565475951775853,0.0331163214660024,0,0,0.538805762367235,0,0.618785996412753,0.800765231728755
11070010401,0.0633882843017951,0,0.00902090429053287,0.0801608505802778,0.0756850827067679,0.106793004887142,0,0,0.00890836674848304,0,0.0601268402671856,0.00806846450555564,0.177546512468294,0,0,0,0,0,0.0306977738892935,0,0,0.379603915354672,0,0.624745846933962,0.781106686866957
11096070401,0.0698554820635867,0,0.00616506202950799,0.0991323729124676,0.0590870414541235,0.0376879359509918,0.00605477719511244,0,0,0,0.0878982928236434,0,0.212088655309335,0,0,0,0,0.00523932201783034,0.0157738028602457,0,0,0.401017255383156,0,0.57543730103102,0.821651116926996
11336040401,0.0374030366916097,0.00303332929769609,0.0114828544926732,0.0486251607934872,0.0326605760595698,0.0767156895268608,0,0,0.0255790760917752,0,0.0936154338104744,0,0.178498483794936,0.0114001554646308,0.00213619728580465,0,0,0,0,0,0,0.478850006690482,0,0.593776781596339,0.814659426816951
11278050401,0.0109610994974526,0,0.010660431590046,0.118764580616876,0.0317543535398874,0.0978439571769576,0.0107231980883854,0,0,0,0.15318889641384,0,0.102890265265492,0,0,0,0,0.0141115307559995,0.0171598732856508,0,0,0.431941813769413,0,0.557331518385572,0.837771775046548
11407010401,0.0763264011762503,0,0.00975097579055845,0.168445679611957,0.0661045933126474,0.0100928016848306,0,0,0.00879698799557628,0,0.106844558450513,0,0.199551580735198,0.00880372958974268,0,0,0,0.00959879777011644,0.0253433851955644,0,0,0.310340508687046,0,0.547048361800611,0.837608344044743
11204040401,0.0459920709156245,0.01171650528612,0.0109161580634409,0.0350486341751911,0.0697228210622344,0.063106302414612,0,0,0.00941547938263673,0,0.097076410942585,0,0.104183671343042,0.012671167013638,0.000391761879032978,0,0,0,0,0,0,0.539759017521842,0,0.61134659707162,0.805221933902254
11282040401,0.0940348373985969,0,0.00741864878499505,0.052809693755305,0.0632788861577779,0.0442030177229034,0,0,0.00962100215345584,0,0.0729691931145936,0,0.147060072932405,0,0,0,0,0.00324824149112315,0.0244951895379396,0,0,0.480861216950905,0,0.577457881786944,0.826719707515015
11324010401,0.00225200572622325,0.0122785491947471,0.00973554333296199,0.105247505384742,0.0075997521944195,0.00371514296789136,0,0,0.00840949061301692,0,0.092153843557597,0,0.227691991994364,0.0157829590220136,0,0,0,0,0.0230201648802129,0,0,0.49211305113181,0,0.614158745906184,0.801792252266124
11166070401,0.0602866399911114,0,0.00663444145051948,0.143461794427514,0.0370691175854942,0.0414533661720224,0,0,0,0,0.116365036170793,0,0.158318143572303,0.00360516623104088,0,0,0,0.00227493451181734,0.0192786579413264,0,0,0.411252701946058,0,0.59182743251974,0.809099169610663
11281010401,0.0474641117256259,0.0140958708388506,0.00480935141256256,0.0350153772345819,0.061052550683589,0.0532371265494359,0,0,0.00789786336209577,0,0.048057382562375,0.0138959993251943,0.202821228879117,0.00157337445653472,0,0,0,0,0.0378001188721994,0,0,0.472279644097837,0,0.595281324563834,0.812435171935829
11158030401,0.00321729314713819,0.0213660648472896,0.000997754005859543,0.0898763280388785,0.0638357116860785,0,0,0,0.0448974944757325,0,0.07433391411446,0.00842645108745394,0.165975915828213,0.00829776055695351,0,0,0,0,0.0297494284507631,0,0,0.489025883761179,0,0.589551417507677,0.81918236889401
11158070401,0.0308444482252904,0.00993727705235999,0.00247325790490334,0.103964007931451,0,0.107159986432689,0,0,0.0158572121102363,0,0.0795648283020982,0.0112956177175664,0.141863125345914,0,0,0,0,0.00018455169162466,0.0278480925547201,0,0,0.469007594731148,0,0.578155283012273,0.825104795663749
11235060401,0.0789373680736307,0,0.0117836479318597,0.0682762613876219,0.0559207121101471,0.120144151928649,0,0,0,0,0.109300943162762,0,0.134189188225424,0,0,0,0,0.00237677015853637,0.0191510063542707,0,0,0.399919950667098,0,0.585111763666733,0.81263598476949
11161050401,0.0538717818873057,0,0.00709492241990464,0.0806011500358036,0.00928528406774894,0.152300897533564,0.00626094832474702,0,0,0,0.0771503655321534,0,0.178875284757684,0,0,0.000737775374127714,0,0,0.0309173463832493,0,0,0.402904243683712,0,0.635640652257314,0.772507106858738
11410070401,0.0455775553095835,0,0.00773278394430799,0.109780923591999,0.01323856179958,0.0744188255976732,0,0,0,0,0.155050284198513,0,0.137642985878457,0.00140545301868383,0,0,0,0,0.0315307332622631,0,0,0.423621893398939,0,0.573507636628279,0.824687236402593
11203010401,0.0180350735398804,0,0.00599175482740487,0.0246453572977607,0.0711510109989959,0.110998116067043,0,0,0,0,0.0937447519628405,0,0.0968057250592528,0.0113125397469396,0,0,0,0,0.0119818300721231,0,0,0.555333840427759,0,0.618747745127828,0.800890859003409
11434040401,0.0198336504828792,0.0109537909236922,0.00858286721937007,0.0543447082158867,0.0670904587752541,0.0464393305519753,0,0,0,0,0.156644550061338,0,0.190667196469349,0.000953734150879014,0,0,0,0.00610504526744078,0.0365609873306107,0,0,0.401823680551325,0,0.615774557240792,0.789221837454003
11417030401,0.0255940736337552,0,0.00469918354869687,0.146949457355457,0.0543140617244779,0,0,0,0.0483822793041181,0,0.183173956373267,0,0.0809185171157397,0.0337510550415598,0,0,0,0,0.0205998912675663,0,0,0.401617524635362,0,0.618620664606267,0.787424284167519
11366040401,0.0406278712597338,0,0.000390174470385516,0.102022099510392,0,0.0633546242634615,0,0,0.0200777252048208,0,0.122759526912154,0,0.137137559010275,0.0372617206129541,0,0,0,0,0.0297003634350197,0,0,0.446668335320803,0,0.657960067058434,0.754602298981855
11216040401,0.038337244774489,0,0.0133452928587812,0.0715990219102893,0,0.0461386737055156,0,0,0.0246013500216584,0,0.0835852949254121,0.00451331635807496,0.165174067697809,0.048848865363855,0,0,0,0,0.0380249855850727,0,0,0.465831886799043,0,0.647923858526432,0.764219257837927
11034010401,0,0.0154520810070524,0.00946390691260574,0.031283803722666,0.0275676045186805,0.0922752468624357,0.00152193584396873,0,0.00386701784722838,0,0.107657502853153,0,0.167389547801747,0,0,0,0,0.00012785402063972,0.0291672489530567,0,0,0.514226249656766,0,0.642173225930548,0.774712702750166
11024010401,0.0284844956220156,0.0140692901360951,0.00265311663826722,0.179639832182378,0.125776897051942,0.0185599144996884,0.023360205686072,0,0,0,0.150931309753769,0,0.199734517421191,0,0,0,0,0.0012285059147996,0.0148177814417217,0,0,0.240744133652062,0,0.526858530406894,0.849900170883366
11284020401,0.0172548051975506,0.0133705823122612,0.00371402238013817,0.131786196995204,0.0329814425458831,0.0298980485651623,0,0,0.0213869890386178,0,0.138373002641608,0.0045916507515928,0.171031942275037,0,0,0,0,0.00527477718085048,0.0326796011722204,0,0,0.397656938943874,0,0.651788979974741,0.75947947495274
11259070401,0.0402970362002736,0,0.00978848484549757,0.12625395541502,0.0310652933955583,0.0870535034288482,0,0,0,0,0.214302182425843,0,0.182359566086552,0.00414553038305635,0,0,0,0.00542930593829265,0.0165240985906822,0,0,0.282781043290376,0,0.5266375727056,0.852063596598986
11154070401,0.0819043308609731,0,0.00478572118550326,0.082566661447369,0.0494354436087379,0.0429558554963501,0,0,0.00775600401868306,0,0.0513985630351971,0.0239908871394439,0.121917128771335,0,0,0,0,0.00574651761031468,0.0394280286808919,0,0,0.488114858145201,0,0.608098752388667,0.800474853340076
11004050401,0.0721430320407741,0,0.00152238498908499,0.058824748115614,0.0516402463736524,0.0780480324080129,0,0,0,0,0.0668602845022325,0,0.198699758564487,0,0,0,0,0.000867796867370256,0.0200762744414008,0,0,0.451317441697371,0,0.610249793997927,0.797073974824582
11285020401,0.0242652442851794,0.00849612340248668,0.00582592760486347,0.0689271201842429,0.0215427413701161,0.00953851277156361,0,0,0.0463099252645652,0,0.0803926752820909,0.0591353632017081,0.203700949892817,0.0316613515696988,0,0,0,0,0.0561269808235631,0,0,0.384077084347105,0,0.528548635224072,0.856197075195504
11327010401,0.0253307657876982,0.00406023486780129,0.00515556092682465,0.0437190414347882,0.0254865512176174,0.127991403830276,0,0,0,0,0.0447071786207478,0.0117299702897904,0.206999618677252,0,0,0,0,0.0068463604437625,0.0336299224535145,0,0,0.464343391449927,0,0.663371819627024,0.750214056038512
11311050401,0.00572415364062815,0,0.00533562775685571,0.0550836740049302,0.0942838163571963,0.0129805368803401,0,0,0.00168891463128994,0,0.0716054957199065,0.0059907435347686,0.10841180174492,0.0315566975481788,0,0,0,0.0129538421567297,0.0353975045315629,0,0,0.558987191492693,0,0.651456067375582,0.769893115512518
11257030401,0.00790958468339101,0.00824179930904236,0.00826324958899295,0.0337663033325005,0.0484392355635825,0.033374717768784,0,0,0.00252342585741465,0,0.135972060327014,0,0.20628793071406,0.0363769873292576,0,0,0,0,0.0309123496159899,0,0,0.44793235590997,0,0.555581341097931,0.844278700569978
11240050401,0.0279115818563689,0.0048003169881754,0.00524848818426111,0.0482667819724957,0.077275263747255,0.102564334956286,0.00442814216747825,0,0,0,0.0861354142011923,0,0.205318715225817,0.0113006870595265,0,0,0,0.00671737120296066,0.0107931921852958,0,0,0.409239710252888,0,0.61467142039231,0.790170266412149
11151020401,0.068062416982878,0,0.000402309710400458,0.138543929170204,0.00470189412423615,0.0958384320628909,0,0,0.00741916077856823,0,0.244719598344087,0,0.111497577044303,0.020217632496163,0,0,0,0,0.0177205458820368,0,0,0.290876503404232,0,0.605956952617232,0.796533016639869
11449010401,0,0.0407497563575159,0.00474351999108018,0.130133333133217,0.00687386397328026,0.0258827771519572,0,0,0.0100462430016113,0,0.160707980967951,0.000201719247131312,0.135668341433589,0.00376984535914943,0,0,0,0,0.0341800713846371,0,0,0.447042547998881,0,0.599895802802901,0.805655465206105
11222070401,0.0195692486197092,0.0145799336128282,0.00337126438886181,0.200472573780992,0.00218936544140021,0.00555062675924753,0,0,0.0198919747112984,0,0.148271842170975,0.0127074114028829,0.287009952144331,0.0164109936470371,0.00186905478258596,0,0,0,0.0240964489648728,0,0,0.244009309572978,0,0.570702542216102,0.821028989645571
11252030401,0.0492719765613694,0.00963226368718342,0.00452568729068829,0.092232162403195,0.0983816546856253,0.0254282966287861,0,0,0.0300915225813843,0,0.0752118183286109,0.0298267536123772,0.118559804647659,0.0116256740757831,0,0,0,0,0.0391659305722395,0,0,0.416046454925099,0,0.534380632102989,0.851944806046955
11012060401,0.0193624806915107,0.0115525709812677,0.0110735863670801,0,0.0144302464681098,0.0630281664612299,0,0,0.0200586101609442,0,0.0643534774221352,0,0.152236488629307,0,0,0,0,0.0298500646033814,0,0,0,0.614054308215034,0,0.585208168037053,0.85258358727418
11407070401,0.0839551209592202,0,0.00256308648322083,0.142920366891577,0.0589655088817516,0,0.000266306702832509,0,0,0,0.0923011831324829,0,0.138360827810662,0.0101598666181054,0,0,0,0,0.0242500453091237,0,0,0.446257687211025,0,0.579156915013487,0.821583847496657
11407050401,0.0922188913713624,0,0.00171706438891382,0.132026792666199,0.077306816367274,0,0,0,0,0,0.047634792748392,0.024900502868796,0.113476672800529,0.0114594503288718,0,0,0,0,0.0388840537355604,0,0,0.460374962724102,0,0.57733576366371,0.823398779040016
11003010401,0.0367920955336945,0,0.00687483445202437,0.0404393508196282,0.0205568490999799,0.0944712852328262,0,0,0.0487675334377803,0,0.10586561649093,0.0148382749838358,0.218441246671868,0,0,0,0,0.000410435891496261,0.0451182160272278,0,0,0.367424261358709,0,0.602166185301754,0.798806819341171
11433020401,0,0.0222604827953265,0.0111641638936166,0.103751418706738,0,0.154735557771338,0.00120167615659653,0,0,0,0.0978961525923238,0,0.127661566378724,0.0133140685215225,0,0,0,0.000774162525973528,0.0225882186564315,0,0,0.44465253200141,0,0.621427172242533,0.785867335897026
11357040401,0.00340079181750828,0.0192232291355389,0.006910693213062,0.00715658591267107,0.0649288228110246,0.0290646779724163,7.6996600367124e-05,0,0,0,0.0683341930748289,0,0.108931626160008,0.0498936289972785,0,0,0,0.00590770018106416,0.0201647107330108,0,0,0.616006343391222,0,0.676718220608621,0.755387816686225
11066010401,0.0403204826869774,0,0.0128611455454077,0.0222707038469349,0.0697677039967956,0.0584578085183042,0,0,0.00432095095019527,0,0.0588175440267343,0,0.146348017276011,0.0181160186639525,0,0,0,0,0.00243275771702199,0,0,0.566286866771665,0,0.618909229385246,0.805794392213383
11257040401,0.00844305134369903,0.00621953512298986,0.00818758878641033,0.0230475238528259,0.0635098211159403,0.00854930991292977,0.00238148411824852,0,0,0,0.108918144496113,0,0.227511762101459,0.0373330114161888,0,0,0,0,0.0258834269579637,0,0,0.480015340775232,0,0.570097329939519,0.839165055026472
11317010401,0.0378882953638499,0,0.00449937620562355,0.0226806649411064,0.118449744150718,0.0805284939527193,0.00776914260276092,0,0,0,0.0441192166025204,0,0.161255101938372,0,0,0,0,0.00638928933721728,0.0206657074049168,0,0,0.495754967500196,0,0.640178341998498,0.773312429286455
11269020401,0.0203096242219941,0.0215177643339736,0.00847079511217171,0.0741104659681164,0.0773135455376192,0,0,0,0.00521374718791975,0,0.144013725362248,0,0.135085528302877,0.00843446095308076,0,0,0,0.00152632243975324,0.0211842056117562,0,0,0.482819814968491,0,0.584371574558585,0.82218913923396
11420020401,0.0875411628259391,0,0.00189818924086828,0.0735403756076451,0.0607831961732745,0.0543536622238699,0,0,0,0,0.10807849295954,0,0.110794864455997,0,0,0,0,0.00121769996507346,0.0253379521756929,0,0,0.4764544043721,0,0.590636901828439,0.814335822627518
11270040401,0.0470895605535745,0,0.00579494792814249,0.0585118377008643,0.0602007654675493,0.0380144192680591,0,0,0.0266217338614284,0,0.0308927267425716,0.0344724241298534,0.15359188057455,0.0160109460090111,0,0,0,0,0.0588399842535795,0,0,0.469958773510816,0,0.598040257845264,0.807610842143419
39651050401,0.0514617241472509,0,0.0120038232163537,0.05915738912194,0.0509271854009449,0.0517214262783035,0,0,0,0,0.0768372960908957,0,0.0936187498775453,0.0300103345226544,0,0,0,0.00733561773866382,0.0106435104579075,0,0,0.55628294314754,0,0.648192903339097,0.772111181932439
11023030401,0.0135704029231435,0.0434145710328829,0,0.0301858515065564,0.028854585945069,0.056159650844255,0.00325112987689413,0,0,0,0.200653011096671,0,0.185414859368809,0,0,0,0,0,0.0187880993207297,0,0,0.419707838084989,0,0.600891032464291,0.803705388973234
11283020401,0.031605626405342,0,0.0109063397073615,0.0865489033177705,0.00629919522046808,0.018594290034924,0,0,0.0562567845992718,0,0.240324331327399,0,0.151228411491977,0.00179116591263688,0,0,0,0.00830217348973426,0.0475366963425858,0,0,0.340606082150529,0,0.636406760645824,0.772756166566034
11018030401,0.0245275647682388,0.0112817463042816,0.0133950813355049,0.021008294481848,0.0415679061352428,0.0491250371452293,0,0,0.0219155356872469,0,0.0537214004511126,0,0.24240272164367,0,0.000204869657438647,0,0,0,0.00376215882388171,0,0,0.517087683566304,0,0.666341657404066,0.754787841941654
11033070401,0.114086326792325,0,0.0123744739086157,0.0975015239012999,0.0712142861916276,0.0302478749099932,0,0,0.00829246982512819,0,0.061824037060411,0.0117405646136247,0.141914847904755,0.00599672729926352,0,0,0,0.0083564949768995,0.0349323246283006,0,0,0.401518047987756,0,0.577570453763108,0.818266365527156
11035050401,0.0572863415852622,0,0.00366855642716444,0.0369594512066802,0.0743582852323391,0.0372704943755337,0.0142414538988397,0,0.00204995241375174,0,0.0552471270856824,0,0.142341916738553,0.044592100161159,0,0,0,0,0,0,0,0.531984320875035,0,0.630782279749302,0.787422693473527
11101010401,0.0547997627865446,0,0.00865194413621862,0.0277361193081931,0.0664447762111221,0.0354082430896098,0,0,0.0307524031629757,0,0.034356457847766,0.0353503739210258,0.16956315454548,0.0170871673140014,0,0,0,0,0.0527674774032597,0,0,0.467082120273803,0,0.588524893340326,0.81589899424381
11165020401,0.121607811070243,0,0,0.0440187023745744,0.00554054128457606,0.0257689017417352,0,0,0.0411779935737048,0,0.0157649342367627,0.0196318894413456,0.123664446803483,0.0418146897975051,0,0.00089683512134698,0,0,0.0332948422512061,0,0,0.526818412303517,0,0.615908533623638,0.799849350415765
11017070401,0.035490202482194,0.00641560957506578,0.0100722522118845,0.0787626522401708,0.0475725093083183,0.0304165350791447,0,0,0.0151238914370691,0,0.0409529605141809,0.0261049131563421,0.19782716328764,0.0144916103396992,0,0,0,0.00773468910627907,0.0406178744983092,0,0,0.448417136763702,0,0.686520542303069,0.727979259128027
11018060401,0.0190929583177096,0.00884150773838266,0.0069141310582383,0.0315217556287169,0.0105665254845483,0.0877527920337675,0,0,0.00909989213997402,0,0.0393586787630967,0,0.230461970216647,0,0,0,0,0.00424455677056556,0.0240393657192582,0,0,0.528105866129095,0,0.676399161747493,0.745170238608225
11291040401,0.00756522654483869,0.0122017724790551,0.00174428171505388,0.0786937211765315,0.0488252357986447,0.029815312059642,0.0119003201824071,0,0,0,0.123817206678612,0,0.148034378367095,0.0355739089754782,0,0,0,0,0.00720245475077131,0,0,0.494626181271871,0,0.636998259824813,0.777533802514514
11201010401,0.131348564681343,0,0.0056699186365229,0.10264998765496,0.106356544543253,0.0847014041629822,0,0,0,0,0.0927547640873644,0,0.154349948981468,0,0,0,0,0,0.0197379407921012,0,0,0.302430926460005,0,0.611910256345543,0.792713409792218
11053010401,0.0939969910249883,0,0.0120347205041629,0.132139384542656,0.0779878651353629,0.0407987033900611,0,0,0.0301356055858149,0,0.0514050238804425,0.0234388657290803,0.12851428109574,0,0,0,0,0.00102808336490808,0.0360067785313249,0,0,0.372513697215458,0,0.56416870328013,0.826926291741299
11044010401,0.0281767507449896,0,0.0102359328547758,0.00745340783052199,0.0644290910657901,0.0287078325597506,0,0,0,0,0.0633405222093661,0,0.121828735994628,0.0539234962454372,0,0,0,0,0,0,0,0.621904230494741,0,0.685775965184121,0.748328082785158
11034060401,0.026816113323042,0,0.0124902283321476,0.0274501543885225,0.0308979671709221,0.0226886995348171,0,0,0.0387901894224085,0,0.0530728370264854,0.0159587515752591,0.172487143735155,0.0634085655593453,0.00111195159934547,0,0,0,0.0335697376147836,0,0,0.501257660717766,0,0.640738150844423,0.774673093832298
11213060401,0.0272521076560547,0,0.0101973812780083,0.0807280764235894,0.0146695806253983,0.0151350823855712,0,0,0.0307358023768347,0,0.0533969215066694,0.00440005140033899,0.133662119969955,0.0450571143297547,0,0,0,0,0.0180433471459672,0,0,0.566722414901858,0,0.619622969778937,0.805032584220536
11330060401,0.0455638763411752,0,0.000858661236506486,0.0104157101654299,0.00386649831872096,0.0188785347481655,0,0,0,0,0.102145627826614,0,0.0771230705902251,0.0559003745777881,0,0,0,0,0.0246065110261626,0,0,0.660641135169212,0,0.560039714077466,0.890041380493077
11278070401,0.0209557141403927,0.00225990924089321,0.00174408262889199,0.0849815818627603,0.0124280993953993,0.118968860241917,0,0,0,0,0.0819928895329025,0.00621454016457124,0.124395945360057,0.00310086432656621,0,0,0,0,0.0277291753377403,0,0,0.515228337767909,0,0.580031699723811,0.830295309908958
11169040401,0.0272856091447044,0,0.00745491591347926,0.0765136806244265,0.0217405468320186,0.00530046356973838,0,0,0.0465863680376754,0,0.0347329654585203,0.0171127974565171,0.141050798599174,0.0766705164193694,0,0,0,0,0,0,0,0.545551337944376,0,0.633762035794491,0.788324299779395
11442060401,0.0758303127965531,0,0,0.0385198905839887,0.0486283637850318,0.0469293503558233,0,0,0.0209485679720695,0,0.0709555916667902,0,0.100007532421147,0.0479513515809474,0,0,0,0,0.0116997966938635,0,0,0.538529242143786,0,0.59499093743343,0.819982236317162
11286020401,0.109701638132421,0,0.00291390662209868,0.107221043924547,0.0168775234433298,0.042955455636554,0,0,0.0124221762258636,0,0.135118685624458,0,0.156202088487146,0.00510952010489033,0,0,0,0,0.0341542948582592,0,0,0.377323666940432,0,0.599188727228889,0.801679171442446
11072050401,0.0514736572111495,0,0.0100354469108734,0.0475696304554096,0.0312223005863491,0.0557481848851261,0,0,0.0393909590564517,0,0.0462280949082637,0.0129959688359078,0.160984239322899,0.0116354069549469,0,0,0,0.00623068043889757,0.027034072278384,0,0,0.499451358155341,0,0.621093674190402,0.791503050944764
11182050401,0.0374426327163227,0,0.0132888414088481,0.0164041458450971,0.0998055725210839,0.0495454044773656,0,0,0.0124406265330703,0,0.0414774146523282,0.00651610249627079,0.232071012868378,0.0313671455525587,0,0,0,0,0.0166373212801625,0,0,0.443003779648514,0,0.508927461255545,0.881248293743761
11202010401,0.0481081411304934,0,0.0045197775639576,0.00859450763673098,0.107655665692058,0.0713167664184524,0,0,0,0,0.0624154515864358,0,0.142810683870665,0,0,0,0.00187480078565783,0.00735208206236539,0.0170714082665645,0,0,0.528280714986619,0,0.631835702545909,0.784972898591776
11195030401,0.0254683608855622,0.0139759228773079,0.0158281790422333,0.0808464067042533,0.0310459286984685,0.0420058822884643,0,0,0.0320903335979306,0,0.0993044017797852,0.00620287508484958,0.148564092552792,0.00226716041217883,0,0,0,0.00805746611362212,0.0274875265304786,0,0,0.466855463432074,0,0.591041145692486,0.813656623595497
11403070401,0.0454676831392427,0,0.0110372174445454,0.0515013643667539,0.0249854793364549,0.0409612040811228,0,0,0.0237740829191636,0,0.103251673048001,0.0122521887215814,0.167252877191651,0.0141184132000321,0,0,0,0,0.0399951063920547,0,0,0.465402710159396,0,0.584144847619324,0.820150060269512
11263060401,0.0515478405891157,0,0.00714119531035797,0.161774797994332,0.0085506008610433,0.101788658266029,0,0,0,0,0.070191957277924,0,0.160488164092009,0,0,0,0,0.00112465056030991,0.0149672778360219,0,0,0.422424857212857,0,0.595372058968633,0.806845871770511
11016020401,0.058224333495793,0,0.0125460111836715,0.116774562326775,0.0704862798872398,0.0392477352292515,0,0,0.0138637063792979,0,0.10829926708365,0.00533387176252819,0.135884277458204,0,0,0,0,0.000129062258959008,0.0261927017970585,0,0,0.413018191137572,0,0.528086476720967,0.857324183624973
11338070401,0.0189306383363668,0.00730838954509169,0.0109429458959779,0.0834963268648062,0.0350393782301368,0.0546698452303008,0,0,0.0568636247466652,0,0.00868645533890916,0.0407166009054142,0.138332754513693,0.0762046591793114,0.00249364358602853,0,0,0,0.00666462417311362,0,0,0.459650113454185,0,0.593078300945917,0.811393732086105
11045010401,0.0372943296520997,0.0144791857381232,0.00248180887742302,0.0243528740834856,0.0958251125949214,0.0718498114120129,0,0,0.0207132269313359,0,0.0588148651536908,0,0.155050020108363,0.00793649863472733,0,0,0,0.00631708768187136,0.0102963715104928,0,0,0.494588807621453,0,0.655834884392899,0.75860244078355
11034020401,0.00456346390500516,0.01257966556644,0.00763144213203067,0.02695882626348,0.0145438781751167,0.0822529539356333,0.0187692416629572,0,0,0,0.16249630880954,0,0.17539665815089,0,0,0,0,0,0.029207729101909,0,0,0.465599832296998,0,0.647223812880645,0.765714550999792
11240040401,0.0248914115463137,0.00475196454139227,0.00512868696064303,0.049099956205282,0.0735818135803919,0.104026124976686,0,0,0,0,0.107848981604912,0,0.203680540770193,0,0,0,0,0.00683708063855202,0.0237241656190482,0,0,0.396429273556585,0,0.635888782811058,0.772187349539406
11225050401,0.0526157041096687,0,0.00394379557846885,0.0646273777409217,0.0560558208933115,0.0650860143906213,0,0,0.0190085214323248,0,0.0727185666985973,0.00574113540584872,0.0949089461134111,0,0,0,0,0,0.0106992033288464,0,0,0.55459491430798,0,0.583709524996,0.833101255664295
11337010401,0.0461596658932753,0,0.00610859123861996,0.0266337830520843,0.0320174723101293,0.00281729390080539,0,0,0.0175322371199866,0,0.0402288862888883,0,0.317515024455237,0.0385056529922593,0,0,0,0,0.0264407448915165,0,0,0.446040647857198,0,0.63533020200477,0.779806674071732
11433010401,0,0.0207982326795007,0.0117104047781788,0.0785616981058372,0.0135726058866577,0.125918597123016,0,0,0,0,0.125064270472408,0,0.146720467371698,0.0224130445070827,0,0,0,0.000886743082473593,0.0262735006303639,0,0,0.428080435362784,0,0.626131188404898,0.781244544555616
11211040401,0.0274675874961608,0.000801729186196207,0.00476076899775069,0.0681055060274537,0.0241786054232529,0.0924925177875477,0.0200268126533419,0,0,0,0.115087638081259,0,0.150774115130365,0,0,0,0,0.00175725172747441,0.0277027103726979,0,0,0.4668447571165,0,0.613597197278976,0.79460611231348
11151050401,0.0485918448349736,0.0286651298616172,0.00330751506759092,0.0996232021339066,0.087406599590531,0.0241475980731011,0,0,0.023308008653713,0,0.0770694828425746,0.0264787690663427,0.0814479379861686,0.0303631216784243,0,0,0,0,0.0366316511122668,0,0,0.43295913909879,0,0.62718949415918,0.78002510123629
11289030401,0.0983211982079403,0,0.00442936388186341,0.0372035026754452,0.0379496661258019,0.106485474458162,0,0,0.00454200405311351,0,0.108890751991118,0,0.184635492516607,0,0,0,0,0.000476854542198048,0.0243910113003511,0,0,0.3926746802474,0,0.610335789692292,0.792981518849429
11088050401,0.0661061670963814,0,0.00883048828208656,0.07151145767597,0.0439139182511913,0.10390408522328,0,0,0.00319650928632817,0,0.119191188680583,0,0.109375468240428,0.0262709519731508,0,0,0,0.00166780022118707,0.0257108003316849,0,0,0.420321164737728,0,0.599780591282962,0.801929762005878
11211010401,0.0891987150439781,0,0.0063095075667824,0.0922397918996211,0.0473225847320709,0.0575391074272694,0,0,0.0395441373306661,0,0.0745244886811877,0.0261487234986163,0.165245177017449,0,0,0,0,0,0.0403685118502993,0,0,0.36155925495206,0,0.556217477834744,0.832507608704575
11266050401,0.0326546618772263,0,0.0121790143465837,0.064228471468526,0.054350970741965,0.0140843892234828,0,0,0.0306442844587913,0,0.0466700675158347,0.0222548639346567,0.192230787509377,0.0379391626769347,0.000512955904219206,0,0,0,0.0227851369167668,0,0,0.469465233425636,0,0.569952677243337,0.83404844161435
11065010401,0,0.0123808146876011,0.00517970030915521,0.0251297433073254,0.019003520020683,0.0829628223128336,0,0,0.0138110497269327,0,0.0747659595976291,0.0146944512235291,0.155154960639773,0.0106534778471843,0,0,0,0,0.0461695425863294,0,0,0.540093957741024,0,0.624643216939594,0.795002901163874
11418040401,0.0751948569222727,0,0.0158788975019914,0.110977739206025,0.0606201602976399,0.0946536700751608,0,0,0,0,0.139587952238067,0,0.137281919676432,0,0,0,0,0,0.0150250015292368,0,0,0.350779802553175,0,0.603979348383244,0.797633495566561
11313010401,0.0581458161876232,0,0.0176080132295454,0.0175697875754045,0.0602499204005133,0.0278171124383513,0,0,0.0345307654617769,0,0.0411487628397544,0,0.22323719407501,0.0292885987962575,0,0,0,0,0,0,0,0.490404028995764,0,0.625614908646762,0.789647882940038
11160010401,0.0501280363417193,0,0.0131101125688069,0.027857689252005,0.0688869393401449,0.0886515096988472,0,0,0.0236525568877891,0,0.0534548187637261,0.00616232189341996,0.202160824614126,0,0,0,0,0,0.00241970641522779,0,0,0.463515484224188,0,0.597294891474807,0.809874190869203
11092010401,0.0339688706981217,0.00507262590201248,0.0115543881483431,0.134748654913274,0.0620834767774997,0.0102617471443245,0,0,0.0330081673441059,0,0.0408167147595885,0.0384629543065582,0.167633743945518,0,0,0,0,0,0.05084970861172,0,0,0.411538947448934,0,0.583475325586071,0.814981881485006
11338060401,0.0414465616876707,0,0.00379866022354809,0.0838170763844945,0.0500894213312553,0.0523346402138815,0,0,0.03430688404667,0,0.0587456660816049,0.00865082787042844,0.147450462264754,0.0642705258200509,0.000947990628177004,0,0,0,0,0,0,0.454141283447465,0,0.565049655700151,0.834436612567247
11252050401,0.03380850245499,0.0296719944359835,0.00502319070060289,0.0791345772205233,0.0885225525622593,0.100117030129339,0,0,0,0,0.107133217679769,0.000665423734993667,0.164378857678361,0,0,0,0,0.00202893324293332,0.0250470342056335,0,0,0.364468685954611,0,0.524135288028002,0.855581583316319
11256020401,0.0403049700927382,0.0173131691109273,0.00345202535413581,0.104599199991882,0.0494389597014021,0.0211299074511839,0.0113007039125727,0,0.00534049465125401,0,0.124063895755409,0,0.178298704972863,0,0,0,0,0.00514299114308627,0.0169643019241444,0,0,0.422650675938401,0,0.599848161601101,0.803431866338286
11116010401,0.0222345694538353,0.0457695908617531,0.00345348505161847,0.078996277486677,0.0403061153347858,0.139431901536671,0,0,0.0081038702627723,0,0.0809521022785065,0.0217094603483019,0.163273201834917,0,0,0,0,0.000393169984930522,0.0346544772688243,0,0,0.360721778296407,0,0.570185972172451,0.822222349045081
11317050401,0.0253576420678762,0,0,0.0260238643203729,0.0459805845871121,0.0996772196265883,0,0,0,0,0.0437632451801299,0,0.112228466455115,0,0,0,0,0.00159915077436166,0.0198265966241739,0,0,0.62554323036427,0,0.650365315690776,0.785581778380989
11364040401,0.0539481085353772,0,0.00802157392260484,0.0568082103096181,0.0565427863951265,0.0228468771133804,0,0,0.0227030500759096,0,0.0789942933704445,0,0.125115404133287,0,0.000567036277939046,0,0,0,0.0141882008895886,0,0,0.560264458976724,0,0.621179462447575,0.800767693690246
11048040401,0.0480723087934974,0,0.00518608773462675,0.0193511038542019,0.0443143980364414,0.0142327836984808,0,0,0.0153800301734919,0,0.0493511196397702,0,0.133981837712436,0.0689357124821346,0.00108042503681168,0,0,0,0.0190777993257671,0,0,0.58103639351234,0,0.607649234614715,0.821146906508387
11290020401,0.0687186475754118,0,0.00532868656449467,0.038196430567343,0.0448332643807121,0.0490401570802734,0,0,0.0152205148531442,0,0.047411796626411,0.0215410465093379,0.133700863476967,0,0,0,0,0.00311000581441448,0.0410705931108157,0,0,0.531827993440675,0,0.656092951189773,0.761754825106843
11270050401,0.0419325056769665,0,0.00690587425173163,0.0365387980709471,0.0712457133021238,0.0576864651436821,0.00200628964529331,0,0.0121452494147392,0,0.0562747223154501,0,0.220065062527262,0.00444127719682326,0,0,0,0,0.0211281584906875,0,0,0.469629883964293,0,0.604698035809445,0.804882607869299
11165070401,0.115915742040342,0,0.00605572768890257,0.0169818171424348,0.00312309675210799,0.0545499101549362,0,0,0.0446473287361603,0,0.0400558046742834,0,0.191362852159789,0.0738865106658803,0.00115734139265726,0,0,0,0,0,0,0.452263868592506,0,0.611716389002327,0.796564405244245
11203040401,0,0.0116345732924869,0.00489354172128879,0.0366205624530892,0,0.133028224018931,0,0,0,0,0.109475892329135,0,0.114217851178342,0.00804293556381445,0,0,0,0,0.0208198449477027,0,0,0.56126657449521,0,0.604387273451853,0.817191078052654
11363040401,0.0372583401981357,0,0,0.045407227790108,0.0392135128691446,0.000599327390270924,0,0,0.0108073744817972,0,0.0458386228101414,0,0.142959733524829,0.0230052212265736,0,0,0,0,0.0225847446410628,0,0,0.632325895067937,0,0.569710819668548,0.874848772766389
11333050401,0.0202858382454008,0,0.00791013618750439,0.106965622705905,0.0258655397501191,0,0,0,0.038786657239822,0,0.0646362554881868,0.0151305537215945,0.171908501466084,0.0211864666387123,0,0,0,0,0.0408849480781569,0,0,0.486439480478514,0,0.627230526909804,0.785399865347001
11023040401,0.0107652237136129,0.028513058824493,0.0039189763380632,0.0180917199886719,0.05869679882974,0.0266610814170109,0.0165565246629835,0,0,0,0.176427368409203,0,0.188425409004647,0.00049572338787251,0,0,0,0,0.0212712619761013,0,0,0.4501768534476,0,0.617871276013644,0.791213837573926
11251060401,0.109461065622545,0,0.00592103693895333,0.0862826302784408,0.110413255094707,0.0115117856731215,0,0,0.0269853651413423,0,0.0175827966412839,0.0264773386603636,0.140677261096623,0.00657162211090436,0,0,0,0,0.0359224939595997,0,0,0.422193348782116,0,0.627322923649247,0.779613291531528
11408040401,0.0643640757861247,0,0.00368174774700128,0.0807005709927405,0.0517544431214601,0.0277452457143683,0,0,0.048323865689244,0,0.0338298510703616,0.0322826369107656,0.198259266528237,0,0,0,0,0.00727114648736816,0.0405950589330627,0,0,0.411192091019266,0,0.607428036217317,0.796036262978019
11070040401,0.027199825002024,0.00318731651060198,0.00729833213266392,0.10224453895789,0.046958603181416,0.102632487249812,0.00698467833698165,0,0,0,0.180200804798341,0,0.140333230783624,0.00474136125008099,0,0,0,0,0.0197658990831681,0,0,0.358452922713396,0,0.615325692942168,0.788965326811381
11182040401,0.0427162594031063,0,0.00680758303680666,0.0421615933022114,0.0962195812267973,0.000597716710184727,0,0,0.0278016558098623,0,0.0453201004839556,0.0246051547395648,0.225264203927079,0.0214118791422474,0,0,0,0,0.0487419568361519,0,0,0.418352315382032,0,0.516727595351692,0.869397182793638
11335040401,0.0198335122507466,0.0183246925373671,0.0183822669856486,0.15927054082591,0.0374502550981295,0,0.0025853194863847,0,0.0253591513066725,0,0.0882894184259999,0.0106839086625902,0.13228559774422,0.0113144867077762,0,0,0,0,0.0437731778247966,0,0,0.432447672143757,0,0.610104747242818,0.794595521148261
11415030401,0.0157437528000442,0.0056394664269403,0.0103128316741923,0.00942096823050049,0.0322606112656773,0.0457038126800587,0.00320074535702686,0,0.00602439094238006,0,0.107584171160822,0,0.108731388682402,0.00705106104878934,0,0,0,0.00804089882611555,0.0195786336045389,0,0,0.620707267300511,0,0.625820206043918,0.810289801118411
11022040401,0.0412248383019964,0,0.0094544268480578,0.0197658303257536,0.0362520629596508,0.0350394326519327,0,0,0.00197308472801395,0,0.0812993886953463,0,0.133656092311219,0.0768520775222099,0,0,0,0,0.0126116084555425,0,0,0.551871157200277,0,0.626612712971503,0.795842244980478
11097010401,0.107335969985598,0,0.00390187836514671,0.111080788545699,0.0891228728619486,0.00801328039046716,0,0,0.0303619359337761,0,0.0263936492513247,0.0312271389704886,0.151298756797414,0.000673971181865157,0,0,0,0,0.048058889988123,0,0,0.392530867728149,0,0.617125146548933,0.787426616462624
11248040401,0.0180855030948424,0.00402386087336782,0.00758555356935815,0.0446181631754793,0.033739002804233,0.00926673078468452,0.00476622653552422,0,0.0130672470876075,0,0.10779206691829,0,0.140248044106537,0.057411811585742,0,0,0,0.0038878799712791,0.0300201238359565,0,0,0.525487785657099,0,0.639143240213856,0.778860744028414
11249070401,0.0516372407976146,0,0.006988580110938,0.025030964157339,0.0414403140759247,0.131534647936507,0,0,0,0,0.0370044892381896,0.0191724284454759,0.162202089206104,0.00471323986702767,0,0,0,0,0.0385166738395799,0,0,0.4817593323253,0,0.624015555644247,0.786490407683031
11107010401,0.0885239116671015,0,0.0127993296949882,0.0674320820379271,0.0930773975763453,0.100133219765012,0.00994228823290419,0,0.0108691126081965,0,0.0858602045960026,0,0.137250504584732,0.00798734196707671,0,0,0,0,0,0,0,0.386124607269714,0,0.615348481726976,0.788702117443631
11430050401,0.0392250324386789,0,0.00385591972398799,0.0502135566641283,0.0501816572540248,0.101857354921068,0,0,0,0,0.0835376447597059,0.00112959523207101,0.131391961582536,0,0,0,0,0.00448049381501037,0.0268839719406552,0,0,0.507242811668133,0,0.622445882297382,0.790514415080771
11314010401,0.0387305062873548,0,0.00698208493120472,0.176123993048978,0.0102490700871487,0.0270386655671242,0,0,0.00479952420440763,0,0.120663422840742,0.00450909193419936,0.180740813448065,0,0,0,0,0.0063904762743226,0.0354390886030681,0,0,0.388333262773384,0,0.63664046752977,0.772182691009321
11216050401,0.0271317598223779,0.0206758330498268,0.0170655171825492,0.0595847580758255,0.0274735774623702,0.017156903568539,0,0,0.0341476654900449,0,0.0677347086623822,0.0191721348679994,0.164666499910678,0.0801425128286433,0,0,0,0,0.00917008131510441,0,0,0.45587804776366,0,0.636428995343943,0.77409619378461
11257010401,0.0411571546092637,0,0.00645181529917391,0.0790606672681159,0.0781548069684099,0.0449356296233136,0,0,0.0262491913227158,0,0.0705745761625331,0.0270690500912123,0.19246825126171,0,0,0,0,0,0.0443774480748913,0,0,0.389501409318661,0,0.54445984873364,0.843557297935165
11216070401,0.0711946004726193,0,0.0136341530464851,0.0989830249498772,0.0104505336145707,0.0569035231045254,0,0,0.0359787107731544,0,0.078724744017444,0.0106886685466018,0.169045360869615,0.0564866730939523,0,0,0,0,0.0351241991688908,0,0,0.362785808342264,0,0.628388738488059,0.778710328547772
11252040401,0.0290209531141238,0.0174768344012158,0.00310213531235369,0.0685795236421912,0.0933387268257278,0.10868573134274,0,0,0,0,0.11602347084577,0.0106261908559329,0.130433645161847,0.00322517216266883,0,0,0,0,0.0270423099813197,0,0,0.392445306354108,0,0.529550089436985,0.853943511332213
11035070401,0.0355168964120898,0.001124997620217,0.00458120986773145,0.0406926247084084,0.0801839378286569,0.0184650285045713,0,0,0.0228275502165489,0,0.0734024242658865,0.0148996591589027,0.137354301977718,0.0200553799371325,0,0,0,0,0.0384013948949257,0,0,0.512494594607211,0,0.644022177376132,0.771322901358876
11277020401,0.0355589428996921,0,0.00885215004715523,0.0535356856549322,0.0475961471665063,0.0967435608022865,0,0,0.00424282511252184,0,0.169074443245545,0,0.153631957989632,0.0147118858980283,0,0,0,0.00110833215435542,0.024858528850821,0,0,0.390085540178524,0,0.618916608467302,0.786300393635975
11257020401,0.0118858186306941,0,0.00952955189236652,0.0334079147060693,0.0460682646982495,0.0358933751706952,0,0,0.00913974058328094,0,0.132791955222495,0,0.215862482544409,0.0316871798258379,0,0,0,0,0.0319103707664799,0,0,0.441823345959423,0,0.53355898316174,0.861593649448914
11252010401,0.0341598200925119,0.0382164217087143,0.00271061191841799,0.063612560705847,0.0821822848703895,0.117098746789104,0,0,0,0,0.079179322183449,0,0.176763216364798,0,0,0,0,0.000548368338053057,0.0228899935900276,0,0,0.382638653438687,0,0.543589670112245,0.843010489050297
11066040401,0.0439596339554333,0,0.00153372612438652,0.00675724156299106,0.0479798348713713,0.0341868635200939,0,0,0.0095597440952619,0,0.0670864607669671,0,0.117468741575826,0.0554709692342419,0,0,0,0,0.00722822190888466,0,0,0.608768562384542,0,0.624979009061145,0.809962034487129
11017010401,0.0291434615111853,0.0122883016336479,0.00264086877658196,0.0662808404010384,0.0522534774891457,0.0359739192983327,0,0,0.00732140368955191,0,0.0260945120663259,0.020488721759315,0.20752363116921,0.0115226024440829,0,0,0,0,0.037808424207204,0,0,0.490659835554378,0,0.699427781400369,0.716615449953918
11281040401,0.0290469083108304,0.0546114435793594,0,0.0806766600870974,0.0262149787785775,0.0380486904055486,0,0,0.0126506089911737,0,0.0824695752399173,0.0328052219721062,0.175520685828904,0.0013565176373566,0,0,0,0,0.0481902631954985,0,0,0.41840844597363,0,0.57727383684715,0.820708621281214
11053050401,0.117963706545774,0,0.0165961790424089,0.0962219943757267,0.0907781495566797,0.0264259270732997,0,0,0.0251922598873274,0,0.0655603452208708,0.0140241594715069,0.127050029692973,0,0,0,0,0.00195215659239461,0.03521767071493,0,0,0.383017421826107,0,0.524309578448669,0.855841576975735
11312050401,0.0225642266535848,0,0.00631396789291873,0.0248531869169393,0.0897249286590954,0.050615369789818,0,0,0.00300579716048269,0,0.0551137671633006,0,0.111982990496639,0.0536017001443071,0,0,0,0.00471991754782501,0.0215755069083842,0,0,0.555928640666705,0,0.635934517058604,0.785009536298745
11185010401,0.0161492681628716,0.00457142919280871,0.00680053084939345,0.24793501848145,0,0.0765569023864083,0,0,0.0262363509167934,0,0.246175818698732,0,0.158583241639645,0,0,0,0,0.00211974230968847,0.0149086710377852,0,0,0.199963026324423,0,0.651070740062872,0.762281757675235
11044050401,0.0282510888898858,0.00950242151983423,0.00598341408438554,0.0383224663108153,0.0722674579170946,0.0678207655923348,0.0101242452722812,0,0,0,0.045263081375928,0,0.104517263097232,0.0111820565064073,0,0,0,0.000279207452908329,0.0135786599815413,0,0,0.592907871999351,0,0.64536694057858,0.781928769996761
11247040401,0.0935762266446672,0,0.000114817908435695,0.146169690646307,0,0.0873709204250239,0,0,0.0142318923660773,0,0.0986027102656018,0.00717602472672974,0.200242194213384,0,0,0,0,0,0.0325657674307982,0,0,0.319949755372975,0,0.557784611403098,0.830590273766764
11268050401,0.0261492433041429,0,0.00201028772011632,0.0586517078861893,0.0601497482390374,0.0371365661551003,0,0,0.00545805568732725,0,0.0515231777942302,0.00997534117286397,0.191668804189706,0.0490561823686054,0,0,0,0,0.0208948384440668,0,0,0.487326047038614,0,0.574330860642484,0.834063112012241
11449050401,0,0.0389977804151921,0.00375162928427035,0.0714690336810997,0.0411845239814435,0.0598748459953684,0.015587131576388,0,0,0,0.0995312251894635,0,0.138566247320031,0.0430549927715799,0,0,0,0,0.0119952908523938,0,0,0.47598729893277,0,0.594083079085153,0.812186333619539
11239040401,0.0168036738273167,0.0100268557159222,0.0079261930521059,0.078396271611712,0.0420438741632454,0.0332441445870596,0,0,0,0,0.112161538630222,0,0.153487095568804,0.0354094928038721,0,0,0,0,0.0322487983523056,0,0,0.478252061687435,0,0.55657356768538,0.845307486898681
11260020401,0.0482420881238943,0,0.00524007226477451,0.0701905772807962,0.0509847315490904,0.138025250460907,0.0111669532718221,0,0,0,0.0749128496021794,0,0.0470214696312441,0,0,0,0,0,0.00435479824636575,0,0,0.549861209568926,0,0.670654184403952,0.747814644554493
11164020401,0.0753471778974711,0,0.00170761576414295,0.0949375771661139,0.0236017995323932,0.0849177509484844,0,0,0,0,0.0921412441362324,0.0245020291520349,0.113419835714453,0.0170040827610457,0,0,0,0,0.0351482779273774,0,0,0.437272609000251,0,0.617376177988027,0.788847308916235
11256030401,0.0560984401561182,0.0149023416456684,0,0.114514421931767,0.0377128614462232,0.0699640292205385,0,0,0,0,0.132099161103824,0,0.169447358052042,0,0,0,0,0,0.0194278630204272,0,0,0.385833523423391,0,0.595329514982826,0.805054368481045
11172040401,0.0343431404201045,0,0.000475336475143111,0.0700693944746702,0.0131022744748315,0.0497163734227504,0,0,0.0368541037909258,0,0.0365496497530276,0.0240582888385311,0.166569602445394,0.00275662131287894,0,0,0,0,0.0410642881831753,0,0,0.524440926408568,0,0.653710914152715,0.764752376228847
11102010401,0.0341762258172451,0.0071557003208674,0.00670736087594753,0.0554151320867969,0.0434907823148795,0.0130924159284565,0,0,0.0454589973001866,0,0.0918726954696474,0.0126475617833624,0.211500874381791,0.0537154513701643,0,0,0,0,0.0244094055123003,0,0,0.400357396838355,0,0.553149636784565,0.839134242464025
11024030401,0.0123712807880799,0.0233326525587349,0.00694740551788791,0.0721487368120557,0.0744632511299819,0.0170715672638659,0.0159009850510662,0,0,0,0.151767828176336,0,0.190131288277678,0.00964066683479656,0,0,0,0.00645921889056835,0.0239933919195738,0,0,0.395771726779376,0,0.538942279468485,0.849133346154525
11092040401,0.0225673612721062,0.0207046862789997,0.00697042574227841,0.183367557848998,0.0272771905451485,0.0216099629728312,0,0,0.017381662362324,0,0.065009057480018,0.0338678302846741,0.166486197520135,0,0,0,0,1.75042633014045e-05,0.0434310974377663,0,0,0.391309465991419,0,0.577717440194572,0.81883779150268
11022060401,0.060991467890512,0,0.0106810101628508,0.0181133307493421,0.0643945550028724,0.0668073758492159,0,0,0.0129111767914601,0,0.0800572777159579,0.00707418241314519,0.0938721707194876,0.0336965255885306,0,0,0,0,0.0176452062742671,0,0,0.533755720842358,0,0.61802678881395,0.797040590959575
11225010401,0.0592795708332554,0,0.0118978799253088,0.0584363363040567,0.0245237211582623,0.0491759940704515,0,0,0.0190332952354227,0,0.0719721333336315,0.0157184464249382,0.173182310347422,0.0412303599780994,0,0,0,0,0.00601482469840537,0,0,0.469535127690746,0,0.575261801730419,0.829034539100165
11266020401,0.0260918011094063,0.0117381668755458,0.00751983949743298,0.0605307992115798,0.0882859941966764,0,0,0,0.0107518812241073,0,0.0606578059137071,0,0.126796975055162,0.0232705262033879,0,0,0,0.00666033216074415,0.0273389559279477,0,0,0.550356922624302,0,0.594648919384614,0.823504118613161
11266040401,0.0318968747162929,0,0.00998815227371767,0.0398557070043354,0.0598519991888564,0.0443271876375527,0,0,0,0,0.0711085119152755,0,0.2017565842992,0.022681388157306,0,0,0,0,0.0096085087533908,0,0,0.508925086054072,0,0.599740034644334,0.815798135354344
11050050401,0.0540113554958701,0,0.00501303863903228,0.0584991584602335,0.096021054328029,0.0291390337890318,0,0,0.00208666143650922,0,0.0581200154821632,0,0.172067411722613,0.00247650650439856,0,0,0,0.00700704835658636,0.0233905044275739,0,0,0.492168211357959,0,0.5682000120702,0.837818410661237
11253020401,0.0449579508961458,0,0.00774746196155614,0.0391762668098643,0.0766640325149454,0.0610125212990529,0,0,0,0,0.0597791209449269,0,0.17277430729455,0.0375749040958485,0,0,0,0.00337178732543552,0.0235738582617464,0,0,0.473367788595928,0,0.635231958092029,0.776147928054119
11268020401,0.000348360980125695,0.010106986413002,0.00530828503447244,0.0685564467954247,0.0423664174941916,0.0268377310182512,0,0,0.013123696976902,0,0.0480961309471786,0.0444861919391857,0.132035150429379,0.0631342296130702,0,0,0,0,0.0533019861476203,0,0,0.492298386211197,0,0.565937583204929,0.838896688988495
11050020401,0.0407920841421867,0,0.00477382680849767,0.116147048095921,0.0648035010563553,0,0,0,0.0304469591634748,0,0.0727641000444075,0.0268466713046851,0.161831782307763,0.0132563202145146,0,0,0,0,0.047914520652128,0,0,0.420423186210067,0,0.524932878107843,0.861151357240366
11240070401,0.0331885498398058,0,0.00389361638288096,0.0566752414050911,0.0659811832052338,0.0844744539199806,0.000209781061370225,0,0,0,0.122306280204031,0,0.209846268575957,0,0,0,0,0.00606715984161323,0.0213109989865133,0,0,0.396046466577522,0,0.625902000754019,0.780684550184803
11285070401,0.0309448118114918,0,0.0083027511189805,0.0198688668325771,0.074151526902326,0.0368190167212804,0,0,0,0,0.0593511091652895,0,0.221683836363621,0.00863828142686329,0,0,0,0.00092793541733377,0.0326397575030679,0,0,0.506672106737169,0,0.598064083212757,0.81756840879797
11176070401,0.0360017760387361,0,0.00504596682371837,0.0512011964847241,0.0418433771867139,0.0612717339410171,0,0,0.0021947954995527,0,0.0679021601973287,0.00854109626377727,0.170571799907189,0.00261715294399994,0,0,0,0,0.0332706970578664,0,0,0.519538247655376,0,0.630767396003354,0.786301884908503
11185020401,0.000849261957496543,0.0107739008320383,0.00847792168062741,0.238682737303565,0,0.0640569743834935,0,0.00778129101361603,0.0283878650797395,0,0.272375570525159,0,0.134801247243583,0,0,0,0,0.00036714599811847,0.0161667365922482,0,0,0.217279347390315,0,0.654946181724574,0.758219893119822
11318010401,0.0989827018946063,0,0.00732493541591393,0.0884141992425222,0.111290257680347,0.0554089754527948,0,0,0.00410127447299695,0,0.0907639856746689,0,0.198402100719187,0.00647565408169664,0,0,0,0,0.0194941124450635,0,0,0.319341802920202,0,0.622001264685137,0.784257118124584
11276020401,0.0623593425457114,0,0.00457709749422838,0.234192515365326,0,0.070689032601541,0,0,0,0,0.160222111702624,0,0.10310270797708,0.00194531984351491,0,0,0,0,0.0253651334608379,0,0,0.337546739009137,0,0.590692163750744,0.808113375225933
11275030401,0.0940346400360758,0,0.0104250715461579,0.118590844573786,0.0309441427166459,0.0936440525107931,0,0,0,0,0.119840856539376,0,0.152995785497607,0,0,0,0,0.00941098173688221,0.0277454084684645,0,0,0.342368216374211,0,0.588210509104488,0.809167360823706
11255050401,0.0325714887394193,0.0311318850536554,0.00903641376205804,0.0901090651504868,0.0592485028070364,0,0,0,0.0709497976197047,0,0.0523430081709012,0.0132920734328989,0.165066360192372,0,0,0,0,0,0.0270008307809459,0,0,0.449250574290522,0,0.592012922840325,0.811099546797314
11038040401,0.0662453400850279,0,0.0123677777178657,0.0435612224156668,0.0716825745676898,0,0.000537077845734621,0,0.0262079923366451,0,0.108099027138312,0.0102600923523539,0.112593577993205,0,0,0,0,0,0.040969650521783,0,0,0.507475667025716,0,0.625775773630612,0.786990637728582
11246050401,0.05015595978292,0,0,0,0.0605786707507089,0.000202292741132677,0,0,0.00909328483691964,0,0.0971599128330574,0,0.143556328541638,0.0510359374791916,0.000348412303401338,0,0,0,0,0,0,0.587869200731031,0,0.636680978086853,0.795195363598982
11324050401,0.00426537683004843,0.0104698575371493,0.00762856309320854,0.0541271957035691,0.0266755895036898,0.0556500992556968,0.0100658732881211,0,0,0,0.0484697359103352,0,0.156813177351053,0.0272284809012249,0,0,0,0,0.0146923947739302,0,0,0.583913655851974,0,0.622949660990386,0.80719443460542
11283010401,0.0493070829691168,0,0.00401213770247808,0.0633862632592033,0.0289103301221648,0.102489601331539,0,0,0.02837780005417,0,0.0965375087688205,0.0238059128549266,0.159755703485045,0,0,0,0,0.00386635401831948,0.0471486123856965,0,0,0.39240269304852,0,0.636118622771508,0.772341721884388
11310050401,0.0259701430492392,0.0280286680988873,0.00695299814777222,0.0415107559248863,0.078113776233913,0.0419532917584364,0,0,0.0232904645232721,0,0.0431170718594613,0.0143296344148982,0.152130678010351,0.0382130693403304,0,0,0,0.00607145115429276,0.0285743196297874,0,0,0.471743677854473,0,0.588346473612843,0.816102644445327
11174030401,0.00995038368351585,0,0.00308415488239277,0.108540399850208,0.00868044815287005,0.0328265412943339,0,0,0,0,0.125716711294341,0,0.197515214767626,0.0180913252675627,0,0,0,0,0.0311173333049858,0,0,0.464477487502163,0,0.599132846040269,0.810065089926891
11160040401,0.0711775088259034,0,0.0106495131283194,0.0634280021584899,0.0152335937535417,0.137916383525935,0,0,0.0326683063382379,0,0.0202414874325407,0.0415533584599482,0.143683233830956,0.00441534727332996,0,0,0,0.00619024013919571,0.0379241379605963,0,0,0.414918887173006,0,0.5713382943175,0.823771458496868
11021040401,0.0321931293914377,0.00265704281103235,0.0114806356472281,0.0839143834469943,0.0451569166763109,0.0328761366047914,0,0,0.00284817981206668,0,0.115916086609707,0,0.187120793942113,0.0602993366160576,0,0,0,0,0.0101413589325193,0,0,0.415395999509741,0,0.579632708883591,0.819584065679287
11434010401,0.0454202189683027,0.0238844139928367,0.0194643172174145,0.0393851279369196,0.106280404202719,0.077824199236663,0.00726078051138318,0,0.00363547829337356,0,0.0942603452171453,0,0.16580383024827,0,0.000298654856990496,0,0,0,0.0001028774182629,0,0,0.416379351899719,0,0.608005407590734,0.795404672480745
11271040401,0.0187049577053154,0.00665738366286478,0.00654940993561755,0.156646886601826,0.0208755746919146,0.0635577605326895,0,0,0,0,0.158305086980484,0.00104259590838082,0.152938205483186,0,0,0,0,0,0.0307694315594661,0,0,0.383952706938255,0,0.568054486178297,0.826713075331377
11248060401,0.0581197161611073,0,0.0102756235154539,0.0315899120326118,0.0369245001026569,0.00796914672272464,0,0,0.0189355625729807,0,0.0455625300303152,0,0.174925017622661,0.0611080948868291,0.000717677147133119,0,0,0,0.000452106957913248,0,0,0.553420112247613,0,0.611794688259864,0.813551449761857
11206070401,0.0222343986299574,0.00299257709762109,0.00854993936285529,0.0598464375729112,0.00438951501419088,0.062602826126825,0,0,0.0305311481164619,0,0.110720442014722,0.0028735543691408,0.211115020320279,0.0390449710243393,0.00187347342361063,0,0,0,0.0161776495977154,0,0,0.42704804732937,0,0.602134152133337,0.802718768330508
11154040401,0.075163328664657,0,0.00033366979918266,0.0902281459517351,0.0175214192667039,0.0174849699297078,0,0,0.0243850239579688,0,0.0355021027416096,0.0333475353146465,0.0931945902347353,0,0,0,0,0.00114054419374401,0.041147269851374,0,0,0.570551400093935,0,0.633725685519897,0.788864755359016
11431040401,0,0.0112175048950526,0.00485761244167808,0.0493082694930166,0.0606235719425104,0.0748949619143005,0,0,0,0,0.0751312854749639,0,0.175398515730737,0.0165194877834418,0,0,0,0,0.0183926988628942,0,0,0.513656091461405,0,0.65131926550447,0.766244202836331
11318060401,0.0656601720751502,0,0.00924504714521111,0.028627664806621,0.0428528456052702,0,0,0,0.0118513664495314,0,0.0904630176987936,0,0.131937248196839,0.0620628686606253,0.000666067532394386,0,0,0,0,0,0,0.556633701829564,0,0.634622487640689,0.789035796353116
11043050401,0.0410250751265156,0,0.00220674656384615,0.0148597619935075,0.0409934644023159,0.0494964944266697,0,0,0.0507772317491774,0,0.0423938679792944,0.00604906164072047,0.167497005314668,0.0580792542091795,0,0,0,0,0.0233532096848267,0,0,0.503268826909278,0,0.632195598952199,0.782696786619788
11280050401,0,0.0319509333745296,0.00153667285882372,0.0396209979049803,0.00956527999021029,0.131922785773738,0,0,0,0,0.0865109401554194,0,0.141680096401273,0.00771915602787531,0,0,0,0,0.0178774917041925,0,0,0.531615645808958,0,0.620839386514722,0.796587096310524
11420040401,0.0854325143943591,0,0.00183240315536059,0.0774166508204928,0.0459532899964798,0.016803674728781,0,0,0.00511293064525869,0,0.0476185415572665,0.0236450881782078,0.0848185792557143,0.00230509958141148,0,0,0,0.000252405432119333,0.0394755275169922,0,0,0.569333294737556,0,0.607643077444109,0.813121840969225
11323070401,0.0569691792581963,0,0.0124387492839061,0.0733678741686626,0.0914531447585655,0.0241967982401265,0,0,0.0138989438595075,0,0.117972494607806,0,0.192478181528245,0.00890394326942945,0,0,0,0.00927265876282421,0.0310279681221621,0,0,0.368020064140569,0,0.582347726196745,0.813699151167869
11012050401,0.0273617788442684,0.000290140138589493,0.00449528557146455,0.00415031871333354,0.0267356173400431,0.0395610285309906,0,0,0.00555797731331517,0,0.0753607373118917,0,0.131159756638589,0,0,0,0,0.00827412046503375,0,0.00228188126300408,0,0.674771357869476,0,0.612844212416064,0.845149848071141
11329050401,0.0462051280411795,0,0.0154754186721382,0.0373844930175495,0.0286193165729009,0.0404519160935774,0,0,0.0317146724112877,0,0.0294215350481718,0.015853847722106,0.157140589182218,0.0706654776897342,9.51898800666726e-05,0,0,0,0.0205718997381112,0,0,0.506400515930959,0,0.609708161278593,0.803643895863883
11275010401,0.0989578173982161,0,0.00344768537760219,0.12937839587559,0.057147150253311,0.0703465416909852,0,0,0.0001744371908574,0,0.128740314887501,0,0.144054130395719,0,0,0,0,0.00182955293854767,0.0280204219833198,0,0,0.337903552008351,0,0.576879608623664,0.817343195503254
11430020401,0.0538906335000633,0,0.00627964679248473,0.0888617453812063,0.00192562078162801,0.0582644398425609,0,0,0.00756873376790471,0,0.150364081769172,0,0.160421153907832,0,0,0,0,0,0.0314836264472816,0,0,0.440940317809866,0,0.580924299708874,0.820884457269134
11157030401,0.0462057444727456,0,0.0110908118586597,0.0478860613473107,0.0245165487198898,0.0542220153769929,0,0,0.00877445395263481,0,0.0659611785745276,0,0.19157182385459,0.0332477575262627,0,0,0,0,0.0245833328179323,0,0,0.491940271498454,0,0.599638519282425,0.81176838689482
11444010401,0.0738650653526362,0,0.0040115123995978,0.24191589736747,0,0.15458898224565,0,0,0,0,0.147486180001696,0,0.157547255189242,0,0,0,0,0,0.0165032260834027,0,0.00243102162673763,0.201650859733568,0,0.582395735073016,0.813744733643731
11158020401,0.0210160243897385,0.0303282488951973,0,0.115113037942624,0.0379195301295121,0.0247551417314762,0,0,0.0318010737459736,0,0.0382450294720008,0.0402851399942101,0.143746445433252,0,0,0,0,0,0.036546789880702,0,0,0.480243538385314,0,0.570335960548472,0.833131311465526
11277050401,0.0294427596830993,0,0.00235559861622103,0,0.0426059407103642,0.0292939773165174,0.000819388967194369,0,0.00631346117089635,0,0.0480631012716998,0,0.104394357723346,0.0649356297569869,0,0,0,0,0,0,0,0.671775784783675,0,0.686167328646126,0.761476271204212
11212050401,0.0415915874738882,0,0.00122258561290446,0.0771216111279366,0.0268280537831372,0.0090561152658576,0,0,0.0252496678112952,0,0.0794959155014027,0.00662838722989015,0.134101581480017,0.0611773888282932,0,0,0,0,0.033177237799021,0,0,0.504349868086357,0,0.655611852785895,0.759993156603418
11449030401,0.000701563051534067,0.0397058634995953,0.00557794702785146,0.0945627045636734,0.0352003263869024,0.0752675406547991,0.0241678113898166,0,0,0,0.115447093699629,0,0.112035421521865,0.0151269098332384,0,0,0,0,0.0292832159707621,0,0,0.452923602400333,0,0.593034664423026,0.809525101208122
11175040401,0.00982656290882512,0.0154036967040945,0.000108581421704084,0.0244459121719013,0.0376226401942366,0.0856163310836367,0,0,0.0114249380299166,0,0.083604294229241,0.00752949459872834,0.191792517885445,0,0,0,0,0,0.0353606644980233,0,0,0.497264366274248,0,0.593610275774631,0.818013673273148
11274010401,0.0653605228711789,0,0.00330493208633733,0.0493685212478291,0.0529274397121004,0.0523263953281326,0,0,0,0,0.0720610777126096,0,0.193121951018645,0,0,0,0,0.00190634244876597,0.0256831771320717,0,0,0.48393964044233,0,0.631151452433121,0.781862559915909
11269010401,0.0332900902345046,0.0115008364407657,0.00988169920266972,0.0991197608599334,0.129540409373252,0.0297295013160384,0,0,0.01942815580914,0,0.101932828710096,0.00403366349559299,0.192718869839194,0,0,0,0,0.0106615480700717,0.0250590848310233,0,0,0.333103551817718,0,0.541908575746861,0.841575728468079
11075060401,0.0498472447318462,0,0.00739787862613323,0.0642637686059707,0.0637788078023964,0.0380006844225005,0,0,0.0294917004476618,0,0.0636225472409203,0.00662955447040599,0.19938784220658,0.0477790693216223,0.000168764342293906,0,0,0,0.0190804443184823,0,0,0.410551693463186,0,0.521110609192413,0.864032365382174
11262010401,0.0427300708728218,0,0.00537394558801653,0.0406422612917056,0.024468023326748,0.0389926463377614,0,0,0.0301451121211891,0,0.0479607484459375,0.0017321698393652,0.353171701842636,0.0104671897983959,0,0,0,0,0.0360286366570469,0,0,0.368287493878376,0,0.515493322994759,0.87133228998091
11415010401,0.0278388278192651,0.017967270579943,0.0186914196597434,0.0173193371407243,0.0697871292246631,0.0242877382468721,0,0,0.0205569327491609,0,0.0555406394324934,0.00876796159768378,0.0661692012636217,0,0.00050474068803012,0,0,0,0.0157961818265665,0,0,0.656772619771232,0,0.649407480079934,0.791123377214963
11058050401,0.030364022476489,0.00668035791389131,0.00915099634044063,0.151961443160646,0.0268534908241321,0.0794643504655463,0,0,0.0281307337149478,0,0.179819169070269,0,0.151908276528598,0.00947445241884848,0,0,0,0,0.0276128138424592,0,0,0.298579893243733,0,0.55979965455567,0.829129819405192
11256040401,0.0427120121501072,0.0134127944133723,0.0146224118810698,0.0604810477049105,0.0608216720035157,0.0869047714825178,0,0,0.00419272264892448,0,0.0880639895279184,0,0.126054839758079,0.0172915538039137,5.0069989575518e-05,0,0,0,0,0,0,0.485392114636096,0,0.611576890252976,0.797690523139179
11019040401,0.0163114697079749,0.0111617078206571,0.00961902148888676,0.0653511008319724,0.0585537371767171,0,0,0,0.0399785862503061,0,0.0644098332745015,0.012456545840943,0.154397542910041,0.0316909773058481,0,0,0,0,0.0364975324933753,0,0,0.499571944898777,0,0.603476500761831,0.807551917494758
11033010401,0.105436345630705,0,0.0132436846684343,0.078510067489831,0.0491585993158615,0.0516583572242034,0,0,0.0184611720858576,0,0.0775574931197941,0.00103490923088428,0.138670866958755,0.00994302688293561,0,0,0,0.00657676291874799,0.0224612341321239,0,0,0.427287480341867,0,0.561771840035249,0.832446191279569
11064070401,0.0320119731965732,0,0.00248867218052261,0.0767966922896518,0.093341631481964,0.0169519795937815,0,0,0.0182236997419431,0,0.038396042453586,0.0126698934527236,0.14451383498771,0.0462605643787766,0,0,0,0.000978478984132173,0.0290574236136001,0,0,0.488309113645036,0,0.619993567543868,0.790944537034104
11210050401,0.0245147389972617,0.000168023182313709,0.0110855616177046,0.0945115608651099,0.0154298247520268,0.0347792434345727,0,0,0.000216030945049723,0,0.119988346875856,0,0.177983390782727,0,0,0,0,0,0.0149156465994926,0,0,0.506407631947885,0,0.619600744826249,0.796650705917367
11270030401,0.0260208102788744,0.00989136201523862,0.0096943650617213,0.0756817348564148,0.0615907618911202,0,0,0,0.0446280262532019,0,0.0885203061183058,0.0171273734463656,0.174989455406321,0.0237392689206051,0,0,0,0,0.0422941965702701,0,0,0.425822339181561,0,0.599875003575181,0.802936303506748
11019020401,0.0324229531229855,0.00516752694796448,0.0108089376416611,0.091949507512193,0.0455884496574192,0,0,0,0.0488114060327463,0,0.139620028422982,0.00504113834913075,0.16227944531319,0.0255811462929574,0,0.00180017976802188,0,0,0.0431714501211779,0,0,0.38775783081757,0,0.583107055087145,0.814133588798297
11174070401,0.0220331437489513,0,0.00239027565845364,0.131721515405131,0.0656352008981399,0.0386144829703155,0,0,0,0,0.0800142663205595,0.00369955460680946,0.205909468953759,0,0,0,0,0.0010718528321514,0.0294911891201185,0,0,0.419419049485611,0,0.608932276547098,0.796124349923587
11310060401,0.0542012430850863,0,0.00714341901940769,0.0424017030402401,0.0818065480059888,0.0201268961830223,0.00136544227966851,0,0.0229634638564757,0,0.0713584561303733,0,0.15639344453277,0.0208970417438411,0,0,0,0,0.0112365624514201,0,0,0.510105779671706,0,0.590124178769967,0.821566267497878
11307070401,0.0226442089739526,0.00564416262271094,0.00465504852357679,0.0464381042001018,0.0917366455760827,0.0298296127017433,0,0,0,0,0.0716523376252571,0,0.177229342038085,0.00969496622020712,0,0,0,0.00607870994100153,0.0209647288093185,0,0,0.513432132767963,0,0.664702057890025,0.752853389348403
11433030401,0,0.0185015500063073,0.0101820813172988,0.0775977595160702,0,0.134030821061556,0.01117639155158,0,0,0,0.105559615651558,0,0.0892273481611931,0.0371855315740819,0,0,0,0,0.00738660440960879,0,0,0.509152296750746,0,0.641354185848666,0.772916302962004
11001030401,0.0215076460249636,0,0.00536236257272312,0.00431156521129785,0.0401302796780216,0.0159607348653156,0,0,0.00284129308305648,0,0.079729934587275,0,0.130502216723484,0.0805189284820137,0,0,0,0.00189671296991064,0,0,0,0.617238325801939,0,0.700685228991937,0.732279585201972
11323040401,0.0315707638311967,0.0291353321332834,0.0220954106463016,0.072871698916568,0.0739607315654366,0,0,0,0.028242909486687,0,0.0787641214680954,0.0103100788452234,0.222147448295802,0.0216689203875483,0,0,0,0,0.00618407600095809,0,0,0.4030485084229,0,0.578484278081415,0.819543831409882
