id,protein_id,gene_symbol,entrez_id,redundant_ids,organism_name,is_contaminant,ptm_id,confident_score,confident_site,flanking_sequence,ptm_score,feature_id,logFC_Endur.post_15_30_45_min - Control.post_15_30_45_min (delta-delta),logFC_Endur.post_3.5_4_hr - Control.post_3.5_4_hr (delta-delta),logFC_Endur.post_24_hr - Control.post_24_hr (delta-delta),logFC_Resist.post_15_30_45_min - Control.post_15_30_45_min (delta-delta),logFC_Resist.post_3.5_4_hr - Control.post_3.5_4_hr (delta-delta),logFC_Resist.post_24_hr - Control.post_24_hr (delta-delta),p_value_Endur.post_15_30_45_min - Control.post_15_30_45_min (delta-delta),p_value_Endur.post_3.5_4_hr - Control.post_3.5_4_hr (delta-delta),p_value_Endur.post_24_hr - Control.post_24_hr (delta-delta),p_value_Resist.post_15_30_45_min - Control.post_15_30_45_min (delta-delta),p_value_Resist.post_3.5_4_hr - Control.post_3.5_4_hr (delta-delta),p_value_Resist.post_24_hr - Control.post_24_hr (delta-delta),adj_p_value_Endur.post_15_30_45_min - Control.post_15_30_45_min (delta-delta),adj_p_value_Endur.post_3.5_4_hr - Control.post_3.5_4_hr (delta-delta),adj_p_value_Endur.post_24_hr - Control.post_24_hr (delta-delta),adj_p_value_Resist.post_15_30_45_min - Control.post_15_30_45_min (delta-delta),adj_p_value_Resist.post_3.5_4_hr - Control.post_3.5_4_hr (delta-delta),adj_p_value_Resist.post_24_hr - Control.post_24_hr (delta-delta),Pearson correlation,p_value,FDR(BH),k,muscle.z.std_Endur.post_15_30_45_min - Control.post_15_30_45_min (delta-delta),muscle.z.std_Endur.post_3.5_4_hr - Control.post_3.5_4_hr (delta-delta),muscle.z.std_Endur.post_24_hr - Control.post_24_hr (delta-delta),muscle.z.std_Resist.post_15_30_45_min - Control.post_15_30_45_min (delta-delta),muscle.z.std_Resist.post_3.5_4_hr - Control.post_3.5_4_hr (delta-delta),muscle.z.std_Resist.post_24_hr - Control.post_24_hr (delta-delta)
Q9H422-2_Y359y,Q9H422-2,HIPK3,10114,Q9H422-2,Homo sapiens,FALSE,Q9H422-2_Y359y,65.96,TRUE,SKTVCSTyLQSRYYR,0,Q9H422-2_Y359y,-0.09,-0.05,-0.12,-0.22,-0.15,-0.08,0.32,0.59,0.15,0.01,0.1,0.34,0.7,0.96,0.86,0.05,0.47,0.81,1,0.01,0.74,2,-1,-0.54,-1.45,-2.57,-1.63,-0.96
P05455_T379t,P05455,SSB,6741,P05455,Homo sapiens,FALSE,P05455_T379t,21.8,TRUE,EHDENGAtGPVKRAR,0,P05455_T379t,0.02,0.16,-0.15,-0.43,-0.18,0.05,0.94,0.49,0.46,0.03,0.42,0.8,0.98,0.94,0.95,0.12,0.79,0.96,1,0.01,0.74,2,0.08,0.7,-0.75,-2.17,-0.81,0.26
Q8IUG5_S2357s,Q8IUG5,MYO18B,84700,"Q8IUG5,Q8IUG5-3",Homo sapiens,FALSE,Q8IUG5_S2357s,24.67,TRUE,SCESLLEsRPSMGRK,0,Q8IUG5_S2357s,0.06,0.12,-0.02,-0.28,-0.09,0.05,0.66,0.33,0.89,0.03,0.47,0.69,0.89,0.91,0.99,0.11,0.82,0.93,0.99,0,0.74,1,0.44,0.97,-0.13,-2.18,-0.72,0.4
Q9Y2X7_S571s,Q9Y2X7,GIT1,28964,"Q9Y2X7,Q9Y2X7-3",Homo sapiens,FALSE,Q9Y2X7_S571s,17.02,TRUE,AVPFTPSsPLLSCSQ,0,Q9Y2X7_S571s,0.01,0.07,-0.1,-0.26,-0.12,-0.02,0.93,0.51,0.29,0,0.25,0.8,0.98,0.95,0.91,0.02,0.67,0.96,0.99,0,0.74,1,0.08,0.66,-1.06,-2.87,-1.15,-0.25
Q8WZ42-12_S24054s,Q8WZ42-12,TTN,7273,Q8WZ42-12,Homo sapiens,FALSE,Q8WZ42-12_S24054s,75.06,TRUE,FRLEADVsGRPPPTM,0,Q8WZ42-12_S24054s,0,0.04,-0.06,-0.14,-0.05,-0.02,0.99,0.59,0.36,0.02,0.43,0.73,1,0.97,0.93,0.09,0.8,0.94,0.98,0.01,0.74,3,0.02,0.54,-0.92,-2.3,-0.79,-0.35
Q86VP6_S979s,Q86VP6,CAND1,55832,Q86VP6,Homo sapiens,FALSE,Q86VP6_S979s,23.98,TRUE,GYLISGSsYARSSVV,0,Q86VP6_S979s,0.01,0.04,-0.04,-0.11,-0.03,0.02,0.9,0.71,0.65,0.23,0.75,0.81,0.97,0.97,0.97,0.45,0.93,0.97,0.98,0.01,0.74,4,0.13,0.37,-0.45,-1.21,-0.32,0.24
Q8WZ42-12_T23398t,Q8WZ42-12,TTN,7273,Q8WZ42-12,Homo sapiens,FALSE,Q8WZ42-12_T23398t,29.26,TRUE,IENTESFtLLIIPEC,0,Q8WZ42-12_T23398t,0.06,0.13,-0.04,-0.18,-0.1,0.07,0.74,0.53,0.84,0.26,0.59,0.65,0.92,0.95,0.99,0.5,0.88,0.92,0.98,0,0.74,0,0.34,0.63,-0.2,-1.12,-0.54,0.46
P50502_S76sS79s,P50502,ST13,6767,P50502,Homo sapiens,FALSE,P50502_S76sS79s,84.9,TRUE,LKADEPSsEESDLEI|DEPSSEEsDLEIDKE,0,P50502_S76sS79s,-0.29,-0.27,-0.36,-0.41,-0.41,-0.31,0.15,0.24,0.09,0.04,0.08,0.13,0.51,0.88,0.83,0.13,0.41,0.63,0.98,0,0.74,1,-1.43,-1.18,-1.72,-2.11,-1.77,-1.51
P28290_S92s,P28290,ITPRID2,6744,"P28290,P28290-3",Homo sapiens,FALSE,P28290_S92s,84.4,TRUE,CRTPLGAsLDEQSSS,0,P28290_S92s,-0.02,0.08,-0.07,-0.32,-0.09,0.02,0.88,0.64,0.62,0.01,0.56,0.89,0.97,0.97,0.97,0.06,0.86,0.98,0.98,0.01,0.74,2,-0.15,0.47,-0.49,-2.5,-0.58,0.14
Q8WZ42-12_Y31376y,Q8WZ42-12,TTN,7273,Q8WZ42-12,Homo sapiens,FALSE,Q8WZ42-12_Y31376y,127.17,TRUE,KVTHLTKyMEYSFRV,0,Q8WZ42-12_Y31376y,0,0.01,-0.02,-0.09,-0.05,-0.01,0.93,0.88,0.63,0.1,0.39,0.81,0.98,0.99,0.97,0.26,0.78,0.96,0.98,0,0.74,1,0.08,0.16,-0.49,-1.66,-0.86,-0.24
Q9UPQ0-3_S762s,Q9UPQ0-3,LIMCH1,22998,Q9UPQ0-3,Homo sapiens,FALSE,Q9UPQ0-3_S762s,69.67,TRUE,RWKSRRRsVSQDLIK,0,Q9UPQ0-3_S762s,0,0.03,-0.04,-0.16,-0.04,-0.01,0.99,0.84,0.75,0.27,0.8,0.93,1,0.99,0.98,0.5,0.95,0.99,0.98,0.01,0.74,3,0.01,0.21,-0.31,-1.11,-0.25,-0.09
Q12802-2_S2724s,Q12802-2,AKAP13,11214,Q12802-2,Homo sapiens,FALSE,Q12802-2_S2724s,67.94,TRUE,PSIAKSGsLDSELSV,0,Q12802-2_S2724s,-0.05,-0.03,-0.14,-0.43,-0.19,-0.08,0.72,0.84,0.32,0,0.16,0.54,0.91,0.99,0.92,0.01,0.57,0.89,0.97,0,0.74,1,-0.36,-0.2,-0.99,-3.17,-1.4,-0.62
Q969U6_S284s,Q969U6,FBXW5,54461,"Q969U6,Q969U6-2",Homo sapiens,FALSE,Q969U6_S284s,1000,TRUE,CRIFDLGsDNEEVVA,0,Q969U6_S284s,0.02,0.19,-0.04,-0.22,-0.08,0.03,0.86,0.14,0.74,0.08,0.52,0.8,0.96,0.82,0.98,0.23,0.84,0.96,0.97,0,0.74,0,0.17,1.48,-0.33,-1.75,-0.64,0.26
Q8NHV4_S397s,Q8NHV4,NEDD1,121441,"Q8NHV4,Q8NHV4-2,Q8NHV4-3",Homo sapiens,FALSE,Q8NHV4_S397s,47.96,TRUE,GKNQDFSsFDDTGKS,0,Q8NHV4_S397s,0.07,0.21,-0.02,-0.25,-0.03,0.02,0.62,0.15,0.89,0.06,0.84,0.9,0.88,0.84,0.99,0.2,0.96,0.98,0.97,0.01,0.74,3,0.5,1.43,-0.14,-1.86,-0.2,0.13
Q14669-3_S1475s,Q14669-3,TRIP12,9320,Q14669-3,Homo sapiens,FALSE,Q14669-3_S1475s,47.96,TRUE,QTAPTKTsPRNAKKH,0,Q14669-3_S1475s,0.12,0.14,0.03,-0.26,-0.07,0.1,0.54,0.49,0.88,0.14,0.69,0.55,0.84,0.94,0.99,0.33,0.92,0.9,0.97,0.01,0.74,3,0.62,0.7,0.16,-1.48,-0.4,0.6
P24534_S106s,P24534,EEF1B2,1933,P24534,Homo sapiens,FALSE,P24534_S106s,145.1,TRUE,DDIDLFGsDDEEESE,0,P24534_S106s,-0.03,0.07,-0.15,-0.3,-0.1,-0.03,0.84,0.66,0.3,0.05,0.53,0.85,0.96,0.97,0.92,0.16,0.85,0.97,0.97,0.01,0.74,2,-0.2,0.44,-1.03,-1.98,-0.63,-0.18
Q93100_Y338y,Q93100,PHKB,5257,"Q93100,Q93100-3",Homo sapiens,FALSE,Q93100_Y338y,36.04,TRUE,KRFLRDGyRTSLEDP,0,Q93100_Y338y,0.08,0.3,0.06,-0.18,0.05,0.19,0.51,0.03,0.66,0.15,0.71,0.14,0.83,0.66,0.97,0.34,0.92,0.65,0.97,0,0.74,0,0.66,2.15,0.44,-1.45,0.38,1.47
P15121_S283s,P15121,AKR1B1,231,P15121,Homo sapiens,FALSE,P15121_S283s,50.46,TRUE,VFDFELSsQDMTTLL,0,P15121_S283s,-0.04,0.02,-0.05,-0.2,-0.14,-0.04,0.58,0.81,0.52,0,0.09,0.61,0.86,0.99,0.96,0.03,0.44,0.91,0.97,0,0.74,0,-0.56,0.25,-0.65,-2.81,-1.71,-0.51
Q96PE2_S961s,Q96PE2,ARHGEF17,9828,Q96PE2,Homo sapiens,FALSE,Q96PE2_S961s,47.47,TRUE,SRHVRHAsVPATFMP,0,Q96PE2_S961s,0.03,0.2,0.03,-0.22,-0.01,0.06,0.83,0.17,0.81,0.1,0.94,0.6,0.95,0.85,0.99,0.28,0.99,0.91,0.97,0,0.74,0,0.22,1.39,0.24,-1.63,-0.07,0.52
Q8WZ42-12_S15161s,Q8WZ42-12,TTN,7273,Q8WZ42-12,Homo sapiens,FALSE,Q8WZ42-12_S15161s,54.96,TRUE,RDDKTLEsGDKYDVI,0,Q8WZ42-12_S15161s,-0.04,-0.01,-0.05,-0.14,-0.11,-0.03,0.55,0.92,0.41,0.03,0.11,0.63,0.85,1,0.94,0.12,0.49,0.92,0.97,0,0.74,0,-0.6,-0.1,-0.82,-2.16,-1.59,-0.48
Q6PKG0_S631sY633y,Q6PKG0,LARP1,23367,Q6PKG0,Homo sapiens,FALSE,Q6PKG0_S631sY633y,30.86,TRUE,TAWSDEEsDYEIDDR|WSDEESDyEIDDRDV,0,Q6PKG0_S631sY633y,-0.06,0.03,-0.06,-0.37,-0.17,-0.03,0.6,0.83,0.61,0,0.19,0.77,0.87,0.99,0.97,0.01,0.6,0.96,0.97,0.01,0.74,2,-0.52,0.22,-0.51,-3.12,-1.31,-0.29
Q17RY0_S255s,Q17RY0,CPEB4,80315,"Q17RY0,Q17RY0-2",Homo sapiens,FALSE,Q17RY0_S255s,39.25,TRUE,QQRRSPAsPHPPPFT,0,Q17RY0_S255s,-0.03,0,-0.09,-0.17,-0.06,0,0.78,0.97,0.38,0.08,0.52,1,0.94,1,0.94,0.23,0.85,1,0.97,0.01,0.74,4,-0.27,0.04,-0.88,-1.77,-0.64,0
Q9H1R3_S149sS151s,Q9H1R3,MYLK2,85366,Q9H1R3,Homo sapiens,FALSE,Q9H1R3_S149sS151s,45.98,TRUE,GSPAFLHsPSCPAII|PAFLHSPsCPAIISS,0,Q9H1R3_S149sS151s,0.37,0.4,0.3,0.09,0.22,0.37,0.15,0.09,0.18,0.71,0.36,0.09,0.5,0.77,0.88,0.85,0.76,0.56,0.96,0.01,0.74,5,1.46,1.71,1.35,0.38,0.91,1.72
P23327_S494sS501s,P23327,HRC,3270,P23327,Homo sapiens,FALSE,P23327_S494sS501s,81.45,TRUE,EKEEDPGsHEEDDES|SHEEDDEsSEQGEKG,0,P23327_S494sS501s,-0.04,0,-0.09,-0.19,-0.13,-0.08,0.51,0.95,0.14,0,0.05,0.16,0.83,1,0.86,0.01,0.33,0.67,0.96,0,0.74,1,-0.66,-0.06,-1.49,-3.17,-1.97,-1.41
O15061_S584s,O15061,SYNM,23336,O15061,Homo sapiens,FALSE,O15061_S584s,115.15,TRUE,VPISLEVsQDRRAEV,0,O15061_S584s,-0.03,0.15,-0.09,-0.22,-0.09,0.01,0.82,0.33,0.49,0.1,0.52,0.93,0.95,0.91,0.96,0.27,0.84,0.99,0.96,0.01,0.74,4,-0.22,0.97,-0.69,-1.63,-0.65,0.09
P12882_S1041s,P12882,MYH1,4619,P12882,Homo sapiens,FALSE,P12882_S1041s,1000,TRUE,QVDDLEGsLEQEKKI,0,P12882_S1041s,-0.03,-0.03,-0.09,-0.18,-0.13,-0.07,0.74,0.73,0.27,0.04,0.18,0.41,0.92,0.98,0.9,0.13,0.59,0.85,0.96,0.02,0.74,8,-0.33,-0.35,-1.09,-2.1,-1.33,-0.83
Q8WZ42-12_S31599s,Q8WZ42-12,TTN,7273,Q8WZ42-12,Homo sapiens,FALSE,Q8WZ42-12_S31599s,32.27,TRUE,VISKGSEsTGPVTCR,0,Q8WZ42-12_S31599s,-0.11,-0.09,-0.1,-0.17,-0.14,-0.09,0.23,0.31,0.22,0.05,0.11,0.24,0.61,0.9,0.9,0.16,0.49,0.74,0.96,0,0.74,0,-1.21,-1.02,-1.22,-2,-1.58,-1.18
O00571_S131s,O00571,DDX3X,1654,O00571,Homo sapiens,FALSE,O00571_S131s,83.65,TRUE,NSRWCDKsDEDDWSK,0,O00571_S131s,0.02,0.13,0.03,-0.19,-0.04,0.09,0.81,0.36,0.76,0.07,0.75,0.41,0.94,0.92,0.98,0.22,0.94,0.85,0.96,0.01,0.74,2,0.24,0.91,0.3,-1.8,-0.31,0.83
Q5VTT5_S684s,Q5VTT5,MYOM3,127294,Q5VTT5,Homo sapiens,FALSE,Q5VTT5_S684s,26.98,TRUE,SEAGVGEsSAATEPI,0,Q5VTT5_S684s,-0.05,0.02,-0.07,-0.23,-0.13,-0.08,0.6,0.83,0.42,0.02,0.22,0.36,0.87,0.99,0.94,0.08,0.63,0.83,0.96,0.01,0.74,6,-0.52,0.22,-0.8,-2.37,-1.24,-0.91
Q5VTT5_S762s,Q5VTT5,MYOM3,127294,Q5VTT5,Homo sapiens,FALSE,Q5VTT5_S762s,132.29,TRUE,PTRVCKVsDLHEGHF,0,Q5VTT5_S762s,-0.06,-0.05,-0.12,-0.18,-0.15,-0.09,0.51,0.65,0.18,0.05,0.16,0.3,0.83,0.97,0.88,0.17,0.56,0.79,0.96,0,0.74,1,-0.66,-0.45,-1.33,-1.94,-1.42,-1.03
Q9UHG3_Y498y,Q9UHG3,PCYOX1,51449,Q9UHG3,Homo sapiens,FALSE,Q9UHG3_Y498y,333.36,TRUE,MIDQDGLyEKLKTEL,0,Q9UHG3_Y498y,0,0.01,-0.02,-0.11,-0.07,-0.02,0.99,0.91,0.78,0.14,0.39,0.79,1,1,0.99,0.34,0.78,0.96,0.96,0.01,0.74,4,-0.02,0.12,-0.28,-1.47,-0.87,-0.27
Q8WZ42-12_Y30791y,Q8WZ42-12,TTN,7273,Q8WZ42-12,Homo sapiens,FALSE,Q8WZ42-12_Y30791y,35.77,TRUE,GLTEGNEyEFHVMAE,0,Q8WZ42-12_Y30791y,0,0,-0.03,-0.09,-0.05,-0.02,0.99,0.98,0.63,0.21,0.51,0.73,1,1,0.97,0.43,0.84,0.94,0.96,0.02,0.74,9,0.02,-0.02,-0.48,-1.25,-0.66,-0.34
Q8WZ42-12_S9637s,Q8WZ42-12,TTN,7273,Q8WZ42-12,Homo sapiens,FALSE,Q8WZ42-12_S9637s,47.28,TRUE,IKPSDRCsFSFASGT,0,Q8WZ42-12_S9637s,0,0.03,-0.02,-0.11,-0.09,0.01,0.95,0.76,0.76,0.15,0.31,0.92,0.99,0.98,0.98,0.35,0.71,0.98,0.96,0.01,0.74,2,-0.06,0.31,-0.31,-1.44,-1.02,0.1
P13929_S373s,P13929,ENO3,2027,P13929,Homo sapiens,FALSE,P13929_S373s,45.69,TRUE,GVMVSHRsGETEDTF,0,P13929_S373s,-0.06,0.04,-0.04,-0.19,-0.08,0.01,0.63,0.75,0.71,0.11,0.51,0.94,0.88,0.98,0.98,0.29,0.84,0.99,0.96,0.01,0.74,3,-0.48,0.31,-0.37,-1.59,-0.65,0.08
P35609_S840s,P35609,ACTN2,88,P35609,Homo sapiens,FALSE,P35609_S840s,136.92,TRUE,ASFRILAsDKPYILA,0,P35609_S840s,0.05,0.06,0.02,-0.08,0.02,0.04,0.56,0.46,0.81,0.29,0.79,0.54,0.85,0.94,0.99,0.53,0.95,0.89,0.96,0.01,0.74,4,0.59,0.73,0.24,-1.05,0.27,0.62
Q06830_S152s,Q06830,PRDX1,5052,Q06830,Homo sapiens,FALSE,Q06830_S152s,62.18,TRUE,NDLPVGRsVDETLRL,0,Q06830_S152s,0.31,0.28,0.09,-0.14,0.08,0.15,0.18,0.23,0.62,0.52,0.71,0.38,0.55,0.88,0.97,0.73,0.93,0.83,0.96,0.03,0.74,12,1.35,1.2,0.49,-0.65,0.37,0.88
Q8TD47_S217s,Q8TD47,RPS4Y2,140032,Q8TD47,Homo sapiens,FALSE,Q8TD47_S217s,68.31,TRUE,VKDANGNsFATRISN,0,Q8TD47_S217s,0.01,0.18,-0.05,-0.23,-0.01,0.02,0.93,0.13,0.59,0.03,0.95,0.79,0.98,0.82,0.97,0.1,0.99,0.96,0.96,0.02,0.74,10,0.09,1.5,-0.54,-2.23,-0.06,0.26
P20929-2_S48s,P20929-2,NEB,4703,P20929-2,Homo sapiens,FALSE,P20929-2_S48s,18.26,TRUE,DYEQSETsKPALAQP,0,P20929-2_S48s,-0.03,-0.06,-0.16,-0.38,-0.21,-0.12,0.78,0.66,0.14,0,0.08,0.27,0.94,0.97,0.86,0,0.43,0.77,0.96,0.03,0.74,14,-0.27,-0.44,-1.46,-3.46,-1.73,-1.11
Q9HA65_S604sS608s,Q9HA65,TBC1D17,79735,Q9HA65,Homo sapiens,FALSE,Q9HA65_S604sS608s,20.02,TRUE,PAEPHSPsPTASPLP|HSPSPTAsPLPLSPT,0,Q9HA65_S604sS608s,-0.07,0.13,-0.12,-0.55,-0.11,-0.08,0.62,0.33,0.34,0,0.41,0.53,0.88,0.91,0.93,0,0.79,0.89,0.96,0.01,0.74,5,-0.5,0.97,-0.96,-3.96,-0.82,-0.64
Q86VQ1_S30s,Q86VQ1,GLCCI1,113263,Q86VQ1,Homo sapiens,FALSE,Q86VQ1_S30s,66.98,TRUE,MRRSAAGsPPAVAAA,0,Q86VQ1_S30s,-0.06,0.28,-0.12,-0.47,-0.19,-0.08,0.75,0.18,0.5,0.01,0.33,0.64,0.92,0.86,0.96,0.04,0.74,0.92,0.96,0,0.74,1,-0.32,1.34,-0.68,-2.69,-0.97,-0.47
Q96HC4_S298s,Q96HC4,PDLIM5,10611,Q96HC4,Homo sapiens,FALSE,Q96HC4_S298s,61.13,TRUE,GTEHLKEsEADNTKK,0,Q96HC4_S298s,-0.02,0.15,-0.14,-0.95,-0.46,-0.21,0.85,0.1,0.07,0,0,0.01,0.96,0.79,0.81,0,0,0.22,0.95,0.01,0.74,4,-0.19,1.64,-1.83,-10.45,-5.24,-2.71
Q9HDC5_S238sS241s,Q9HDC5,JPH1,56704,Q9HDC5,Homo sapiens,FALSE,Q9HDC5_S238sS241s,85.31,TRUE,SISSKRSsVRSDAAM|SKRSSVRsDAAMSRI,0,Q9HDC5_S238sS241s,0.04,0.12,-0.01,-0.11,-0.08,0.01,0.74,0.35,0.93,0.3,0.53,0.89,0.92,0.91,0.99,0.54,0.85,0.98,0.95,0,0.74,1,0.34,0.93,-0.08,-1.03,-0.63,0.14
Q15788_S569s,Q15788,NCOA1,8648,"Q15788,Q15788-2,Q15788-3",Homo sapiens,FALSE,Q15788_S569s,44.42,TRUE,RQMSSQNsPSRLNIQ,0,Q15788_S569s,-0.04,0.25,-0.02,-0.41,-0.2,0.01,0.79,0.09,0.87,0.01,0.18,0.91,0.94,0.77,0.99,0.04,0.58,0.98,0.95,0,0.74,0,-0.27,1.71,-0.17,-2.68,-1.35,0.12
Q15772_S516s,Q15772,SPEG,10290,Q15772,Homo sapiens,FALSE,Q15772_S516s,23.89,TRUE,ELVRSHEsLRATLQR,0,Q15772_S516s,0.04,0.14,-0.01,-0.4,-0.19,-0.05,0.81,0.46,0.96,0.02,0.28,0.77,0.94,0.94,1,0.07,0.69,0.95,0.95,0.01,0.74,5,0.24,0.73,-0.04,-2.41,-1.08,-0.3
P10636_S673s,P10636,MAPT,4137,P10636,Homo sapiens,FALSE,P10636_S673s,108.98,TRUE,RVQSKIGsLDNITHV,0,P10636_S673s,-0.13,0.01,-0.12,-0.43,-0.18,-0.14,0.43,0.94,0.41,0.01,0.28,0.37,0.79,1,0.94,0.04,0.69,0.83,0.95,0.01,0.74,6,-0.79,0.08,-0.82,-2.64,-1.08,-0.89
Q8WZ42-12_Y8502y,Q8WZ42-12,TTN,7273,Q8WZ42-12,Homo sapiens,FALSE,Q8WZ42-12_Y8502y,1000,TRUE,EIRPGGNyKMTLVEN,0,Q8WZ42-12_Y8502y,0.11,0.14,0.02,-0.16,-0.09,0.1,0.34,0.32,0.88,0.15,0.46,0.33,0.72,0.91,0.99,0.34,0.81,0.81,0.95,0,0.74,0,0.95,0.99,0.14,-1.45,-0.74,0.97
Q8IUG5_S2542s,Q8IUG5,MYO18B,84700,"Q8IUG5,Q8IUG5-3",Homo sapiens,FALSE,Q8IUG5_S2542s,44.44,TRUE,GDGGERTsPERREPG,0,Q8IUG5_S2542s,0.06,0.11,-0.01,-0.07,-0.03,0.08,0.53,0.23,0.93,0.44,0.76,0.32,0.84,0.88,0.99,0.67,0.94,0.8,0.95,0,0.74,0,0.63,1.19,-0.09,-0.77,-0.31,0.99
Q13033-2_T293t,Q13033-2,STRN3,29966,Q13033-2,Homo sapiens,FALSE,Q13033-2_T293t,133.31,TRUE,EGLAADLtDDPDTEE,0,Q13033-2_T293t,0.04,0.08,-0.08,-0.17,-0.11,-0.03,0.69,0.52,0.45,0.08,0.32,0.78,0.91,0.95,0.95,0.23,0.72,0.96,0.95,0.01,0.74,3,0.4,0.64,-0.75,-1.75,-1,-0.28
Q9BWU0_S466s,Q9BWU0,SLC4A1AP,22950,Q9BWU0,Homo sapiens,FALSE,Q9BWU0_S466s,92.54,TRUE,EDEDFYDsDDDTFLD,0,Q9BWU0_S466s,0.06,0.27,-0.05,-0.33,-0.01,-0.01,0.76,0.25,0.77,0.07,0.97,0.96,0.93,0.88,0.98,0.22,0.99,0.99,0.95,0.03,0.74,13,0.31,1.15,-0.29,-1.79,-0.04,-0.05
Q9UQ35_S1152s,Q9UQ35,SRRM2,23524,Q9UQ35,Homo sapiens,FALSE,Q9UQ35_S1152s,27.6,TRUE,YPTVDSNsLLGQSRL,0,Q9UQ35_S1152s,-0.15,-0.05,-0.12,-0.3,-0.23,-0.07,0.15,0.7,0.25,0,0.06,0.44,0.5,0.97,0.9,0.02,0.35,0.86,0.95,0.02,0.74,7,-1.45,-0.39,-1.15,-3.01,-1.92,-0.77
P13807_S483s,P13807,GYS1,2997,"P13807,P13807-2",Homo sapiens,FALSE,P13807_S483s,23.98,TRUE,IFHPEFLsSTSPLLP,0,P13807_S483s,0.09,0.12,0.07,-0.13,-0.02,0.11,0.4,0.29,0.48,0.2,0.84,0.26,0.77,0.9,0.95,0.42,0.96,0.76,0.95,0.01,0.74,5,0.83,1.07,0.7,-1.28,-0.21,1.13
Q9H7C4_S335s,Q9H7C4,SYNC,81493,"Q9H7C4,Q9H7C4-2",Homo sapiens,FALSE,Q9H7C4_S335s,20.04,TRUE,FENLMAEsRQDLEEE,0,Q9H7C4_S335s,0.05,0.15,-0.03,-0.11,0.01,0.11,0.83,0.55,0.9,0.66,0.97,0.65,0.95,0.96,0.99,0.82,0.99,0.92,0.95,0.01,0.74,4,0.22,0.6,-0.13,-0.44,0.04,0.46
Q13554_S423sS436s,Q13554,CAMK2B,816,Q13554,Homo sapiens,FALSE,Q13554_S423sS436s,191.82,TRUE,LSSVRRGsGAPEAEG|EGPLPCPsPAPFSPL,0,Q13554_S423sS436s,0.06,0.1,0.05,-0.04,0.04,0.04,0.52,0.31,0.6,0.67,0.66,0.64,0.83,0.9,0.97,0.83,0.91,0.92,0.95,0.01,0.74,6,0.65,1.02,0.52,-0.43,0.44,0.47
Q05209_S449s,Q05209,PTPN12,5782,Q05209,Homo sapiens,FALSE,Q05209_S449s,98.2,TRUE,PLQEGPKsFDGNTLL,0,Q05209_S449s,-0.08,-0.02,-0.1,-0.34,-0.1,-0.02,0.55,0.87,0.35,0.01,0.43,0.87,0.85,0.99,0.93,0.03,0.8,0.98,0.95,0.01,0.74,6,-0.6,-0.16,-0.94,-2.74,-0.79,-0.17
Q14315_S2646s,Q14315,FLNC,2318,Q14315,Homo sapiens,FALSE,Q14315_S2646s,1000,TRUE,VTRGPGLsQAFVGQK,0,Q14315_S2646s,0.25,0.27,0.13,0.02,0.1,0.14,0.07,0.05,0.29,0.88,0.47,0.22,0.35,0.71,0.91,0.95,0.82,0.73,0.95,0,0.74,1,1.79,1.94,1.07,0.15,0.72,1.23
A4UGR9_T1470t,A4UGR9,XIRP2,129446,"A4UGR9,A4UGR9-2,A4UGR9-8",Homo sapiens,FALSE,A4UGR9_T1470t,19.22,TRUE,TQLLNRStEFHAEKE,0,A4UGR9_T1470t,0.04,0.19,0.07,-0.13,-0.05,0.09,0.77,0.26,0.64,0.36,0.76,0.52,0.93,0.88,0.97,0.6,0.94,0.89,0.95,0.01,0.74,2,0.3,1.13,0.47,-0.91,-0.31,0.64
A6NGB9_S149s,A6NGB9,WIPF3,644150,A6NGB9,Homo sapiens,FALSE,A6NGB9_S149s,209.97,TRUE,GPLIPPAsPRLGNTS,0,A6NGB9_S149s,-0.03,0,-0.05,-0.25,-0.07,0.01,0.7,0.98,0.54,0,0.42,0.89,0.91,1,0.96,0.02,0.79,0.98,0.95,0.01,0.74,5,-0.38,0.03,-0.62,-3.01,-0.81,0.14
O95359_S1947s,O95359,TACC2,10579,O95359,Homo sapiens,FALSE,O95359_S1947s,49.21,TRUE,AKDLSRSsDSEEAFE,0,O95359_S1947s,-0.03,0.05,-0.03,-0.2,-0.15,0,0.72,0.56,0.7,0.01,0.06,0.99,0.91,0.96,0.98,0.04,0.36,1,0.95,0.01,0.74,2,-0.36,0.58,-0.38,-2.69,-1.91,0.02
P20929-2_S7275s,P20929-2,NEB,4703,P20929-2,Homo sapiens,FALSE,P20929-2_S7275s,40.91,TRUE,FLQAAKSsLQQSDFE,0,P20929-2_S7275s,0.15,0.15,0.07,0,0.09,0.11,0.23,0.28,0.56,0.98,0.51,0.34,0.62,0.89,0.97,0.99,0.84,0.81,0.94,0.03,0.74,16,1.19,1.07,0.58,0.03,0.66,0.95
Q15424_S234s,Q15424,SAFB,6294,"Q15424,Q15424-2,Q15424-3,Q15424-4",Homo sapiens,FALSE,Q15424_S234s,23.98,TRUE,SEPVKEEsSELEQPF,0,Q15424_S234s,0.03,0.09,0.04,-0.06,-0.02,0.04,0.72,0.37,0.65,0.48,0.8,0.59,0.91,0.92,0.97,0.7,0.95,0.91,0.94,0,0.74,0,0.36,0.89,0.46,-0.71,-0.25,0.54
Q13586_S660s,Q13586,STIM1,6786,Q13586,Homo sapiens,FALSE,Q13586_S660s,110.97,TRUE,VAEEDNGsIGEETDS,0,Q13586_S660s,-0.12,0.13,-0.08,-0.5,-0.12,-0.03,0.21,0.21,0.4,0,0.21,0.7,0.59,0.87,0.94,0,0.62,0.93,0.94,0.01,0.74,5,-1.25,1.27,-0.84,-5.22,-1.26,-0.38
Q96BY7_S379s,Q96BY7,ATG2B,55102,Q96BY7,Homo sapiens,FALSE,Q96BY7_S379s,45.54,TRUE,RYYLRKDsLSVGVSS,0,Q96BY7_S379s,-0.08,0.1,-0.16,-0.34,-0.07,0.02,0.64,0.55,0.33,0.03,0.67,0.9,0.89,0.96,0.92,0.12,0.91,0.98,0.94,0.02,0.74,10,-0.46,0.6,-0.98,-2.16,-0.43,0.13
Q8WWI1-3_S342s,Q8WWI1-3,LMO7,4008,Q8WWI1-3,Homo sapiens,FALSE,Q8WWI1-3_S342s,112.13,TRUE,KHEDNRRsWASPVYT,0,Q8WWI1-3_S342s,0.21,0.28,0.15,0.01,0.08,0.13,0.09,0.04,0.23,0.94,0.54,0.24,0.39,0.68,0.9,0.97,0.85,0.74,0.94,0.01,0.74,5,1.7,2.09,1.21,0.08,0.62,1.18
Q8WZ42-12_T1913t,Q8WZ42-12,TTN,7273,Q8WZ42-12,Homo sapiens,FALSE,Q8WZ42-12_T1913t,50,TRUE,DTGEVKVtAENPEGV,0,Q8WZ42-12_T1913t,0.02,0.16,0.05,-0.15,0.01,0.08,0.89,0.24,0.7,0.25,0.91,0.53,0.97,0.88,0.98,0.48,0.98,0.89,0.94,0.02,0.74,7,0.13,1.18,0.39,-1.16,0.11,0.62
P12882_S1480s,P12882,MYH1,4619,P12882,Homo sapiens,FALSE,P12882_S1480s,65.93,TRUE,ASQKESRsLSTELFK,0,P12882_S1480s,-0.16,-0.14,-0.17,-0.3,-0.18,-0.13,0.29,0.38,0.22,0.03,0.24,0.31,0.67,0.92,0.9,0.11,0.66,0.79,0.94,0.01,0.74,2,-1.06,-0.89,-1.24,-2.18,-1.17,-1.02
Q8WZ42-12_S30839s,Q8WZ42-12,TTN,7273,Q8WZ42-12,Homo sapiens,FALSE,Q8WZ42-12_S30839s,68.88,TRUE,DTSKTTVsLEWSKPV,0,Q8WZ42-12_S30839s,-0.07,-0.09,-0.1,-0.14,-0.11,-0.07,0.31,0.26,0.15,0.05,0.12,0.32,0.69,0.89,0.87,0.16,0.51,0.8,0.94,0.04,0.74,18,-1.02,-1.13,-1.43,-2,-1.55,-0.99
P46100_S1348sS1352s,P46100,ATRX,546,"P46100,P46100-4",Homo sapiens,FALSE,P46100_S1348sS1352s,116.96,TRUE,LRHKLTVsDGESGEE|LTVSDGEsGEEKKTK,0,P46100_S1348sS1352s,-0.03,0.01,-0.07,-0.21,-0.08,-0.07,0.64,0.89,0.37,0.01,0.41,0.36,0.89,0.99,0.93,0.04,0.79,0.82,0.94,0.03,0.74,14,-0.47,0.14,-0.9,-2.69,-0.83,-0.91
P35609_T57t,P35609,ACTN2,88,P35609,Homo sapiens,FALSE,P35609_T57t,1000,TRUE,SHLRKAGtQIENIEE,0,P35609_T57t,0.06,0.06,0,-0.11,0.01,0.01,0.52,0.54,0.96,0.24,0.94,0.87,0.84,0.95,1,0.47,0.98,0.98,0.94,0.04,0.74,19,0.64,0.62,-0.05,-1.18,0.08,0.17
Q9H2L5_S141s,Q9H2L5,RASSF4,83937,"Q9H2L5,Q9H2L5-2,Q9H2L5-3",Homo sapiens,FALSE,Q9H2L5_S141s,96.21,TRUE,PQLMRTKsDASCMSQ,0,Q9H2L5_S141s,0.14,0.11,-0.02,-0.22,-0.09,0.03,0.44,0.56,0.9,0.22,0.63,0.87,0.79,0.96,0.99,0.45,0.9,0.98,0.94,0.03,0.74,12,0.78,0.58,-0.12,-1.22,-0.47,0.16
P00390_S152s,P00390,GSR,2936,"P00390,P00390-2",Homo sapiens,FALSE,P00390_S152s,36.61,TRUE,EKRDAYVsRLNAIYQ,0,P00390_S152s,0.01,0.07,0.02,-0.05,-0.01,0.03,0.94,0.48,0.84,0.58,0.91,0.76,0.98,0.94,0.99,0.77,0.98,0.95,0.94,0.01,0.74,5,0.07,0.71,0.2,-0.55,-0.11,0.3
Q8WZ42-12_Y1628y,Q8WZ42-12,TTN,7273,Q8WZ42-12,Homo sapiens,FALSE,Q8WZ42-12_Y1628y,41.36,TRUE,VSQDSAWyTATAINK,0,Q8WZ42-12_Y1628y,0.04,0.05,0,-0.2,-0.1,-0.01,0.69,0.69,0.99,0.04,0.43,0.89,0.9,0.97,1,0.15,0.8,0.98,0.94,0.02,0.74,10,0.4,0.4,0.01,-2.02,-0.79,-0.14
Q8WZ42-12_S17677s,Q8WZ42-12,TTN,7273,Q8WZ42-12,Homo sapiens,FALSE,Q8WZ42-12_S17677s,114.25,TRUE,PAVELDVsVKGGIQI,0,Q8WZ42-12_S17677s,-0.04,0.09,-0.05,-0.22,-0.06,-0.04,0.63,0.36,0.58,0.02,0.55,0.63,0.88,0.92,0.97,0.07,0.85,0.92,0.94,0,0.74,0,-0.48,0.91,-0.55,-2.42,-0.61,-0.48
Q9UEE9_S250s,Q9UEE9,CFDP1,10428,Q9UEE9,Homo sapiens,FALSE,Q9UEE9_S250s,1000,TRUE,KSKLDWEsFKEEEGI,0,Q9UEE9_S250s,-0.02,0.07,0.01,-0.13,-0.04,0.04,0.85,0.55,0.91,0.19,0.72,0.72,0.96,0.96,0.99,0.4,0.93,0.94,0.94,0.02,0.74,11,-0.19,0.6,0.12,-1.32,-0.36,0.36
P15121_S215s,P15121,AKR1B1,231,P15121,Homo sapiens,FALSE,P15121_S215s,33.27,TRUE,TAYSPLGsPDRPWAK,0,P15121_S215s,0.01,0,-0.05,-0.13,-0.04,-0.03,0.94,0.98,0.45,0.06,0.58,0.69,0.98,1,0.95,0.19,0.88,0.93,0.94,0.04,0.74,18,0.07,-0.02,-0.75,-1.9,-0.55,-0.4
Q8WZ42-12_T7539t,Q8WZ42-12,TTN,7273,Q8WZ42-12,Homo sapiens,FALSE,Q8WZ42-12_T7539t,128.73,TRUE,ADFECHVtGAQPMRI,0,Q8WZ42-12_T7539t,-0.23,-0.07,-0.19,-0.38,-0.19,-0.1,0.19,0.69,0.21,0.02,0.23,0.49,0.57,0.97,0.89,0.07,0.65,0.88,0.94,0.04,0.74,17,-1.31,-0.4,-1.26,-2.42,-1.2,-0.7
P06744_T214t,P06744,GPI,2821,P06744,Homo sapiens,FALSE,P06744_T214t,26.98,TRUE,IIASKTFtTQETITN,0,P06744_T214t,0.11,0.15,-0.01,-0.07,-0.03,0.08,0.32,0.23,0.95,0.52,0.8,0.4,0.7,0.88,0.99,0.73,0.95,0.84,0.94,0.01,0.74,3,1,1.2,-0.07,-0.64,-0.25,0.85
P11217-2_Y500y,P11217-2,PYGM,5837,P11217-2,Homo sapiens,FALSE,P11217-2_Y500y,42.68,TRUE,CLHVITLyNRIKREP,0,P11217-2_Y500y,0,-0.01,-0.1,-0.17,-0.12,-0.06,0.98,0.95,0.43,0.13,0.35,0.6,0.99,1,0.95,0.32,0.75,0.91,0.94,0.03,0.74,14,0.03,-0.06,-0.78,-1.51,-0.94,-0.52
P35573_T71t,P35573,AGL,178,P35573,Homo sapiens,FALSE,P35573_T71t,38.56,TRUE,SLDWENPtEREDDSD,0,P35573_T71t,0.04,0.09,0.06,-0.09,-0.01,0.08,0.62,0.32,0.5,0.27,0.94,0.29,0.88,0.91,0.96,0.5,0.99,0.78,0.94,0.02,0.74,9,0.49,0.99,0.68,-1.11,-0.07,1.07
Q96HA1_S184sS188s,Q96HA1,POM121,9883,Q96HA1,Homo sapiens,FALSE,Q96HA1_S184sS188s,32.7,TRUE,PRSPPPRsPPPSPPT|PPRSPPPsPPTHRAH,0,Q96HA1_S184sS188s,-0.03,0.01,-0.06,-0.17,-0.09,-0.07,0.73,0.95,0.49,0.07,0.35,0.39,0.92,1,0.96,0.22,0.75,0.83,0.94,0.01,0.74,6,-0.35,0.06,-0.69,-1.8,-0.94,-0.86
Q70EL1_S671s,Q70EL1,USP54,159195,"Q70EL1,Q70EL1-7",Homo sapiens,FALSE,Q70EL1_S671s,32.01,TRUE,SSERNSSsPVSLDAA,0,Q70EL1_S671s,-0.11,0.09,-0.09,-0.42,-0.1,0.02,0.42,0.59,0.5,0,0.54,0.86,0.78,0.97,0.96,0.01,0.85,0.97,0.94,0.04,0.74,17,-0.81,0.54,-0.67,-3.16,-0.62,0.18
P07910-2_S240sS247s,P07910-2,HNRNPC,3183,P07910-2,Homo sapiens,FALSE,P07910-2_S240sS247s,1000,TRUE,ETNVKMEsEGGADDS|SEGGADDsAEEGDLL,0,P07910-2_S240sS247s,-0.32,0.74,-0.38,-1.34,-0.82,-0.31,0.48,0.17,0.39,0,0.13,0.48,0.82,0.85,0.94,0.02,0.51,0.87,0.94,0,0.74,1,-0.7,1.39,-0.86,-2.92,-1.53,-0.71
Q8WZ42-12_T6324t,Q8WZ42-12,TTN,7273,Q8WZ42-12,Homo sapiens,FALSE,Q8WZ42-12_T6324t,39.72,TRUE,GSPPISItWLKDDQI,0,Q8WZ42-12_T6324t,0.04,0.16,-0.02,-0.11,0,0.02,0.73,0.14,0.87,0.3,0.98,0.81,0.92,0.83,0.99,0.54,0.99,0.96,0.93,0.01,0.74,5,0.35,1.46,-0.16,-1.03,-0.03,0.24
P61981_Y133y,P61981,YWHAG,7532,P61981,Homo sapiens,FALSE,P61981_Y133y,276.12,TRUE,MKGDYYRyLAEVATG,0,P61981_Y133y,0.01,0.03,0,-0.15,-0.07,-0.01,0.9,0.7,0.95,0.05,0.37,0.86,0.97,0.97,0.99,0.16,0.77,0.97,0.93,0.02,0.74,7,0.13,0.38,0.07,-1.97,-0.9,-0.18
A4UGR9_S2582s,A4UGR9,XIRP2,129446,"A4UGR9,A4UGR9-2,A4UGR9-8",Homo sapiens,FALSE,A4UGR9_S2582s,39.72,TRUE,KTKKTEAsTECSHKQ,0,A4UGR9_S2582s,0.41,0.68,0.46,-0.26,0.23,0.62,0.18,0.03,0.1,0.37,0.45,0.02,0.55,0.65,0.84,0.6,0.81,0.35,0.93,0.03,0.74,12,1.35,2.18,1.65,-0.9,0.76,2.33
Q9GZV1-2_S316s,Q9GZV1-2,ANKRD2,26287,Q9GZV1-2,Homo sapiens,FALSE,Q9GZV1-2_S316s,1000,TRUE,GLEGPNDsGRETPQP,0,Q9GZV1-2_S316s,-0.17,-0.12,-0.24,-0.54,-0.45,-0.27,0.18,0.4,0.04,0,0,0.02,0.55,0.93,0.74,0,0.02,0.32,0.93,0.01,0.74,5,-1.34,-0.84,-2.06,-4.52,-3.31,-2.42
P13807_S718s,P13807,GYS1,2997,"P13807,P13807-2",Homo sapiens,FALSE,P13807_S718s,20,TRUE,VDTATSSsLSTPSEP,0,P13807_S718s,-0.15,0.02,-0.1,-0.4,-0.23,-0.13,0.18,0.88,0.34,0,0.06,0.2,0.55,0.99,0.93,0,0.37,0.71,0.93,0.02,0.74,10,-1.35,0.15,-0.96,-3.53,-1.88,-1.27
Q93008_S2443s,Q93008,USP9X,8239,"Q93008,Q93008-3",Homo sapiens,FALSE,Q93008_S2443s,49.87,TRUE,QYTYNNWsPPVQSNE,0,Q93008_S2443s,0.08,0.08,-0.04,-0.12,0.01,0.05,0.49,0.53,0.73,0.27,0.93,0.64,0.82,0.95,0.98,0.5,0.98,0.92,0.93,0.03,0.74,16,0.69,0.63,-0.35,-1.1,0.09,0.46
Q9H987_T141tS143s,Q9H987,SYNPO2L,79933,Q9H987,Homo sapiens,FALSE,Q9H987_T141tS143s,114.96,TRUE,SEAYYGEtDSDADGP|AYYGETDsDADGPAT,0,Q9H987_T141tS143s,-0.13,-0.03,-0.08,-0.46,-0.2,-0.05,0.11,0.69,0.31,0,0.01,0.5,0.44,0.97,0.92,0,0.16,0.88,0.93,0.03,0.74,15,-1.61,-0.4,-1.01,-5.77,-2.46,-0.68
Q8WZ42-12_S31322s,Q8WZ42-12,TTN,7273,Q8WZ42-12,Homo sapiens,FALSE,Q8WZ42-12_S31322s,47.28,TRUE,PIEVSSVsAESCVLS,0,Q8WZ42-12_S31322s,0.03,0.14,0.05,-0.12,0.03,0.05,0.79,0.19,0.61,0.23,0.78,0.6,0.94,0.86,0.97,0.45,0.94,0.91,0.93,0.02,0.74,7,0.27,1.33,0.51,-1.21,0.27,0.52
Q8WZ42-6_S3725s,Q8WZ42-6,TTN,7273,Q8WZ42-6,Homo sapiens,FALSE,Q8WZ42-6_S3725s,38.26,TRUE,LSLLDTSsEISSRTL,0,Q8WZ42-6_S3725s,-0.12,-0.01,-0.19,-0.38,-0.15,0.02,0.43,0.95,0.18,0.01,0.32,0.88,0.79,1,0.88,0.05,0.73,0.98,0.93,0.03,0.74,14,-0.79,-0.06,-1.34,-2.55,-1,0.15
Q9UDY2_T462t,Q9UDY2,TJP2,9414,"Q9UDY2,Q9UDY2-3,Q9UDY2-7",Homo sapiens,FALSE,Q9UDY2_T462t,22.22,TRUE,TPTPFKStGDIAGTV,0,Q9UDY2_T462t,-0.23,0.04,-0.12,-0.55,-0.32,-0.1,0.12,0.77,0.37,0,0.05,0.45,0.47,0.98,0.93,0,0.33,0.86,0.93,0.01,0.74,5,-1.54,0.29,-0.9,-3.5,-1.98,-0.76
P17174_T140t,P17174,GOT1,2805,P17174,Homo sapiens,FALSE,P17174_T140t,36.24,TRUE,PVYVSSPtWENHNAV,0,P17174_T140t,0.03,0.07,-0.02,-0.13,0,-0.01,0.67,0.36,0.78,0.07,0.99,0.86,0.89,0.92,0.99,0.2,1,0.97,0.93,0.03,0.74,14,0.43,0.92,-0.28,-1.84,0.01,-0.18
Q641Q2_S1180s,Q641Q2,WASHC2A,387680,"Q641Q2,Q641Q2-2",Homo sapiens,FALSE,Q641Q2_S1180s,42.69,TRUE,PALGEASsDDDLFQS,0,Q641Q2_S1180s,-0.07,-0.03,-0.04,-0.23,-0.12,-0.04,0.29,0.69,0.48,0,0.07,0.51,0.67,0.97,0.95,0,0.39,0.88,0.93,0.04,0.74,17,-1.07,-0.39,-0.7,-3.86,-1.82,-0.67
Q5VST9-6_S5549s,Q5VST9-6,OBSCN,84033,Q5VST9-6,Homo sapiens,FALSE,Q5VST9-6_S5549s,126.11,TRUE,SDEELFLsADEGPAE,0,Q5VST9-6_S5549s,0.04,0.15,0,-0.17,-0.13,0.04,0.68,0.14,0.98,0.09,0.17,0.69,0.9,0.82,1,0.25,0.57,0.93,0.93,0.01,0.74,3,0.42,1.47,-0.02,-1.7,-1.38,0.4
Q15365_S273s,Q15365,PCBP1,5093,Q15365,Homo sapiens,FALSE,Q15365_S273s,22.02,TRUE,EVKGYWAsLDASTQT,0,Q15365_S273s,0.18,0.29,0.18,-0.23,0.12,0.14,0.28,0.09,0.27,0.18,0.48,0.36,0.67,0.78,0.9,0.39,0.82,0.83,0.93,0.01,0.74,4,1.07,1.68,1.11,-1.34,0.71,0.91
Q09666_S5851s,Q09666,AHNAK,79026,Q09666,Homo sapiens,FALSE,Q09666_S5851s,112.13,TRUE,ETGKLQGsGVSLASK,0,Q09666_S5851s,-0.09,-0.03,-0.09,-0.41,-0.19,0.04,0.42,0.82,0.37,0,0.1,0.68,0.78,0.99,0.93,0,0.47,0.93,0.93,0.03,0.74,13,-0.8,-0.23,-0.9,-3.83,-1.63,0.42
Q15678_S809s,Q15678,PTPN14,5784,Q15678,Homo sapiens,FALSE,Q15678_S809s,51.63,TRUE,ASLGPSIsEPDLTSV,0,Q15678_S809s,0.06,0.03,-0.06,-0.21,-0.06,-0.02,0.44,0.74,0.43,0,0.47,0.77,0.79,0.98,0.94,0.02,0.82,0.95,0.93,0.04,0.74,19,0.77,0.33,-0.79,-2.9,-0.73,-0.3
Q5SW79_S1162sS1165s,Q5SW79,CEP170,9859,Q5SW79,Homo sapiens,FALSE,Q5SW79_S1162sS1165s,65.98,TRUE,RTRLGSLsARSDSEA|LGSLSARsDSEATIS,0,Q5SW79_S1162sS1165s,-0.01,0.01,-0.03,-0.57,-0.2,0.07,0.97,0.96,0.79,0,0.19,0.59,0.99,1,0.99,0,0.6,0.91,0.93,0.03,0.74,14,-0.04,0.05,-0.27,-3.93,-1.32,0.54
Q9UMS6-2_S1064s,Q9UMS6-2,SYNPO2,171024,"Q9UMS6-2,Q9UMS6-4",Homo sapiens,FALSE,Q9UMS6-2_S1064s,34.2,TRUE,PKQESASsSYFVAPR,0,Q9UMS6-2_S1064s,0.01,0.19,0.01,-0.15,-0.08,0.14,0.9,0.14,0.94,0.16,0.51,0.19,0.97,0.82,0.99,0.36,0.84,0.7,0.93,0,0.74,0,0.13,1.48,0.08,-1.41,-0.66,1.31
P35609_S596s,P35609,ACTN2,88,P35609,Homo sapiens,FALSE,P35609_S596s,47.96,TRUE,YNIRISSsNPYSTVT,0,P35609_S596s,0,0.06,0.01,-0.1,-0.01,0.06,0.99,0.47,0.9,0.17,0.95,0.41,1,0.94,0.99,0.38,0.99,0.85,0.93,0.04,0.74,18,-0.01,0.72,0.13,-1.38,-0.07,0.82
Q9H4A3-7_S174s,Q9H4A3-7,WNK1,65125,Q9H4A3-7,Homo sapiens,FALSE,Q9H4A3-7_S174s,49.03,TRUE,SQPSLVGsKEEPPPA,0,Q9H4A3-7_S174s,-0.06,0.05,-0.02,-0.18,-0.09,-0.04,0.65,0.68,0.87,0.11,0.43,0.76,0.89,0.97,0.99,0.29,0.8,0.95,0.93,0.02,0.74,9,-0.45,0.42,-0.16,-1.59,-0.79,-0.31
Q6PKG0_S627sY633y,Q6PKG0,LARP1,23367,Q6PKG0,Homo sapiens,FALSE,Q6PKG0_S627sY633y,43.6,TRUE,KNTFTAWsDEESDYE|WSDEESDyEIDDRDV,0,Q6PKG0_S627sY633y,-0.26,-0.11,-0.38,-0.49,-0.35,-0.12,0.09,0.48,0.01,0,0.02,0.33,0.39,0.94,0.55,0,0.21,0.81,0.93,0.01,0.74,2,-1.7,-0.7,-2.79,-3.43,-2.32,-0.97
P20929-2_S1210s,P20929-2,NEB,4703,P20929-2,Homo sapiens,FALSE,P20929-2_S1210s,1000,TRUE,IGWIPIGsLDVEKVK,0,P20929-2_S1210s,0.23,0.27,0.2,0.01,0.19,0.26,0.24,0.22,0.29,0.97,0.37,0.16,0.62,0.88,0.91,0.99,0.77,0.67,0.93,0.03,0.74,12,1.18,1.21,1.05,0.04,0.89,1.41
Q6GQQ9_S464sS467s,Q6GQQ9,OTUD7B,56957,"Q6GQQ9,Q6GQQ9-2",Homo sapiens,FALSE,Q6GQQ9_S464sS467s,45.54,TRUE,EPRSTPEsGDSDKES|STPESGDsDKESVGS,0,Q6GQQ9_S464sS467s,-0.03,0.01,-0.02,-0.16,-0.1,-0.03,0.71,0.92,0.81,0.03,0.19,0.62,0.91,1,0.99,0.12,0.6,0.92,0.93,0.01,0.74,3,-0.37,0.1,-0.24,-2.14,-1.32,-0.49
Q9UMS6-2_T626t,Q9UMS6-2,SYNPO2,171024,"Q9UMS6-2,Q9UMS6-4",Homo sapiens,FALSE,Q9UMS6-2_T626t,64.73,TRUE,PPPYSAVtPPPDAFS,0,Q9UMS6-2_T626t,-0.06,0.02,-0.09,-0.64,-0.11,-0.01,0.46,0.77,0.24,0,0.19,0.89,0.81,0.98,0.9,0,0.61,0.98,0.93,0.01,0.74,2,-0.74,0.29,-1.17,-7.7,-1.3,-0.14
P07237_S273s,P07237,P4HB,5034,P07237,Homo sapiens,FALSE,P07237_S273s,63.38,TRUE,SDYDGKLsNFKTAAE,0,P07237_S273s,0.01,0.15,0.03,-0.13,-0.05,0.02,0.84,0.05,0.66,0.07,0.46,0.77,0.96,0.7,0.97,0.21,0.82,0.95,0.93,0.01,0.74,4,0.2,1.99,0.44,-1.83,-0.73,0.29
Q9Y608_S263s,Q9Y608,LRRFIP2,9209,Q9Y608,Homo sapiens,FALSE,Q9Y608_S263s,88.81,TRUE,GRRESVVsAADYFSR,0,Q9Y608_S263s,0.03,-0.06,-0.14,-0.48,-0.32,-0.08,0.83,0.67,0.25,0,0.02,0.49,0.95,0.97,0.9,0,0.18,0.88,0.93,0.03,0.74,14,0.22,-0.42,-1.16,-3.98,-2.43,-0.69
Q96PU8-3_T237t,Q96PU8-3,QKI,9444,"Q96PU8-3,Q96PU8-5",Homo sapiens,FALSE,Q96PU8-3_T237t,52.22,TRUE,PAALRTPtPAGPTIM,0,Q96PU8-3_T237t,0.1,0.2,0.08,-0.15,-0.02,0.02,0.45,0.13,0.51,0.2,0.87,0.85,0.8,0.82,0.96,0.41,0.97,0.97,0.93,0.01,0.74,6,0.76,1.5,0.66,-1.29,-0.17,0.19
P23109_S333s,P23109,AMPD1,270,"P23109,P23109-2",Homo sapiens,FALSE,P23109_S333s,34.2,TRUE,DADRVVYsTKEKNLT,0,P23109_S333s,0.05,0.12,0.05,-0.18,-0.08,0,0.62,0.32,0.64,0.07,0.45,0.98,0.88,0.91,0.97,0.21,0.81,0.99,0.93,0.02,0.74,7,0.49,0.99,0.47,-1.82,-0.75,0.03
Q8WZ42-12_T24539t,Q8WZ42-12,TTN,7273,Q8WZ42-12,Homo sapiens,FALSE,Q8WZ42-12_T24539t,46.21,TRUE,TKTSVTLtWDPPLLD,0,Q8WZ42-12_T24539t,0.02,0.12,0.06,-0.11,0,0.04,0.79,0.14,0.45,0.14,0.95,0.58,0.94,0.83,0.95,0.33,0.99,0.91,0.93,0.02,0.74,7,0.27,1.46,0.76,-1.47,-0.06,0.56
O60524_S417s,O60524,NEMF,9147,"O60524,O60524-3,O60524-4,O60524-5",Homo sapiens,FALSE,O60524_S417s,80.97,TRUE,LRNPYLLsEEEDDDV,0,O60524_S417s,-0.02,0.09,-0.03,-0.14,0,0.01,0.8,0.29,0.67,0.06,0.97,0.95,0.94,0.9,0.98,0.18,0.99,0.99,0.93,0.03,0.74,14,-0.26,1.06,-0.42,-1.9,-0.03,0.07
Q92538_S662s,Q92538,GBF1,8729,"Q92538,Q92538-3",Homo sapiens,FALSE,Q92538_S662s,58.25,TRUE,EHGKSGCsDLEEAVD,0,Q92538_S662s,-0.12,0.1,-0.07,-0.27,-0.13,-0.02,0.1,0.19,0.29,0,0.08,0.75,0.42,0.86,0.91,0,0.42,0.95,0.93,0.02,0.74,7,-1.65,1.3,-1.05,-3.92,-1.76,-0.32
Q9UJF2-2_S164s,Q9UJF2-2,RASAL2,9462,Q9UJF2-2,Homo sapiens,FALSE,Q9UJF2-2_S164s,74.95,TRUE,ERSPRRRsISGTSTS,0,Q9UJF2-2_S164s,-0.08,0.02,-0.1,-0.22,-0.08,0.02,0.51,0.87,0.4,0.08,0.56,0.89,0.83,0.99,0.94,0.22,0.86,0.98,0.92,0.03,0.74,15,-0.65,0.17,-0.84,-1.78,-0.59,0.14
Q14498_S136s,Q14498,RBM39,9584,"Q14498,Q14498-2",Homo sapiens,FALSE,Q14498_S136s,167.42,TRUE,SPFRKDKsPVREPID,0,Q14498_S136s,0,0.01,-0.04,-0.09,-0.08,-0.03,0.93,0.91,0.3,0.05,0.1,0.48,0.98,1,0.91,0.16,0.47,0.87,0.92,0.01,0.74,3,-0.09,0.11,-1.04,-1.99,-1.65,-0.71
P02671_S534s,P02671,FGA,2243,"P02671,P02671-2",Homo sapiens,FALSE,P02671_S534s,95.39,TRUE,KTFPGFFsPMLGEFV,0,P02671_S534s,0.15,0.29,0.06,-0.19,-0.17,0.17,0.54,0.3,0.78,0.42,0.52,0.45,0.84,0.9,0.99,0.65,0.84,0.86,0.92,0,0.74,0,0.61,1.03,0.28,-0.81,-0.65,0.75
Q9Y237_Y122y,Q9Y237,PIN4,5303,"Q9Y237,Q9Y237-2",Homo sapiens,FALSE,Q9Y237_Y122y,1000,TRUE,PVKTKFGyHIIMVEG,0,Q9Y237_Y122y,0,0.02,-0.05,-0.13,-0.03,0.05,0.97,0.82,0.54,0.09,0.68,0.52,0.99,0.99,0.96,0.25,0.91,0.89,0.92,0.03,0.74,14,-0.04,0.23,-0.62,-1.7,-0.42,0.65
Q8WZ42-12_Y10989y,Q8WZ42-12,TTN,7273,Q8WZ42-12,Homo sapiens,FALSE,Q8WZ42-12_Y10989y,27.4,TRUE,SVQREEEyEEYEEYD,0,Q8WZ42-12_Y10989y,0.06,0.15,0.02,-0.15,0.04,0.01,0.49,0.14,0.82,0.09,0.71,0.91,0.82,0.83,0.99,0.24,0.93,0.98,0.92,0.03,0.74,16,0.69,1.46,0.23,-1.72,0.37,0.11
Q9Y6X9_S615s,Q9Y6X9,MORC2,22880,"Q9Y6X9,Q9Y6X9-2",Homo sapiens,FALSE,Q9Y6X9_S615s,1000,TRUE,RRPQRPRsPPLPAVI,0,Q9Y6X9_S615s,-0.04,-0.03,-0.03,-0.1,-0.06,-0.04,0.56,0.69,0.64,0.17,0.42,0.59,0.85,0.97,0.97,0.38,0.79,0.91,0.92,0.03,0.74,16,-0.58,-0.4,-0.47,-1.37,-0.81,-0.54
O60504-2_S6s,O60504-2,SORBS3,10174,O60504-2,Homo sapiens,FALSE,O60504-2_S6s,1000,TRUE,#NAME?,0,O60504-2_S6s,-0.13,-0.1,-0.19,-0.41,-0.15,-0.09,0.17,0.33,0.05,0,0.15,0.3,0.54,0.91,0.77,0,0.55,0.79,0.92,0.03,0.74,15,-1.36,-0.97,-1.99,-4.22,-1.44,-1.04
Q8WZ42-12_T13403t,Q8WZ42-12,TTN,7273,Q8WZ42-12,Homo sapiens,FALSE,Q8WZ42-12_T13403t,1000,TRUE,ITIGRKEtPPVEERE,0,Q8WZ42-12_T13403t,0.02,0.15,-0.01,-0.32,-0.02,-0.04,0.85,0.31,0.96,0.01,0.91,0.76,0.96,0.9,1,0.06,0.98,0.95,0.92,0.03,0.74,15,0.19,1.02,-0.05,-2.46,-0.12,-0.31
Q9H987_T913t,Q9H987,SYNPO2L,79933,Q9H987,Homo sapiens,FALSE,Q9H987_T913t,26.98,TRUE,VLAPRAAtTLDEPIW,0,Q9H987_T913t,-0.02,0.14,0.04,-0.39,-0.05,0.04,0.83,0.29,0.72,0,0.7,0.68,0.95,0.9,0.98,0,0.92,0.93,0.92,0.02,0.74,7,-0.21,1.05,0.36,-3.44,-0.38,0.41
Q8WZ42-12_Y31484y,Q8WZ42-12,TTN,7273,Q8WZ42-12,Homo sapiens,FALSE,Q8WZ42-12_Y31484y,60,TRUE,LEYQFRTyALNAAGV,0,Q8WZ42-12_Y31484y,-0.04,-0.02,-0.03,-0.13,-0.1,-0.03,0.59,0.77,0.67,0.05,0.2,0.69,0.87,0.98,0.98,0.17,0.61,0.93,0.92,0.02,0.74,8,-0.53,-0.3,-0.42,-1.94,-1.28,-0.4
Q6PKG0_S627sS631s,Q6PKG0,LARP1,23367,Q6PKG0,Homo sapiens,FALSE,Q6PKG0_S627sS631s,70.69,TRUE,KNTFTAWsDEESDYE|TAWSDEEsDYEIDDR,0,Q6PKG0_S627sS631s,0,0.17,0.06,-0.31,-0.09,-0.01,0.98,0.43,0.75,0.05,0.66,0.96,1,0.93,0.98,0.18,0.91,0.99,0.92,0.02,0.74,9,-0.02,0.78,0.32,-1.93,-0.44,-0.05
Q09666_S3326s,Q09666,AHNAK,79026,Q09666,Homo sapiens,FALSE,Q09666_S3326s,104.02,TRUE,EGDIKAPsLDIKGPE,0,Q09666_S3326s,0.11,0.06,-0.04,-0.36,-0.02,0.09,0.6,0.79,0.84,0.08,0.92,0.64,0.87,0.99,0.99,0.24,0.98,0.92,0.92,0.05,0.74,23,0.53,0.27,-0.2,-1.74,-0.09,0.47
Q13976_Y247y,Q13976,PRKG1,5592,Q13976,Homo sapiens,FALSE,Q13976_Y247y,73.42,TRUE,THYENGEyIIRQGAR,0,Q13976_Y247y,0.14,0.17,0.08,0.02,0.08,0.1,0.16,0.2,0.44,0.87,0.48,0.36,0.52,0.86,0.95,0.94,0.83,0.82,0.92,0.03,0.74,15,1.41,1.28,0.78,0.17,0.71,0.92
Q8WZ42-12_Y25807y,Q8WZ42-12,TTN,7273,Q8WZ42-12,Homo sapiens,FALSE,Q8WZ42-12_Y25807y,19.22,TRUE,VKPAFSSySVQVGQD,0,Q8WZ42-12_Y25807y,0.02,0.08,0.01,-0.05,-0.03,0.06,0.82,0.32,0.87,0.48,0.7,0.38,0.95,0.9,0.99,0.7,0.92,0.83,0.92,0.01,0.74,2,0.22,1,0.16,-0.71,-0.38,0.88
Q13424_T205t,Q13424,SNTA1,6640,Q13424,Homo sapiens,FALSE,Q13424_T205t,45.54,TRUE,QPSSPGPtPRNFSEA,0,Q13424_T205t,-0.12,0.1,-0.02,-0.77,-0.4,-0.14,0.47,0.6,0.91,0,0.02,0.35,0.81,0.97,0.99,0,0.2,0.82,0.92,0.03,0.74,13,-0.72,0.52,-0.11,-5,-2.35,-0.93
Q96N67-2_S182s,Q96N67-2,DOCK7,85440,"Q96N67-2,Q96N67-6",Homo sapiens,FALSE,Q96N67-2_S182s,72.53,TRUE,DLKRRSMsIDDTPRG,0,Q96N67-2_S182s,-0.02,0.04,0,-0.19,-0.14,-0.01,0.79,0.72,1,0.03,0.18,0.9,0.94,0.98,1,0.13,0.59,0.98,0.92,0.01,0.74,4,-0.27,0.36,0,-2.12,-1.34,-0.12
O00571_S605s,O00571,DDX3X,1654,O00571,Homo sapiens,FALSE,O00571_S605s,26.98,TRUE,GARDYRQsSGASSSS,0,O00571_S605s,-0.05,0.04,-0.05,-0.18,-0.14,-0.07,0.82,0.88,0.79,0.38,0.53,0.71,0.95,0.99,0.99,0.61,0.85,0.94,0.92,0.01,0.74,4,-0.22,0.15,-0.27,-0.88,-0.62,-0.38
Q8WZ42-12_S837s,Q8WZ42-12,TTN,7273,Q8WZ42-12,Homo sapiens,FALSE,Q8WZ42-12_S837s,97.62,TRUE,YEASIAGsAIATLQK,0,Q8WZ42-12_S837s,-0.08,0.01,-0.03,-0.47,-0.14,-0.02,0.33,0.94,0.67,0,0.11,0.8,0.71,1,0.97,0,0.48,0.96,0.92,0.04,0.74,17,-0.97,0.07,-0.43,-5.62,-1.62,-0.25
P07237_S168s,P07237,P4HB,5034,P07237,Homo sapiens,FALSE,P07237_S168s,67.34,TRUE,FKDVESDsAKQFLQA,0,P07237_S168s,-0.12,-0.09,-0.18,-0.29,-0.34,-0.13,0.42,0.64,0.22,0.07,0.08,0.37,0.78,0.97,0.9,0.21,0.42,0.83,0.92,0.01,0.74,3,-0.81,-0.46,-1.22,-1.82,-1.76,-0.9
P49023_S303s,P49023,PXN,5829,P49023,Homo sapiens,FALSE,P49023_S303s,26.98,TRUE,PRDGGRSsPGGQDEG,0,P49023_S303s,-0.07,-0.01,-0.06,-0.12,-0.08,-0.02,0.24,0.9,0.31,0.05,0.21,0.67,0.62,1,0.92,0.16,0.63,0.93,0.92,0.01,0.74,5,-1.18,-0.13,-1.01,-1.97,-1.24,-0.42
D6RIA3_S1369s,D6RIA3,C4orf54,285556,D6RIA3,Homo sapiens,FALSE,D6RIA3_S1369s,46.21,TRUE,LARERPRsLYIPPVH,0,D6RIA3_S1369s,-0.03,0.02,-0.1,-0.75,-0.51,-0.18,0.84,0.91,0.43,0,0,0.16,0.96,1,0.94,0,0.01,0.67,0.92,0.02,0.74,7,-0.2,0.11,-0.79,-5.54,-3.66,-1.4
Q8WZ42-12_S33040s,Q8WZ42-12,TTN,7273,Q8WZ42-12,Homo sapiens,FALSE,Q8WZ42-12_S33040s,66.6,TRUE,YWVEYRQsGDSAWKK,0,Q8WZ42-12_S33040s,0.07,0.18,0.09,-0.08,0.09,0.08,0.34,0.03,0.26,0.31,0.28,0.28,0.72,0.67,0.9,0.54,0.69,0.77,0.92,0.04,0.74,17,0.96,2.14,1.14,-1.02,1.08,1.09
Q13442_S60sS63s,Q13442,PDAP1,11333,Q13442,Homo sapiens,FALSE,Q13442_S60sS63s,129.43,TRUE,KEKKSLDsDESEDEE|KSLDSDEsEDEEDDY,0,Q13442_S60sS63s,-0.11,-0.03,-0.14,-0.4,-0.38,-0.03,0.51,0.88,0.41,0.02,0.04,0.85,0.83,0.99,0.94,0.08,0.31,0.97,0.92,0.01,0.74,2,-0.66,-0.15,-0.83,-2.37,-2.03,-0.19
Q9NWB6_S77s,Q9NWB6,ARGLU1,55082,"Q9NWB6,Q9NWB6-2",Homo sapiens,FALSE,Q9NWB6_S77s,35.35,TRUE,RDRERASsPPDRIDI,0,Q9NWB6_S77s,-0.03,-0.02,-0.06,-0.12,-0.11,-0.04,0.62,0.77,0.31,0.05,0.07,0.47,0.88,0.98,0.92,0.17,0.39,0.87,0.92,0,0.74,1,-0.5,-0.29,-1.01,-1.95,-1.82,-0.73
P00338_S310s,P00338,LDHA,3939,"P00338,P00338-3",Homo sapiens,FALSE,P00338_S310s,34.2,TRUE,LVKVTLTsEEEARLK,0,P00338_S310s,0.04,0.05,0.03,-0.04,-0.02,0.03,0.61,0.53,0.63,0.53,0.8,0.6,0.88,0.95,0.97,0.73,0.95,0.91,0.92,0.01,0.74,2,0.51,0.63,0.49,-0.63,-0.25,0.52
Q07912_Y284y,Q07912,TNK2,10188,Q07912,Homo sapiens,FALSE,Q07912_Y284y,1000,TRUE,LPQNDDHyVMQEHRK,0,Q07912_Y284y,-0.04,-0.07,-0.15,-0.23,-0.17,-0.07,0.74,0.55,0.13,0.03,0.13,0.5,0.92,0.96,0.86,0.12,0.52,0.88,0.92,0.03,0.74,14,-0.33,-0.6,-1.5,-2.13,-1.51,-0.68
P06732_Y20y,P06732,CKM,1158,P06732,Homo sapiens,FALSE,P06732_Y20y,118.37,TRUE,NYKPEEEyPDLSKHN,0,P06732_Y20y,0.01,0.1,0.03,-0.14,0,0,0.89,0.13,0.64,0.02,0.94,0.99,0.97,0.82,0.97,0.07,0.99,1,0.92,0.03,0.74,12,0.14,1.51,0.47,-2.42,-0.07,0.01
P02671_S451s,P02671,FGA,2243,"P02671,P02671-2",Homo sapiens,FALSE,P02671_S451s,23.98,TRUE,TGKEKVTsGSTTTTR,0,P02671_S451s,-0.04,0.21,-0.23,-0.47,-0.44,-0.09,0.89,0.5,0.47,0.12,0.16,0.76,0.97,0.95,0.95,0.3,0.56,0.95,0.92,0,0.74,1,-0.14,0.68,-0.72,-1.57,-1.42,-0.31
Q9UBY9_S7s,Q9UBY9,HSPB7,27129,Q9UBY9,Homo sapiens,FALSE,Q9UBY9_S7s,23.98,TRUE,#NAME?,0,Q9UBY9_S7s,0.13,0.05,0.01,-0.5,-0.22,0.12,0.52,0.82,0.98,0.01,0.28,0.55,0.84,0.99,1,0.07,0.69,0.9,0.92,0.03,0.74,16,0.64,0.23,0.03,-2.44,-1.08,0.59
Q8WZ42-12_S6166s,Q8WZ42-12,TTN,7273,Q8WZ42-12,Homo sapiens,FALSE,Q8WZ42-12_S6166s,40.9,TRUE,GLATFQIsGARVENS,0,Q8WZ42-12_S6166s,-0.1,0.17,-0.13,-0.31,-0.12,-0.02,0.46,0.25,0.37,0.04,0.4,0.87,0.81,0.88,0.93,0.14,0.78,0.98,0.92,0.01,0.74,2,-0.74,1.15,-0.9,-2.06,-0.84,-0.17
Q9UQ35_S2407sT2409t,Q9UQ35,SRRM2,23524,Q9UQ35,Homo sapiens,FALSE,Q9UQ35_S2407sT2409t,74.05,TRUE,PLLDRARsRTPPSAP|LDRARSRtPPSAPSQ,0,Q9UQ35_S2407sT2409t,0.03,0.15,-0.03,-0.24,0.03,-0.01,0.71,0.14,0.73,0.01,0.78,0.88,0.91,0.83,0.98,0.05,0.94,0.98,0.91,0.04,0.74,20,0.37,1.46,-0.34,-2.61,0.28,-0.15
Q8WZ42-12_S31438s,Q8WZ42-12,TTN,7273,Q8WZ42-12,Homo sapiens,FALSE,Q8WZ42-12_S31438s,109.82,TRUE,EPYHDGGsKIIGYWV,0,Q8WZ42-12_S31438s,0.19,0.18,0.09,0.03,0.13,0.12,0.14,0.1,0.42,0.8,0.23,0.25,0.49,0.79,0.94,0.91,0.65,0.75,0.91,0.04,0.74,19,1.49,1.65,0.81,0.25,1.21,1.14
P20929-2_S7564s,P20929-2,NEB,4703,P20929-2,Homo sapiens,FALSE,P20929-2_S7564s,25.23,TRUE,LNTSQLAsSYQYKKK,0,P20929-2_S7564s,-0.05,0.04,-0.13,-0.37,-0.04,-0.05,0.7,0.78,0.25,0.01,0.76,0.67,0.91,0.98,0.9,0.03,0.94,0.93,0.91,0.04,0.74,19,-0.38,0.28,-1.14,-2.78,-0.3,-0.43
Q14693-7_T648t,Q14693-7,LPIN1,23175,Q14693-7,Homo sapiens,FALSE,Q14693-7_T648t,20.46,TRUE,SWRGRNTtIKEESKP,0,Q14693-7_T648t,0.03,0.23,0.06,-0.09,0.05,0.08,0.85,0.23,0.72,0.55,0.79,0.6,0.96,0.88,0.98,0.75,0.95,0.91,0.91,0.03,0.74,15,0.19,1.21,0.36,-0.6,0.26,0.53
Q53GG5_S273s,Q53GG5,PDLIM3,27295,Q53GG5,Homo sapiens,FALSE,Q53GG5_S273s,115.09,TRUE,DRPAGTRsVRAPVTK,0,Q53GG5_S273s,0.12,0.37,0.04,-0.36,0.21,0.26,0.56,0.11,0.84,0.09,0.35,0.21,0.85,0.8,0.99,0.24,0.75,0.72,0.91,0.05,0.74,22,0.58,1.58,0.2,-1.72,0.93,1.26
Q9UQ35_S1541s,Q9UQ35,SRRM2,23524,Q9UQ35,Homo sapiens,FALSE,Q9UQ35_S1541s,23,TRUE,GQRSRSGsSQELDVK,0,Q9UQ35_S1541s,-0.02,0.02,0,-0.19,-0.05,0.01,0.83,0.88,0.99,0.06,0.69,0.89,0.95,0.99,1,0.19,0.92,0.98,0.91,0.04,0.74,17,-0.21,0.16,-0.01,-1.9,-0.41,0.14
Q8WZ42-6_S3737s,Q8WZ42-6,TTN,7273,Q8WZ42-6,Homo sapiens,FALSE,Q8WZ42-6_S3737s,44.64,TRUE,RTLRSEAsDKDILFS,0,Q8WZ42-6_S3737s,0.05,-0.05,-0.07,-0.69,-0.34,-0.08,0.7,0.72,0.52,0,0.01,0.47,0.91,0.98,0.96,0,0.11,0.87,0.91,0.03,0.74,12,0.39,-0.35,-0.64,-5.81,-2.67,-0.73
P06732_S164s,P06732,CKM,1158,P06732,Homo sapiens,FALSE,P06732_S164s,57.45,TRUE,LSVEALNsLTGEFKG,0,P06732_S164s,-0.04,0.04,-0.01,-0.13,-0.09,-0.02,0.53,0.5,0.86,0.02,0.15,0.67,0.84,0.95,0.99,0.09,0.54,0.93,0.91,0.02,0.74,9,-0.63,0.67,-0.18,-2.3,-1.46,-0.43
Q15772_S371sT375t,Q15772,SPEG,10290,Q15772,Homo sapiens,FALSE,Q15772_S371sT375t,52.22,TRUE,SLAGTAEsRPQTPLS|TAESRPQtPLSEASG,0,Q15772_S371sT375t,0.11,0.15,0.05,-0.14,0,0.01,0.28,0.19,0.56,0.15,0.97,0.91,0.66,0.86,0.97,0.35,0.99,0.98,0.91,0.02,0.74,10,1.09,1.3,0.59,-1.43,0.04,0.12
P42356_S257s,P42356,PI4KA,5297,P42356,Homo sapiens,FALSE,P42356_S257s,52.22,TRUE,TLKRKTSsVSSISQV,0,P42356_S257s,0.09,0.27,-0.03,-0.28,-0.03,-0.06,0.5,0.09,0.83,0.04,0.82,0.67,0.83,0.78,0.99,0.14,0.95,0.93,0.91,0.03,0.74,14,0.67,1.7,-0.21,-2.08,-0.23,-0.43
P36871_T115tS117s,P36871,PGM1,5236,P36871,Homo sapiens,FALSE,P36871_T115tS117s,1000,TRUE,AIGGIILtASHNPGG|GGIILTAsHNPGGPN,0,P36871_T115tS117s,0.09,0.07,-0.08,-0.16,-0.08,-0.01,0.53,0.65,0.57,0.2,0.57,0.91,0.84,0.97,0.97,0.42,0.87,0.98,0.91,0.03,0.74,14,0.64,0.45,-0.57,-1.28,-0.57,-0.11
Q9BWU0_S312s,Q9BWU0,SLC4A1AP,22950,Q9BWU0,Homo sapiens,FALSE,Q9BWU0_S312s,178.52,TRUE,KKMLGEDsDEEEEMD,0,Q9BWU0_S312s,0.02,0.02,-0.01,-0.06,-0.03,0.04,0.75,0.78,0.86,0.37,0.71,0.52,0.92,0.98,0.99,0.61,0.93,0.88,0.91,0.03,0.74,12,0.32,0.28,-0.18,-0.89,-0.37,0.65
Q9UQ35_S351sS353s,Q9UQ35,SRRM2,23524,Q9UQ35,Homo sapiens,FALSE,Q9UQ35_S351sS353s,34.95,TRUE,EKSATRPsPSPERSS|SATRPSPsPERSSTG,0,Q9UQ35_S351sS353s,0.01,0.14,0.07,-0.25,0.01,0.13,0.94,0.31,0.61,0.07,0.95,0.29,0.98,0.9,0.97,0.21,0.99,0.78,0.91,0.03,0.74,14,0.07,1.01,0.52,-1.83,0.07,1.07
Q8WZ42-12_T23596t,Q8WZ42-12,TTN,7273,Q8WZ42-12,Homo sapiens,FALSE,Q8WZ42-12_T23596t,184,TRUE,ECVVRNLtEGEEYTF,0,Q8WZ42-12_T23596t,0.02,0.08,-0.01,-0.07,-0.07,0,0.79,0.44,0.88,0.41,0.48,0.97,0.94,0.93,0.99,0.64,0.82,0.99,0.91,0,0.74,1,0.26,0.77,-0.15,-0.82,-0.71,0.04
Q8TED9_S745s,Q8TED9,AFAP1L1,134265,Q8TED9,Homo sapiens,FALSE,Q8TED9_S745s,45.54,TRUE,VSELRKRsPSIVASN,0,Q8TED9_S745s,-0.1,-0.02,-0.07,-0.19,-0.09,-0.07,0.27,0.81,0.38,0.03,0.33,0.38,0.65,0.99,0.93,0.1,0.74,0.83,0.91,0.03,0.74,16,-1.11,-0.23,-0.89,-2.23,-0.97,-0.87
Q92667_S107s,Q92667,AKAP1,8165,Q92667,Homo sapiens,FALSE,Q92667_S107s,47.96,TRUE,PPCRRSEsSGILPNT,0,Q92667_S107s,-0.06,0,-0.07,-0.2,-0.04,-0.03,0.65,1,0.57,0.1,0.77,0.81,0.89,1,0.97,0.26,0.94,0.96,0.91,0.04,0.74,19,-0.46,0,-0.56,-1.66,-0.3,-0.24
Q562R1_T298t,Q562R1,ACTBL2,345651,Q562R1,Homo sapiens,FALSE,Q562R1_T298t,32.35,TRUE,RKDLYANtVLSGGST,0,Q562R1_T298t,-0.04,0.09,0.01,-0.18,-0.07,0.06,0.7,0.48,0.89,0.08,0.51,0.54,0.91,0.94,0.99,0.23,0.84,0.89,0.91,0.02,0.74,9,-0.39,0.71,0.14,-1.76,-0.67,0.62
Q9Y4F9_S21s,Q9Y4F9,RIPOR2,9750,"Q9Y4F9,Q9Y4F9-2",Homo sapiens,FALSE,Q9Y4F9_S21s,65.93,TRUE,NGIIRSQsFAGFSGL,0,Q9Y4F9_S21s,-0.05,0.06,0,-0.19,-0.05,0.05,0.59,0.53,0.96,0.03,0.59,0.5,0.87,0.95,1,0.11,0.88,0.88,0.91,0.03,0.74,16,-0.55,0.63,-0.05,-2.21,-0.55,0.68
P05387_S16s,P05387,RPLP2,6181,P05387,Homo sapiens,FALSE,P05387_S16s,23.98,TRUE,LAALGGNsSPSAKDI,0,P05387_S16s,0.06,0.22,0.06,-0.15,-0.03,0,0.49,0.02,0.53,0.08,0.72,0.96,0.82,0.64,0.96,0.23,0.93,0.99,0.91,0.01,0.74,6,0.68,2.26,0.64,-1.77,-0.36,0.05
O15273_T109t,O15273,TCAP,8557,O15273,Homo sapiens,FALSE,O15273_T109t,237.66,TRUE,TKEEREDtPIQLQEL,0,O15273_T109t,-0.05,0.05,0,-0.4,-0.13,-0.06,0.51,0.56,0.99,0,0.14,0.42,0.83,0.96,1,0,0.53,0.85,0.91,0.04,0.74,18,-0.66,0.58,0.01,-4.79,-1.48,-0.8
Q13642-5_T144t,Q13642-5,FHL1,2273,Q13642-5,Homo sapiens,FALSE,Q13642-5_T144t,46.21,TRUE,VWHKDCFtCSNCKQV,0,Q13642-5_T144t,-0.01,-0.03,-0.05,-0.13,-0.09,-0.01,0.93,0.82,0.74,0.33,0.53,0.94,0.98,0.99,0.98,0.57,0.85,0.99,0.91,0.04,0.74,21,-0.09,-0.23,-0.34,-0.97,-0.62,-0.07
P55822_S169s,P55822,SH3BGR,6450,"P55822,P55822-2",Homo sapiens,FALSE,P55822_S169s,100.01,TRUE,PPPDSKGsEKAEEGG,0,P55822_S169s,-0.01,0.09,0,-0.17,-0.12,-0.04,0.83,0.18,0.95,0,0.05,0.51,0.95,0.86,0.99,0.02,0.35,0.88,0.91,0.01,0.74,4,-0.21,1.34,-0.06,-2.94,-1.92,-0.66
Q9BY89_S1775s,Q9BY89,KIAA1671,85379,Q9BY89,Homo sapiens,FALSE,Q9BY89_S1775s,41.94,TRUE,GSRVLPSsMDKDERS,0,Q9BY89_S1775s,0.21,0.08,-0.02,-0.52,-0.16,-0.02,0.34,0.71,0.92,0.01,0.49,0.92,0.72,0.97,0.99,0.06,0.83,0.99,0.91,0.04,0.74,19,0.96,0.37,-0.1,-2.51,-0.7,-0.1
Q13554_T401t,Q13554,CAMK2B,816,Q13554,Homo sapiens,FALSE,Q13554_T401t,40.2,TRUE,SSDSANTtIEDEDAK,0,Q13554_T401t,0.18,0.16,0.07,-0.03,0.03,0.16,0.11,0.2,0.53,0.79,0.8,0.14,0.44,0.86,0.96,0.9,0.95,0.64,0.91,0.04,0.74,21,1.6,1.27,0.64,-0.26,0.26,1.49
P67809_S174s,P67809,YBX1,4904,P67809,Homo sapiens,FALSE,P67809_S174s,52.22,TRUE,SGEKNEGsESAPEGQ,0,P67809_S174s,0,0.32,0,-0.23,0.02,0.06,0.99,0.05,0.99,0.12,0.88,0.63,1,0.7,1,0.31,0.97,0.92,0.91,0.04,0.74,17,-0.01,1.99,0.01,-1.55,0.15,0.48
Q8IUG5_S2193s,Q8IUG5,MYO18B,84700,"Q8IUG5,Q8IUG5-3",Homo sapiens,FALSE,Q8IUG5_S2193s,1000,TRUE,TSGDKPVsPHFVRRQ,0,Q8IUG5_S2193s,-0.09,-0.05,-0.11,-0.42,-0.11,0,0.21,0.53,0.11,0,0.15,1,0.59,0.95,0.84,0,0.55,1,0.91,0.04,0.74,21,-1.25,-0.63,-1.61,-5.74,-1.44,0
Q16821_S1003s,Q16821,PPP1R3A,5506,Q16821,Homo sapiens,FALSE,Q16821_S1003s,47.96,TRUE,IFQTEEYsVEKSLGP,0,Q16821_S1003s,0.13,0.28,0.16,-0.24,0.03,0.06,0.49,0.18,0.37,0.18,0.89,0.73,0.82,0.86,0.93,0.4,0.97,0.94,0.91,0.02,0.74,9,0.69,1.33,0.89,-1.33,0.14,0.34
Q6ZW13_S313s,Q6ZW13,C16orf86,388284,Q6ZW13,Homo sapiens,FALSE,Q6ZW13_S313s,46.98,TRUE,APLVPPLsPQYK---,0,Q6ZW13_S313s,-0.06,-0.01,-0.04,-0.19,-0.06,-0.04,0.55,0.95,0.66,0.05,0.59,0.66,0.85,1,0.97,0.16,0.88,0.92,0.91,0.03,0.74,15,-0.6,-0.06,-0.43,-2,-0.54,-0.44
P41236_S121sS122s,P41236,PPP1R2,5504,P41236,Homo sapiens,FALSE,P41236_S121sS122s,121.78,TRUE,YRIQEQEsSGEEDSD|RIQEQESsGEEDSDL,0,P41236_S121sS122s,-0.12,0.04,-0.11,-0.37,-0.12,-0.13,0.21,0.73,0.26,0,0.26,0.18,0.59,0.98,0.9,0,0.67,0.69,0.91,0.06,0.74,28,-1.25,0.35,-1.12,-3.78,-1.13,-1.34
P55036_S256s,P55036,PSMD4,5710,P55036,Homo sapiens,FALSE,P55036_S256s,25.1,TRUE,ATTGTEDsDDALLKM,0,P55036_S256s,0.15,0.21,0.13,-0.23,-0.02,0.05,0.27,0.12,0.24,0.07,0.89,0.67,0.66,0.8,0.9,0.2,0.97,0.93,0.91,0.02,0.74,9,1.09,1.57,1.18,-1.84,-0.14,0.42
O43396_S18s,O43396,TXNL1,9352,O43396,Homo sapiens,FALSE,O43396_S18s,59.44,TRUE,PDFQPELsGAGSRLA,0,O43396_S18s,0.02,0.06,-0.01,-0.04,0.03,0.04,0.74,0.44,0.84,0.49,0.72,0.58,0.92,0.93,0.99,0.71,0.93,0.91,0.91,0.04,0.74,19,0.33,0.78,-0.2,-0.68,0.36,0.55
Q5JXC2_S303s,Q5JXC2,MIIP,60672,Q5JXC2,Homo sapiens,FALSE,Q5JXC2_S303s,109.57,TRUE,YHIHRRKsFDASDTL,0,Q5JXC2_S303s,0.09,0.15,0.09,-0.24,-0.12,0.02,0.51,0.33,0.54,0.08,0.42,0.9,0.83,0.91,0.96,0.24,0.79,0.98,0.91,0.02,0.74,7,0.66,0.97,0.61,-1.74,-0.81,0.12
Q13105_S120s,Q13105,ZBTB17,7709,"Q13105,Q13105-2",Homo sapiens,FALSE,Q13105_S120s,20.98,TRUE,SLAEPATsPGGNAEA,0,Q13105_S120s,-0.03,0.03,-0.04,-0.11,-0.01,0.02,0.74,0.79,0.67,0.21,0.9,0.84,0.92,0.99,0.97,0.44,0.97,0.97,0.91,0.04,0.74,20,-0.33,0.27,-0.43,-1.24,-0.13,0.21
Q9UMS6-2_S148s,Q9UMS6-2,SYNPO2,171024,"Q9UMS6-2,Q9UMS6-4",Homo sapiens,FALSE,Q9UMS6-2_S148s,125.85,TRUE,PLAENQRsGPDCAGS,0,Q9UMS6-2_S148s,-0.22,-0.1,-0.13,-0.45,-0.24,-0.17,0.26,0.63,0.41,0.02,0.23,0.29,0.64,0.97,0.94,0.07,0.65,0.78,0.91,0.03,0.74,13,-1.14,-0.48,-0.83,-2.41,-1.19,-1.05
Q6ZU52_S374s,Q6ZU52,KIAA0408,9729,Q6ZU52,Homo sapiens,FALSE,Q6ZU52_S374s,27.6,TRUE,IGAKRSPsTSWFQKT,0,Q6ZU52_S374s,0.08,0.09,-0.08,-0.29,-0.16,-0.09,0.54,0.53,0.53,0.02,0.24,0.44,0.84,0.95,0.96,0.1,0.66,0.86,0.91,0.03,0.74,13,0.62,0.63,-0.63,-2.27,-1.17,-0.77
Q8WZ42-12_S9569s,Q8WZ42-12,TTN,7273,Q8WZ42-12,Homo sapiens,FALSE,Q8WZ42-12_S9569s,69.51,TRUE,GLYTCKVsNDAGSAL,0,Q8WZ42-12_S9569s,0.04,0.04,-0.01,-0.15,-0.05,-0.04,0.7,0.71,0.87,0.1,0.59,0.64,0.91,0.98,0.99,0.27,0.88,0.92,0.91,0.03,0.74,13,0.39,0.37,-0.17,-1.64,-0.54,-0.47
Q8WZ42-12_S9282s,Q8WZ42-12,TTN,7273,Q8WZ42-12,Homo sapiens,FALSE,Q8WZ42-12_S9282s,99.73,TRUE,YICKAENsVGEVSAS,0,Q8WZ42-12_S9282s,0.02,0.08,-0.01,-0.06,0.03,0.02,0.75,0.21,0.93,0.28,0.62,0.7,0.92,0.87,0.99,0.52,0.89,0.93,0.91,0.04,0.74,20,0.32,1.24,-0.09,-1.08,0.5,0.38
P11217-2_Y76y,P11217-2,PYGM,5837,P11217-2,Homo sapiens,FALSE,P11217-2_Y76y,47.96,TRUE,IRTQQHYyEKDPKKI,0,P11217-2_Y76y,-0.03,0.04,-0.01,-0.17,-0.03,-0.03,0.8,0.71,0.91,0.08,0.74,0.71,0.94,0.97,0.99,0.22,0.93,0.94,0.91,0.03,0.74,16,-0.26,0.38,-0.11,-1.78,-0.33,-0.37
Q66K74_S547s,Q66K74,MAP1S,55201,"Q66K74,Q66K74-2",Homo sapiens,FALSE,Q66K74_S547s,43.1,TRUE,EVRRAASsVPNLKKT,0,Q66K74_S547s,0.08,0,-0.11,-0.27,-0.17,-0.02,0.66,1,0.54,0.13,0.41,0.89,0.89,1,0.96,0.33,0.79,0.98,0.91,0.03,0.74,12,0.44,0,-0.61,-1.5,-0.83,-0.14
P09960_Y432y,P09960,LTA4H,4048,"P09960,P09960-2",Homo sapiens,FALSE,P09960_Y432y,43.1,TRUE,WKDFLYSyFKDKVDV,0,P09960_Y432y,0.08,0.21,0.13,-0.16,0,0.08,0.55,0.11,0.21,0.11,0.98,0.43,0.85,0.8,0.9,0.28,0.99,0.86,0.91,0.04,0.74,19,0.6,1.58,1.25,-1.61,0.02,0.78
Q8N3K9_S2377s,Q8N3K9,CMYA5,202333,Q8N3K9,Homo sapiens,FALSE,Q8N3K9_S2377s,96.21,TRUE,QKQKSLLsFDVVDKV,0,Q8N3K9_S2377s,0,0.09,-0.19,-0.45,0,0,0.99,0.73,0.42,0.05,0.99,0.99,1,0.98,0.94,0.17,1,1,0.91,0.05,0.74,23,-0.02,0.35,-0.81,-1.95,-0.01,-0.02
O95425_S1314s,O95425,SVIL,6840,O95425,Homo sapiens,FALSE,O95425_S1314s,84.18,TRUE,TFAKFYRsVDYNMPR,0,O95425_S1314s,0.06,0.09,-0.1,-0.66,-0.17,-0.19,0.64,0.48,0.39,0,0.2,0.11,0.89,0.94,0.94,0,0.61,0.59,0.91,0.05,0.74,22,0.47,0.71,-0.87,-5,-1.29,-1.61
P06744_S74s,P06744,GPI,2821,P06744,Homo sapiens,FALSE,P06744_S74s,1000,TRUE,MLVDLAKsRGVEAAR,0,P06744_S74s,0.05,0.09,0.01,-0.11,0.06,0.09,0.61,0.39,0.93,0.22,0.55,0.33,0.88,0.92,0.99,0.44,0.86,0.81,0.9,0.07,0.74,36,0.51,0.86,0.09,-1.23,0.59,0.97
Q05639_S163s,Q05639,EEF1A2,1917,Q05639,Homo sapiens,FALSE,Q05639_S163s,53.98,TRUE,DSTEPAYsEKRYDEI,0,Q05639_S163s,-0.05,0.06,-0.02,-0.1,-0.04,0.02,0.68,0.54,0.81,0.31,0.7,0.85,0.9,0.96,0.99,0.54,0.92,0.97,0.9,0.02,0.74,9,-0.41,0.61,-0.24,-1.02,-0.39,0.19
O00499-10_S282sS287s,O00499-10,BIN1,274,O00499-10,Homo sapiens,FALSE,O00499-10_S282sS287s,32.35,TRUE,AKGNKSPsPPDGSPA|SPSPPDGsPAATPEI,0,O00499-10_S282sS287s,-0.15,0.14,0,-0.51,-0.13,0.07,0.54,0.57,0.99,0.02,0.6,0.75,0.84,0.96,1,0.1,0.88,0.95,0.9,0.04,0.74,21,-0.62,0.56,0.01,-2.25,-0.52,0.32
Q14814-2_S97s,Q14814-2,MEF2D,4209,Q14814-2,Homo sapiens,FALSE,Q14814-2_S97s,230.94,TRUE,KKHRECEsPEVDEVF,0,Q14814-2_S97s,-0.06,0.02,-0.07,-0.61,-0.14,-0.13,0.49,0.82,0.4,0,0.16,0.13,0.82,0.99,0.94,0,0.56,0.62,0.9,0.02,0.74,9,-0.69,0.23,-0.84,-6.5,-1.41,-1.53
Q9NQ55_S359s,Q9NQ55,PPAN,56342,"Q9NQ55,Q9NQ55-2,Q9NQ55-3",Homo sapiens,FALSE,Q9NQ55_S359s,184,TRUE,KKARVGGsDEEASGI,0,Q9NQ55_S359s,-0.04,0.07,0,-0.13,-0.03,0.03,0.62,0.44,0.96,0.08,0.73,0.66,0.88,0.93,1,0.23,0.93,0.92,0.9,0.02,0.74,11,-0.5,0.78,0.05,-1.75,-0.34,0.44
Q8WZ42-12_T31248t,Q8WZ42-12,TTN,7273,Q8WZ42-12,Homo sapiens,FALSE,Q8WZ42-12_T31248t,1000,TRUE,GRPAPKVtWKLEEMR,0,Q8WZ42-12_T31248t,0.05,0.08,-0.02,-0.06,-0.06,0.02,0.45,0.27,0.78,0.34,0.4,0.76,0.8,0.89,0.99,0.57,0.78,0.95,0.9,0,0.74,1,0.76,1.11,-0.28,-0.95,-0.84,0.31
E7EW31_S472s,E7EW31,PROB1,389333,E7EW31,Homo sapiens,FALSE,E7EW31_S472s,36.06,TRUE,VAGERSPsLEAPSLW,0,E7EW31_S472s,-0.14,0.04,-0.01,-0.76,-0.25,-0.07,0.07,0.64,0.9,0,0,0.33,0.34,0.97,0.99,0,0.06,0.81,0.9,0.05,0.74,22,-1.83,0.47,-0.13,-9.11,-2.94,-0.98
Q8WZ42-12_S22509s,Q8WZ42-12,TTN,7273,Q8WZ42-12,Homo sapiens,FALSE,Q8WZ42-12_S22509s,53.98,TRUE,KSLSLQYsAKDLTEG,0,Q8WZ42-12_S22509s,-0.1,0.08,-0.02,-0.34,-0.25,-0.05,0.51,0.63,0.91,0.02,0.11,0.75,0.83,0.97,0.99,0.08,0.49,0.95,0.9,0.02,0.74,11,-0.65,0.48,-0.12,-2.34,-1.59,-0.32
Q86YV5_S463s,Q86YV5,PRAG1,157285,Q86YV5,Homo sapiens,FALSE,Q86YV5_S463s,19.11,TRUE,ASGWGRDsPDPTPQV,0,Q86YV5_S463s,0,0.26,0,-0.37,-0.01,-0.05,0.99,0.17,0.99,0.03,0.97,0.77,1,0.85,1,0.12,0.99,0.95,0.9,0.03,0.74,15,-0.02,1.37,-0.02,-2.15,-0.04,-0.3
Q9P227_S611s,Q9P227,ARHGAP23,57636,Q9P227,Homo sapiens,FALSE,Q9P227_S611s,44.44,TRUE,IKAGRRSsYLLAITT,0,Q9P227_S611s,-0.05,-0.02,-0.06,-0.36,-0.21,-0.13,0.66,0.89,0.59,0,0.09,0.21,0.89,1,0.97,0.01,0.45,0.72,0.9,0.02,0.74,9,-0.44,-0.14,-0.53,-3.26,-1.7,-1.26
Q8N3K9_S2479s,Q8N3K9,CMYA5,202333,Q8N3K9,Homo sapiens,FALSE,Q8N3K9_S2479s,1000,TRUE,VLAEKQNsVAPLELR,0,Q8N3K9_S2479s,0.04,0.08,0.05,-0.06,0.02,0.02,0.73,0.55,0.69,0.62,0.86,0.86,0.92,0.96,0.98,0.79,0.96,0.97,0.9,0.03,0.74,12,0.34,0.59,0.4,-0.5,0.18,0.18
Q6ZU52_S671s,Q6ZU52,KIAA0408,9729,Q6ZU52,Homo sapiens,FALSE,Q6ZU52_S671s,42.69,TRUE,RWASRSPsAPPALRR,0,Q6ZU52_S671s,-0.1,-0.06,-0.06,-0.7,-0.22,-0.02,0.41,0.72,0.57,0,0.14,0.88,0.77,0.98,0.97,0,0.53,0.98,0.9,0.03,0.74,15,-0.82,-0.36,-0.56,-5.59,-1.48,-0.16
O15061_S1504s,O15061,SYNM,23336,O15061,Homo sapiens,FALSE,O15061_S1504s,1000,TRUE,NDQAVGVsFKASAGE,0,O15061_S1504s,-0.07,0.05,0.02,-0.5,-0.29,-0.07,0.74,0.81,0.93,0.01,0.16,0.66,0.92,0.99,0.99,0.03,0.57,0.92,0.9,0.03,0.74,15,-0.33,0.23,0.09,-2.79,-1.4,-0.44
O00712_S333s,O00712,NFIB,4781,"O00712,O00712-4",Homo sapiens,FALSE,O00712_S333s,40,TRUE,SASPQDSsPRLSTFP,0,O00712_S333s,0.08,0.16,0.07,-0.03,-0.03,0.08,0.36,0.06,0.39,0.68,0.77,0.29,0.73,0.72,0.94,0.84,0.94,0.78,0.9,0.01,0.74,2,0.92,1.87,0.86,-0.41,-0.3,1.05
Q15772_T541t,Q15772,SPEG,10290,Q15772,Homo sapiens,FALSE,Q15772_T541t,22.22,TRUE,PLFSRPStPKTSRAV,0,Q15772_T541t,0.14,0.15,0.01,-0.17,-0.05,-0.01,0.14,0.13,0.95,0.06,0.56,0.86,0.5,0.82,0.99,0.2,0.87,0.97,0.9,0.03,0.74,12,1.46,1.51,0.07,-1.86,-0.58,-0.17
Q7Z5L9_S457sS460s,Q7Z5L9,IRF2BP2,359948,"Q7Z5L9,Q7Z5L9-2",Homo sapiens,FALSE,Q7Z5L9_S457sS460s,86.74,TRUE,TTRRNSNsPPSPSSM|RNSNSPPsPSSMNQR,0,Q7Z5L9_S457sS460s,0.01,0.13,0.06,-0.27,0.03,0.07,0.96,0.23,0.56,0.01,0.8,0.48,0.99,0.88,0.97,0.04,0.95,0.87,0.9,0.04,0.74,19,0.05,1.2,0.58,-2.66,0.26,0.71
O15021_S2442s,O15021,MAST4,375449,O15021,Homo sapiens,FALSE,O15021_S2442s,39.97,TRUE,NGMKRSPsATGQSSF,0,O15021_S2442s,0.11,0.12,-0.02,-0.25,0.08,0.13,0.39,0.39,0.87,0.05,0.54,0.27,0.76,0.92,0.99,0.16,0.85,0.77,0.9,0.07,0.74,33,0.85,0.87,-0.16,-1.99,0.61,1.09
Q9UPU5_S2604s,Q9UPU5,USP24,23358,Q9UPU5,Homo sapiens,FALSE,Q9UPU5_S2604s,54.52,TRUE,HLQQGSEsPMMIGEL,0,Q9UPU5_S2604s,-0.15,-0.08,-0.14,-0.3,-0.13,-0.06,0.07,0.39,0.09,0,0.14,0.44,0.35,0.92,0.83,0,0.53,0.86,0.9,0.07,0.74,34,-1.79,-0.85,-1.7,-3.47,-1.48,-0.77
Q9H7E2-3_T553t,Q9H7E2-3,TDRD3,81550,"Q9H7E2,Q9H7E2-2,Q9H7E2-3",Homo sapiens,FALSE,Q9H7E2-3_T553t,32.27,TRUE,FYDRKSQtINNEAFS,0,Q9H7E2-3_T553t,-0.2,-0.14,-0.21,-0.38,-0.2,-0.13,0.23,0.5,0.2,0.04,0.33,0.4,0.61,0.95,0.89,0.13,0.73,0.84,0.9,0.06,0.74,27,-1.21,-0.68,-1.29,-2.11,-0.98,-0.85
Q14980_T1812t,Q14980,NUMA1,4926,"Q14980,Q14980-2",Homo sapiens,FALSE,Q14980_T1812t,26.98,TRUE,RSARRRTtQIINITM,0,Q14980_T1812t,0.04,0.06,0.03,-0.14,0.02,0.02,0.82,0.74,0.84,0.45,0.91,0.91,0.95,0.98,0.99,0.68,0.98,0.98,0.9,0.01,0.74,6,0.22,0.34,0.2,-0.75,0.11,0.11
Q08043_S298s,Q08043,ACTN3,89,Q08043,Homo sapiens,FALSE,Q08043_S298s,1000,TRUE,EEYEKLAsELLEWIR,0,Q08043_S298s,-0.04,0.16,0.04,-0.19,-0.04,0.05,0.7,0.13,0.64,0.05,0.69,0.61,0.91,0.82,0.97,0.16,0.92,0.91,0.9,0.01,0.74,5,-0.38,1.51,0.47,-1.98,-0.39,0.51
Q8WZ42-12_S35587s,Q8WZ42-12,TTN,7273,Q8WZ42-12,Homo sapiens,FALSE,Q8WZ42-12_S35587s,181.19,TRUE,AATSLEKsIVHEEIT,0,Q8WZ42-12_S35587s,-0.1,0.06,-0.03,-0.23,-0.14,-0.01,0.28,0.6,0.74,0.02,0.18,0.94,0.67,0.97,0.98,0.07,0.59,0.99,0.9,0.02,0.74,11,-1.07,0.52,-0.33,-2.42,-1.34,-0.08
P28066_T55t,P28066,PSMA5,5686,P28066,Homo sapiens,FALSE,P28066_T55t,23.98,TRUE,LAVEKRItSPLMEPS,0,P28066_T55t,0.01,-0.02,-0.14,-0.22,-0.1,-0.04,0.87,0.86,0.08,0.01,0.26,0.54,0.96,0.99,0.82,0.05,0.68,0.89,0.9,0.04,0.74,18,0.17,-0.17,-1.76,-2.6,-1.13,-0.61
Q8WZ42-12_S9142s,Q8WZ42-12,TTN,7273,Q8WZ42-12,Homo sapiens,FALSE,Q8WZ42-12_S9142s,41.11,TRUE,FTGTPPIsVTWKKNG,0,Q8WZ42-12_S9142s,-0.05,0.04,-0.01,-0.15,-0.05,-0.03,0.42,0.52,0.85,0.01,0.39,0.57,0.78,0.95,0.99,0.05,0.78,0.9,0.9,0.02,0.74,9,-0.81,0.64,-0.19,-2.6,-0.86,-0.57
Q9UMR2_T217t,Q9UMR2,DDX19B,11269,"Q9UMR2,Q9UMR2-2,Q9UMR2-3,Q9UMR2-4",Homo sapiens,FALSE,Q9UMR2_T217t,62.09,TRUE,SEQIVIGtPGTVLDW,0,Q9UMR2_T217t,-0.02,0.09,-0.05,-0.2,-0.16,-0.07,0.86,0.39,0.63,0.05,0.12,0.48,0.96,0.92,0.97,0.17,0.51,0.87,0.9,0.01,0.74,3,-0.18,0.85,-0.48,-1.96,-1.54,-0.71
Q8NE71_S287s,Q8NE71,ABCF1,23,Q8NE71,Homo sapiens,FALSE,Q8NE71_S287s,54.52,TRUE,AENDFSVsQAEMSSR,0,Q8NE71_S287s,0,0.02,-0.18,-0.31,-0.12,-0.13,0.99,0.88,0.21,0.02,0.37,0.3,1,0.99,0.9,0.09,0.77,0.79,0.9,0.05,0.74,24,0.01,0.15,-1.25,-2.31,-0.89,-1.03
P13929_S37s,P13929,ENO3,2027,P13929,Homo sapiens,FALSE,P13929_S37s,89.17,TRUE,RFRAAVPsGASTGIY,0,P13929_S37s,0.01,0.05,0.03,-0.16,-0.11,0.03,0.87,0.61,0.72,0.06,0.24,0.75,0.96,0.97,0.98,0.2,0.66,0.95,0.9,0.03,0.74,12,0.16,0.51,0.36,-1.86,-1.17,0.31
Q8WZ42-12_S20852s,Q8WZ42-12,TTN,7273,Q8WZ42-12,Homo sapiens,FALSE,Q8WZ42-12_S20852s,57.6,TRUE,TATNTAGsFVAYATV,0,Q8WZ42-12_S20852s,0.01,0.05,-0.02,-0.04,-0.03,0.02,0.9,0.47,0.7,0.57,0.71,0.72,0.97,0.94,0.98,0.76,0.92,0.94,0.9,0.01,0.74,4,0.13,0.72,-0.39,-0.57,-0.37,0.36
Q02045_S21sS25s,Q02045,MYL5,4636,Q02045,Homo sapiens,FALSE,Q02045_S21sS25s,22.22,TRUE,LRAQRASsNVFSNFE|RASSNVFsNFEQTQI,0,Q02045_S21sS25s,0.15,0.55,0.22,-0.04,0.14,0.23,0.52,0.05,0.34,0.85,0.58,0.29,0.83,0.71,0.93,0.93,0.88,0.78,0.9,0.02,0.74,7,0.65,1.96,0.95,-0.19,0.55,1.05
O00418_S500s,O00418,EEF2K,29904,O00418,Homo sapiens,FALSE,O00418_S500s,1000,TRUE,RLHLPRAsAVALEVQ,0,O00418_S500s,-0.29,-0.16,-0.36,-0.53,-0.44,-0.37,0.14,0.49,0.06,0.01,0.04,0.05,0.5,0.94,0.8,0.03,0.29,0.47,0.9,0.01,0.74,4,-1.47,-0.69,-1.89,-2.72,-2.08,-1.97
P23588_S16s,P23588,EIF4B,1975,"P23588,P23588-2",Homo sapiens,FALSE,P23588_S16s,44.01,TRUE,NKKGKTIsLTDFLAE,0,P23588_S16s,-0.03,0.08,0.01,-0.27,-0.02,0.1,0.88,0.69,0.95,0.17,0.93,0.56,0.97,0.97,0.99,0.37,0.98,0.9,0.9,0.06,0.74,31,-0.16,0.4,0.06,-1.39,-0.09,0.58
Q9UKX2_T258t,Q9UKX2,MYH2,4620,Q9UKX2,Homo sapiens,FALSE,Q9UKX2_T258t,40,TRUE,IRIHFGTtGKLASAD,0,Q9UKX2_T258t,0.1,0.18,0,-0.01,0.04,0.13,0.45,0.22,0.97,0.92,0.79,0.32,0.8,0.88,1,0.96,0.95,0.8,0.9,0.01,0.74,4,0.76,1.22,0.03,-0.1,0.27,0.99
P68133_Y220y,P68133,ACTA1,58,P68133,Homo sapiens,FALSE,P68133_Y220y,284.4,TRUE,DIKEKLCyVALDFEN,0,P68133_Y220y,-0.12,0.01,-0.08,-0.19,-0.11,-0.06,0.2,0.91,0.34,0.03,0.24,0.49,0.58,1,0.93,0.12,0.66,0.87,0.9,0.02,0.74,10,-1.28,0.12,-0.95,-2.14,-1.18,-0.7
P52179-2_S285s,P52179-2,MYOM1,8736,P52179-2,Homo sapiens,FALSE,P52179-2_S285s,52.22,TRUE,EFIIKPRsHTVWEKE,0,P52179-2_S285s,0.01,0.09,0.01,-0.25,-0.03,-0.04,0.89,0.42,0.9,0.01,0.79,0.63,0.97,0.93,0.99,0.03,0.95,0.92,0.9,0.04,0.74,17,0.14,0.81,0.13,-2.74,-0.27,-0.47
Q9UKX2_Y1858y,Q9UKX2,MYH2,4620,Q9UKX2,Homo sapiens,FALSE,Q9UKX2_Y1858y,68.88,TRUE,RRVKELTyQTEEDRK,0,Q9UKX2_Y1858y,-0.07,-0.07,-0.11,-0.18,-0.17,-0.11,0.22,0.25,0.05,0,0.01,0.04,0.6,0.88,0.79,0.01,0.1,0.45,0.9,0.02,0.74,7,-1.24,-1.15,-1.93,-3.08,-2.7,-2.04
Q96L96_S419s,Q96L96,ALPK3,57538,Q96L96,Homo sapiens,FALSE,Q96L96_S419s,1000,TRUE,VDTLRKLsPDRFQRK,0,Q96L96_S419s,-0.01,0.14,0.02,-0.35,0.05,0.15,0.94,0.34,0.91,0.05,0.75,0.32,0.98,0.91,0.99,0.16,0.94,0.8,0.9,0.07,0.74,32,-0.07,0.95,0.11,-2,0.32,0.99
Q9ULQ0_S354s,Q9ULQ0,STRIP2,57464,"Q9ULQ0,Q9ULQ0-2",Homo sapiens,FALSE,Q9ULQ0_S354s,136.92,TRUE,QLLTKQDsLDIYNER,0,Q9ULQ0_S354s,0.01,0.13,0.04,-0.22,0.05,0.08,0.92,0.2,0.66,0.02,0.59,0.37,0.98,0.86,0.97,0.07,0.88,0.83,0.9,0.05,0.74,26,0.1,1.27,0.45,-2.42,0.54,0.9
P27816-4_S241s,P27816-4,MAP4,4134,P27816-4,Homo sapiens,FALSE,P27816-4_S241s,1000,TRUE,EDKAQKLsFCEDQNA,0,P27816-4_S241s,0.09,0.14,0.05,-0.06,0.09,0.05,0.44,0.29,0.66,0.63,0.49,0.65,0.8,0.9,0.97,0.8,0.83,0.92,0.9,0.08,0.74,37,0.77,1.05,0.44,-0.48,0.69,0.45
Q9UBF8-2_S496s,Q9UBF8-2,PI4KB,5298,Q9UBF8-2,Homo sapiens,FALSE,Q9UBF8-2_S496s,112.74,TRUE,GDIRRRLsEQLAHTP,0,Q9UBF8-2_S496s,0.07,0.04,0,-0.08,-0.04,0.01,0.32,0.59,0.97,0.23,0.59,0.86,0.7,0.97,1,0.45,0.88,0.97,0.9,0.03,0.74,15,1,0.54,-0.03,-1.21,-0.54,0.17
P17544_S44s,P17544,ATF7,11016,"P17544,P17544-2",Homo sapiens,FALSE,P17544_S44s,83.98,TRUE,FGPARTDsVIIADQT,0,P17544_S44s,-0.05,-0.04,-0.17,-0.36,-0.43,-0.01,0.69,0.8,0.21,0.01,0.01,0.96,0.91,0.99,0.89,0.04,0.16,0.99,0.9,0.02,0.74,7,-0.4,-0.26,-1.26,-2.66,-2.47,-0.05
Q6WCQ1_S993s,Q6WCQ1,MPRIP,23164,"Q6WCQ1,Q6WCQ1-2",Homo sapiens,FALSE,Q6WCQ1_S993s,1000,TRUE,YDIMKSKsNPDFLKK,0,Q6WCQ1_S993s,0.11,0.12,-0.12,-0.28,-0.01,-0.02,0.36,0.42,0.32,0.02,0.93,0.85,0.74,0.93,0.92,0.09,0.98,0.97,0.89,0.06,0.74,31,0.91,0.81,-1,-2.3,-0.09,-0.19
Q8WZ42-12_Y34648y,Q8WZ42-12,TTN,7273,Q8WZ42-12,Homo sapiens,FALSE,Q8WZ42-12_Y34648y,20.98,TRUE,SPDYDFYyRPRRRSL,0,Q8WZ42-12_Y34648y,0.04,0.12,0.05,-0.06,0.07,0.06,0.65,0.16,0.55,0.41,0.42,0.43,0.89,0.84,0.97,0.64,0.79,0.85,0.89,0.05,0.74,24,0.46,1.42,0.59,-0.82,0.81,0.8
P54296_Y442y,P54296,MYOM2,9172,P54296,Homo sapiens,FALSE,P54296_Y442y,118.81,TRUE,APVKICKyPVTGLFE,0,P54296_Y442y,-0.04,0.01,-0.02,-0.12,-0.11,-0.02,0.52,0.94,0.75,0.07,0.15,0.7,0.84,1,0.98,0.22,0.56,0.93,0.89,0.02,0.74,9,-0.64,0.08,-0.32,-1.78,-1.43,-0.39
Q9UHG3_Y482y,Q9UHG3,PCYOX1,51449,Q9UHG3,Homo sapiens,FALSE,Q9UHG3_Y482y,178.66,TRUE,HNAALLAyHRWNGHT,0,Q9UHG3_Y482y,-0.09,0.11,-0.04,-0.2,-0.1,-0.01,0.37,0.34,0.72,0.04,0.33,0.89,0.74,0.91,0.98,0.16,0.73,0.98,0.89,0.01,0.74,5,-0.9,0.96,-0.36,-2,-0.98,-0.13
Q9Y277_T80t,Q9Y277,VDAC3,7419,Q9Y277,Homo sapiens,FALSE,Q9Y277_T80t,59.44,TRUE,QKWNTDNtLGTEISW,0,Q9Y277_T80t,-0.11,-0.09,-0.09,-0.22,-0.18,-0.13,0.2,0.38,0.28,0.01,0.06,0.15,0.58,0.92,0.91,0.06,0.36,0.65,0.89,0.03,0.74,13,-1.28,-0.88,-1.07,-2.53,-1.91,-1.45
Q9UKX2_S1741s,Q9UKX2,MYH2,4620,Q9UKX2,Homo sapiens,FALSE,Q9UKX2_S1741s,115.05,TRUE,KKLETDIsQMQGEME,0,Q9UKX2_S1741s,0.14,0.26,0.12,0.05,0.14,0.12,0.26,0.06,0.35,0.69,0.3,0.3,0.65,0.72,0.93,0.84,0.71,0.79,0.89,0.03,0.74,13,1.12,1.85,0.94,0.4,1.04,1.03
Q96A32_S17sT25t,Q96A32,MYL11,NaN,Q96A32,Homo sapiens,FALSE,Q96A32_S17sT25t,37.49,TRUE,TVEGGSSsVFSMFDQ|VFSMFDQtQIQEFKE,0,Q96A32_S17sT25t,0.2,0.28,0.19,-0.11,0.07,0.36,0.52,0.32,0.47,0.72,0.81,0.18,0.84,0.91,0.95,0.86,0.95,0.69,0.89,0.03,0.74,16,0.64,0.99,0.72,-0.35,0.25,1.34
P47755_S123s,P47755,CAPZA2,830,P47755,Homo sapiens,FALSE,P47755_S123s,23.98,TRUE,AVESWRTsVETALRA,0,P47755_S123s,0.1,0.29,0.03,-0.14,-0.05,0,0.49,0.09,0.8,0.29,0.72,0.97,0.82,0.78,0.99,0.52,0.93,0.99,0.89,0.01,0.74,4,0.68,1.68,0.25,-1.06,-0.35,-0.04
Q09666_S5749sS5752s,Q09666,AHNAK,79026,Q09666,Homo sapiens,FALSE,Q09666_S5749sS5752s,184.98,TRUE,DLKSSKAsLGSLEGE|SSKASLGsLEGEAEA,0,Q09666_S5749sS5752s,-0.09,-0.04,-0.14,-0.27,-0.08,-0.01,0.37,0.7,0.13,0,0.43,0.94,0.74,0.97,0.86,0.02,0.8,0.99,0.89,0.07,0.74,32,-0.89,-0.39,-1.52,-2.88,-0.79,-0.07
Q8WZ42-12_S20815s,Q8WZ42-12,TTN,7273,Q8WZ42-12,Homo sapiens,FALSE,Q8WZ42-12_S20815s,67.34,TRUE,DATDLTRsPRVKIDT,0,Q8WZ42-12_S20815s,-0.05,-0.03,-0.09,-0.11,-0.07,-0.07,0.61,0.81,0.4,0.29,0.52,0.49,0.87,0.99,0.94,0.52,0.84,0.88,0.89,0.02,0.74,11,-0.51,-0.25,-0.84,-1.07,-0.64,-0.68
O15075_S364s,O15075,DCLK1,9201,O15075,Homo sapiens,FALSE,O15075_S364s,22.22,TRUE,ASTKVCSsMDENDGP,0,O15075_S364s,0.14,0.29,0.03,-0.04,0.15,0.18,0.38,0.08,0.87,0.81,0.37,0.21,0.75,0.76,0.99,0.91,0.77,0.72,0.89,0.03,0.74,12,0.88,1.73,0.17,-0.24,0.89,1.25
Q8WZ42-12_S32913s,Q8WZ42-12,TTN,7273,Q8WZ42-12,Homo sapiens,FALSE,Q8WZ42-12_S32913s,37.19,TRUE,VLDVTKSsVSLSWSR,0,Q8WZ42-12_S32913s,0.02,0.13,0.06,-0.05,0.01,0.08,0.8,0.07,0.36,0.41,0.93,0.22,0.94,0.73,0.93,0.64,0.98,0.73,0.89,0.02,0.74,9,0.26,1.83,0.92,-0.83,0.09,1.23
Q6P0Q8_S1007s,Q6P0Q8,MAST2,23139,Q6P0Q8,Homo sapiens,FALSE,Q6P0Q8_S1007s,23.98,TRUE,ETRGRGTsQLAEGAT,0,Q6P0Q8_S1007s,0.04,0.01,-0.1,-0.37,-0.06,-0.08,0.71,0.93,0.4,0,0.63,0.48,0.91,1,0.94,0.01,0.9,0.87,0.89,0.07,0.74,34,0.37,0.09,-0.84,-3.06,-0.49,-0.7
Q9H6S0_S1263sS1267s,Q9H6S0,YTHDC2,64848,Q9H6S0,Homo sapiens,FALSE,Q9H6S0_S1263sS1267s,36.04,TRUE,TDSSSYPsPCASPSP|SYPSPCAsPSPPSSG,0,Q9H6S0_S1263sS1267s,-0.32,-0.36,-0.38,-0.81,-0.41,-0.2,0.03,0.02,0.01,0,0.01,0.14,0.2,0.64,0.57,0,0.12,0.64,0.89,0.09,0.74,43,-2.2,-2.25,-2.72,-5.63,-2.62,-1.49
D6RIA3_S611sS614s,D6RIA3,C4orf54,285556,D6RIA3,Homo sapiens,FALSE,D6RIA3_S611sS614s,53.48,TRUE,DYSSGASsAVSELDD|SGASSAVsELDDADK,0,D6RIA3_S611sS614s,-0.52,0.25,-0.36,-0.95,-0.47,-0.09,0.03,0.39,0.12,0,0.09,0.69,0.21,0.92,0.86,0,0.46,0.93,0.89,0.03,0.74,15,-2.16,0.86,-1.53,-3.91,-1.67,-0.4
Q3KQU3-4_S286s,Q3KQU3-4,MAP7D1,55700,Q3KQU3-4,Homo sapiens,FALSE,Q3KQU3-4_S286s,129.43,TRUE,NSPSRNRsLQLSAWE,0,Q3KQU3-4_S286s,0.04,0.31,0.11,-0.33,0.03,0,0.85,0.12,0.61,0.08,0.89,1,0.96,0.81,0.97,0.23,0.97,1,0.89,0.03,0.74,16,0.19,1.54,0.51,-1.77,0.13,0
Q5SW79_S1112s,Q5SW79,CEP170,9859,Q5SW79,Homo sapiens,FALSE,Q5SW79_S1112s,69.67,TRUE,RARLGEAsDSELADA,0,Q5SW79_S1112s,0.01,0.01,0.01,-0.27,-0.06,0.01,0.86,0.95,0.88,0,0.46,0.93,0.96,1,0.99,0,0.81,0.99,0.89,0.06,0.74,29,0.17,0.06,0.15,-3.52,-0.74,0.09
P22314_Y845y,P22314,UBA1,7317,P22314,Homo sapiens,FALSE,P22314_Y845y,1000,TRUE,KLPGFKMyPIDFEKD,0,P22314_Y845y,0.05,0.06,0.04,-0.12,0.02,0.07,0.5,0.56,0.58,0.14,0.82,0.31,0.82,0.96,0.97,0.34,0.95,0.8,0.89,0.05,0.74,22,0.68,0.59,0.55,-1.46,0.23,1.01
Q8N3K9_S122s,Q8N3K9,CMYA5,202333,Q8N3K9,Homo sapiens,FALSE,Q8N3K9_S122s,110.78,TRUE,NSPPGNVsFIVDEVK,0,Q8N3K9_S122s,0.11,0.12,0.08,-0.16,-0.04,0.02,0.38,0.4,0.52,0.19,0.77,0.88,0.75,0.92,0.96,0.4,0.94,0.98,0.89,0.03,0.74,16,0.88,0.85,0.65,-1.32,-0.3,0.15
Q8IY63_T902tS906s,Q8IY63,AMOTL1,154810,"Q8IY63,Q8IY63-2",Homo sapiens,FALSE,Q8IY63_T902tS906s,78.21,TRUE,SRGRLSTtPAHSPVL|LSTTPAHsPVLKHPA,0,Q8IY63_T902tS906s,-0.23,-0.04,-0.44,-0.63,-0.53,0.03,0.3,0.89,0.09,0.01,0.04,0.89,0.68,0.99,0.83,0.05,0.31,0.98,0.89,0.02,0.74,9,-1.04,-0.14,-1.72,-2.55,-2.02,0.13
P07900_S641s,P07900,HSP90AA1,3320,"P07900,P07900-2",Homo sapiens,FALSE,P07900_S641s,75.44,TRUE,LEINPDHsIIETLRQ,0,P07900_S641s,-0.02,0.07,-0.03,-0.19,0.02,0.01,0.77,0.46,0.67,0.01,0.82,0.86,0.93,0.94,0.97,0.06,0.96,0.97,0.89,0.08,0.74,39,-0.29,0.74,-0.43,-2.45,0.22,0.18
O60343_S597s,O60343,TBC1D4,9882,O60343,Homo sapiens,FALSE,O60343_S597s,88.87,TRUE,DSFERSNsLASEKDY,0,O60343_S597s,0.01,0.04,0.05,-0.23,-0.07,0.06,0.96,0.85,0.79,0.22,0.71,0.77,0.99,0.99,0.99,0.44,0.92,0.95,0.89,0.06,0.74,27,0.04,0.19,0.26,-1.24,-0.37,0.3
Q8WZ42-12_S8860s,Q8WZ42-12,TTN,7273,Q8WZ42-12,Homo sapiens,FALSE,Q8WZ42-12_S8860s,25.23,TRUE,VAGTPELsTKWFKDG,0,Q8WZ42-12_S8860s,0.05,0.12,0.07,-0.07,0.05,0.11,0.64,0.27,0.42,0.44,0.64,0.18,0.89,0.89,0.94,0.66,0.9,0.69,0.89,0.07,0.74,34,0.47,1.11,0.81,-0.78,0.46,1.35
Q8WZ42-12_S31062s,Q8WZ42-12,TTN,7273,Q8WZ42-12,Homo sapiens,FALSE,Q8WZ42-12_S31062s,185.32,TRUE,KREASRRsWQVISEK,0,Q8WZ42-12_S31062s,0.01,0.07,0.05,-0.13,-0.01,0.01,0.91,0.44,0.58,0.11,0.88,0.93,0.98,0.93,0.97,0.3,0.97,0.99,0.89,0.04,0.74,19,0.11,0.78,0.55,-1.58,-0.15,0.09
Q8WZ42-12_Y22560y,Q8WZ42-12,TTN,7273,Q8WZ42-12,Homo sapiens,FALSE,Q8WZ42-12_Y22560y,1000,TRUE,KGLPDLCyLAKENSN,0,Q8WZ42-12_Y22560y,-0.01,0.02,-0.03,-0.11,-0.12,-0.02,0.8,0.76,0.57,0.06,0.06,0.75,0.94,0.98,0.97,0.19,0.36,0.95,0.89,0.01,0.74,5,-0.25,0.31,-0.57,-1.87,-1.9,-0.32
Q8WZ42-12_Y26478y,Q8WZ42-12,TTN,7273,Q8WZ42-12,Homo sapiens,FALSE,Q8WZ42-12_Y26478y,41.83,TRUE,EPSPATVyYKACDPV,0,Q8WZ42-12_Y26478y,-0.04,-0.02,-0.04,-0.17,-0.07,-0.07,0.47,0.75,0.43,0,0.25,0.19,0.81,0.98,0.94,0.02,0.67,0.7,0.89,0.04,0.74,20,-0.72,-0.32,-0.8,-2.9,-1.14,-1.32
Q9UMS6-2_Y622y,Q9UMS6-2,SYNPO2,171024,"Q9UMS6-2,Q9UMS6-4",Homo sapiens,FALSE,Q9UMS6-2_Y622y,83.58,TRUE,DFPAPPPySAVTPPP,0,Q9UMS6-2_Y622y,-0.24,-0.02,-0.14,-0.55,-0.17,-0.11,0,0.81,0.08,0,0.05,0.17,0.06,0.99,0.82,0,0.34,0.69,0.89,0.04,0.74,20,-2.85,-0.24,-1.78,-6.52,-1.96,-1.36
Q8WZ42-12_Y9335y,Q8WZ42-12,TTN,7273,Q8WZ42-12,Homo sapiens,FALSE,Q8WZ42-12_Y9335y,48.25,TRUE,EPISVSWyKDGKPLK,0,Q8WZ42-12_Y9335y,0.03,0.07,-0.02,-0.04,-0.04,0.02,0.75,0.46,0.83,0.66,0.67,0.78,0.92,0.94,0.99,0.82,0.91,0.96,0.89,0.01,0.74,3,0.32,0.75,-0.22,-0.44,-0.43,0.28
Q5VTT5_S275s,Q5VTT5,MYOM3,127294,Q5VTT5,Homo sapiens,FALSE,Q5VTT5_S275s,32.27,TRUE,GPSVEFTsVLKPVFA,0,Q5VTT5_S275s,-0.04,0.1,-0.03,-0.31,-0.01,-0.03,0.8,0.62,0.87,0.07,0.97,0.83,0.94,0.97,0.99,0.22,0.99,0.97,0.89,0.06,0.74,29,-0.25,0.5,-0.17,-1.8,-0.03,-0.22
P60891_T225t,P60891,PRPS1,5631,P60891,Homo sapiens,FALSE,P60891_T225t,46.72,TRUE,LVDDMADtCGTICHA,0,P60891_T225t,0,0.04,0.03,-0.21,-0.14,0.01,0.99,0.78,0.79,0.09,0.31,0.9,1,0.98,0.99,0.26,0.72,0.98,0.89,0.03,0.74,13,0.01,0.28,0.26,-1.68,-1.01,0.12
Q6GQQ9_S745s,Q6GQQ9,OTUD7B,56957,"Q6GQQ9,Q6GQQ9-2",Homo sapiens,FALSE,Q6GQQ9_S745s,21.47,TRUE,RPYPHQDsIPSLEPG,0,Q6GQQ9_S745s,0.03,-0.01,-0.17,-0.37,-0.06,0.02,0.79,0.93,0.17,0.01,0.66,0.85,0.94,1,0.88,0.04,0.91,0.97,0.89,0.07,0.74,35,0.26,-0.08,-1.36,-2.71,-0.44,0.19
P54296_S555s,P54296,MYOM2,9172,P54296,Homo sapiens,FALSE,P54296_S555s,54.01,TRUE,KSVVGSGsWQRVNAQ,0,P54296_S555s,-0.01,0.03,0.02,-0.09,-0.04,0.01,0.88,0.67,0.72,0.11,0.49,0.89,0.97,0.97,0.98,0.29,0.83,0.98,0.89,0.05,0.74,22,-0.16,0.43,0.36,-1.59,-0.69,0.14
P54296_S341s,P54296,MYOM2,9172,P54296,Homo sapiens,FALSE,P54296_S341s,31.63,TRUE,GEGQASLsFSHLHKD,0,P54296_S341s,0.05,0.05,0,-0.03,-0.03,0.04,0.63,0.67,0.97,0.77,0.81,0.7,0.88,0.97,1,0.89,0.95,0.93,0.89,0.01,0.74,6,0.49,0.42,0.04,-0.29,-0.24,0.38
Q9P227_S610s,Q9P227,ARHGAP23,57636,Q9P227,Homo sapiens,FALSE,Q9P227_S610s,20.98,TRUE,SIKAGRRsSYLLAIT,0,Q9P227_S610s,0.06,0.14,-0.13,-0.2,-0.06,-0.04,0.69,0.37,0.36,0.16,0.66,0.75,0.9,0.92,0.93,0.37,0.91,0.95,0.89,0.02,0.74,7,0.4,0.89,-0.92,-1.39,-0.44,-0.32
Q8IYB3_S756s,Q8IYB3,SRRM1,10250,Q8IYB3,Homo sapiens,FALSE,Q8IYB3_S756s,65.93,TRUE,SSRSVSGsPEPAAKK,0,Q8IYB3_S756s,0.15,0.11,0.04,-0.14,-0.09,0.14,0.34,0.47,0.74,0.22,0.45,0.24,0.72,0.94,0.98,0.44,0.81,0.74,0.89,0.03,0.74,15,0.94,0.72,0.34,-1.23,-0.75,1.18
Q96GS4_S93s,Q96GS4,BORCS6,54785,Q96GS4,Homo sapiens,FALSE,Q96GS4_S93s,20.49,TRUE,GTLSGAGsRRGAPGA,0,Q96GS4_S93s,-0.07,0.01,-0.19,-0.24,-0.12,-0.12,0.6,0.91,0.15,0.07,0.34,0.35,0.87,1,0.86,0.2,0.75,0.82,0.89,0.02,0.74,11,-0.53,0.11,-1.45,-1.84,-0.95,-0.93
P50395_S427s,P50395,GDI2,2665,P50395,Homo sapiens,FALSE,P50395_S427s,36.69,TRUE,IYKRMTGsEFDFEEM,0,P50395_S427s,-0.07,-0.04,-0.06,-0.16,-0.14,-0.05,0.57,0.73,0.61,0.13,0.19,0.67,0.86,0.98,0.97,0.33,0.6,0.93,0.89,0.01,0.74,2,-0.57,-0.35,-0.5,-1.5,-1.32,-0.43
P35568_S1223s,P35568,IRS1,3667,P35568,Homo sapiens,FALSE,P35568_S1223s,46.02,TRUE,SSSTRRSsEDLSAYA,0,P35568_S1223s,0.09,0.21,0.1,-0.02,0.07,0.06,0.36,0.06,0.33,0.83,0.53,0.52,0.73,0.72,0.92,0.92,0.85,0.88,0.89,0.01,0.74,5,0.92,1.87,0.97,-0.21,0.63,0.65
Q99081_S333s,Q99081,TCF12,6938,"Q99081,Q99081-3",Homo sapiens,FALSE,Q99081_S333s,35.35,TRUE,RGNAAGSsQTGDALG,0,Q99081_S333s,0.07,0.12,-0.14,-0.25,0.02,0.03,0.64,0.45,0.32,0.08,0.89,0.84,0.88,0.93,0.92,0.23,0.97,0.97,0.89,0.05,0.74,23,0.47,0.76,-1,-1.75,0.14,0.2
Q9H992_S300s,Q9H992,MARCHF7,64844,Q9H992,Homo sapiens,FALSE,Q9H992_S300s,50.46,TRUE,TFFSRRSsQDSLNTR,0,Q9H992_S300s,-0.04,-0.1,-0.08,-0.49,-0.18,0,0.61,0.28,0.33,0,0.04,0.96,0.88,0.89,0.92,0,0.31,0.99,0.89,0.06,0.74,30,-0.5,-1.07,-0.97,-5.71,-2.04,0.05
Q5VST9-6_S5508sS5512s,Q5VST9-6,OBSCN,84033,Q5VST9-6,Homo sapiens,FALSE,Q5VST9-6_S5508sS5512s,34.18,TRUE,VVVSGSEsEAESSSG|GSESEAEsSSGGELD,0,Q5VST9-6_S5508sS5512s,0.11,0.32,0.03,-0.3,0.11,-0.01,0.47,0.08,0.84,0.04,0.54,0.96,0.81,0.75,0.99,0.15,0.85,0.99,0.89,0.05,0.74,22,0.72,1.77,0.2,-2.03,0.61,-0.05
Q14247_T401t,Q14247,CTTN,2017,Q14247,Homo sapiens,FALSE,Q14247_T401t,73.34,TRUE,QARAKTQtPPVSPAP,0,Q14247_T401t,-0.21,-0.07,-0.15,-0.39,-0.17,-0.05,0.01,0.45,0.06,0,0.05,0.5,0.12,0.93,0.8,0,0.35,0.88,0.89,0.06,0.74,30,-2.5,-0.76,-1.89,-4.78,-1.93,-0.67
Q9BWS9_S90s,Q9BWS9,CHID1,66005,"Q9BWS9,Q9BWS9-2,Q9BWS9-3",Homo sapiens,FALSE,Q9BWS9_S90s,56.5,TRUE,GYVTPWNsHGYDVTK,0,Q9BWS9_S90s,-0.06,0.14,-0.03,-0.21,0,0.09,0.58,0.2,0.69,0.04,0.99,0.31,0.86,0.86,0.98,0.14,1,0.8,0.89,0.05,0.74,25,-0.56,1.28,-0.39,-2.07,0.01,1.01
Q5VST9-6_T6555t,Q5VST9-6,OBSCN,84033,Q5VST9-6,Homo sapiens,FALSE,Q5VST9-6_T6555t,36.04,TRUE,LACRVTGtPKPVISW,0,Q5VST9-6_T6555t,-0.08,0.12,0.03,-0.33,-0.04,0.09,0.43,0.26,0.83,0,0.74,0.44,0.79,0.89,0.99,0.02,0.93,0.86,0.89,0.06,0.74,30,-0.78,1.12,0.22,-2.9,-0.33,0.78
P50747_S124s,P50747,HLCS,3141,"P50747,P50747-2",Homo sapiens,FALSE,P50747_S124s,101.82,TRUE,IESVKFAsAENIPDL,0,P50747_S124s,-0.15,0.01,-0.13,-0.33,-0.09,-0.1,0.13,0.95,0.16,0,0.38,0.3,0.48,1,0.87,0,0.77,0.78,0.88,0.06,0.74,28,-1.51,0.07,-1.42,-3.45,-0.88,-1.05
Q5T5P2_T166t,Q5T5P2,KIAA1217,56243,Q5T5P2,Homo sapiens,FALSE,Q5T5P2_T166t,26.41,TRUE,PFSRGSRtRASLPVV,0,Q5T5P2_T166t,-0.06,0.09,0.06,-0.38,-0.15,0.03,0.55,0.42,0.51,0,0.18,0.76,0.85,0.93,0.96,0,0.59,0.95,0.88,0.04,0.74,20,-0.6,0.8,0.67,-3.58,-1.34,0.31
P28074_Y171y,P28074,PSMB5,5693,P28074,Homo sapiens,FALSE,P28074_Y171y,42.69,TRUE,DKRGPGLyYVDSEGN,0,P28074_Y171y,-0.08,-0.1,-0.08,-0.14,-0.11,-0.08,0.28,0.26,0.27,0.05,0.2,0.27,0.67,0.89,0.9,0.17,0.62,0.77,0.88,0.05,0.74,23,-1.07,-1.12,-1.1,-1.96,-1.28,-1.11
P52594_Y327y,P52594,AGFG1,3267,"P52594,P52594-2,P52594-3,P52594-4",Homo sapiens,FALSE,P52594_Y327y,236.55,TRUE,GLQTADKyAALANLD,0,P52594_Y327y,0.02,0.01,-0.12,-0.26,-0.17,-0.12,0.74,0.93,0.08,0,0.02,0.07,0.92,1,0.82,0,0.21,0.52,0.88,0.04,0.74,21,0.34,0.09,-1.75,-3.77,-2.31,-1.83
Q15545_T44t,Q15545,TAF7,6879,Q15545,Homo sapiens,FALSE,Q15545_T44t,1000,TRUE,VNLKDRLtIELHPDG,0,Q15545_T44t,-0.14,0.18,-0.08,-0.57,0,0.13,0.5,0.43,0.67,0.01,0.99,0.48,0.83,0.93,0.98,0.03,1,0.87,0.88,0.07,0.74,33,-0.67,0.79,-0.42,-2.79,0.02,0.71
P63151_S412s,P63151,PPP2R2A,5520,"P63151,P63151-2",Homo sapiens,FALSE,P63151_S412s,84.18,TRUE,KDEISVDsLDFNKKI,0,P63151_S412s,0.03,0.05,0.03,-0.11,0.03,0.06,0.78,0.55,0.69,0.24,0.71,0.45,0.93,0.96,0.98,0.47,0.93,0.86,0.88,0.08,0.74,37,0.28,0.6,0.4,-1.18,0.37,0.76
Q7Z7B0_S967s,Q7Z7B0,FILIP1,27145,"Q7Z7B0,Q7Z7B0-2",Homo sapiens,FALSE,Q7Z7B0_S967s,68.57,TRUE,VMPQKQKsGDTTLGP,0,Q7Z7B0_S967s,-0.11,-0.01,-0.15,-0.71,-0.24,-0.28,0.25,0.93,0.11,0,0.02,0,0.64,1,0.84,0,0.22,0.12,0.88,0.05,0.74,25,-1.15,-0.09,-1.58,-7.07,-2.28,-3.06
Q92797_S1171s,Q92797,SYMPK,8189,Q92797,Homo sapiens,FALSE,Q92797_S1171s,17.98,TRUE,VGAPSSSsPSPSPSA,0,Q92797_S1171s,-0.25,-0.18,-0.19,-0.36,-0.26,-0.18,0,0.04,0.02,0,0,0.02,0.02,0.69,0.68,0,0.03,0.33,0.88,0.05,0.74,22,-3.18,-2.05,-2.37,-4.68,-3.17,-2.39
Q14315_T2238t,Q14315,FLNC,2318,Q14315,Homo sapiens,FALSE,Q14315_T2238t,38.26,TRUE,LGSFGSItRQQEGEA,0,Q14315_T2238t,-0.09,0.09,-0.05,-0.31,-0.01,-0.02,0.46,0.45,0.58,0.01,0.93,0.82,0.8,0.93,0.97,0.03,0.98,0.97,0.88,0.07,0.74,32,-0.74,0.76,-0.55,-2.75,-0.08,-0.22
O75147_S10s,O75147,OBSL1,23363,"O75147,O75147-4",Homo sapiens,FALSE,O75147_S10s,122.47,TRUE,ASSGDQGsPPCFLRF,0,O75147_S10s,0.05,0.06,-0.01,-0.13,-0.03,-0.04,0.49,0.43,0.86,0.06,0.68,0.54,0.82,0.93,0.99,0.2,0.92,0.89,0.88,0.06,0.74,27,0.68,0.79,-0.18,-1.86,-0.41,-0.61
O00571_S102s,O00571,DDX3X,1654,O00571,Homo sapiens,FALSE,O00571_S102s,65.96,TRUE,RFDDRGRsDYDGIGS,0,O00571_S102s,-0.17,0.08,-0.18,-0.46,-0.08,-0.09,0.11,0.52,0.08,0,0.51,0.34,0.44,0.95,0.82,0,0.84,0.82,0.88,0.06,0.74,30,-1.6,0.64,-1.74,-4.35,-0.66,-0.95
Q9NQG6_S94s,Q9NQG6,MIEF1,54471,Q9NQG6,Homo sapiens,FALSE,Q9NQG6_S94s,33.81,TRUE,MKTGLSRsLQTLPTD,0,Q9NQG6_S94s,-0.13,0.01,0.01,-0.6,-0.19,-0.03,0.29,0.91,0.92,0,0.14,0.75,0.67,1,0.99,0,0.53,0.95,0.88,0.05,0.74,22,-1.06,0.11,0.1,-4.89,-1.48,-0.31
Q9NQ66_S1199s,Q9NQ66,PLCB1,23236,Q9NQ66,Homo sapiens,FALSE,Q9NQ66_S1199s,46.02,TRUE,KVNHKTPsSEELGGD,0,Q9NQ66_S1199s,-0.11,-0.08,-0.06,-0.44,-0.26,-0.12,0.39,0.56,0.65,0,0.03,0.24,0.76,0.96,0.97,0,0.25,0.75,0.88,0.04,0.74,20,-0.86,-0.58,-0.45,-3.94,-2.2,-1.17
Q711Q0_S160s,Q711Q0,CEFIP,NaN,Q711Q0,Homo sapiens,FALSE,Q711Q0_S160s,29.88,TRUE,TESQRCEsRPTASKP,0,Q711Q0_S160s,0,0.14,0.06,-0.41,0.04,0.18,0.98,0.14,0.49,0,0.68,0.03,1,0.82,0.96,0,0.91,0.38,0.88,0.08,0.74,37,0.02,1.47,0.7,-4.46,0.42,2.21
Q99798_Y513y,Q99798,ACO2,50,Q99798,Homo sapiens,FALSE,Q99798_Y513y,45.54,TRUE,KFNPETDyLTGTDGK,0,Q99798_Y513y,-0.01,0.07,-0.07,-0.18,-0.07,-0.09,0.9,0.47,0.36,0.03,0.4,0.27,0.97,0.94,0.93,0.13,0.79,0.77,0.88,0.03,0.74,16,-0.13,0.73,-0.91,-2.12,-0.84,-1.1
P52179-2_T1497t,P52179-2,MYOM1,8736,P52179-2,Homo sapiens,FALSE,P52179-2_T1497t,97.12,TRUE,EGKALNLtCNVWGDP,0,P52179-2_T1497t,-0.06,0.02,-0.02,-0.16,-0.11,-0.06,0.35,0.74,0.73,0.01,0.1,0.34,0.73,0.98,0.98,0.05,0.47,0.81,0.88,0.03,0.74,14,-0.93,0.33,-0.35,-2.55,-1.63,-0.96
Q96HC4-6_S119s,Q96HC4-6,PDLIM5,10611,Q96HC4-6,Homo sapiens,FALSE,Q96HC4-6_S119s,40.26,TRUE,AEGQRRGsQGDSKQQ,0,Q96HC4-6_S119s,0.24,0.4,0.08,-0.02,0.2,0.15,0.53,0.33,0.83,0.97,0.66,0.7,0.84,0.91,0.99,0.99,0.91,0.93,0.88,0.02,0.74,11,0.62,0.97,0.21,-0.04,0.44,0.39
Q8TEW0_S1261s,Q8TEW0,PARD3,56288,"Q8TEW0,Q8TEW0-11,Q8TEW0-2",Homo sapiens,FALSE,Q8TEW0_S1261s,20.97,TRUE,KENPRYSsYQGSRNG,0,Q8TEW0_S1261s,-0.02,-0.03,-0.08,-0.21,-0.14,0.04,0.9,0.83,0.52,0.17,0.35,0.78,0.97,0.99,0.96,0.38,0.75,0.96,0.88,0.03,0.74,13,-0.12,-0.22,-0.65,-1.37,-0.93,0.28
Q9UKX2_S1043s,Q9UKX2,MYH2,4620,Q9UKX2,Homo sapiens,FALSE,Q9UKX2_S1043s,1000,TRUE,QVDDLEGsLEQEKKL,0,Q9UKX2_S1043s,-0.05,0.11,-0.01,-0.14,-0.02,0.03,0.55,0.28,0.87,0.11,0.87,0.72,0.85,0.89,0.99,0.29,0.97,0.94,0.88,0.03,0.74,13,-0.6,1.09,-0.16,-1.6,-0.16,0.36
Q9NQC7_S560s,Q9NQC7,CYLD,1540,"Q9NQC7,Q9NQC7-2",Homo sapiens,FALSE,Q9NQC7_S560s,73.47,TRUE,NQIERCNsLAFGGYL,0,Q9NQC7_S560s,-0.06,-0.01,-0.04,-0.09,-0.05,-0.04,0.43,0.89,0.58,0.23,0.51,0.61,0.79,0.99,0.97,0.45,0.84,0.91,0.88,0.03,0.74,16,-0.78,-0.14,-0.56,-1.21,-0.66,-0.51
Q08499_S746s,Q08499,PDE4D,5144,"Q08499,Q08499-10,Q08499-11,Q08499-6",Homo sapiens,FALSE,Q08499_S746s,61.37,TRUE,TLEEDGEsDTEKDSG,0,Q08499_S746s,0.05,0.11,0.05,-0.09,-0.06,0.01,0.68,0.41,0.68,0.45,0.67,0.96,0.9,0.93,0.98,0.68,0.91,0.99,0.88,0.01,0.74,6,0.41,0.82,0.42,-0.75,-0.43,0.06
Q8WZ42-12_S21511s,Q8WZ42-12,TTN,7273,Q8WZ42-12,Homo sapiens,FALSE,Q8WZ42-12_S21511s,25.7,TRUE,EDEVVTSsHLAVHKA,0,Q8WZ42-12_S21511s,-0.01,0.02,0.02,-0.09,-0.02,0,0.81,0.69,0.75,0.12,0.68,0.97,0.94,0.97,0.98,0.3,0.92,0.99,0.88,0.04,0.74,21,-0.24,0.4,0.31,-1.57,-0.41,0.04
Q9BUI4_S205s,Q9BUI4,POLR3C,10623,Q9BUI4,Homo sapiens,FALSE,Q9BUI4_S205s,52.22,TRUE,KGKRRRSsDEDAAGE,0,Q9BUI4_S205s,-0.27,0.05,-0.23,-0.99,-0.79,-0.51,0.18,0.81,0.18,0,0,0,0.55,0.99,0.88,0,0,0.12,0.88,0.02,0.74,8,-1.35,0.23,-1.33,-5.88,-3.83,-3.06
P52179-2_S896s,P52179-2,MYOM1,8736,P52179-2,Homo sapiens,FALSE,P52179-2_S896s,120.68,TRUE,EANVKAVsEEAYKIS,0,P52179-2_S896s,0.04,0.13,0.04,-0.1,0.05,0.01,0.6,0.11,0.63,0.2,0.55,0.87,0.87,0.79,0.97,0.42,0.86,0.98,0.88,0.05,0.74,25,0.53,1.61,0.49,-1.29,0.6,0.16
P35573_Y596y,P35573,AGL,178,P35573,Homo sapiens,FALSE,P35573_Y596y,85.23,TRUE,EGRLVYRyGGEPVGS,0,P35573_Y596y,0.06,0.1,-0.01,-0.28,-0.11,-0.1,0.57,0.37,0.94,0.01,0.3,0.33,0.86,0.92,0.99,0.05,0.71,0.8,0.88,0.02,0.74,11,0.57,0.9,-0.07,-2.6,-1.05,-0.98
Q92574_S1100sS1102s,Q92574,TSC1,7248,"Q92574,Q92574-2",Homo sapiens,FALSE,Q92574_S1100sS1102s,85.52,TRUE,RELFRNKsESQCDED|LFRNKSEsQCDEDGM,0,Q92574_S1100sS1102s,0.16,0.36,0.02,-0.32,0.11,-0.03,0.36,0.07,0.93,0.06,0.57,0.87,0.74,0.73,0.99,0.18,0.87,0.98,0.88,0.05,0.74,24,0.91,1.83,0.09,-1.91,0.57,-0.16
P04040_Y84y,P04040,CAT,847,P04040,Homo sapiens,FALSE,P04040_Y84y,143.14,TRUE,KGAGAFGyFEVTHDI,0,P04040_Y84y,-0.06,0.05,-0.05,-0.26,-0.25,-0.11,0.56,0.7,0.64,0.01,0.04,0.28,0.86,0.97,0.97,0.05,0.31,0.77,0.88,0.01,0.74,4,-0.58,0.39,-0.46,-2.53,-2.03,-1.08
Q9UPQ0-3_S1350s,Q9UPQ0-3,LIMCH1,22998,Q9UPQ0-3,Homo sapiens,FALSE,Q9UPQ0-3_S1350s,127.22,TRUE,KTLPLDKsINHQIES,0,Q9UPQ0-3_S1350s,-0.04,0.04,-0.03,-0.23,-0.25,-0.03,0.82,0.82,0.8,0.12,0.13,0.82,0.95,0.99,0.99,0.31,0.53,0.97,0.88,0.01,0.74,2,-0.23,0.22,-0.26,-1.54,-1.5,-0.22
Q86UU1_S578sS583s,Q86UU1,PHLDB1,23187,Q86UU1,Homo sapiens,FALSE,Q86UU1_S578sS583s,53.33,TRUE,VTRERKNsITEISDN|KNSITEIsDNEDDLL,0,Q86UU1_S578sS583s,-0.09,-0.03,-0.19,-0.29,-0.09,0.01,0.46,0.81,0.09,0.01,0.44,0.9,0.8,0.99,0.83,0.05,0.8,0.98,0.88,0.06,0.74,30,-0.74,-0.23,-1.68,-2.55,-0.78,0.12
Q13098_S314s,Q13098,GPS1,2873,"Q13098,Q13098-5,Q13098-7",Homo sapiens,FALSE,Q13098_S314s,41.94,TRUE,QRNVISSsSFKLFLE,0,Q13098_S314s,-0.04,0.13,0,-0.14,0,0.01,0.51,0.05,0.93,0.01,1,0.89,0.83,0.71,0.99,0.05,1,0.98,0.88,0.04,0.74,18,-0.66,1.93,-0.09,-2.53,0,0.14
Q8WZ42-12_S8538s,Q8WZ42-12,TTN,7273,Q8WZ42-12,Homo sapiens,FALSE,Q8WZ42-12_S8538s,51.7,TRUE,SNIAGKDsCSAQLGV,0,Q8WZ42-12_S8538s,0.09,0.19,0.03,-0.1,0.03,0,0.4,0.11,0.77,0.34,0.78,0.99,0.76,0.79,0.99,0.57,0.94,1,0.88,0.03,0.74,12,0.85,1.61,0.29,-0.96,0.28,-0.02
O75069_S438s,O75069,TMCC2,9911,"O75069,O75069-2",Homo sapiens,FALSE,O75069_S438s,1000,TRUE,LIRNKFGsADNIAHL,0,O75069_S438s,-0.12,0.09,-0.15,-0.48,-0.01,-0.04,0.28,0.44,0.16,0,0.94,0.68,0.67,0.93,0.88,0,0.99,0.93,0.88,0.08,0.74,40,-1.07,0.77,-1.39,-4.43,-0.07,-0.41
P11021_S354s,P11021,HSPA5,3309,P11021,Homo sapiens,FALSE,P11021_S354s,225.13,TRUE,EDSDLKKsDIDEIVL,0,P11021_S354s,-0.04,0.04,0.03,-0.17,-0.09,0.02,0.59,0.63,0.66,0.01,0.25,0.77,0.87,0.97,0.97,0.04,0.67,0.96,0.88,0.04,0.74,20,-0.54,0.48,0.44,-2.68,-1.15,0.29
O00330_S162s,O00330,PDHX,8050,"O00330,O00330-3",Homo sapiens,FALSE,O00330_S162s,55.42,TRUE,KPSEPRPsPEPQISI,0,O00330_S162s,-0.1,-0.13,-0.1,-0.31,-0.2,-0.04,0.33,0.25,0.29,0,0.05,0.63,0.71,0.88,0.91,0.01,0.35,0.92,0.88,0.05,0.74,25,-0.98,-1.16,-1.07,-3.12,-1.92,-0.48
Q16204_S352s,Q16204,CCDC6,8030,Q16204,Homo sapiens,FALSE,Q16204_S352s,45.54,TRUE,LRPRTVSsPIPYTPS,0,Q16204_S352s,-0.13,0.04,-0.03,-0.35,-0.2,-0.1,0.15,0.76,0.71,0,0.07,0.23,0.51,0.98,0.98,0,0.41,0.73,0.88,0.04,0.74,20,-1.43,0.31,-0.37,-3.77,-1.78,-1.21
P19634_S785s,P19634,SLC9A1,6548,P19634,Homo sapiens,FALSE,P19634_S785s,49.21,TRUE,FTPAPSDsPSSQRIQ,0,P19634_S785s,-0.16,0.03,-0.2,-0.36,-0.15,-0.18,0.07,0.79,0.03,0,0.12,0.05,0.35,0.99,0.72,0,0.5,0.46,0.88,0.05,0.74,23,-1.8,0.27,-2.14,-3.94,-1.58,-1.99
P15880_Y266y,P15880,RPS2,6187,P15880,Homo sapiens,FALSE,P15880_Y266y,19.23,TRUE,TVFTKSPyQEFTDHL,0,P15880_Y266y,0.06,-0.01,0.02,-0.28,-0.09,0.02,0.59,0.96,0.87,0.01,0.46,0.83,0.87,1,0.99,0.03,0.82,0.97,0.88,0.07,0.74,35,0.54,-0.05,0.16,-2.72,-0.74,0.22
P35499_S1761s,P35499,SCN4A,6329,P35499,Homo sapiens,FALSE,P35499_S1761s,82.5,TRUE,YRHSHDGsGDDAPEK,0,P35499_S1761s,-0.12,-0.03,-0.07,-0.17,-0.14,-0.08,0.27,0.76,0.46,0.1,0.22,0.42,0.66,0.98,0.95,0.26,0.63,0.85,0.88,0.02,0.74,7,-1.1,-0.3,-0.73,-1.66,-1.23,-0.81
A4UGR9_S3210s,A4UGR9,XIRP2,129446,"A4UGR9,A4UGR9-2,A4UGR9-8",Homo sapiens,FALSE,A4UGR9_S3210s,42.69,TRUE,LTSLGNTsFTDFSCK,0,A4UGR9_S3210s,0.26,0.24,0.01,-0.25,0.13,0.37,0.11,0.17,0.96,0.11,0.44,0.01,0.44,0.85,1,0.3,0.8,0.29,0.88,0.07,0.74,32,1.59,1.36,0.05,-1.58,0.78,2.47
Q8N6H7_S240s,Q8N6H7,ARFGAP2,84364,Q8N6H7,Homo sapiens,FALSE,Q8N6H7_S240s,60.65,TRUE,AQKVSSQsFSEIERQ,0,Q8N6H7_S240s,0.2,0.23,0.06,-0.28,0.12,0.03,0.13,0.12,0.61,0.03,0.39,0.8,0.48,0.81,0.97,0.11,0.78,0.96,0.88,0.09,0.74,43,1.5,1.55,0.51,-2.17,0.86,0.25
Q99576-3_S34s,Q99576-3,TSC22D3,1831,Q99576-3,Homo sapiens,FALSE,Q99576-3_S34s,50.46,TRUE,SGLQRGSsGENNNPG,0,Q99576-3_S34s,-0.15,-0.09,-0.1,-0.35,-0.21,-0.17,0.1,0.38,0.25,0,0.03,0.05,0.42,0.92,0.9,0,0.27,0.47,0.87,0.06,0.74,27,-1.65,-0.88,-1.15,-3.87,-2.15,-1.97
P48681_S346s,P48681,NES,10763,P48681,Homo sapiens,FALSE,P48681_S346s,48.11,TRUE,PEGRRLGsLLPVLSP,0,P48681_S346s,-0.07,-0.16,-0.16,-0.54,-0.24,-0.18,0.66,0.38,0.32,0,0.19,0.25,0.89,0.92,0.92,0.01,0.6,0.75,0.87,0.07,0.74,33,-0.44,-0.89,-1,-3.11,-1.31,-1.16
Q8WZ42-12_Y32570y,Q8WZ42-12,TTN,7273,Q8WZ42-12,Homo sapiens,FALSE,Q8WZ42-12_Y32570y,150.97,TRUE,GLTEGLEyEHRVTAI,0,Q8WZ42-12_Y32570y,-0.09,0.19,-0.05,-0.2,-0.06,0.01,0.52,0.17,0.67,0.1,0.66,0.95,0.83,0.85,0.97,0.27,0.91,0.99,0.87,0.03,0.74,15,-0.65,1.36,-0.43,-1.63,-0.44,0.06
Q6ZSR9_S175s,Q6ZSR9,NA,NaN,Q6ZSR9,Homo sapiens,FALSE,Q6ZSR9_S175s,47.49,TRUE,APFTKKKsMEELTVI,0,Q6ZSR9_S175s,0.31,0.45,0.16,0.1,0.24,0.22,0.05,0.01,0.31,0.52,0.15,0.16,0.29,0.56,0.92,0.72,0.55,0.66,0.87,0.02,0.74,11,1.94,2.51,1.02,0.65,1.43,1.42
P35609_S449s,P35609,ACTN2,88,P35609,Homo sapiens,FALSE,P35609_S449s,1000,TRUE,RKHEAFEsDLAAHQD,0,P35609_S449s,-0.07,0.02,-0.03,-0.13,-0.07,0,0.19,0.72,0.52,0.02,0.22,0.99,0.57,0.98,0.96,0.09,0.64,1,0.87,0.02,0.74,11,-1.32,0.35,-0.65,-2.29,-1.22,0.01
Q5VWP3-3_T603t,Q5VWP3-3,MLIP,90523,Q5VWP3-3,Homo sapiens,FALSE,Q5VWP3-3_T603t,69.67,TRUE,PPINQRAtFSSSEKC,0,Q5VWP3-3_T603t,0.05,0.24,0.01,-0.06,0.06,0.13,0.81,0.23,0.97,0.76,0.76,0.44,0.94,0.88,1,0.89,0.94,0.86,0.87,0.02,0.74,10,0.25,1.21,0.03,-0.31,0.31,0.77
Q9NZM3_S889s,Q9NZM3,ITSN2,50618,"Q9NZM3,Q9NZM3-2,Q9NZM3-3,Q9NZM3-4",Homo sapiens,FALSE,Q9NZM3_S889s,47.28,TRUE,TVSPGSVsPIHGQGQ,0,Q9NZM3_S889s,-0.16,-0.04,-0.11,-0.23,-0.15,-0.08,0.01,0.49,0.06,0,0.02,0.2,0.09,0.94,0.8,0,0.19,0.71,0.87,0.03,0.74,14,-2.64,-0.69,-1.91,-3.69,-2.38,-1.29
Q15154-5_S116s,Q15154-5,PCM1,5108,Q15154-5,Homo sapiens,FALSE,Q15154-5_S116s,79.93,TRUE,FSDLDQRsIGSDSQG,0,Q15154-5_S116s,0.05,0.31,0.03,-0.59,0.17,0.05,0.75,0.08,0.85,0,0.33,0.77,0.92,0.76,0.99,0,0.74,0.96,0.87,0.09,0.74,46,0.32,1.75,0.18,-3.82,0.97,0.29
Q9P266_S678s,Q9P266,JCAD,57608,Q9P266,Homo sapiens,FALSE,Q9P266_S678s,39.54,TRUE,KHRELKHsGSWPGHR,0,Q9P266_S678s,-0.21,0.07,-0.09,-0.58,-0.29,-0.22,0.08,0.63,0.47,0,0.05,0.08,0.38,0.97,0.95,0,0.33,0.56,0.87,0.03,0.74,16,-1.73,0.48,-0.72,-4.36,-1.97,-1.73
Q5VWP3-3_S174s,Q5VWP3-3,MLIP,90523,Q5VWP3-3,Homo sapiens,FALSE,Q5VWP3-3_S174s,147.48,TRUE,TAAVRPKsLAISSSL,0,Q5VWP3-3_S174s,0.07,0.13,-0.05,-0.12,-0.02,-0.03,0.49,0.3,0.65,0.25,0.87,0.79,0.82,0.9,0.97,0.48,0.97,0.96,0.87,0.03,0.74,12,0.69,1.04,-0.45,-1.14,-0.16,-0.27
Q9UI47_S650s,Q9UI47,CTNNA3,29119,Q9UI47,Homo sapiens,FALSE,Q9UI47_S650s,48.75,TRUE,HEVRSHTsIQTEGKT,0,Q9UI47_S650s,-0.07,0.11,0.08,-0.53,-0.31,-0.02,0.49,0.32,0.37,0,0,0.79,0.82,0.91,0.93,0,0.05,0.96,0.87,0.05,0.74,22,-0.69,0.98,0.89,-5.4,-3.06,-0.27
Q15149_S4642s,Q15149,PLEC,5339,Q15149,Homo sapiens,FALSE,Q15149_S4642s,53.33,TRUE,RAGSRRGsFDATGSG,0,Q15149_S4642s,0,0.09,0.06,-0.13,-0.04,0.02,0.94,0.17,0.3,0.02,0.51,0.72,0.98,0.85,0.91,0.09,0.84,0.94,0.87,0.05,0.74,23,-0.07,1.38,1.04,-2.27,-0.66,0.36
Q0ZGT2_S226s,Q0ZGT2,NEXN,91624,"Q0ZGT2,Q0ZGT2-4",Homo sapiens,FALSE,Q0ZGT2_S226s,220.81,TRUE,LKEAKCLsLVMDDEI,0,Q0ZGT2_S226s,0.1,0.24,-0.09,-0.37,0.13,0.03,0.31,0.04,0.35,0,0.23,0.78,0.69,0.68,0.93,0,0.65,0.96,0.87,0.08,0.74,38,1.01,2.1,-0.94,-3.58,1.21,0.28
Q13501_T269t,Q13501,SQSTM1,8878,Q13501,Homo sapiens,FALSE,Q13501_T269t,118.37,TRUE,GGKRSRLtPVSPESS,0,Q13501_T269t,-0.28,0.09,-0.02,-0.81,-0.24,-0.05,0,0.37,0.81,0,0.02,0.6,0.04,0.92,0.99,0,0.19,0.91,0.87,0.05,0.74,23,-3.01,0.9,-0.24,-8.21,-2.38,-0.52
Q9Y608_S186s,Q9Y608,LRRFIP2,9209,Q9Y608,Homo sapiens,FALSE,Q9Y608_S186s,27.33,TRUE,DPLATYKsDRASPTA,0,Q9Y608_S186s,-0.01,0.08,0.07,-0.24,-0.02,0.06,0.9,0.45,0.49,0.01,0.88,0.56,0.97,0.94,0.96,0.06,0.97,0.9,0.87,0.04,0.74,21,-0.13,0.75,0.7,-2.49,-0.15,0.58
Q13480-2_T714t,Q13480-2,GAB1,2549,Q13480-2,Homo sapiens,FALSE,Q13480-2_T714t,52.22,TRUE,WTDGRQStESETPAK,0,Q13480-2_T714t,0.04,0.13,0.06,-0.3,0.02,-0.02,0.77,0.38,0.67,0.03,0.87,0.89,0.93,0.92,0.98,0.1,0.97,0.98,0.87,0.06,0.74,31,0.29,0.87,0.42,-2.23,0.16,-0.14
O14639-6_S610s,O14639-6,ABLIM1,3983,O14639-6,Homo sapiens,FALSE,O14639-6_S610s,33.55,TRUE,LLASRYDsPINSASH,0,O14639-6_S610s,-0.45,0.15,-0.31,-1.04,-0.71,-0.53,0.12,0.61,0.25,0,0.01,0.04,0.47,0.97,0.9,0,0.16,0.45,0.87,0.02,0.74,9,-1.54,0.51,-1.14,-3.82,-2.48,-2.03
Q5VTT5_S456s,Q5VTT5,MYOM3,127294,Q5VTT5,Homo sapiens,FALSE,Q5VTT5_S456s,24.77,TRUE,AISRVGSsVPSKASE,0,Q5VTT5_S456s,-0.11,-0.08,-0.07,-0.19,-0.14,-0.07,0.38,0.53,0.54,0.12,0.24,0.51,0.75,0.95,0.96,0.31,0.66,0.88,0.87,0.05,0.74,23,-0.88,-0.62,-0.61,-1.55,-1.16,-0.66
Q96S90_S99s,Q96S90,LYSMD1,388695,Q96S90,Homo sapiens,FALSE,Q96S90_S99s,1000,TRUE,DLFNGLDsEEEKDGE,0,Q96S90_S99s,-0.29,-0.11,-0.13,-0.66,-0.28,-0.14,0.01,0.32,0.21,0,0.01,0.17,0.07,0.91,0.9,0,0.13,0.69,0.87,0.04,0.74,21,-2.72,-0.99,-1.25,-6.09,-2.58,-1.36
P14618-2_S222s,P14618-2,PKM,5315,P14618-2,Homo sapiens,FALSE,P14618-2_S222s,1000,TRUE,AVDLPAVsEKDIQDL,0,P14618-2_S222s,0.15,0.11,0.11,-0.11,0.05,0.15,0.12,0.33,0.27,0.24,0.65,0.1,0.46,0.91,0.9,0.47,0.9,0.58,0.87,0.07,0.74,35,1.56,0.98,1.11,-1.17,0.45,1.65
Q8WZ42-12_S6452s,Q8WZ42-12,TTN,7273,Q8WZ42-12,Homo sapiens,FALSE,Q8WZ42-12_S6452s,95.55,TRUE,QSVMKQDsGQYTFKV,0,Q8WZ42-12_S6452s,0,0.08,-0.04,-0.07,0,0.01,0.99,0.21,0.44,0.24,0.98,0.81,1,0.87,0.95,0.46,0.99,0.97,0.87,0.03,0.74,14,-0.01,1.26,-0.77,-1.19,0.03,0.24
Q14315_T1464t,Q14315,FLNC,2318,Q14315,Homo sapiens,FALSE,Q14315_T1464t,55.38,TRUE,VRARVPQtFTVDCSQ,0,Q14315_T1464t,0.06,0.09,0.03,-0.02,0.08,0.08,0.42,0.3,0.67,0.84,0.35,0.29,0.78,0.9,0.97,0.93,0.75,0.78,0.87,0.09,0.74,42,0.8,1.03,0.43,-0.21,0.94,1.05
P20929-2_S2182s,P20929-2,NEB,4703,P20929-2,Homo sapiens,FALSE,P20929-2_S2182s,122.64,TRUE,WYKGLGWsPAGSLEV,0,P20929-2_S2182s,0,0.03,-0.06,-0.07,-0.04,-0.02,0.96,0.69,0.29,0.25,0.53,0.76,0.99,0.97,0.91,0.48,0.85,0.95,0.87,0.01,0.74,4,-0.05,0.4,-1.06,-1.15,-0.63,-0.3
P52179-2_S95s,P52179-2,MYOM1,8736,P52179-2,Homo sapiens,FALSE,P52179-2_S95s,17.47,TRUE,SAYDYGSsHGLTDSS,0,P52179-2_S95s,-0.01,0.01,0.06,-0.51,-0.19,0.04,0.9,0.96,0.54,0,0.06,0.68,0.97,1,0.96,0,0.36,0.93,0.87,0.07,0.74,36,-0.13,0.05,0.62,-4.67,-1.91,0.41
Q8WZ42-12_Y32485y,Q8WZ42-12,TTN,7273,Q8WZ42-12,Homo sapiens,FALSE,Q8WZ42-12_Y32485y,58.65,TRUE,NRFGIGSyLQSEVIE,0,Q8WZ42-12_Y32485y,0.03,0.1,0.03,-0.12,-0.02,-0.03,0.74,0.33,0.73,0.16,0.86,0.74,0.92,0.91,0.98,0.36,0.97,0.95,0.87,0.04,0.74,18,0.33,0.97,0.35,-1.41,-0.17,-0.33
Q7RTP6-5_S794s,Q7RTP6-5,MICAL3,57553,Q7RTP6-5,Homo sapiens,FALSE,Q7RTP6-5_S794s,1000,TRUE,ADNRGKQsPHHERPE,0,Q7RTP6-5_S794s,-0.11,0.02,-0.04,-0.27,-0.08,0.01,0.27,0.84,0.73,0.01,0.45,0.9,0.65,0.99,0.98,0.05,0.81,0.98,0.87,0.07,0.74,35,-1.1,0.2,-0.35,-2.54,-0.75,0.13
Q96Q15_S142s,Q96Q15,SMG1,23049,Q96Q15,Homo sapiens,FALSE,Q96Q15_S142s,40.2,TRUE,KSQERSMsYSDESRL,0,Q96Q15_S142s,0.23,0.22,0.09,0.04,0.16,0.16,0.11,0.16,0.52,0.75,0.29,0.22,0.44,0.84,0.96,0.88,0.7,0.73,0.87,0.05,0.74,26,1.59,1.4,0.64,0.31,1.06,1.23
P02585_S13s,P02585,TNNC2,7125,P02585,Homo sapiens,FALSE,P02585_S13s,58.25,TRUE,AEARSYLsEEMIAEF,0,P02585_S13s,0.09,0.25,0.06,-0.05,0.14,0.24,0.38,0.09,0.62,0.62,0.31,0.04,0.75,0.78,0.97,0.8,0.72,0.43,0.87,0.06,0.74,27,0.87,1.7,0.49,-0.5,1.01,2.1
O43488_S255s,O43488,AKR7A2,8574,O43488,Homo sapiens,FALSE,O43488_S255s,118.88,TRUE,VGRFFGNsWAETYRN,0,O43488_S255s,-0.01,0.09,-0.04,-0.12,0.02,-0.01,0.91,0.39,0.69,0.15,0.83,0.91,0.98,0.92,0.98,0.35,0.96,0.98,0.87,0.05,0.74,23,-0.11,0.86,-0.4,-1.45,0.22,-0.11
Q9H2G2_S571s,Q9H2G2,SLK,9748,"Q9H2G2,Q9H2G2-2",Homo sapiens,FALSE,Q9H2G2_S571s,73.66,TRUE,DSAEDTQsNDGKEVV,0,Q9H2G2_S571s,0.06,0.06,-0.05,-0.12,0.03,0.08,0.63,0.68,0.69,0.31,0.82,0.49,0.88,0.97,0.98,0.54,0.95,0.88,0.87,0.07,0.74,33,0.48,0.41,-0.4,-1.01,0.23,0.69
Q2M2I8_T389t,Q2M2I8,AAK1,22848,Q2M2I8,Homo sapiens,FALSE,Q2M2I8_T389t,167.65,TRUE,LPIQPALtPRKRATV,0,Q2M2I8_T389t,-0.09,0.04,-0.18,-0.22,-0.1,-0.04,0.48,0.76,0.14,0.09,0.44,0.69,0.82,0.98,0.86,0.24,0.8,0.93,0.87,0.02,0.74,8,-0.71,0.31,-1.49,-1.72,-0.77,-0.39
Q13561_T198t,Q13561,DCTN2,10540,"Q13561,Q13561-2,Q13561-3",Homo sapiens,FALSE,Q13561_T198t,28.34,TRUE,SGGKTTGtPPDSSLV,0,Q13561_T198t,0.01,0.16,-0.03,-0.09,0.01,0.01,0.92,0.05,0.73,0.21,0.87,0.84,0.98,0.71,0.98,0.43,0.97,0.97,0.87,0.03,0.74,14,0.1,1.93,-0.35,-1.25,0.16,0.2
Q8WZ42-12_Y17132y,Q8WZ42-12,TTN,7273,Q8WZ42-12,Homo sapiens,FALSE,Q8WZ42-12_Y17132y,1000,TRUE,NKVGGGEyIELKNPV,0,Q8WZ42-12_Y17132y,-0.01,0.02,-0.06,-0.08,-0.08,-0.03,0.93,0.71,0.26,0.17,0.2,0.6,0.98,0.98,0.9,0.37,0.61,0.91,0.87,0.01,0.74,3,-0.09,0.37,-1.13,-1.39,-1.28,-0.53
Q02952_T649tS651s,Q02952,AKAP12,9590,Q02952,Homo sapiens,FALSE,Q02952_T649tS651s,32.35,TRUE,TLSSTEStASEMQEE|SSTESTAsEMQEEMK,0,Q02952_T649tS651s,-0.1,0.06,-0.09,-0.21,-0.05,-0.03,0.63,0.8,0.68,0.31,0.84,0.9,0.88,0.99,0.98,0.55,0.96,0.98,0.87,0.04,0.74,21,-0.48,0.25,-0.41,-1.01,-0.21,-0.13
Q2TAL5_T96tS101s,Q2TAL5,SMTNL2,342527,Q2TAL5,Homo sapiens,FALSE,Q2TAL5_T96tS101s,49.6,TRUE,GMSPVPGtPGTPSPP|PGTPGTPsPPPAPGV,0,Q2TAL5_T96tS101s,-0.04,0,-0.01,-0.12,-0.1,-0.04,0.6,0.99,0.87,0.09,0.21,0.57,0.87,1,0.99,0.24,0.63,0.9,0.87,0.03,0.74,16,-0.52,-0.01,-0.17,-1.72,-1.24,-0.57
Q14814-2_T285t,Q14814-2,MEF2D,4209,Q14814-2,Homo sapiens,FALSE,Q14814-2_T285t,1000,TRUE,KGLMHHLtEDHLDLN,0,Q14814-2_T285t,0.17,0.25,0.21,0.07,0.17,0.25,0.28,0.12,0.18,0.66,0.28,0.08,0.66,0.8,0.88,0.82,0.69,0.55,0.87,0.07,0.74,34,1.09,1.57,1.35,0.45,1.09,1.75
Q8WWI1_S1595sS1597s,Q8WWI1,LMO7,4008,Q8WWI1,Homo sapiens,FALSE,Q8WWI1_S1595sS1597s,30.07,TRUE,TPRSHSPsASQSGSQ|RSHSPSAsQSGSQLR,0,Q8WWI1_S1595sS1597s,-0.01,0.29,-0.16,-0.37,0.08,0,0.95,0.12,0.26,0.01,0.66,0.99,0.99,0.8,0.9,0.05,0.91,1,0.87,0.05,0.74,22,-0.07,1.57,-1.11,-2.56,0.44,0.01
Q27J81_T1179t,Q27J81,INF2,64423,Q27J81,Homo sapiens,FALSE,Q27J81_T1179t,59.44,TRUE,EDEDEEDtAPESALD,0,Q27J81_T1179t,0.03,0,-0.04,-0.28,-0.21,-0.03,0.87,1,0.81,0.1,0.16,0.83,0.96,1,0.99,0.28,0.56,0.97,0.87,0.02,0.74,9,0.16,0,-0.24,-1.62,-1.42,-0.21
P00568_S178s,P00568,AK1,203,P00568,Homo sapiens,FALSE,P00568_S178s,68.34,TRUE,RKVNAEGsVDSVFSQ,0,P00568_S178s,-0.01,0.02,-0.01,-0.04,-0.04,0,0.95,0.84,0.87,0.67,0.63,0.99,0.99,0.99,0.99,0.83,0.89,1,0.87,0.01,0.74,6,-0.07,0.2,-0.17,-0.43,-0.49,0.01
Q8WZ42-12_T16393t,Q8WZ42-12,TTN,7273,Q8WZ42-12,Homo sapiens,FALSE,Q8WZ42-12_T16393t,55.22,TRUE,YVVERRAtDSEVWHK,0,Q8WZ42-12_T16393t,0.03,-0.01,-0.02,-0.24,-0.16,-0.07,0.75,0.96,0.83,0.01,0.15,0.46,0.92,1,0.99,0.06,0.55,0.87,0.87,0.03,0.74,16,0.32,-0.05,-0.21,-2.47,-1.45,-0.74
Q86VF7_S613s,Q86VF7,NRAP,4892,"Q86VF7,Q86VF7-2",Homo sapiens,FALSE,Q86VF7_S613s,23.98,TRUE,LQIAKMSsEVEYKKG,0,Q86VF7_S613s,0.27,0.28,0.18,-0.13,0.26,0.33,0.18,0.15,0.31,0.49,0.16,0.05,0.55,0.83,0.92,0.7,0.57,0.48,0.87,0.1,0.74,50,1.34,1.45,1.01,-0.7,1.39,1.93
O75064_S736s,O75064,DENND4B,9909,O75064,Homo sapiens,FALSE,O75064_S736s,36.69,TRUE,PSRSAPSsPAPRRTK,0,O75064_S736s,0.05,0.13,0.04,0.02,0.04,0.08,0.51,0.16,0.57,0.78,0.69,0.31,0.83,0.84,0.97,0.9,0.92,0.79,0.87,0,0.74,0,0.66,1.42,0.57,0.28,0.4,1.02
Q8WZ42-6_S5306s,Q8WZ42-6,TTN,7273,Q8WZ42-6,Homo sapiens,FALSE,Q8WZ42-6_S5306s,39.68,TRUE,TTSSRTPsPQEIVLE,0,Q8WZ42-6_S5306s,-0.04,0.07,0.06,-0.24,-0.1,0.05,0.51,0.32,0.36,0,0.15,0.39,0.83,0.91,0.93,0,0.55,0.83,0.87,0.04,0.74,21,-0.66,0.99,0.92,-3.69,-1.45,0.87
Q8WXH0_T6365t,Q8WXH0,SYNE2,23224,"Q8WXH0,Q8WXH0-2",Homo sapiens,FALSE,Q8WXH0_T6365t,29.72,TRUE,KEASENEtDMEDPRE,0,Q8WXH0_T6365t,-0.14,0.02,-0.04,-0.28,-0.09,-0.02,0.17,0.87,0.65,0,0.37,0.81,0.54,0.99,0.97,0.02,0.77,0.97,0.87,0.07,0.74,32,-1.37,0.16,-0.46,-3.02,-0.9,-0.24
Q5VZP5_S522s,Q5VZP5,STYXL2,92235,Q5VZP5,Homo sapiens,FALSE,Q5VZP5_S522s,66.6,TRUE,VREDDEDsVGSEASS,0,Q5VZP5_S522s,0.12,0.12,0.06,-0.14,-0.09,0.01,0.11,0.17,0.39,0.05,0.29,0.84,0.43,0.85,0.94,0.18,0.7,0.97,0.87,0.03,0.74,16,1.61,1.38,0.87,-1.92,-1.07,0.2
Q8WZ42-12_S10638s,Q8WZ42-12,TTN,7273,Q8WZ42-12,Homo sapiens,FALSE,Q8WZ42-12_S10638s,1000,TRUE,IVTQREEsPPPAVPE,0,Q8WZ42-12_S10638s,-0.02,-0.03,-0.04,-0.14,-0.1,-0.07,0.65,0.55,0.38,0.01,0.07,0.14,0.89,0.96,0.93,0.03,0.41,0.64,0.87,0.03,0.74,14,-0.45,-0.59,-0.89,-2.77,-1.79,-1.48
P60900_Y23y,P60900,PSMA6,5687,P60900,Homo sapiens,FALSE,P60900_Y23y,201.83,TRUE,FSPEGRLyQVEYAFK,0,P60900_Y23y,-0.09,-0.03,-0.07,-0.27,-0.09,-0.11,0.25,0.75,0.32,0,0.28,0.12,0.64,0.98,0.92,0,0.69,0.62,0.87,0.08,0.74,39,-1.15,-0.31,-0.99,-3.68,-1.08,-1.54
P24723_T656t,P24723,PRKCH,5583,"P24723,P24723-2",Homo sapiens,FALSE,P24723_T656t,1000,TRUE,IKEEPVLtPIDEGHL,0,P24723_T656t,-0.17,-0.15,-0.13,-0.32,-0.28,-0.11,0.1,0.15,0.17,0,0.01,0.25,0.41,0.84,0.88,0.01,0.12,0.75,0.87,0.04,0.74,19,-1.66,-1.43,-1.38,-3.2,-2.62,-1.16
Q96AQ6_S355s,Q96AQ6,PBXIP1,57326,"Q96AQ6,Q96AQ6-2",Homo sapiens,FALSE,Q96AQ6_S355s,1000,TRUE,GPDGVCLsGGRGPQG,0,Q96AQ6_S355s,0.02,0.15,0,-0.1,-0.06,-0.02,0.86,0.31,0.98,0.43,0.65,0.86,0.96,0.9,1,0.66,0.9,0.97,0.87,0.01,0.74,4,0.18,1.01,0.03,-0.78,-0.45,-0.17
Q86TC9_S112s,Q86TC9,MYPN,84665,Q86TC9,Homo sapiens,FALSE,Q86TC9_S112s,68.44,TRUE,MKHSPNLsFEPNFCQ,0,Q86TC9_S112s,0.06,0.22,0.04,-0.24,0.13,0.05,0.56,0.05,0.7,0.02,0.22,0.61,0.85,0.71,0.98,0.08,0.64,0.91,0.87,0.1,0.74,48,0.58,1.92,0.38,-2.37,1.22,0.51
Q8WZ42-12_T24320t,Q8WZ42-12,TTN,7273,Q8WZ42-12,Homo sapiens,FALSE,Q8WZ42-12_T24320t,1000,TRUE,PFYKACDtVFKPGPP,0,Q8WZ42-12_T24320t,0.14,0.24,-0.05,-0.07,-0.07,0.12,0.46,0.2,0.8,0.69,0.68,0.46,0.8,0.87,0.99,0.84,0.92,0.87,0.87,0.01,0.74,5,0.74,1.27,-0.25,-0.4,-0.41,0.74
Q5SV97_S633s,Q5SV97,PERM1,84808,Q5SV97,Homo sapiens,FALSE,Q5SV97_S633s,1000,TRUE,QRSRRRGsPEPLPRA,0,Q5SV97_S633s,0.01,0.07,0.02,-0.23,-0.16,-0.06,0.9,0.4,0.78,0,0.04,0.32,0.97,0.93,0.99,0.01,0.29,0.8,0.87,0.02,0.74,11,0.13,0.84,0.28,-3.31,-2.1,-1
Q8N6N3_S158s,Q8N6N3,C1orf52,148423,Q8N6N3,Homo sapiens,FALSE,Q8N6N3_S158s,97.09,TRUE,EGEETLEsDDEKDEH,0,Q8N6N3_S158s,-0.09,0.04,-0.02,-0.18,-0.09,0.02,0.24,0.66,0.82,0.02,0.27,0.83,0.62,0.97,0.99,0.07,0.69,0.97,0.87,0.04,0.74,21,-1.18,0.44,-0.22,-2.42,-1.1,0.22
P12882_S1482s,P12882,MYH1,4619,P12882,Homo sapiens,FALSE,P12882_S1482s,43.1,TRUE,QKESRSLsTELFKIK,0,P12882_S1482s,-0.19,-0.07,-0.25,-0.34,-0.16,-0.16,0.09,0.55,0.02,0,0.17,0.11,0.38,0.96,0.7,0.01,0.57,0.6,0.87,0.04,0.74,20,-1.72,-0.6,-2.27,-3.08,-1.38,-1.59
P49321_S451s,P49321,NASP,4678,"P49321,P49321-3,P49321-4",Homo sapiens,FALSE,P49321_S451s,55.13,TRUE,AQGATEKsPEDKVQI,0,P49321_S451s,-0.08,0.03,-0.07,-0.22,-0.12,-0.14,0.35,0.78,0.46,0.01,0.18,0.15,0.73,0.98,0.95,0.05,0.59,0.66,0.87,0.03,0.74,16,-0.94,0.28,-0.74,-2.59,-1.33,-1.43
Q8WZ42-12_S18024s,Q8WZ42-12,TTN,7273,Q8WZ42-12,Homo sapiens,FALSE,Q8WZ42-12_S18024s,88.87,TRUE,TKEEVSRsEAKTELS,0,Q8WZ42-12_S18024s,0.02,0.14,0.01,-0.1,-0.05,-0.02,0.72,0.06,0.87,0.14,0.46,0.74,0.91,0.72,0.99,0.34,0.81,0.95,0.87,0.01,0.74,4,0.35,1.87,0.16,-1.47,-0.75,-0.33
Q9UKX2_S1205s,Q9UKX2,MYH2,4620,Q9UKX2,Homo sapiens,FALSE,Q9UKX2_S1205s,1000,TRUE,LRKKHADsVAELGEQ,0,Q9UKX2_S1205s,-0.02,0.09,0,-0.08,0,0.01,0.74,0.22,0.99,0.22,0.97,0.86,0.92,0.87,1,0.44,0.99,0.97,0.86,0.04,0.74,18,-0.33,1.23,0.01,-1.23,0.04,0.18
Q8WZ42-12_S18836s,Q8WZ42-12,TTN,7273,Q8WZ42-12,Homo sapiens,FALSE,Q8WZ42-12_S18836s,26.98,TRUE,RKTWVHVsSEPKECT,0,Q8WZ42-12_S18836s,0.01,0.02,0.04,-0.13,-0.05,0.04,0.84,0.8,0.58,0.05,0.49,0.54,0.96,0.99,0.97,0.16,0.83,0.89,0.86,0.07,0.74,33,0.2,0.26,0.56,-2,-0.69,0.61
Q8WXG6_S1239s,Q8WXG6,MADD,8567,"Q8WXG6,Q8WXG6-2,Q8WXG6-3,Q8WXG6-4,Q8WXG6-5,Q8WXG6-6,Q8WXG6-7,Q8WXG6-8",Homo sapiens,FALSE,Q8WXG6_S1239s,45.69,TRUE,ASSRGTLsDSEIETN,0,Q8WXG6_S1239s,-0.06,0.06,-0.01,-0.13,-0.04,0.02,0.35,0.44,0.86,0.05,0.54,0.75,0.73,0.93,0.99,0.18,0.85,0.95,0.86,0.04,0.74,19,-0.94,0.78,-0.17,-1.93,-0.61,0.32
O14908_S232s,O14908,GIPC1,10755,"O14908,O14908-2",Homo sapiens,FALSE,O14908_S232s,54.41,TRUE,SAGGRPGsGPQLGTG,0,O14908_S232s,-0.11,-0.07,-0.03,-0.4,-0.28,-0.06,0.35,0.59,0.79,0,0.03,0.57,0.73,0.97,0.99,0,0.26,0.9,0.86,0.05,0.74,26,-0.93,-0.54,-0.27,-3.47,-2.17,-0.57
Q8WZ42-12_T14448t,Q8WZ42-12,TTN,7273,Q8WZ42-12,Homo sapiens,FALSE,Q8WZ42-12_T14448t,68.44,TRUE,LKGTQEItGDDRFEL,0,Q8WZ42-12_T14448t,0,0.13,0,-0.12,-0.06,-0.03,0.96,0.11,0.95,0.12,0.43,0.66,0.99,0.8,0.99,0.31,0.8,0.92,0.86,0.01,0.74,6,0.05,1.58,0.06,-1.55,-0.78,-0.44
Q86TC9_S609sS613s,Q86TC9,MYPN,84665,Q86TC9,Homo sapiens,FALSE,Q86TC9_S609sS613s,35.14,TRUE,LPEDDKGsEASSEAG|DKGSEASsEAGVVTT,0,Q86TC9_S609sS613s,-0.04,0.08,0.03,-0.26,-0.03,-0.03,0.53,0.26,0.65,0,0.69,0.62,0.84,0.88,0.97,0,0.92,0.92,0.86,0.07,0.74,34,-0.64,1.13,0.45,-4.31,-0.4,-0.49
O75494_S131s,O75494,SRSF10,10772,"O75494,O75494-2",Homo sapiens,FALSE,O75494_S131s,20.98,TRUE,YERRRSRsRSFDYNY,0,O75494_S131s,-0.02,0.06,0.04,-0.17,-0.02,-0.01,0.82,0.49,0.69,0.09,0.82,0.92,0.95,0.94,0.98,0.25,0.95,0.99,0.86,0.05,0.74,26,-0.22,0.69,0.4,-1.7,-0.23,-0.1
O14983_T484t,O14983,ATP2A1,487,"O14983,O14983-2",Homo sapiens,FALSE,O14983_T484t,105.61,TRUE,QLMKKEFtLEFSRDR,0,O14983_T484t,0.04,0.09,0.06,-0.11,0.04,0.03,0.67,0.4,0.51,0.25,0.68,0.76,0.9,0.93,0.96,0.48,0.92,0.95,0.86,0.08,0.74,41,0.43,0.83,0.66,-1.15,0.41,0.31
P62633_S47s,P62633,CNBP,7555,"P62633,P62633-2,P62633-4,P62633-5,P62633-6,P62633-8",Homo sapiens,FALSE,P62633_S47s,26.98,TRUE,DRGFQFVsSSLPDIC,0,P62633_S47s,0.19,0.26,0.08,-0.17,0.13,0.03,0.24,0.14,0.61,0.3,0.46,0.85,0.62,0.82,0.97,0.53,0.82,0.97,0.86,0.07,0.74,35,1.18,1.49,0.5,-1.04,0.74,0.19
O95644_S241s,O95644,NFATC1,4772,"O95644,O95644-6",Homo sapiens,FALSE,O95644_S241s,25.22,TRUE,PRHSPSTsPRASVTE,0,O95644_S241s,-0.04,0.07,-0.17,-0.33,-0.08,-0.12,0.81,0.73,0.24,0.05,0.67,0.38,0.95,0.98,0.9,0.16,0.91,0.83,0.86,0.06,0.74,27,-0.23,0.35,-1.17,-2,-0.42,-0.87
P35609_S431s,P35609,ACTN2,88,P35609,Homo sapiens,FALSE,P35609_S431s,58.65,TRUE,LLQKDYEsASLTEVR,0,P35609_S431s,-0.08,0,-0.06,-0.17,-0.1,-0.09,0.17,0.95,0.29,0,0.1,0.08,0.54,1,0.91,0.01,0.47,0.55,0.86,0.03,0.74,16,-1.38,0.06,-1.06,-3.05,-1.65,-1.75
P15259_S118s,P15259,PGAM2,5224,P15259,Homo sapiens,FALSE,P15259_S118s,1000,TRUE,QVKIWRRsFDIPPPP,0,P15259_S118s,0.02,0.11,0.05,-0.05,-0.03,0.09,0.71,0.15,0.46,0.47,0.67,0.14,0.91,0.84,0.95,0.69,0.91,0.64,0.86,0.02,0.74,10,0.37,1.42,0.73,-0.71,-0.42,1.49
Q8WZ42-12_T236t,Q8WZ42-12,TTN,7273,Q8WZ42-12,Homo sapiens,FALSE,Q8WZ42-12_T236t,58.25,TRUE,FDARSIAtVEMVIDG,0,Q8WZ42-12_T236t,-0.16,0.03,-0.05,-0.4,-0.09,0.01,0.04,0.7,0.52,0,0.25,0.84,0.23,0.97,0.96,0,0.67,0.97,0.86,0.08,0.74,38,-2.11,0.39,-0.64,-5.25,-1.14,0.21
Q8WX93_S35s,Q8WX93,PALLD,23022,Q8WX93,Homo sapiens,FALSE,Q8WX93_S35s,99.76,TRUE,PGLSAFLsQEEINKS,0,Q8WX93_S35s,-0.14,0.05,-0.06,-0.38,-0.05,0.05,0.09,0.53,0.47,0,0.54,0.48,0.38,0.95,0.95,0,0.85,0.87,0.86,0.08,0.74,39,-1.72,0.62,-0.73,-4.69,-0.61,0.71
Q8WZ42-12_S29168s,Q8WZ42-12,TTN,7273,Q8WZ42-12,Homo sapiens,FALSE,Q8WZ42-12_S29168s,84.18,TRUE,PPKYDGGsQVTNYIL,0,Q8WZ42-12_S29168s,-0.07,0.08,0,-0.16,-0.08,0.02,0.42,0.44,0.98,0.08,0.41,0.83,0.78,0.93,1,0.24,0.79,0.97,0.86,0.04,0.74,17,-0.8,0.77,0.03,-1.74,-0.82,0.21
Q9UMS6-2_T904t,Q9UMS6-2,SYNPO2,171024,"Q9UMS6-2,Q9UMS6-4",Homo sapiens,FALSE,Q9UMS6-2_T904t,45.55,TRUE,AARAQSPtPSLPASW,0,Q9UMS6-2_T904t,-0.04,0,-0.01,-0.15,-0.02,-0.02,0.49,0.95,0.78,0,0.69,0.64,0.82,1,0.99,0.02,0.92,0.92,0.86,0.09,0.74,45,-0.69,0.07,-0.28,-2.87,-0.4,-0.47
Q5T5C0_S759s,Q5T5C0,STXBP5,134957,Q5T5C0,Homo sapiens,FALSE,Q5T5C0_S759s,32.35,TRUE,AKMSRKLsLPTDLKP,0,Q5T5C0_S759s,-0.09,0.04,-0.02,-0.23,-0.13,-0.07,0.3,0.75,0.83,0.01,0.28,0.44,0.68,0.98,0.99,0.05,0.69,0.86,0.86,0.04,0.74,21,-1.04,0.31,-0.22,-2.54,-1.08,-0.78
Q5T5Y3_S534s,Q5T5Y3,CAMSAP1,157922,"Q5T5Y3,Q5T5Y3-2,Q5T5Y3-3",Homo sapiens,FALSE,Q5T5Y3_S534s,112.54,TRUE,KSLLSNVsIEDEEEE,0,Q5T5Y3_S534s,0.04,0.26,0.07,-0.06,0.06,0.09,0.75,0.04,0.55,0.6,0.63,0.41,0.92,0.68,0.96,0.78,0.9,0.85,0.86,0.03,0.74,13,0.32,2.1,0.6,-0.52,0.48,0.82
O60313_S734s,O60313,OPA1,4976,"O60313,O60313-10,O60313-11,O60313-13,O60313-2,O60313-9",Homo sapiens,FALSE,O60313_S734s,43.41,TRUE,HNALEDRsISDKQQW,0,O60313_S734s,-0.02,0.17,-0.06,-0.21,-0.07,-0.08,0.92,0.32,0.71,0.18,0.66,0.57,0.98,0.9,0.98,0.39,0.91,0.9,0.86,0.03,0.74,12,-0.1,1,-0.37,-1.35,-0.45,-0.57
P15884_S372s,P15884,TCF4,6925,"P15884,P15884-10,P15884-12,P15884-13,P15884-14,P15884-3",Homo sapiens,FALSE,P15884_S372s,38.26,TRUE,NGGQASSsPNYEGPL,0,P15884_S372s,-0.08,-0.02,-0.03,-0.23,-0.09,-0.05,0.49,0.86,0.82,0.05,0.51,0.64,0.82,0.99,0.99,0.17,0.84,0.92,0.86,0.07,0.74,32,-0.68,-0.17,-0.23,-1.94,-0.66,-0.47
Q8WZ42-12_S23169s,Q8WZ42-12,TTN,7273,Q8WZ42-12,Homo sapiens,FALSE,Q8WZ42-12_S23169s,66.6,TRUE,RPVDDGGsEITGYHV,0,Q8WZ42-12_S23169s,-0.01,0.13,-0.01,-0.13,0,-0.02,0.9,0.24,0.91,0.19,0.96,0.84,0.97,0.88,0.99,0.41,0.99,0.97,0.86,0.06,0.74,28,-0.13,1.18,-0.12,-1.31,0.05,-0.21
Q86VF7_S1147s,Q86VF7,NRAP,4892,"Q86VF7,Q86VF7-2",Homo sapiens,FALSE,Q86VF7_S1147s,32.48,TRUE,HPLPQYTsLAEDLRL,0,Q86VF7_S1147s,0.01,0.25,0.02,-0.1,-0.03,0.05,0.96,0.09,0.85,0.47,0.85,0.67,0.99,0.77,0.99,0.69,0.96,0.93,0.86,0.02,0.74,7,0.05,1.71,0.19,-0.73,-0.18,0.43
Q13023_S1335s,Q13023,AKAP6,9472,Q13023,Homo sapiens,FALSE,Q13023_S1335s,216.08,TRUE,SSFSSTKsLPDLLGG,0,Q13023_S1335s,0.07,0.09,-0.09,-0.34,0.06,-0.01,0.62,0.57,0.52,0.01,0.68,0.95,0.88,0.96,0.96,0.06,0.92,0.99,0.86,0.1,0.74,50,0.49,0.56,-0.65,-2.48,0.42,-0.07
Q02078_S98s,Q02078,MEF2A,4205,"Q02078,Q02078-5",Homo sapiens,FALSE,Q02078_S98s,75.96,TRUE,KEHRGCDsPDPDTSY,0,Q02078_S98s,-0.23,0.15,-0.13,-0.65,-0.07,-0.1,0.04,0.24,0.24,0,0.57,0.34,0.25,0.88,0.9,0,0.87,0.81,0.86,0.07,0.74,34,-2.05,1.19,-1.18,-5.64,-0.57,-0.96
Q2TAL5_S241s,Q2TAL5,SMTNL2,342527,Q2TAL5,Homo sapiens,FALSE,Q2TAL5_S241s,34.31,TRUE,VITPWTPsPSEKNSS,0,Q2TAL5_S241s,-0.09,0.12,-0.17,-1.08,0.09,0.01,0.71,0.62,0.43,0,0.73,0.96,0.91,0.97,0.94,0,0.93,0.99,0.86,0.09,0.74,43,-0.38,0.5,-0.79,-4.53,0.35,0.06
A4UGR9_S64s,A4UGR9,XIRP2,129446,"A4UGR9,A4UGR9-2,A4UGR9-8",Homo sapiens,FALSE,A4UGR9_S64s,44.04,TRUE,RGDCRSFsANMMEES,0,A4UGR9_S64s,0.1,0.46,-0.1,-0.28,0.11,0.02,0.59,0.03,0.58,0.11,0.58,0.91,0.87,0.65,0.97,0.29,0.87,0.98,0.86,0.04,0.74,21,0.54,2.19,-0.56,-1.59,0.56,0.12
P28161_S173s,P28161,GSTM2,2946,P28161,Homo sapiens,FALSE,P28161_S173s,1000,TRUE,RNQVFEPsCLDAFPN,0,P28161_S173s,-0.06,0.01,-0.02,-0.15,-0.04,0.02,0.45,0.88,0.82,0.06,0.65,0.77,0.8,0.99,0.99,0.18,0.9,0.95,0.86,0.09,0.74,43,-0.76,0.15,-0.23,-1.92,-0.46,0.29
Q8NFH5_T106t,Q8NFH5,NUP35,129401,"Q8NFH5,Q8NFH5-2",Homo sapiens,FALSE,Q8NFH5_T106t,42.24,TRUE,SSPGLGStPLTSRRQ,0,Q8NFH5_T106t,0.2,0.26,0,-0.12,0.08,0.03,0.13,0.11,0.99,0.35,0.58,0.8,0.47,0.79,1,0.58,0.87,0.96,0.86,0.06,0.74,30,1.53,1.6,-0.01,-0.94,0.55,0.25
Q14195-2_S650s,Q14195-2,DPYSL3,1809,Q14195-2,Homo sapiens,FALSE,Q14195-2_S650s,66.6,TRUE,PVRNLHQsGFSLSGT,0,Q14195-2_S650s,-0.1,0.08,-0.26,-0.32,-0.09,-0.05,0.56,0.68,0.1,0.04,0.62,0.73,0.85,0.97,0.84,0.15,0.89,0.94,0.86,0.03,0.74,16,-0.59,0.42,-1.64,-2.04,-0.49,-0.34
P12814_T50t,P12814,ACTN1,87,"P12814,P12814-3",Homo sapiens,FALSE,P12814_T50t,1000,TRUE,SHLRKAGtQIENIEE,0,P12814_T50t,-0.06,-0.04,-0.05,-0.14,-0.14,-0.02,0.46,0.65,0.55,0.08,0.12,0.76,0.8,0.97,0.96,0.24,0.51,0.95,0.86,0.02,0.74,9,-0.75,-0.46,-0.6,-1.73,-1.54,-0.31
P20929-2_S684s,P20929-2,NEB,4703,P20929-2,Homo sapiens,FALSE,P20929-2_S684s,30.66,TRUE,VLGHYVGsMEDPYHT,0,P20929-2_S684s,0.14,0.27,0.18,0,0.19,0.17,0.39,0.1,0.23,0.98,0.24,0.24,0.76,0.78,0.9,0.99,0.66,0.75,0.86,0.05,0.74,22,0.86,1.65,1.21,0.03,1.17,1.17
Q8NE71_T108tS109s,Q8NE71,ABCF1,23,Q8NE71,Homo sapiens,FALSE,Q8NE71_T108tS109s,100.97,TRUE,LKKLSVPtSDEEDEV|KKLSVPTsDEEDEVP,0,Q8NE71_T108tS109s,-0.11,-0.03,-0.05,-0.39,-0.12,-0.12,0.11,0.69,0.41,0,0.09,0.06,0.43,0.97,0.94,0,0.45,0.49,0.86,0.07,0.74,36,-1.62,-0.4,-0.82,-5.67,-1.68,-1.91
P17661_S460s,P17661,DES,1674,P17661,Homo sapiens,FALSE,P17661_S460s,97.09,TRUE,TRDGEVVsEATQQQH,0,P17661_S460s,0.03,-0.01,-0.07,-0.22,-0.01,0,0.73,0.93,0.49,0.04,0.93,0.96,0.92,1,0.96,0.13,0.98,0.99,0.86,0.11,0.74,56,0.34,-0.08,-0.68,-2.1,-0.09,-0.05
Q8NF91-4_S8234s,Q8NF91-4,SYNE1,23345,Q8NF91-4,Homo sapiens,FALSE,Q8NF91-4_S8234s,1000,TRUE,AMSRALPsEDEEGQD,0,Q8NF91-4_S8234s,0.01,0.04,0.01,-0.25,-0.02,-0.05,0.86,0.6,0.94,0,0.75,0.42,0.96,0.97,0.99,0,0.93,0.85,0.86,0.06,0.74,30,0.18,0.53,0.07,-3.48,-0.32,-0.81
Q14155_S176s,Q14155,ARHGEF7,8874,"Q14155,Q14155-2,Q14155-3",Homo sapiens,FALSE,Q14155_S176s,132.53,TRUE,LFQGQYRsLDMTDNS,0,Q14155_S176s,-0.09,0.03,-0.1,-0.13,-0.08,-0.03,0.49,0.84,0.32,0.23,0.51,0.78,0.82,0.99,0.92,0.46,0.84,0.96,0.86,0.03,0.74,12,-0.68,0.2,-0.99,-1.2,-0.65,-0.28
O43719_S616sS624s,O43719,HTATSF1,27336,O43719,Homo sapiens,FALSE,O43719_S616sS624s,1000,TRUE,KVLDEEGsEREFDED|EREFDEDsDEKEEEE,0,O43719_S616sS624s,-0.05,-0.01,-0.08,-0.23,-0.03,-0.07,0.58,0.93,0.4,0.01,0.76,0.44,0.86,1,0.94,0.04,0.94,0.86,0.86,0.1,0.74,50,-0.55,-0.09,-0.84,-2.65,-0.31,-0.77
Q96HC4-6_S102sS105sT107t,Q96HC4-6,PDLIM5,10611,Q96HC4-6,Homo sapiens,FALSE,Q96HC4-6_S102sS105sT107t,26.54,TRUE,VQKPTVTsVCSETSQ|PTVTSVCsETSQELA|VTSVCSEtSQELAEG,0,Q96HC4-6_S102sS105sT107t,-0.05,0.04,-0.05,-0.34,-0.27,0.17,0.83,0.87,0.83,0.13,0.28,0.46,0.95,0.99,0.99,0.32,0.69,0.87,0.86,0.03,0.74,16,-0.22,0.16,-0.21,-1.51,-1.08,0.74
Q8WZ42-12_S2475s,Q8WZ42-12,TTN,7273,Q8WZ42-12,Homo sapiens,FALSE,Q8WZ42-12_S2475s,41.94,TRUE,VSVPDVTsVKWYLND,0,Q8WZ42-12_S2475s,-0.03,0.04,-0.01,-0.14,-0.12,0.06,0.75,0.71,0.95,0.12,0.24,0.45,0.93,0.98,0.99,0.3,0.65,0.86,0.86,0.02,0.74,11,-0.31,0.37,-0.07,-1.56,-1.19,0.75
Q92628_S227s,Q92628,KIAA0232,9778,Q92628,Homo sapiens,FALSE,Q92628_S227s,40.2,TRUE,SSPKDCNsESEVTKE,0,Q92628_S227s,0.08,0.04,-0.07,-0.35,0.04,0,0.57,0.77,0.61,0.01,0.78,1,0.86,0.98,0.97,0.03,0.94,1,0.86,0.13,0.74,66,0.57,0.29,-0.5,-2.78,0.28,-0.01
O00757_Y265y,O00757,FBP2,8789,O00757,Homo sapiens,FALSE,O00757_Y265y,270.4,TRUE,VYGGIFLyPANQKSP,0,O00757_Y265y,0.03,0.22,0.11,-0.09,0.08,0.18,0.74,0.03,0.23,0.29,0.39,0.04,0.92,0.67,0.9,0.53,0.78,0.45,0.86,0.06,0.74,27,0.33,2.12,1.2,-1.05,0.85,2.04
P60660_S135s,P60660,MYL6,4637,P60660,Homo sapiens,FALSE,P60660_S135s,86.96,TRUE,LVAGHEDsNGCINYE,0,P60660_S135s,0.01,0.23,-0.07,-0.11,-0.05,0.02,0.92,0.15,0.63,0.41,0.72,0.89,0.98,0.83,0.97,0.64,0.93,0.98,0.86,0.01,0.74,2,0.1,1.44,-0.48,-0.83,-0.35,0.13
Q8TBC5_S10sS14s,Q8TBC5,ZSCAN18,65982,"Q8TBC5,Q8TBC5-2,Q8TBC5-3",Homo sapiens,FALSE,Q8TBC5_S10sS14s,22.02,TRUE,PLEKAFAsPRSSPAP|AFASPRSsPAPPDLP,0,Q8TBC5_S10sS14s,-0.04,0.17,0.06,-0.14,0,0.07,0.78,0.28,0.7,0.29,0.98,0.6,0.93,0.89,0.98,0.53,0.99,0.91,0.86,0.05,0.74,23,-0.28,1.08,0.39,-1.05,-0.03,0.53
O94979_S527s,O94979,SEC31A,22872,"O94979,O94979-2,O94979-3,O94979-8,O94979-9",Homo sapiens,FALSE,O94979_S527s,97.34,TRUE,DSDQVAQsDGEESPA,0,O94979_S527s,-0.11,0.01,-0.02,-0.26,-0.1,-0.01,0.12,0.86,0.8,0,0.2,0.87,0.46,0.99,0.99,0,0.61,0.98,0.86,0.04,0.74,21,-1.55,0.17,-0.25,-3.46,-1.29,-0.17
P55822_S185s,P55822,SH3BGR,6450,"P55822,P55822-2",Homo sapiens,FALSE,P55822_S185s,1000,TRUE,TEAQKEGsEDVGNLP,0,P55822_S185s,-0.12,-0.05,-0.07,-0.28,-0.13,-0.12,0.13,0.6,0.39,0,0.13,0.13,0.48,0.97,0.94,0,0.52,0.62,0.86,0.07,0.74,35,-1.52,-0.53,-0.85,-3.47,-1.52,-1.53
P51116_S566s,P51116,FXR2,9513,P51116,Homo sapiens,FALSE,P51116_S566s,57.58,TRUE,VMDGGLEsDGPNMTE,0,P51116_S566s,-0.03,-0.05,-0.13,-0.31,-0.31,-0.14,0.71,0.63,0.17,0,0,0.14,0.91,0.97,0.88,0.01,0.03,0.65,0.86,0.03,0.74,12,-0.37,-0.48,-1.38,-3.29,-3.18,-1.46
P31629_S169s,P31629,HIVEP2,3097,P31629,Homo sapiens,FALSE,P31629_S169s,1000,TRUE,YSQYSQKsIEQAEEA,0,P31629_S169s,-0.09,-0.05,-0.03,-0.29,-0.21,-0.08,0.25,0.56,0.68,0,0.01,0.28,0.64,0.96,0.98,0,0.16,0.77,0.86,0.05,0.74,26,-1.15,-0.59,-0.41,-3.64,-2.47,-1.07
Q8IWE2_S261s,Q8IWE2,FAM114A1,92689,Q8IWE2,Homo sapiens,FALSE,Q8IWE2_S261s,46.21,TRUE,TLMERTVsLSQMLRE,0,Q8IWE2_S261s,0.15,0.09,-0.02,-0.11,0.04,0.11,0.32,0.6,0.87,0.44,0.79,0.43,0.7,0.97,0.99,0.66,0.95,0.85,0.86,0.08,0.74,39,0.99,0.53,-0.16,-0.78,0.27,0.8
Q6JBY9_S268s,Q6JBY9,RCSD1,92241,Q6JBY9,Homo sapiens,FALSE,Q6JBY9_S268s,26.98,TRUE,GEKARRSsEEVDGQH,0,Q6JBY9_S268s,0.16,0.22,0.06,-0.35,-0.32,-0.04,0.1,0.04,0.51,0,0,0.65,0.42,0.69,0.96,0,0.04,0.92,0.86,0.01,0.74,6,1.65,2.08,0.66,-3.72,-3.1,-0.45
Q9UPQ9_S1816s,Q9UPQ9,TNRC6B,23112,"Q9UPQ9,Q9UPQ9-1",Homo sapiens,FALSE,Q9UPQ9_S1816s,228.11,TRUE,EDPHRMGsPAPLLPG,0,Q9UPQ9_S1816s,-0.04,0.08,-0.05,-0.38,-0.05,-0.14,0.76,0.62,0.73,0.01,0.76,0.35,0.93,0.97,0.98,0.04,0.94,0.82,0.86,0.09,0.74,44,-0.3,0.5,-0.35,-2.69,-0.31,-0.94
Q15149_Y4615yS4622s,Q15149,PLEC,5339,Q15149,Homo sapiens,FALSE,Q15149_Y4615yS4622s,32.27,TRUE,TKGYYSPySVSGSGS|YSVSGSGsTAGSRTG,0,Q15149_Y4615yS4622s,-0.06,0.02,0.02,-0.38,-0.13,-0.09,0.58,0.85,0.86,0,0.23,0.35,0.86,0.99,0.99,0,0.65,0.82,0.86,0.07,0.74,33,-0.56,0.19,0.18,-3.53,-1.21,-0.93
Q8N3K9_S1547sS1551s,Q8N3K9,CMYA5,202333,Q8N3K9,Homo sapiens,FALSE,Q8N3K9_S1547sS1551s,67.98,TRUE,KETELPSsQNVSPAS|LPSSQNVsPASKHII,0,Q8N3K9_S1547sS1551s,-0.37,-0.19,-0.14,-1.04,-0.36,-0.11,0.02,0.24,0.34,0,0.02,0.41,0.17,0.88,0.93,0,0.22,0.85,0.86,0.1,0.74,48,-2.29,-1.16,-0.96,-6.9,-2.29,-0.83
Q15751_S1514sS1521s,Q15751,HERC1,8925,Q15751,Homo sapiens,FALSE,Q15751_S1514sS1521s,38.71,TRUE,LIKSRSEsDLSQPES|SDLSQPEsDEEGYAL,0,Q15751_S1514sS1521s,0.05,0.47,0.13,-0.15,0.02,0.11,0.78,0.02,0.47,0.41,0.92,0.55,0.93,0.6,0.95,0.64,0.98,0.9,0.86,0.02,0.74,9,0.28,2.37,0.73,-0.83,0.1,0.6
P16157-17_S55s,P16157-17,ANK1,286,P16157-17,Homo sapiens,FALSE,P16157-17_S55s,109.57,TRUE,LGESEGLsDDEETIS,0,P16157-17_S55s,0.03,0,-0.04,-0.11,-0.03,-0.03,0.73,0.97,0.65,0.18,0.77,0.68,0.92,1,0.97,0.39,0.94,0.93,0.86,0.09,0.74,43,0.35,0.03,-0.45,-1.35,-0.29,-0.41
P20929-2_S40s,P20929-2,NEB,4703,P20929-2,Homo sapiens,FALSE,P20929-2_S40s,74.95,TRUE,ETTTTRTsDYEQSET,0,P20929-2_S40s,-0.02,0.07,0,-0.13,0.02,0,0.74,0.38,0.96,0.09,0.83,0.96,0.92,0.92,1,0.26,0.96,0.99,0.86,0.08,0.74,40,-0.33,0.87,0.05,-1.68,0.22,0.05
Q96NA2_S354sS355s,Q96NA2,RILP,83547,Q96NA2,Homo sapiens,FALSE,Q96NA2_S354sS355s,111.4,TRUE,WYRGKAEsSEDETSS|YRGKAESsEDETSSP,0,Q96NA2_S354sS355s,-0.04,-0.06,0.01,-0.41,-0.21,0.06,0.78,0.7,0.94,0,0.18,0.64,0.93,0.97,0.99,0,0.59,0.92,0.86,0.07,0.74,35,-0.28,-0.38,0.07,-3.49,-1.34,0.47
Q92574_S505s,Q92574,TSC1,7248,"Q92574,Q92574-2",Homo sapiens,FALSE,Q92574_S505s,72.97,TRUE,VPRGGFDsPFYRDSL,0,Q92574_S505s,-0.09,-0.01,-0.05,-0.45,-0.06,-0.06,0.52,0.94,0.69,0,0.7,0.6,0.84,1,0.98,0.01,0.92,0.91,0.86,0.1,0.74,49,-0.64,-0.08,-0.4,-3.27,-0.38,-0.52
Q2TAL5_S269s,Q2TAL5,SMTNL2,342527,Q2TAL5,Homo sapiens,FALSE,Q2TAL5_S269s,39.44,TRUE,TASKHSNsPPLVTPP,0,Q2TAL5_S269s,-0.51,-0.16,-0.06,-1.54,-0.93,-0.13,0.01,0.44,0.75,0,0,0.44,0.07,0.93,0.98,0,0,0.86,0.86,0.05,0.74,26,-2.75,-0.77,-0.32,-8.07,-4.65,-0.77
Q9BZF2_S272s,Q9BZF2,OSBPL7,114881,"Q9BZF2,Q9BZF2-2",Homo sapiens,FALSE,Q9BZF2_S272s,83.78,TRUE,RVGRLHGsVPNLSRY,0,Q9BZF2_S272s,-0.02,0.09,0.05,-0.21,-0.03,-0.02,0.88,0.53,0.68,0.08,0.83,0.86,0.97,0.95,0.98,0.24,0.96,0.97,0.86,0.06,0.74,29,-0.16,0.62,0.41,-1.74,-0.22,-0.18
Q92905_S24s,Q92905,COPS5,10987,Q92905,Homo sapiens,FALSE,Q92905_S24s,98.63,TRUE,NNMQEAQsIDEIYKY,0,Q92905_S24s,-0.16,0.22,-0.01,-0.3,-0.18,0.02,0.24,0.16,0.92,0.02,0.21,0.85,0.63,0.84,0.99,0.08,0.62,0.97,0.86,0.01,0.74,5,-1.17,1.41,-0.1,-2.34,-1.26,0.19
Q8WX93_S53s,Q8WX93,PALLD,23022,Q8WX93,Homo sapiens,FALSE,Q8WX93_S53s,46.21,TRUE,ARRAIADsETEDFDS,0,Q8WX93_S53s,-0.06,0.09,0,-0.42,0.01,0,0.36,0.27,0.96,0,0.85,0.96,0.74,0.89,1,0,0.96,0.99,0.86,0.12,0.74,61,-0.92,1.1,0.05,-6,0.18,-0.05
O95210_S338s,O95210,STBD1,8987,O95210,Homo sapiens,FALSE,O95210_S338s,48.04,TRUE,VTRWEECsNRFLETG,0,O95210_S338s,0.07,0.08,0.04,-0.05,-0.04,0.01,0.5,0.43,0.66,0.59,0.7,0.87,0.83,0.93,0.97,0.78,0.92,0.98,0.86,0.02,0.74,9,0.67,0.78,0.43,-0.54,-0.39,0.16
Q6Y7W6_S26sS30s,Q6Y7W6,GIGYF2,26058,Q6Y7W6,Homo sapiens,FALSE,Q6Y7W6_S26sS30s,50.51,TRUE,SSGGSITsPPLSPAL|SITSPPLsPALPKYK,0,Q6Y7W6_S26sS30s,0.11,0.21,0.16,-0.01,0.03,0.18,0.3,0.08,0.13,0.93,0.78,0.06,0.69,0.75,0.86,0.97,0.94,0.49,0.86,0.05,0.74,22,1.03,1.77,1.5,-0.09,0.28,1.9
P12956_S477s,P12956,XRCC6,2547,"P12956,P12956-2",Homo sapiens,FALSE,P12956_S477s,69.67,TRUE,RFTYRSDsFENPVLQ,0,P12956_S477s,0.02,0.1,-0.03,-0.13,0.01,-0.04,0.85,0.38,0.81,0.2,0.93,0.69,0.96,0.92,0.99,0.42,0.98,0.93,0.86,0.07,0.74,33,0.18,0.88,-0.25,-1.28,0.09,-0.4
Q9H987_S678s,Q9H987,SYNPO2L,79933,Q9H987,Homo sapiens,FALSE,Q9H987_S678s,199.86,TRUE,GPEEDALsLGAEACN,0,Q9H987_S678s,-0.14,0.06,0.02,-0.42,-0.12,0.05,0.06,0.44,0.74,0,0.13,0.47,0.3,0.93,0.98,0,0.51,0.87,0.85,0.05,0.74,26,-1.91,0.77,0.33,-5.59,-1.53,0.72
Q6P0Q8_T279tS281s,Q6P0Q8,MAST2,23139,Q6P0Q8,Homo sapiens,FALSE,Q6P0Q8_T279tS281s,22.22,TRUE,FLTKHFStESVPDEE|TKHFSTEsVPDEEGR,0,Q6P0Q8_T279tS281s,-0.02,-0.02,-0.03,-0.39,-0.09,-0.12,0.91,0.93,0.86,0.01,0.57,0.46,0.98,1,0.99,0.04,0.87,0.86,0.85,0.08,0.74,39,-0.11,-0.09,-0.18,-2.62,-0.57,-0.74
Q5TBA9_S2808s,Q5TBA9,FRY,10129,Q5TBA9,Homo sapiens,FALSE,Q5TBA9_S2808s,77.09,TRUE,KATFAGGsRDGVITC,0,Q5TBA9_S2808s,-0.04,-0.02,-0.04,-0.19,-0.04,-0.05,0.73,0.82,0.68,0.06,0.72,0.58,0.92,0.99,0.98,0.19,0.93,0.91,0.85,0.11,0.74,53,-0.35,-0.22,-0.41,-1.88,-0.36,-0.55
Q5VST9-6_T5328t,Q5VST9-6,OBSCN,84033,Q5VST9-6,Homo sapiens,FALSE,Q5VST9-6_T5328t,83.98,TRUE,DDESRAGtPSLVTYL,0,Q5VST9-6_T5328t,-0.22,0.04,-0.09,-0.94,-0.13,-0.2,0.15,0.79,0.54,0,0.42,0.17,0.52,0.99,0.96,0,0.79,0.68,0.85,0.09,0.74,46,-1.42,0.26,-0.61,-6.03,-0.81,-1.37
Q8WWI1_S1423s,Q8WWI1,LMO7,4008,Q8WWI1,Homo sapiens,FALSE,Q8WWI1_S1423s,44.69,TRUE,GDRNKSRsTTELDDY,0,Q8WWI1_S1423s,-0.07,0.03,0,-0.32,-0.04,-0.04,0.42,0.73,0.97,0,0.69,0.64,0.78,0.98,1,0,0.92,0.92,0.85,0.1,0.74,47,-0.81,0.34,-0.04,-3.66,-0.4,-0.47
Q9NUQ6_S526s,Q9NUQ6,SPATS2L,26010,"Q9NUQ6,Q9NUQ6-3,Q9NUQ6-4",Homo sapiens,FALSE,Q9NUQ6_S526s,38.88,TRUE,EARPFRGsVGRVSQC,0,Q9NUQ6_S526s,0.21,0.28,0.15,-0.04,0.14,0.08,0.1,0.04,0.23,0.75,0.27,0.51,0.41,0.69,0.9,0.88,0.68,0.88,0.85,0.05,0.74,26,1.66,2.06,1.19,-0.31,1.11,0.66
O15061_S471s,O15061,SYNM,23336,O15061,Homo sapiens,FALSE,O15061_S471s,43.7,TRUE,DSTIAREsYRDRRDK,0,O15061_S471s,0.14,0.26,-0.02,-0.06,0.04,0.07,0.24,0.06,0.88,0.66,0.76,0.65,0.63,0.72,0.99,0.82,0.94,0.92,0.85,0.02,0.74,9,1.17,1.88,-0.15,-0.44,0.31,0.46
O14920_T693t,O14920,IKBKB,3551,"O14920,O14920-2,O14920-4",Homo sapiens,FALSE,O14920_T693t,17.48,TRUE,QLMSQPStASNSLPE,0,O14920_T693t,0.15,0.23,0.13,-0.06,0.14,0.06,0.42,0.21,0.48,0.78,0.49,0.7,0.78,0.87,0.95,0.9,0.83,0.94,0.85,0.04,0.74,20,0.81,1.26,0.7,-0.28,0.69,0.38
Q86UU1_S1017s,Q86UU1,PHLDB1,23187,Q86UU1,Homo sapiens,FALSE,Q86UU1_S1017s,46.21,TRUE,LTQNGTGsLPRNLAA,0,Q86UU1_S1017s,0.03,0.06,-0.09,-0.11,-0.11,0.04,0.86,0.7,0.52,0.44,0.43,0.79,0.96,0.97,0.96,0.67,0.8,0.96,0.85,0.01,0.74,4,0.17,0.38,-0.64,-0.77,-0.8,0.26
Q92614_S1970sS1974s,Q92614,MYO18A,399687,Q92614,Homo sapiens,FALSE,Q92614_S1970sS1974s,1000,TRUE,KNKLEGDsDVDSELE|EGDSDVDsELEDRVD,0,Q92614_S1970sS1974s,-0.01,0,-0.04,-0.2,0.01,0.02,0.9,0.96,0.53,0,0.88,0.7,0.97,1,0.96,0.01,0.97,0.94,0.85,0.13,0.74,62,-0.12,0.04,-0.62,-3.11,0.15,0.38
Q53GL0_S271s,Q53GL0,PLEKHO1,51177,"Q53GL0,Q53GL0-2",Homo sapiens,FALSE,Q53GL0_S271s,179.16,TRUE,TEKGRCAsLEEILSQ,0,Q53GL0_S271s,-0.05,0.12,0.02,-0.13,-0.02,0.04,0.7,0.43,0.9,0.34,0.89,0.77,0.91,0.93,0.99,0.58,0.97,0.95,0.85,0.03,0.74,14,-0.38,0.78,0.13,-0.95,-0.14,0.29
P20929-2_S908s,P20929-2,NEB,4703,P20929-2,Homo sapiens,FALSE,P20929-2_S908s,191.77,TRUE,QVTQAKKsQAIASDV,0,P20929-2_S908s,0.05,0.06,0.06,-0.19,-0.06,0.16,0.77,0.75,0.74,0.28,0.75,0.34,0.93,0.98,0.98,0.52,0.93,0.81,0.85,0.05,0.74,24,0.29,0.32,0.34,-1.07,-0.32,0.96
Q8WZ42-12_S35497s,Q8WZ42-12,TTN,7273,Q8WZ42-12,Homo sapiens,FALSE,Q8WZ42-12_S35497s,92,TRUE,YTCTVKNsAGSVSSS,0,Q8WZ42-12_S35497s,-0.08,0,-0.11,-0.13,-0.07,-0.05,0.33,0.96,0.15,0.09,0.37,0.52,0.71,1,0.86,0.26,0.77,0.89,0.85,0.03,0.74,12,-0.98,-0.05,-1.45,-1.67,-0.89,-0.64
P50461_S81sS95s,P50461,CSRP3,8048,P50461,Homo sapiens,FALSE,P50461_S81sS95s,42.49,TRUE,GQGAGCLsTDTGEHL|LGLQFQQsPKPARSV,0,P50461_S81sS95s,-0.35,-0.08,-0.44,-1.32,-0.15,0.13,0.33,0.82,0.24,0,0.68,0.71,0.71,0.99,0.9,0,0.91,0.94,0.85,0.11,0.74,54,-0.98,-0.23,-1.17,-3.52,-0.42,0.37
Q8WZ42-12_S24793s,Q8WZ42-12,TTN,7273,Q8WZ42-12,Homo sapiens,FALSE,Q8WZ42-12_S24793s,51.7,TRUE,YVVKLTNsAGEAIET,0,Q8WZ42-12_S24793s,0,0.06,-0.08,-0.1,-0.03,-0.02,0.95,0.47,0.27,0.2,0.7,0.74,0.99,0.94,0.9,0.41,0.92,0.95,0.85,0.02,0.74,9,0.06,0.73,-1.11,-1.29,-0.39,-0.33
P20929-2_S3963s,P20929-2,NEB,4703,P20929-2,Homo sapiens,FALSE,P20929-2_S3963s,69.67,TRUE,PDILLAKsNSANISQ,0,P20929-2_S3963s,0.06,0.08,0.05,-0.08,-0.08,0.07,0.57,0.45,0.63,0.41,0.42,0.46,0.86,0.93,0.97,0.64,0.79,0.86,0.85,0,0.74,0,0.57,0.75,0.48,-0.82,-0.81,0.74
Q86TC9_S928s,Q86TC9,MYPN,84665,Q86TC9,Homo sapiens,FALSE,Q86TC9_S928s,99.98,TRUE,ERTPVDEsDDEIQHD,0,Q86TC9_S928s,-0.08,-0.01,-0.01,-0.24,-0.08,0,0.13,0.88,0.86,0,0.17,0.93,0.47,0.99,0.99,0,0.58,0.99,0.85,0.08,0.74,40,-1.53,-0.15,-0.17,-4.31,-1.36,-0.09
Q6GYQ0-3_S740s,Q6GYQ0-3,RALGAPA1,253959,"Q6GYQ0-3,Q6GYQ0-6",Homo sapiens,FALSE,Q6GYQ0-3_S740s,67.98,TRUE,RSATTTGsPGTEKAR,0,Q6GYQ0-3_S740s,-0.13,0.03,0.02,-0.41,-0.15,-0.04,0.09,0.74,0.79,0,0.07,0.58,0.39,0.98,0.99,0,0.4,0.91,0.85,0.07,0.74,32,-1.71,0.33,0.27,-5.37,-1.8,-0.55
P49792_S2457sT2458t,P49792,RANBP2,5903,P49792,Homo sapiens,FALSE,P49792_S2457sT2458t,25.23,TRUE,TPHVSRSsTPRESPC|PHVSRSStPRESPCG,0,P49792_S2457sT2458t,-0.11,-0.06,-0.06,-0.24,-0.18,-0.1,0.28,0.57,0.56,0.03,0.1,0.34,0.66,0.96,0.97,0.11,0.47,0.81,0.85,0.05,0.74,23,-1.09,-0.57,-0.59,-2.2,-1.64,-0.96
Q8WZ42-12_S19314s,Q8WZ42-12,TTN,7273,Q8WZ42-12,Homo sapiens,FALSE,Q8WZ42-12_S19314s,115.59,TRUE,PPKYDGGsEIINYVL,0,Q8WZ42-12_S19314s,-0.03,0.04,0.03,-0.16,-0.1,0,0.62,0.62,0.63,0.02,0.16,0.99,0.88,0.97,0.97,0.08,0.57,1,0.85,0.04,0.74,20,-0.49,0.49,0.48,-2.37,-1.4,0.01
Q8TD19_S829s,Q8TD19,NEK9,91754,Q8TD19,Homo sapiens,FALSE,Q8TD19_S829s,39.54,TRUE,IPMPDSPsPLSAAFS,0,Q8TD19_S829s,-0.22,-0.01,-0.2,-0.47,-0.13,-0.18,0.04,0.96,0.06,0,0.25,0.07,0.23,1,0.8,0,0.66,0.53,0.85,0.08,0.74,39,-2.08,-0.05,-1.89,-4.52,-1.16,-1.81
Q96BY9_S331s,Q96BY9,SARAF,51669,"Q96BY9,Q96BY9-2",Homo sapiens,FALSE,Q96BY9_S331s,39.94,TRUE,DTKTRTAsGYGGTRR,0,Q96BY9_S331s,-0.01,0.22,-0.01,-0.27,-0.01,-0.08,0.96,0.17,0.94,0.05,0.95,0.54,0.99,0.85,0.99,0.18,0.99,0.89,0.85,0.04,0.74,20,-0.06,1.38,-0.08,-1.93,-0.07,-0.61
O43379_S1249s,O43379,WDR62,284403,O43379,Homo sapiens,FALSE,O43379_S1249s,19.22,TRUE,QPLRRPSsVGELASL,0,O43379_S1249s,-0.14,0.15,-0.09,-0.6,-0.08,-0.18,0.47,0.47,0.6,0,0.69,0.28,0.81,0.94,0.97,0.01,0.92,0.77,0.85,0.08,0.74,38,-0.72,0.73,-0.53,-3.07,-0.39,-1.09
Q9H987_S178s,Q9H987,SYNPO2L,79933,Q9H987,Homo sapiens,FALSE,Q9H987_S178s,30.99,TRUE,PPDEVYLsDSPAEPA,0,Q9H987_S178s,-0.17,0.12,0.02,-0.51,-0.13,-0.08,0.09,0.31,0.87,0,0.23,0.42,0.4,0.9,0.99,0,0.65,0.85,0.85,0.07,0.74,32,-1.69,1.02,0.16,-4.95,-1.21,-0.8
Q96T60_T118t,Q96T60,PNKP,11284,"Q96T60,Q96T60-2",Homo sapiens,FALSE,Q96T60_T118t,57.58,TRUE,TPESQPDtPPGTPLV,0,Q96T60_T118t,0.04,0.03,0.01,-0.08,-0.03,-0.02,0.56,0.69,0.92,0.23,0.72,0.74,0.85,0.97,0.99,0.45,0.93,0.95,0.85,0.05,0.74,25,0.58,0.4,0.1,-1.2,-0.35,-0.34
Q5TGY3_S1187s,Q5TGY3,AHDC1,27245,Q5TGY3,Homo sapiens,FALSE,Q5TGY3_S1187s,32.35,TRUE,GGFRRANsEASSSEG,0,Q5TGY3_S1187s,-0.08,-0.03,-0.14,-0.2,-0.2,-0.16,0.5,0.84,0.24,0.07,0.14,0.18,0.83,0.99,0.9,0.22,0.54,0.7,0.85,0.01,0.74,4,-0.68,-0.2,-1.18,-1.78,-1.47,-1.33
Q9H1E3_S19s,Q9H1E3,NUCKS1,64710,Q9H1E3,Homo sapiens,FALSE,Q9H1E3_S19s,159.98,TRUE,DYSQFQEsDDADEDY,0,Q9H1E3_S19s,0.03,0,0,-0.2,-0.07,-0.06,0.67,0.98,0.99,0,0.28,0.35,0.9,1,1,0.01,0.69,0.82,0.85,0.05,0.74,25,0.42,0.02,-0.01,-3.19,-1.09,-0.94
Q15149_S3286s,Q15149,PLEC,5339,Q15149,Homo sapiens,FALSE,Q15149_S3286s,1000,TRUE,GIVDPSKsHRVPLDV,0,Q15149_S3286s,-0.06,0.04,0,-0.21,-0.16,0.05,0.57,0.77,0.98,0.07,0.18,0.65,0.86,0.98,1,0.21,0.58,0.92,0.85,0.04,0.74,20,-0.57,0.3,0.02,-1.82,-1.35,0.45
Q13554_T321tT333t,Q13554,CAMK2B,816,Q13554,Homo sapiens,FALSE,Q13554_T321tT333t,22.22,TRUE,FSVGRQTtAPATMST|MSTAASGtTMGLVEQ,0,Q13554_T321tT333t,0.02,0.37,0.16,-0.12,0,0.21,0.94,0.15,0.5,0.59,0.98,0.31,0.98,0.84,0.96,0.78,0.99,0.79,0.85,0.02,0.74,9,0.07,1.43,0.67,-0.54,0.02,1.02
Q9HCJ0_S1011s,Q9HCJ0,TNRC6C,57690,"Q9HCJ0,Q9HCJ0-2",Homo sapiens,FALSE,Q9HCJ0_S1011s,20,TRUE,PPISKESsVDRPTFL,0,Q9HCJ0_S1011s,-0.02,0.04,-0.07,-0.2,0.03,-0.01,0.83,0.62,0.39,0.01,0.75,0.93,0.95,0.97,0.94,0.06,0.93,0.99,0.85,0.1,0.74,47,-0.21,0.5,-0.87,-2.49,0.32,-0.09
Q8N3S3_S279s,Q8N3S3,PHTF2,57157,"Q8N3S3,Q8N3S3-2,Q8N3S3-3,Q8N3S3-4,Q8N3S3-5,Q8N3S3-6,Q8N3S3-7",Homo sapiens,FALSE,Q8N3S3_S279s,49.27,TRUE,ETDNGYVsLDGKKTV,0,Q8N3S3_S279s,-0.08,0.06,0.04,-0.24,-0.08,0.03,0.47,0.5,0.63,0.02,0.38,0.69,0.81,0.95,0.97,0.08,0.78,0.93,0.85,0.04,0.74,18,-0.73,0.67,0.48,-2.34,-0.87,0.39
O15021_S1370s,O15021,MAST4,375449,O15021,Homo sapiens,FALSE,O15021_S1370s,177.89,TRUE,YRSGRRKsAGNIPLS,0,O15021_S1370s,-0.13,-0.02,-0.11,-0.43,-0.06,0.04,0.14,0.82,0.23,0,0.55,0.65,0.5,0.99,0.9,0,0.86,0.92,0.85,0.12,0.74,59,-1.47,-0.23,-1.2,-4.73,-0.6,0.45
E9PAV3_Y626y,E9PAV3,NACA,4666,E9PAV3,Homo sapiens,FALSE,E9PAV3_Y626y,17,TRUE,SVIKTDSyAGPDSAG,0,E9PAV3_Y626y,0.25,0.21,0.16,-0.08,0.21,0.26,0.19,0.22,0.3,0.63,0.2,0.09,0.57,0.87,0.91,0.8,0.62,0.56,0.85,0.16,0.74,79,1.3,1.23,1.04,-0.48,1.27,1.72
Q9H987_S350s,Q9H987,SYNPO2L,79933,Q9H987,Homo sapiens,FALSE,Q9H987_S350s,140.15,TRUE,ARSLTNQsDWDSPYL,0,Q9H987_S350s,-0.03,0.08,0.03,-0.11,-0.09,0.03,0.65,0.27,0.63,0.09,0.23,0.58,0.89,0.89,0.97,0.24,0.65,0.91,0.85,0.04,0.74,17,-0.46,1.09,0.49,-1.72,-1.19,0.55
Q8WZ42-12_Y14898y,Q8WZ42-12,TTN,7273,Q8WZ42-12,Homo sapiens,FALSE,Q8WZ42-12_Y14898y,1000,TRUE,EILKSKKyEIVADGR,0,Q8WZ42-12_Y14898y,0.06,0.13,-0.07,-0.1,0.01,-0.01,0.59,0.29,0.54,0.33,0.94,0.93,0.87,0.9,0.96,0.57,0.98,0.99,0.85,0.03,0.74,14,0.54,1.06,-0.62,-0.96,0.08,-0.09
P20929-2_S1536s,P20929-2,NEB,4703,P20929-2,Homo sapiens,FALSE,P20929-2_S1536s,121.78,TRUE,KVNALNMsDAHYKAD,0,P20929-2_S1536s,0.17,0.36,0.07,-0.11,0.15,0.06,0.49,0.17,0.78,0.66,0.54,0.81,0.82,0.85,0.99,0.82,0.85,0.96,0.85,0.04,0.74,21,0.69,1.38,0.28,-0.44,0.61,0.24
Q8WZ42-12_T5849t,Q8WZ42-12,TTN,7273,Q8WZ42-12,Homo sapiens,FALSE,Q8WZ42-12_T5849t,20.02,TRUE,LQVKFSGtKEITAKW,0,Q8WZ42-12_T5849t,0.15,0.13,-0.03,-0.1,-0.1,0.02,0.31,0.37,0.83,0.43,0.45,0.85,0.69,0.92,0.99,0.65,0.81,0.97,0.85,0.02,0.74,10,1.01,0.9,-0.21,-0.8,-0.75,0.19
Q14195-2_S653s,Q14195-2,DPYSL3,1809,Q14195-2,Homo sapiens,FALSE,Q14195-2_S653s,63.65,TRUE,NLHQSGFsLSGTQVD,0,Q14195-2_S653s,-0.18,0.06,-0.18,-0.31,-0.27,-0.13,0.35,0.77,0.28,0.11,0.16,0.43,0.73,0.98,0.91,0.29,0.57,0.86,0.85,0,0.74,0,-0.94,0.29,-1.09,-1.58,-1.4,-0.78
P17661_S68s,P17661,DES,1674,P17661,Homo sapiens,FALSE,P17661_S68s,194.42,TRUE,GGAGGLGsLRASRLG,0,P17661_S68s,-0.17,0.24,-0.02,-0.39,-0.03,0.11,0.24,0.14,0.91,0.01,0.83,0.44,0.62,0.82,0.99,0.04,0.96,0.86,0.85,0.05,0.74,25,-1.18,1.49,-0.11,-2.7,-0.22,0.78
Q8WZ42-12_Y24835y,Q8WZ42-12,TTN,7273,Q8WZ42-12,Homo sapiens,FALSE,Q8WZ42-12_Y24835y,170.03,TRUE,LSWGPPKyDGGSSIN,0,Q8WZ42-12_Y24835y,-0.05,0.05,-0.03,-0.12,-0.01,0.04,0.53,0.58,0.74,0.13,0.9,0.57,0.84,0.96,0.98,0.33,0.97,0.9,0.85,0.07,0.74,32,-0.62,0.55,-0.33,-1.5,-0.13,0.56
Q9BX66-11_S1166s,Q9BX66-11,SORBS1,10580,Q9BX66-11,Homo sapiens,FALSE,Q9BX66-11_S1166s,65.23,TRUE,KAARRGGsQLSHHSL,0,Q9BX66-11_S1166s,0.1,0.12,0.02,-0.13,-0.02,-0.04,0.36,0.31,0.85,0.18,0.88,0.69,0.73,0.9,0.99,0.39,0.97,0.93,0.85,0.06,0.74,29,0.92,1.01,0.19,-1.35,-0.15,-0.4
P54296_S239s,P54296,MYOM2,9172,P54296,Homo sapiens,FALSE,P54296_S239s,30.08,TRUE,TNAHGQVsTNAAVVV,0,P54296_S239s,-0.02,0.16,-0.07,-0.13,0.02,0.03,0.87,0.12,0.47,0.17,0.81,0.71,0.96,0.81,0.95,0.38,0.95,0.94,0.85,0.03,0.74,14,-0.17,1.54,-0.72,-1.36,0.24,0.38
Q9BR39_S182s,Q9BR39,JPH2,57158,Q9BR39,Homo sapiens,FALSE,Q9BR39_S182s,29.36,TRUE,VAPDSPAsPASDGPA,0,Q9BR39_S182s,0.1,0.21,0,-0.06,-0.01,0.01,0.45,0.18,0.99,0.67,0.92,0.92,0.8,0.85,1,0.83,0.98,0.98,0.85,0,0.74,1,0.75,1.36,-0.01,-0.43,-0.1,0.1
P49841_S25s,P49841,GSK3B,2932,"P49841,P49841-2",Homo sapiens,FALSE,P49841_S25s,109.53,TRUE,QQPSAFGsMKVSRDK,0,P49841_S25s,-0.19,-0.02,-0.15,-0.38,-0.41,-0.14,0.16,0.91,0.24,0.01,0,0.25,0.52,1,0.9,0.03,0.07,0.75,0.85,0.01,0.74,6,-1.42,-0.12,-1.17,-2.78,-2.89,-1.16
P06748_S106s,P06748,NPM1,4869,"P06748,P06748-3",Homo sapiens,FALSE,P06748_S106s,23.47,TRUE,VLRLKCGsGPVHISG,0,P06748_S106s,0.11,0.17,-0.09,-0.33,0.11,0,0.6,0.45,0.64,0.12,0.62,0.99,0.87,0.93,0.97,0.31,0.89,1,0.85,0.09,0.74,42,0.53,0.76,-0.47,-1.54,0.5,-0.01
Q9BX66_S1028s,Q9BX66,SORBS1,10580,Q9BX66,Homo sapiens,FALSE,Q9BX66_S1028s,31.52,TRUE,LALSPRAsPSLSLSL,0,Q9BX66_S1028s,-0.13,0.21,0.07,-0.34,-0.12,0.16,0.47,0.26,0.7,0.06,0.51,0.34,0.81,0.89,0.98,0.18,0.84,0.81,0.85,0.04,0.74,21,-0.72,1.12,0.38,-1.91,-0.66,0.96
Q9Y2J8_T141t,Q9Y2J8,PADI2,11240,Q9Y2J8,Homo sapiens,FALSE,Q9Y2J8_T141t,49.21,TRUE,NPKKASWtWGPEGQG,0,Q9Y2J8_T141t,-0.08,0.05,-0.02,-0.17,-0.03,-0.01,0.31,0.56,0.77,0.03,0.7,0.92,0.69,0.96,0.99,0.13,0.92,0.99,0.85,0.06,0.74,27,-1.02,0.59,-0.29,-2.12,-0.39,-0.1
Q8WZ42-12_S6322s,Q8WZ42-12,TTN,7273,Q8WZ42-12,Homo sapiens,FALSE,Q8WZ42-12_S6322s,49.21,TRUE,VAGSPPIsITWLKDD,0,Q8WZ42-12_S6322s,0.02,0.08,0.05,-0.03,-0.01,0.05,0.75,0.19,0.36,0.62,0.85,0.38,0.92,0.86,0.93,0.79,0.96,0.83,0.85,0.04,0.74,20,0.32,1.31,0.92,-0.5,-0.19,0.88
Q8WX93_S192s,Q8WX93,PALLD,23022,Q8WX93,Homo sapiens,FALSE,Q8WX93_S192s,140.11,TRUE,AAKPRNRsPNGESSS,0,Q8WX93_S192s,-0.19,0.03,0.01,-0.49,-0.28,-0.07,0.03,0.74,0.89,0,0,0.37,0.19,0.98,0.99,0,0.05,0.83,0.85,0.04,0.74,21,-2.21,0.34,0.14,-5.69,-3.05,-0.9
Q96C23_S124s,Q96C23,GALM,130589,Q96C23,Homo sapiens,FALSE,Q96C23_S124s,172.44,TRUE,LWTPRVLsNGVQFSR,0,Q96C23_S124s,-0.08,-0.03,-0.01,-0.22,-0.14,-0.02,0.25,0.69,0.87,0,0.08,0.8,0.64,0.97,0.99,0.01,0.42,0.96,0.85,0.06,0.74,29,-1.14,-0.39,-0.17,-3.11,-1.76,-0.26
Q5VWP3-3_S355s,Q5VWP3-3,MLIP,90523,Q5VWP3-3,Homo sapiens,FALSE,Q5VWP3-3_S355s,83.82,TRUE,SPPSSSAsLKSNSAS,0,Q5VWP3-3_S355s,-0.19,0.07,-0.01,-0.4,-0.09,0,0.23,0.64,0.93,0.01,0.5,0.99,0.61,0.97,0.99,0.04,0.84,1,0.85,0.07,0.74,36,-1.2,0.47,-0.09,-2.71,-0.67,-0.01
Q8TDY2_S644s,Q8TDY2,RB1CC1,9821,"Q8TDY2,Q8TDY2-2",Homo sapiens,FALSE,Q8TDY2_S644s,52.22,TRUE,SEQKASVsQTSPQSA,0,Q8TDY2_S644s,-0.17,-0.03,-0.07,-0.34,-0.3,-0.04,0.26,0.83,0.65,0.02,0.06,0.79,0.64,0.99,0.97,0.09,0.38,0.96,0.85,0.04,0.74,19,-1.14,-0.21,-0.46,-2.28,-1.85,-0.27
Q9Y608_S260sS263s,Q9Y608,LRRFIP2,9209,Q9Y608,Homo sapiens,FALSE,Q9Y608_S260sS263s,99.43,TRUE,ASRGRREsVVSAADY|GRRESVVsAADYFSR,0,Q9Y608_S260sS263s,0.22,0.16,0,-0.13,-0.1,0.09,0.02,0.15,0.98,0.2,0.34,0.37,0.17,0.83,1,0.42,0.74,0.83,0.85,0.04,0.74,17,2.28,1.45,0.03,-1.29,-0.95,0.89
Q8WZ42-12_Y26645y,Q8WZ42-12,TTN,7273,Q8WZ42-12,Homo sapiens,FALSE,Q8WZ42-12_Y26645y,53.98,TRUE,QIEKGVNyTQLSIDN,0,Q8WZ42-12_Y26645y,0,0.07,0.04,-0.1,-0.06,0,0.96,0.23,0.37,0.04,0.22,0.94,0.99,0.88,0.93,0.15,0.63,0.99,0.85,0.04,0.74,19,-0.05,1.21,0.89,-2.04,-1.23,0.08
Q9NR19-2_S273s,Q9NR19-2,ACSS2,55902,Q9NR19-2,Homo sapiens,FALSE,Q9NR19-2_S273s,1000,TRUE,QSPPIKRsCPDVQGK,0,Q9NR19-2_S273s,0,0.05,0.03,-0.24,-0.15,0.14,1,0.85,0.9,0.35,0.55,0.56,1,0.99,0.99,0.59,0.86,0.9,0.85,0.05,0.74,22,0,0.19,0.13,-0.93,-0.6,0.58
Q53GG5_S250s,Q53GG5,PDLIM3,27295,Q53GG5,Homo sapiens,FALSE,Q53GG5_S250s,52.22,TRUE,EPTQPRQsGSFRVLQ,0,Q53GG5_S250s,0.04,0.3,0.13,-0.33,0.16,0.36,0.88,0.24,0.56,0.18,0.52,0.11,0.97,0.88,0.97,0.39,0.84,0.6,0.85,0.1,0.74,48,0.15,1.18,0.58,-1.35,0.65,1.59
P22626_S212s,P22626,HNRNPA2B1,3181,"P22626,P22626-2",Homo sapiens,FALSE,P22626_S212s,150.31,TRUE,GNFGFGDsRGGGGNF,0,P22626_S212s,0.06,0.26,0.1,-0.11,-0.13,0.12,0.71,0.09,0.45,0.41,0.37,0.36,0.91,0.78,0.95,0.64,0.76,0.83,0.85,0.02,0.74,10,0.38,1.68,0.75,-0.83,-0.9,0.91
Q7Z5L9_S457s,Q7Z5L9,IRF2BP2,359948,"Q7Z5L9,Q7Z5L9-2",Homo sapiens,FALSE,Q7Z5L9_S457s,60.64,TRUE,TTRRNSNsPPSPSSM,0,Q7Z5L9_S457s,-0.16,-0.02,-0.04,-0.46,-0.28,-0.18,0.21,0.9,0.76,0,0.04,0.15,0.59,1,0.98,0,0.3,0.66,0.85,0.05,0.74,23,-1.26,-0.12,-0.31,-3.53,-2.07,-1.43
P23327_S501s,P23327,HRC,3270,P23327,Homo sapiens,FALSE,P23327_S501s,53.06,TRUE,SHEEDDEsSEQGEKG,0,P23327_S501s,0.06,0.04,0.04,-0.01,0.02,0.07,0.62,0.73,0.74,0.91,0.88,0.54,0.88,0.98,0.98,0.96,0.97,0.89,0.85,0.06,0.74,29,0.49,0.35,0.33,-0.12,0.15,0.62
P60174_S195sS198s,P60174,TPI1,7167,P60174,Homo sapiens,FALSE,P60174_S195sS198s,170.63,TRUE,KLRGWLKsNVSDAVA|GWLKSNVsDAVAQST,0,P60174_S195sS198s,-0.09,0.1,0,-0.2,-0.16,-0.02,0.47,0.44,0.98,0.09,0.19,0.89,0.81,0.93,1,0.25,0.6,0.98,0.85,0.03,0.74,13,-0.72,0.78,0.03,-1.71,-1.31,-0.14
P62241_S160s,P62241,RPS8,6202,P62241,Homo sapiens,FALSE,P62241_S160s,22.22,TRUE,KKNAKISsLLEEQFQ,0,P62241_S160s,0,0.06,-0.05,-0.14,-0.06,-0.08,1,0.55,0.51,0.09,0.51,0.32,1,0.96,0.96,0.25,0.84,0.8,0.85,0.04,0.74,18,0,0.6,-0.66,-1.7,-0.66,-1
P23109_Y206y,P23109,AMPD1,270,"P23109,P23109-2",Homo sapiens,FALSE,P23109_Y206y,240.31,TRUE,NLPENLGyHLKMKDG,0,P23109_Y206y,-0.01,0.17,0.07,-0.24,0.03,0,0.86,0.03,0.3,0,0.71,0.95,0.96,0.64,0.91,0.01,0.92,0.99,0.85,0.1,0.74,50,-0.17,2.21,1.05,-3.41,0.38,-0.07
Q9HDC5_S162sS174s,Q9HDC5,JPH1,56704,Q9HDC5,Homo sapiens,FALSE,Q9HDC5_S162sS174s,20.46,TRUE,IRSPLRTsLASLRSE|RSEQSNGsVLHDAAA,0,Q9HDC5_S162sS174s,-0.07,0.19,-0.13,-0.41,-0.2,-0.23,0.52,0.16,0.23,0,0.12,0.05,0.83,0.84,0.9,0,0.51,0.46,0.85,0.03,0.74,13,-0.65,1.42,-1.19,-3.42,-1.55,-2
Q9H987_S790sS794s,Q9H987,SYNPO2L,79933,Q9H987,Homo sapiens,FALSE,Q9H987_S790sS794s,25.7,TRUE,GPRPRSPsPTPSLPP|RSPSPTPsLPPSWKY,0,Q9H987_S790sS794s,-0.12,-0.04,0.01,-0.48,-0.28,-0.07,0.18,0.67,0.9,0,0.01,0.46,0.56,0.97,0.99,0,0.09,0.87,0.84,0.06,0.74,30,-1.33,-0.42,0.13,-5.01,-2.75,-0.74
Q5SW79_S1165s,Q5SW79,CEP170,9859,Q5SW79,Homo sapiens,FALSE,Q5SW79_S1165s,74.95,TRUE,LGSLSARsDSEATIS,0,Q5SW79_S1165s,-0.25,-0.2,-0.18,-0.48,-0.28,-0.09,0.01,0.09,0.08,0,0.01,0.34,0.11,0.78,0.82,0,0.17,0.81,0.84,0.1,0.74,50,-2.51,-1.7,-1.73,-4.73,-2.45,-0.95
P00505-2_S90s,P00505-2,GOT2,2806,P00505-2,Homo sapiens,FALSE,P00505-2_S90s,30.07,TRUE,FVTVQTIsGTGALRI,0,P00505-2_S90s,-0.02,0,-0.16,-0.17,-0.11,0,0.9,0.97,0.17,0.17,0.34,0.97,0.97,1,0.88,0.38,0.75,0.99,0.84,0.05,0.74,26,-0.13,0.04,-1.38,-1.36,-0.94,-0.04
P12883_S1137s,P12883,MYH7,4625,P12883,Homo sapiens,FALSE,P12883_S1137s,76.98,TRUE,AKVEKLRsDLSRELE,0,P12883_S1137s,-0.18,-0.07,-0.21,-0.41,-0.09,-0.05,0.35,0.71,0.22,0.03,0.62,0.78,0.73,0.98,0.9,0.1,0.89,0.96,0.84,0.08,0.74,40,-0.94,-0.37,-1.21,-2.23,-0.49,-0.27
Q8WZ42-12_T26790t,Q8WZ42-12,TTN,7273,Q8WZ42-12,Homo sapiens,FALSE,Q8WZ42-12_T26790t,37.49,TRUE,PPGKVTLtDVSQTSA,0,Q8WZ42-12_T26790t,-0.03,0.19,-0.03,-0.16,0.05,0.11,0.79,0.14,0.78,0.19,0.67,0.29,0.94,0.83,0.99,0.41,0.91,0.78,0.84,0.05,0.74,23,-0.27,1.46,-0.28,-1.31,0.43,1.05
O95613_T3282tS3284s,O95613,PCNT,5116,O95613,Homo sapiens,FALSE,O95613_T3282tS3284s,20.02,TRUE,PHSGGRAtPSPNSRL|SGGRATPsPNSRLER,0,O95613_T3282tS3284s,0.2,0.2,-0.03,-0.27,-0.13,-0.08,0.21,0.24,0.83,0.08,0.44,0.53,0.59,0.88,0.99,0.23,0.8,0.89,0.84,0.04,0.74,19,1.27,1.18,-0.22,-1.77,-0.78,-0.63
Q96RT1_S852s,Q96RT1,ERBIN,55914,"Q96RT1,Q96RT1-2,Q96RT1-3,Q96RT1-4,Q96RT1-5,Q96RT1-6,Q96RT1-8,Q96RT1-9",Homo sapiens,FALSE,Q96RT1_S852s,47.96,TRUE,VDLGISKsTEDLSPQ,0,Q96RT1_S852s,-0.08,0.01,-0.16,-0.18,-0.09,0.01,0.59,0.96,0.27,0.21,0.54,0.96,0.87,1,0.9,0.44,0.85,0.99,0.84,0.03,0.74,15,-0.54,0.06,-1.11,-1.25,-0.61,0.06
Q6P5Q4_T184t,Q6P5Q4,LMOD2,442721,Q6P5Q4,Homo sapiens,FALSE,Q6P5Q4_T184t,33.99,TRUE,NGSNGRNtESPAAIH,0,Q6P5Q4_T184t,-0.72,-0.1,-0.63,-1.28,-0.33,-0.31,0.01,0.73,0.01,0,0.23,0.2,0.12,0.98,0.63,0,0.64,0.71,0.84,0.07,0.74,35,-2.49,-0.35,-2.5,-4.65,-1.21,-1.29
Q9H792_S826s,Q9H792,PEAK1,79834,Q9H792,Homo sapiens,FALSE,Q9H792_S826s,42.3,TRUE,SLFTSQPsGEAEAPQ,0,Q9H792_S826s,0,0.01,-0.06,-0.11,-0.01,0.04,0.95,0.95,0.47,0.15,0.94,0.56,0.99,1,0.95,0.35,0.99,0.9,0.84,0.09,0.74,42,0.06,0.06,-0.72,-1.44,-0.07,0.59
P52895_S290s,P52895,AKR1C2,1646,"P52895,Q04828",Homo sapiens,FALSE,P52895_S290s,19.22,TRUE,VFEFQLTsEEMKAID,0,P52895_S290s,0.16,0.27,0.08,-0.14,0.17,0.04,0.27,0.1,0.54,0.28,0.27,0.72,0.65,0.79,0.96,0.52,0.69,0.94,0.84,0.08,0.74,40,1.11,1.62,0.61,-1.07,1.1,0.36
Q8IVT5_T270t,Q8IVT5,KSR1,8844,"Q8IVT5,Q8IVT5-2,Q8IVT5-3,Q8IVT5-4",Homo sapiens,FALSE,Q8IVT5_T270t,57.6,TRUE,RALHSFItPPTTPQL,0,Q8IVT5_T270t,-0.1,-0.08,-0.12,-0.48,-0.15,-0.2,0.5,0.59,0.36,0,0.26,0.1,0.82,0.97,0.93,0,0.68,0.57,0.84,0.08,0.74,40,-0.68,-0.53,-0.92,-3.5,-1.13,-1.67
P46821_S1793s,P46821,MAP1B,4131,P46821,Homo sapiens,FALSE,P46821_S1793s,23.01,TRUE,PLTPRESsPLYSPTF,0,P46821_S1793s,-0.09,0.17,0.02,-0.21,-0.04,0.03,0.42,0.19,0.86,0.07,0.74,0.75,0.78,0.86,0.99,0.21,0.93,0.95,0.84,0.04,0.74,17,-0.8,1.31,0.18,-1.8,-0.33,0.31
O95155_S105s,O95155,UBE4B,10277,"O95155,O95155-4",Homo sapiens,FALSE,O95155_S105s,65.93,TRUE,QSLSRSQsMDIDGVS,0,O95155_S105s,0,0.01,0.06,-0.26,-0.1,0.02,0.95,0.9,0.35,0,0.14,0.71,0.99,1,0.93,0,0.54,0.94,0.84,0.08,0.74,38,-0.06,0.12,0.94,-4.13,-1.46,0.37
O00168_S82s,O00168,FXYD1,5348,O00168,Homo sapiens,FALSE,O00168_S82s,20.98,TRUE,EEEGTFRsSIRRLST,0,O00168_S82s,0.06,0.18,0.16,-0.05,0.04,0.15,0.65,0.18,0.24,0.69,0.78,0.24,0.89,0.86,0.9,0.84,0.94,0.75,0.84,0.04,0.74,20,0.45,1.33,1.18,-0.4,0.28,1.17
Q8WZ42-12_S31833s,Q8WZ42-12,TTN,7273,Q8WZ42-12,Homo sapiens,FALSE,Q8WZ42-12_S31833s,41.11,TRUE,IQWTKPEsDGGNEIS,0,Q8WZ42-12_S31833s,-0.03,0.08,0.02,-0.09,-0.04,0.07,0.68,0.38,0.81,0.24,0.6,0.38,0.9,0.92,0.99,0.47,0.88,0.83,0.84,0.04,0.74,17,-0.42,0.88,0.24,-1.18,-0.52,0.88
Q8WZ42-12_Y2112y,Q8WZ42-12,TTN,7273,Q8WZ42-12,Homo sapiens,FALSE,Q8WZ42-12_Y2112y,1000,TRUE,PDPECEWyKNGVKIE,0,Q8WZ42-12_Y2112y,-0.06,0.02,-0.03,-0.1,-0.03,0,0.38,0.73,0.58,0.13,0.7,0.99,0.74,0.98,0.97,0.31,0.92,1,0.84,0.05,0.74,26,-0.89,0.35,-0.56,-1.53,-0.38,0.02
O75113_S258s,O75113,N4BP1,9683,O75113,Homo sapiens,FALSE,O75113_S258s,17.47,TRUE,MDTVLSSsPDVLFDP,0,O75113_S258s,-0.03,0.19,0.09,-0.25,-0.02,-0.03,0.91,0.44,0.71,0.26,0.92,0.91,0.97,0.93,0.98,0.49,0.98,0.98,0.84,0.07,0.74,35,-0.12,0.77,0.38,-1.13,-0.1,-0.12
P10636_S579s,P10636,MAPT,4137,P10636,Homo sapiens,FALSE,P10636_S579s,26.98,TRUE,NVKSKIGsTENLKHQ,0,P10636_S579s,-0.18,0.18,-0.16,-0.79,0.07,-0.05,0.26,0.35,0.3,0,0.72,0.74,0.64,0.91,0.91,0,0.93,0.95,0.84,0.11,0.74,54,-1.14,0.93,-1.04,-4.8,0.35,-0.34
P12883_S1366s,P12883,MYH7,4625,P12883,Homo sapiens,FALSE,P12883_S1366s,1000,TRUE,RVLSKANsEVAQWRT,0,P12883_S1366s,-0.22,-0.11,-0.15,-0.33,-0.17,-0.14,0.01,0.19,0.05,0,0.04,0.05,0.07,0.86,0.78,0,0.3,0.48,0.84,0.09,0.74,45,-2.76,-1.32,-1.97,-4.26,-2.06,-1.95
Q8WX93_S115s,Q8WX93,PALLD,23022,Q8WX93,Homo sapiens,FALSE,Q8WX93_S115s,43.1,TRUE,KQTKSISsPVSKRKP,0,Q8WX93_S115s,-0.12,0.22,-0.02,-0.6,0.07,-0.03,0.36,0.14,0.85,0,0.59,0.77,0.74,0.82,0.99,0,0.88,0.95,0.84,0.13,0.74,63,-0.92,1.48,-0.19,-5.13,0.54,-0.29
Q8NDX5_S263s,Q8NDX5,PHC3,80012,"Q8NDX5,Q8NDX5-2,Q8NDX5-7",Homo sapiens,FALSE,Q8NDX5_S263s,107.94,TRUE,KISQRDPsPESNKKG,0,Q8NDX5_S263s,-0.11,-0.07,-0.07,-0.21,-0.09,-0.05,0.15,0.35,0.31,0.01,0.22,0.53,0.51,0.91,0.92,0.03,0.64,0.89,0.84,0.12,0.74,59,-1.44,-0.94,-1.01,-2.8,-1.22,-0.63
Q92610_S680s,Q92610,ZNF592,9640,Q92610,Homo sapiens,FALSE,Q92610_S680s,19.22,TRUE,AAPAPSSsPKHGLTS,0,Q92610_S680s,-0.1,0.05,0.01,-0.34,-0.04,-0.01,0.37,0.69,0.9,0,0.72,0.91,0.74,0.97,0.99,0.01,0.93,0.98,0.84,0.11,0.74,54,-0.89,0.4,0.13,-3.08,-0.35,-0.11
O00505_S60s,O00505,KPNA3,3839,O00505,Homo sapiens,FALSE,O00505_S60s,140.15,TRUE,QEESLEDsDVDADFK,0,O00505_S60s,-0.15,0,0.01,-0.55,-0.11,0.01,0.02,0.99,0.89,0,0.11,0.93,0.17,1,0.99,0,0.49,0.99,0.84,0.12,0.74,60,-2.31,0.01,0.14,-8.21,-1.6,0.09
Q86YV5_S510s,Q86YV5,PRAG1,157285,Q86YV5,Homo sapiens,FALSE,Q86YV5_S510s,100.97,TRUE,RGPVSQNsEVGEEET,0,Q86YV5_S510s,-0.11,0,0.01,-0.42,-0.08,0,0.35,0.99,0.92,0,0.52,0.99,0.73,1,0.99,0,0.84,1,0.84,0.12,0.74,58,-0.94,0.01,0.1,-3.68,-0.65,0.02
O15061_S401s,O15061,SYNM,23336,O15061,Homo sapiens,FALSE,O15061_S401s,31.3,TRUE,ARRGFLGsGYSSSAT,0,O15061_S401s,0.07,0.14,0.04,-0.1,-0.01,-0.03,0.58,0.42,0.72,0.4,0.97,0.84,0.86,0.93,0.98,0.63,0.99,0.97,0.84,0.04,0.74,19,0.55,0.8,0.36,-0.85,-0.04,-0.21
Q5T5Y3_S431s,Q5T5Y3,CAMSAP1,157922,"Q5T5Y3,Q5T5Y3-2,Q5T5Y3-3",Homo sapiens,FALSE,Q5T5Y3_S431s,1000,TRUE,LRQKQQKsIQGEDIP,0,Q5T5Y3_S431s,-0.04,0.1,0.05,-0.36,0.01,-0.01,0.74,0.49,0.68,0,0.93,0.95,0.92,0.94,0.98,0.03,0.98,0.99,0.84,0.12,0.74,57,-0.34,0.69,0.42,-2.86,0.08,-0.06
Q5T5P2_S1461s,Q5T5P2,KIAA1217,56243,Q5T5P2,Homo sapiens,FALSE,Q5T5P2_S1461s,23.98,TRUE,RSAYKRLsTIFEECD,0,Q5T5P2_S1461s,-0.01,-0.02,-0.07,-0.07,-0.06,-0.02,0.92,0.88,0.55,0.53,0.61,0.83,0.98,0.99,0.96,0.73,0.89,0.97,0.84,0.04,0.74,20,-0.1,-0.15,-0.6,-0.63,-0.51,-0.22
Q9HC38-2_S98s,Q9HC38-2,GLOD4,51031,"Q9HC38,Q9HC38-2,Q9HC38-3",Homo sapiens,FALSE,Q9HC38-2_S98s,93.67,TRUE,LASSQAVsNARKLEW,0,Q9HC38-2_S98s,0.11,0.27,0.23,-0.09,0.06,0.22,0.44,0.09,0.09,0.56,0.7,0.09,0.8,0.78,0.83,0.76,0.92,0.57,0.84,0.05,0.74,25,0.76,1.67,1.69,-0.58,0.38,1.69
P11142_S362s,P11142,HSPA8,3312,P11142,Homo sapiens,FALSE,P11142_S362s,129.64,TRUE,NGKELNKsINPDEAV,0,P11142_S362s,-0.17,0.03,-0.04,-0.33,-0.09,-0.03,0.01,0.64,0.45,0,0.17,0.62,0.09,0.97,0.95,0,0.58,0.92,0.84,0.08,0.74,38,-2.64,0.47,-0.75,-5.27,-1.37,-0.49
Q8WZ42-12_S263s,Q8WZ42-12,TTN,7273,Q8WZ42-12,Homo sapiens,FALSE,Q8WZ42-12_S263s,65.93,TRUE,RIPPKPKsRSPTPPS,0,Q8WZ42-12_S263s,-0.14,-0.08,-0.04,-0.35,-0.25,-0.03,0.04,0.29,0.52,0,0,0.63,0.23,0.9,0.96,0,0.03,0.92,0.84,0.06,0.74,31,-2.09,-1.05,-0.65,-5.17,-3.27,-0.49
Q02641-2_S53s,Q02641-2,CACNB1,782,Q02641-2,Homo sapiens,FALSE,Q02641-2_S53s,25.7,TRUE,SSDTTSNsFVRQGSA,0,Q02641-2_S53s,-0.39,-0.23,-0.15,-0.73,-0.56,-0.16,0.06,0.29,0.41,0,0.01,0.36,0.31,0.9,0.94,0,0.12,0.82,0.84,0.06,0.74,28,-1.91,-1.06,-0.82,-3.93,-2.62,-0.91
O43719_S452sS453s,O43719,HTATSF1,27336,O43719,Homo sapiens,FALSE,O43719_S452sS453s,95.85,TRUE,SENNAKEsSPEKEAE|ENNAKESsPEKEAEE,0,O43719_S452sS453s,-0.07,0.07,-0.02,-0.15,-0.01,0.04,0.31,0.36,0.79,0.03,0.88,0.58,0.69,0.92,0.99,0.1,0.97,0.91,0.84,0.06,0.74,29,-1.02,0.92,-0.27,-2.24,-0.15,0.56
Q13884_S205s,Q13884,SNTB1,6641,Q13884,Homo sapiens,FALSE,Q13884_S205s,52.35,TRUE,TPYVKKGsPVSEIGW,0,Q13884_S205s,-0.07,-0.1,-0.11,-0.35,-0.22,0.07,0.63,0.47,0.44,0,0.08,0.54,0.88,0.94,0.95,0.02,0.43,0.89,0.84,0.05,0.74,24,-0.49,-0.72,-0.78,-2.93,-1.72,0.61
Q8WZ42-12_T2627t,Q8WZ42-12,TTN,7273,Q8WZ42-12,Homo sapiens,FALSE,Q8WZ42-12_T2627t,34.95,TRUE,GAISKPLtDQTVAES,0,Q8WZ42-12_T2627t,-0.06,0.12,0.04,-0.15,-0.02,0.06,0.46,0.16,0.59,0.04,0.84,0.43,0.8,0.84,0.97,0.15,0.96,0.86,0.84,0.06,0.74,30,-0.75,1.41,0.54,-2.04,-0.2,0.79
Q8WZ42-12_S5035s,Q8WZ42-12,TTN,7273,Q8WZ42-12,Homo sapiens,FALSE,Q8WZ42-12_S5035s,147.39,TRUE,VRMYFVNsEAILDIT,0,Q8WZ42-12_S5035s,-0.06,0.04,-0.1,-0.11,-0.11,-0.04,0.45,0.7,0.21,0.16,0.19,0.62,0.8,0.97,0.89,0.36,0.6,0.92,0.84,0.01,0.74,2,-0.75,0.38,-1.26,-1.42,-1.31,-0.5
Q14315_S2233s,Q14315,FLNC,2318,Q14315,Homo sapiens,FALSE,Q14315_S2233s,112.13,TRUE,LGRERLGsFGSITRQ,0,Q14315_S2233s,0.01,0.19,0.07,-0.44,0.08,-0.02,0.93,0.08,0.49,0,0.44,0.8,0.98,0.76,0.96,0,0.8,0.96,0.84,0.12,0.74,57,0.08,1.76,0.7,-4.4,0.78,-0.25
D6RIA3_S1345s,D6RIA3,C4orf54,285556,D6RIA3,Homo sapiens,FALSE,D6RIA3_S1345s,86.15,TRUE,ERLQRRNsNPSAESV,0,D6RIA3_S1345s,0.02,0.05,0.03,-0.08,0.01,0,0.71,0.5,0.57,0.18,0.87,0.96,0.91,0.95,0.97,0.4,0.97,0.99,0.84,0.1,0.74,49,0.37,0.68,0.56,-1.33,0.17,-0.05
Q9ULS5_S4s,Q9ULS5,TMCC3,57458,Q9ULS5,Homo sapiens,FALSE,Q9ULS5_S4s,42.69,TRUE,#NAME?,0,Q9ULS5_S4s,-0.19,-0.14,-0.09,-0.46,-0.38,-0.06,0.06,0.2,0.32,0,0,0.46,0.3,0.86,0.92,0,0.01,0.87,0.84,0.06,0.74,28,-1.91,-1.28,-1,-4.66,-3.58,-0.73
Q15057_S384s,Q15057,ACAP2,23527,Q15057,Homo sapiens,FALSE,Q15057_S384s,57.6,TRUE,KSSPSTGsLDSGNES,0,Q15057_S384s,-0.01,0.18,-0.15,-0.18,-0.08,-0.06,0.93,0.13,0.14,0.07,0.47,0.56,0.98,0.82,0.86,0.21,0.82,0.9,0.84,0.02,0.74,9,-0.09,1.51,-1.48,-1.81,-0.73,-0.58
Q9H987_T141t,Q9H987,SYNPO2L,79933,Q9H987,Homo sapiens,FALSE,Q9H987_T141t,63.52,TRUE,SEAYYGEtDSDADGP,0,Q9H987_T141t,-0.1,-0.02,-0.02,-0.19,-0.13,-0.05,0.14,0.8,0.71,0,0.07,0.38,0.49,0.99,0.98,0.02,0.4,0.83,0.84,0.05,0.74,23,-1.48,-0.26,-0.37,-2.96,-1.81,-0.87
Q711Q0_T293t,Q711Q0,CEFIP,NaN,Q711Q0,Homo sapiens,FALSE,Q711Q0_T293t,73.53,TRUE,KLLERKDtAGTVPES,0,Q711Q0_T293t,0.34,0.36,0.07,-0.11,0.22,0.11,0.04,0.06,0.65,0.5,0.23,0.47,0.25,0.72,0.97,0.71,0.64,0.87,0.84,0.09,0.74,43,2.05,1.85,0.45,-0.68,1.21,0.72
Q15637-4_S82s,Q15637-4,SF1,7536,"Q15637-4,Q15637-5",Homo sapiens,FALSE,Q15637-4_S82s,23.98,TRUE,NPEDRSPsPEPIYNS,0,Q15637-4_S82s,0.03,0.07,0.08,-0.35,-0.15,-0.07,0.85,0.7,0.57,0.01,0.38,0.59,0.96,0.97,0.97,0.05,0.77,0.91,0.84,0.06,0.74,27,0.18,0.39,0.57,-2.54,-0.88,-0.53
Q53SF7_S256s,Q53SF7,COBLL1,22837,"Q53SF7,Q53SF7-2,Q53SF7-3",Homo sapiens,FALSE,Q53SF7_S256s,57.54,TRUE,KKRDQTAsAPATPLV,0,Q53SF7_S256s,-0.02,0.03,-0.06,-0.19,0.01,0.08,0.87,0.78,0.61,0.13,0.9,0.46,0.97,0.98,0.97,0.33,0.98,0.86,0.84,0.09,0.74,45,-0.16,0.28,-0.51,-1.5,0.12,0.74
Q8WZ42-12_T34552t,Q8WZ42-12,TTN,7273,Q8WZ42-12,Homo sapiens,FALSE,Q8WZ42-12_T34552t,26.98,TRUE,PRKYKQTtIEEDQRI,0,Q8WZ42-12_T34552t,0.05,0.28,0.15,-0.19,0.08,0.03,0.66,0.03,0.22,0.1,0.55,0.78,0.89,0.67,0.9,0.27,0.86,0.96,0.84,0.08,0.74,37,0.43,2.12,1.24,-1.63,0.59,0.28
Q8WZ42-12_T33324t,Q8WZ42-12,TTN,7273,Q8WZ42-12,Homo sapiens,FALSE,Q8WZ42-12_T33324t,18.27,TRUE,DDGGSWItNYVVEKC,0,Q8WZ42-12_T33324t,0.07,0.37,0.16,-0.04,0.02,0.16,0.56,0,0.17,0.71,0.87,0.18,0.85,0.42,0.88,0.85,0.97,0.69,0.84,0.01,0.74,6,0.59,2.81,1.36,-0.38,0.16,1.34
Q6ZU52_S248s,Q6ZU52,KIAA0408,9729,Q6ZU52,Homo sapiens,FALSE,Q6ZU52_S248s,20.98,TRUE,TNVLQSNsTKKCGID,0,Q6ZU52_S248s,0.02,0.11,-0.14,-0.37,0.11,0.09,0.89,0.5,0.39,0.01,0.5,0.53,0.97,0.95,0.94,0.06,0.83,0.89,0.84,0.13,0.74,63,0.14,0.67,-0.85,-2.45,0.68,0.63
Q8WZ42-12_Y34221y,Q8WZ42-12,TTN,7273,Q8WZ42-12,Homo sapiens,FALSE,Q8WZ42-12_Y34221y,44.44,TRUE,DYGEDSSyAELFVKG,0,Q8WZ42-12_Y34221y,-0.06,-0.01,0,-0.16,-0.12,-0.02,0.24,0.91,0.95,0,0.04,0.66,0.62,1,0.99,0.02,0.3,0.93,0.84,0.04,0.74,21,-1.18,-0.11,-0.06,-3.02,-2.07,-0.43
Q7Z6Z7_S1395s,Q7Z6Z7,HUWE1,10075,"Q7Z6Z7,Q7Z6Z7-2,Q7Z6Z7-3",Homo sapiens,FALSE,Q7Z6Z7_S1395s,1000,TRUE,PMDQRAEsPEEVACR,0,Q7Z6Z7_S1395s,0.01,0.05,0.01,-0.09,-0.06,-0.04,0.94,0.62,0.94,0.32,0.54,0.66,0.98,0.97,0.99,0.55,0.85,0.92,0.84,0.02,0.74,11,0.08,0.5,0.08,-1,-0.62,-0.44
P51116_S525s,P51116,FXR2,9513,P51116,Homo sapiens,FALSE,P51116_S525s,32.01,TRUE,PYSLLDTsEPEPPVD,0,P51116_S525s,0.16,0.14,0.08,-0.12,-0.11,0.07,0.22,0.34,0.52,0.37,0.45,0.62,0.6,0.91,0.96,0.61,0.81,0.92,0.84,0.03,0.74,15,1.23,0.96,0.65,-0.89,-0.76,0.5
Q96KQ4_S671s,Q96KQ4,PPP1R13B,23368,Q96KQ4,Homo sapiens,FALSE,Q96KQ4_S671s,20.02,TRUE,ESLPRPLsPTKLTPI,0,Q96KQ4_S671s,-0.07,-0.07,-0.1,-0.19,-0.13,-0.13,0.45,0.51,0.32,0.06,0.22,0.17,0.8,0.95,0.92,0.19,0.64,0.68,0.84,0.05,0.74,25,-0.75,-0.66,-0.99,-1.88,-1.22,-1.38
Q13554_T506t,Q13554,CAMK2B,816,Q13554,Homo sapiens,FALSE,Q13554_T506t,24.4,TRUE,SVRRGSGtPEAEGPS,0,Q13554_T506t,0.04,0.01,0.04,-0.22,-0.09,-0.02,0.58,0.91,0.59,0.01,0.29,0.78,0.86,1,0.97,0.04,0.7,0.96,0.84,0.06,0.74,30,0.55,0.11,0.53,-2.72,-1.05,-0.28
E9PAV3_T1109t,E9PAV3,NACA,4666,E9PAV3,Homo sapiens,FALSE,E9PAV3_T1109t,53.33,TRUE,APMPPAAtPPSPKGG,0,E9PAV3_T1109t,-0.19,0.06,-0.06,-0.34,-0.11,-0.01,0.1,0.62,0.58,0,0.39,0.9,0.43,0.97,0.97,0.03,0.78,0.98,0.84,0.07,0.74,32,-1.63,0.49,-0.56,-2.84,-0.87,-0.12
P00338_S137s,P00338,LDHA,3939,"P00338,P00338-3",Homo sapiens,FALSE,P00338_S137s,139.07,TRUE,NCKLLIVsNPVDILT,0,P00338_S137s,0.21,0.36,0.38,-0.35,0.09,0.2,0.28,0.08,0.03,0.06,0.66,0.25,0.67,0.76,0.72,0.2,0.91,0.75,0.84,0.08,0.74,40,1.07,1.75,2.13,-1.86,0.44,1.15
Q9BYZ2_S186s,Q9BYZ2,LDHAL6B,92483,Q9BYZ2,Homo sapiens,FALSE,Q9BYZ2_S186s,139.07,TRUE,HCKLIIVsNPVDILT,0,Q9BYZ2_S186s,0.21,0.36,0.38,-0.35,0.09,0.2,0.28,0.08,0.03,0.06,0.66,0.25,0.67,0.76,0.72,0.2,0.91,0.75,0.84,0.08,0.74,40,1.07,1.75,2.13,-1.86,0.44,1.15
P52756_Y82y,P52756,RBM5,10181,P52756,Homo sapiens,FALSE,P52756_Y82y,28.74,TRUE,GYHSDGDyGEHDYRH,0,P52756_Y82y,-0.38,-0.15,-0.19,-0.58,-0.46,-0.35,0.1,0.56,0.38,0,0.03,0.1,0.42,0.96,0.93,0.02,0.24,0.59,0.84,0.04,0.74,20,-1.64,-0.58,-0.88,-3.02,-2.22,-1.63
E9PAV3_S570s,E9PAV3,NACA,4666,E9PAV3,Homo sapiens,FALSE,E9PAV3_S570s,28.04,TRUE,VQAAPKNsPSFQSTS,0,E9PAV3_S570s,-0.1,0.07,-0.01,-0.23,-0.19,0.07,0.55,0.68,0.96,0.14,0.25,0.6,0.85,0.97,1,0.33,0.67,0.91,0.84,0.05,0.74,22,-0.6,0.41,-0.04,-1.48,-1.15,0.52
Q8IYB7-5_S139s,Q8IYB7-5,DIS3L2,129563,Q8IYB7-5,Homo sapiens,FALSE,Q8IYB7-5_S139s,36.24,TRUE,ETEAAYEsDIPEELC,0,Q8IYB7-5_S139s,-0.17,-0.03,-0.12,-0.37,-0.08,-0.1,0.03,0.72,0.14,0,0.33,0.19,0.22,0.98,0.86,0,0.73,0.71,0.84,0.11,0.74,56,-2.13,-0.36,-1.48,-4.76,-0.97,-1.3
Q9H992_S299s,Q9H992,MARCHF7,64844,Q9H992,Homo sapiens,FALSE,Q9H992_S299s,19.22,TRUE,STFFSRRsSQDSLNT,0,Q9H992_S299s,0.16,0.12,0.13,-0.22,0.13,0.16,0.18,0.29,0.23,0.06,0.26,0.13,0.55,0.9,0.9,0.19,0.68,0.63,0.84,0.15,0.74,75,1.34,1.05,1.19,-1.89,1.12,1.52
Q96S21_S262s,Q96S21,RAB40C,57799,"Q96S21,Q96S21-2",Homo sapiens,FALSE,Q96S21_S262s,80.07,TRUE,NSLKRSKsIRPPQSP,0,Q96S21_S262s,-0.07,0.03,-0.03,-0.23,-0.06,-0.09,0.43,0.76,0.68,0.01,0.53,0.24,0.79,0.98,0.98,0.03,0.85,0.75,0.84,0.09,0.74,42,-0.78,0.3,-0.42,-2.76,-0.63,-1.17
Q9BWU0_S712s,Q9BWU0,SLC4A1AP,22950,Q9BWU0,Homo sapiens,FALSE,Q9BWU0_S712s,76.06,TRUE,HENMSQLsEEEQNKD,0,Q9BWU0_S712s,-0.06,0.18,0.04,-0.29,-0.06,-0.07,0.54,0.08,0.68,0,0.55,0.46,0.85,0.75,0.98,0.03,0.86,0.86,0.84,0.05,0.74,22,-0.61,1.78,0.41,-2.85,-0.59,-0.74
Q9H987_S794s,Q9H987,SYNPO2L,79933,Q9H987,Homo sapiens,FALSE,Q9H987_S794s,20.98,TRUE,RSPSPTPsLPPSWKY,0,Q9H987_S794s,-0.03,0.06,0.07,-0.21,-0.07,0.02,0.7,0.47,0.37,0.01,0.42,0.8,0.91,0.94,0.93,0.05,0.79,0.96,0.84,0.06,0.74,27,-0.39,0.73,0.9,-2.53,-0.81,0.25
Q05397_Y570y,Q05397,PTK2,5747,"Q05397,Q05397-7",Homo sapiens,FALSE,Q05397_Y570y,191.84,TRUE,GDFGLSRyMEDSTYY,0,Q05397_Y570y,-0.12,-0.21,-0.14,-0.37,-0.22,-0.12,0.31,0.12,0.21,0,0.07,0.22,0.7,0.8,0.9,0,0.41,0.73,0.84,0.12,0.74,60,-1.01,-1.58,-1.25,-3.45,-1.79,-1.21
Q8TEW0_S1236s,Q8TEW0,PARD3,56288,"Q8TEW0,Q8TEW0-11,Q8TEW0-2",Homo sapiens,FALSE,Q8TEW0_S1236s,28.99,TRUE,RKNASSVsQDSWEQN,0,Q8TEW0_S1236s,0.13,0.09,0.11,-0.15,0.08,0.16,0.29,0.48,0.35,0.2,0.53,0.17,0.67,0.94,0.93,0.43,0.85,0.68,0.84,0.14,0.74,69,1.07,0.7,0.94,-1.27,0.63,1.37
Q8WZ42-12_S9642s,Q8WZ42-12,TTN,7273,Q8WZ42-12,Homo sapiens,FALSE,Q8WZ42-12_S9642s,58.25,TRUE,RCSFSFAsGTAVLEL,0,Q8WZ42-12_S9642s,-0.07,0.03,-0.1,-0.16,-0.05,-0.08,0.33,0.7,0.16,0.02,0.48,0.24,0.71,0.97,0.87,0.08,0.82,0.74,0.84,0.05,0.74,22,-0.98,0.39,-1.39,-2.33,-0.71,-1.18
Q13424_S200s,Q13424,SNTA1,6640,Q13424,Homo sapiens,FALSE,Q13424_S200s,46.8,TRUE,SPLQRQPsSPGPTPR,0,Q13424_S200s,-0.22,0.03,0,-0.63,-0.54,-0.04,0.11,0.87,0.98,0,0,0.77,0.44,0.99,1,0,0.01,0.95,0.84,0.05,0.74,22,-1.59,0.17,-0.03,-4.44,-3.57,-0.29
Q99959_S197s,Q99959,PKP2,5318,"Q99959,Q99959-2",Homo sapiens,FALSE,Q99959_S197s,97.09,TRUE,VPPRYARsEIVGVSR,0,Q99959_S197s,-0.23,-0.16,-0.22,-0.76,-0.24,-0.31,0.16,0.37,0.16,0,0.16,0.03,0.52,0.92,0.87,0,0.57,0.41,0.84,0.14,0.74,67,-1.41,-0.89,-1.41,-4.5,-1.4,-2.14
P55209_T62t,P55209,NAP1L1,4673,"P55209,P55209-2",Homo sapiens,FALSE,P55209_T62t,45.54,TRUE,RLDGLVEtPTGYIES,0,P55209_T62t,-0.15,0.05,0.03,-0.36,-0.18,0.03,0.12,0.65,0.7,0,0.07,0.74,0.46,0.97,0.98,0,0.41,0.95,0.84,0.04,0.74,20,-1.55,0.45,0.38,-3.98,-1.79,0.34
Q9Y4J8-17_S378s,Q9Y4J8-17,DTNA,1837,Q9Y4J8-17,Homo sapiens,FALSE,Q9Y4J8-17_S378s,131.3,TRUE,SPVAEEHsLIKLYVN,0,Q9Y4J8-17_S378s,0.04,0.13,0.14,-0.31,0.07,0.16,0.67,0.27,0.21,0,0.44,0.11,0.9,0.89,0.9,0.02,0.8,0.6,0.83,0.15,0.74,72,0.42,1.11,1.25,-3.01,0.77,1.59
O75064_S947s,O75064,DENND4B,9909,O75064,Homo sapiens,FALSE,O75064_S947s,101.76,TRUE,QTTWAGRsLRDPASP,0,O75064_S947s,-0.07,-0.08,-0.14,-0.23,-0.27,-0.1,0.5,0.46,0.14,0.02,0.01,0.28,0.83,0.94,0.86,0.09,0.14,0.77,0.83,0.04,0.74,20,-0.68,-0.75,-1.46,-2.32,-2.54,-1.08
Q8WZ42-12_S20617s,Q8WZ42-12,TTN,7273,Q8WZ42-12,Homo sapiens,FALSE,Q8WZ42-12_S20617s,129.43,TRUE,KPNQKGWsIVASDVT,0,Q8WZ42-12_S20617s,-0.02,-0.05,-0.07,-0.11,-0.12,-0.05,0.74,0.46,0.17,0.04,0.05,0.39,0.92,0.94,0.88,0.15,0.32,0.83,0.83,0.04,0.74,20,-0.33,-0.73,-1.38,-2.02,-2,-0.86
O75122_S596s,O75122,CLASP2,23122,O75122,Homo sapiens,FALSE,O75122_S596s,88.87,TRUE,MRVLNTGsDVEEAVA,0,O75122_S596s,-0.23,-0.11,-0.05,-0.66,-0.26,-0.1,0,0.18,0.54,0,0,0.19,0.05,0.86,0.96,0,0.04,0.7,0.83,0.11,0.74,53,-2.85,-1.33,-0.61,-8.05,-3.08,-1.31
Q9Y266_T145t,Q9Y266,NUDC,10726,Q9Y266,Homo sapiens,FALSE,Q9Y266_T145t,89.88,TRUE,DSPGKQDtEEDEEED,0,Q9Y266_T145t,-0.05,-0.06,-0.08,-0.11,-0.06,-0.04,0.39,0.29,0.11,0.04,0.29,0.4,0.75,0.9,0.84,0.14,0.7,0.84,0.83,0.12,0.74,59,-0.87,-1.05,-1.59,-2.06,-1.05,-0.84
P09493_S252s,P09493,TPM1,7168,P09493,Homo sapiens,FALSE,P09493_S252s,289.65,TRUE,SVTKLEKsIDDLEDE,0,P09493_S252s,0.1,0.13,0.11,0,0.01,0.12,0.23,0.15,0.16,0.97,0.93,0.13,0.61,0.84,0.87,0.99,0.98,0.64,0.83,0.04,0.74,20,1.2,1.42,1.4,-0.04,0.09,1.5
Q15642_S351s,Q15642,TRIP10,9322,Q15642,Homo sapiens,FALSE,Q15642_S351s,95.67,TRUE,ALPNGPPsPRSGRDP,0,Q15642_S351s,-0.12,-0.03,-0.02,-0.39,-0.1,-0.08,0.1,0.74,0.75,0,0.19,0.23,0.41,0.98,0.98,0,0.6,0.74,0.83,0.09,0.74,42,-1.66,-0.33,-0.32,-5.41,-1.31,-1.2
P27824_S554s,P27824,CANX,821,"P27824,P27824-2",Homo sapiens,FALSE,P27824_S554s,169.87,TRUE,KLEEKQKsDAEEDGG,0,P27824_S554s,-0.17,-0.07,-0.09,-0.35,-0.12,-0.09,0.02,0.36,0.2,0,0.11,0.18,0.14,0.91,0.89,0,0.49,0.69,0.83,0.13,0.74,64,-2.38,-0.92,-1.29,-4.81,-1.6,-1.35
Q9Y2J2-4_T510t,Q9Y2J2-4,EPB41L3,23136,Q9Y2J2-4,Homo sapiens,FALSE,Q9Y2J2-4_T510t,86.15,TRUE,RRKGEEVtPISAIRH,0,Q9Y2J2-4_T510t,-0.08,-0.03,-0.01,-0.21,-0.11,-0.02,0.39,0.8,0.95,0.03,0.29,0.85,0.76,0.99,0.99,0.11,0.7,0.97,0.83,0.07,0.74,35,-0.86,-0.25,-0.07,-2.21,-1.05,-0.19
Q14160-3_S1309s,Q14160-3,SCRIB,23513,Q14160-3,Homo sapiens,FALSE,Q14160-3_S1309s,53.59,TRUE,QQPPSPPsPDELPAN,0,Q14160-3_S1309s,-0.07,0.03,0.05,-0.4,-0.05,-0.02,0.54,0.78,0.69,0,0.69,0.87,0.85,0.98,0.98,0,0.92,0.98,0.83,0.1,0.74,47,-0.61,0.27,0.4,-3.59,-0.4,-0.17
P11586_S765s,P11586,MTHFD1,4522,P11586,Homo sapiens,FALSE,P11586_S765s,69.67,TRUE,AFKTDTEsELDLISR,0,P11586_S765s,-0.09,0.09,-0.01,-0.24,0,0.09,0.53,0.63,0.96,0.07,0.97,0.51,0.84,0.97,1,0.21,0.99,0.88,0.83,0.11,0.74,55,-0.63,0.48,-0.06,-1.83,-0.04,0.65
Q8WZ42-12_S16015s,Q8WZ42-12,TTN,7273,Q8WZ42-12,Homo sapiens,FALSE,Q8WZ42-12_S16015s,52.22,TRUE,RVKMKTLsAYAELVI,0,Q8WZ42-12_S16015s,0.02,0.07,0.02,-0.15,-0.14,-0.04,0.74,0.32,0.74,0.02,0.05,0.5,0.92,0.9,0.98,0.08,0.32,0.88,0.83,0.02,0.74,7,0.34,1,0.33,-2.35,-2,-0.68
Q2TAL5_S269sS278s,Q2TAL5,SMTNL2,342527,Q2TAL5,Homo sapiens,FALSE,Q2TAL5_S269sS278s,61.72,TRUE,TASKHSNsPPLVTPP|PLVTPPQsPVSPQPP,0,Q2TAL5_S269sS278s,-0.27,0,0.05,-0.8,-0.48,0.04,0.03,0.99,0.68,0,0,0.73,0.22,1,0.98,0,0.01,0.94,0.83,0.06,0.74,30,-2.11,0.01,0.41,-6.19,-3.47,0.34
Q8WXE9_S762s,Q8WXE9,STON2,85439,"Q8WXE9,Q8WXE9-3",Homo sapiens,FALSE,Q8WXE9_S762s,69.08,TRUE,AKVNRGAsFGSTSVS,0,Q8WXE9_S762s,0.04,0.27,0,-0.08,0.05,0.03,0.8,0.1,0.98,0.54,0.77,0.81,0.94,0.78,1,0.74,0.94,0.96,0.83,0.04,0.74,19,0.25,1.67,-0.02,-0.61,0.29,0.24
Q9P2R6_S656s,Q9P2R6,RERE,473,Q9P2R6,Homo sapiens,FALSE,Q9P2R6_S656s,65.93,TRUE,RQREKVAsDTEEADR,0,Q9P2R6_S656s,-0.1,-0.01,-0.05,-0.15,-0.06,-0.03,0.2,0.86,0.52,0.04,0.41,0.71,0.59,0.99,0.96,0.15,0.79,0.94,0.83,0.07,0.74,35,-1.27,-0.18,-0.65,-2.03,-0.83,-0.37
P25705_S533s,P25705,ATP5F1A,498,P25705,Homo sapiens,FALSE,P25705_S533s,74.48,TRUE,IRADGKIsEQSDAKL,0,P25705_S533s,0.06,0.38,0.09,-0.32,-0.08,-0.13,0.67,0.01,0.49,0.01,0.54,0.34,0.9,0.53,0.96,0.04,0.85,0.81,0.83,0.03,0.74,12,0.43,2.57,0.69,-2.71,-0.61,-0.96
Q15772_T2844t,Q15772,SPEG,10290,Q15772,Homo sapiens,FALSE,Q15772_T2844t,1000,TRUE,AVGPPPQtPPRRHRG,0,Q15772_T2844t,0.02,0.01,0.04,-0.24,-0.03,0.01,0.83,0.95,0.58,0,0.71,0.94,0.95,1,0.97,0.02,0.93,0.99,0.83,0.14,0.74,68,0.22,0.06,0.55,-2.97,-0.37,0.08
Q8WZ42-12_T34639tS34641s,Q8WZ42-12,TTN,7273,Q8WZ42-12,Homo sapiens,FALSE,Q8WZ42-12_T34639tS34641s,96.8,TRUE,VRPARRRtPSPDYDF|PARRRTPsPDYDFYY,0,Q8WZ42-12_T34639tS34641s,0,0.02,0.02,-0.1,-0.06,-0.01,0.99,0.69,0.57,0.02,0.2,0.72,1,0.97,0.97,0.1,0.61,0.94,0.83,0.05,0.74,23,0.01,0.39,0.57,-2.25,-1.29,-0.36
P11532_S3483s,P11532,DMD,1756,"P11532,P11532-11,P11532-4",Homo sapiens,FALSE,P11532_S3483s,36.75,TRUE,CQSLNQDsPLSQPRS,0,P11532_S3483s,-0.03,0.27,0.12,-0.19,-0.08,0.07,0.79,0.04,0.28,0.1,0.49,0.53,0.94,0.69,0.91,0.27,0.83,0.89,0.83,0.03,0.74,16,-0.26,2.06,1.09,-1.65,-0.69,0.62
Q9NP74_T271t,Q9NP74,PALMD,54873,"Q9NP74,Q9NP74-2,Q9NP74-3",Homo sapiens,FALSE,Q9NP74_T271t,27.82,TRUE,NPFYRPTtPQRETVT,0,Q9NP74_T271t,-0.11,-0.07,0,-0.44,-0.25,-0.01,0.32,0.56,0.97,0,0.05,0.91,0.71,0.96,1,0,0.32,0.98,0.83,0.07,0.74,34,-0.99,-0.58,-0.04,-3.57,-2,-0.11
Q01484-5_S1671s,Q01484-5,ANK2,287,Q01484-5,Homo sapiens,FALSE,Q01484-5_S1671s,22.22,TRUE,QDLPEESsLEYQQEY,0,Q01484-5_S1671s,-0.14,0.14,-0.31,-0.63,-0.24,-0.35,0.33,0.35,0.03,0,0.12,0.02,0.71,0.91,0.72,0,0.51,0.31,0.83,0.04,0.74,17,-0.98,0.93,-2.23,-3.87,-1.55,-2.43
P14618-2_S346s,P14618-2,PKM,5315,P14618-2,Homo sapiens,FALSE,P14618-2_S346s,209.74,TRUE,RPTRAEGsDVANAVL,0,P14618-2_S346s,0.12,0.15,0.12,-0.06,-0.06,0.1,0.31,0.24,0.27,0.61,0.66,0.32,0.7,0.88,0.9,0.79,0.91,0.8,0.83,0.03,0.74,12,1.01,1.17,1.1,-0.52,-0.44,0.98
Q15555-3_S207sS211s,Q15555-3,MAPRE2,10982,Q15555-3,Homo sapiens,FALSE,Q15555-3_S207sS211s,20.01,TRUE,AKPGSTPsRPSSAKR|STPSRPSsAKRASSS,0,Q15555-3_S207sS211s,-0.34,-0.13,-0.18,-0.51,-0.34,-0.12,0,0.2,0.05,0,0,0.19,0.01,0.86,0.76,0,0.03,0.7,0.83,0.05,0.74,26,-3.54,-1.29,-2,-5.1,-3.28,-1.32
P35658_S430s,P35658,NUP214,8021,"P35658,P35658-3",Homo sapiens,FALSE,P35658_S430s,29.7,TRUE,EGERQPKsPGSTPTT,0,P35658_S430s,0.05,0,0.15,-0.67,-0.22,0.18,0.73,1,0.21,0,0.09,0.11,0.92,1,0.89,0,0.44,0.6,0.83,0.09,0.74,46,0.34,0,1.26,-5.4,-1.7,1.6
Q8WZ42-12_Y27429y,Q8WZ42-12,TTN,7273,Q8WZ42-12,Homo sapiens,FALSE,Q8WZ42-12_Y27429y,285.55,TRUE,TEVQALNyKVTKLLP,0,Q8WZ42-12_Y27429y,-0.02,0.12,0.05,-0.1,0.03,0.04,0.79,0.15,0.54,0.14,0.68,0.59,0.94,0.83,0.96,0.33,0.91,0.91,0.83,0.07,0.74,36,-0.27,1.45,0.61,-1.49,0.42,0.54
Q9NXH9_S625s,Q9NXH9,TRMT1,55621,"Q9NXH9,Q9NXH9-2",Homo sapiens,FALSE,Q9NXH9_S625s,38.21,TRUE,DQCCYSHsPPTPRVS,0,Q9NXH9_S625s,-0.04,-0.03,-0.1,-0.22,-0.08,-0.13,0.65,0.8,0.34,0.03,0.47,0.2,0.89,0.99,0.93,0.12,0.82,0.71,0.83,0.07,0.74,34,-0.45,-0.25,-0.95,-2.16,-0.72,-1.28
Q5R372_S119s,Q5R372,RABGAP1L,9910,"Q5R372,Q5R372-3",Homo sapiens,FALSE,Q5R372_S119s,19.22,TRUE,ISTPRPSsPGGLPEE,0,Q5R372_S119s,0,0.25,0.09,-0.08,-0.01,0.18,1,0.17,0.57,0.6,0.95,0.25,1,0.85,0.97,0.78,0.99,0.75,0.83,0.02,0.74,9,0,1.38,0.56,-0.53,-0.06,1.15
Q15772_T2826t,Q15772,SPEG,10290,Q15772,Homo sapiens,FALSE,Q15772_T2826t,27.89,TRUE,VSPSSPPtPPSQALS,0,Q15772_T2826t,-0.17,-0.05,0.03,-0.6,-0.24,-0.08,0.21,0.75,0.84,0,0.08,0.55,0.59,0.98,0.99,0,0.43,0.9,0.83,0.08,0.74,39,-1.26,-0.31,0.2,-4.39,-1.73,-0.6
O00571_S612s,O00571,DDX3X,1654,O00571,Homo sapiens,FALSE,O00571_S612s,40.91,TRUE,SSGASSSsFSSSRAS,0,O00571_S612s,-0.1,0.23,-0.07,-0.41,0.08,-0.01,0.44,0.11,0.56,0,0.55,0.93,0.8,0.79,0.97,0.01,0.86,0.99,0.83,0.1,0.74,51,-0.77,1.62,-0.58,-3.19,0.59,-0.09
O60662_Y125y,O60662,KLHL41,10324,"O60662,O60662-2",Homo sapiens,FALSE,O60662_Y125y,20.98,TRUE,VFTVCVSyLQKRLAP,0,O60662_Y125y,0.13,0.31,0.23,-0.19,-0.17,0.3,0.42,0.08,0.14,0.25,0.37,0.05,0.78,0.76,0.86,0.48,0.76,0.48,0.83,0.04,0.74,21,0.81,1.75,1.49,-1.15,-0.91,1.93
Q8WW12_S147s,Q8WW12,PCNP,57092,Q8WW12,Homo sapiens,FALSE,Q8WW12_S147s,172.28,TRUE,PTSAGPNsFNKGKHG,0,Q8WW12_S147s,-0.03,0.07,-0.09,-0.2,-0.23,-0.08,0.84,0.63,0.49,0.13,0.09,0.5,0.95,0.97,0.96,0.33,0.44,0.88,0.83,0.03,0.74,12,-0.21,0.48,-0.69,-1.5,-1.72,-0.67
P13667_Y392y,P13667,PDIA4,9601,P13667,Homo sapiens,FALSE,P13667_Y392y,1000,TRUE,IKDFVLKyALPLVGH,0,P13667_Y392y,-0.06,0.13,-0.11,-0.18,0,0.01,0.64,0.35,0.38,0.15,0.97,0.96,0.89,0.91,0.93,0.35,0.99,0.99,0.83,0.04,0.74,18,-0.46,0.94,-0.88,-1.44,0.04,0.06
Q92574_S673s,Q92574,TSC1,7248,"Q92574,Q92574-2",Homo sapiens,FALSE,Q92574_S673s,92.45,TRUE,KLPLPSKsVDWTHFG,0,Q92574_S673s,0.23,0.22,0.15,-0.39,0.12,0.02,0.1,0.18,0.25,0.01,0.46,0.89,0.41,0.85,0.9,0.04,0.82,0.98,0.83,0.11,0.74,53,1.66,1.35,1.14,-2.62,0.74,0.14
Q8WZ42-12_Y22372y,Q8WZ42-12,TTN,7273,Q8WZ42-12,Homo sapiens,FALSE,Q8WZ42-12_Y22372y,60,TRUE,EISKDSAyVTWEPPI,0,Q8WZ42-12_Y22372y,0.05,0.11,-0.02,-0.1,-0.14,-0.01,0.53,0.2,0.83,0.17,0.09,0.84,0.84,0.86,0.99,0.38,0.45,0.97,0.83,0.03,0.74,14,0.62,1.27,-0.22,-1.37,-1.68,-0.2
Q6P5Q4_S399sS400s,Q6P5Q4,LMOD2,442721,Q6P5Q4,Homo sapiens,FALSE,Q6P5Q4_S399sS400s,25.57,TRUE,SPRHSPWsSPKLPKK|PRHSPWSsPKLPKKV,0,Q6P5Q4_S399sS400s,-0.39,-0.18,-0.37,-1.22,-0.2,0.1,0.12,0.47,0.11,0,0.41,0.65,0.46,0.94,0.84,0,0.79,0.92,0.83,0.13,0.74,64,-1.56,-0.72,-1.59,-4.8,-0.83,0.46
Q8WZ42-6_S5043s,Q8WZ42-6,TTN,7273,Q8WZ42-6,Homo sapiens,FALSE,Q8WZ42-6_S5043s,46.21,TRUE,AERYSTPsEGEVGER,0,Q8WZ42-6_S5043s,-0.03,0.09,0.01,-0.19,0.04,0,0.78,0.39,0.91,0.03,0.66,1,0.94,0.92,0.99,0.11,0.91,1,0.83,0.13,0.74,65,-0.27,0.86,0.12,-2.19,0.45,0
Q8WZ42-12_S265s,Q8WZ42-12,TTN,7273,Q8WZ42-12,Homo sapiens,FALSE,Q8WZ42-12_S265s,83.88,TRUE,PPKPKSRsPTPPSIA,0,Q8WZ42-12_S265s,-0.23,-0.14,-0.1,-0.46,-0.27,-0.16,0,0.06,0.12,0,0,0.01,0.01,0.72,0.85,0,0.01,0.28,0.83,0.07,0.74,34,-3.48,-1.86,-1.54,-6.73,-3.77,-2.51
P08651_S339s,P08651,NFIC,4782,P08651,Homo sapiens,FALSE,P08651_S339s,63.02,TRUE,KSPFNSPsPQDSPRL,0,P08651_S339s,-0.05,0.02,0.01,-0.21,-0.15,0.06,0.23,0.75,0.76,0,0,0.13,0.61,0.98,0.98,0,0.03,0.63,0.83,0.05,0.74,25,-1.2,0.31,0.31,-4.68,-3.18,1.51
Q8N3K9_S1913s,Q8N3K9,CMYA5,202333,Q8N3K9,Homo sapiens,FALSE,Q8N3K9_S1913s,66.2,TRUE,HEQRIAGsVQLDSSS,0,Q8N3K9_S1913s,-0.07,-0.02,-0.03,-0.2,-0.18,-0.09,0.59,0.89,0.79,0.12,0.2,0.45,0.87,0.99,0.99,0.31,0.62,0.86,0.83,0.03,0.74,15,-0.54,-0.14,-0.27,-1.55,-1.27,-0.76
Q9UDY4_Y252y,Q9UDY4,DNAJB4,11080,Q9UDY4,Homo sapiens,FALSE,Q9UDY4_Y252y,53.98,TRUE,RDGSNIIyTAKISLR,0,Q9UDY4_Y252y,0.15,0.1,-0.06,-0.39,-0.13,-0.14,0.2,0.47,0.59,0,0.27,0.16,0.59,0.94,0.97,0.01,0.69,0.67,0.83,0.07,0.74,34,1.27,0.72,-0.54,-3.19,-1.11,-1.4
Q5TAQ9_S27s,Q5TAQ9,DCAF8,50717,"Q5TAQ9,Q5TAQ9-2",Homo sapiens,FALSE,Q5TAQ9_S27s,68.92,TRUE,SSSPEEMsGAEEGRE,0,Q5TAQ9_S27s,-0.2,-0.07,-0.25,-0.31,-0.2,-0.15,0.1,0.58,0.01,0.01,0.11,0.13,0.41,0.96,0.64,0.04,0.49,0.64,0.83,0.03,0.74,16,-1.66,-0.55,-2.47,-2.65,-1.59,-1.5
Q8WZ42-12_T18678t,Q8WZ42-12,TTN,7273,Q8WZ42-12,Homo sapiens,FALSE,Q8WZ42-12_T18678t,157.24,TRUE,SATVGPVtVKDQTCP,0,Q8WZ42-12_T18678t,-0.05,0.1,0.02,-0.14,-0.07,0.13,0.75,0.51,0.9,0.34,0.66,0.37,0.93,0.95,0.99,0.57,0.91,0.83,0.83,0.03,0.74,16,-0.31,0.66,0.13,-0.96,-0.44,0.89
Q15772_S2166s,Q15772,SPEG,10290,Q15772,Homo sapiens,FALSE,Q15772_S2166s,46.21,TRUE,RRLQESPsLSALSEA,0,Q15772_S2166s,0.02,0.07,0.01,-0.25,-0.17,-0.11,0.78,0.46,0.94,0,0.05,0.14,0.94,0.94,0.99,0.01,0.33,0.65,0.83,0.02,0.74,11,0.27,0.74,0.07,-3.16,-1.98,-1.47
P10636_S516sT522t,P10636,MAPT,4137,P10636,Homo sapiens,FALSE,P10636_S516sT522t,86.15,TRUE,GDRSGYSsPGSPGTP|SSPGSPGtPGSRSRT,0,P10636_S516sT522t,-0.56,0.05,-0.3,-1.03,-0.18,-0.08,0.01,0.8,0.11,0,0.34,0.67,0.08,0.99,0.84,0,0.74,0.93,0.83,0.07,0.74,34,-2.7,0.26,-1.61,-5.09,-0.95,-0.43
P09211_S106s,P09211,GSTP1,2950,P09211,Homo sapiens,FALSE,P09211_S106s,69.67,TRUE,DLRCKYIsLIYTNYE,0,P09211_S106s,0.02,0.22,0,-0.09,0.09,0.06,0.85,0.08,0.97,0.38,0.41,0.54,0.96,0.75,1,0.61,0.79,0.89,0.83,0.07,0.74,32,0.19,1.77,0.04,-0.88,0.83,0.62
Q8WYL5_S515s,Q8WYL5,SSH1,54434,Q8WYL5,Homo sapiens,FALSE,Q8WYL5_S515s,39.65,TRUE,PCCFRRLsDPLLPSP,0,Q8WYL5_S515s,0.15,0.43,0.23,-0.11,0.15,0.08,0.2,0.01,0.05,0.35,0.3,0.48,0.57,0.5,0.79,0.58,0.71,0.87,0.83,0.07,0.74,34,1.29,2.66,1.95,-0.93,1.04,0.71
P17812_S219s,P17812,CTPS1,1503,P17812,Homo sapiens,FALSE,P17812_S219s,137.98,TRUE,DLVVCRCsNPLDTSV,0,P17812_S219s,-0.08,-0.04,-0.07,-0.19,-0.04,-0.06,0.38,0.63,0.4,0.02,0.61,0.43,0.75,0.97,0.94,0.1,0.89,0.86,0.83,0.15,0.74,74,-0.88,-0.48,-0.85,-2.26,-0.51,-0.79
Q8IWW6_T104t,Q8IWW6,ARHGAP12,94134,Q8IWW6,Homo sapiens,FALSE,Q8IWW6_T104t,20.97,TRUE,SLHLQRStENVNKLP,0,Q8IWW6_T104t,0.1,0.06,0.02,-0.09,0.04,0.01,0.29,0.57,0.85,0.33,0.74,0.88,0.67,0.96,0.99,0.56,0.93,0.98,0.83,0.12,0.74,58,1.06,0.57,0.19,-0.98,0.34,0.15
Q8WZ42-12_S28572s,Q8WZ42-12,TTN,7273,Q8WZ42-12,Homo sapiens,FALSE,Q8WZ42-12_S28572s,53.89,TRUE,ESMTLCWsRPESDGG,0,Q8WZ42-12_S28572s,-0.03,0,0.01,-0.14,-0.1,0.04,0.63,0.99,0.91,0.05,0.19,0.57,0.88,1,0.99,0.16,0.6,0.9,0.83,0.06,0.74,31,-0.48,0.01,0.11,-2,-1.32,0.56
Q8WZ42-12_Y25648y,Q8WZ42-12,TTN,7273,Q8WZ42-12,Homo sapiens,FALSE,Q8WZ42-12_Y25648y,53.98,TRUE,REATRKSyAAVVTNC,0,Q8WZ42-12_Y25648y,-0.09,-0.09,-0.07,-0.17,-0.11,-0.06,0.12,0.17,0.26,0.01,0.09,0.28,0.46,0.85,0.9,0.03,0.45,0.77,0.83,0.12,0.74,58,-1.56,-1.36,-1.13,-2.81,-1.69,-1.09
Q7Z460-4_S662s,Q7Z460-4,CLASP1,23332,Q7Z460-4,Homo sapiens,FALSE,Q7Z460-4_S662s,26.98,TRUE,RIRTRRQsSGSATNV,0,Q7Z460-4_S662s,0.04,0.01,0.06,-0.3,-0.03,0,0.57,0.87,0.42,0,0.67,0.99,0.86,0.99,0.94,0,0.91,1,0.83,0.12,0.74,57,0.57,0.16,0.81,-3.82,-0.42,0.01
O15234_T443t,O15234,CASC3,22794,O15234,Homo sapiens,FALSE,O15234_T443t,20.02,TRUE,PVPETTPtPPTKTGT,0,O15234_T443t,-0.04,0.2,-0.09,-0.38,0.12,0.02,0.74,0.09,0.39,0,0.31,0.84,0.92,0.78,0.94,0.01,0.71,0.97,0.83,0.11,0.74,52,-0.34,1.69,-0.86,-3.24,1.02,0.2
Q8IV50_S54s,Q8IV50,LYSMD2,256586,Q8IV50,Homo sapiens,FALSE,Q8IV50_S54s,34.2,TRUE,TKTRSYGsTASVRAP,0,Q8IV50_S54s,-0.03,0.2,-0.14,-0.4,0.12,-0.02,0.88,0.38,0.46,0.04,0.61,0.9,0.97,0.92,0.95,0.14,0.89,0.98,0.83,0.08,0.74,40,-0.15,0.89,-0.73,-2.06,0.51,-0.13
Q9BYB0_S802s,Q9BYB0,SHANK3,85358,"Q9BYB0,Q9BYB0-3",Homo sapiens,FALSE,Q9BYB0_S802s,40,TRUE,GRFPRSTsMQDPVRE,0,Q9BYB0_S802s,0.11,0.06,0.08,-0.14,-0.01,0.17,0.5,0.75,0.66,0.41,0.96,0.3,0.83,0.98,0.97,0.64,0.99,0.79,0.83,0.09,0.74,42,0.67,0.32,0.44,-0.82,-0.05,1.03
Q8IYB3_S260s,Q8IYB3,SRRM1,10250,Q8IYB3,Homo sapiens,FALSE,Q8IYB3_S260s,1000,TRUE,IPEPKEPsPEKNSKK,0,Q8IYB3_S260s,-0.01,0,-0.05,-0.07,-0.05,-0.04,0.9,0.93,0.22,0.1,0.27,0.28,0.97,1,0.9,0.27,0.69,0.77,0.83,0.05,0.74,24,-0.12,-0.09,-1.23,-1.64,-1.1,-1.09
Q8WZ42-12_T811t,Q8WZ42-12,TTN,7273,Q8WZ42-12,Homo sapiens,FALSE,Q8WZ42-12_T811t,27.6,TRUE,HVDKRPRtASPHFTV,0,Q8WZ42-12_T811t,-0.16,-0.03,-0.09,-0.34,-0.1,0.04,0.24,0.87,0.49,0.01,0.51,0.74,0.62,0.99,0.96,0.05,0.84,0.95,0.83,0.1,0.74,50,-1.18,-0.17,-0.69,-2.56,-0.66,0.33
Q8WZ42-12_S10982s,Q8WZ42-12,TTN,7273,Q8WZ42-12,Homo sapiens,FALSE,Q8WZ42-12_S10982s,160.55,TRUE,TLEEEAVsVQREEEY,0,Q8WZ42-12_S10982s,0.05,0.12,-0.04,-0.15,0.02,-0.06,0.67,0.27,0.71,0.15,0.89,0.58,0.9,0.89,0.98,0.35,0.97,0.91,0.83,0.07,0.74,32,0.43,1.09,-0.38,-1.43,0.14,-0.55
Q6P5Q4_T384tS388s,Q6P5Q4,LMOD2,442721,Q6P5Q4,Homo sapiens,FALSE,Q6P5Q4_T384tS388s,52.22,TRUE,TKVWQRGtPSSSPYV|QRGTPSSsPYVSPRH,0,Q6P5Q4_T384tS388s,-0.49,0.01,-0.36,-1.41,-0.09,-0.21,0.01,0.96,0.06,0,0.65,0.23,0.11,1,0.81,0,0.9,0.74,0.83,0.11,0.74,56,-2.52,0.05,-1.88,-7.19,-0.45,-1.19
O00499-10_S319s,O00499-10,BIN1,274,O00499-10,Homo sapiens,FALSE,O00499-10_S319s,20.01,TRUE,LPKSPSQsSLPAVVV,0,O00499-10_S319s,0.07,0.18,-0.03,-0.11,0,-0.04,0.57,0.24,0.81,0.38,0.99,0.75,0.86,0.88,0.99,0.62,1,0.95,0.83,0.03,0.74,16,0.57,1.17,-0.24,-0.87,-0.01,-0.32
P56211_S62s,P56211,ARPP19,10776,"P56211,P56211-2",Homo sapiens,FALSE,P56211_S62s,96.21,TRUE,KGQKYFDsGDYNMAK,0,P56211_S62s,-0.16,0.22,-0.13,-0.79,0.12,-0.06,0.43,0.34,0.51,0,0.6,0.77,0.79,0.91,0.96,0,0.88,0.95,0.83,0.11,0.74,54,-0.78,0.95,-0.65,-3.79,0.52,-0.3
P06733_S141s,P06733,ENO1,2023,P06733,Homo sapiens,FALSE,P06733_S141s,224.66,TRUE,IADLAGNsEVILPVP,0,P06733_S141s,-0.01,0,-0.06,-0.1,-0.13,0.01,0.86,0.98,0.43,0.2,0.13,0.87,0.96,1,0.94,0.42,0.52,0.98,0.83,0.05,0.74,23,-0.17,0.02,-0.79,-1.28,-1.51,0.16
Q8WZ42-12_S33489s,Q8WZ42-12,TTN,7273,Q8WZ42-12,Homo sapiens,FALSE,Q8WZ42-12_S33489s,1000,TRUE,SEPITPKsDVPIQAP,0,Q8WZ42-12_S33489s,-0.02,0.07,-0.02,-0.06,-0.04,-0.02,0.7,0.28,0.67,0.29,0.48,0.77,0.91,0.89,0.97,0.53,0.82,0.95,0.83,0.01,0.74,2,-0.39,1.08,-0.43,-1.05,-0.71,-0.29
Q14938-3_S301s,Q14938-3,NFIX,4784,"Q14938-3,Q14938-5,Q14938-6",Homo sapiens,FALSE,Q14938-3_S301s,64.72,TRUE,FYPGTGRsPAAGSSQ,0,Q14938-3_S301s,-0.27,-0.14,-0.13,-0.63,-0.34,-0.28,0,0.15,0.13,0,0,0,0.04,0.84,0.86,0,0.01,0.06,0.83,0.07,0.74,33,-2.99,-1.43,-1.52,-6.7,-3.48,-3.39
Q7Z7L8_T407tS409s,Q7Z7L8,C11orf96,387763,Q7Z7L8,Homo sapiens,FALSE,Q7Z7L8_T407tS409s,53.7,TRUE,LECLRRStQSLSLQR|CLRRSTQsLSLQREQ,0,Q7Z7L8_T407tS409s,-0.17,-0.21,-0.19,-0.38,-0.25,-0.07,0.49,0.38,0.37,0.11,0.27,0.73,0.82,0.92,0.93,0.29,0.69,0.94,0.83,0.07,0.74,36,-0.68,-0.87,-0.9,-1.6,-1.1,-0.35
P30041_T44t,P30041,PRDX6,9588,P30041,Homo sapiens,FALSE,P30041_T44t,138,TRUE,FSHPRDFtPVCTTEL,0,P30041_T44t,0.01,0.08,0,-0.15,-0.01,-0.06,0.88,0.32,0.95,0.04,0.89,0.4,0.97,0.9,0.99,0.15,0.97,0.84,0.83,0.07,0.74,32,0.15,1,0.06,-2.01,-0.13,-0.83
A2A2Y4-4_S86s,A2A2Y4-4,FRMD3,257019,A2A2Y4-4,Homo sapiens,FALSE,A2A2Y4-4_S86s,140.56,TRUE,REYEDPPsEEEDKIK,0,A2A2Y4-4_S86s,0.09,0.1,0.03,-0.25,-0.15,-0.09,0.32,0.31,0.69,0,0.12,0.25,0.7,0.9,0.98,0.02,0.5,0.75,0.83,0.03,0.74,13,1,1.01,0.39,-2.96,-1.57,-1.15
Q01804_S443s,Q01804,OTUD4,54726,"Q01804,Q01804-3,Q01804-5",Homo sapiens,FALSE,Q01804_S443s,133.24,TRUE,ESNYFGLsPEERREK,0,Q01804_S443s,-0.01,0.06,0.01,-0.13,0.04,0.01,0.9,0.29,0.84,0.02,0.47,0.86,0.97,0.9,0.99,0.09,0.82,0.97,0.83,0.13,0.74,62,-0.13,1.07,0.2,-2.28,0.72,0.18
P04075_T49t,P04075,ALDOA,226,P04075,Homo sapiens,FALSE,P04075_T49t,52.35,TRUE,KRLQSIGtENTEENR,0,P04075_T49t,0.06,0.24,0.18,-0.05,0.11,0.19,0.57,0.04,0.11,0.64,0.31,0.09,0.86,0.7,0.84,0.81,0.71,0.56,0.83,0.07,0.74,36,0.57,2.01,1.6,-0.47,1.02,1.71
Q5TBA9_T940t,Q5TBA9,FRY,10129,Q5TBA9,Homo sapiens,FALSE,Q5TBA9_T940t,20.46,TRUE,PGHLRAStPEIMATT,0,Q5TBA9_T940t,-0.06,0.02,-0.1,-0.16,-0.06,-0.09,0.47,0.79,0.18,0.04,0.43,0.19,0.81,0.99,0.88,0.13,0.8,0.71,0.83,0.04,0.74,20,-0.72,0.27,-1.35,-2.1,-0.78,-1.3
O43719_S387s,O43719,HTATSF1,27336,O43719,Homo sapiens,FALSE,O43719_S387s,46.21,TRUE,RGLRRSDsVSASERA,0,O43719_S387s,-0.01,-0.03,0,-0.18,-0.13,0.02,0.92,0.84,0.98,0.13,0.29,0.86,0.98,0.99,1,0.33,0.7,0.97,0.82,0.06,0.74,31,-0.1,-0.21,0.03,-1.5,-1.05,0.18
O75534-4_S46sS48s,O75534-4,CSDE1,7812,O75534-4,Homo sapiens,FALSE,O75534-4_S46sS48s,136.7,TRUE,RTPTYQRsMSFDPNL|PTYQRSMsFDPNLLH,0,O75534-4_S46sS48s,-0.15,-0.21,-0.15,-0.55,-0.25,-0.04,0.48,0.33,0.47,0.01,0.27,0.82,0.81,0.91,0.95,0.04,0.68,0.97,0.82,0.14,0.74,68,-0.71,-0.97,-0.72,-2.62,-1.11,-0.22
Q5VZP5_S1065s,Q5VZP5,STYXL2,92235,Q5VZP5,Homo sapiens,FALSE,Q5VZP5_S1065s,181.6,TRUE,QRPNWARsRDWEDVE,0,Q5VZP5_S1065s,0.14,0.21,0.13,-0.46,0.24,0.33,0.61,0.5,0.63,0.1,0.42,0.21,0.87,0.95,0.97,0.27,0.8,0.72,0.82,0.15,0.74,74,0.51,0.67,0.49,-1.64,0.8,1.25
P22102_Y348y,P22102,GART,2618,P22102,Homo sapiens,FALSE,P22102_Y348y,50.46,TRUE,SKGYPGDyTKGVEIT,0,P22102_Y348y,-0.06,-0.01,-0.09,-0.14,-0.19,-0.02,0.56,0.96,0.39,0.17,0.1,0.85,0.85,1,0.94,0.38,0.46,0.97,0.82,0.04,0.74,19,-0.58,-0.05,-0.87,-1.37,-1.67,-0.19
Q8WZ42-12_T4920t,Q8WZ42-12,TTN,7273,Q8WZ42-12,Homo sapiens,FALSE,Q8WZ42-12_T4920t,46.21,TRUE,EDRKVTVtWSKDGQK,0,Q8WZ42-12_T4920t,-0.01,0.02,0.01,-0.12,-0.04,-0.05,0.89,0.85,0.94,0.14,0.62,0.54,0.97,0.99,0.99,0.34,0.89,0.89,0.82,0.07,0.74,35,-0.14,0.19,0.07,-1.47,-0.5,-0.61
Q15149_S4620s,Q15149,PLEC,5339,Q15149,Homo sapiens,FALSE,Q15149_S4620s,47.28,TRUE,SPYSVSGsGSTAGSR,0,Q15149_S4620s,-0.02,0.13,0.05,-0.18,-0.03,-0.04,0.79,0.21,0.57,0.04,0.77,0.65,0.94,0.87,0.97,0.15,0.94,0.92,0.82,0.06,0.74,31,-0.27,1.26,0.57,-2.02,-0.29,-0.45
Q8WZ42-12_S5960s,Q8WZ42-12,TTN,7273,Q8WZ42-12,Homo sapiens,FALSE,Q8WZ42-12_S5960s,73.66,TRUE,FKDDQEIsASEKYKF,0,Q8WZ42-12_S5960s,-0.02,0,0,-0.14,-0.14,0.03,0.82,0.98,0.96,0.06,0.11,0.69,0.95,1,1,0.18,0.48,0.93,0.82,0.05,0.74,23,-0.22,-0.03,0.05,-1.9,-1.61,0.41
P06732_T166t,P06732,CKM,1158,P06732,Homo sapiens,FALSE,P06732_T166t,69.67,TRUE,VEALNSLtGEFKGKY,0,P06732_T166t,-0.03,0,0.01,-0.11,-0.04,0.03,0.6,0.96,0.84,0.06,0.5,0.57,0.87,1,0.99,0.18,0.83,0.91,0.82,0.09,0.74,46,-0.52,0.05,0.2,-1.9,-0.68,0.56
Q7Z6Z7_S3808s,Q7Z6Z7,HUWE1,10075,"Q7Z6Z7,Q7Z6Z7-2,Q7Z6Z7-3",Homo sapiens,FALSE,Q7Z6Z7_S3808s,59.34,TRUE,ASVRREEsPMDVDQP,0,Q7Z6Z7_S3808s,0.04,0.06,-0.05,-0.19,-0.15,-0.1,0.8,0.67,0.72,0.19,0.29,0.46,0.94,0.97,0.98,0.41,0.7,0.87,0.82,0.02,0.74,8,0.25,0.43,-0.36,-1.3,-1.06,-0.73
Q96JM3_S627sS632s,Q96JM3,CHAMP1,283489,Q96JM3,Homo sapiens,FALSE,Q96JM3_S627sS632s,22.22,TRUE,KKDNQESsDAELSSS|ESSDAELsSSEYIKT,0,Q96JM3_S627sS632s,-0.13,-0.1,-0.04,-0.41,-0.32,-0.12,0.27,0.43,0.73,0,0.01,0.28,0.66,0.93,0.98,0,0.17,0.77,0.82,0.06,0.74,30,-1.1,-0.78,-0.35,-3.5,-2.45,-1.09
Q8IUG5_T2379t,Q8IUG5,MYO18B,84700,"Q8IUG5,Q8IUG5-3",Homo sapiens,FALSE,Q8IUG5_T2379t,51.63,TRUE,RDMLLSPtLRPRRRC,0,Q8IUG5_T2379t,-0.21,-0.02,-0.12,-0.52,-0.06,-0.04,0.04,0.89,0.2,0,0.61,0.69,0.24,0.99,0.89,0,0.89,0.93,0.82,0.12,0.74,59,-2.07,-0.14,-1.27,-5.22,-0.51,-0.39
P14618_S406s,P14618,PKM,5315,P14618,Homo sapiens,FALSE,P14618_S406s,25.23,TRUE,RRLAPITsDPTEATA,0,P14618_S406s,-0.06,-0.01,-0.04,-0.16,-0.07,-0.09,0.33,0.87,0.44,0.01,0.26,0.1,0.71,0.99,0.95,0.03,0.68,0.58,0.82,0.07,0.74,36,-0.97,-0.16,-0.77,-2.77,-1.13,-1.63
Q2KHT3_S863s,Q2KHT3,CLEC16A,23274,Q2KHT3,Homo sapiens,FALSE,Q2KHT3_S863s,23.98,TRUE,YDQGRRGsSDPTVQR,0,Q2KHT3_S863s,0.03,0.04,-0.06,-0.24,-0.01,-0.1,0.83,0.77,0.65,0.07,0.92,0.45,0.95,0.98,0.97,0.2,0.98,0.86,0.82,0.09,0.74,46,0.22,0.3,-0.46,-1.84,-0.1,-0.76
Q15149_S4389sS4390s,Q15149,PLEC,5339,Q15149,Homo sapiens,FALSE,Q15149_S4389sS4390s,22.59,TRUE,SRSSSVGsSSSYPIS|RSSSVGSsSSYPISP,0,Q15149_S4389sS4390s,0.08,0.19,-0.06,-0.14,-0.11,-0.06,0.58,0.28,0.66,0.33,0.52,0.66,0.86,0.89,0.97,0.57,0.84,0.92,0.82,0.01,0.74,6,0.56,1.08,-0.44,-0.97,-0.65,-0.44
E9PAV3_T1010tT1015t,E9PAV3,NACA,4666,E9PAV3,Homo sapiens,FALSE,E9PAV3_T1010tT1015t,92.09,TRUE,PSPKGAPtPPAVTPP|APTPPAVtPPSPKGS,0,E9PAV3_T1010tT1015t,-0.15,-0.02,-0.12,-0.31,-0.14,0.09,0.11,0.89,0.21,0,0.17,0.37,0.44,0.99,0.89,0.01,0.57,0.83,0.82,0.07,0.74,34,-1.6,-0.14,-1.26,-3.24,-1.38,0.9
Q86UU1_T580tS583s,Q86UU1,PHLDB1,23187,Q86UU1,Homo sapiens,FALSE,Q86UU1_T580tS583s,54.31,TRUE,RERKNSItEISDNED|KNSITEIsDNEDDLL,0,Q86UU1_T580tS583s,-0.15,-0.14,-0.06,-0.44,-0.29,-0.03,0.06,0.1,0.41,0,0,0.7,0.33,0.78,0.94,0,0.02,0.93,0.82,0.08,0.74,39,-1.85,-1.65,-0.83,-5.52,-3.29,-0.39
Q9H987_T347t,Q9H987,SYNPO2L,79933,Q9H987,Homo sapiens,FALSE,Q9H987_T347t,48.25,TRUE,FSDARSLtNQSDWDS,0,Q9H987_T347t,-0.09,0.01,-0.02,-0.23,-0.04,-0.05,0.17,0.84,0.76,0,0.52,0.38,0.54,0.99,0.98,0,0.84,0.83,0.82,0.12,0.74,59,-1.37,0.2,-0.31,-3.65,-0.65,-0.88
Q15772_S2014s,Q15772,SPEG,10290,Q15772,Homo sapiens,FALSE,Q15772_S2014s,45.54,TRUE,RGELRRGsSAESALP,0,Q15772_S2014s,-0.08,-0.07,-0.06,-0.22,-0.06,-0.04,0.46,0.53,0.52,0.03,0.57,0.66,0.81,0.95,0.96,0.12,0.87,0.93,0.82,0.19,0.74,93,-0.73,-0.63,-0.64,-2.17,-0.56,-0.43
Q8N3D4_S1273s,Q8N3D4,EHBP1L1,254102,Q8N3D4,Homo sapiens,FALSE,Q8N3D4_S1273s,63.52,TRUE,PPPRAHGsFSHVRDA,0,Q8N3D4_S1273s,0.03,0.06,0,-0.17,-0.04,-0.07,0.69,0.46,0.95,0.02,0.59,0.29,0.91,0.94,0.99,0.1,0.88,0.78,0.82,0.05,0.74,26,0.39,0.74,0.06,-2.27,-0.53,-1.05
Q9Y4J8-17_S356s,Q9Y4J8-17,DTNA,1837,Q9Y4J8-17,Homo sapiens,FALSE,Q9Y4J8-17_S356s,28.35,TRUE,HSVPSSGsPFITRRL,0,Q9Y4J8-17_S356s,-0.01,0.01,0.04,-0.16,-0.04,0.08,0.93,0.88,0.67,0.05,0.64,0.32,0.98,0.99,0.97,0.18,0.9,0.8,0.82,0.1,0.74,49,-0.09,0.15,0.43,-1.93,-0.47,1
Q15111_S95s,Q15111,PLCL1,5334,Q15111,Homo sapiens,FALSE,Q15111_S95s,46.21,TRUE,GGRKKTVsFSSMPSE,0,Q15111_S95s,-0.05,-0.09,-0.06,-0.28,-0.09,-0.05,0.76,0.58,0.7,0.06,0.59,0.71,0.93,0.96,0.98,0.2,0.88,0.94,0.82,0.18,0.74,90,-0.3,-0.55,-0.39,-1.85,-0.53,-0.38
O95425_S63s,O95425,SVIL,6840,O95425,Homo sapiens,FALSE,O95425_S63s,40,TRUE,SNEEEETsDSSLEKQ,0,O95425_S63s,0.1,-0.04,0.01,-0.28,-0.09,0.01,0.52,0.8,0.97,0.04,0.53,0.97,0.83,0.99,1,0.15,0.85,0.99,0.82,0.1,0.74,51,0.65,-0.25,0.04,-2.02,-0.63,0.04
Q9Y5W9_S192sS194s,Q9Y5W9,SNX11,29916,"Q9Y5W9,Q9Y5W9-2",Homo sapiens,FALSE,Q9Y5W9_S192sS194s,48.75,TRUE,PRSGRRSsPSPPPSE|SGRRSSPsPPPSEEK,0,Q9Y5W9_S192sS194s,-0.02,0,0.01,-0.08,-0.01,0,0.73,0.96,0.87,0.15,0.81,1,0.92,1,0.99,0.35,0.95,1,0.82,0.13,0.74,66,-0.35,0.05,0.16,-1.44,-0.24,0
O00571_S606s,O00571,DDX3X,1654,O00571,Homo sapiens,FALSE,O00571_S606s,53.98,TRUE,ARDYRQSsGASSSSF,0,O00571_S606s,-0.04,0.23,-0.01,-0.4,0.14,0.02,0.77,0.14,0.92,0.01,0.35,0.87,0.93,0.82,0.99,0.03,0.75,0.98,0.82,0.11,0.74,54,-0.3,1.47,-0.11,-2.76,0.93,0.17
Q15149_S4622sS4626s,Q15149,PLEC,5339,Q15149,Homo sapiens,FALSE,Q15149_S4622sS4626s,53.7,TRUE,YSVSGSGsTAGSRTG|GSGSTAGsRTGSRTG,0,Q15149_S4622sS4626s,-0.1,-0.02,-0.04,-0.16,-0.05,-0.02,0.29,0.82,0.61,0.06,0.55,0.74,0.68,0.99,0.97,0.19,0.86,0.95,0.82,0.11,0.74,55,-1.05,-0.23,-0.52,-1.89,-0.6,-0.33
P54296_S1319s,P54296,MYOM2,9172,P54296,Homo sapiens,FALSE,P54296_S1319s,107.96,TRUE,HQRSLDLsGQAFDEA,0,P54296_S1319s,-0.03,0.06,0.04,-0.11,-0.05,0.08,0.7,0.44,0.57,0.09,0.53,0.21,0.91,0.93,0.97,0.26,0.85,0.72,0.82,0.06,0.74,29,-0.39,0.77,0.57,-1.68,-0.63,1.25
O95218-2_S193s,O95218-2,ZRANB2,9406,O95218-2,Homo sapiens,FALSE,O95218-2_S193s,18.95,TRUE,DASEEEDsNKKKSNR,0,O95218-2_S193s,0.02,0.11,0.04,-0.13,0.08,0.03,0.86,0.27,0.68,0.16,0.42,0.74,0.96,0.89,0.98,0.37,0.8,0.95,0.82,0.13,0.74,63,0.17,1.11,0.41,-1.39,0.8,0.33
Q7Z5L9_S318s,Q7Z5L9,IRF2BP2,359948,"Q7Z5L9,Q7Z5L9-2",Homo sapiens,FALSE,Q7Z5L9_S318s,75.66,TRUE,ALHQHGHsGPFESKF,0,Q7Z5L9_S318s,-0.01,0.25,-0.08,-0.39,-0.17,-0.21,0.95,0.21,0.61,0.04,0.37,0.21,0.99,0.87,0.97,0.14,0.76,0.73,0.82,0.03,0.74,15,-0.06,1.27,-0.51,-2.05,-0.91,-1.24
Q5VST9-6_S7383s,Q5VST9-6,OBSCN,84033,Q5VST9-6,Homo sapiens,FALSE,Q5VST9-6_S7383s,91.86,TRUE,QGCVPRHsVIRSLFY,0,Q5VST9-6_S7383s,0.07,-0.04,0,-0.33,-0.24,-0.05,0.59,0.77,0.97,0.01,0.06,0.66,0.87,0.98,1,0.03,0.36,0.92,0.82,0.05,0.74,24,0.54,-0.3,-0.04,-2.75,-1.91,-0.44
P27797_S214s,P27797,CALR,811,P27797,Homo sapiens,FALSE,P27797_S214s,1000,TRUE,KIKDPDAsKPEDWDE,0,P27797_S214s,0.01,0.07,0,-0.13,-0.14,-0.04,0.82,0.31,0.96,0.05,0.05,0.48,0.95,0.9,1,0.18,0.33,0.87,0.82,0.03,0.74,16,0.22,1.02,-0.05,-1.93,-1.99,-0.71
P48147_S105s,P48147,PREP,5550,P48147,Homo sapiens,FALSE,P48147_S105s,129.43,TRUE,RVLYVQDsLEGEARV,0,P48147_S105s,-0.02,0.05,0.02,-0.07,-0.02,0.01,0.71,0.48,0.73,0.31,0.77,0.9,0.91,0.94,0.98,0.55,0.94,0.98,0.82,0.05,0.74,26,-0.37,0.7,0.35,-1.01,-0.29,0.13
O75533_S129s,O75533,SF3B1,23451,O75533,Homo sapiens,FALSE,O75533_S129s,60.88,TRUE,HRRTMIIsPERLDPF,0,O75533_S129s,0.02,-0.03,-0.05,-0.11,-0.07,0.03,0.81,0.77,0.55,0.18,0.45,0.68,0.94,0.98,0.97,0.39,0.81,0.93,0.82,0.07,0.74,33,0.24,-0.3,-0.6,-1.34,-0.75,0.41
Q96HC4-6_S85s,Q96HC4-6,PDLIM5,10611,Q96HC4-6,Homo sapiens,FALSE,Q96HC4-6_S85s,21.11,TRUE,NMTLQRAsAAPKPEP,0,Q96HC4-6_S85s,0.26,0.3,0.25,0.11,0.15,0.27,0.04,0.06,0.06,0.36,0.33,0.04,0.23,0.71,0.8,0.59,0.73,0.44,0.82,0.06,0.74,27,2.09,1.91,1.91,0.91,0.98,2.07
A2A3K4_S394s,A2A3K4,PTPDC1,138639,"A2A3K4,A2A3K4-2",Homo sapiens,FALSE,A2A3K4_S394s,40.2,TRUE,LKRRLSYsDSDLKRA,0,A2A3K4_S394s,-0.24,-0.16,-0.16,-0.83,-0.25,-0.29,0.13,0.35,0.28,0,0.15,0.04,0.48,0.91,0.91,0,0.55,0.43,0.82,0.14,0.74,70,-1.5,-0.93,-1.08,-5.11,-1.45,-2.1
O95425_Y1312y,O95425,SVIL,6840,O95425,Homo sapiens,FALSE,O95425_Y1312y,17.98,TRUE,DETFAKFyRSVDYNM,0,O95425_Y1312y,-0.01,-0.01,0.12,-0.59,-0.3,0.06,0.95,0.97,0.49,0,0.16,0.7,0.99,1,0.96,0.02,0.56,0.94,0.82,0.08,0.74,38,-0.06,-0.04,0.68,-2.87,-1.41,0.38
P27816-4_S313s,P27816-4,MAP4,4134,P27816-4,Homo sapiens,FALSE,P27816-4_S313s,110.18,TRUE,SKVEAPPsEVADTLV,0,P27816-4_S313s,0.01,0.06,0.12,-0.33,-0.03,0.03,0.93,0.67,0.35,0.01,0.85,0.78,0.98,0.97,0.93,0.04,0.96,0.96,0.82,0.11,0.74,55,0.09,0.42,0.93,-2.71,-0.19,0.28
Q711Q0_S1353s,Q711Q0,CEFIP,NaN,Q711Q0,Homo sapiens,FALSE,Q711Q0_S1353s,26.98,TRUE,LMPLRCSsQLSAPTF,0,Q711Q0_S1353s,-0.13,-0.06,-0.07,-0.47,-0.09,0.07,0.14,0.52,0.45,0,0.35,0.4,0.49,0.95,0.95,0,0.75,0.84,0.82,0.16,0.74,78,-1.49,-0.64,-0.75,-5.19,-0.93,0.84
Q8WZ42-12_Y9528y,Q8WZ42-12,TTN,7273,Q8WZ42-12,Homo sapiens,FALSE,Q8WZ42-12_Y9528y,176.83,TRUE,QPITVAWyKNNIEIQ,0,Q8WZ42-12_Y9528y,-0.05,0.03,-0.01,-0.09,-0.02,-0.02,0.44,0.68,0.83,0.12,0.79,0.78,0.8,0.97,0.99,0.31,0.95,0.96,0.82,0.08,0.74,41,-0.77,0.42,-0.21,-1.55,-0.26,-0.29
Q16851_Y153y,Q16851,UGP2,7360,Q16851,Homo sapiens,FALSE,Q16851_Y153y,37.86,TRUE,IEHLNKTyNTDVPLV,0,Q16851_Y153y,0.06,0.26,0.07,-0.04,0.15,0.13,0.53,0.01,0.45,0.62,0.12,0.14,0.84,0.53,0.95,0.8,0.5,0.64,0.82,0.08,0.74,38,0.63,2.58,0.75,-0.49,1.56,1.49
O15234_S363s,O15234,CASC3,22794,O15234,Homo sapiens,FALSE,O15234_S363s,132.44,TRUE,QTSVRDPsPEADAPV,0,O15234_S363s,0.02,0.01,0.02,-0.13,-0.12,-0.02,0.76,0.86,0.83,0.05,0.11,0.71,0.93,0.99,0.99,0.17,0.48,0.94,0.82,0.05,0.74,22,0.3,0.18,0.22,-1.96,-1.61,-0.37
Q15056-2_S14s,Q15056-2,EIF4H,7458,Q15056-2,Homo sapiens,FALSE,Q15056-2_S14s,22.22,TRUE,YDDRAYSsFGGGRGS,0,Q15056-2_S14s,0.07,0.14,-0.08,-0.07,0.04,0.08,0.6,0.38,0.55,0.57,0.78,0.55,0.87,0.92,0.97,0.76,0.94,0.9,0.82,0.08,0.74,37,0.52,0.87,-0.59,-0.57,0.27,0.6
Q8WZ42-12_S35066s,Q8WZ42-12,TTN,7273,Q8WZ42-12,Homo sapiens,FALSE,Q8WZ42-12_S35066s,34.2,TRUE,TEAYAVSsFKKTSEM,0,Q8WZ42-12_S35066s,0.07,0.11,0.12,-0.16,-0.06,0.21,0.71,0.58,0.51,0.39,0.73,0.25,0.91,0.96,0.96,0.62,0.93,0.75,0.82,0.06,0.74,29,0.37,0.55,0.66,-0.86,-0.34,1.16
Q9P035_S114s,Q9P035,HACD3,51495,Q9P035,Homo sapiens,FALSE,Q9P035_S114s,1000,TRUE,FDRWLDEsDAEMELR,0,Q9P035_S114s,0.03,0.11,-0.04,-0.08,-0.03,-0.04,0.75,0.23,0.64,0.32,0.77,0.64,0.92,0.88,0.97,0.55,0.94,0.92,0.82,0.03,0.74,16,0.32,1.2,-0.47,-1,-0.3,-0.47
O15061_S983s,O15061,SYNM,23336,O15061,Homo sapiens,FALSE,O15061_S983s,54.52,TRUE,QGGPGSVsVDVKKVQ,0,O15061_S983s,0.13,0.11,0.13,-0.17,-0.02,0.2,0.46,0.62,0.4,0.31,0.93,0.21,0.8,0.97,0.94,0.54,0.98,0.72,0.82,0.08,0.74,40,0.74,0.5,0.85,-1.02,-0.09,1.26
P38646_S29s,P38646,HSPA9,3313,P38646,Homo sapiens,FALSE,P38646_S29s,108.15,TRUE,TAARHQDsWNGLSHE,0,P38646_S29s,0.03,0.38,-0.05,-0.21,-0.01,-0.05,0.84,0.03,0.75,0.21,0.93,0.76,0.96,0.67,0.98,0.43,0.98,0.95,0.82,0.03,0.74,13,0.2,2.14,-0.31,-1.27,-0.09,-0.31
Q7Z589_S209s,Q7Z589,EMSY,56946,"Q7Z589,Q7Z589-4,Q7Z589-5,Q7Z589-7",Homo sapiens,FALSE,Q7Z589_S209s,26.98,TRUE,RKRRRTNsSSSSPVV,0,Q7Z589_S209s,0.06,0.03,0.1,-0.26,-0.14,0.08,0.58,0.8,0.33,0.01,0.17,0.43,0.86,0.99,0.93,0.05,0.58,0.86,0.82,0.08,0.74,38,0.55,0.25,0.96,-2.56,-1.36,0.79
Q5VWP3-3_S443s,Q5VWP3-3,MLIP,90523,Q5VWP3-3,Homo sapiens,FALSE,Q5VWP3-3_S443s,51.95,TRUE,CPTFSLNsPASSTLT,0,Q5VWP3-3_S443s,-0.19,0,-0.02,-0.52,-0.14,-0.12,0.08,1,0.86,0,0.21,0.22,0.37,1,0.99,0,0.63,0.73,0.82,0.1,0.74,47,-1.76,0,-0.17,-4.7,-1.24,-1.22
Q702N8_S138s,Q702N8,XIRP1,165904,Q702N8,Homo sapiens,FALSE,Q702N8_S138s,29.29,TRUE,EEGSFANsTDQEPTR,0,Q702N8_S138s,-0.37,0.06,-0.27,-0.82,-0.07,0.09,0.1,0.81,0.21,0,0.77,0.67,0.43,0.99,0.9,0,0.94,0.93,0.82,0.09,0.74,45,-1.63,0.23,-1.25,-3.64,-0.3,0.42
O75112-4_S129s,O75112-4,LDB3,11155,O75112-4,Homo sapiens,FALSE,O75112-4_S129s,51.94,TRUE,PSPEARAsPGTPGTP,0,O75112-4_S129s,-0.11,0.08,-0.01,-0.43,-0.32,-0.18,0.45,0.65,0.96,0,0.05,0.18,0.8,0.97,1,0.03,0.33,0.7,0.82,0.04,0.74,20,-0.76,0.45,-0.05,-2.82,-1.98,-1.33
P02686_S249s,P02686,MBP,4155,P02686,Homo sapiens,FALSE,P02686_S249s,1000,TRUE,GLSLSRFsWGAEGQR,0,P02686_S249s,-0.29,-0.44,-0.63,-0.87,-0.86,-0.11,0.41,0.26,0.07,0.01,0.03,0.73,0.77,0.89,0.81,0.07,0.28,0.94,0.82,0.05,0.74,23,-0.82,-1.13,-1.81,-2.44,-2.12,-0.34
Q8WZ42-12_S26034s,Q8WZ42-12,TTN,7273,Q8WZ42-12,Homo sapiens,FALSE,Q8WZ42-12_S26034s,123.63,TRUE,LERKERNsILWTKVN,0,Q8WZ42-12_S26034s,-0.06,0.01,-0.03,-0.09,-0.05,0.01,0.49,0.88,0.75,0.31,0.61,0.93,0.82,0.99,0.98,0.55,0.89,0.99,0.82,0.05,0.74,22,-0.69,0.15,-0.32,-1.01,-0.51,0.08
P10916_T24t,P10916,MYL2,4633,P10916,Homo sapiens,FALSE,P10916_T24t,46.97,TRUE,VFSMFEQtQIQEFKE,0,P10916_T24t,-0.2,0.15,-0.15,-0.49,-0.02,-0.1,0.15,0.33,0.26,0,0.91,0.43,0.51,0.91,0.9,0,0.98,0.86,0.82,0.11,0.74,52,-1.44,0.98,-1.13,-3.49,-0.11,-0.79
O00763_S192sS195s,O00763,ACACB,32,"O00763,O00763-2",Homo sapiens,FALSE,O00763_S192sS195s,93.15,TRUE,RESTRKGsRASLGAL|TRKGSRAsLGALSLE,0,O00763_S192sS195s,-0.1,0.11,0.05,-0.28,0,0.05,0.34,0.3,0.59,0,0.97,0.57,0.72,0.9,0.97,0.03,0.99,0.9,0.82,0.12,0.74,58,-0.95,1.05,0.54,-2.81,-0.03,0.57
O14828_S76s,O14828,SCAMP3,10067,O14828,Homo sapiens,FALSE,O14828_S76s,83.88,TRUE,LQPSRKLsPTEPKNY,0,O14828_S76s,0.08,0.22,0.11,-0.16,0.02,-0.03,0.38,0.07,0.21,0.04,0.83,0.75,0.75,0.73,0.9,0.15,0.96,0.95,0.82,0.07,0.74,34,0.88,1.83,1.25,-2.04,0.22,-0.32
O14983_S335s,O14983,ATP2A1,487,"O14983,O14983-2",Homo sapiens,FALSE,O14983_S335s,47.85,TRUE,KKNAIVRsLPSVETL,0,O14983_S335s,-0.03,0.09,0.02,-0.07,0,0.06,0.74,0.32,0.8,0.44,0.96,0.44,0.92,0.9,0.99,0.66,0.99,0.86,0.82,0.05,0.74,22,-0.33,1,0.25,-0.77,-0.06,0.77
Q86TC9_S198s,Q86TC9,MYPN,84665,Q86TC9,Homo sapiens,FALSE,Q86TC9_S198s,34.2,TRUE,VMQENSSsFSDLSER,0,Q86TC9_S198s,-0.25,0.01,-0.05,-0.57,-0.12,0,0.01,0.92,0.55,0,0.24,0.97,0.07,1,0.96,0,0.66,0.99,0.82,0.12,0.74,61,-2.72,0.1,-0.6,-5.98,-1.16,0.04
Q13061_S415s,Q13061,TRDN,10345,Q13061,Homo sapiens,FALSE,Q13061_S415s,89.17,TRUE,KSPKKEHsVPSDKQV,0,Q13061_S415s,0,0.06,0.04,-0.09,-0.1,0.03,0.99,0.61,0.64,0.29,0.36,0.67,1,0.97,0.97,0.53,0.76,0.93,0.82,0.05,0.74,26,0.01,0.5,0.47,-1.05,-0.92,0.42
O43166_S1508s,O43166,SIPA1L1,26037,"O43166,O43166-2,O43166-3",Homo sapiens,FALSE,O43166_S1508s,123.85,TRUE,DTRKRHQsDGNEIAH,0,O43166_S1508s,-0.06,0.23,0.01,-0.15,0.05,0.13,0.78,0.35,0.97,0.45,0.83,0.55,0.93,0.91,1,0.68,0.96,0.9,0.82,0.05,0.74,26,-0.28,0.93,0.04,-0.75,0.22,0.6
Q9Y512_Y132y,Q9Y512,SAMM50,25813,Q9Y512,Homo sapiens,FALSE,Q9Y512_Y132y,20.46,TRUE,LRRLTGSyNTMVGNN,0,Q9Y512_Y132y,-0.05,0.02,0.05,-0.23,-0.1,-0.01,0.61,0.89,0.64,0.03,0.33,0.92,0.87,0.99,0.97,0.1,0.74,0.99,0.82,0.07,0.74,36,-0.52,0.14,0.47,-2.22,-0.97,-0.09
P32119_S180s,P32119,PRDX2,7001,P32119,Homo sapiens,FALSE,P32119_S180s,35.17,TRUE,PAGWKPGsDTIKPNV,0,P32119_S180s,0.07,-0.02,0,-0.19,-0.11,-0.01,0.39,0.84,0.97,0.03,0.21,0.92,0.76,0.99,1,0.12,0.62,0.99,0.82,0.06,0.74,31,0.85,-0.2,-0.04,-2.15,-1.26,-0.09
Q96CP2_S21s,Q96CP2,FLYWCH2,114984,Q96CP2,Homo sapiens,FALSE,Q96CP2_S21s,63.38,TRUE,VKASQEPsPKPGTEV,0,Q96CP2_S21s,-0.07,-0.04,-0.06,-0.17,-0.17,-0.1,0.45,0.64,0.48,0.02,0.04,0.18,0.8,0.97,0.95,0.09,0.3,0.7,0.82,0.04,0.74,17,-0.75,-0.46,-0.7,-2.27,-2.08,-1.33
Q12955_S4253s,Q12955,ANK3,288,Q12955,Homo sapiens,FALSE,Q12955_S4253s,28.75,TRUE,GKFEANGsHTEITPE,0,Q12955_S4253s,-0.32,0.14,0,-0.69,-0.1,0.07,0,0.18,1,0,0.34,0.48,0.06,0.86,1,0,0.74,0.87,0.82,0.09,0.74,46,-2.81,1.33,0,-5.94,-0.95,0.7
P28066_T213t,P28066,PSMA5,5686,P28066,Homo sapiens,FALSE,P28066_T213t,119.16,TRUE,MEEKLNAtNIELATV,0,P28066_T213t,-0.02,0.2,-0.03,-0.12,0.05,0.04,0.84,0.05,0.7,0.19,0.61,0.68,0.95,0.71,0.98,0.41,0.89,0.93,0.82,0.05,0.74,25,-0.21,1.93,-0.38,-1.3,0.51,0.41
Q13501_S284sS291s,Q13501,SQSTM1,8878,Q13501,Homo sapiens,FALSE,Q13501_S284sS291s,24.45,TRUE,STEEKSSsQPSSCCS|SQPSSCCsDPSKPGG,0,Q13501_S284sS291s,-0.03,-0.07,-0.06,-0.18,-0.18,0.01,0.85,0.69,0.68,0.18,0.23,0.96,0.96,0.97,0.98,0.39,0.65,0.99,0.82,0.05,0.74,26,-0.19,-0.39,-0.41,-1.35,-1.21,0.05
Q8IZ21_S291s,Q8IZ21,PHACTR4,65979,"Q8IZ21,Q8IZ21-2,Q8IZ21-3",Homo sapiens,FALSE,Q8IZ21_S291s,38.09,TRUE,GTLLSKPsPPLPPKR,0,Q8IZ21_S291s,-0.01,0.1,0.02,-0.18,0.08,0.09,0.93,0.44,0.87,0.14,0.51,0.43,0.98,0.93,0.99,0.33,0.84,0.86,0.82,0.12,0.74,61,-0.09,0.77,0.16,-1.48,0.66,0.79
Q9UKX2_S1228s,Q9UKX2,MYH2,4620,Q9UKX2,Homo sapiens,FALSE,Q9UKX2_S1228s,127.88,TRUE,QKLEKEKsEMKMEID,0,Q9UKX2_S1228s,0.19,0.33,0.05,-0.13,0.28,0.16,0.35,0.14,0.81,0.51,0.19,0.42,0.73,0.83,0.99,0.72,0.6,0.85,0.82,0.09,0.74,46,0.94,1.47,0.24,-0.65,1.32,0.81
Q8WZ42-12_S23091s,Q8WZ42-12,TTN,7273,Q8WZ42-12,Homo sapiens,FALSE,Q8WZ42-12_S23091s,115.46,TRUE,RLLWTVVsEDIQSCR,0,Q8WZ42-12_S23091s,0.03,0.09,-0.04,-0.06,-0.07,-0.01,0.63,0.24,0.54,0.39,0.34,0.86,0.88,0.88,0.96,0.62,0.75,0.97,0.82,0.01,0.74,5,0.48,1.16,-0.61,-0.86,-0.95,-0.18
P0CG47_S57s,P0CG47,UBB,7314,"P0CG47,P0CG48,P62979,P62987",Homo sapiens,FALSE,P0CG47_S57s,74.95,TRUE,LEDGRTLsDYNIQKE,0,P0CG47_S57s,-0.09,0.05,0,-0.18,-0.1,-0.04,0.36,0.66,0.99,0.08,0.32,0.65,0.74,0.97,1,0.23,0.73,0.92,0.82,0.05,0.74,24,-0.91,0.44,-0.01,-1.76,-1,-0.46
Q8WWY3_T455t,Q8WWY3,PRPF31,26121,Q8WWY3,Homo sapiens,FALSE,Q8WWY3_T455t,74.05,TRUE,TASSVAFtPLQGLEI,0,Q8WWY3_T455t,0.08,0.04,0.06,-0.17,-0.03,-0.02,0.51,0.73,0.61,0.14,0.81,0.87,0.83,0.98,0.97,0.34,0.95,0.98,0.82,0.09,0.74,45,0.66,0.34,0.51,-1.47,-0.25,-0.16
P17661_Y331y,P17661,DES,1674,P17661,Homo sapiens,FALSE,P17661_Y331y,46.21,TRUE,YRHQIQSyTCEIDAL,0,P17661_Y331y,0.1,0.14,0.13,-0.09,0.02,0.04,0.17,0.11,0.06,0.22,0.82,0.55,0.54,0.79,0.81,0.45,0.96,0.9,0.82,0.06,0.74,31,1.37,1.62,1.85,-1.22,0.22,0.6
P06732_T322t,P06732,CKM,1158,P06732,Homo sapiens,FALSE,P06732_T322t,194.14,TRUE,LRLQKRGtGGVDTAA,0,P06732_T322t,-0.07,-0.01,-0.01,-0.2,-0.07,-0.06,0.19,0.83,0.85,0,0.26,0.28,0.56,0.99,0.99,0,0.68,0.77,0.82,0.09,0.74,42,-1.32,-0.22,-0.18,-3.61,-1.13,-1.07
Q8N5Y2_S311s,Q8N5Y2,MSL3,10943,"Q8N5Y2,Q8N5Y2-2,Q8N5Y2-3,Q8N5Y2-4,Q8N5Y2-6",Homo sapiens,FALSE,Q8N5Y2_S311s,28.04,TRUE,SQEELSPsPPLLNPS,0,Q8N5Y2_S311s,0.18,0.36,0.06,-0.01,0.09,0.07,0.13,0,0.55,0.94,0.46,0.52,0.47,0.38,0.97,0.97,0.82,0.89,0.81,0.03,0.74,13,1.53,2.94,0.59,-0.07,0.74,0.64
O60841_S164s,O60841,EIF5B,9669,O60841,Homo sapiens,FALSE,O60841_S164s,209.7,TRUE,SNKKWDGsEEDEDNS,0,O60841_S164s,-0.09,-0.05,-0.06,-0.15,-0.09,-0.02,0.06,0.33,0.22,0,0.1,0.71,0.33,0.91,0.9,0.02,0.48,0.94,0.81,0.11,0.74,54,-1.85,-0.98,-1.23,-3.01,-1.63,-0.38
Q8WZ42-12_S1418sS1423sS1428s,Q8WZ42-12,TTN,7273,Q8WZ42-12,Homo sapiens,FALSE,Q8WZ42-12_S1418sS1423sS1428s,1000,TRUE,SRSPIRMsPARMSPA|RMSPARMsPARMSPA|RMSPARMsPARMSPA,0,Q8WZ42-12_S1418sS1423sS1428s,-0.5,-0.13,-0.1,-0.94,-0.52,-0.18,0,0.29,0.35,0,0,0.1,0,0.9,0.93,0,0,0.58,0.81,0.05,0.74,24,-4.32,-1.05,-0.94,-8.03,-4.38,-1.66
Q06413-5_S118s,Q06413-5,MEF2C,4208,"Q06413-5,Q06413-6",Homo sapiens,FALSE,Q06413-5_S118s,96.8,TRUE,KENKGCEsPDPDSSY,0,Q06413-5_S118s,-0.07,-0.12,-0.09,-0.53,-0.17,0.17,0.53,0.39,0.45,0,0.16,0.14,0.84,0.92,0.95,0,0.57,0.64,0.81,0.1,0.74,50,-0.62,-0.87,-0.75,-4.56,-1.4,1.49
Q6NZ67_S152s,Q6NZ67,MZT2B,80097,Q6NZ67,Homo sapiens,FALSE,Q6NZ67_S152s,31.63,TRUE,KGGGPGKsPTRGST-,0,Q6NZ67_S152s,-0.24,-0.01,-0.06,-0.37,-0.24,-0.13,0.11,0.94,0.6,0.01,0.07,0.25,0.44,1,0.97,0.04,0.39,0.75,0.81,0.05,0.74,24,-1.59,-0.07,-0.53,-2.68,-1.83,-1.15
P07951_S61s,P07951,TPM2,7169,P07951,Homo sapiens,FALSE,P07951_S61s,69.67,TRUE,EDEVEKYsESVKEAQ,0,P07951_S61s,0,0.06,0.06,-0.1,-0.07,0.06,0.99,0.47,0.44,0.2,0.37,0.44,1,0.94,0.95,0.41,0.76,0.86,0.81,0.06,0.74,28,0.02,0.72,0.78,-1.3,-0.9,0.77
Q8WZ42-12_T29793t,Q8WZ42-12,TTN,7273,Q8WZ42-12,Homo sapiens,FALSE,Q8WZ42-12_T29793t,22.22,TRUE,TKGEVRTtEYVVSNL,0,Q8WZ42-12_T29793t,0.13,0.2,0.03,0.02,-0.01,0.1,0.23,0.1,0.77,0.85,0.93,0.32,0.61,0.78,0.98,0.93,0.98,0.8,0.81,0.02,0.74,10,1.2,1.66,0.3,0.19,-0.09,1
Q9UPU5_S2077s,Q9UPU5,USP24,23358,Q9UPU5,Homo sapiens,FALSE,Q9UPU5_S2077s,42.3,TRUE,APSSPEIsPQSSPRP,0,Q9UPU5_S2077s,-0.06,0.07,0.03,-0.25,-0.02,-0.05,0.58,0.51,0.74,0.01,0.85,0.61,0.86,0.95,0.98,0.05,0.96,0.91,0.81,0.1,0.74,50,-0.56,0.65,0.33,-2.58,-0.18,-0.51
Q8WZ42-12_T1620t,Q8WZ42-12,TTN,7273,Q8WZ42-12,Homo sapiens,FALSE,Q8WZ42-12_T1620t,23.98,TRUE,AALKIDStVSQDSAW,0,Q8WZ42-12_T1620t,-0.01,0.11,0.06,-0.09,-0.04,0.03,0.83,0.12,0.33,0.19,0.59,0.64,0.95,0.81,0.92,0.41,0.88,0.92,0.81,0.05,0.74,23,-0.22,1.56,0.98,-1.31,-0.54,0.47
O00629_S60s,O00629,KPNA4,3840,O00629,Homo sapiens,FALSE,O00629_S60s,125.69,TRUE,HEDICEDsDIDGDYR,0,O00629_S60s,-0.15,0.1,-0.02,-0.4,-0.01,-0.06,0.06,0.23,0.75,0,0.86,0.45,0.33,0.88,0.98,0,0.97,0.86,0.81,0.13,0.74,62,-1.85,1.19,-0.31,-4.96,-0.17,-0.75
Q2TAL5_S269sT274t,Q2TAL5,SMTNL2,342527,Q2TAL5,Homo sapiens,FALSE,Q2TAL5_S269sT274t,94.6,TRUE,TASKHSNsPPLVTPP|SNSPPLVtPPQSPVS,0,Q2TAL5_S269sT274t,-0.4,-0.01,0,-1.11,-0.26,0.18,0.01,0.95,0.99,0,0.13,0.24,0.13,1,1,0,0.52,0.75,0.81,0.13,0.74,64,-2.46,-0.07,-0.02,-6.79,-1.51,1.17
Q8NFA0_S1372sS1376s,Q8NFA0,USP32,84669,Q8NFA0,Homo sapiens,FALSE,Q8NFA0_S1372sS1376s,30.27,TRUE,LSANIISsPKGSPSS|IISSPKGsPSSSRKS,0,Q8NFA0_S1372sS1376s,-0.15,-0.07,-0.03,-0.38,-0.31,-0.07,0.37,0.7,0.87,0.02,0.07,0.67,0.74,0.97,0.99,0.08,0.41,0.93,0.81,0.05,0.74,26,-0.9,-0.39,-0.16,-2.34,-1.79,-0.43
P25054-2_S2623s,P25054-2,APC,324,P25054-2,Homo sapiens,FALSE,P25054-2_S2623s,1000,TRUE,GLENRLNsFIQVDAP,0,P25054-2_S2623s,-0.19,-0.02,-0.12,-0.44,-0.06,-0.08,0.21,0.9,0.42,0.01,0.71,0.58,0.6,1,0.94,0.03,0.92,0.91,0.81,0.14,0.74,68,-1.24,-0.13,-0.81,-2.77,-0.37,-0.55
Q15149_S4386sS4389s,Q15149,PLEC,5339,Q15149,Homo sapiens,FALSE,Q15149_S4386sS4389s,45.54,TRUE,GFRSRSSsVGSSSSY|SRSSSVGsSSSYPIS,0,Q15149_S4386sS4389s,-0.11,0.13,0.12,-0.54,-0.01,0.07,0.09,0.07,0.05,0,0.86,0.24,0.39,0.73,0.79,0,0.97,0.74,0.81,0.13,0.74,66,-1.71,1.83,1.93,-7.79,-0.17,1.18
Q9H422-2_S772s,Q9H422-2,HIPK3,10114,Q9H422-2,Homo sapiens,FALSE,Q9H422-2_S772s,43.99,TRUE,QCQNRSNsLQNTNIP,0,Q9H422-2_S772s,-0.05,0.12,-0.09,-0.19,0.04,-0.01,0.48,0.17,0.24,0.01,0.66,0.9,0.82,0.85,0.9,0.05,0.91,0.98,0.81,0.08,0.74,41,-0.71,1.38,-1.16,-2.61,0.44,-0.13
Q9UKA4_S1242s,Q9UKA4,AKAP11,11215,Q9UKA4,Homo sapiens,FALSE,Q9UKA4_S1242s,23.98,TRUE,VQSQRSVsPTFLNPS,0,Q9UKA4_S1242s,-0.16,-0.02,-0.04,-0.3,-0.2,-0.08,0.05,0.79,0.59,0,0.03,0.33,0.28,0.99,0.97,0.01,0.26,0.81,0.81,0.05,0.74,22,-1.97,-0.26,-0.54,-3.27,-2.17,-0.98
Q9NWV8_T27t,Q9NWV8,BABAM1,29086,"Q9NWV8,Q9NWV8-3",Homo sapiens,FALSE,Q9NWV8_T27t,33.55,TRUE,SAEPRPRtRSNPEGA,0,Q9NWV8_T27t,0.19,0.14,0.15,-0.29,0.13,0.31,0.17,0.4,0.29,0.03,0.39,0.01,0.53,0.92,0.91,0.12,0.78,0.28,0.81,0.14,0.74,67,1.39,0.85,1.07,-2.13,0.86,2.51
O75083_S138s,O75083,WDR1,9948,O75083,Homo sapiens,FALSE,O75083_S138s,36.69,TRUE,FLWDSGSsVGEITGH,0,O75083_S138s,0.08,0.18,0.19,-0.09,0.06,0.16,0.45,0.13,0.07,0.39,0.57,0.11,0.8,0.82,0.81,0.62,0.87,0.6,0.81,0.09,0.74,46,0.76,1.53,1.84,-0.86,0.56,1.59
Q9UMS6-2_S623s,Q9UMS6-2,SYNPO2,171024,"Q9UMS6-2,Q9UMS6-4",Homo sapiens,FALSE,Q9UMS6-2_S623s,33.86,TRUE,FPAPPPYsAVTPPPD,0,Q9UMS6-2_S623s,-0.05,0.02,-0.05,-0.23,0.02,0,0.6,0.89,0.63,0.03,0.85,0.99,0.87,0.99,0.97,0.11,0.96,1,0.81,0.14,0.74,69,-0.52,0.14,-0.48,-2.22,0.19,-0.01
P17661_S432s,P17661,DES,1674,P17661,Homo sapiens,FALSE,P17661_S432s,18.56,TRUE,ALNFRETsPEQRGSE,0,P17661_S432s,-0.01,-0.02,-0.11,-0.15,-0.04,-0.03,0.92,0.87,0.36,0.25,0.79,0.81,0.98,0.99,0.93,0.48,0.95,0.97,0.81,0.11,0.74,52,-0.09,-0.16,-0.92,-1.14,-0.26,-0.24
O14639-6_T308t,O14639-6,ABLIM1,3983,O14639-6,Homo sapiens,FALSE,O14639-6_T308t,29.88,TRUE,SKSLIRRtGRSPSLQ,0,O14639-6_T308t,-0.35,0.06,0.04,-0.77,-0.5,-0.13,0.11,0.8,0.86,0,0.04,0.49,0.44,0.99,0.99,0,0.32,0.88,0.81,0.06,0.74,27,-1.59,0.25,0.18,-3.55,-2.01,-0.69
Q14315_S379s,Q14315,FLNC,2318,Q14315,Homo sapiens,FALSE,Q14315_S379s,243.52,TRUE,LGDANKVsARGPGLE,0,Q14315_S379s,0.06,0.31,0.07,-0.11,0,-0.01,0.62,0.02,0.58,0.34,0.98,0.96,0.88,0.59,0.97,0.58,0.99,0.99,0.81,0.02,0.74,9,0.5,2.42,0.55,-0.95,-0.02,-0.05
Q9NRY4_S970s,Q9NRY4,ARHGAP35,2909,Q9NRY4,Homo sapiens,FALSE,Q9NRY4_S970s,83.59,TRUE,TTEEVFNsPRAGSPL,0,Q9NRY4_S970s,-0.05,0.02,0.02,-0.18,-0.12,-0.05,0.5,0.79,0.79,0.02,0.14,0.46,0.83,0.99,0.99,0.07,0.54,0.86,0.81,0.06,0.74,29,-0.67,0.27,0.27,-2.4,-1.47,-0.74
O60841_S113s,O60841,EIF5B,9669,O60841,Homo sapiens,FALSE,O60841_S113s,234.11,TRUE,QSFDDNDsEELEDKD,0,O60841_S113s,-0.09,-0.21,-0.06,-0.61,-0.39,-0.01,0.43,0.1,0.56,0,0,0.92,0.79,0.78,0.97,0,0.03,0.99,0.81,0.08,0.74,40,-0.78,-1.67,-0.58,-5.36,-3.17,-0.1
P21817_S2085s,P21817,RYR1,6261,"P21817,P21817-3",Homo sapiens,FALSE,P21817_S2085s,56.44,TRUE,EKPEEERsAEESKPR,0,P21817_S2085s,0.05,0.06,0.04,-0.13,-0.06,-0.04,0.7,0.64,0.71,0.28,0.61,0.74,0.91,0.97,0.98,0.51,0.89,0.95,0.81,0.03,0.74,13,0.39,0.46,0.37,-1.09,-0.51,-0.33
P02686_S26s,P02686,MBP,4155,P02686,Homo sapiens,FALSE,P02686_S26s,127.23,TRUE,SETNRGEsEKKRNLG,0,P02686_S26s,-0.01,0.04,-0.07,-0.16,-0.19,-0.08,0.92,0.72,0.52,0.12,0.07,0.44,0.98,0.98,0.96,0.3,0.4,0.86,0.81,0.04,0.74,20,-0.1,0.35,-0.64,-1.55,-1.81,-0.77
Q9P265_S203s,Q9P265,DIP2B,57609,Q9P265,Homo sapiens,FALSE,Q9P265_S203s,52.9,TRUE,EVKGTSGsLADVFAN,0,Q9P265_S203s,-0.12,-0.16,-0.24,-0.29,-0.27,-0.06,0.38,0.29,0.11,0.04,0.06,0.66,0.75,0.9,0.84,0.14,0.38,0.92,0.81,0.04,0.74,21,-0.87,-1.06,-1.6,-2.06,-1.85,-0.44
P50461_T104t,P50461,CSRP3,8048,P50461,Homo sapiens,FALSE,P50461_T104t,26.98,TRUE,KPARSVTtSNPSKFT,0,P50461_T104t,-0.04,0.19,0.02,-0.2,0.11,0.1,0.86,0.39,0.9,0.34,0.61,0.58,0.96,0.92,0.99,0.57,0.89,0.91,0.81,0.08,0.74,41,-0.18,0.87,0.13,-0.96,0.5,0.56
P07951_T252t,P07951,TPM2,7169,P07951,Homo sapiens,FALSE,P07951_T252t,335.12,TRUE,SVAKLEKtIDDLEDE,0,P07951_T252t,-0.09,-0.07,-0.08,-0.17,-0.18,-0.1,0.1,0.27,0.16,0,0,0.05,0.42,0.89,0.87,0.02,0.05,0.48,0.81,0.05,0.74,22,-1.63,-1.09,-1.42,-3.03,-3.02,-1.95
P06744_Y17y,P06744,GPI,2821,P06744,Homo sapiens,FALSE,P06744_Y17y,1000,TRUE,FQKLQQWyREHRSEL,0,P06744_Y17y,0.02,0.24,0.08,-0.14,0.16,0.16,0.87,0.03,0.41,0.15,0.13,0.08,0.96,0.65,0.94,0.35,0.52,0.55,0.81,0.09,0.74,43,0.16,2.18,0.83,-1.45,1.51,1.76
O43741_S184s,O43741,PRKAB2,5565,O43741,Homo sapiens,FALSE,O43741_S184s,26.02,TRUE,SCRDLSSsPPGPYGQ,0,O43741_S184s,0.06,0.08,0.05,-0.06,0.03,0,0.35,0.24,0.45,0.33,0.62,0.98,0.73,0.88,0.95,0.57,0.89,1,0.81,0.08,0.74,39,0.93,1.17,0.76,-0.96,0.5,-0.02
P08651_S339sS343s,P08651,NFIC,4782,P08651,Homo sapiens,FALSE,P08651_S339sS343s,145.5,TRUE,KSPFNSPsPQDSPRL|NSPSPQDsPRLSSFT,0,P08651_S339sS343s,-0.37,-0.06,-0.26,-0.43,-0.3,-0.13,0,0.67,0.04,0,0.02,0.28,0.06,0.97,0.74,0,0.2,0.77,0.81,0.04,0.74,19,-2.83,-0.42,-2.06,-3.44,-2.33,-1.08
P06744_S175s,P06744,GPI,2821,P06744,Homo sapiens,FALSE,P06744_S175s,17.47,TRUE,TEALKPYsSGGPRVW,0,P06744_S175s,0.24,0.35,0.22,0.17,0.19,0.21,0.16,0.05,0.15,0.35,0.28,0.22,0.52,0.7,0.86,0.58,0.69,0.73,0.81,0.01,0.74,4,1.41,1.99,1.46,0.94,1.08,1.23
P54296_S613s,P54296,MYOM2,9172,P54296,Homo sapiens,FALSE,P54296_S613s,43.41,TRUE,QDVTVVPsAPGRVLA,0,P54296_S613s,-0.04,-0.01,-0.05,-0.11,-0.14,-0.01,0.67,0.96,0.57,0.25,0.15,0.89,0.9,1,0.97,0.48,0.55,0.98,0.81,0.06,0.74,27,-0.43,-0.05,-0.57,-1.16,-1.44,-0.14
Q7KZI7_T467t,Q7KZI7,MARK2,2011,"Q7KZI7,Q7KZI7-11,Q7KZI7-12,Q7KZI7-3,Q7KZI7-6,Q7KZI7-8",Homo sapiens,FALSE,Q7KZI7_T467t,20.98,TRUE,GLERKKTtPTPSTNS,0,Q7KZI7_T467t,-0.08,-0.02,0.05,-0.43,-0.11,-0.05,0.41,0.87,0.62,0,0.3,0.6,0.77,0.99,0.97,0,0.71,0.91,0.81,0.11,0.74,54,-0.83,-0.16,0.49,-4.32,-1.05,-0.52
Q5VTT5_S790s,Q5VTT5,MYOM3,127294,Q5VTT5,Homo sapiens,FALSE,Q5VTT5_S790s,17.98,TRUE,GELSAPSsLFECKEW,0,Q5VTT5_S790s,-0.13,-0.06,-0.1,-0.17,-0.1,-0.07,0.21,0.59,0.32,0.1,0.39,0.46,0.6,0.97,0.92,0.27,0.78,0.87,0.81,0.07,0.74,34,-1.24,-0.54,-1,-1.63,-0.85,-0.74
Q15477_S256s,Q15477,SKIV2L,6499,Q15477,Homo sapiens,FALSE,Q15477_S256s,44.44,TRUE,APLARASsLEDLVLK,0,Q15477_S256s,-0.03,0,-0.02,-0.08,-0.07,-0.04,0.61,1,0.76,0.26,0.35,0.49,0.87,1,0.98,0.49,0.75,0.88,0.81,0.02,0.74,10,-0.51,0,-0.3,-1.13,-0.94,-0.7
Q8WZ42-12_S15142s,Q8WZ42-12,TTN,7273,Q8WZ42-12,Homo sapiens,FALSE,Q8WZ42-12_S15142s,46.21,TRUE,EKAEFVCsISKESFP,0,Q8WZ42-12_S15142s,-0.01,-0.01,-0.02,-0.04,-0.03,-0.03,0.89,0.91,0.82,0.57,0.67,0.68,0.97,1,0.99,0.76,0.91,0.93,0.81,0.04,0.74,17,-0.14,-0.11,-0.23,-0.57,-0.42,-0.41
Q8WZ42-12_T27135t,Q8WZ42-12,TTN,7273,Q8WZ42-12,Homo sapiens,FALSE,Q8WZ42-12_T27135t,26.98,TRUE,QDTKFKTtGLDEGLE,0,Q8WZ42-12_T27135t,-0.01,0.13,0.02,-0.08,0.02,0,0.85,0.03,0.65,0.14,0.76,0.99,0.96,0.67,0.97,0.33,0.94,1,0.81,0.06,0.74,27,-0.18,2.13,0.45,-1.47,0.3,0.01
Q9UKS6_S354s,Q9UKS6,PACSIN3,29763,Q9UKS6,Homo sapiens,FALSE,Q9UKS6_S354s,117,TRUE,TGQDEEWsDEESPRK,0,Q9UKS6_S354s,-0.02,-0.03,0.02,-0.3,-0.24,0.03,0.75,0.67,0.73,0,0,0.71,0.93,0.97,0.98,0,0.03,0.94,0.81,0.08,0.74,37,-0.31,-0.43,0.34,-4.16,-3.16,0.37
P20929-2_S2670s,P20929-2,NEB,4703,P20929-2,Homo sapiens,FALSE,P20929-2_S2670s,33.18,TRUE,KGIGWMTsGSLEDEK,0,P20929-2_S2670s,0.14,0.23,0.13,-0.06,0.03,0.03,0.21,0.03,0.18,0.62,0.75,0.77,0.59,0.67,0.88,0.79,0.94,0.95,0.81,0.03,0.74,14,1.27,2.14,1.35,-0.5,0.31,0.3
Q9HC78_T305t,Q9HC78,ZBTB20,26137,"Q9HC78,Q9HC78-2",Homo sapiens,FALSE,Q9HC78_T305t,26.98,TRUE,MERYLSTtPETTHCR,0,Q9HC78_T305t,-0.08,-0.08,-0.06,-0.16,-0.17,-0.04,0.31,0.34,0.39,0.03,0.04,0.58,0.69,0.91,0.94,0.1,0.3,0.91,0.81,0.06,0.74,29,-1.02,-0.94,-0.85,-2.23,-2.07,-0.56
Q8WZ42-12_S26392s,Q8WZ42-12,TTN,7273,Q8WZ42-12,Homo sapiens,FALSE,Q8WZ42-12_S26392s,107.24,TRUE,VLPGPPKsLEVTNIA,0,Q8WZ42-12_S26392s,-0.01,0.01,-0.03,-0.09,-0.12,-0.03,0.9,0.91,0.67,0.15,0.09,0.57,0.97,1,0.97,0.35,0.45,0.9,0.81,0.06,0.74,31,-0.13,0.12,-0.43,-1.45,-1.69,-0.57
Q8WZ42-12_S28894s,Q8WZ42-12,TTN,7273,Q8WZ42-12,Homo sapiens,FALSE,Q8WZ42-12_S28894s,45.54,TRUE,ASKKAWVsVTNNCNR,0,Q8WZ42-12_S28894s,-0.05,0.01,0,-0.11,-0.07,0.01,0.44,0.9,0.96,0.12,0.36,0.94,0.8,1,1,0.31,0.76,0.99,0.81,0.04,0.74,17,-0.77,0.12,0.05,-1.54,-0.92,0.08
Q6P5Q4_S412sS416sT420t,Q6P5Q4,LMOD2,442721,Q6P5Q4,Homo sapiens,FALSE,Q6P5Q4_S412sS416sT420t,215.2,TRUE,KKVQTVRsRPLSPVA|TVRSRPLsPVATPPP|RPLSPVAtPPPPPPP,0,Q6P5Q4_S412sS416sT420t,-0.08,0.04,-0.02,-0.27,-0.02,-0.07,0.37,0.68,0.86,0,0.82,0.45,0.74,0.97,0.99,0.02,0.95,0.86,0.81,0.12,0.74,59,-0.91,0.41,-0.17,-2.86,-0.23,-0.75
P17540_Y393y,P17540,CKMT2,1160,P17540,Homo sapiens,FALSE,P17540_Y393y,292.25,TRUE,IVIDGVNyLVDCEKK,0,P17540_Y393y,0.23,0.13,0.25,-0.32,-0.08,0.1,0.28,0.55,0.24,0.11,0.72,0.63,0.66,0.96,0.9,0.28,0.93,0.92,0.81,0.08,0.74,38,1.09,0.6,1.17,-1.62,-0.36,0.49
Q15149_S4386s,Q15149,PLEC,5339,Q15149,Homo sapiens,FALSE,Q15149_S4386s,50.46,TRUE,GFRSRSSsVGSSSSY,0,Q15149_S4386s,-0.41,-0.1,-0.11,-0.77,-0.33,-0.18,0,0.3,0.17,0,0,0.02,0,0.9,0.88,0,0.01,0.37,0.81,0.11,0.74,52,-4.67,-1.03,-1.37,-8.47,-3.5,-2.26
D6RIA3_S610s,D6RIA3,C4orf54,285556,D6RIA3,Homo sapiens,FALSE,D6RIA3_S610s,23.98,TRUE,VDYSSGAsSAVSELD,0,D6RIA3_S610s,-0.08,0,-0.04,-0.35,-0.46,-0.13,0.67,0.99,0.83,0.06,0.07,0.46,0.89,1,0.99,0.2,0.4,0.86,0.81,0.06,0.74,27,-0.43,-0.01,-0.21,-1.86,-1.82,-0.74
Q96JP5_S85s,Q96JP5,ZFP91,80829,"Q96JP5,Q96JP5-2",Homo sapiens,FALSE,Q96JP5_S85s,22.23,TRUE,RRRRSSPsARPPDVP,0,Q96JP5_S85s,-0.25,-0.05,0,-0.7,-0.11,0.04,0.09,0.72,0.99,0,0.38,0.7,0.4,0.98,1,0,0.77,0.93,0.81,0.17,0.74,82,-1.68,-0.36,-0.01,-5.67,-0.88,0.38
Q9UKE5-4_S548s,Q9UKE5-4,TNIK,23043,"Q9UKE5,Q9UKE5-2,Q9UKE5-4,Q9UKE5-6",Homo sapiens,FALSE,Q9UKE5-4_S548s,20.97,TRUE,SRLNRQSsPAMPHKV,0,Q9UKE5-4_S548s,-0.29,-0.07,-0.21,-0.92,-0.04,-0.06,0.07,0.69,0.18,0,0.82,0.67,0.35,0.97,0.88,0,0.95,0.93,0.81,0.18,0.74,90,-1.8,-0.4,-1.34,-5.73,-0.23,-0.42
Q16821_S46sS48sS49s,Q16821,PPP1R3A,5506,Q16821,Homo sapiens,FALSE,Q16821_S46sS48sS49s,117.02,TRUE,PQPSRRGsDSSEDIY|PSRRGSDsSEDIYLD|SRRGSDSsEDIYLDT,0,Q16821_S46sS48sS49s,0.08,0,0.01,-0.19,0.01,0.03,0.47,0.97,0.96,0.09,0.95,0.79,0.81,1,1,0.26,0.99,0.96,0.81,0.15,0.74,72,0.73,-0.04,0.05,-1.67,0.07,0.26
Q7Z460-4_S663sS665s,Q7Z460-4,CLASP1,23332,Q7Z460-4,Homo sapiens,FALSE,Q7Z460-4_S663sS665s,34.31,TRUE,IRTRRQSsGSATNVA|TRRQSSGsATNVAST,0,Q7Z460-4_S663sS665s,-0.1,0.11,0.02,-0.42,0.06,0.01,0.36,0.34,0.82,0,0.62,0.9,0.73,0.91,0.99,0,0.89,0.98,0.81,0.17,0.74,83,-0.92,0.96,0.23,-4,0.49,0.13
Q92625_S628s,Q92625,ANKS1A,23294,Q92625,Homo sapiens,FALSE,Q92625_S628s,24.74,TRUE,RSLSKSDsDLLTCSP,0,Q92625_S628s,-0.18,-0.13,-0.01,-0.74,-0.29,-0.07,0.08,0.23,0.96,0,0.01,0.53,0.37,0.88,1,0,0.15,0.89,0.81,0.12,0.74,60,-1.75,-1.19,-0.05,-5.84,-2.52,-0.62
P40925-3_S159s,P40925-3,MDH1,4190,P40925-3,Homo sapiens,FALSE,P40925-3_S159s,31.63,TRUE,NTNCLTAsKSAPSIP,0,P40925-3_S159s,0.16,0.05,-0.1,-0.34,-0.25,-0.15,0.22,0.73,0.44,0,0.05,0.2,0.6,0.98,0.95,0.02,0.34,0.71,0.81,0.05,0.74,22,1.23,0.34,-0.77,-2.88,-1.95,-1.29
Q7L8J4_T13t,Q7L8J4,SH3BP5L,80851,Q7L8J4,Homo sapiens,FALSE,Q7L8J4_T13t,1000,TRUE,QVPGGREtPQGELRP,0,Q7L8J4_T13t,-0.31,-0.04,-0.02,-0.65,-0.41,-0.18,0.01,0.76,0.83,0,0,0.1,0.08,0.98,0.99,0,0.03,0.58,0.81,0.06,0.74,31,-2.66,-0.31,-0.21,-5.55,-3.23,-1.64
P50461_T84tS95s,P50461,CSRP3,8048,P50461,Homo sapiens,FALSE,P50461_T84tS95s,58.82,TRUE,AGCLSTDtGEHLGLQ|LGLQFQQsPKPARSV,0,P50461_T84tS95s,-0.31,0.13,-0.14,-0.98,0.03,-0.13,0.05,0.44,0.34,0,0.88,0.37,0.28,0.93,0.93,0,0.97,0.83,0.81,0.13,0.74,64,-1.96,0.77,-0.96,-6.03,0.16,-0.9
Q9NZU5_Y320y,Q9NZU5,LMCD1,29995,Q9NZU5,Homo sapiens,FALSE,Q9NZU5_Y320y,490.16,TRUE,EIIFAEDyQRVEDLA,0,Q9NZU5_Y320y,-0.1,0.14,0.09,-0.28,-0.05,0.02,0.31,0.2,0.35,0,0.61,0.83,0.69,0.86,0.93,0.02,0.89,0.97,0.81,0.07,0.74,34,-1.02,1.29,0.93,-2.95,-0.52,0.21
Q8WZ42-12_Y24203y,Q8WZ42-12,TTN,7273,Q8WZ42-12,Homo sapiens,FALSE,Q8WZ42-12_Y24203y,112.72,TRUE,RVMAVNKyGVGEPLE,0,Q8WZ42-12_Y24203y,0,0.11,0.07,-0.07,-0.03,0.03,0.95,0.22,0.38,0.35,0.71,0.68,0.99,0.87,0.94,0.59,0.93,0.93,0.81,0.05,0.74,23,-0.06,1.24,0.88,-0.93,-0.37,0.41
Q8TB03_T314t,Q8TB03,CXorf38,159013,"Q8TB03,Q8TB03-2",Homo sapiens,FALSE,Q8TB03_T314t,103.44,TRUE,SQEPGRQtPDRKA--,0,Q8TB03_T314t,-0.26,-0.14,-0.05,-0.68,-0.25,-0.01,0.02,0.23,0.63,0,0.03,0.92,0.16,0.88,0.97,0,0.26,0.99,0.81,0.13,0.74,66,-2.31,-1.2,-0.49,-6.11,-2.18,-0.09
Q8NDI1_T694t,Q8NDI1,EHBP1,23301,"Q8NDI1,Q8NDI1-2,Q8NDI1-3",Homo sapiens,FALSE,Q8NDI1_T694t,129.21,TRUE,KRLLKAEtLELSDLY,0,Q8NDI1_T694t,0.15,0.25,0.15,-0.01,0.23,0.17,0.18,0.07,0.17,0.91,0.06,0.11,0.56,0.73,0.88,0.96,0.37,0.6,0.81,0.15,0.74,74,1.34,1.82,1.36,-0.11,1.89,1.6
Q9BT78_S98s,Q9BT78,COPS4,51138,"Q9BT78,Q9BT78-2",Homo sapiens,FALSE,Q9BT78_S98s,167.12,TRUE,KIQPRVIsFEEQVAS,0,Q9BT78_S98s,0.02,0.11,0.1,-0.11,0.01,0.12,0.87,0.35,0.26,0.23,0.93,0.17,0.96,0.91,0.9,0.45,0.98,0.68,0.81,0.1,0.74,49,0.16,0.93,1.13,-1.21,0.09,1.39
Q8WWI1_T753t,Q8WWI1,LMO7,4008,Q8WWI1,Homo sapiens,FALSE,Q8WWI1_T753t,35.35,TRUE,KDRRKSYtSDLQKKK,0,Q8WWI1_T753t,-0.09,-0.04,-0.08,-0.33,-0.1,-0.15,0.59,0.78,0.57,0.02,0.52,0.24,0.87,0.98,0.97,0.09,0.85,0.74,0.81,0.11,0.74,52,-0.54,-0.28,-0.56,-2.27,-0.64,-1.18
Q96EV2_S741s,Q96EV2,RBM33,155435,Q96EV2,Homo sapiens,FALSE,Q96EV2_S741s,22.23,TRUE,VKPIVSAsPPSRAVA,0,Q96EV2_S741s,-0.12,-0.07,-0.06,-0.2,-0.15,-0.09,0.27,0.57,0.61,0.07,0.19,0.39,0.66,0.96,0.97,0.2,0.6,0.83,0.81,0.06,0.74,27,-1.1,-0.57,-0.51,-1.84,-1.3,-0.85
O43516_S340s,O43516,WIPF1,7456,"O43516,O43516-2,O43516-3",Homo sapiens,FALSE,O43516_S340s,52.22,TRUE,RLPQRNLsLSSSTPP,0,O43516_S340s,-0.06,0.11,-0.04,-0.1,-0.07,0.06,0.54,0.32,0.7,0.32,0.53,0.51,0.84,0.91,0.98,0.55,0.85,0.88,0.81,0.01,0.74,5,-0.61,0.99,-0.38,-0.99,-0.63,0.66
Q8WZ42-12_S21245s,Q8WZ42-12,TTN,7273,Q8WZ42-12,Homo sapiens,FALSE,Q8WZ42-12_S21245s,35.35,TRUE,RDDSGKYsLTLVNPA,0,Q8WZ42-12_S21245s,0.03,0.27,-0.04,-0.15,-0.01,-0.05,0.73,0.01,0.65,0.12,0.92,0.57,0.92,0.56,0.97,0.3,0.98,0.9,0.8,0.03,0.74,16,0.34,2.51,-0.45,-1.57,-0.1,-0.57
Q9NZZ3_S86s,Q9NZZ3,CHMP5,51510,"Q9NZZ3,Q9NZZ3-2",Homo sapiens,FALSE,Q9NZZ3_S86s,195.27,TRUE,RDNLAQQsFNMEQAN,0,Q9NZZ3_S86s,0.01,0.12,0.13,-0.21,0.05,0.12,0.95,0.25,0.16,0.03,0.6,0.16,0.99,0.88,0.87,0.1,0.88,0.66,0.8,0.16,0.74,81,0.07,1.16,1.41,-2.24,0.53,1.42
Q69YQ0_S220s,Q69YQ0,SPECC1L,23384,"Q69YQ0,Q69YQ0-2",Homo sapiens,FALSE,Q69YQ0_S220s,1000,TRUE,LGINEDHsEGDEKSE,0,Q69YQ0_S220s,0.03,-0.02,0.01,-0.2,-0.04,-0.03,0.62,0.82,0.87,0,0.58,0.6,0.88,0.99,0.99,0.02,0.88,0.91,0.8,0.14,0.74,70,0.49,-0.22,0.16,-2.86,-0.55,-0.53
Q8WZ42-12_S1542s,Q8WZ42-12,TTN,7273,Q8WZ42-12,Homo sapiens,FALSE,Q8WZ42-12_S1542s,34.79,TRUE,RAGRSSIsVILTVEA,0,Q8WZ42-12_S1542s,-0.03,0.13,0.03,-0.07,0.03,0.07,0.7,0.07,0.69,0.31,0.7,0.26,0.91,0.73,0.98,0.54,0.92,0.76,0.8,0.04,0.74,19,-0.38,1.83,0.39,-1.02,0.38,1.13
Q8WZ42-12_S19207s,Q8WZ42-12,TTN,7273,Q8WZ42-12,Homo sapiens,FALSE,Q8WZ42-12_S19207s,80.97,TRUE,SCKLTWFsPEDDGGS,0,Q8WZ42-12_S19207s,-0.02,0.26,0.11,-0.15,0.12,0.18,0.87,0.03,0.27,0.13,0.29,0.07,0.96,0.64,0.9,0.33,0.7,0.52,0.8,0.09,0.74,45,-0.16,2.22,1.1,-1.5,1.06,1.82
Q01804_S1080s,Q01804,OTUD4,54726,"Q01804,Q01804-3,Q01804-5",Homo sapiens,FALSE,Q01804_S1080s,86.86,TRUE,WKGQPSRsRDEGYQY,0,Q01804_S1080s,0.06,0.3,0.1,-0.17,0.16,0.04,0.69,0.08,0.51,0.25,0.32,0.8,0.9,0.76,0.96,0.48,0.73,0.96,0.8,0.11,0.74,54,0.4,1.74,0.65,-1.15,0.99,0.26
Q9UKV3_S216s,Q9UKV3,ACIN1,22985,Q9UKV3,Homo sapiens,FALSE,Q9UKV3_S216s,1000,TRUE,ISEEKGDsDDEKPRK,0,Q9UKV3_S216s,0.05,0.03,-0.03,-0.1,0.03,-0.01,0.45,0.64,0.56,0.11,0.7,0.86,0.8,0.97,0.97,0.28,0.92,0.97,0.8,0.12,0.74,58,0.75,0.47,-0.58,-1.62,0.38,-0.18
Q9ULE0_S442s,Q9ULE0,WWC3,55841,Q9ULE0,Homo sapiens,FALSE,Q9ULE0_S442s,108.24,TRUE,GFHKQRRsLDTPQSL,0,Q9ULE0_S442s,-0.05,0.02,-0.23,-0.24,-0.07,-0.11,0.74,0.9,0.11,0.06,0.63,0.39,0.92,1,0.84,0.19,0.9,0.83,0.8,0.09,0.74,42,-0.33,0.12,-1.59,-1.87,-0.48,-0.86
Q8WZ42-12_S21999s,Q8WZ42-12,TTN,7273,Q8WZ42-12,Homo sapiens,FALSE,Q8WZ42-12_S21999s,20.46,TRUE,IVDKRETsRPNWAQV,0,Q8WZ42-12_S21999s,0.03,0.05,0.06,-0.14,-0.1,-0.02,0.73,0.55,0.44,0.06,0.21,0.81,0.92,0.96,0.95,0.2,0.63,0.97,0.8,0.04,0.74,21,0.34,0.6,0.76,-1.85,-1.25,-0.24
Q8WZ42-12_S8788s,Q8WZ42-12,TTN,7273,Q8WZ42-12,Homo sapiens,FALSE,Q8WZ42-12_S8788s,40,TRUE,DNIWISYsENIATLQ,0,Q8WZ42-12_S8788s,-0.02,0.14,-0.13,-0.19,0.02,-0.03,0.88,0.34,0.29,0.15,0.9,0.79,0.97,0.91,0.91,0.35,0.98,0.96,0.8,0.06,0.74,30,-0.15,0.95,-1.06,-1.45,0.12,-0.27
Q8TCA0_S36s,Q8TCA0,LRRC20,55222,Q8TCA0,Homo sapiens,FALSE,Q8TCA0_S36s,128.03,TRUE,LAECKLVsFPIGIYK,0,Q8TCA0_S36s,-0.04,0.16,0.03,-0.1,-0.02,0,0.74,0.26,0.79,0.36,0.85,0.99,0.92,0.89,0.99,0.6,0.96,1,0.8,0.03,0.74,13,-0.33,1.13,0.26,-0.91,-0.19,0.01
O43719_S676s,O43719,HTATSF1,27336,O43719,Homo sapiens,FALSE,O43719_S676s,1000,TRUE,DEKLFEEsDDKEDED,0,O43719_S676s,0.02,0.02,-0.02,-0.18,-0.05,-0.09,0.78,0.84,0.82,0.01,0.53,0.2,0.94,0.99,0.99,0.04,0.85,0.71,0.8,0.1,0.74,48,0.27,0.2,-0.23,-2.69,-0.63,-1.29
Q9NP98_S121sS129s,Q9NP98,MYOZ1,58529,Q9NP98,Homo sapiens,FALSE,Q9NP98_S121sS129s,32.7,TRUE,GGSQAGGsGSAGQYG|GSAGQYGsDQQHHLG,0,Q9NP98_S121sS129s,0.05,0.4,0.25,-0.11,0.07,0.15,0.77,0.08,0.17,0.52,0.75,0.36,0.93,0.76,0.88,0.73,0.93,0.83,0.8,0.06,0.74,29,0.29,1.74,1.39,-0.64,0.32,0.91
Q15056-2_S210s,Q15056-2,EIF4H,7458,Q15056-2,Homo sapiens,FALSE,Q15056-2_S210s,128.62,TRUE,NQVANPNsAIFGGAR,0,Q15056-2_S210s,0.11,0.15,0.14,-0.1,0.13,0.1,0.43,0.34,0.27,0.44,0.38,0.42,0.79,0.91,0.9,0.66,0.77,0.85,0.8,0.2,0.74,98,0.79,0.96,1.1,-0.78,0.89,0.8
Q15772_S549s,Q15772,SPEG,10290,Q15772,Homo sapiens,FALSE,Q15772_S549s,270.19,TRUE,PKTSRAVsPAAAQPP,0,Q15772_S549s,-0.18,-0.02,0.02,-0.75,-0.66,-0.18,0.04,0.83,0.77,0,0,0.02,0.24,0.99,0.99,0,0,0.36,0.8,0.06,0.74,30,-2.06,-0.22,0.29,-8.36,-6.94,-2.29
Q8WZ42-12_S4803s,Q8WZ42-12,TTN,7273,Q8WZ42-12,Homo sapiens,FALSE,Q8WZ42-12_S4803s,65.93,TRUE,TFLSRPKsLTTFVGK,0,Q8WZ42-12_S4803s,0.07,0.12,0.09,-0.01,0,0.05,0.28,0.1,0.15,0.84,1,0.43,0.66,0.79,0.86,0.93,1,0.86,0.8,0.04,0.74,18,1.09,1.62,1.46,-0.2,0,0.79
Q8WZ42-12_S5867s,Q8WZ42-12,TTN,7273,Q8WZ42-12,Homo sapiens,FALSE,Q8WZ42-12_S5867s,118.81,TRUE,GQELTLGsKYKISVT,0,Q8WZ42-12_S5867s,-0.07,0,-0.03,-0.09,-0.06,-0.03,0.26,0.98,0.61,0.13,0.35,0.57,0.65,1,0.97,0.32,0.75,0.9,0.8,0.06,0.74,27,-1.12,-0.03,-0.51,-1.52,-0.93,-0.57
O00757_Y216y,O00757,FBP2,8789,O00757,Homo sapiens,FALSE,O00757_Y216y,239.79,TRUE,IYSLNEGyAKYFDAA,0,O00757_Y216y,0.11,0.11,0.12,-0.02,0.01,0.13,0.17,0.23,0.13,0.82,0.88,0.09,0.55,0.88,0.86,0.92,0.97,0.57,0.8,0.07,0.74,34,1.36,1.21,1.52,-0.23,0.15,1.68
Q8IYB3_T872t,Q8IYB3,SRRM1,10250,Q8IYB3,Homo sapiens,FALSE,Q8IYB3_T872t,47.28,TRUE,APEPKKEtESEAEDN,0,Q8IYB3_T872t,-0.1,-0.14,-0.11,-0.29,-0.19,-0.17,0.32,0.21,0.29,0.01,0.07,0.09,0.71,0.87,0.91,0.03,0.41,0.57,0.8,0.09,0.74,42,-0.98,-1.25,-1.06,-2.8,-1.78,-1.7
O75746_Y278y,O75746,SLC25A12,8604,O75746,Homo sapiens,FALSE,O75746_Y278y,63.01,TRUE,LYQLADLyNASGRLT,0,O75746_Y278y,0,0.12,0.04,-0.08,0.08,0.1,0.97,0.25,0.69,0.45,0.44,0.31,0.99,0.88,0.98,0.68,0.81,0.8,0.8,0.08,0.74,38,0.03,1.15,0.4,-0.75,0.77,1.01
Q9Y4J8-17_S668s,Q9Y4J8-17,DTNA,1837,Q9Y4J8-17,Homo sapiens,FALSE,Q9Y4J8-17_S668s,52.22,TRUE,ELNSEVGsETESNVD,0,Q9Y4J8-17_S668s,-0.03,0.15,0.05,-0.29,0.04,-0.06,0.68,0.06,0.49,0,0.63,0.38,0.9,0.71,0.96,0,0.89,0.83,0.8,0.12,0.74,57,-0.41,1.9,0.69,-4.3,0.49,-0.88
P60520_S10s,P60520,GABARAPL2,11345,P60520,Homo sapiens,FALSE,P60520_S10s,1000,TRUE,WMFKEDHsLEHRCVE,0,P60520_S10s,-0.23,-0.01,-0.35,-0.5,-0.19,-0.3,0.14,0.96,0.01,0,0.21,0.02,0.5,1,0.57,0,0.63,0.35,0.8,0.08,0.74,38,-1.47,-0.06,-2.71,-3.84,-1.25,-2.34
P20020-1_S1129s,P20020-1,ATP2B1,490,P20020-1,Homo sapiens,FALSE,P20020-1_S1129s,17.98,TRUE,NAFQSGSsIQGALRR,0,P20020-1_S1129s,-0.09,0.13,-0.19,-0.26,-0.12,-0.14,0.35,0.24,0.06,0.01,0.27,0.15,0.73,0.88,0.8,0.05,0.69,0.66,0.8,0.04,0.74,19,-0.94,1.17,-1.9,-2.54,-1.1,-1.44
P47755_T217t,P47755,CAPZA2,830,P47755,Homo sapiens,FALSE,P47755_T217t,31.56,TRUE,KDIQDSLtVSNEVQT,0,P47755_T217t,-0.07,0.01,-0.03,-0.1,-0.11,-0.01,0.4,0.9,0.72,0.24,0.31,0.88,0.77,1,0.98,0.47,0.71,0.98,0.8,0.04,0.74,21,-0.84,0.13,-0.35,-1.17,-1.03,-0.16
P48730_S331s,P48730,CSNK1D,1453,P48730,Homo sapiens,FALSE,P48730_S331s,39.2,TRUE,RGLPSTAsGRLRGTQ,0,P48730_S331s,-0.39,-0.33,-0.3,-0.92,-0.25,-0.11,0.2,0.26,0.22,0,0.36,0.66,0.58,0.89,0.9,0.01,0.76,0.92,0.8,0.18,0.74,87,-1.29,-1.12,-1.24,-3.24,-0.92,-0.44
Q8WZ42-12_S8920s,Q8WZ42-12,TTN,7273,Q8WZ42-12,Homo sapiens,FALSE,Q8WZ42-12_S8920s,97.62,TRUE,CTASLQVsDRTVPPS,0,Q8WZ42-12_S8920s,0.03,0.15,0.04,-0.09,0.07,0.01,0.71,0.06,0.58,0.26,0.37,0.87,0.91,0.72,0.97,0.49,0.76,0.98,0.8,0.09,0.74,45,0.37,1.86,0.55,-1.12,0.91,0.16
P54296_S553s,P54296,MYOM2,9172,P54296,Homo sapiens,FALSE,P54296_S553s,42.69,TRUE,IEKSVVGsGSWQRVN,0,P54296_S553s,-0.08,-0.05,-0.05,-0.19,-0.2,-0.09,0.17,0.46,0.34,0,0,0.09,0.54,0.94,0.93,0.01,0.03,0.57,0.8,0.06,0.74,29,-1.38,-0.74,-0.95,-3.29,-3.24,-1.68
Q15149_S4613sS4616s,Q15149,PLEC,5339,Q15149,Homo sapiens,FALSE,Q15149_S4613sS4616s,46.02,TRUE,QSTKGYYsPYSVSGS|KGYYSPYsVSGSGST,0,Q15149_S4613sS4616s,-0.02,0.28,-0.16,-0.27,-0.31,-0.14,0.9,0.17,0.4,0.15,0.13,0.48,0.97,0.85,0.94,0.35,0.52,0.87,0.8,0.01,0.74,3,-0.12,1.37,-0.84,-1.45,-1.52,-0.71
Q8NE71_S140s,Q8NE71,ABCF1,23,Q8NE71,Homo sapiens,FALSE,Q8NE71_S140s,1000,TRUE,AALIQDQsEEEEEEE,0,Q8NE71_S140s,-0.08,0.02,-0.01,-0.2,-0.02,0.02,0.09,0.67,0.89,0,0.7,0.59,0.38,0.97,0.99,0,0.92,0.91,0.8,0.13,0.74,64,-1.72,0.43,-0.14,-3.97,-0.39,0.54
Q9UBL0_S364s,Q9UBL0,ARPP21,10777,Q9UBL0,Homo sapiens,FALSE,Q9UBL0_S364s,41.94,TRUE,DHQRAWSsTDSDSSN,0,Q9UBL0_S364s,-0.05,-0.12,-0.05,-0.41,-0.12,0.06,0.63,0.34,0.68,0,0.33,0.58,0.88,0.91,0.98,0,0.73,0.91,0.8,0.17,0.74,83,-0.49,-0.95,-0.41,-3.79,-0.98,0.55
Q15459_S329s,Q15459,SF3A1,10291,"Q15459,Q15459-2",Homo sapiens,FALSE,Q15459_S329s,179.72,TRUE,EVEMEVEsDEEDDKQ,0,Q15459_S329s,0.05,-0.04,-0.04,-0.2,-0.06,-0.06,0.47,0.64,0.56,0,0.41,0.39,0.81,0.97,0.97,0.02,0.79,0.83,0.8,0.1,0.74,47,0.72,-0.47,-0.59,-2.9,-0.83,-0.86
Q9NV70-2_S455s,Q9NV70-2,EXOC1,55763,Q9NV70-2,Homo sapiens,FALSE,Q9NV70-2_S455s,33.18,TRUE,SSGKLTGsTSSLNKL,0,Q9NV70-2_S455s,0.02,0.1,-0.06,-0.44,0.13,-0.01,0.89,0.43,0.63,0,0.3,0.95,0.97,0.93,0.97,0,0.71,0.99,0.8,0.16,0.74,77,0.14,0.8,-0.48,-3.42,1.04,-0.06
Q8WZ42-12_Y28710y,Q8WZ42-12,TTN,7273,Q8WZ42-12,Homo sapiens,FALSE,Q8WZ42-12_Y28710y,53.98,TRUE,QSLRGTEyTISGLTT,0,Q8WZ42-12_Y28710y,0,0.11,0.05,-0.09,-0.05,0,0.96,0.26,0.5,0.3,0.55,1,0.99,0.89,0.96,0.54,0.86,1,0.8,0.04,0.74,19,-0.04,1.13,0.68,-1.03,-0.6,-0.01
P06733_Y44y,P06733,ENO1,2023,P06733,Homo sapiens,FALSE,P06733_Y44y,76.06,TRUE,SGASTGIyEALELRD,0,P06733_Y44y,-0.01,0.05,-0.1,-0.09,-0.05,0.04,0.9,0.63,0.25,0.32,0.62,0.66,0.97,0.97,0.9,0.55,0.89,0.92,0.8,0.05,0.74,22,-0.13,0.48,-1.14,-1,-0.49,0.45
Q12906_S482s,Q12906,ILF3,3609,Q12906,Homo sapiens,FALSE,Q12906_S482s,131.54,TRUE,DSSKGEDsAEETEAK,0,Q12906_S482s,-0.07,0.05,-0.06,-0.09,-0.1,-0.01,0.37,0.55,0.4,0.2,0.21,0.94,0.74,0.96,0.94,0.43,0.62,0.99,0.8,0.01,0.74,2,-0.9,0.6,-0.84,-1.27,-1.26,-0.08
Q13439_S71s,Q13439,GOLGA4,2803,"Q13439,Q13439-3,Q13439-4",Homo sapiens,FALSE,Q13439_S71s,68.31,TRUE,KLQLRVPsVESLFRS,0,Q13439_S71s,0.35,0.27,0.24,-0.03,0.15,0.14,0,0.01,0.01,0.79,0.2,0.14,0.01,0.57,0.65,0.9,0.61,0.64,0.8,0.07,0.74,34,3.35,2.47,2.44,-0.27,1.28,1.49
Q8WZ42-12_S33865s,Q8WZ42-12,TTN,7273,Q8WZ42-12,Homo sapiens,FALSE,Q8WZ42-12_S33865s,1000,TRUE,VLVKKEIsILNIARH,0,Q8WZ42-12_S33865s,0.01,0.07,0,-0.08,-0.09,-0.03,0.87,0.21,0.93,0.12,0.12,0.5,0.96,0.87,0.99,0.3,0.51,0.88,0.8,0.03,0.74,13,0.17,1.25,0.08,-1.56,-1.55,-0.68
O14818_S30s,O14818,PSMA7,5688,O14818,Homo sapiens,FALSE,O14818_S30s,26.98,TRUE,QEAVKKGsTAVGVRG,0,O14818_S30s,-0.01,0.12,0.1,-0.15,0.03,0.16,0.9,0.16,0.2,0.06,0.71,0.04,0.97,0.84,0.89,0.18,0.93,0.44,0.8,0.11,0.74,55,-0.12,1.41,1.28,-1.91,0.37,2.08
Q6P3S6_T598t,Q6P3S6,FBXO42,54455,Q6P3S6,Homo sapiens,FALSE,Q6P3S6_T598t,17.48,TRUE,QSLSSGEtVPIPRPG,0,Q6P3S6_T598t,-0.15,0.11,-0.04,-0.39,-0.02,-0.09,0.25,0.45,0.75,0,0.89,0.44,0.63,0.93,0.98,0.02,0.97,0.86,0.8,0.11,0.74,55,-1.16,0.75,-0.32,-3.04,-0.13,-0.77
Q8N3V7_S232s,Q8N3V7,SYNPO,11346,Q8N3V7,Homo sapiens,FALSE,Q8N3V7_S232s,62.7,TRUE,PGPPRHPsPQSPDRG,0,Q8N3V7_S232s,-0.45,-0.31,-0.2,-1.21,-0.34,-0.25,0,0.04,0.14,0,0.02,0.05,0.02,0.69,0.86,0,0.18,0.47,0.8,0.19,0.74,92,-3.25,-2.05,-1.48,-8.37,-2.4,-1.96
Q8WWI1_S1510s,Q8WWI1,LMO7,4008,Q8WWI1,Homo sapiens,FALSE,Q8WWI1_S1510s,217.16,TRUE,GIMRRGEsLDNLDSP,0,Q8WWI1_S1510s,0.05,0.03,0.06,-0.19,-0.09,-0.03,0.45,0.64,0.32,0,0.21,0.56,0.8,0.97,0.92,0.02,0.63,0.9,0.8,0.06,0.74,31,0.76,0.47,1,-3,-1.25,-0.58
P23327_S602sY618y,P23327,HRC,3270,P23327,Homo sapiens,FALSE,P23327_S602sY618y,25.64,TRUE,EEAGGASsEEESGED|GPQDAQEyGNYQPGS,0,P23327_S602sY618y,-0.16,0.15,-0.26,-0.57,0,-0.21,0.48,0.51,0.21,0.01,1,0.29,0.82,0.95,0.89,0.03,1,0.78,0.8,0.1,0.74,50,-0.71,0.65,-1.26,-2.78,0,-1.05
Q14766_S1616s,Q14766,LTBP1,4052,"Q14766,Q14766-4",Homo sapiens,FALSE,Q14766_S1616s,1000,TRUE,IQDRFLNsFEELQAE,0,Q14766_S1616s,-0.15,0.07,-0.02,-0.23,-0.11,0.01,0.15,0.59,0.85,0.03,0.36,0.89,0.51,0.97,0.99,0.1,0.76,0.98,0.8,0.07,0.74,32,-1.43,0.53,-0.19,-2.22,-0.91,0.14
Q00536_S138s,Q00536,CDK16,5127,"Q00536,Q00536-2,Q00536-3",Homo sapiens,FALSE,Q00536_S138s,103.75,TRUE,LEKLTLNsPIFDKPL,0,Q00536_S138s,-0.05,0.05,-0.03,-0.33,0,-0.1,0.53,0.64,0.71,0,0.97,0.24,0.84,0.97,0.98,0,0.99,0.74,0.8,0.14,0.74,69,-0.62,0.47,-0.37,-3.82,0.03,-1.18
Q6P3S1_Y602y,Q6P3S1,DENND1B,163486,Q6P3S1,Homo sapiens,FALSE,Q6P3S1_Y602y,22.59,TRUE,RSMDDIDyKPTNKSN,0,Q6P3S1_Y602y,0,0.2,-0.13,-0.35,0.11,-0.03,1,0.21,0.35,0.03,0.48,0.82,1,0.87,0.93,0.12,0.83,0.97,0.8,0.09,0.74,43,0,1.25,-0.94,-2.14,0.71,-0.22
Q9NS86_Y295y,Q9NS86,LANCL2,55915,Q9NS86,Homo sapiens,FALSE,Q9NS86_Y295y,52.77,TRUE,MVKPSIDyVRHKKFR,0,Q9NS86_Y295y,-0.04,0.03,-0.02,-0.13,-0.05,-0.07,0.4,0.56,0.73,0.01,0.33,0.14,0.77,0.96,0.98,0.05,0.73,0.65,0.8,0.06,0.74,28,-0.84,0.59,-0.34,-2.59,-0.97,-1.46
Q8WZ42-12_S30046s,Q8WZ42-12,TTN,7273,Q8WZ42-12,Homo sapiens,FALSE,Q8WZ42-12_S30046s,28.75,TRUE,MKDSTKTsVILSWTK,0,Q8WZ42-12_S30046s,-0.04,0.07,-0.06,-0.13,0,-0.04,0.66,0.46,0.52,0.15,0.98,0.64,0.89,0.94,0.96,0.35,0.99,0.92,0.8,0.07,0.74,34,-0.44,0.74,-0.65,-1.43,0.03,-0.46
Q8N3L3_S470sS474s,Q8N3L3,TXLNB,167838,Q8N3L3,Homo sapiens,FALSE,Q8N3L3_S470sS474s,66.87,TRUE,ISEKDDQsQHNSDEE|DDQSQHNsDEEPESN,0,Q8N3L3_S470sS474s,-0.49,0.09,-0.16,-0.65,-0.35,-0.06,0.02,0.71,0.42,0,0.14,0.76,0.17,0.97,0.94,0.01,0.53,0.95,0.8,0.06,0.74,30,-2.29,0.37,-0.8,-3.22,-1.49,-0.31
Q9Y6M4_S344s,Q9Y6M4,CSNK1G3,1456,"Q9Y6M4,Q9Y6M4-2",Homo sapiens,FALSE,Q9Y6M4_S344s,40.2,TRUE,VQQDPALsSNREAHQ,0,Q9Y6M4_S344s,0.06,0.06,0.02,-0.11,0.02,-0.03,0.61,0.66,0.87,0.38,0.88,0.82,0.88,0.97,0.99,0.61,0.97,0.97,0.8,0.11,0.74,53,0.5,0.44,0.17,-0.88,0.15,-0.23
Q9UPQ0-4_S297s,Q9UPQ0-4,LIMCH1,22998,Q9UPQ0-4,Homo sapiens,FALSE,Q9UPQ0-4_S297s,46.21,TRUE,EREEYRKsWSTATSP,0,Q9UPQ0-4_S297s,-0.19,-0.05,-0.14,-0.6,-0.02,-0.04,0.16,0.72,0.26,0,0.91,0.74,0.52,0.98,0.9,0,0.98,0.95,0.8,0.19,0.74,93,-1.41,-0.36,-1.12,-4.52,-0.11,-0.34
Q5U651_S326s,Q5U651,RASIP1,54922,Q5U651,Homo sapiens,FALSE,Q5U651_S326s,52.22,TRUE,ENLSLRRsVSELSLQ,0,Q5U651_S326s,0.03,0.09,-0.05,-0.04,-0.05,0.06,0.81,0.57,0.73,0.8,0.76,0.7,0.94,0.96,0.98,0.91,0.94,0.93,0.8,0.04,0.74,18,0.24,0.56,-0.34,-0.25,-0.3,0.39
Q9Y3S1_S1817sS1818s,Q9Y3S1,WNK2,65268,"Q9Y3S1,Q9Y3S1-2,Q9Y3S1-4",Homo sapiens,FALSE,Q9Y3S1_S1817sS1818s,110.78,TRUE,VYLDEAPsSPDVKLA|YLDEAPSsPDVKLAV,0,Q9Y3S1_S1817sS1818s,-0.1,-0.12,-0.17,-0.36,-0.16,-0.23,0.42,0.38,0.19,0.01,0.25,0.08,0.78,0.92,0.89,0.03,0.67,0.55,0.8,0.12,0.74,57,-0.8,-0.87,-1.31,-2.77,-1.14,-1.76
Q13554_S423s,Q13554,CAMK2B,816,Q13554,Homo sapiens,FALSE,Q13554_S423s,219.73,TRUE,LSSVRRGsGAPEAEG,0,Q13554_S423s,-0.1,-0.1,-0.06,-0.22,-0.11,-0.08,0.15,0.21,0.36,0,0.16,0.24,0.51,0.87,0.93,0.01,0.56,0.75,0.8,0.17,0.74,82,-1.45,-1.25,-0.91,-3.08,-1.42,-1.17
Q09666_S5749s,Q09666,AHNAK,79026,Q09666,Homo sapiens,FALSE,Q09666_S5749s,27.97,TRUE,DLKSSKAsLGSLEGE,0,Q09666_S5749s,0.2,0.16,0,-0.17,-0.21,0.01,0.34,0.4,0.98,0.41,0.28,0.93,0.72,0.92,1,0.64,0.7,0.99,0.8,0.07,0.74,33,0.95,0.85,0.03,-0.82,-1.07,0.09
Q8WZ42-12_Y24904y,Q8WZ42-12,TTN,7273,Q8WZ42-12,Homo sapiens,FALSE,Q8WZ42-12_Y24904y,146.52,TRUE,SEPTVAQyPFKVPGP,0,Q8WZ42-12_Y24904y,-0.08,0.08,0,-0.11,-0.08,0.04,0.36,0.4,0.97,0.16,0.39,0.61,0.74,0.93,1,0.36,0.78,0.91,0.8,0.04,0.74,17,-0.91,0.83,-0.04,-1.41,-0.86,0.51
Q6P5Q4_Y390yS392s,Q6P5Q4,LMOD2,442721,Q6P5Q4,Homo sapiens,FALSE,Q6P5Q4_Y390yS392s,108.69,TRUE,GTPSSSPyVSPRHSP|PSSSPYVsPRHSPWS,0,Q6P5Q4_Y390yS392s,-0.3,0.21,-0.02,-1.66,0.23,0.12,0.08,0.27,0.91,0,0.2,0.47,0.36,0.89,0.99,0,0.61,0.87,0.8,0.2,0.74,98,-1.77,1.1,-0.12,-9.15,1.29,0.73
Q8WZ42-12_S8838s,Q8WZ42-12,TTN,7273,Q8WZ42-12,Homo sapiens,FALSE,Q8WZ42-12_S8838s,61.62,TRUE,TIVEKPEsIKVTTGD,0,Q8WZ42-12_S8838s,-0.08,-0.1,-0.06,-0.18,-0.11,-0.07,0.18,0.17,0.36,0,0.11,0.26,0.56,0.85,0.93,0.02,0.48,0.76,0.8,0.15,0.74,73,-1.33,-1.37,-0.92,-2.9,-1.62,-1.13
Q9UQ35_S377sS398s,Q9UQ35,SRRM2,23524,Q9UQ35,Homo sapiens,FALSE,Q9UQ35_S377sS398s,71.15,TRUE,LAERHGGsPQPLATT|VNPPSEAsPTRDRSP,0,Q9UQ35_S377sS398s,0.02,0.06,-0.07,-0.18,0.06,0,0.83,0.6,0.53,0.12,0.58,0.99,0.95,0.97,0.96,0.3,0.87,1,0.8,0.14,0.74,69,0.21,0.52,-0.63,-1.56,0.55,0.01
Q8TEQ0_S344s,Q8TEQ0,SNX29,92017,"Q8TEQ0,Q8TEQ0-2",Homo sapiens,FALSE,Q8TEQ0_S344s,179.72,TRUE,YQKLDVKsIDDEDVD,0,Q8TEQ0_S344s,0.03,0.27,-0.03,-0.21,0.09,-0.03,0.79,0.04,0.79,0.09,0.47,0.74,0.94,0.69,0.99,0.25,0.82,0.95,0.8,0.07,0.74,33,0.27,2.05,-0.27,-1.71,0.73,-0.33
Q6P5Q4_T384t,Q6P5Q4,LMOD2,442721,Q6P5Q4,Homo sapiens,FALSE,Q6P5Q4_T384t,83.98,TRUE,TKVWQRGtPSSSPYV,0,Q6P5Q4_T384t,-0.4,0.09,-0.02,-1.31,0,0.08,0.01,0.55,0.91,0,0.99,0.56,0.07,0.96,0.99,0,1,0.9,0.8,0.15,0.74,76,-2.77,0.6,-0.11,-8.7,0.01,0.58
P11021_S86s,P11021,HSPA5,3309,P11021,Homo sapiens,FALSE,P11021_S86s,47.96,TRUE,AAKNQLTsNPENTVF,0,P11021_S86s,-0.09,0.05,-0.06,-0.16,-0.01,-0.03,0.22,0.5,0.37,0.02,0.87,0.7,0.6,0.95,0.93,0.09,0.97,0.94,0.8,0.09,0.74,42,-1.23,0.67,-0.91,-2.29,-0.17,-0.38
Q8WZ42-12_S24480s,Q8WZ42-12,TTN,7273,Q8WZ42-12,Homo sapiens,FALSE,Q8WZ42-12_S24480s,35.35,TRUE,ASIESTSsYTLLIVG,0,Q8WZ42-12_S24480s,-0.05,0.07,0.01,-0.1,-0.07,-0.02,0.47,0.37,0.94,0.17,0.36,0.8,0.81,0.92,0.99,0.38,0.76,0.96,0.8,0.03,0.74,16,-0.73,0.9,0.07,-1.37,-0.91,-0.25
Q8WXE9_S358s,Q8WXE9,STON2,85439,"Q8WXE9,Q8WXE9-3",Homo sapiens,FALSE,Q8WXE9_S358s,27.19,TRUE,TGKSQRDsLIVIYQD,0,Q8WXE9_S358s,0.01,0.07,0.08,-0.16,-0.13,0.01,0.91,0.55,0.51,0.19,0.27,0.91,0.98,0.96,0.96,0.41,0.69,0.98,0.8,0.07,0.74,34,0.11,0.59,0.66,-1.31,-1.1,0.11
P41236_S24s,P41236,PPP1R2,5504,P41236,Homo sapiens,FALSE,P41236_S24s,47.96,TRUE,NKTSTTSsMVASAEQ,0,P41236_S24s,0.06,0.05,0.1,-0.2,-0.02,0.17,0.66,0.72,0.39,0.11,0.89,0.16,0.89,0.98,0.94,0.29,0.97,0.67,0.8,0.13,0.74,64,0.45,0.35,0.85,-1.6,-0.14,1.41
Q8WZ42-12_S1428sS1433sS1438s,Q8WZ42-12,TTN,7273,Q8WZ42-12,Homo sapiens,FALSE,Q8WZ42-12_S1428sS1433sS1438s,1000,TRUE,RMSPARMsPARMSPA|RMSPARMsPARMSPG|RMSPARMsPGRRLEE,0,Q8WZ42-12_S1428sS1433sS1438s,-0.21,0.23,-0.41,-0.81,-0.28,-0.45,0.37,0.36,0.05,0,0.31,0.03,0.74,0.92,0.79,0.01,0.72,0.42,0.8,0.05,0.74,24,-0.89,0.92,-1.93,-3.32,-1.02,-2.13
P09493_T237t,P09493,TPM1,7168,P09493,Homo sapiens,FALSE,P09493_T237t,1000,TRUE,DKLKEAEtRAEFAER,0,P09493_T237t,0.14,0.43,0.02,-0.04,0.08,0.06,0.48,0.06,0.93,0.84,0.73,0.75,0.82,0.72,0.99,0.93,0.93,0.95,0.8,0.02,0.74,11,0.7,1.86,0.09,-0.2,0.34,0.31
Q5VZ89_S1126s,Q5VZ89,DENND4C,55667,"Q5VZ89,Q5VZ89-3",Homo sapiens,FALSE,Q5VZ89_S1126s,46.02,TRUE,WNPEHRSsPVPEMLE,0,Q5VZ89_S1126s,-0.04,0.07,0.13,-0.36,-0.27,0.08,0.72,0.58,0.17,0,0.02,0.38,0.92,0.96,0.88,0,0.18,0.83,0.8,0.07,0.74,34,-0.35,0.56,1.37,-3.68,-2.4,0.88
Q86TD4-1_S871s,Q86TD4-1,SRL,6345,Q86TD4-1,Homo sapiens,FALSE,Q86TD4-1_S871s,25.22,TRUE,FGINPISsFKLLSQQ,0,Q86TD4-1_S871s,-0.06,-0.03,-0.02,-0.13,-0.15,0.01,0.48,0.79,0.8,0.08,0.11,0.92,0.81,0.99,0.99,0.23,0.49,0.99,0.8,0.07,0.74,36,-0.71,-0.26,-0.25,-1.77,-1.6,0.1
E7EW31_S477s,E7EW31,PROB1,389333,E7EW31,Homo sapiens,FALSE,E7EW31_S477s,39.02,TRUE,SPSLEAPsLWEIPHS,0,E7EW31_S477s,-0.1,-0.06,0.03,-0.37,-0.21,-0.01,0.17,0.5,0.65,0,0.01,0.88,0.54,0.95,0.97,0,0.1,0.98,0.8,0.08,0.74,41,-1.37,-0.68,0.46,-4.98,-2.69,-0.15
Q07343_S140s,Q07343,PDE4B,5142,"Q07343,Q07343-3",Homo sapiens,FALSE,Q07343_S140s,77.94,TRUE,SFLYRSDsDYDLSPK,0,Q07343_S140s,0.03,0.09,0.07,-0.17,-0.13,-0.03,0.84,0.5,0.59,0.2,0.3,0.81,0.96,0.95,0.97,0.42,0.71,0.97,0.8,0.04,0.74,20,0.2,0.67,0.55,-1.28,-1.03,-0.24
Q9UHG3_S171s,Q9UHG3,PCYOX1,51449,Q9UHG3,Homo sapiens,FALSE,Q9UHG3_S171s,48.25,TRUE,MRIYRYQsHDYAFSS,0,Q9UHG3_S171s,0.06,0.04,-0.01,-0.09,-0.02,-0.04,0.53,0.69,0.91,0.3,0.84,0.64,0.84,0.97,0.99,0.53,0.96,0.92,0.8,0.08,0.74,38,0.62,0.4,-0.12,-1.04,-0.2,-0.46
P41236_S23s,P41236,PPP1R2,5504,P41236,Homo sapiens,FALSE,P41236_S23s,26.98,TRUE,KNKTSTTsSMVASAE,0,P41236_S23s,0.15,0.25,-0.05,-0.29,0.01,-0.14,0.38,0.23,0.77,0.07,0.96,0.38,0.75,0.88,0.99,0.21,0.99,0.83,0.8,0.08,0.74,39,0.87,1.19,-0.29,-1.8,0.05,-0.87
A8MZF0_S163s,A8MZF0,PRR33,102724536,A8MZF0,Homo sapiens,FALSE,A8MZF0_S163s,25.23,TRUE,AEAERVSsPAWASSP,0,A8MZF0_S163s,-0.14,0.01,0.05,-0.38,-0.25,0,0.08,0.93,0.51,0,0,0.98,0.38,1,0.96,0,0.07,1,0.8,0.05,0.74,24,-1.74,0.09,0.67,-4.67,-2.86,0.02
Q8WZ42-12_T5760t,Q8WZ42-12,TTN,7273,Q8WZ42-12,Homo sapiens,FALSE,Q8WZ42-12_T5760t,42.69,TRUE,LKGSLPItVTWLKDS,0,Q8WZ42-12_T5760t,0.02,0.06,0.01,-0.1,-0.14,-0.01,0.89,0.68,0.94,0.48,0.36,0.96,0.97,0.97,0.99,0.7,0.76,0.99,0.8,0.07,0.74,36,0.14,0.41,0.07,-0.71,-0.92,-0.06
Q5VTR2_S138s,Q5VTR2,RNF20,56254,Q5VTR2,Homo sapiens,FALSE,Q5VTR2_S138s,42.69,TRUE,EPEPDSDsNQERKDD,0,Q5VTR2_S138s,-0.06,0.03,-0.05,-0.18,0.01,-0.04,0.41,0.74,0.46,0.01,0.93,0.53,0.77,0.98,0.95,0.05,0.98,0.89,0.8,0.12,0.74,61,-0.83,0.33,-0.74,-2.58,0.09,-0.63
P57740_S58s,P57740,NUP107,57122,P57740,Homo sapiens,FALSE,P57740_S58s,17.02,TRUE,VIPRTPSsFRQPFTP,0,P57740_S58s,0.02,0.02,-0.08,-0.27,-0.19,-0.18,0.86,0.9,0.48,0.01,0.12,0.1,0.96,1,0.95,0.06,0.5,0.58,0.8,0.05,0.74,23,0.18,0.13,-0.7,-2.47,-1.57,-1.64
Q12955_S4290s,Q12955,ANK3,288,Q12955,Homo sapiens,FALSE,Q12955_S4290s,156.52,TRUE,LKPKIHGsGHVEEPA,0,Q12955_S4290s,0.04,0.09,0.08,-0.36,-0.06,-0.1,0.79,0.55,0.51,0,0.67,0.35,0.94,0.96,0.96,0.02,0.91,0.82,0.8,0.11,0.74,52,0.27,0.6,0.66,-3.03,-0.43,-0.94
E7EW31_S452sS454s,E7EW31,PROB1,389333,E7EW31,Homo sapiens,FALSE,E7EW31_S452sS454s,125.69,TRUE,EETVSRRsPSPPILS|TVSRRSPsPPILSQW,0,E7EW31_S452sS454s,-0.23,-0.08,0.01,-0.63,-0.21,-0.04,0,0.35,0.93,0,0.01,0.55,0.06,0.91,0.99,0,0.15,0.9,0.8,0.14,0.74,67,-2.85,-0.93,0.09,-7.63,-2.49,-0.59
Q96MH2_S76sS81s,Q96MH2,HEXIM2,124790,Q96MH2,Homo sapiens,FALSE,Q96MH2_S76sS81s,119.54,TRUE,SRSPRTQsPGGCSAE|TQSPGGCsAEAVLAR,0,Q96MH2_S76sS81s,-0.15,-0.12,-0.07,-0.29,-0.21,-0.06,0.2,0.36,0.56,0.01,0.12,0.61,0.57,0.92,0.97,0.06,0.5,0.91,0.8,0.1,0.74,49,-1.3,-0.91,-0.58,-2.5,-1.57,-0.52
Q8WZ42-12_S9950s,Q8WZ42-12,TTN,7273,Q8WZ42-12,Homo sapiens,FALSE,Q8WZ42-12_S9950s,1000,TRUE,PSDKFEIsIDGDRHT,0,Q8WZ42-12_S9950s,0.01,0.04,0.03,-0.03,-0.03,0.02,0.84,0.58,0.63,0.65,0.63,0.73,0.96,0.96,0.97,0.82,0.89,0.94,0.8,0.06,0.74,30,0.2,0.55,0.48,-0.46,-0.49,0.35
Q9UPT5_S283s,Q9UPT5,EXOC7,23265,"Q9UPT5,Q9UPT5-6",Homo sapiens,FALSE,Q9UPT5_S283s,46.02,TRUE,QNLLKQYsQHGLDGK,0,Q9UPT5_S283s,0.02,0.14,0.04,-0.15,0.11,0.05,0.86,0.18,0.64,0.12,0.26,0.59,0.96,0.86,0.97,0.3,0.68,0.91,0.8,0.13,0.74,64,0.17,1.33,0.47,-1.56,1.13,0.54
E7EW31_T859t,E7EW31,PROB1,389333,E7EW31,Homo sapiens,FALSE,E7EW31_T859t,41.83,TRUE,RAASAPPtDRSPQSP,0,E7EW31_T859t,-0.22,0.04,0.01,-0.68,-0.03,0.02,0.13,0.78,0.93,0,0.84,0.88,0.48,0.98,0.99,0,0.96,0.98,0.8,0.15,0.74,72,-1.52,0.28,0.09,-4.52,-0.2,0.15
Q8WZ42-12_S3327s,Q8WZ42-12,TTN,7273,Q8WZ42-12,Homo sapiens,FALSE,Q8WZ42-12_S3327s,19.12,TRUE,ATTSASLsVEVPEVV,0,Q8WZ42-12_S3327s,-0.1,0.12,-0.03,-0.16,-0.15,0.04,0.48,0.5,0.82,0.31,0.4,0.79,0.82,0.95,0.99,0.54,0.79,0.96,0.8,0.03,0.74,13,-0.71,0.67,-0.23,-1.01,-0.84,0.27
Q8WZ42-12_S25194s,Q8WZ42-12,TTN,7273,Q8WZ42-12,Homo sapiens,FALSE,Q8WZ42-12_S25194s,60.65,TRUE,KNVAGERsVTVNVKV,0,Q8WZ42-12_S25194s,-0.04,0.09,0.05,-0.11,0.01,0.05,0.61,0.29,0.52,0.15,0.9,0.47,0.88,0.9,0.96,0.35,0.97,0.87,0.8,0.09,0.74,44,-0.51,1.06,0.65,-1.45,0.13,0.72
Q15154-5_S1722s,Q15154-5,PCM1,5108,Q15154-5,Homo sapiens,FALSE,Q15154-5_S1722s,1000,TRUE,RILEDHGsPAGEIDD,0,Q15154-5_S1722s,-0.06,0.03,-0.12,-0.21,-0.19,-0.16,0.53,0.79,0.16,0.02,0.05,0.06,0.84,0.99,0.87,0.07,0.32,0.49,0.8,0.01,0.74,4,-0.62,0.27,-1.41,-2.39,-1.99,-1.9
Q05639_Y141y,Q05639,EEF1A2,1917,Q05639,Homo sapiens,FALSE,Q05639_Y141y,53.98,TRUE,REHALLAyTLGVKQL,0,Q05639_Y141y,-0.03,-0.02,-0.01,-0.16,-0.03,-0.05,0.52,0.68,0.78,0,0.57,0.33,0.83,0.97,0.99,0.01,0.87,0.81,0.8,0.18,0.74,90,-0.65,-0.41,-0.27,-3.15,-0.57,-0.97
O95628-2_S298s,O95628-2,CNOT4,4850,"O95628-2,O95628-8,O95628-9",Homo sapiens,FALSE,O95628-2_S298s,17.02,TRUE,ISNSDTPsPPPGLSK,0,O95628-2_S298s,0.09,0.12,-0.04,-0.22,0.06,-0.06,0.36,0.31,0.63,0.02,0.56,0.53,0.74,0.9,0.97,0.1,0.86,0.89,0.8,0.12,0.74,57,0.91,1.01,-0.48,-2.26,0.59,-0.63
P20929-2_T8235t,P20929-2,NEB,4703,P20929-2,Homo sapiens,FALSE,P20929-2_T8235t,83.98,TRUE,KENMRKAtPTPVTPE,0,P20929-2_T8235t,-0.3,-0.07,-0.17,-0.62,-0.12,-0.16,0,0.39,0.02,0,0.13,0.02,0,0.92,0.69,0,0.52,0.36,0.8,0.17,0.74,83,-3.92,-0.86,-2.35,-7.96,-1.51,-2.29
Q5VST9-6_T5303t,Q5VST9-6,OBSCN,84033,Q5VST9-6,Homo sapiens,FALSE,Q5VST9-6_T5303t,23.98,TRUE,DLSEGYStADELART,0,Q5VST9-6_T5303t,-0.12,0.05,0.04,-0.36,-0.06,-0.05,0.3,0.7,0.73,0,0.63,0.62,0.68,0.97,0.98,0.01,0.9,0.92,0.8,0.11,0.74,54,-1.04,0.39,0.35,-3.18,-0.48,-0.49