"Cluster","EdgeBetweenness","interaction","modality","name","Peak_chr","Peak_end","Peak_start","regulator_id","selected","shared interaction","shared name","site","source","strand","Target_gene_id","target_id","TF_id","tissue","Weight"
"5","76027.44821428064","regulates","RE","NFIB (regulates) SIK2","",,,"O00712_S264s","false","regulates","NFIB (regulates) SIK2","S264s","SCION","","","ENSG00000170145.5","","muscle","0.154110935697576"
,"144465.38097166043","binds","","FOSL2 (binds) DIAPH1","chr5","141617484","141617284","","false","binds","FOSL2 (binds) DIAPH1","","MAGICAL","-","ENSG00000131504.18","","ENSG00000075426.12","",
,"6260.874999999807","binds","","MEF2A (binds) ASB5","chr4","176188000","176187402","","false","binds","MEF2A (binds) ASB5","","MAGICAL","-","ENSG00000164122.9","","ENSG00000068305.18","",
,"6043.870588235442","binds","","MEF2A (binds) CPEB4","chr5","173955581","173954255","","false","binds","MEF2A (binds) CPEB4","","MAGICAL","+","ENSG00000113742.14","","ENSG00000068305.18","",
"11","474402.865104352","regulates","RE","MEF2A (regulates) PDE4A","",,,"Q02078_S98s","false","regulates","MEF2A (regulates) PDE4A","S98s","SCION","","","ENSG00000065989.16","","muscle","0.12913920583752"
,"5345.0","binds","","MEF2A (binds) LMCD1","chr3","8570008","8569432","","false","binds","MEF2A (binds) LMCD1","","MAGICAL","+","ENSG00000071282.12","","ENSG00000068305.18","",
"11","21799.5724025956","regulates","RE","MEF2A (regulates) SPHK2","",,,"Q02078_S98s","false","regulates","MEF2A (regulates) SPHK2","S98s","SCION","","","ENSG00000063176.16","","muscle","0.187920671249634"
,"5625.337500000269","binds","","MEF2A (binds) SLC25A30","chr13","45434142","45432847","","false","binds","MEF2A (binds) SLC25A30","","MAGICAL","-","ENSG00000174032.17","","ENSG00000068305.18","",
"11","18176.22857142814","regulates","RE","MEF2A (regulates) CS","",,,"Q02078_S98s","false","regulates","MEF2A (regulates) CS","S98s","SCION","","","ENSG00000062485.19","","muscle","0.157857419460041"
,"8045.99773867026","binds","","MEF2A (binds) USP31","chr16","23124728","23124075","","false","binds","MEF2A (binds) USP31","","MAGICAL","-","ENSG00000103404.15","","ENSG00000068305.18","",
,"23346.5000000014","binds","","IRF2 (binds) TFAM","chr10","58295690","58294671","","false","binds","IRF2 (binds) TFAM","","MAGICAL","+","ENSG00000108064.11","","ENSG00000168310.11","",
"5","1550327.48806569","regulates","RE","NFIB (regulates) E2F6","",,,"O00712_S264s","false","regulates","NFIB (regulates) E2F6","S264s","SCION","","","ENSG00000169016.17","","muscle","0.324679746868184"
"13","610809.0740259627","regulates","RE","NFIC (regulates) HNRNPK","",,,"P08651_S333s","false","regulates","NFIC (regulates) HNRNPK","S333s","SCION","","","ENSG00000165119.21","","muscle","0.457103818748264"
"13","51746.38095238265","regulates","RE","NFIC (regulates) HMGB2","",,,"P08651_S333s","false","regulates","NFIC (regulates) HMGB2","S333s","SCION","","","ENSG00000164104.12","","muscle","0.338192211308544"
,"5641.000000000538","binds","","MEF2A (binds) ANKRD1","chr10","90989386","90988445","","false","binds","MEF2A (binds) ANKRD1","","MAGICAL","-","ENSG00000148677.7","","ENSG00000068305.18","",
,"6549.788516745948","binds","","MEF2A (binds) ANKRD2","chr10","97575060","97574427","","false","binds","MEF2A (binds) ANKRD2","","MAGICAL","+","ENSG00000165887.12","","ENSG00000068305.18","",
,"12576.350000001266","binds","","IRF2 (binds) LMCD1","chr3","8531241","8529839","","false","binds","IRF2 (binds) LMCD1","","MAGICAL","+","ENSG00000071282.12","","ENSG00000168310.11","",
,"6623.042735042224","binds","","MEF2A (binds) RND3","chr2","150473092","150472084","","false","binds","MEF2A (binds) RND3","","MAGICAL","-","ENSG00000115963.14","","ENSG00000068305.18","",
,"590974.0818931299","binds","","MEF2A (binds) NR4A1","chr12","52089325","52088024","","false","binds","MEF2A (binds) NR4A1","","MAGICAL","+","ENSG00000123358.20","","ENSG00000068305.18","",
,"487133.1971595526","binds","","FOSL2 (binds) POFUT1","chr20","32286406","32285176","","false","binds","FOSL2 (binds) POFUT1","","MAGICAL","+","ENSG00000101346.14","","ENSG00000075426.12","",
,"5345.0","binds","","MEF2A (binds) CCN1","chr1","85557129","85555916","","false","binds","MEF2A (binds) CCN1","","MAGICAL","+","ENSG00000142871.18","","ENSG00000068305.18","",
"5","97151.07974897242","regulates","RE","NFIB (regulates) NFIL3","",,,"O00712_S264s","false","regulates","NFIB (regulates) NFIL3","S264s","SCION","","","ENSG00000165030.4","","muscle","0.21083672618575"
"3","9315.518939394457","regulates","RE","NFIC (regulates) GADD45G","",,,"P08651_S333sS339s","false","regulates","NFIC (regulates) GADD45G","S333sS339s","SCION","","","ENSG00000130222.11","","muscle","0.125035070027467"
,"6640.141176470905","binds","","MEF2A (binds) RCAN1","chr21","34521558","34520581","","false","binds","MEF2A (binds) RCAN1","","MAGICAL","-","ENSG00000159200.18","","ENSG00000068305.18","",
"13","28989.28953824177","regulates","RE","NFIC (regulates) NXF1","",,,"P08651_S333s","false","regulates","NFIC (regulates) NXF1","S333s","SCION","","","ENSG00000162231.14","","muscle","0.105920987869088"
,"214570.67943722877","binds","","FOSL2 (binds) SRSF3","chr6","36682661","36682286","","false","binds","FOSL2 (binds) SRSF3","","MAGICAL","+","ENSG00000112081.17","","ENSG00000075426.12","",
"5","791165.214033182","regulates","RE","NFIB (regulates) NIPBL","",,,"O00712_S264s","false","regulates","NFIB (regulates) NIPBL","S264s","SCION","","","ENSG00000164190.19","","muscle","0.15776727369712"
,"972549.6092437026","binds","","NR4A1 (binds) C11orf24","chr11","68321734","68321348","","false","binds","NR4A1 (binds) C11orf24","","MAGICAL","-","ENSG00000171067.11","","ENSG00000123358.20","",
,"7937.8522727282725","binds","","MEF2A (binds) GADD45G","chr9","89609257","89609055","","false","binds","MEF2A (binds) GADD45G","","MAGICAL","+","ENSG00000130222.11","","ENSG00000068305.18","",
,"6048.633333332949","binds","","MEF2A (binds) NEAT1","chr11","65508918","65506502","","false","binds","MEF2A (binds) NEAT1","","MAGICAL","+","ENSG00000245532.10","","ENSG00000068305.18","",
,"7052.583333333842","binds","","MEF2A (binds) HNRNPU","chr1","244920010","244919714","","false","binds","MEF2A (binds) HNRNPU","","MAGICAL","-","ENSG00000153187.20","","ENSG00000068305.18","",
,"324845.78762614273","binds","","FOSL2 (binds) RANBP2","chr2","108662615","108661960","","false","binds","FOSL2 (binds) RANBP2","","MAGICAL","+","ENSG00000153201.16","","ENSG00000075426.12","",
,"5345.0","binds","","MEF2A (binds) JOSD1","chr22","38616152","38614736","","false","binds","MEF2A (binds) JOSD1","","MAGICAL","-","ENSG00000100221.11","","ENSG00000068305.18","",
,"176706.23041679317","binds","","NR4A1 (binds) JOSD1","chr22","38712826","38712273","","false","binds","NR4A1 (binds) JOSD1","","MAGICAL","-","ENSG00000100221.11","","ENSG00000123358.20","",
,"6186.109890109471","binds","","MEF2A (binds) LMOD2","chr7","123666937","123664933","","false","binds","MEF2A (binds) LMOD2","","MAGICAL","+","ENSG00000170807.12","","ENSG00000068305.18","",
,"14913.440873015743","binds","","ELF1 (binds) LSMEM1","chr7","112423574","112422704","","false","binds","ELF1 (binds) LSMEM1","","MAGICAL","+","ENSG00000181016.9","","ENSG00000120690.16","",
,"21861.5","binds","","IRF2 (binds) GADD45G","chr9","89623752","89622988","","false","binds","IRF2 (binds) GADD45G","","MAGICAL","+","ENSG00000130222.11","","ENSG00000168310.11","",
,"527358.4381674094","binds","","NR4A1 (binds) ABHD4","chr14","22614887","22613417","","false","binds","NR4A1 (binds) ABHD4","","MAGICAL","+","ENSG00000100439.11","","ENSG00000123358.20","",
"4","925350.7803029595","regulates","EE","NFIB (regulates) WDR26","",,,"O00712_S333s","false","regulates","NFIB (regulates) WDR26","S333s","SCION","","","ENSG00000162923.17","","muscle","0.184290461454997"
"13","266060.9104554733","regulates","RE","NFIC (regulates) MBNL1","",,,"P08651_S333s","false","regulates","NFIC (regulates) MBNL1","S333s","SCION","","","ENSG00000152601.18","","muscle","0.366893616164204"
,"16312.200000002224","binds","","IRF2 (binds) NEAT1","chr11","65508918","65506502","","false","binds","IRF2 (binds) NEAT1","","MAGICAL","+","ENSG00000245532.10","","ENSG00000168310.11","",
,"287217.64329006226","binds","","NR4A1 (binds) SRSF3","chr6","36682661","36682286","","false","binds","NR4A1 (binds) SRSF3","","MAGICAL","+","ENSG00000112081.17","","ENSG00000123358.20","",
,"64936.72181984672","binds","","MEF2A (binds) NFIL3","chr9","91419631","91419273","","false","binds","MEF2A (binds) NFIL3","","MAGICAL","-","ENSG00000165030.4","","ENSG00000068305.18","",
,"5345.0","binds","","MEF2A (binds) ABRA","chr8","106766873","106766541","","false","binds","MEF2A (binds) ABRA","","MAGICAL","-","ENSG00000174429.4","","ENSG00000068305.18","",
,"6869.674603174861","binds","","MEF2A (binds) DNAJB4","chr1","78019600","78018834","","false","binds","MEF2A (binds) DNAJB4","","MAGICAL","+","ENSG00000162616.9","","ENSG00000068305.18","",
"13","639246.575613259","regulates","RE","NFIC (regulates) JPH2","",,,"P08651_S333s","false","regulates","NFIC (regulates) JPH2","S333s","SCION","","","ENSG00000149596.7","","muscle","0.217780086603039"
,"13503.142857140478","binds","","IRF2 (binds) PDK4","chr7","95582912","95581884","","false","binds","IRF2 (binds) PDK4","","MAGICAL","-","ENSG00000004799.8","","ENSG00000168310.11","",
,"261572.18928571919","binds","","FOSL2 (binds) TBC1D22B","chr6","37240788","37239894","","false","binds","FOSL2 (binds) TBC1D22B","","MAGICAL","+","ENSG00000065491.8","","ENSG00000075426.12","",
"10","124365.1563074449","regulates","EE","ZHX2 (regulates) HARS2","",,,"Q9Y6X8_T37t","false","regulates","ZHX2 (regulates) HARS2","T37t","SCION","","","ENSG00000112855.17","","muscle","0.204994018673234"
,"5345.0","binds","","MEF2A (binds) PDK4","chr7","95582912","95581884","","false","binds","MEF2A (binds) PDK4","","MAGICAL","-","ENSG00000004799.8","","ENSG00000068305.18","",
,"2764753.065523075","binds","","IRF2 (binds) NFIL3","chr9","91433729","91433230","","false","binds","IRF2 (binds) NFIL3","","MAGICAL","-","ENSG00000165030.4","","ENSG00000168310.11","",
,"22450.59999999821","binds","","IRF2 (binds) PIM1","chr6","37161482","37160832","","false","binds","IRF2 (binds) PIM1","","MAGICAL","+","ENSG00000137193.14","","ENSG00000168310.11","",
,"295273.6772019453","binds","","MEF2A (binds) OGDH","chr7","44671402","44671123","","false","binds","MEF2A (binds) OGDH","","MAGICAL","+","ENSG00000105953.16","","ENSG00000068305.18","",
"13","609621.9065657106","regulates","RE","NFIC (regulates) TAF5","",,,"P08651_S333s","false","regulates","NFIC (regulates) TAF5","S333s","SCION","","","ENSG00000148835.12","","muscle","0.22163983755992"
,"6378.059090909279","binds","","MEF2A (binds) ETS2","chr21","38823302","38822754","","false","binds","MEF2A (binds) ETS2","","MAGICAL","+","ENSG00000157557.13","","ENSG00000068305.18","",
"3","253610.29015016812","regulates","RE","NFIC (regulates) NFKBIA","",,,"P08651_S333sS339s","false","regulates","NFIC (regulates) NFKBIA","S333sS339s","SCION","","","ENSG00000100906.11","","muscle","0.101010187458275"
"13","590784.6667578454","regulates","RE","NFIC (regulates) MEPCE","",,,"P08651_S333s","false","regulates","NFIC (regulates) MEPCE","S333s","SCION","","","ENSG00000146834.14","","muscle","0.217408215322608"
,"6158.04201680632","binds","","MEF2A (binds) IRS2","chr13","109757126","109756551","","false","binds","MEF2A (binds) IRS2","","MAGICAL","-","ENSG00000185950.9","","ENSG00000068305.18","",
,"9766055.033931272","binds","","ELF1 (binds) FOSL2","chr2","28407518","28406738","","false","binds","ELF1 (binds) FOSL2","","MAGICAL","+","ENSG00000075426.12","","ENSG00000120690.16","",
"5","1185443.0883116648","regulates","RE","NFIB (regulates) UBALD1","",,,"O00712_S264s","false","regulates","NFIB (regulates) UBALD1","S264s","SCION","","","ENSG00000153443.13","","muscle","0.175280809077533"
,"18983.50000000029","binds","","IRF2 (binds) IRS2","chr13","109881338","109880167","","false","binds","IRF2 (binds) IRS2","","MAGICAL","-","ENSG00000185950.9","","ENSG00000168310.11","",
"13","73072.07619048054","regulates","RE","NFIC (regulates) RHOB","",,,"P08651_S333s","false","regulates","NFIC (regulates) RHOB","S333s","SCION","","","ENSG00000143878.10","","muscle","0.142536013845691"
,"14170.749999998628","binds","","IRF2 (binds) ABRA","chr8","106758387","106757106","","false","binds","IRF2 (binds) ABRA","","MAGICAL","-","ENSG00000174429.4","","ENSG00000168310.11","",
,"5842886.281263843","binds","","ELF1 (binds) NR4A1","chr12","52052246","52052046","","false","binds","ELF1 (binds) NR4A1","","MAGICAL","+","ENSG00000123358.20","","ENSG00000120690.16","",
"5","87346.12784992997","regulates","RE","NFIB (regulates) HOMER1","",,,"O00712_S264s","false","regulates","NFIB (regulates) HOMER1","S264s","SCION","","","ENSG00000152413.15","","muscle","0.144937055069047"
,"645031.5556849956","binds","","NR4A1 (binds) PLCL2","chr3","16809350","16808399","","false","binds","NR4A1 (binds) PLCL2","","MAGICAL","+","ENSG00000154822.18","","ENSG00000123358.20","",
"5","1082179.5602456543","regulates","RE","NFIB (regulates) OGT","",,,"O00712_S264s","false","regulates","NFIB (regulates) OGT","S264s","SCION","","","ENSG00000147162.14","","muscle","0.103430147760063"
,"275701.57674355095","binds","","FOSL2 (binds) GNA13","chr17","64989616","64989145","","false","binds","FOSL2 (binds) GNA13","","MAGICAL","-","ENSG00000120063.10","","ENSG00000075426.12","",
"11","23890.519107557124","regulates","EE","MEF2A (regulates) KLHL41","",,,"Q02078_S98s","false","regulates","MEF2A (regulates) KLHL41","S98s","SCION","","","ENSG00000239474.7","","muscle","0.347546641116693"
"11","495144.2878788081","regulates","EE","MEF2A (regulates) SNHG7","",,,"Q02078_S98s","false","regulates","MEF2A (regulates) SNHG7","S98s","SCION","","","ENSG00000233016.8","","muscle","0.127723575378404"
,"899442.945135419","binds","","NR4A1 (binds) CRIM1","chr2","36428042","36427302","","false","binds","NR4A1 (binds) CRIM1","","MAGICAL","+","ENSG00000150938.10","","ENSG00000123358.20","",
,"412695.2955904717","binds","","NR4A1 (binds) GNA13","chr17","64989616","64989145","","false","binds","NR4A1 (binds) GNA13","","MAGICAL","-","ENSG00000120063.10","","ENSG00000123358.20","",
"11","47332.618131863135","regulates","EE","MEF2A (regulates) CEBPD","",,,"Q02078_S98sT108t","false","regulates","MEF2A (regulates) CEBPD","S98sT108t","SCION","","","ENSG00000221869.5","","muscle","0.265603336769623"
"13","364231.02009169396","regulates","RE","NFIC (regulates) TBC1D4","",,,"P08651_S333s","false","regulates","NFIC (regulates) TBC1D4","S333s","SCION","","","ENSG00000136111.14","","muscle","0.115119334051208"
"11","992612.4666666451","regulates","EE","MEF2A (regulates) BRD2","",,,"Q02078_S98sT108t","false","regulates","MEF2A (regulates) BRD2","S98sT108t","SCION","","","ENSG00000204256.14","","muscle","0.263172402976436"
,"14662.931818183204","binds","","KLF9 (binds) ETS2","chr21","38821561","38820532","","false","binds","KLF9 (binds) ETS2","","MAGICAL","+","ENSG00000157557.13","","ENSG00000119138.5","",
,"12333.530952382238","binds","","CEBPD (binds) OST4","chr2","27011203","27010644","","false","binds","CEBPD (binds) OST4","","MAGICAL","-","ENSG00000228474.6","","ENSG00000221869.5","",
"13","507752.06673880987","regulates","RE","NFIC (regulates) EPC2","",,,"P08651_S333s","false","regulates","NFIC (regulates) EPC2","S333s","SCION","","","ENSG00000135999.12","","muscle","0.310874499516121"
,"249494.78683095385","binds","","NR4A1 (binds) LIMS1","chr2","108595498","108594169","","false","binds","NR4A1 (binds) LIMS1","","MAGICAL","+","ENSG00000169756.16","","ENSG00000123358.20","",
"11","1025424.1960785602","regulates","EE","MEF2A (regulates) MCMBP","",,,"Q02078_S98sT108t","false","regulates","MEF2A (regulates) MCMBP","S98sT108t","SCION","","","ENSG00000197771.13","","muscle","0.101417125271699"
,"369569.3676993694","binds","","FOSL2 (binds) BAG3","chr10","119678795","119678388","","false","binds","FOSL2 (binds) BAG3","","MAGICAL","+","ENSG00000151929.10","","ENSG00000075426.12","",
,"307947.65477267245","binds","","NR4A1 (binds) ARPP19","chr15","52558704","52558094","","false","binds","NR4A1 (binds) ARPP19","","MAGICAL","-","ENSG00000128989.11","","ENSG00000123358.20","",
"11","128184.5940476075","regulates","EE","MEF2A (regulates) TLE1","",,,"Q02078_S98sT108t","false","regulates","MEF2A (regulates) TLE1","S98sT108t","SCION","","","ENSG00000196781.16","","muscle","0.250866467484905"
"5","1155390.2609723636","regulates","RE","NFIB (regulates) HLX","",,,"O00712_S264s","false","regulates","NFIB (regulates) HLX","S264s","SCION","","","ENSG00000136630.13","","muscle","0.105991273379708"
,"224610.73678624482","binds","","FOSL2 (binds) ARPP19","chr15","52558704","52558094","","false","binds","FOSL2 (binds) ARPP19","","MAGICAL","-","ENSG00000128989.11","","ENSG00000075426.12","",
"6","9449034.04879381","regulates","EE","NFIC (regulates) NFIB","",,,"P08651_S343s","false","regulates","NFIC (regulates) NFIB","S343s","SCION","","","ENSG00000147862.18","","muscle","0.132575480909018"
,"35620.119380620155","binds","","CEBPD (binds) OSBPL8","chr12","76589509","76588761","","false","binds","CEBPD (binds) OSBPL8","","MAGICAL","-","ENSG00000091039.17","","ENSG00000221869.5","",
"11","1008336.1468252852","regulates","EE","MEF2A (regulates) ZC3H6","",,,"Q02078_S98sT108t","false","regulates","MEF2A (regulates) ZC3H6","S98sT108t","SCION","","","ENSG00000188177.14","","muscle","0.17062874844489"
,"18207.953544495344","binds","","CEBPD (binds) ARPP19","chr15","52482237","52481402","","false","binds","CEBPD (binds) ARPP19","","MAGICAL","-","ENSG00000128989.11","","ENSG00000221869.5","",
"5","269849.0596570126","regulates","RE","NFIB (regulates) CEMIP2","",,,"O00712_S264s","false","regulates","NFIB (regulates) CEMIP2","S264s","SCION","","","ENSG00000135048.14","","muscle","0.132542879745994"
,"573121.9733044654","binds","","NR4A1 (binds) HOMER1","chr5","79490266","79489860","","false","binds","NR4A1 (binds) HOMER1","","MAGICAL","-","ENSG00000152413.15","","ENSG00000123358.20","",
"4","971110.1777777041","regulates","EE","NFIB (regulates) SH3BGR","",,,"O00712_S333s","false","regulates","NFIB (regulates) SH3BGR","S333s","SCION","","","ENSG00000185437.15","","muscle","0.127294040887092"
,"99005.89989176739","binds","","FOSL2 (binds) NEDD4","chr15","55909965","55909123","","false","binds","FOSL2 (binds) NEDD4","","MAGICAL","-","ENSG00000069869.17","","ENSG00000075426.12","",
,"13401.32738095155","binds","","CEBPD (binds) TMEM214","chr2","27011203","27010644","","false","binds","CEBPD (binds) TMEM214","","MAGICAL","+","ENSG00000119777.20","","ENSG00000221869.5","",
"11","19510.672802197747","regulates","EE","MEF2A (regulates) PRR14L","",,,"Q02078_S98s","false","regulates","MEF2A (regulates) PRR14L","S98s","SCION","","","ENSG00000183530.14","","muscle","0.167674599713097"
,"10558.653921569403","binds","","CEBPD (binds) CPEB4","chr5","173964430","173962338","","false","binds","CEBPD (binds) CPEB4","","MAGICAL","+","ENSG00000113742.14","","ENSG00000221869.5","",
"11","495539.1212121187","regulates","EE","MEF2A (regulates) TNRC18","",,,"Q02078_S98sT108t","false","regulates","MEF2A (regulates) TNRC18","S98sT108t","SCION","","","ENSG00000182095.15","","muscle","0.132304568711231"
,"569504.3103174928","binds","","NR4A1 (binds) SIK2","chr11","111695361","111694802","","false","binds","NR4A1 (binds) SIK2","","MAGICAL","+","ENSG00000170145.5","","ENSG00000123358.20","",
"11","915040.1119048123","regulates","EE","MEF2A (regulates) PCBP1-AS1","",,,"Q02078_S98s","false","regulates","MEF2A (regulates) PCBP1-AS1","S98s","SCION","","","ENSG00000179818.16","","muscle","0.153189132930888"
,"3.437109858913723E7","binds","","KLF9 (binds) FOSL2","chr2","28407518","28406738","","false","binds","KLF9 (binds) FOSL2","","MAGICAL","+","ENSG00000075426.12","","ENSG00000119138.5","",
,"13217.96880952458","binds","","CEBPD (binds) NEAT1","chr11","65428579","65427766","","false","binds","CEBPD (binds) NEAT1","","MAGICAL","+","ENSG00000245532.10","","ENSG00000221869.5","",
"11","3756131.7095141415","regulates","EE","MEF2A (regulates) ZBTB7A","",,,"Q02078_S98s","false","regulates","MEF2A (regulates) ZBTB7A","S98s","SCION","","","ENSG00000178951.9","","muscle","0.321849395420161"
"11","4783570.0932126595","regulates","EE","MEF2A (regulates) ZHX2","",,,"Q02078_S98sT108t","false","regulates","MEF2A (regulates) ZHX2","S98sT108t","SCION","","","ENSG00000178764.8","","muscle","0.13679590829976"
,"234734.7020641666","binds","","NR4A1 (binds) DIAPH1","chr5","141617484","141617284","","false","binds","NR4A1 (binds) DIAPH1","","MAGICAL","-","ENSG00000131504.18","","ENSG00000123358.20","",
,"77397.75621833964","binds","","FOSL2 (binds) ACSL1","chr4","184794052","184792423","","false","binds","FOSL2 (binds) ACSL1","","MAGICAL","-","ENSG00000151726.15","","ENSG00000075426.12","",
"11","498726.4175114719","regulates","EE","MEF2A (regulates) JUN","",,,"Q02078_S98sT108t","false","regulates","MEF2A (regulates) JUN","S98sT108t","SCION","","","ENSG00000177606.8","","muscle","0.21935016749133"
,"1.1293097509636104E7","regulates","EE","HES1 (regulates) NFIB","",,,"Q14469_S12s","false","regulates","HES1 (regulates) NFIB","S12s","SCION","","","ENSG00000147862.18","","muscle","0.148958428847938"
,"2.1573216847614627E7","binds","","KLF9 (binds) NR4A1","chr12","52059897","52059484","","false","binds","KLF9 (binds) NR4A1","","MAGICAL","+","ENSG00000123358.20","","ENSG00000119138.5","",
"10","6961.236111110785","regulates","EE","TMF1 (regulates) LINC00476","",,,"P82094_S344s","false","regulates","TMF1 (regulates) LINC00476","S344s","SCION","","","ENSG00000175611.13","","muscle","0.147194678998954"
,"11193.820512820816","binds","","CEBPD (binds) PDK4","chr7","95629426","95628141","","false","binds","CEBPD (binds) PDK4","","MAGICAL","-","ENSG00000004799.8","","ENSG00000221869.5","",
"11","1481065.639604523","regulates","EE","MEF2A (regulates) NR1D2","",,,"Q02078_S98sT108t","false","regulates","MEF2A (regulates) NR1D2","S98sT108t","SCION","","","ENSG00000174738.13","","muscle","0.105792831597672"
,"112561.8266827009","binds","","FOSL2 (binds) TP53BP2","chr1","223887218","223886495","","false","binds","FOSL2 (binds) TP53BP2","","MAGICAL","-","ENSG00000143514.17","","ENSG00000075426.12","",
"13","478560.5037618227","regulates","RE","NFIC (regulates) KLF9","",,,"P08651_S333s","false","regulates","NFIC (regulates) KLF9","S333s","SCION","","","ENSG00000119138.5","","muscle","0.148509768852693"
"11","746406.6598885023","regulates","EE","MEF2A (regulates) PPP1R3B","",,,"Q02078_S98sT108t","false","regulates","MEF2A (regulates) PPP1R3B","S98sT108t","SCION","","","ENSG00000173281.5","","muscle","0.129035558197339"
,"206006.13260073678","binds","","NR4A1 (binds) SLC25A30","chr13","45434142","45432847","","false","binds","NR4A1 (binds) SLC25A30","","MAGICAL","-","ENSG00000174032.17","","ENSG00000123358.20","",
,"524298.4955829293","binds","","NR4A1 (binds) USP31","chr16","23124728","23124075","","false","binds","NR4A1 (binds) USP31","","MAGICAL","-","ENSG00000103404.15","","ENSG00000123358.20","",
"11","9450.716450215605","regulates","EE","MEF2A (regulates) JMJD1C","",,,"Q02078_S98sT108t","false","regulates","MEF2A (regulates) JMJD1C","S98sT108t","SCION","","","ENSG00000171988.20","","muscle","0.174485426824513"
"11","249279.88291925364","regulates","EE","MEF2A (regulates) TRIM8","",,,"Q02078_S98sT108t","false","regulates","MEF2A (regulates) TRIM8","S98sT108t","SCION","","","ENSG00000171206.15","","muscle","0.124457409975839"
"4","30160.220833332678","regulates","EE","NFIB (regulates) SLC25A30","",,,"O00712_S333s","false","regulates","NFIB (regulates) SLC25A30","S333s","SCION","","","ENSG00000174032.17","","muscle","0.189729141494825"
,"151376.74921238463","binds","","NR4A1 (binds) CPEB4","chr5","173790009","173788991","","false","binds","NR4A1 (binds) CPEB4","","MAGICAL","+","ENSG00000113742.14","","ENSG00000123358.20","",
"11","14715.755555556243","regulates","EE","MEF2A (regulates) PKIA","",,,"Q02078_S98sT108t","false","regulates","MEF2A (regulates) PKIA","S98sT108t","SCION","","","ENSG00000171033.13","","muscle","0.11173411655035"
"11","997452.5095238171","regulates","EE","MEF2A (regulates) RNF139","",,,"Q02078_S98s","false","regulates","MEF2A (regulates) RNF139","S98s","SCION","","","ENSG00000170881.5","","muscle","0.12305555976454"
,"363757.6023809684","binds","","FOSL2 (binds) ASB5","chr4","176188000","176187402","","false","binds","FOSL2 (binds) ASB5","","MAGICAL","-","ENSG00000164122.9","","ENSG00000075426.12","",
"11","49036.7122835486","regulates","EE","MEF2A (regulates) E2F6","",,,"Q02078_S98s","false","regulates","MEF2A (regulates) E2F6","S98s","SCION","","","ENSG00000169016.17","","muscle","0.115669465669405"
"11","50086.99375902093","regulates","EE","MEF2A (regulates) SEMA4C","",,,"Q02078_S98s","false","regulates","MEF2A (regulates) SEMA4C","S98s","SCION","","","ENSG00000168758.11","","muscle","0.116274103637399"
"5","775589.3652255812","regulates","RE","NFIB (regulates) TBC1D15","",,,"O00712_S264s","false","regulates","NFIB (regulates) TBC1D15","S264s","SCION","","","ENSG00000121749.16","","muscle","0.340176210626433"
,"55363.09558823076","binds","","FOSL2 (binds) CPEB4","chr5","173955581","173954255","","false","binds","FOSL2 (binds) CPEB4","","MAGICAL","+","ENSG00000113742.14","","ENSG00000075426.12","",
,"123062.73479854003","binds","","NR4A1 (binds) LMCD1","chr3","8551896","8551628","","false","binds","NR4A1 (binds) LMCD1","","MAGICAL","+","ENSG00000071282.12","","ENSG00000123358.20","",
"5","56245.68290238891","regulates","RE","NFIB (regulates) GNA13","",,,"O00712_S264s","false","regulates","NFIB (regulates) GNA13","S264s","SCION","","","ENSG00000120063.10","","muscle","0.129481884074247"
"11","1320212.5659535057","regulates","EE","MEF2A (regulates) IRF2","",,,"Q02078_S98sT108t","false","regulates","MEF2A (regulates) IRF2","S98sT108t","SCION","","","ENSG00000168310.11","","muscle","0.137919470777825"
,"234701.82261904515","binds","","NR4A1 (binds) ANKRD1","chr10","90989386","90988445","","false","binds","NR4A1 (binds) ANKRD1","","MAGICAL","-","ENSG00000148677.7","","ENSG00000123358.20","",
"13","585497.5716449926","regulates","RE","NFIC (regulates) CEP85L","",,,"P08651_S333s","false","regulates","NFIC (regulates) CEP85L","S333s","SCION","","","ENSG00000111860.14","","muscle","0.16486433940138"
,"238819.9884453787","binds","","FOSL2 (binds) PIM1","chr6","37240788","37239894","","false","binds","FOSL2 (binds) PIM1","","MAGICAL","+","ENSG00000137193.14","","ENSG00000075426.12","",
"13","170563.95912697903","regulates","RE","NFIC (regulates) NUP98","",,,"P08651_S333s","false","regulates","NFIC (regulates) NUP98","S333s","SCION","","","ENSG00000110713.17","","muscle","0.279191287956292"
,"32842.81245862102","binds","","FOSL2 (binds) LMCD1","chr3","8518538","8518117","","false","binds","FOSL2 (binds) LMCD1","","MAGICAL","+","ENSG00000071282.12","","ENSG00000075426.12","",
,"427626.426587315","binds","","NR4A1 (binds) RND3","chr2","150473092","150472084","","false","binds","NR4A1 (binds) RND3","","MAGICAL","-","ENSG00000115963.14","","ENSG00000123358.20","",
"11","5345.0","regulates","EE","MEF2A (regulates) OTUD1","",,,"Q02078_S98s","false","regulates","MEF2A (regulates) OTUD1","S98s","SCION","","","ENSG00000165312.7","","muscle","0.262877392387372"
"11","501396.95216449694","regulates","EE","MEF2A (regulates) HNRNPK","",,,"Q02078_S98s","false","regulates","MEF2A (regulates) HNRNPK","S98s","SCION","","","ENSG00000165119.21","","muscle","0.147614247341002"
"5","1.2362184868215871E8","regulates","RE","NFIB (regulates) HES1","",,,"O00712_S264s","false","regulates","NFIB (regulates) HES1","S264s","SCION","","","ENSG00000114315.4","","muscle","0.357834785276814"
"5","557419.998684656","regulates","RE","NFIB (regulates) CSNK1A1","",,,"O00712_S264s","false","regulates","NFIB (regulates) CSNK1A1","S264s","SCION","","","ENSG00000113712.19","","muscle","0.28786103856793"
"11","11511.54148629185","regulates","EE","MEF2A (regulates) NIPBL","",,,"Q02078_S98s","false","regulates","MEF2A (regulates) NIPBL","S98s","SCION","","","ENSG00000164190.19","","muscle","0.169543998014706"
,"421844.3481147851","binds","","NR4A1 (binds) HNRNPU","chr1","244846778","244846119","","false","binds","NR4A1 (binds) HNRNPU","","MAGICAL","-","ENSG00000153187.20","","ENSG00000123358.20","",
"11","101622.48002830341","regulates","EE","MEF2A (regulates) SNIP1","",,,"Q02078_S98s","false","regulates","MEF2A (regulates) SNIP1","S98s","SCION","","","ENSG00000163877.11","","muscle","0.128011941967107"
,"152003.99783548072","binds","","FOSL2 (binds) CCN1","chr1","85522029","85521046","","false","binds","FOSL2 (binds) CCN1","","MAGICAL","+","ENSG00000142871.18","","ENSG00000075426.12","",
,"599621.631522383","binds","","JUN (binds) EEA1","chr12","92861116","92859460","","false","binds","JUN (binds) EEA1","","MAGICAL","-","ENSG00000102189.17","","ENSG00000177606.8","",
"11","1051475.6375458539","regulates","EE","MEF2A (regulates) TIPARP","",,,"Q02078_S98sT108t","false","regulates","MEF2A (regulates) TIPARP","S98sT108t","SCION","","","ENSG00000163659.13","","muscle","0.198423445523712"
,"46299.40629092857","binds","","JUN (binds) PDCD7","chr15","65163768","65163034","","false","binds","JUN (binds) PDCD7","","MAGICAL","-","ENSG00000090470.15","","ENSG00000177606.8","",
"5","1061067.0259004238","regulates","RE","NFIB (regulates) NEDD9","",,,"O00712_S264s","false","regulates","NFIB (regulates) NEDD9","S264s","SCION","","","ENSG00000111859.17","","muscle","0.310373698381267"
"4","58796.06666666607","regulates","EE","NFIB (regulates) ASB5","",,,"O00712_S265s","false","regulates","NFIB (regulates) ASB5","S265s","SCION","","","ENSG00000164122.9","","muscle","0.136578681413646"
,"142101.00572956193","binds","","NR4A1 (binds) RCAN1","chr21","34522983","34522212","","false","binds","NR4A1 (binds) RCAN1","","MAGICAL","-","ENSG00000159200.18","","ENSG00000123358.20","",
"11","14819.3214285719","regulates","EE","MEF2A (regulates) ARL5A","",,,"Q02078_S98sT108t","false","regulates","MEF2A (regulates) ARL5A","S98sT108t","SCION","","","ENSG00000162980.17","","muscle","0.208434158063402"
"1","5235.587123987447","regulates","EE","HES1 (regulates) LIMS1","",,,"Q14469_S12s","false","regulates","HES1 (regulates) LIMS1","S12s","SCION","","","ENSG00000169756.16","","muscle","0.117629846377395"
"11","247765.89393939063","regulates","EE","MEF2A (regulates) IER5","",,,"Q02078_S98sT108t","false","regulates","MEF2A (regulates) IER5","S98sT108t","SCION","","","ENSG00000162783.11","","muscle","0.208386309273165"
"11","25828.52023809792","regulates","EE","MEF2A (regulates) SQSTM1","",,,"Q02078_S98s","false","regulates","MEF2A (regulates) SQSTM1","S98s","SCION","","","ENSG00000161011.20","","muscle","0.256440111696754"
"5","138550.85019840978","regulates","RE","NFIB (regulates) TFAM","",,,"O00712_S264s","false","regulates","NFIB (regulates) TFAM","S264s","SCION","","","ENSG00000108064.11","","muscle","0.294986556525144"
"13","474942.8403235524","regulates","RE","NFIC (regulates) TOM1","",,,"P08651_S333s","false","regulates","NFIC (regulates) TOM1","S333s","SCION","","","ENSG00000100284.22","","muscle","0.113390078387549"
"11","1196557.0","regulates","EE","MEF2A (regulates) CACHD1","",,,"Q02078_S98s","false","regulates","MEF2A (regulates) CACHD1","S98s","SCION","","","ENSG00000158966.16","","muscle","0.256546985394388"
,"290024.61857281544","binds","","FOSL2 (binds) HNRNPU","chr1","244846778","244846119","","false","binds","FOSL2 (binds) HNRNPU","","MAGICAL","-","ENSG00000153187.20","","ENSG00000075426.12","",
,"163229.68582252684","binds","","NR4A1 (binds) ABRA","chr8","106767937","106767156","","false","binds","NR4A1 (binds) ABRA","","MAGICAL","-","ENSG00000174429.4","","ENSG00000123358.20","",
,"124758.74948106935","binds","","NR4A1 (binds) PDK4","chr7","95582912","95581884","","false","binds","NR4A1 (binds) PDK4","","MAGICAL","-","ENSG00000004799.8","","ENSG00000123358.20","",
"13","57162.61038960986","regulates","RE","NFIC (regulates) IZUMO4","",,,"P08651_S333s","false","regulates","NFIC (regulates) IZUMO4","S333s","SCION","","","ENSG00000099840.14","","muscle","0.10589065823159"
"10","4014.435881370327","regulates","EE","TMF1 (regulates) POFUT1","",,,"P82094_S344s","false","regulates","TMF1 (regulates) POFUT1","S344s","SCION","","","ENSG00000101346.14","","muscle","0.171115803851509"
"11","22605.91168831063","regulates","EE","MEF2A (regulates) UBALD1","",,,"Q02078_S98s","false","regulates","MEF2A (regulates) UBALD1","S98s","SCION","","","ENSG00000153443.13","","muscle","0.15464596200281"
"11","12766.276256912297","regulates","EE","MEF2A (regulates) NR4A2","",,,"Q02078_S98s","false","regulates","MEF2A (regulates) NR4A2","S98s","SCION","","","ENSG00000153234.15","","muscle","0.107655607470049"
"13","598407.6605338856","regulates","RE","NFIC (regulates) IKZF5","",,,"P08651_S333s","false","regulates","NFIC (regulates) IKZF5","S333s","SCION","","","ENSG00000095574.12","","muscle","0.174209488297792"
,"18117.083603239695","binds","","JUN (binds) SLK","chr10","104029844","104029283","","false","binds","JUN (binds) SLK","","MAGICAL","+","ENSG00000065613.15","","ENSG00000177606.8","",
,"58723.45202075606","binds","","FOSL2 (binds) NEAT1","chr11","65426505","65426246","","false","binds","FOSL2 (binds) NEAT1","","MAGICAL","+","ENSG00000245532.10","","ENSG00000075426.12","",
"11","7840.196356274968","regulates","EE","MEF2A (regulates) RANBP2","",,,"Q02078_S98s","false","regulates","MEF2A (regulates) RANBP2","S98s","SCION","","","ENSG00000153201.16","","muscle","0.14752184346104"
,"246419.8169719088","binds","","NR4A1 (binds) CCN1","chr1","85557129","85555916","","false","binds","NR4A1 (binds) CCN1","","MAGICAL","+","ENSG00000142871.18","","ENSG00000123358.20","",
,"62499.19365079367","binds","","FOSL2 (binds) JOSD1","chr22","38607016","38605935","","false","binds","FOSL2 (binds) JOSD1","","MAGICAL","-","ENSG00000100221.11","","ENSG00000075426.12","",
"11","8516.793233809245","regulates","EE","MEF2A (regulates) BAG3","",,,"Q02078_S98s","false","regulates","MEF2A (regulates) BAG3","S98s","SCION","","","ENSG00000151929.10","","muscle","0.111257025319516"
"11","532973.083333278","regulates","EE","MEF2A (regulates) SAV1","",,,"Q02078_S98sT108t","false","regulates","MEF2A (regulates) SAV1","S98sT108t","SCION","","","ENSG00000151748.15","","muscle","0.100615585061098"
"1","30942.121745198816","regulates","EE","HES1 (regulates) NFIL3","",,,"Q14469_S12s","false","regulates","HES1 (regulates) NFIL3","S12s","SCION","","","ENSG00000165030.4","","muscle","0.258906668267405"
,"343667.22608228144","binds","","NR4A1 (binds) OTUD1","chr10","23403639","23403325","","false","binds","NR4A1 (binds) OTUD1","","MAGICAL","+","ENSG00000165312.7","","ENSG00000123358.20","",
"5","1406803.6714863707","regulates","RE","NFIB (regulates) EEA1","",,,"O00712_S264s","false","regulates","NFIB (regulates) EEA1","S264s","SCION","","","ENSG00000102189.17","","muscle","0.108123232729352"
"11","9876.469230768917","regulates","EE","MEF2A (regulates) CRIM1","",,,"Q02078_S98sT108t","false","regulates","MEF2A (regulates) CRIM1","S98sT108t","SCION","","","ENSG00000150938.10","","muscle","0.163508618883827"
"1","49520.03225108364","regulates","EE","HES1 (regulates) HMGB2","",,,"Q14469_S12s","false","regulates","HES1 (regulates) HMGB2","S12s","SCION","","","ENSG00000164104.12","","muscle","0.513538763802437"
,"14286.620906725442","binds","","JUN (binds) DIAPH1","chr5","141617484","141617284","","false","binds","JUN (binds) DIAPH1","","MAGICAL","-","ENSG00000131504.18","","ENSG00000177606.8","",
,"261054.0452380709","binds","","FOSL2 (binds) LMOD2","chr7","123659783","123658840","","false","binds","FOSL2 (binds) LMOD2","","MAGICAL","+","ENSG00000170807.12","","ENSG00000075426.12","",
"11","665735.7620213113","regulates","EE","MEF2A (regulates) ARID5B","",,,"Q02078_S98sT108t","false","regulates","MEF2A (regulates) ARID5B","S98sT108t","SCION","","","ENSG00000150347.17","","muscle","0.127778945532518"
"11","504316.5164502249","regulates","EE","MEF2A (regulates) JPH2","",,,"Q02078_S98sT108t","false","regulates","MEF2A (regulates) JPH2","S98sT108t","SCION","","","ENSG00000149596.7","","muscle","0.115858260178469"
,"51022.79074357","binds","","FOSL2 (binds) RCAN1","chr21","34527271","34526553","","false","binds","FOSL2 (binds) RCAN1","","MAGICAL","-","ENSG00000159200.18","","ENSG00000075426.12","",
"11","334440.62500000966","regulates","EE","MEF2A (regulates) SESN3","",,,"Q02078_S98sT108t","false","regulates","MEF2A (regulates) SESN3","S98sT108t","SCION","","","ENSG00000149212.12","","muscle","0.146048973648422"
"5","100518.69372294181","regulates","RE","NFIB (regulates) ABHD4","",,,"O00712_S264s","false","regulates","NFIB (regulates) ABHD4","S264s","SCION","","","ENSG00000100439.11","","muscle","0.231005410112526"
,"63610.80164834858","binds","","FOSL2 (binds) IRS2","chr13","109840903","109840167","","false","binds","FOSL2 (binds) IRS2","","MAGICAL","-","ENSG00000185950.9","","ENSG00000075426.12","",
"11","6823.9523809521215","regulates","EE","MEF2A (regulates) PARD3","",,,"Q02078_S98sT108t","false","regulates","MEF2A (regulates) PARD3","S98sT108t","SCION","","","ENSG00000148498.16","","muscle","0.13040595229847"
"11","11555.53469439146","regulates","EE","MEF2A (regulates) OGT","",,,"Q02078_S98sT108t","false","regulates","MEF2A (regulates) OGT","S98sT108t","SCION","","","ENSG00000147162.14","","muscle","0.151432803662036"
"5","21152.108333332188","regulates","RE","NFIB (regulates) JOSD1","",,,"O00712_S264s","false","regulates","NFIB (regulates) JOSD1","S264s","SCION","","","ENSG00000100221.11","","muscle","0.117737961217838"
,"1693170.9435200172","binds","","FOSL2 (binds) NFIL3","chr9","91419631","91419273","","false","binds","FOSL2 (binds) NFIL3","","MAGICAL","-","ENSG00000165030.4","","ENSG00000075426.12","",
"5","708772.1832570322","regulates","RE","NFIB (regulates) KCNK6","",,,"O00712_S264s","false","regulates","NFIB (regulates) KCNK6","S264s","SCION","","","ENSG00000099337.5","","muscle","0.196401516755621"
,"0.0","binds","","FOSL2 (binds) FOSL2","chr2","28410222","28409010","","false","binds","FOSL2 (binds) FOSL2","","MAGICAL","+","ENSG00000075426.12","","ENSG00000075426.12","",
"11","15072.142496392786","regulates","EE","MEF2A (regulates) PAM","",,,"Q02078_S98s","false","regulates","MEF2A (regulates) PAM","S98s","SCION","","","ENSG00000145730.21","","muscle","0.167581639240333"
"11","1.626035386354453E7","regulates","EE","MEF2A (regulates) TMF1","",,,"Q02078_S98s","false","regulates","MEF2A (regulates) TMF1","S98s","SCION","","","ENSG00000144747.17","","muscle","0.118479533316211"
"4","945221.0490260565","regulates","EE","NFIB (regulates) EIF4E","",,,"O00712_S333s","false","regulates","NFIB (regulates) EIF4E","S333s","SCION","","","ENSG00000151247.13","","muscle","0.10068782297537"
"11","1016851.172077909","regulates","EE","MEF2A (regulates) KANSL1L","",,,"Q02078_S98sT108t","false","regulates","MEF2A (regulates) KANSL1L","S98sT108t","SCION","","","ENSG00000144445.17","","muscle","0.15882337537232"
"11","553299.562276435","regulates","EE","MEF2A (regulates) GATAD2B","",,,"Q02078_S98s","false","regulates","MEF2A (regulates) GATAD2B","S98s","SCION","","","ENSG00000143614.10","","muscle","0.205250557082264"
"1","9469.927112135809","regulates","EE","HES1 (regulates) HNRNPU","",,,"Q14469_S12s","false","regulates","HES1 (regulates) HNRNPU","S12s","SCION","","","ENSG00000153187.20","","muscle","0.366320566550052"
"11","8331.772957477284","regulates","EE","MEF2A (regulates) TP53BP2","",,,"Q02078_S98sT108t","false","regulates","MEF2A (regulates) TP53BP2","S98sT108t","SCION","","","ENSG00000143514.17","","muscle","0.132786104453802"
"13","5351781.6809984725","regulates","RE","NFIC (regulates) MEF2A","",,,"P08651_S333s","false","regulates","NFIC (regulates) MEF2A","S333s","SCION","","","ENSG00000068305.18","","muscle","0.155619751518246"
,"59739.75210623221","binds","","FOSL2 (binds) ABRA","chr8","106783505","106783054","","false","binds","FOSL2 (binds) ABRA","","MAGICAL","-","ENSG00000174429.4","","ENSG00000075426.12","",
,"259836.15952382225","binds","","FOSL2 (binds) OTUD1","chr10","23370640","23369848","","false","binds","FOSL2 (binds) OTUD1","","MAGICAL","+","ENSG00000165312.7","","ENSG00000075426.12","",
,"43979.95674603334","binds","","FOSL2 (binds) PDK4","chr7","95689521","95688746","","false","binds","FOSL2 (binds) PDK4","","MAGICAL","-","ENSG00000004799.8","","ENSG00000075426.12","",
"13","140946.53571428556","regulates","RE","NFIC (regulates) PIAS1","",,,"P08651_S333s","false","regulates","NFIC (regulates) PIAS1","S333s","SCION","","","ENSG00000033800.14","","muscle","0.278348479575085"
,"831697.2130665071","binds","","FOSL2 (binds) NR4A2","chr2","156333341","156331888","","false","binds","FOSL2 (binds) NR4A2","","MAGICAL","-","ENSG00000153234.15","","ENSG00000075426.12","",
"11","92886.14960318091","regulates","EE","MEF2A (regulates) SBNO1","",,,"Q02078_S98s","false","regulates","MEF2A (regulates) SBNO1","S98s","SCION","","","ENSG00000139697.14","","muscle","0.155151764433799"
,"14376.494778613987","binds","","JUN (binds) POFUT1","chr20","32286406","32285176","","false","binds","JUN (binds) POFUT1","","MAGICAL","+","ENSG00000101346.14","","ENSG00000177606.8","",
"11","661043.3222804902","regulates","EE","MEF2A (regulates) ETV6","",,,"Q02078_S98s","false","regulates","MEF2A (regulates) ETV6","S98s","SCION","","","ENSG00000139083.11","","muscle","0.219034191178023"
,"15429.172186147307","binds","","JUN (binds) LRRFIP2","chr3","37198849","37196857","","false","binds","JUN (binds) LRRFIP2","","MAGICAL","-","ENSG00000093167.18","","ENSG00000177606.8","",
,"187872.66226553457","binds","","NR4A1 (binds) ETS2","chr21","38821561","38820532","","false","binds","NR4A1 (binds) ETS2","","MAGICAL","+","ENSG00000157557.13","","ENSG00000123358.20","",
"11","51110.23333333116","regulates","EE","MEF2A (regulates) DUSP5","",,,"Q02078_S98s","false","regulates","MEF2A (regulates) DUSP5","S98s","SCION","","","ENSG00000138166.6","","muscle","0.189603151443618"
"11","1030031.5194445013","regulates","EE","MEF2A (regulates) FAM8A1","",,,"Q02078_S98sT108t","false","regulates","MEF2A (regulates) FAM8A1","S98sT108t","SCION","","","ENSG00000137414.7","","muscle","0.160465445650828"
"11","362747.2089002877","regulates","EE","MEF2A (regulates) MYC","",,,"Q02078_S98s","false","regulates","MEF2A (regulates) MYC","S98s","SCION","","","ENSG00000136997.21","","muscle","0.130378084467846"
"11","21279.051465200933","regulates","EE","MEF2A (regulates) HLX","",,,"Q02078_S98sT108t","false","regulates","MEF2A (regulates) HLX","S98sT108t","SCION","","","ENSG00000136630.13","","muscle","0.344967982215574"
,"18051.24090909025","binds","","JUN (binds) ABHD4","chr14","22614887","22613417","","false","binds","JUN (binds) ABHD4","","MAGICAL","+","ENSG00000100439.11","","ENSG00000177606.8","",
,"77731.4277777789","binds","","FOSL2 (binds) LSMEM1","chr7","112449617","112449403","","false","binds","FOSL2 (binds) LSMEM1","","MAGICAL","+","ENSG00000181016.9","","ENSG00000075426.12","",
"11","331074.5407690384","regulates","EE","MEF2A (regulates) TBC1D4","",,,"Q02078_S98sT108t","false","regulates","MEF2A (regulates) TBC1D4","S98sT108t","SCION","","","ENSG00000136111.14","","muscle","0.10426818225212"
"5","1036749.8725490406","regulates","RE","NFIB (regulates) ATP2B1","",,,"O00712_S264s","false","regulates","NFIB (regulates) ATP2B1","S264s","SCION","","","ENSG00000070961.16","","muscle","0.222936437112466"
"11","334143.0964285708","regulates","EE","MEF2A (regulates) APPL2","",,,"Q02078_S98sT108t","false","regulates","MEF2A (regulates) APPL2","S98sT108t","SCION","","","ENSG00000136044.12","","muscle","0.103716547086927"
"5","30716.107954542873","regulates","RE","NFIB (regulates) NEDD4","",,,"O00712_S264s","false","regulates","NFIB (regulates) NEDD4","S264s","SCION","","","ENSG00000069869.17","","muscle","0.217139530689294"
"13","570423.1049784151","regulates","RE","NFIC (regulates) CREBBP","",,,"P08651_S333s","false","regulates","NFIC (regulates) CREBBP","S333s","SCION","","","ENSG00000005339.15","","muscle","0.205862660507221"
"11","6751.651648351285","regulates","EE","MEF2A (regulates) CEMIP2","",,,"Q02078_S98sT108t","false","regulates","MEF2A (regulates) CEMIP2","S98sT108t","SCION","","","ENSG00000135048.14","","muscle","0.103882368131597"
"6","14631.076030667295","regulates","EE","NFIC (regulates) FABP3","",,,"P08651_S343s","false","regulates","NFIC (regulates) FABP3","S343s","SCION","","","ENSG00000121769.8","","muscle","0.129853559977186"
"11","27086.030952381352","regulates","EE","MEF2A (regulates) SYT11","",,,"Q02078_S98sT108t","false","regulates","MEF2A (regulates) SYT11","S98sT108t","SCION","","","ENSG00000132718.9","","muscle","0.103707436888964"
,"0.0","binds","","NR4A1 (binds) NR4A1","chr12","52046431","52045337","","false","binds","NR4A1 (binds) NR4A1","","MAGICAL","+","ENSG00000123358.20","","ENSG00000123358.20","",
"11","497975.14502166363","regulates","EE","MEF2A (regulates) BTBD3","",,,"Q02078_S98s","false","regulates","MEF2A (regulates) BTBD3","S98s","SCION","","","ENSG00000132640.15","","muscle","0.141767692431471"
,"7434.939579718375","binds","","JUN (binds) RANBP2","chr2","108662615","108661960","","false","binds","JUN (binds) RANBP2","","MAGICAL","+","ENSG00000153201.16","","ENSG00000177606.8","",
"5","94208.30000000342","regulates","RE","NFIB (regulates) SLK","",,,"O00712_S264s","false","regulates","NFIB (regulates) SLK","S264s","SCION","","","ENSG00000065613.15","","muscle","0.211694391612873"
"11","7348.650000000345","regulates","EE","MEF2A (regulates) SYNE1","",,,"Q02078_S98s","false","regulates","MEF2A (regulates) SYNE1","S98s","SCION","","","ENSG00000131018.25","","muscle","0.145745551706231"
"5","46279.5833333396","regulates","RE","NFIB (regulates) TBC1D22B","",,,"O00712_S264s","false","regulates","NFIB (regulates) TBC1D22B","S264s","SCION","","","ENSG00000065491.8","","muscle","0.228533307470704"
"11","148307.17131868037","regulates","EE","MEF2A (regulates) UBE4B","",,,"Q02078_S98s","false","regulates","MEF2A (regulates) UBE4B","S98s","SCION","","","ENSG00000130939.20","","muscle","0.104437428952502"
"9","76192.16626984061","regulates","RE","NFIC (regulates) PIK3R3","",,,"P08651_S339s","false","regulates","NFIC (regulates) PIK3R3","S339s","SCION","","","ENSG00000117461.15","","muscle","0.175218222530959"
"11","998252.5454213276","regulates","EE","MEF2A (regulates) EIF2S3","",,,"Q02078_S98sT108t","false","regulates","MEF2A (regulates) EIF2S3","S98sT108t","SCION","","","ENSG00000130741.11","","muscle","0.149189987017705"
"11","19622.72002442116","regulates","EE","MEF2A (regulates) ZBTB1","",,,"Q02078_S98sT108t","false","regulates","MEF2A (regulates) ZBTB1","S98sT108t","SCION","","","ENSG00000126804.14","","muscle","0.203937957265024"
"11","159605.6620448139","regulates","EE","MEF2A (regulates) ATXN1","",,,"Q02078_S98sT108t","false","regulates","MEF2A (regulates) ATXN1","S98sT108t","SCION","","","ENSG00000124788.19","","muscle","0.10553046116704"
"1","5626.425668629247","regulates","EE","HES1 (regulates) DIAPH1","",,,"Q14469_S12s","false","regulates","HES1 (regulates) DIAPH1","S12s","SCION","","","ENSG00000131504.18","","muscle","0.119604165248043"
"11","154743.36507936358","regulates","EE","MEF2A (regulates) MPHOSPH10","",,,"Q02078_S98s","false","regulates","MEF2A (regulates) MPHOSPH10","S98s","SCION","","","ENSG00000124383.9","","muscle","0.224626829135055"
"11","533402.1547619146","regulates","EE","MEF2A (regulates) ZNFX1","",,,"Q02078_S98s","false","regulates","MEF2A (regulates) ZNFX1","S98s","SCION","","","ENSG00000124201.15","","muscle","0.183032675496211"
"11","6928.085714285201","regulates","EE","MEF2A (regulates) EGR2","",,,"Q02078_S98sT108t","false","regulates","MEF2A (regulates) EGR2","S98sT108t","SCION","","","ENSG00000122877.18","","muscle","0.113462597021022"
"11","502831.51666662394","regulates","EE","MEF2A (regulates) PLAU","",,,"Q02078_S98sT108t","false","regulates","MEF2A (regulates) PLAU","S98sT108t","SCION","","","ENSG00000122861.16","","muscle","0.138823502805927"
"11","11342.507894737448","regulates","EE","MEF2A (regulates) TBC1D15","",,,"Q02078_S98sT108t","false","regulates","MEF2A (regulates) TBC1D15","S98sT108t","SCION","","","ENSG00000121749.16","","muscle","0.123941089076533"
,"14119.386111110978","binds","","JUN (binds) TBC1D22B","chr6","37240788","37239894","","false","binds","JUN (binds) TBC1D22B","","MAGICAL","+","ENSG00000065491.8","","ENSG00000177606.8","",
"11","585761.9004322835","regulates","EE","MEF2A (regulates) ELF1","",,,"Q02078_S98sT108t","false","regulates","MEF2A (regulates) ELF1","S98sT108t","SCION","","","ENSG00000120690.16","","muscle","0.206717684242091"
,"41461.580804941856","binds","","JUN (binds) POLR2M","chr15","57626347","57625054","","false","binds","JUN (binds) POLR2M","","MAGICAL","+","ENSG00000255529.9","","ENSG00000177606.8","",
"11","11888.20487189845","regulates","EE","MEF2A (regulates) SET","",,,"Q02078_S98sT108t","false","regulates","MEF2A (regulates) SET","S98sT108t","SCION","","","ENSG00000119335.18","","muscle","0.154205339653785"
"11","6100.350000000122","regulates","EE","MEF2A (regulates) CCNI","",,,"Q02078_S98s","false","regulates","MEF2A (regulates) CCNI","S98s","SCION","","","ENSG00000118816.11","","muscle","0.22894872428481"
"11","762770.5604978412","regulates","EE","MEF2A (regulates) ATF6","",,,"Q02078_S98s","false","regulates","MEF2A (regulates) ATF6","S98s","SCION","","","ENSG00000118217.7","","muscle","0.119049749977576"
"11","6933895.341309268","regulates","EE","MEF2A (regulates) DR1","",,,"Q02078_S98s","false","regulates","MEF2A (regulates) DR1","S98s","SCION","","","ENSG00000117505.13","","muscle","0.151102850471624"
"11","53593.832936508","regulates","EE","MEF2A (regulates) PIK3R3","",,,"Q02078_S98s","false","regulates","MEF2A (regulates) PIK3R3","S98s","SCION","","","ENSG00000117461.15","","muscle","0.213474472471779"
"11","1205153.0","regulates","EE","MEF2A (regulates) ETV3","",,,"Q02078_S98s","false","regulates","MEF2A (regulates) ETV3","S98s","SCION","","","ENSG00000117036.12","","muscle","0.183287380280152"
,"11737.406060607816","binds","","ZBTB6 (binds) ABRA","chr8","106783505","106783054","","false","binds","ZBTB6 (binds) ABRA","","MAGICAL","-","ENSG00000174429.4","","ENSG00000186130.5","",
"8","32831.178860029424","regulates","EE","NFIC (regulates) DEPP1","",,,"P08651_S305s","false","regulates","NFIC (regulates) DEPP1","S305s","SCION","","","ENSG00000165507.9","","muscle","0.120166047942525"
,"16779.190476191077","binds","","ZBTB6 (binds) LMOD2","chr7","123660626","123659853","","false","binds","ZBTB6 (binds) LMOD2","","MAGICAL","+","ENSG00000170807.12","","ENSG00000186130.5","",
"11","1.1723980990926951E7","regulates","EE","MEF2A (regulates) HES1","",,,"Q02078_S98sT108t","false","regulates","MEF2A (regulates) HES1","S98sT108t","SCION","","","ENSG00000114315.4","","muscle","0.243173241555893"
"11","6288.749999999807","regulates","EE","MEF2A (regulates) CSNK1A1","",,,"Q02078_S98sT108t","false","regulates","MEF2A (regulates) CSNK1A1","S98sT108t","SCION","","","ENSG00000113712.19","","muscle","0.116985899292993"
"11","14715.755555556243","regulates","EE","MEF2A (regulates) NEDD9","",,,"Q02078_S98sT108t","false","regulates","MEF2A (regulates) NEDD9","S98sT108t","SCION","","","ENSG00000111859.17","","muscle","0.37834227267567"
,"14459.48931457406","binds","","ZBTB6 (binds) NEAT1","chr11","65508918","65506502","","false","binds","ZBTB6 (binds) NEAT1","","MAGICAL","+","ENSG00000245532.10","","ENSG00000186130.5","",
"11","93240.42738095229","regulates","EE","MEF2A (regulates) NUP98","",,,"Q02078_S98s","false","regulates","MEF2A (regulates) NUP98","S98s","SCION","","","ENSG00000110713.17","","muscle","0.22232655085115"
,"4034.0","binds","","NR1D2 (binds) WDR26","chr1","224448998","224448502","","false","binds","NR1D2 (binds) WDR26","","MAGICAL","-","ENSG00000162923.17","","ENSG00000174738.13","",
"11","8643.82222222279","regulates","EE","MEF2A (regulates) DPH1","",,,"Q02078_S98s","false","regulates","MEF2A (regulates) DPH1","S98s","SCION","","","ENSG00000108963.19","","muscle","0.147407875926069"
,"17853.002614380486","binds","","ZBTB6 (binds) DNAJB4","chr1","78019600","78018834","","false","binds","ZBTB6 (binds) DNAJB4","","MAGICAL","+","ENSG00000162616.9","","ENSG00000186130.5","",
,"21671.151948052677","binds","","JUN (binds) VCL","chr10","74029722","74029327","","false","binds","JUN (binds) VCL","","MAGICAL","+","ENSG00000035403.18","","ENSG00000177606.8","",
,"13108.687012986495","binds","","ZBTB6 (binds) JOSD1","chr22","38616152","38614736","","false","binds","ZBTB6 (binds) JOSD1","","MAGICAL","-","ENSG00000100221.11","","ENSG00000186130.5","",
,"110964.99126983975","binds","","NFIL3 (binds) OST4","chr2","27011203","27010644","","false","binds","NFIL3 (binds) OST4","","MAGICAL","-","ENSG00000228474.6","","ENSG00000165030.4","",
,"15212.633333332224","binds","","ZBTB6 (binds) GADD45G","chr9","89624645","89623772","","false","binds","ZBTB6 (binds) GADD45G","","MAGICAL","+","ENSG00000130222.11","","ENSG00000186130.5","",
"11","561835.0752926157","regulates","EE","MEF2A (regulates) MIB1","",,,"Q02078_S98sT108t","false","regulates","MEF2A (regulates) MIB1","S98sT108t","SCION","","","ENSG00000101752.12","","muscle","0.370994342426195"
"4","22653.671428570964","regulates","RE","NFIB (regulates) ABRA","",,,"O00712_S328s","false","regulates","NFIB (regulates) ABRA","S328s","SCION","","","ENSG00000174429.4","","muscle","0.271067156118407"
,"46292.054212455274","binds","","ZBTB6 (binds) NR4A2","chr2","156333341","156331888","","false","binds","ZBTB6 (binds) NR4A2","","MAGICAL","-","ENSG00000153234.15","","ENSG00000186130.5","",
,"4034.0","binds","","NR1D2 (binds) OSBPL8","chr12","76589509","76588761","","false","binds","NR1D2 (binds) OSBPL8","","MAGICAL","-","ENSG00000091039.17","","ENSG00000174738.13","",
"11","228700.58618190693","regulates","EE","MEF2A (regulates) NFKBIA","",,,"Q02078_S98sT108t","false","regulates","MEF2A (regulates) NFKBIA","S98sT108t","SCION","","","ENSG00000100906.11","","muscle","0.327818553397308"
,"15338.822527472019","binds","","ZBTB6 (binds) CCN1","chr1","85582695","85582000","","false","binds","ZBTB6 (binds) CCN1","","MAGICAL","+","ENSG00000142871.18","","ENSG00000186130.5","",
"11","977027.5424907724","regulates","EE","MEF2A (regulates) PPM1A","",,,"Q02078_S98sT108t","false","regulates","MEF2A (regulates) PPM1A","S98sT108t","SCION","","","ENSG00000100614.18","","muscle","0.166269087073836"
,"557419.998684656","binds","","NFIB (binds) CSNK1A1","chr5","149453803","149453315","","false","binds","NFIB (binds) CSNK1A1","","MAGICAL","-","ENSG00000113712.19","","ENSG00000147862.18","",
"11","420992.48733211897","regulates","EE","MEF2A (regulates) TOM1","",,,"Q02078_S98s","false","regulates","MEF2A (regulates) TOM1","S98s","SCION","","","ENSG00000100284.22","","muscle","0.177702896125933"
"11","7036.182692307322","regulates","EE","MEF2A (regulates) KCNK6","",,,"Q02078_S98sT108t","false","regulates","MEF2A (regulates) KCNK6","S98sT108t","SCION","","","ENSG00000099337.5","","muscle","0.115450531700173"
,"122237.56071429023","binds","","NFIL3 (binds) TMEM214","chr2","27064502","27063461","","false","binds","NFIL3 (binds) TMEM214","","MAGICAL","+","ENSG00000119777.20","","ENSG00000165030.4","",
"4","41567.104761901304","regulates","RE","NFIB (regulates) OTUD1","",,,"O00712_S328s","false","regulates","NFIB (regulates) OTUD1","S328s","SCION","","","ENSG00000165312.7","","muscle","0.14844617187402"
"6","542559.7307359207","regulates","EE","NFIC (regulates) SLC25A4","",,,"P08651_S343s","false","regulates","NFIC (regulates) SLC25A4","S343s","SCION","","","ENSG00000151729.11","","muscle","0.287455638405485"
"11","7009.08091908036","regulates","EE","MEF2A (regulates) OSBPL8","",,,"Q02078_S98sT108t","false","regulates","MEF2A (regulates) OSBPL8","S98sT108t","SCION","","","ENSG00000091039.17","","muscle","0.193418938768861"
,"252794.75219735727","binds","","NFIL3 (binds) DIAPH1","chr5","141574705","141573488","","false","binds","NFIL3 (binds) DIAPH1","","MAGICAL","-","ENSG00000131504.18","","ENSG00000165030.4","",
"11","14481.573767753654","regulates","EE","MEF2A (regulates) DDX24","",,,"Q02078_S98s","false","regulates","MEF2A (regulates) DDX24","S98s","SCION","","","ENSG00000089737.18","","muscle","0.230713157333145"
,"21262.209982173415","binds","","JUN (binds) CHMP4B","chr20","33804602","33803822","","false","binds","JUN (binds) CHMP4B","","MAGICAL","+","ENSG00000101421.4","","ENSG00000177606.8","",
"11","791490.2757936304","regulates","EE","MEF2A (regulates) PXN","",,,"Q02078_S98sT108t","false","regulates","MEF2A (regulates) PXN","S98sT108t","SCION","","","ENSG00000089159.17","","muscle","0.150958589057924"
"11","497737.22835496196","regulates","EE","MEF2A (regulates) SEH1L","",,,"Q02078_S98sT108t","false","regulates","MEF2A (regulates) SEH1L","S98sT108t","SCION","","","ENSG00000085415.16","","muscle","0.149870836506014"
"1","7051.3099025968795","regulates","EE","HES1 (regulates) NEDD4","",,,"Q14469_S12s","false","regulates","HES1 (regulates) NEDD4","S12s","SCION","","","ENSG00000069869.17","","muscle","0.198585951583869"
,"14070.099603175264","binds","","ZBTB6 (binds) LSMEM1","chr7","112423574","112422704","","false","binds","ZBTB6 (binds) LSMEM1","","MAGICAL","+","ENSG00000181016.9","","ENSG00000186130.5","",
,"42553.41754519346","binds","","NFIL3 (binds) LMCD1","chr3","8544630","8543983","","false","binds","NFIL3 (binds) LMCD1","","MAGICAL","+","ENSG00000071282.12","","ENSG00000165030.4","",
,"19067.220358589835","binds","","NFIB (binds) ACSL1","chr4","184755585","184755182","","false","binds","NFIB (binds) ACSL1","","MAGICAL","-","ENSG00000151726.15","","ENSG00000147862.18","",
"1","119051.72368579464","regulates","EE","HES1 (regulates) USP28","",,,"Q14469_S12s","false","regulates","HES1 (regulates) USP28","S12s","SCION","","","ENSG00000048028.11","","muscle","0.127947145799177"
"11","1213961.0","regulates","EE","MEF2A (regulates) REXO1","",,,"Q02078_S98s","false","regulates","MEF2A (regulates) REXO1","S98s","SCION","","","ENSG00000079313.15","","muscle","0.11512996629929"
,"17686.275747472522","binds","","JUN (binds) GNA13","chr17","64989616","64989145","","false","binds","JUN (binds) GNA13","","MAGICAL","-","ENSG00000120063.10","","ENSG00000177606.8","",
"11","526555.0036546187","regulates","EE","MEF2A (regulates) FOSL2","",,,"Q02078_S98sT108t","false","regulates","MEF2A (regulates) FOSL2","S98sT108t","SCION","","","ENSG00000075426.12","","muscle","0.192539993182135"
"11","1065515.5618347437","regulates","EE","MEF2A (regulates) NCK2","",,,"Q02078_S98sT108t","false","regulates","MEF2A (regulates) NCK2","S98sT108t","SCION","","","ENSG00000071051.14","","muscle","0.134847063683376"
"11","8338.614285714675","regulates","EE","MEF2A (regulates) ATP2B1","",,,"Q02078_S98sT108t","false","regulates","MEF2A (regulates) ATP2B1","S98sT108t","SCION","","","ENSG00000070961.16","","muscle","0.188714557842127"
,"756231.1746031661","binds","","NFIL3 (binds) EGR2","chr10","62916621","62916145","","false","binds","NFIL3 (binds) EGR2","","MAGICAL","-","ENSG00000122877.18","","ENSG00000165030.4","",
"11","416138.05033579865","regulates","EE","MEF2A (regulates) CSNK2A2","",,,"Q02078_S98s","false","regulates","MEF2A (regulates) CSNK2A2","S98s","SCION","","","ENSG00000070770.10","","muscle","0.149706112789405"
,"1614.2000000002297","binds","","NR1D2 (binds) CPEB4","chr5","173955581","173954255","","false","binds","NR1D2 (binds) CPEB4","","MAGICAL","+","ENSG00000113742.14","","ENSG00000174738.13","",
"11","332111.12500000413","regulates","EE","MEF2A (regulates) RASSF1","",,,"Q02078_S98s","false","regulates","MEF2A (regulates) RASSF1","S98s","SCION","","","ENSG00000068028.18","","muscle","0.116250889205205"
,"11468.714285713815","binds","","NFIB (binds) OST4","chr2","27064502","27063461","","false","binds","NFIB (binds) OST4","","MAGICAL","-","ENSG00000228474.6","","ENSG00000147862.18","",
,"1.1239899398362836E7","binds","","ZBTB6 (binds) FOSL2","chr2","28407518","28406738","","false","binds","ZBTB6 (binds) FOSL2","","MAGICAL","+","ENSG00000075426.12","","ENSG00000186130.5","",
"9","69481.26042568212","regulates","RE","GATAD2B (regulates) SEMA4C","",,,"Q8WXI9_S334s","false","regulates","GATAD2B (regulates) SEMA4C","S334s","SCION","","","ENSG00000168758.11","","muscle","0.178816064956788"
,"85850.42619048167","binds","","NFIL3 (binds) PDK4","chr7","95591653","95590809","","false","binds","NFIL3 (binds) PDK4","","MAGICAL","-","ENSG00000004799.8","","ENSG00000165030.4","",
,"120224.70762031202","binds","","NFIL3 (binds) RCAN1","chr21","34522983","34522212","","false","binds","NFIL3 (binds) RCAN1","","MAGICAL","-","ENSG00000159200.18","","ENSG00000165030.4","",
"4","27021.666666668618","regulates","RE","NFIB (regulates) CCN1","",,,"O00712_S328s","false","regulates","NFIB (regulates) CCN1","S328s","SCION","","","ENSG00000142871.18","","muscle","0.181464337752152"
"11","461307.3543651223","regulates","EE","MEF2A (regulates) SLC12A2","",,,"Q02078_S98sT108t","false","regulates","MEF2A (regulates) SLC12A2","S98sT108t","SCION","","","ENSG00000064651.14","","muscle","0.128807432401688"
,"621335.1987862098","binds","","NFIL3 (binds) DNAJB4","chr1","78019600","78018834","","false","binds","NFIL3 (binds) DNAJB4","","MAGICAL","+","ENSG00000162616.9","","ENSG00000165030.4","",
,"6122327.688178569","binds","","ZBTB6 (binds) NR4A1","chr12","52047111","52046911","","false","binds","ZBTB6 (binds) NR4A1","","MAGICAL","+","ENSG00000123358.20","","ENSG00000186130.5","",
"11","759474.8544372364","regulates","EE","MEF2A (regulates) ELMO2","",,,"Q02078_S98sT108t","false","regulates","MEF2A (regulates) ELMO2","S98sT108t","SCION","","","ENSG00000062598.18","","muscle","0.169078247696117"
,"2017.5","binds","","NR1D2 (binds) IRS2","chr13","109840903","109840167","","false","binds","NR1D2 (binds) IRS2","","MAGICAL","-","ENSG00000185950.9","","ENSG00000174738.13","",
"12","6115.835714286045","regulates","RE","NFIC (regulates) TMEM214","",,,"P08651_S343s","false","regulates","NFIC (regulates) TMEM214","S343s","SCION","","","ENSG00000119777.20","","muscle","0.148213254133939"
,"17295.524999999987","binds","","NFIB (binds) TMEM214","chr2","27064502","27063461","","false","binds","NFIB (binds) TMEM214","","MAGICAL","+","ENSG00000119777.20","","ENSG00000147862.18","",
"11","791177.3623015631","regulates","EE","MEF2A (regulates) HDAC9","",,,"Q02078_S98sT108t","false","regulates","MEF2A (regulates) HDAC9","S98sT108t","SCION","","","ENSG00000048052.24","","muscle","0.110360629073972"
"11","1112423.2570410427","regulates","EE","MEF2A (regulates) EDC4","",,,"Q02078_S98s","false","regulates","MEF2A (regulates) EDC4","S98s","SCION","","","ENSG00000038358.15","","muscle","0.136288389474491"
"11","9321.928571428907","regulates","EE","MEF2A (regulates) VCL","",,,"Q02078_S98s","false","regulates","MEF2A (regulates) VCL","S98s","SCION","","","ENSG00000035403.18","","muscle","0.15486399125246"
"4","1052858.3444444307","regulates","EE","NFIB (regulates) RANBP9","",,,"O00712_S333s","false","regulates","NFIB (regulates) RANBP9","S333s","SCION","","","ENSG00000010017.13","","muscle","0.108046267921763"
,"166627.9666666789","binds","","NFIL3 (binds) LSMEM1","chr7","112423574","112422704","","false","binds","NFIL3 (binds) LSMEM1","","MAGICAL","+","ENSG00000181016.9","","ENSG00000165030.4","",
"11","159445.0620448154","regulates","EE","MEF2A (regulates) KDM7A","",,,"Q02078_S98s","false","regulates","MEF2A (regulates) KDM7A","S98s","SCION","","","ENSG00000006459.11","","muscle","0.152496535692318"
,"214321.56181317958","binds","","NFIL3 (binds) SLC25A30","chr13","45511902","45511386","","false","binds","NFIL3 (binds) SLC25A30","","MAGICAL","-","ENSG00000174032.17","","ENSG00000165030.4","",
,"18810.34229877865","binds","","JUN (binds) BAG3","chr10","119678795","119678388","","false","binds","JUN (binds) BAG3","","MAGICAL","+","ENSG00000151929.10","","ENSG00000177606.8","",
"11","995137.156493518","regulates","EE","MEF2A (regulates) ZFX","",,,"Q02078_S98sT108t","false","regulates","MEF2A (regulates) ZFX","S98sT108t","SCION","","","ENSG00000005889.16","","muscle","0.135310651375204"
,"121272.01900093757","binds","","NFIL3 (binds) IRS2","chr13","109757126","109756551","","false","binds","NFIL3 (binds) IRS2","","MAGICAL","-","ENSG00000185950.9","","ENSG00000165030.4","",
"9","8593.0","regulates","RE","TMF1 (regulates) SEMA4C","",,,"P82094_S344s","false","regulates","TMF1 (regulates) SEMA4C","S344s","SCION","","","ENSG00000168758.11","","muscle","0.25463872556694"
,"87346.12784992997","binds","","NFIB (binds) HOMER1","chr5","79490266","79489860","","false","binds","NFIB (binds) HOMER1","","MAGICAL","-","ENSG00000152413.15","","ENSG00000147862.18","",
,"193465.88593074118","binds","","NFIL3 (binds) ETS2","chr21","38821561","38820532","","false","binds","NFIL3 (binds) ETS2","","MAGICAL","+","ENSG00000157557.13","","ENSG00000165030.4","",
,"4034.0","binds","","NR1D2 (binds) ANKRD2","chr10","97575572","97575070","","false","binds","NR1D2 (binds) ANKRD2","","MAGICAL","+","ENSG00000165887.12","","ENSG00000174738.13","",
,"16092.24223497028","binds","","JUN (binds) ARPP19","chr15","52558704","52558094","","false","binds","JUN (binds) ARPP19","","MAGICAL","-","ENSG00000128989.11","","ENSG00000177606.8","",
,"11153.90476190441","binds","","SP2 (binds) LSMEM1","chr7","112423574","112422704","","false","binds","SP2 (binds) LSMEM1","","MAGICAL","+","ENSG00000181016.9","","ENSG00000167182.16","",
,"1345.3333333333858","binds","","NR1D2 (binds) CCN1","chr1","85557129","85555916","","false","binds","NR1D2 (binds) CCN1","","MAGICAL","+","ENSG00000142871.18","","ENSG00000174738.13","",
,"8.103489200757876E7","binds","","NFIL3 (binds) NR4A1","chr12","52059897","52059484","","false","binds","NFIL3 (binds) NR4A1","","MAGICAL","+","ENSG00000123358.20","","ENSG00000165030.4","",
,"2017.5","binds","","NR1D2 (binds) RCAN1","chr21","34580912","34579951","","false","binds","NR1D2 (binds) RCAN1","","MAGICAL","-","ENSG00000159200.18","","ENSG00000174738.13","",
"13","499045.26522365806","regulates","RE","MEF2A (regulates) SCAF8","",,,"Q02078_S98sT108t","false","regulates","MEF2A (regulates) SCAF8","S98sT108t","SCION","","","ENSG00000213079.10","","muscle","0.151347311421552"
,"1345.3333333333858","binds","","NR1D2 (binds) PDK4","chr7","95589609","95588794","","false","binds","NR1D2 (binds) PDK4","","MAGICAL","-","ENSG00000004799.8","","ENSG00000174738.13","",
"11","28965.0","regulates","EE","DR1 (regulates) TLE1","",,,"Q01658_S106s","false","regulates","DR1 (regulates) TLE1","S106s","SCION","","","ENSG00000196781.16","","muscle","0.126824016255033"
,"54364.838095234016","binds","","JDP2 (binds) PARD3","chr10","34822633","34822114","","false","binds","JDP2 (binds) PARD3","","MAGICAL","-","ENSG00000148498.16","","ENSG00000140044.13","",
,"11973.416666667592","binds","","NFIB (binds) LMCD1","chr3","8533463","8532263","","false","binds","NFIB (binds) LMCD1","","MAGICAL","+","ENSG00000071282.12","","ENSG00000147862.18","",
"13","1619962.5564260948","regulates","RE","NFIB (regulates) CEBPD","",,,"O00712_S265s","false","regulates","NFIB (regulates) CEBPD","S265s","SCION","","","ENSG00000221869.5","","muscle","0.126047149204131"
,"14748.476569264674","binds","","JUN (binds) NEDD4","chr15","55909965","55909123","","false","binds","JUN (binds) NEDD4","","MAGICAL","-","ENSG00000069869.17","","ENSG00000177606.8","",
"13","1196923.0","regulates","RE","MEF2A (regulates) BTBD8","",,,"Q02078_S98sT108t","false","regulates","MEF2A (regulates) BTBD8","S98sT108t","SCION","","","ENSG00000189195.15","","muscle","0.187395103899095"
,"30160.220833332678","binds","","NFIB (binds) SLC25A30","chr13","45434142","45432847","","false","binds","NFIB (binds) SLC25A30","","MAGICAL","-","ENSG00000174032.17","","ENSG00000147862.18","",
"13","573099.259743041","regulates","RE","MEF2A (regulates) FRAT2","",,,"Q02078_S98sT108t","false","regulates","MEF2A (regulates) FRAT2","S98sT108t","SCION","","","ENSG00000181274.7","","muscle","0.113069462831757"
"11","180046.62032134045","regulates","EE","DR1 (regulates) FRAT2","",,,"Q01658_S106s","false","regulates","DR1 (regulates) FRAT2","S106s","SCION","","","ENSG00000181274.7","","muscle","0.163652997123943"
"11","31192.38436147224","regulates","EE","NFIB (regulates) SRSF3","",,,"O00712_S328s","false","regulates","NFIB (regulates) SRSF3","S328s","SCION","","","ENSG00000112081.17","","muscle","0.114727887962621"
"13","486688.5450216334","regulates","RE","MEF2A (regulates) CAMTA1","",,,"Q02078_S98sT108t","false","regulates","MEF2A (regulates) CAMTA1","S98sT108t","SCION","","","ENSG00000171735.19","","muscle","0.111482293264785"
,"16696.974747474094","binds","","JUN (binds) HOMER1","chr5","79490266","79489860","","false","binds","JUN (binds) HOMER1","","MAGICAL","-","ENSG00000152413.15","","ENSG00000177606.8","",
"13","330318.8860071256","regulates","RE","MEF2A (regulates) ASXL1","",,,"Q02078_S98sT108t","false","regulates","MEF2A (regulates) ASXL1","S98sT108t","SCION","","","ENSG00000171456.21","","muscle","0.104710018189981"
"11","4462153.318970678","regulates","EE","DR1 (regulates) ZHX2","",,,"Q01658_S106s","false","regulates","DR1 (regulates) ZHX2","S106s","SCION","","","ENSG00000178764.8","","muscle","0.100854496037547"
,"32742.289682536884","binds","","JDP2 (binds) LSMEM1","chr7","112449617","112449403","","false","binds","JDP2 (binds) LSMEM1","","MAGICAL","+","ENSG00000181016.9","","ENSG00000140044.13","",
,"24132.333333332164","binds","","NFIB (binds) ANKRD1","chr10","90989386","90988445","","false","binds","NFIB (binds) ANKRD1","","MAGICAL","-","ENSG00000148677.7","","ENSG00000147862.18","",
,"10650.567114987338","binds","","NR1D2 (binds) NR4A1","chr12","52054879","52053844","","false","binds","NR1D2 (binds) NR4A1","","MAGICAL","+","ENSG00000123358.20","","ENSG00000174738.13","",
"11","287860.92225274135","regulates","EE","DR1 (regulates) PPP1R3B","",,,"Q01658_S106s","false","regulates","DR1 (regulates) PPP1R3B","S106s","SCION","","","ENSG00000173281.5","","muscle","0.218462985208873"
,"13442.822523090617","binds","","JUN (binds) ACSL1","chr4","184794052","184792423","","false","binds","JUN (binds) ACSL1","","MAGICAL","-","ENSG00000151726.15","","ENSG00000177606.8","",
"4","1093342.5288219806","regulates","RE","NFIB (regulates) DDX24","",,,"O00712_S328s","false","regulates","NFIB (regulates) DDX24","S328s","SCION","","","ENSG00000089737.18","","muscle","0.143565431778647"
,"15546.222222222726","binds","","NFIB (binds) PDK4","chr7","95689521","95688746","","false","binds","NFIB (binds) PDK4","","MAGICAL","-","ENSG00000004799.8","","ENSG00000147862.18","",
"13","1009322.4675324511","regulates","RE","NFIB (regulates) HMGB2","",,,"O00712_S265s","false","regulates","NFIB (regulates) HMGB2","S265s","SCION","","","ENSG00000164104.12","","muscle","0.141208270942248"
,"132897.33320960117","binds","","NFIC (binds) USP28","chr11","113856143","113855410","","false","binds","NFIC (binds) USP28","","MAGICAL","-","ENSG00000048028.11","","ENSG00000141905.19","",
"13","5345.0","regulates","RE","MEF2A (regulates) HMGB2","",,,"Q02078_S98sT108t","false","regulates","MEF2A (regulates) HMGB2","S98sT108t","SCION","","","ENSG00000164104.12","","muscle","0.113817331311362"
"13","5345.0","regulates","RE","MEF2A (regulates) NXF1","",,,"Q02078_S98sT108t","false","regulates","MEF2A (regulates) NXF1","S98sT108t","SCION","","","ENSG00000162231.14","","muscle","0.111102334491462"
"9","8828.166666666795","regulates","RE","TMF1 (regulates) PIK3R3","",,,"P82094_S344s","false","regulates","TMF1 (regulates) PIK3R3","S344s","SCION","","","ENSG00000117461.15","","muscle","0.148410614298765"
,"15289.498688471991","binds","","JUN (binds) TP53BP2","chr1","223887218","223886495","","false","binds","JUN (binds) TP53BP2","","MAGICAL","-","ENSG00000143514.17","","ENSG00000177606.8","",
"13","1010535.6997114233","regulates","RE","NFIB (regulates) NXF1","",,,"O00712_S265s","false","regulates","NFIB (regulates) NXF1","S265s","SCION","","","ENSG00000162231.14","","muscle","0.43586979753506"
"7","264270.63701296557","regulates","RE","HES1 (regulates) IER5","",,,"Q14469_S12s","false","regulates","HES1 (regulates) IER5","S12s","SCION","","","ENSG00000162783.11","","muscle","0.114484393936275"
"6","261475.57712214827","regulates","RE","NFIC (regulates) TRIM8","",,,"P08651_T274t","false","regulates","NFIC (regulates) TRIM8","T274t","SCION","","","ENSG00000171206.15","","muscle","0.106861772382442"
"13","250029.45434782005","regulates","RE","MEF2A (regulates) MBNL1","",,,"Q02078_S98sT108t","false","regulates","MEF2A (regulates) MBNL1","S98sT108t","SCION","","","ENSG00000152601.18","","muscle","0.110507381528538"
"13","1089765.0238094945","regulates","RE","NFIB (regulates) NOTCH1","",,,"O00712_S265s","false","regulates","NFIB (regulates) NOTCH1","S265s","SCION","","","ENSG00000148400.13","","muscle","0.144783755338215"
"13","504280.3640693165","regulates","RE","MEF2A (regulates) TAF5","",,,"Q02078_S98sT108t","false","regulates","MEF2A (regulates) TAF5","S98sT108t","SCION","","","ENSG00000148835.12","","muscle","0.144551530905508"
,"27021.666666668618","binds","","NFIB (binds) CCN1","chr1","85522029","85521046","","false","binds","NFIB (binds) CCN1","","MAGICAL","+","ENSG00000142871.18","","ENSG00000147862.18","",
,"6346.5084595960125","binds","","JUN (binds) SIK2","chr11","111695361","111694802","","false","binds","JUN (binds) SIK2","","MAGICAL","+","ENSG00000170145.5","","ENSG00000177606.8","",
"13","13111.700000000495","regulates","RE","MEF2A (regulates) NOTCH1","",,,"Q02078_S98sT108t","false","regulates","MEF2A (regulates) NOTCH1","S98sT108t","SCION","","","ENSG00000148400.13","","muscle","0.204496476607417"
"4","15546.222222222726","regulates","RE","NFIB (regulates) PDK4","",,,"O00712_S328s","false","regulates","NFIB (regulates) PDK4","S328s","SCION","","","ENSG00000004799.8","","muscle","0.185751209715381"
"13","1057926.2738094938","regulates","EE","NFIB (regulates) RHOB","",,,"O00712_S264s","false","regulates","NFIB (regulates) RHOB","S264s","SCION","","","ENSG00000143878.10","","muscle","0.264932554319793"
"11","20479.0","regulates","EE","DR1 (regulates) SNIP1","",,,"Q01658_S106s","false","regulates","DR1 (regulates) SNIP1","S106s","SCION","","","ENSG00000163877.11","","muscle","0.117018082947591"
"13","504139.7150090989","regulates","RE","MEF2A (regulates) MEPCE","",,,"Q02078_S98sT108t","false","regulates","MEF2A (regulates) MEPCE","S98sT108t","SCION","","","ENSG00000146834.14","","muscle","0.144578310021422"
,"7358.267857143118","binds","","NFIC (binds) POFUT1","chr20","32286406","32285176","","false","binds","NFIC (binds) POFUT1","","MAGICAL","+","ENSG00000101346.14","","ENSG00000141905.19","",
"13","5345.0","regulates","RE","MEF2A (regulates) RHOB","",,,"Q02078_S98sT108t","false","regulates","MEF2A (regulates) RHOB","S98sT108t","SCION","","","ENSG00000143878.10","","muscle","0.254016890048856"
"13","1051845.2836746296","regulates","RE","MEF2A (regulates) ARNT","",,,"Q02078_S98sT108t","false","regulates","MEF2A (regulates) ARNT","S98sT108t","SCION","","","ENSG00000143437.21","","muscle","0.123883473481305"
"11","536757.2793167802","regulates","EE","MEF2A (regulates) MCL1","",,,"Q02078_S98sT108t","false","regulates","MEF2A (regulates) MCL1","S98sT108t","SCION","","","ENSG00000143384.14","","muscle","0.117088869605409"
"6","9520.428571429347","regulates","RE","NFIC (regulates) PARD3","",,,"P08651_T274t","false","regulates","NFIC (regulates) PARD3","T274t","SCION","","","ENSG00000148498.16","","muscle","0.154249739733401"
,"379908.8508477549","binds","","NFIB (binds) NR4A1","chr12","52042170","52041710","","false","binds","NFIB (binds) NR4A1","","MAGICAL","+","ENSG00000123358.20","","ENSG00000147862.18","",
,"9961.375000000204","binds","","JUN (binds) ASB5","chr4","176188000","176187402","","false","binds","JUN (binds) ASB5","","MAGICAL","-","ENSG00000164122.9","","ENSG00000177606.8","",
,"15336.894078142825","binds","","JDP2 (binds) OST4","chr2","27064502","27063461","","false","binds","JDP2 (binds) OST4","","MAGICAL","-","ENSG00000228474.6","","ENSG00000140044.13","",
,"1.0584197683576512E9","regulates","EE","NFIB (regulates) NFIC","",,,"O00712_S264s","false","regulates","NFIB (regulates) NFIC","S264s","SCION","","","ENSG00000141905.19","","muscle","0.111440766925827"
,"189467.9407481391","binds","","NFIC (binds) FKBP15","chr9","113272417","113272215","","false","binds","NFIC (binds) FKBP15","","MAGICAL","-","ENSG00000119321.10","","ENSG00000141905.19","",
"11","241446.99154178688","regulates","EE","DR1 (regulates) ARID5B","",,,"Q01658_S106s","false","regulates","DR1 (regulates) ARID5B","S106s","SCION","","","ENSG00000150347.17","","muscle","0.105127040711506"
,"5090.448227752685","binds","","JUN (binds) CPEB4","chr5","173955581","173954255","","false","binds","JUN (binds) CPEB4","","MAGICAL","+","ENSG00000113742.14","","ENSG00000177606.8","",
"13","341336.96663059556","regulates","RE","MEF2A (regulates) EPC2","",,,"Q02078_S98sT108t","false","regulates","MEF2A (regulates) EPC2","S98sT108t","SCION","","","ENSG00000135999.12","","muscle","0.129136240171048"
,"9267.000000000187","binds","","NFIC (binds) TBC1D22B","chr6","37161482","37160832","","false","binds","NFIC (binds) TBC1D22B","","MAGICAL","+","ENSG00000065491.8","","ENSG00000141905.19","",
"13","1060070.4781191614","regulates","RE","MEF2A (regulates) E2F8","",,,"Q02078_S98sT108t","false","regulates","MEF2A (regulates) E2F8","S98sT108t","SCION","","","ENSG00000129173.13","","muscle","0.125382761852742"
,"6555.503463203422","binds","","NFIC (binds) JOSD1","chr22","38607016","38605935","","false","binds","NFIC (binds) JOSD1","","MAGICAL","-","ENSG00000100221.11","","ENSG00000141905.19","",
"11","2366774.7264875364","regulates","EE","DR1 (regulates) JDP2","",,,"Q01658_S106s","false","regulates","DR1 (regulates) JDP2","S106s","SCION","","","ENSG00000140044.13","","muscle","0.126363820417385"
,"15521.412895887222","binds","","JUN (binds) USP31","chr16","23124728","23124075","","false","binds","JUN (binds) USP31","","MAGICAL","-","ENSG00000103404.15","","ENSG00000177606.8","",
,"296563.37296919915","binds","","JDP2 (binds) CHMP4B","chr20","33804602","33803822","","false","binds","JDP2 (binds) CHMP4B","","MAGICAL","+","ENSG00000101421.4","","ENSG00000140044.13","",
"13","501797.77499999537","regulates","RE","MEF2A (regulates) HERPUD2","",,,"Q02078_S98sT108t","false","regulates","MEF2A (regulates) HERPUD2","S98sT108t","SCION","","","ENSG00000122557.11","","muscle","0.118381608532565"
"7","375722.6495066387","regulates","RE","HES1 (regulates) MYC","",,,"Q14469_S12s","false","regulates","HES1 (regulates) MYC","S12s","SCION","","","ENSG00000136997.21","","muscle","0.182391923311701"
,"107440.46488095126","binds","","JDP2 (binds) TFAM","chr10","58295690","58294671","","false","binds","JDP2 (binds) TFAM","","MAGICAL","+","ENSG00000108064.11","","ENSG00000140044.13","",
"13","389493.16722106206","regulates","RE","MEF2A (regulates) KLF9","",,,"Q02078_S98sT108t","false","regulates","MEF2A (regulates) KLF9","S98sT108t","SCION","","","ENSG00000119138.5","","muscle","0.244774527807099"
,"22918.344444443814","binds","","JDP2 (binds) TMEM214","chr2","27064502","27063461","","false","binds","JDP2 (binds) TMEM214","","MAGICAL","+","ENSG00000119777.20","","ENSG00000140044.13","",
,"14527.60845429139","binds","","JUN (binds) PIM1","chr6","37135224","37134186","","false","binds","JUN (binds) PIM1","","MAGICAL","+","ENSG00000137193.14","","ENSG00000177606.8","",
"13","762063.9374541766","regulates","RE","MEF2A (regulates) MAN2A1","",,,"Q02078_S98sT108t","false","regulates","MEF2A (regulates) MAN2A1","S98sT108t","SCION","","","ENSG00000112893.10","","muscle","0.109384344345785"
,"7579.451852558897","binds","","JUN (binds) LMCD1","chr3","8510444","8509282","","false","binds","JUN (binds) LMCD1","","MAGICAL","+","ENSG00000071282.12","","ENSG00000177606.8","",
"13","503039.96168829093","regulates","RE","MEF2A (regulates) CEP85L","",,,"Q02078_S98sT108t","false","regulates","MEF2A (regulates) CEP85L","S98sT108t","SCION","","","ENSG00000111860.14","","muscle","0.27111506521809"
"6","337428.8256146474","regulates","EE","NFIC (regulates) OGDH","",,,"P08651_S343s","false","regulates","NFIC (regulates) OGDH","S343s","SCION","","","ENSG00000105953.16","","muscle","0.177024591414384"
"11","1099829.8950860612","regulates","EE","MEF2A (regulates) CHRAC1","",,,"Q02078_S98sT108t","false","regulates","MEF2A (regulates) CHRAC1","S98sT108t","SCION","","","ENSG00000104472.10","","muscle","0.200403961589319"
"7","102476.0715488086","regulates","RE","HES1 (regulates) NR4A1","",,,"Q14469_S12s","false","regulates","HES1 (regulates) NR4A1","S12s","SCION","","","ENSG00000123358.20","","muscle","0.118657117475429"
"1","12647.457665112477","regulates","EE","NFIC (regulates) LIMS1","",,,"P08651_T274t","false","regulates","NFIC (regulates) LIMS1","T274t","SCION","","","ENSG00000169756.16","","muscle","0.247382894431461"
"7","7929.048214286148","regulates","RE","HES1 (regulates) EGR2","",,,"Q14469_S12s","false","regulates","HES1 (regulates) EGR2","S12s","SCION","","","ENSG00000122877.18","","muscle","0.228915704970986"
,"14999.753282829615","binds","","JUN (binds) ANKRD2","chr10","97575060","97574427","","false","binds","JUN (binds) ANKRD2","","MAGICAL","+","ENSG00000165887.12","","ENSG00000177606.8","",
,"49670.42272727626","binds","","JDP2 (binds) NEDD4","chr15","55909965","55909123","","false","binds","JDP2 (binds) NEDD4","","MAGICAL","-","ENSG00000069869.17","","ENSG00000140044.13","",
"13","5345.0","regulates","RE","MEF2A (regulates) IZUMO4","",,,"Q02078_S98sT108t","false","regulates","MEF2A (regulates) IZUMO4","S98sT108t","SCION","","","ENSG00000099840.14","","muscle","0.136612302152012"
"13","499990.4227993954","regulates","RE","MEF2A (regulates) IKZF5","",,,"Q02078_S98sT108t","false","regulates","MEF2A (regulates) IKZF5","S98sT108t","SCION","","","ENSG00000095574.12","","muscle","0.129388037231664"
,"12534.11297313792","binds","","JUN (binds) RND3","chr2","150473092","150472084","","false","binds","JUN (binds) RND3","","MAGICAL","-","ENSG00000115963.14","","ENSG00000177606.8","",
"13","1038626.0484848598","regulates","RE","NFIB (regulates) IZUMO4","",,,"O00712_S265s","false","regulates","NFIB (regulates) IZUMO4","S265s","SCION","","","ENSG00000099840.14","","muscle","0.184699648442071"
,"13330.138095238042","binds","","JUN (binds) ANKRD1","chr10","90916126","90915257","","false","binds","JUN (binds) ANKRD1","","MAGICAL","-","ENSG00000148677.7","","ENSG00000177606.8","",
,"7383.077505827792","binds","","JUN (binds) CCN1","chr1","85522029","85521046","","false","binds","JUN (binds) CCN1","","MAGICAL","+","ENSG00000142871.18","","ENSG00000177606.8","",
,"348111.0203701383","binds","","JUN (binds) NR4A1","chr12","52089325","52088024","","false","binds","JUN (binds) NR4A1","","MAGICAL","+","ENSG00000123358.20","","ENSG00000177606.8","",
"13","1004222.6210385408","regulates","RE","MEF2A (regulates) PHRF1","",,,"Q02078_S98sT108t","false","regulates","MEF2A (regulates) PHRF1","S98sT108t","SCION","","","ENSG00000070047.13","","muscle","0.135031095811543"
"11","30881.62499999978","regulates","EE","DR1 (regulates) IL10RA","",,,"Q01658_S106s","false","regulates","DR1 (regulates) IL10RA","S106s","SCION","","","ENSG00000110324.11","","muscle","0.118820818661088"
"13","332344.30267380585","regulates","RE","MEF2A (regulates) LIMCH1","",,,"Q02078_S98sT108t","false","regulates","MEF2A (regulates) LIMCH1","S98sT108t","SCION","","","ENSG00000064042.18","","muscle","0.122439492381644"
"13","91658.19126984593","regulates","RE","MEF2A (regulates) PIAS1","",,,"Q02078_S98sT108t","false","regulates","MEF2A (regulates) PIAS1","S98sT108t","SCION","","","ENSG00000033800.14","","muscle","0.328173678808858"
"13","11888.20487189845","regulates","RE","MEF2A (regulates) ATP6V0A1","",,,"Q02078_S98sT108t","false","regulates","MEF2A (regulates) ATP6V0A1","S98sT108t","SCION","","","ENSG00000033627.17","","muscle","0.158659792219167"
"2","144359.3984126951","regulates","RE","NFIB (regulates) DPH1","",,,"O00712_S295s","false","regulates","NFIB (regulates) DPH1","S295s","SCION","","","ENSG00000108963.19","","muscle","0.113586198200109"
"13","8548.794444444984","regulates","RE","MEF2A (regulates) RANBP9","",,,"Q02078_S98sT108t","false","regulates","MEF2A (regulates) RANBP9","S98sT108t","SCION","","","ENSG00000010017.13","","muscle","0.121867751979794"
"13","502427.51168833673","regulates","RE","MEF2A (regulates) CREBBP","",,,"Q02078_S98sT108t","false","regulates","MEF2A (regulates) CREBBP","S98sT108t","SCION","","","ENSG00000005339.15","","muscle","0.336849065407646"
,"18487.432683982748","binds","","JDP2 (binds) CPEB4","chr5","173955581","173954255","","false","binds","JDP2 (binds) CPEB4","","MAGICAL","+","ENSG00000113742.14","","ENSG00000140044.13","",
"13","2.2461093707332766E8","regulates","EE","NFIB (regulates) MEF2A","",,,"O00712_S264s","false","regulates","NFIB (regulates) MEF2A","S264s","SCION","","","ENSG00000068305.18","","muscle","0.121122896634131"
,"37162.54221784188","binds","","NFIC (binds) NFIL3","chr9","91484228","91482721","","false","binds","NFIC (binds) NFIL3","","MAGICAL","-","ENSG00000165030.4","","ENSG00000141905.19","",
"1","10167.437007290006","regulates","EE","NFIC (regulates) DIAPH1","",,,"P08651_T274t","false","regulates","NFIC (regulates) DIAPH1","T274t","SCION","","","ENSG00000131504.18","","muscle","0.183825925407465"
,"4742.82026143774","binds","","NFIC (binds) LMCD1","chr3","8533463","8532263","","false","binds","NFIC (binds) LMCD1","","MAGICAL","+","ENSG00000071282.12","","ENSG00000141905.19","",
,"11939.218831169444","binds","","JDP2 (binds) LMCD1","chr3","8576026","8574723","","false","binds","JDP2 (binds) LMCD1","","MAGICAL","+","ENSG00000071282.12","","ENSG00000140044.13","",
"1","14390.120211162406","regulates","EE","NFIC (regulates) ARPP19","",,,"P08651_T274t","false","regulates","NFIC (regulates) ARPP19","T274t","SCION","","","ENSG00000128989.11","","muscle","0.125307386811665"
,"4858.762428127248","binds","","JUN (binds) NEAT1","chr11","65425514","65425219","","false","binds","JUN (binds) NEAT1","","MAGICAL","+","ENSG00000245532.10","","ENSG00000177606.8","",
"11","288998.3162698347","regulates","EE","DR1 (regulates) PXN","",,,"Q01658_S106s","false","regulates","DR1 (regulates) PXN","S106s","SCION","","","ENSG00000089159.17","","muscle","0.155960420527184"
,"7568.633838383886","binds","","JUN (binds) JOSD1","chr22","38616152","38614736","","false","binds","JUN (binds) JOSD1","","MAGICAL","-","ENSG00000100221.11","","ENSG00000177606.8","",
"11","192965.84395603958","regulates","EE","DR1 (regulates) CSNK2A2","",,,"Q01658_S106s","false","regulates","DR1 (regulates) CSNK2A2","S106s","SCION","","","ENSG00000070770.10","","muscle","0.112875358130282"
,"11453.909890108565","binds","","JUN (binds) LMOD2","chr7","123666937","123664933","","false","binds","JUN (binds) LMOD2","","MAGICAL","+","ENSG00000170807.12","","ENSG00000177606.8","",
,"24768.783333332365","binds","","NFIC (binds) HNRNPU","chr1","244846778","244846119","","false","binds","NFIC (binds) HNRNPU","","MAGICAL","-","ENSG00000153187.20","","ENSG00000141905.19","",
,"5315.692366947008","binds","","JUN (binds) RCAN1","chr21","34527271","34526553","","false","binds","JUN (binds) RCAN1","","MAGICAL","-","ENSG00000159200.18","","ENSG00000177606.8","",
,"5535.328663493355","binds","","JUN (binds) IRS2","chr13","109778591","109778123","","false","binds","JUN (binds) IRS2","","MAGICAL","-","ENSG00000185950.9","","ENSG00000177606.8","",
,"17496.823443222347","binds","","JDP2 (binds) IRS2","chr13","109778591","109778123","","false","binds","JDP2 (binds) IRS2","","MAGICAL","-","ENSG00000185950.9","","ENSG00000140044.13","",
,"4835519.862532737","binds","","JDP2 (binds) FOSL2","chr2","28410222","28409010","","false","binds","JDP2 (binds) FOSL2","","MAGICAL","+","ENSG00000075426.12","","ENSG00000140044.13","",
"4","6489.346153846281","regulates","RE","NFIC (regulates) ABRA","",,,"P08651_S273s","false","regulates","NFIC (regulates) ABRA","S273s","SCION","","","ENSG00000174429.4","","muscle","0.100397445565872"
,"54523.12618247631","binds","","JUN (binds) NFIL3","chr9","91490244","91488856","","false","binds","JUN (binds) NFIL3","","MAGICAL","-","ENSG00000165030.4","","ENSG00000177606.8","",
,"9562.067032967261","binds","","NFIC (binds) LMOD2","chr7","123666937","123664933","","false","binds","NFIC (binds) LMOD2","","MAGICAL","+","ENSG00000170807.12","","ENSG00000141905.19","",
,"5796.91666666645","binds","","NFIC (binds) PDK4","chr7","95629426","95628141","","false","binds","NFIC (binds) PDK4","","MAGICAL","-","ENSG00000004799.8","","ENSG00000141905.19","",
,"102101.89987626983","binds","","MEF2A (binds) USP28","chr11","113856143","113855410","","false","binds","MEF2A (binds) USP28","","MAGICAL","-","ENSG00000048028.11","","ENSG00000068305.18","",
,"480807.9935064732","binds","","MEF2A (binds) SLC25A4","chr4","185242988","185242234","","false","binds","MEF2A (binds) SLC25A4","","MAGICAL","+","ENSG00000151729.11","","ENSG00000068305.18","",
,"6638.682012986821","binds","","MYC (binds) NEAT1","chr11","65427737","65426592","","false","binds","MYC (binds) NEAT1","","MAGICAL","+","ENSG00000245532.10","","ENSG00000136997.21","",
"4","6731.549999999765","regulates","RE","NFIC (regulates) OTUD1","",,,"P08651_S273s","false","regulates","NFIC (regulates) OTUD1","S273s","SCION","","","ENSG00000165312.7","","muscle","0.10558128839903"
,"6489.346153846281","binds","","NFIC (binds) ABRA","chr8","106832264","106831367","","false","binds","NFIC (binds) ABRA","","MAGICAL","-","ENSG00000174429.4","","ENSG00000141905.19","",
,"6490.246969696912","binds","","NFIC (binds) PIM1","chr6","37240788","37239894","","false","binds","NFIC (binds) PIM1","","MAGICAL","+","ENSG00000137193.14","","ENSG00000141905.19","",
"11","336512.4090999941","regulates","RE","MEF2A (regulates) ZBTB6","",,,"Q02078_S98s","false","regulates","MEF2A (regulates) ZBTB6","S98s","SCION","","","ENSG00000186130.5","","muscle","0.181274012630923"
"11","22379.4557387052","regulates","RE","MEF2A (regulates) SEMA4B","",,,"Q02078_S98s","false","regulates","MEF2A (regulates) SEMA4B","S98s","SCION","","","ENSG00000185033.15","","muscle","0.166262669770426"
,"4314.709357309336","binds","","JUN (binds) ABRA","chr8","106783505","106783054","","false","binds","JUN (binds) ABRA","","MAGICAL","-","ENSG00000174429.4","","ENSG00000177606.8","",
"11","418913.91224053805","regulates","RE","MEF2A (regulates) ZBTB40","",,,"Q02078_S98s","false","regulates","MEF2A (regulates) ZBTB40","S98s","SCION","","","ENSG00000184677.18","","muscle","0.105672643630023"
,"7860.204761904538","binds","","JUN (binds) OTUD1","chr10","23370640","23369848","","false","binds","JUN (binds) OTUD1","","MAGICAL","+","ENSG00000165312.7","","ENSG00000177606.8","",
,"7291.252380952588","binds","","JUN (binds) PDK4","chr7","95689521","95688746","","false","binds","JUN (binds) PDK4","","MAGICAL","-","ENSG00000004799.8","","ENSG00000177606.8","",
,"334922.79756411235","binds","","MEF2A (binds) EEA1","chr12","92861116","92859460","","false","binds","MEF2A (binds) EEA1","","MAGICAL","-","ENSG00000102189.17","","ENSG00000068305.18","",
,"24336.229650577807","binds","","JUN (binds) NR4A2","chr2","156333341","156331888","","false","binds","JUN (binds) NR4A2","","MAGICAL","-","ENSG00000153234.15","","ENSG00000177606.8","",
,"28386.71462426309","binds","","MEF2A (binds) PDCD7","chr15","65163768","65163034","","false","binds","MEF2A (binds) PDCD7","","MAGICAL","-","ENSG00000090470.15","","ENSG00000068305.18","",
,"5345.0","binds","","MEF2A (binds) OST4","chr2","27011203","27010644","","false","binds","MEF2A (binds) OST4","","MAGICAL","-","ENSG00000228474.6","","ENSG00000068305.18","",
,"6477.3620129862165","binds","","MYC (binds) ABRA","chr8","106763882","106762527","","false","binds","MYC (binds) ABRA","","MAGICAL","-","ENSG00000174429.4","","ENSG00000136997.21","",
"11","23452.118073593898","regulates","RE","MEF2A (regulates) ERCC6L2","",,,"Q02078_S98s","false","regulates","MEF2A (regulates) ERCC6L2","S98s","SCION","","","ENSG00000182150.19","","muscle","0.16599549891704"
,"9716678.465368435","binds","","MYC (binds) FOSL2","chr2","28410871","28410247","","false","binds","MYC (binds) FOSL2","","MAGICAL","+","ENSG00000075426.12","","ENSG00000136997.21","",
"11","1071190.7023808134","regulates","EE","NFIB (regulates) ARL5A","",,,"O00712_S328s","false","regulates","NFIB (regulates) ARL5A","S328s","SCION","","","ENSG00000162980.17","","muscle","0.146724173922611"
"11","5345.0","regulates","RE","MEF2A (regulates) LSMEM1","",,,"Q02078_S98s","false","regulates","MEF2A (regulates) LSMEM1","S98s","SCION","","","ENSG00000181016.9","","muscle","0.153282881812248"
,"6970.1190476192905","binds","","NFIC (binds) LSMEM1","chr7","112423574","112422704","","false","binds","NFIC (binds) LSMEM1","","MAGICAL","+","ENSG00000181016.9","","ENSG00000141905.19","",
,"6169.030769230911","binds","","MEF2A (binds) SLK","chr10","104029844","104029283","","false","binds","MEF2A (binds) SLK","","MAGICAL","+","ENSG00000065613.15","","ENSG00000068305.18","",
"11","433347.84725994733","regulates","RE","MEF2A (regulates) SNX18","",,,"Q02078_S98s","false","regulates","MEF2A (regulates) SNX18","S98s","SCION","","","ENSG00000178996.14","","muscle","0.135152595447907"
"11","395835.24711399525","regulates","RE","MEF2A (regulates) LINC00476","",,,"Q02078_S98s","false","regulates","MEF2A (regulates) LINC00476","S98s","SCION","","","ENSG00000175611.13","","muscle","0.100956727937509"
,"6806.646531101163","binds","","MEF2A (binds) DIAPH1","chr5","141617484","141617284","","false","binds","MEF2A (binds) DIAPH1","","MAGICAL","-","ENSG00000131504.18","","ENSG00000068305.18","",
"11","773100.3475107938","regulates","RE","MEF2A (regulates) PDIK1L","",,,"Q02078_S98s","false","regulates","MEF2A (regulates) PDIK1L","S98s","SCION","","","ENSG00000175087.10","","muscle","0.227152431025509"
,"17746.89047619058","binds","","MEF2A (binds) C11orf24","chr11","68321734","68321348","","false","binds","MEF2A (binds) C11orf24","","MAGICAL","-","ENSG00000171067.11","","ENSG00000068305.18","",
,"13045.063888887886","binds","","JUN (binds) LSMEM1","chr7","112423574","112422704","","false","binds","JUN (binds) LSMEM1","","MAGICAL","+","ENSG00000181016.9","","ENSG00000177606.8","",
"11","797085.4672799078","regulates","EE","NFIB (regulates) PAM","",,,"O00712_S328s","false","regulates","NFIB (regulates) PAM","S328s","SCION","","","ENSG00000145730.21","","muscle","0.143616647882506"
"4","6422.202597402283","regulates","RE","NFIC (regulates) CCN1","",,,"P08651_S273s","false","regulates","NFIC (regulates) CCN1","S273s","SCION","","","ENSG00000142871.18","","muscle","0.114282054579677"
,"11491.02012987017","binds","","JUN (binds) ETS2","chr21","38821561","38820532","","false","binds","JUN (binds) ETS2","","MAGICAL","+","ENSG00000157557.13","","ENSG00000177606.8","",
,"4321.1477272725315","binds","","MYC (binds) IRS2","chr13","109757126","109756551","","false","binds","MYC (binds) IRS2","","MAGICAL","-","ENSG00000185950.9","","ENSG00000136997.21","",
,"6395.285714285503","binds","","MEF2A (binds) POFUT1","chr20","32286406","32285176","","false","binds","MEF2A (binds) POFUT1","","MAGICAL","+","ENSG00000101346.14","","ENSG00000068305.18","",
,"7074.820346320061","binds","","MEF2A (binds) LRRFIP2","chr3","37198849","37196857","","false","binds","MEF2A (binds) LRRFIP2","","MAGICAL","-","ENSG00000093167.18","","ENSG00000068305.18","",
,"8536.948484848745","binds","","MEF2A (binds) WDR26","chr1","224448998","224448502","","false","binds","MEF2A (binds) WDR26","","MAGICAL","-","ENSG00000162923.17","","ENSG00000068305.18","",
"11","22420.17261904604","regulates","RE","MEF2A (regulates) STX18","",,,"Q02078_S98s","false","regulates","MEF2A (regulates) STX18","S98s","SCION","","","ENSG00000168818.10","","muscle","0.173349253407611"
"11","1024941.3333332653","regulates","EE","NFIB (regulates) SYNE1","",,,"O00712_S328s","false","regulates","NFIB (regulates) SYNE1","S328s","SCION","","","ENSG00000131018.25","","muscle","0.235192055117434"
,"1651472.7108614221","regulates","EE","NFIC (regulates) HES1","",,,"P08651_S343s","false","regulates","NFIC (regulates) HES1","S343s","SCION","","","ENSG00000114315.4","","muscle","0.111501080030551"
,"5815.890909091075","binds","","MEF2A (binds) ABHD4","chr14","22614887","22613417","","false","binds","MEF2A (binds) ABHD4","","MAGICAL","+","ENSG00000100439.11","","ENSG00000068305.18","",
"4","6490.246969696912","regulates","RE","NFIC (regulates) PIM1","",,,"P08651_S273s","false","regulates","NFIC (regulates) PIM1","S273s","SCION","","","ENSG00000137193.14","","muscle","0.157315134004421"
"1","3.800908261571165E7","regulates","RE","NFIB (regulates) GATAD2B","",,,"O00712_S194s","false","regulates","NFIB (regulates) GATAD2B","S194s","SCION","","","ENSG00000143614.10","","muscle","0.102545968914525"
"11","310048.30806021584","regulates","RE","MEF2A (regulates) SP2","",,,"Q02078_S98s","false","regulates","MEF2A (regulates) SP2","S98s","SCION","","","ENSG00000167182.16","","muscle","0.103713024297829"
"11","1105250.1888136521","regulates","EE","NFIB (regulates) SET","",,,"O00712_S328s","false","regulates","NFIB (regulates) SET","S328s","SCION","","","ENSG00000119335.18","","muscle","0.134044751088085"
"11","1011755.719047664","regulates","EE","NFIB (regulates) CCNI","",,,"O00712_S328s","false","regulates","NFIB (regulates) CCNI","S328s","SCION","","","ENSG00000118816.11","","muscle","0.100208949477879"
,"7636.086877829048","binds","","MEF2A (binds) ARPP19","chr15","52557580","52557295","","false","binds","MEF2A (binds) ARPP19","","MAGICAL","-","ENSG00000128989.11","","ENSG00000068305.18","",
,"5626057.169901001","binds","","MYC (binds) NR4A1","chr12","52059036","52058410","","false","binds","MYC (binds) NR4A1","","MAGICAL","+","ENSG00000123358.20","","ENSG00000136997.21","",
,"5729.7797619046905","binds","","MEF2A (binds) SRSF3","chr6","36682661","36682286","","false","binds","MEF2A (binds) SRSF3","","MAGICAL","+","ENSG00000112081.17","","ENSG00000068305.18","",
"11","16203.082359307464","regulates","RE","MEF2A (regulates) DEPP1","",,,"Q02078_S98s","false","regulates","MEF2A (regulates) DEPP1","S98s","SCION","","","ENSG00000165507.9","","muscle","0.304792805910024"
,"146000.34431956997","binds","","MEF2A (binds) FKBP15","chr9","113272417","113272215","","false","binds","MEF2A (binds) FKBP15","","MAGICAL","-","ENSG00000119321.10","","ENSG00000068305.18","",
,"6641.699999999618","binds","","MEF2A (binds) SH3BGR","chr21","39504657","39504195","","false","binds","MEF2A (binds) SH3BGR","","MAGICAL","+","ENSG00000185437.15","","ENSG00000068305.18","",
"2","247204.58905816724","regulates","RE","DR1 (regulates) ETV6","",,,"Q01658_S106s","false","regulates","DR1 (regulates) ETV6","S106s","SCION","","","ENSG00000139083.11","","muscle","0.173613443526079"
,"975278.8813532665","binds","","JUN (binds) FOSL2","chr2","28410222","28409010","","false","binds","JUN (binds) FOSL2","","MAGICAL","+","ENSG00000075426.12","","ENSG00000177606.8","",
,"11070.791666666915","binds","","MEF2A (binds) ZNF622","chr5","16467747","16467368","","false","binds","MEF2A (binds) ZNF622","","MAGICAL","-","ENSG00000173545.5","","ENSG00000068305.18","",
"11","754481.4686723717","regulates","RE","MEF2A (regulates) CITED2","",,,"Q02078_S98s","false","regulates","MEF2A (regulates) CITED2","S98s","SCION","","","ENSG00000164442.10","","muscle","0.186630787989401"
"10","5180.329365079262","regulates","EE","NFIC (regulates) OST4","",,,"P08651_S339s","false","regulates","NFIC (regulates) OST4","S339s","SCION","","","ENSG00000228474.6","","muscle","0.333106005022621"
"11","240258.16248750803","regulates","EE","NFIB (regulates) OSBPL8","",,,"O00712_S328s","false","regulates","NFIB (regulates) OSBPL8","S328s","SCION","","","ENSG00000091039.17","","muscle","0.190573033799029"
,"5345.0","binds","","MEF2A (binds) TBC1D22B","chr6","37240788","37239894","","false","binds","MEF2A (binds) TBC1D22B","","MAGICAL","+","ENSG00000065491.8","","ENSG00000068305.18","",
,"24572.833402341254","binds","","MEF2A (binds) POLR2M","chr15","57626347","57625054","","false","binds","MEF2A (binds) POLR2M","","MAGICAL","+","ENSG00000255529.9","","ENSG00000068305.18","",
"11","353324.9515755523","regulates","RE","MEF2A (regulates) THEM4","",,,"Q02078_S98s","false","regulates","MEF2A (regulates) THEM4","S98s","SCION","","","ENSG00000159445.13","","muscle","0.186240221894547"
"11","810591.3665584369","regulates","RE","MEF2A (regulates) KAT6B","",,,"Q02078_S98s","false","regulates","MEF2A (regulates) KAT6B","S98s","SCION","","","ENSG00000156650.14","","muscle","0.179603350648511"
"13","69028.43718676134","regulates","RE","NFIC (regulates) CEBPD","",,,"P08651_S333s","false","regulates","NFIC (regulates) CEBPD","S333s","SCION","","","ENSG00000221869.5","","muscle","0.102626449246157"
,"12038.600000000668","binds","","MEF2A (binds) PLCL2","chr3","16809350","16808399","","false","binds","MEF2A (binds) PLCL2","","MAGICAL","+","ENSG00000154822.18","","ENSG00000068305.18","",
"13","572212.991847009","regulates","RE","NFIC (regulates) SCAF8","",,,"P08651_S333s","false","regulates","NFIC (regulates) SCAF8","S333s","SCION","","","ENSG00000213079.10","","muscle","0.334245656197309"
,"6013.363636363271","binds","","MEF2A (binds) PIM1","chr6","37240788","37239894","","false","binds","MEF2A (binds) PIM1","","MAGICAL","+","ENSG00000137193.14","","ENSG00000068305.18","",
"11","1099272.1888136503","regulates","EE","NFIB (regulates) ATP6V0A1","",,,"O00712_S328s","false","regulates","NFIB (regulates) ATP6V0A1","S328s","SCION","","","ENSG00000033627.17","","muscle","0.125972622059529"
,"7009.08091908036","binds","","MEF2A (binds) OSBPL8","chr12","76589509","76588761","","false","binds","MEF2A (binds) OSBPL8","","MAGICAL","-","ENSG00000091039.17","","ENSG00000068305.18","",
,"7789.153475936477","binds","","MEF2A (binds) CHMP4B","chr20","33804602","33803822","","false","binds","MEF2A (binds) CHMP4B","","MAGICAL","+","ENSG00000101421.4","","ENSG00000068305.18","",
"11","549946.205026387","regulates","EE","MEF2A (regulates) JDP2","",,,"Q02078_S98sT108t","false","regulates","MEF2A (regulates) JDP2","S98sT108t","SCION","","","ENSG00000140044.13","","muscle","0.242724335059484"
"11","70711.74372081993","regulates","RE","MEF2A (regulates) SEMA7A","",,,"Q02078_S98s","false","regulates","MEF2A (regulates) SEMA7A","S98s","SCION","","","ENSG00000138623.10","","muscle","0.290576478670947"
"11","249142.7638888871","regulates","RE","MEF2A (regulates) VPS45","",,,"Q02078_S98s","false","regulates","MEF2A (regulates) VPS45","S98s","SCION","","","ENSG00000136631.15","","muscle","0.230337362592101"
,"6419.3822021113665","binds","","MEF2A (binds) GNA13","chr17","64989616","64989145","","false","binds","MEF2A (binds) GNA13","","MAGICAL","-","ENSG00000120063.10","","ENSG00000068305.18","",
,"5654.937500000538","binds","","MEF2A (binds) TFAM","chr10","58295690","58294671","","false","binds","MEF2A (binds) TFAM","","MAGICAL","+","ENSG00000108064.11","","ENSG00000068305.18","",
"11","370613.60319264414","regulates","EE","MEF2A (regulates) DNAJB1","",,,"Q02078_S98s","false","regulates","MEF2A (regulates) DNAJB1","S98s","SCION","","","ENSG00000132002.9","","muscle","0.108595942905521"
"11","429822.4018231825","regulates","RE","MEF2A (regulates) KCNJ2","",,,"Q02078_S98s","false","regulates","MEF2A (regulates) KCNJ2","S98s","SCION","","","ENSG00000123700.5","","muscle","0.115187415137832"
,"1693748.0714284934","binds","","IRF2 (binds) EEA1","chr12","92861116","92859460","","false","binds","IRF2 (binds) EEA1","","MAGICAL","-","ENSG00000102189.17","","ENSG00000168310.11","",
,"6458.658119658058","binds","","MEF2A (binds) LIMS1","chr2","108595498","108594169","","false","binds","MEF2A (binds) LIMS1","","MAGICAL","+","ENSG00000169756.16","","ENSG00000068305.18","",
,"8516.793233809245","binds","","MEF2A (binds) BAG3","chr10","119678795","119678388","","false","binds","MEF2A (binds) BAG3","","MAGICAL","+","ENSG00000151929.10","","ENSG00000068305.18","",
"11","104899.00714285651","regulates","RE","MEF2A (regulates) PROSER1","",,,"Q02078_S98s","false","regulates","MEF2A (regulates) PROSER1","S98s","SCION","","","ENSG00000120685.20","","muscle","0.139859746440822"
,"7987.794480518714","binds","","MEF2A (binds) EIF4E","chr4","98932872","98932602","","false","binds","MEF2A (binds) EIF4E","","MAGICAL","-","ENSG00000151247.13","","ENSG00000068305.18","",
"11","105359.15714285485","regulates","RE","MEF2A (regulates) ATAD2B","",,,"Q02078_S98s","false","regulates","MEF2A (regulates) ATAD2B","S98s","SCION","","","ENSG00000119778.15","","muscle","0.444015059523821"
,"6108.771428571862","binds","","MEF2A (binds) NEDD4","chr15","55909965","55909123","","false","binds","MEF2A (binds) NEDD4","","MAGICAL","-","ENSG00000069869.17","","ENSG00000068305.18","",
"11","108893.57886002833","regulates","RE","MEF2A (regulates) ARID1A","",,,"Q02078_S98s","false","regulates","MEF2A (regulates) ARID1A","S98s","SCION","","","ENSG00000117713.21","","muscle","0.246013763119048"
"8","25004.13492063335","regulates","EE","NFIB (regulates) LSMEM1","",,,"O00712_S295s","false","regulates","NFIB (regulates) LSMEM1","S295s","SCION","","","ENSG00000181016.9","","muscle","0.131784390973357"
"10","564294.1883116775","regulates","EE","NFIC (regulates) CAMTA1","",,,"P08651_S339s","false","regulates","NFIC (regulates) CAMTA1","S339s","SCION","","","ENSG00000171735.19","","muscle","0.12183981640504"
"11","115212.14252296476","regulates","RE","MEF2A (regulates) HARS2","",,,"Q02078_S98s","false","regulates","MEF2A (regulates) HARS2","S98s","SCION","","","ENSG00000112855.17","","muscle","0.154208618699156"
,"23896.0","binds","","IRF2 (binds) TBC1D22B","chr6","37161482","37160832","","false","binds","IRF2 (binds) TBC1D22B","","MAGICAL","+","ENSG00000065491.8","","ENSG00000168310.11","",
"11","24647.551270950604","regulates","RE","MEF2A (regulates) IL10RA","",,,"Q02078_S98s","false","regulates","MEF2A (regulates) IL10RA","S98s","SCION","","","ENSG00000110324.11","","muscle","0.12224658234715"
"5","3208288.0881472616","regulates","RE","NFIB (regulates) JUN","",,,"O00712_S264s","false","regulates","NFIB (regulates) JUN","S264s","SCION","","","ENSG00000177606.8","","muscle","0.106409704004362"
,"5934.59292929292","binds","","MEF2A (binds) HOMER1","chr5","79490266","79489860","","false","binds","MEF2A (binds) HOMER1","","MAGICAL","-","ENSG00000152413.15","","ENSG00000068305.18","",
,"5689.736842105295","binds","","MEF2A (binds) ACSL1","chr4","184794052","184792423","","false","binds","MEF2A (binds) ACSL1","","MAGICAL","-","ENSG00000151726.15","","ENSG00000068305.18","",
,"5345.0","binds","","MEF2A (binds) TMEM214","chr2","27011203","27010644","","false","binds","MEF2A (binds) TMEM214","","MAGICAL","+","ENSG00000119777.20","","ENSG00000068305.18","",
,"15115.333333334866","binds","","IRF2 (binds) JOSD1","chr22","38607016","38605935","","false","binds","IRF2 (binds) JOSD1","","MAGICAL","-","ENSG00000100221.11","","ENSG00000168310.11","",
"13","359755.8613614983","regulates","RE","NFIC (regulates) ASXL1","",,,"P08651_S333s","false","regulates","NFIC (regulates) ASXL1","S333s","SCION","","","ENSG00000171456.21","","muscle","0.235456473821708"
"5","779343.9828643645","regulates","RE","NFIB (regulates) JMJD1C","",,,"O00712_S264s","false","regulates","NFIB (regulates) JMJD1C","S264s","SCION","","","ENSG00000171988.20","","muscle","0.230836336146985"
,"5725.571428571418","binds","","MEF2A (binds) SIK2","chr11","111550538","111549092","","false","binds","MEF2A (binds) SIK2","","MAGICAL","+","ENSG00000170145.5","","ENSG00000068305.18","",
"5","1064973.937301618","regulates","RE","NFIB (regulates) PKIA","",,,"O00712_S264s","false","regulates","NFIB (regulates) PKIA","S264s","SCION","","","ENSG00000171033.13","","muscle","0.257748288036749"
,"11277.3039915959","binds","","MEF2A (binds) FABP3","chr1","31364764","31363445","","false","binds","MEF2A (binds) FABP3","","MAGICAL","-","ENSG00000121769.8","","ENSG00000068305.18","",
"11","761115.5377833269","regulates","RE","MEF2A (regulates) TNRC6C","",,,"Q02078_S98s","false","regulates","MEF2A (regulates) TNRC6C","S98s","SCION","","","ENSG00000078687.17","","muscle","0.142553277745063"
