"feature_id","gene_symbol","ensembl_gene","custom_annotation"
"chr1:100037508-100038196",NA,"ENSG00000288826","Promoter (<=1kb)"
"chr1:10032987-10033874","UBE4B","ENSG00000130939","Promoter (<=1kb)"
"chr1:103569070-103570751","ACTG1P4","ENSG00000236085","Promoter (<=1kb)"
"chr1:10399141-10399961","PGD","ENSG00000142657","Promoter (<=1kb)"
"chr1:108376575-108377037","NBPF5P","ENSG00000243967","Promoter (<=1kb)"
"chr1:109895462-109896645",NA,"ENSG00000261055","Promoter (<=1kb)"
"chr1:109983908-109984507","AHCYL1","ENSG00000168710","Promoter (<=1kb)"
"chr1:11011800-11012490","TARDBP","ENSG00000120948","Promoter (<=1kb)"
"chr1:110450121-110450696","PROK1","ENSG00000143125","Promoter (<=1kb)"
"chr1:110472537-110473081",NA,"ENSG00000282887","Promoter (<=1kb)"
"chr1:11060911-11061160","SRM","ENSG00000116649","Promoter (<=1kb)"
"chr1:110854045-110854861","OR11I1P","ENSG00000232791","Promoter (<=1kb)"
"chr1:11188888-11189410","ANGPTL7","ENSG00000171819","Promoter (<=1kb)"
"chr1:11272502-11274117","UBIAD1","ENSG00000120942","Promoter (<=1kb)"
"chr1:113978838-113979090","OLFML3","ENSG00000116774","Promoter (<=1kb)"
"chr1:114854780-114855402","SYCP1","ENSG00000198765","Promoter (<=1kb)"
"chr1:116164157-116164627","LINC01779","ENSG00000235933","Promoter (<=1kb)"
"chr1:1167418-1167846","MIR200A","ENSG00000207607","Promoter (<=1kb)"
"chr1:116754008-116754536","CD2","ENSG00000116824","Promoter (<=1kb)"
"chr1:1173422-1174442","TTLL10","ENSG00000162571","Promoter (<=1kb)"
"chr1:11735523-11736252","AGTRAP","ENSG00000177674","Promoter (<=1kb)"
"chr1:117549439-117550509","VPS25P1","ENSG00000226755","Promoter (<=1kb)"
"chr1:119139911-119140519","WARS2-AS1","ENSG00000231365","Promoter (<=1kb)"
"chr1:119367273-119367961","HAO2","ENSG00000116882","Promoter (<=1kb)"
"chr1:119462066-119462981","GAPDHP23","ENSG00000235595","Promoter (<=1kb)"
"chr1:121087208-121087929","FCGR1B","ENSG00000198019","Promoter (<=1kb)"
"chr1:12643964-12644682","AADACL4","ENSG00000204518","Promoter (<=1kb)"
"chr1:12745886-12746660","C1orf158","ENSG00000157330","Promoter (<=1kb)"
"chr1:143784273-143785155",NA,"ENSG00000270962","Promoter (<=1kb)"
"chr1:144411769-144412436","RNVU1-15","ENSG00000207205","Promoter (<=1kb)"
"chr1:145096059-145096259","FAM72D","ENSG00000215784","Promoter (<=1kb)"
"chr1:14777328-14777974",NA,"ENSG00000287756","Promoter (<=1kb)"
"chr1:148521642-148522448","RNVU1-27","ENSG00000274210","Promoter (<=1kb)"
"chr1:149783350-149783778","FCGR1A","ENSG00000150337","Promoter (<=1kb)"
"chr1:150066750-150068266","VPS45","ENSG00000136631","Promoter (<=1kb)"
"chr1:150148937-150152323","PLEKHO1","ENSG00000023902","Promoter (<=1kb)"
"chr1:150363896-150365053","RPRD2","ENSG00000163125","Promoter (<=1kb)"
"chr1:150548530-150550963","ADAMTSL4","ENSG00000143382","Promoter (<=1kb)"
"chr1:151254235-151255125","PSMD4","ENSG00000159352","Promoter (<=1kb)"
"chr1:152514022-152514594","CRCT1","ENSG00000169509","Promoter (<=1kb)"
"chr1:152643899-152644725","LCEP4","ENSG00000226947","Promoter (<=1kb)"
"chr1:152737424-152738267","LCEP2","ENSG00000229713","Promoter (<=1kb)"
"chr1:152985282-152986558","SPRR1A","ENSG00000169474","Promoter (<=1kb)"
"chr1:153260246-153262107","LORICRIN","ENSG00000203782","Promoter (<=1kb)"
"chr1:153532771-153534406",NA,"ENSG00000238279","Promoter (<=1kb)"
"chr1:153658236-153658516","SNAPIN","ENSG00000143553","Promoter (<=1kb)"
"chr1:153727725-153728147","INTS3","ENSG00000143624","Promoter (<=1kb)"
"chr1:153750803-153751318",NA,"ENSG00000243613","Promoter (<=1kb)"
"chr1:153923646-153923921",NA,"ENSG00000284738","Promoter (<=1kb)"
"chr1:153967131-153967634","CREB3L4","ENSG00000143578","Promoter (<=1kb)"
"chr1:153989991-153990520","RPS27","ENSG00000177954","Promoter (<=1kb)"
"chr1:154553122-154553910","UBE2Q1-AS1","ENSG00000229780","Promoter (<=1kb)"
"chr1:154669469-154670609",NA,"ENSG00000287064","Promoter (<=1kb)"
"chr1:154982784-154983051","FLAD1","ENSG00000160688","Promoter (<=1kb)"
"chr1:155277183-155278167","HCN3","ENSG00000143630","Promoter (<=1kb)"
"chr1:155745257-155746703","MSTO2P","ENSG00000203761","Promoter (<=1kb)"
"chr1:156148005-156148856","SEMA4A","ENSG00000196189","Promoter (<=1kb)"
"chr1:156212810-156213066","PMF1-BGLAP","ENSG00000260238","Promoter (<=1kb)"
"chr1:156893386-156893926","PEAR1","ENSG00000187800","Promoter (<=1kb)"
"chr1:158290407-158291085","CD1C","ENSG00000158481","Promoter (<=1kb)"
"chr1:158999623-159000367","IFI16","ENSG00000163565","Promoter (<=1kb)"
"chr1:159957908-159958602","LINC01133","ENSG00000224259","Promoter (<=1kb)"
"chr1:160151338-160152181","ATP1A4","ENSG00000132681","Promoter (<=1kb)"
"chr1:160190975-160191451","CASQ1","ENSG00000143318","Promoter (<=1kb)"
"chr1:160796285-160796587","LY9","ENSG00000122224","Promoter (<=1kb)"
"chr1:161153098-161154550","UFC1","ENSG00000143222","Promoter (<=1kb)"
"chr1:161313596-161315264","SDHC","ENSG00000143252","Promoter (<=1kb)"
"chr1:162790260-162790753","HSD17B7","ENSG00000132196","Promoter (<=1kb)"
"chr1:166041336-166042136","RNA5SP64","ENSG00000207341","Promoter (<=1kb)"
"chr1:166164944-166165669",NA,"ENSG00000230898","Promoter (<=1kb)"
"chr1:166275711-166277656",NA,"ENSG00000215835","Promoter (<=1kb)"
"chr1:167053402-167055033",NA,"ENSG00000227907","Promoter (<=1kb)"
"chr1:168783880-168784221","LINC00626","ENSG00000225826","Promoter (<=1kb)"
"chr1:170662439-170662670","PRRX1","ENSG00000116132","Promoter (<=1kb)"
"chr1:172532094-172532402","SUCO","ENSG00000094975","Promoter (<=1kb)"
"chr1:172532413-172532655","SUCO","ENSG00000094975","Promoter (<=1kb)"
"chr1:17371576-17372740","PADI6","ENSG00000276747","Promoter (<=1kb)"
"chr1:174998845-174999504","CACYBP","ENSG00000116161","Promoter (<=1kb)"
"chr1:175876944-175877850","LINC01657","ENSG00000224718","Promoter (<=1kb)"
"chr1:179585968-179587040",NA,"ENSG00000227141","Promoter (<=1kb)"
"chr1:179881628-179882424","TOR1AIP1","ENSG00000143337","Promoter (<=1kb)"
"chr1:180508416-180509160","OVAAL","ENSG00000236719","Promoter (<=1kb)"
"chr1:180631245-180631522","XPR1","ENSG00000143324","Promoter (<=1kb)"
"chr1:181032949-181033798","MR1","ENSG00000153029","Promoter (<=1kb)"
"chr1:181191685-181193012",NA,"ENSG00000225359","Promoter (<=1kb)"
"chr1:182441329-182442772","TEDDM2P","ENSG00000233537","Promoter (<=1kb)"
"chr1:182614500-182615975","LINC01686","ENSG00000261504","Promoter (<=1kb)"
"chr1:18386264-18386997",NA,"ENSG00000225387","Promoter (<=1kb)"
"chr1:185044756-185046435","RNF2","ENSG00000121481","Promoter (<=1kb)"
"chr1:186828531-186829675","PLA2G4A","ENSG00000116711","Promoter (<=1kb)"
"chr1:1915892-1916281","CALML6","ENSG00000169885","Promoter (<=1kb)"
"chr1:192158187-192158747","RGS18","ENSG00000150681","Promoter (<=1kb)"
"chr1:192575243-192575853","RGS1","ENSG00000090104","Promoter (<=1kb)"
"chr1:192808054-192809834","RGS2","ENSG00000116741","Promoter (<=1kb)"
"chr1:193185734-193186755","B3GALT2","ENSG00000162630","Promoter (<=1kb)"
"chr1:198157911-198158349","NEK7","ENSG00000151414","Promoter (<=1kb)"
"chr1:198638909-198639592","PTPRC","ENSG00000081237","Promoter (<=1kb)"
"chr1:200872647-200874538","GPR25","ENSG00000170128","Promoter (<=1kb)"
"chr1:200915767-200916633","MROH3P","ENSG00000233217","Promoter (<=1kb)"
"chr1:201282941-201284578","PKP1","ENSG00000081277","Promoter (<=1kb)"
"chr1:201719475-201720575","MIR5191","ENSG00000264802","Promoter (<=1kb)"
"chr1:20184997-20186860","UBXN10","ENSG00000162543","Promoter (<=1kb)"
"chr1:20290356-20291381","VWA5B1","ENSG00000158816","Promoter (<=1kb)"
"chr1:203090507-203091483","ADORA1","ENSG00000163485","Promoter (<=1kb)"
"chr1:203625690-203625968","ATP2B4","ENSG00000058668","Promoter (<=1kb)"
"chr1:203795742-203796612","ZC3H11A","ENSG00000058673","Promoter (<=1kb)"
"chr1:20476274-20477001",NA,"ENSG00000284641","Promoter (<=1kb)"
"chr1:206469918-206471731","IKBKE","ENSG00000263528","Promoter (<=1kb)"
"chr1:207103850-207104496","C4BPA","ENSG00000123838","Promoter (<=1kb)"
"chr1:207320815-207321360","CD55","ENSG00000196352","Promoter (<=1kb)"
"chr1:209827353-209828588","UTP25","ENSG00000117597","Promoter (<=1kb)"
"chr1:211642829-211644268",NA,"ENSG00000228792","Promoter (<=1kb)"
"chr1:211724401-211725436",NA,"ENSG00000226868","Promoter (<=1kb)"
"chr1:218284497-218285680","RRP15","ENSG00000067533","Promoter (<=1kb)"
"chr1:218459822-218460881","LINC02869","ENSG00000228208","Promoter (<=1kb)"
"chr1:219174323-219175473","LYPLAL1","ENSG00000143353","Promoter (<=1kb)"
"chr1:219961643-219962469","U3","ENSG00000221673","Promoter (<=1kb)"
"chr1:22024426-22024703","LINC00339","ENSG00000218510","Promoter (<=1kb)"
"chr1:222737105-222737891","FAM177B","ENSG00000197520","Promoter (<=1kb)"
"chr1:22366074-22366804",NA,"ENSG00000279625","Promoter (<=1kb)"
"chr1:224175435-224176170",NA,"ENSG00000236773","Promoter (<=1kb)"
"chr1:224357742-224358157","CNIH4","ENSG00000143771","Promoter (<=1kb)"
"chr1:225699735-225701511",NA,"ENSG00000227496","Promoter (<=1kb)"
"chr1:225777914-225778432","SRP9","ENSG00000143742","Promoter (<=1kb)"
"chr1:226827553-226827843",NA,"ENSG00000287259","Promoter (<=1kb)"
"chr1:226939896-226940820","COQ8A","ENSG00000163050","Promoter (<=1kb)"
"chr1:227428968-227430931",NA,"ENSG00000242757","Promoter (<=1kb)"
"chr1:227727807-227730633","SNAP47","ENSG00000143740","Promoter (<=1kb)"
"chr1:228408124-228408324",NA,"ENSG00000231563","Promoter (<=1kb)"
"chr1:229248860-229249458","TMEM78","ENSG00000177800","Promoter (<=1kb)"
"chr1:229249973-229250924","TMEM78","ENSG00000177800","Promoter (<=1kb)"
"chr1:229409997-229411118","RN7SKP276","ENSG00000252051","Promoter (<=1kb)"
"chr1:231336924-231338770","SPRTN","ENSG00000010072","Promoter (<=1kb)"
"chr1:231528733-231529251","TSNAX","ENSG00000116918","Promoter (<=1kb)"
"chr1:232804599-232806454","MAP10","ENSG00000212916","Promoter (<=1kb)"
"chr1:234599446-234601278",NA,"ENSG00000289057","Promoter (<=1kb)"
"chr1:234629123-234629632","LINC00184","ENSG00000224939","Promoter (<=1kb)"
"chr1:235360983-235361698",NA,"ENSG00000230026","Promoter (<=1kb)"
"chr1:23581024-23581778","MDS2","ENSG00000197880","Promoter (<=1kb)"
"chr1:236523063-236525146","LGALS8-AS1","ENSG00000223776","Promoter (<=1kb)"
"chr1:23670612-23671428",NA,"ENSG00000229239","Promoter (<=1kb)"
"chr1:23691872-23692713","RPL11","ENSG00000142676","Promoter (<=1kb)"
"chr1:237862049-237862812",NA,"ENSG00000237250","Promoter (<=1kb)"
"chr1:244049551-244049823","ZBTB18","ENSG00000179456","Promoter (<=1kb)"
"chr1:244952574-244955123","RNU6-947P","ENSG00000252073","Promoter (<=1kb)"
"chr1:24705091-24706032",NA,"ENSG00000284699","Promoter (<=1kb)"
"chr1:247347599-247348415",NA,"ENSG00000286216","Promoter (<=1kb)"
"chr1:247895479-247896993","OR2W3","ENSG00000238243","Promoter (<=1kb)"
"chr1:248444505-248445031","OR2T2","ENSG00000196240","Promoter (<=1kb)"
"chr1:25809469-25811602",NA,"ENSG00000255054","Promoter (<=1kb)"
"chr1:26219938-26220481",NA,"ENSG00000278572","Promoter (<=1kb)"
"chr1:27393502-27394112","GPR3","ENSG00000181773","Promoter (<=1kb)"
"chr1:27725016-27725216",NA,"ENSG00000287244","Promoter (<=1kb)"
"chr1:27772586-27774034","STX12","ENSG00000117758","Promoter (<=1kb)"
"chr1:31575780-31577438","TINAGL1","ENSG00000142910","Promoter (<=1kb)"
"chr1:32107846-32108986","KPNA6","ENSG00000025800","Promoter (<=1kb)"
"chr1:32208831-32209358","DCDC2B","ENSG00000222046","Promoter (<=1kb)"
"chr1:32249723-32251632","LCK","ENSG00000182866","Promoter (<=1kb)"
"chr1:33466169-33466448","TLR12P","ENSG00000234512","Promoter (<=1kb)"
"chr1:3452559-3453798","ARHGEF16","ENSG00000130762","Promoter (<=1kb)"
"chr1:36155149-36155432","TRAPPC3","ENSG00000054116","Promoter (<=1kb)"
"chr1:36223389-36224498","THRAP3","ENSG00000054118","Promoter (<=1kb)"
"chr1:36305421-36305671","SH3D21","ENSG00000214193","Promoter (<=1kb)"
"chr1:37161256-37162021","MIR4255","ENSG00000264698","Promoter (<=1kb)"
"chr1:38009027-38009681","UTP11","ENSG00000183520","Promoter (<=1kb)"
"chr1:39154132-39155270","RNA5SP44","ENSG00000222378","Promoter (<=1kb)"
"chr1:39514310-39516119","OXCT2P1","ENSG00000237624","Promoter (<=1kb)"
"chr1:40344251-40344914","SMAP2","ENSG00000084070","Promoter (<=1kb)"
"chr1:40531016-40532182","ZNF684","ENSG00000117010","Promoter (<=1kb)"
"chr1:42152114-42152577","GUCA2B","ENSG00000044012","Promoter (<=1kb)"
"chr1:43649904-43650189","KDM4A","ENSG00000066135","Promoter (<=1kb)"
"chr1:43838391-43838766","MIR6079","ENSG00000283477","Promoter (<=1kb)"
"chr1:43933119-43934660","ARTN","ENSG00000117407","Promoter (<=1kb)"
"chr1:43969737-43970395","DPH2","ENSG00000132768","Promoter (<=1kb)"
"chr1:4483211-4483921",NA,"ENSG00000284694","Promoter (<=1kb)"
"chr1:45583125-45583325",NA,"ENSG00000289407","Promoter (<=1kb)"
"chr1:4572059-4572634","LINC01646","ENSG00000232596","Promoter (<=1kb)"
"chr1:46369875-46370540",NA,"ENSG00000225779","Promoter (<=1kb)"
"chr1:47000647-47002363","CYP4A27P","ENSG00000261593","Promoter (<=1kb)"
"chr1:48089320-48090205","CYP46A4P","ENSG00000237180","Promoter (<=1kb)"
"chr1:52056070-52057082","BTF3L4","ENSG00000134717","Promoter (<=1kb)"
"chr1:55217586-55217880","MIR4422HG","ENSG00000231090","Promoter (<=1kb)"
"chr1:56964107-56965167","C8B","ENSG00000021852","Promoter (<=1kb)"
"chr1:65420240-65421124","LEPROT","ENSG00000213625","Promoter (<=1kb)"
"chr1:65421210-65421410","LEPROT","ENSG00000213625","Promoter (<=1kb)"
"chr1:6624605-6626096","THAP3","ENSG00000041988","Promoter (<=1kb)"
"chr1:67684598-67684835","GADD45A","ENSG00000116717","Promoter (<=1kb)"
"chr1:70410573-70411002","CTH","ENSG00000116761","Promoter (<=1kb)"
"chr1:72283073-72284379",NA,"ENSG00000286863","Promoter (<=1kb)"
"chr1:76075704-76076384","ST6GALNAC3","ENSG00000184005","Promoter (<=1kb)"
"chr1:7770542-7772185","VAMP3","ENSG00000049245","Promoter (<=1kb)"
"chr1:77774217-77774764","ACTG1P21","ENSG00000232672","Promoter (<=1kb)"
"chr1:7783173-7783378","PER3","ENSG00000049246","Promoter (<=1kb)"
"chr1:7783768-7784937","PER3","ENSG00000049246","Promoter (<=1kb)"
"chr1:78619366-78620591","IFI44L","ENSG00000137959","Promoter (<=1kb)"
"chr1:80050246-80051147",NA,"ENSG00000285409","Promoter (<=1kb)"
"chr1:80051178-80052631",NA,"ENSG00000285409","Promoter (<=1kb)"
"chr1:8202153-8202963","LINC01714","ENSG00000227634","Promoter (<=1kb)"
"chr1:84478768-84480286","RPF1","ENSG00000117133","Promoter (<=1kb)"
"chr1:85599742-85599979",NA,"ENSG00000230285","Promoter (<=1kb)"
"chr1:86552220-86553698","CDCA4P2","ENSG00000224466","Promoter (<=1kb)"
"chr1:88497892-88498824",NA,"ENSG00000230053","Promoter (<=1kb)"
"chr1:8944781-8945410","CA6","ENSG00000131686","Promoter (<=1kb)"
"chr1:904900-905612",NA,"ENSG00000272438","Promoter (<=1kb)"
"chr1:9198335-9199466","MIR34AHG","ENSG00000228526","Promoter (<=1kb)"
"chr1:93199159-93200059",NA,"ENSG00000225297","Promoter (<=1kb)"
"chr1:9503030-9503277",NA,"ENSG00000235263","Promoter (<=1kb)"
"chr1:9504396-9504921",NA,"ENSG00000235263","Promoter (<=1kb)"
"chr1:95278186-95278889",NA,"ENSG00000228852","Promoter (<=1kb)"
"chr1:9538870-9539136","SLC25A33","ENSG00000171612","Promoter (<=1kb)"
"chr1:966024-967365","PLEKHN1","ENSG00000187583","Promoter (<=1kb)"
"chr1:99849886-99850998","AGL","ENSG00000162688","Promoter (<=1kb)"
"chr10:100996890-100998387","LZTS2","ENSG00000107816","Promoter (<=1kb)"
"chr10:102064847-102065157","HPS6","ENSG00000166189","Promoter (<=1kb)"
"chr10:102449414-102449626","C10orf95-AS1","ENSG00000269609","Promoter (<=1kb)"
"chr10:102853664-102854668","BORCS7","ENSG00000166275","Promoter (<=1kb)"
"chr10:104120943-104121508","SFR1","ENSG00000156384","Promoter (<=1kb)"
"chr10:104269323-104269703","GSTO2","ENSG00000065621","Promoter (<=1kb)"
"chr10:109996293-109996927","ADD3","ENSG00000148700","Promoter (<=1kb)"
"chr10:114239147-114240435","VWA2","ENSG00000165816","Promoter (<=1kb)"
"chr10:114937644-114938930","TRUB1","ENSG00000165832","Promoter (<=1kb)"
"chr10:11610769-11612394","USP6NL-AS1","ENSG00000271360","Promoter (<=1kb)"
"chr10:116620780-116622419","PNLIPRP2","ENSG00000266200","Promoter (<=1kb)"
"chr10:117197198-117197911","KCNK18","ENSG00000186795","Promoter (<=1kb)"
"chr10:121988187-121989448","TACC2","ENSG00000138162","Promoter (<=1kb)"
"chr10:122271056-122271718","BTBD16","ENSG00000138152","Promoter (<=1kb)"
"chr10:122558997-122560257","DMBT1","ENSG00000187908","Promoter (<=1kb)"
"chr10:123426876-123427738",NA,"ENSG00000225152","Promoter (<=1kb)"
"chr10:124801222-124802661","ABRAXAS2","ENSG00000165660","Promoter (<=1kb)"
"chr10:125683722-125685016",NA,"ENSG00000228021","Promoter (<=1kb)"
"chr10:13099122-13101281","OPTN","ENSG00000123240","Promoter (<=1kb)"
"chr10:13158209-13158655","BTBD7P1","ENSG00000203414","Promoter (<=1kb)"
"chr10:132395249-132397593","PWWP2B","ENSG00000171813","Promoter (<=1kb)"
"chr10:133157680-133160958","KNDC1","ENSG00000171798","Promoter (<=1kb)"
"chr10:133453479-133454774","SCART1","ENSG00000214279","Promoter (<=1kb)"
"chr10:15096539-15098136","RPP38","ENSG00000152464","Promoter (<=1kb)"
"chr10:16436307-16436719","PTER","ENSG00000165983","Promoter (<=1kb)"
"chr10:24951548-24953794",NA,"ENSG00000285859","Promoter (<=1kb)"
"chr10:30553675-30554488",NA,"ENSG00000228800","Promoter (<=1kb)"
"chr10:35607357-35608904",NA,"ENSG00000273312","Promoter (<=1kb)"
"chr10:38068060-38069631",NA,"ENSG00000275675","Promoter (<=1kb)"
"chr10:3911376-3912343","LINC02660","ENSG00000226005","Promoter (<=1kb)"
"chr10:42638127-42638398",NA,"ENSG00000285884","Promoter (<=1kb)"
"chr10:42781982-42783463","BMS1","ENSG00000165733","Promoter (<=1kb)"
"chr10:43436092-43436941","ZNF487","ENSG00000243660","Promoter (<=1kb)"
"chr10:4514033-4515176","RNU6-163P","ENSG00000207124","Promoter (<=1kb)"
"chr10:46375480-46376748","ANXA8L1","ENSG00000264230","Promoter (<=1kb)"
"chr10:46753431-46754513","CTSLP3","ENSG00000280913","Promoter (<=1kb)"
"chr10:46786039-46787579","BMS1P1","ENSG00000204177","Promoter (<=1kb)"
"chr10:49300124-49300428","C10orf71","ENSG00000177354","Promoter (<=1kb)"
"chr10:50739315-50740674","ASAH2B","ENSG00000204147","Promoter (<=1kb)"
"chr10:50991434-50993643","PRKG1","ENSG00000185532","Promoter (<=1kb)"
"chr10:58268329-58269560","CISD1","ENSG00000122873","Promoter (<=1kb)"
"chr10:58511671-58512013","BICC1","ENSG00000122870","Promoter (<=1kb)"
"chr10:60777923-60778193","CDK1","ENSG00000170312","Promoter (<=1kb)"
"chr10:61900582-61900849","ARID5B","ENSG00000150347","Promoter (<=1kb)"
"chr10:6270360-6270871","LINC02649","ENSG00000215244","Promoter (<=1kb)"
"chr10:65570183-65571088","LINC01515","ENSG00000228065","Promoter (<=1kb)"
"chr10:6619710-6620382","LINC02648","ENSG00000225948","Promoter (<=1kb)"
"chr10:68157980-68158346","RN7SKP202","ENSG00000222371","Promoter (<=1kb)"
"chr10:68955426-68956781","DDX21","ENSG00000165732","Promoter (<=1kb)"
"chr10:69022661-69023530","ACTBP14","ENSG00000229001","Promoter (<=1kb)"
"chr10:69685890-69687830","LINC02651","ENSG00000235645","Promoter (<=1kb)"
"chr10:70405011-70405790","EIF4EBP2","ENSG00000148730","Promoter (<=1kb)"
"chr10:70479645-70480217","PALD1","ENSG00000107719","Promoter (<=1kb)"
"chr10:71888570-71889915",NA,"ENSG00000289592","Promoter (<=1kb)"
"chr10:73743668-73744163",NA,"ENSG00000279088","Promoter (<=1kb)"
"chr10:73744180-73744934",NA,"ENSG00000279088","Promoter (<=1kb)"
"chr10:78033970-78034526","RPS24","ENSG00000138326","Promoter (<=1kb)"
"chr10:79904134-79905685",NA,"ENSG00000283913","Promoter (<=1kb)"
"chr10:80249869-80250312",NA,"ENSG00000279359","Promoter (<=1kb)"
"chr10:8044932-8045604","GATA3","ENSG00000107485","Promoter (<=1kb)"
"chr10:80537807-80538800","SH2D4B","ENSG00000178217","Promoter (<=1kb)"
"chr10:84267478-84267916","LINC00858","ENSG00000229404","Promoter (<=1kb)"
"chr10:84329360-84329580","CCSER2","ENSG00000107771","Promoter (<=1kb)"
"chr10:86631700-86633259","RPL7AP8","ENSG00000230507","Promoter (<=1kb)"
"chr10:87817600-87818873","CFL1P1","ENSG00000223820","Promoter (<=1kb)"
"chr10:88759525-88760453","LIPN","ENSG00000204020","Promoter (<=1kb)"
"chr10:89829646-89830444","LINC00865","ENSG00000232229","Promoter (<=1kb)"
"chr10:91161913-91164264","PCGF5","ENSG00000180628","Promoter (<=1kb)"
"chr10:91923358-91924545","BTAF1","ENSG00000095564","Promoter (<=1kb)"
"chr10:92291999-92292373","MARCHF5","ENSG00000198060","Promoter (<=1kb)"
"chr10:92418928-92420440","MARK2P9","ENSG00000232709","Promoter (<=1kb)"
"chr10:93495528-93496355","CEP55","ENSG00000138180","Promoter (<=1kb)"
"chr10:97318511-97318858","FRAT1","ENSG00000165879","Promoter (<=1kb)"
"chr10:97333715-97335609",NA,"ENSG00000225850","Promoter (<=1kb)"
"chr10:99926491-99927358","DNMBP-AS1","ENSG00000227695","Promoter (<=1kb)"
"chr11:10724838-10725996","Y_RNA","ENSG00000206858","Promoter (<=1kb)"
"chr11:10752182-10752382","CTR9","ENSG00000198730","Promoter (<=1kb)"
"chr11:108008505-108008714",NA,"ENSG00000288012","Promoter (<=1kb)"
"chr11:108664356-108664796","DDX10","ENSG00000178105","Promoter (<=1kb)"
"chr11:111601763-111603647","SIK2","ENSG00000170145","Promoter (<=1kb)"
"chr11:112167229-112167781","TEX12","ENSG00000150783","Promoter (<=1kb)"
"chr11:114257575-114260265","NNMT","ENSG00000166741","Promoter (<=1kb)"
"chr11:11569650-11570528",NA,"ENSG00000255462","Promoter (<=1kb)"
"chr11:116835055-116836630","APOA1-AS","ENSG00000235910","Promoter (<=1kb)"
"chr11:117136172-117136841",NA,"ENSG00000254851","Promoter (<=1kb)"
"chr11:117178151-117178600","SIDT2","ENSG00000149577","Promoter (<=1kb)"
"chr11:117178635-117179997","SIDT2","ENSG00000149577","Promoter (<=1kb)"
"chr11:118415528-118416110",NA,"ENSG00000269944","Promoter (<=1kb)"
"chr11:118605178-118605888","PHLDB1","ENSG00000019144","Promoter (<=1kb)"
"chr11:118699555-118699835",NA,"ENSG00000255422","Promoter (<=1kb)"
"chr11:119066743-119067859","VPS11-DT","ENSG00000272186","Promoter (<=1kb)"
"chr11:119186128-119186858","PDZD3","ENSG00000172367","Promoter (<=1kb)"
"chr11:119381110-119381469","USP2","ENSG00000036672","Promoter (<=1kb)"
"chr11:119402460-119403278",NA,"ENSG00000254590","Promoter (<=1kb)"
"chr11:120013103-120014777",NA,"ENSG00000255216","Promoter (<=1kb)"
"chr11:12086225-12088500",NA,"ENSG00000255400","Promoter (<=1kb)"
"chr11:121023279-121024896","TBCEL","ENSG00000154114","Promoter (<=1kb)"
"chr11:12162991-12164312","MIR6124","ENSG00000275373","Promoter (<=1kb)"
"chr11:122681420-122682236",NA,"ENSG00000286341","Promoter (<=1kb)"
"chr11:122851451-122851943",NA,"ENSG00000285909","Promoter (<=1kb)"
"chr11:123034491-123035177","RPL34P23","ENSG00000243669","Promoter (<=1kb)"
"chr11:125832721-125833424","PATE4","ENSG00000237353","Promoter (<=1kb)"
"chr11:126303348-126305097","DCPS","ENSG00000110063","Promoter (<=1kb)"
"chr11:128095223-128096056","LINC02725","ENSG00000273415","Promoter (<=1kb)"
"chr11:128302069-128302446",NA,"ENSG00000289093","Promoter (<=1kb)"
"chr11:128891811-128892357","KCNJ5","ENSG00000120457","Promoter (<=1kb)"
"chr11:13135321-13136688",NA,"ENSG00000255558","Promoter (<=1kb)"
"chr11:134008147-134009159","LINC02730","ENSG00000255406","Promoter (<=1kb)"
"chr11:134032500-134032760","LINC02731","ENSG00000204241","Promoter (<=1kb)"
"chr11:134712248-134713142","LINC02706","ENSG00000255344","Promoter (<=1kb)"
"chr11:134736475-134737168","LINC02714","ENSG00000251226","Promoter (<=1kb)"
"chr11:14907147-14908298","CALCP","ENSG00000253179","Promoter (<=1kb)"
"chr11:1662684-1663235",NA,"ENSG00000231487","Promoter (<=1kb)"
"chr11:1663321-1663817",NA,"ENSG00000231487","Promoter (<=1kb)"
"chr11:17547896-17548253","OTOG","ENSG00000188162","Promoter (<=1kb)"
"chr11:18196028-18196604","MRGPRX13P","ENSG00000254546","Promoter (<=1kb)"
"chr11:18265740-18266797","SAA1","ENSG00000173432","Promoter (<=1kb)"
"chr11:18693019-18693647","TMEM86A","ENSG00000151117","Promoter (<=1kb)"
"chr11:1896649-1897862","LINC01150","ENSG00000229671","Promoter (<=1kb)"
"chr11:19116303-19116712","ZDHHC13","ENSG00000177054","Promoter (<=1kb)"
"chr11:19116851-19117929","ZDHHC13","ENSG00000177054","Promoter (<=1kb)"
"chr11:1990231-1991730","LINC01219","ENSG00000232987","Promoter (<=1kb)"
"chr11:31812273-31813359","PAUPAR","ENSG00000281880","Promoter (<=1kb)"
"chr11:32438916-32439434",NA,"ENSG00000276530","Promoter (<=1kb)"
"chr11:33005021-33005748","Y_RNA","ENSG00000200615","Promoter (<=1kb)"
"chr11:33039426-33040614","TCP11L1","ENSG00000176148","Promoter (<=1kb)"
"chr11:33450406-33451154",NA,"ENSG00000255207","Promoter (<=1kb)"
"chr11:34439742-34439942","CAT","ENSG00000121691","Promoter (<=1kb)"
"chr11:3644624-3645241","ART1","ENSG00000129744","Promoter (<=1kb)"
"chr11:43925070-43925529","C11orf96","ENSG00000187479","Promoter (<=1kb)"
"chr11:4431089-4432296","OR52P2P","ENSG00000171999","Promoter (<=1kb)"
"chr11:44627884-44628674","RPL34P22","ENSG00000244267","Promoter (<=1kb)"
"chr11:4482128-4483094","OR52K1","ENSG00000196778","Promoter (<=1kb)"
"chr11:45354657-45356144","LINC02696","ENSG00000254427","Promoter (<=1kb)"
"chr11:45771044-45772225","LINC02716","ENSG00000205106","Promoter (<=1kb)"
"chr11:45803859-45805206","SLC35C1","ENSG00000181830","Promoter (<=1kb)"
"chr11:4593917-4595097","OR52I1","ENSG00000232268","Promoter (<=1kb)"
"chr11:46846493-46846758","LRP4-AS1","ENSG00000247675","Promoter (<=1kb)"
"chr11:4703859-4704570","MMP26","ENSG00000167346","Promoter (<=1kb)"
"chr11:5015278-5015993","OR51P1P","ENSG00000224300","Promoter (<=1kb)"
"chr11:5092580-5093532","OR52E3P","ENSG00000226157","Promoter (<=1kb)"
"chr11:5596522-5597235","TRIM6-TRIM34","ENSG00000258588","Promoter (<=1kb)"
"chr11:56331780-56332649","FAM8A2P","ENSG00000254722","Promoter (<=1kb)"
"chr11:5689510-5690705","TRIM22","ENSG00000132274","Promoter (<=1kb)"
"chr11:57044008-57045408","OR5AO1P","ENSG00000272676","Promoter (<=1kb)"
"chr11:57536885-57538015","SMTNL1","ENSG00000214872","Promoter (<=1kb)"
"chr11:57538106-57538390","SMTNL1","ENSG00000214872","Promoter (<=1kb)"
"chr11:57597374-57599023","SERPING1","ENSG00000149131","Promoter (<=1kb)"
"chr11:57637534-57639959",NA,"ENSG00000254602","Promoter (<=1kb)"
"chr11:57668314-57668829","ZDHHC5","ENSG00000156599","Promoter (<=1kb)"
"chr11:58023824-58024563","OR9Q1","ENSG00000186509","Promoter (<=1kb)"
"chr11:58627496-58628423",NA,"ENSG00000280010","Promoter (<=1kb)"
"chr11:5892854-5893481","OR52E5","ENSG00000277932","Promoter (<=1kb)"
"chr11:59142064-59142530","FAM111A-DT","ENSG00000245571","Promoter (<=1kb)"
"chr11:59171494-59171758","DTX4","ENSG00000110042","Promoter (<=1kb)"
"chr11:59510448-59511847","OR4D9","ENSG00000172742","Promoter (<=1kb)"
"chr11:60184760-60185651","MS4A4A","ENSG00000110079","Promoter (<=1kb)"
"chr11:60698758-60699972","MS4A8","ENSG00000166959","Promoter (<=1kb)"
"chr11:60785683-60787593","MS4A10","ENSG00000172689","Promoter (<=1kb)"
"chr11:6107771-6108781","OR56B4","ENSG00000180919","Promoter (<=1kb)"
"chr11:61222330-61223461","PGA4","ENSG00000229183","Promoter (<=1kb)"
"chr11:61480897-61481426","PPP1R32","ENSG00000162148","Promoter (<=1kb)"
"chr11:61949309-61950453","BEST1","ENSG00000167995","Promoter (<=1kb)"
"chr11:62727805-62729012","TTC9C","ENSG00000162222","Promoter (<=1kb)"
"chr11:62771816-62772292","TAF6L","ENSG00000162227","Promoter (<=1kb)"
"chr11:6298643-6298934",NA,"ENSG00000270435","Promoter (<=1kb)"
"chr11:6389694-6390208","SMPD1","ENSG00000166311","Promoter (<=1kb)"
"chr11:63938047-63938519","NAA40","ENSG00000110583","Promoter (<=1kb)"
"chr11:64241250-64241667","FKBP2","ENSG00000173486","Promoter (<=1kb)"
"chr11:6481561-6482347",NA,"ENSG00000283977","Promoter (<=1kb)"
"chr11:6496861-6499149","DNHD1","ENSG00000179532","Promoter (<=1kb)"
"chr11:65261022-65262817",NA,"ENSG00000287821","Promoter (<=1kb)"
"chr11:65333252-65334678","DPF2","ENSG00000133884","Promoter (<=1kb)"
"chr11:65366307-65366835",NA,"ENSG00000255478","Promoter (<=1kb)"
"chr11:65454342-65454638",NA,"ENSG00000173727","Promoter (<=1kb)"
"chr11:65454680-65455732",NA,"ENSG00000173727","Promoter (<=1kb)"
"chr11:65456028-65456254",NA,"ENSG00000173727","Promoter (<=1kb)"
"chr11:65576571-65578075","EHBP1L1","ENSG00000173442","Promoter (<=1kb)"
"chr11:65832823-65834025","SNX32","ENSG00000172803","Promoter (<=1kb)"
"chr11:65879518-65880439","CTSW","ENSG00000172543","Promoter (<=1kb)"
"chr11:65960804-65962421","SART1","ENSG00000175467","Promoter (<=1kb)"
"chr11:65983190-65983836",NA,"ENSG00000254867","Promoter (<=1kb)"
"chr11:66842457-66844192","RCE1","ENSG00000173653","Promoter (<=1kb)"
"chr11:66975124-66977534","C11orf86","ENSG00000173237","Promoter (<=1kb)"
"chr11:67489721-67490338","MIR6752","ENSG00000276769","Promoter (<=1kb)"
"chr11:67583376-67583928","GSTP1","ENSG00000084207","Promoter (<=1kb)"
"chr11:68033484-68034063","MIR4691","ENSG00000284435","Promoter (<=1kb)"
"chr11:68869295-68870915","LINC02701","ENSG00000250508","Promoter (<=1kb)"
"chr11:69001417-69002078",NA,"ENSG00000261625","Promoter (<=1kb)"
"chr11:69002541-69003372",NA,"ENSG00000261625","Promoter (<=1kb)"
"chr11:69012164-69014198","MRGPRF-AS1","ENSG00000256508","Promoter (<=1kb)"
"chr11:69909188-69910594",NA,"ENSG00000260348","Promoter (<=1kb)"
"chr11:69911115-69911687",NA,"ENSG00000260348","Promoter (<=1kb)"
"chr11:69984565-69985309",NA,"ENSG00000255191","Promoter (<=1kb)"
"chr11:71453266-71453861","NADSYN1","ENSG00000172890","Promoter (<=1kb)"
"chr11:71998364-72000112","IL18BP","ENSG00000137496","Promoter (<=1kb)"
"chr11:73265451-73266993","P2RY6","ENSG00000171631","Promoter (<=1kb)"
"chr11:73396293-73396858",NA,"ENSG00000256928","Promoter (<=1kb)"
"chr11:7485073-7486281","OLFML1","ENSG00000183801","Promoter (<=1kb)"
"chr11:75717647-75718998","MOGAT2","ENSG00000166391","Promoter (<=1kb)"
"chr11:7571960-7572214",NA,"ENSG00000254864","Promoter (<=1kb)"
"chr11:75767980-75769736","DGAT2-DT","ENSG00000247867","Promoter (<=1kb)"
"chr11:76781074-76781452","TSKU","ENSG00000182704","Promoter (<=1kb)"
"chr11:77126737-77127919","MYO7A","ENSG00000137474","Promoter (<=1kb)"
"chr11:78063386-78064522","THRSP","ENSG00000151365","Promoter (<=1kb)"
"chr11:78188859-78189348","USP35","ENSG00000118369","Promoter (<=1kb)"
"chr11:796911-798153",NA,"ENSG00000288675","Promoter (<=1kb)"
"chr11:819668-821599","PNPLA2","ENSG00000177666","Promoter (<=1kb)"
"chr11:86244378-86244886","EED","ENSG00000074266","Promoter (<=1kb)"
"chr11:86727115-86727734",NA,"ENSG00000255250","Promoter (<=1kb)"
"chr11:92161174-92161831","RPL7AP57","ENSG00000242248","Promoter (<=1kb)"
"chr11:94185836-94187785",NA,"ENSG00000250519","Promoter (<=1kb)"
"chr11:95088978-95089357","ENDOD1","ENSG00000149218","Promoter (<=1kb)"
"chr11:95149593-95150069",NA,"ENSG00000245552","Promoter (<=1kb)"
"chr11:9572710-9573325","WEE1","ENSG00000166483","Promoter (<=1kb)"
"chr11:9613248-9614375",NA,"ENSG00000289518","Promoter (<=1kb)"
"chr12:101696726-101697067","CHPT1","ENSG00000111666","Promoter (<=1kb)"
"chr12:101935775-101936887",NA,"ENSG00000241917","Promoter (<=1kb)"
"chr12:10212295-10212571","GABARAPL1","ENSG00000139112","Promoter (<=1kb)"
"chr12:104064660-104065108","HCFC2","ENSG00000111727","Promoter (<=1kb)"
"chr12:104177278-104178535",NA,"ENSG00000286258","Promoter (<=1kb)"
"chr12:104643097-104645077",NA,"ENSG00000289557","Promoter (<=1kb)"
"chr12:107317723-107320730","BTBD11","ENSG00000151136","Promoter (<=1kb)"
"chr12:107685021-107686499","PWP1","ENSG00000136045","Promoter (<=1kb)"
"chr12:108563358-108563830","ISCU","ENSG00000136003","Promoter (<=1kb)"
"chr12:108628399-108628920",NA,"ENSG00000257221","Promoter (<=1kb)"
"chr12:109116156-109116957","ACACB","ENSG00000076555","Promoter (<=1kb)"
"chr12:109713444-109714702","FAM222A","ENSG00000139438","Promoter (<=1kb)"
"chr12:111753243-111753970",NA,"ENSG00000257767","Promoter (<=1kb)"
"chr12:112906731-112908315","OAS1","ENSG00000089127","Promoter (<=1kb)"
"chr12:112977680-112979301","OAS2","ENSG00000111335","Promoter (<=1kb)"
"chr12:113862558-113863777",NA,"ENSG00000287229","Promoter (<=1kb)"
"chr12:114546595-114548043",NA,"ENSG00000255830","Promoter (<=1kb)"
"chr12:118136214-118136913","PEBP1","ENSG00000089220","Promoter (<=1kb)"
"chr12:118980676-118981936","SRRM4","ENSG00000139767","Promoter (<=1kb)"
"chr12:119988456-119990627","BICDL1","ENSG00000135127","Promoter (<=1kb)"
"chr12:120533856-120535579","COQ5","ENSG00000110871","Promoter (<=1kb)"
"chr12:121079643-121080358",NA,"ENSG00000256963","Promoter (<=1kb)"
"chr12:121190436-121191022",NA,"ENSG00000274029","Promoter (<=1kb)"
"chr12:121686574-121687734",NA,"ENSG00000286586","Promoter (<=1kb)"
"chr12:122062700-122064787",NA,"ENSG00000256546","Promoter (<=1kb)"
"chr12:122078057-122080403","MLXIP","ENSG00000175727","Promoter (<=1kb)"
"chr12:122773765-122775809","CCDC62","ENSG00000130783","Promoter (<=1kb)"
"chr12:12611147-12612349","CREBL2","ENSG00000111269","Promoter (<=1kb)"
"chr12:130069850-130070786","LINC02419","ENSG00000256906","Promoter (<=1kb)"
"chr12:130338707-130340661","PIWIL1","ENSG00000125207","Promoter (<=1kb)"
"chr12:130953389-130954972","ADGRD1","ENSG00000111452","Promoter (<=1kb)"
"chr12:130989374-130990670",NA,"ENSG00000280002","Promoter (<=1kb)"
"chr12:131163185-131164109","LINC01257","ENSG00000204603","Promoter (<=1kb)"
"chr12:131928441-131930547","PUS1","ENSG00000177192","Promoter (<=1kb)"
"chr12:13195779-13197079","EMP1","ENSG00000134531","Promoter (<=1kb)"
"chr12:132031057-132031592","SNORA49","ENSG00000208892","Promoter (<=1kb)"
"chr12:133181280-133182106","ZNF268","ENSG00000090612","Promoter (<=1kb)"
"chr12:14773676-14774135","H2AJ","ENSG00000246705","Promoter (<=1kb)"
"chr12:1697821-1698532",NA,"ENSG00000271500","Promoter (<=1kb)"
"chr12:27523939-27524898","PPFIBP1","ENSG00000110841","Promoter (<=1kb)"
"chr12:27807048-27807621","RN7SKP15","ENSG00000201612","Promoter (<=1kb)"
"chr12:3041608-3042047",NA,"ENSG00000250899","Promoter (<=1kb)"
"chr12:3076631-3078031","TSPAN9","ENSG00000011105","Promoter (<=1kb)"
"chr12:31074057-31075013","DDX11","ENSG00000013573","Promoter (<=1kb)"
"chr12:31646820-31647660","ETFBKMT","ENSG00000139160","Promoter (<=1kb)"
"chr12:3380484-3381855","PRMT8","ENSG00000111218","Promoter (<=1kb)"
"chr12:38316517-38317322","ALG10B","ENSG00000175548","Promoter (<=1kb)"
"chr12:40692007-40693883","CNTN1","ENSG00000018236","Promoter (<=1kb)"
"chr12:41187995-41189327","PDZRN4","ENSG00000165966","Promoter (<=1kb)"
"chr12:45164614-45166530",NA,"ENSG00000287386","Promoter (<=1kb)"
"chr12:47706251-47707020","RPAP3-DT","ENSG00000257433","Promoter (<=1kb)"
"chr12:4909288-4911937",NA,"ENSG00000256654","Promoter (<=1kb)"
"chr12:49539696-49539897","KCNH3","ENSG00000135519","Promoter (<=1kb)"
"chr12:50084506-50084854","SMARCD1","ENSG00000066117","Promoter (<=1kb)"
"chr12:52022829-52024236","NR4A1","ENSG00000123358","Promoter (<=1kb)"
"chr12:52079595-52080223","SMIM41","ENSG00000284791","Promoter (<=1kb)"
"chr12:53096394-53096758","IGFBP6","ENSG00000167779","Promoter (<=1kb)"
"chr12:53251541-53252866","MFSD5","ENSG00000182544","Promoter (<=1kb)"
"chr12:53500435-53501047","TARBP2","ENSG00000139546","Promoter (<=1kb)"
"chr12:54019616-54020602",NA,"ENSG00000260597","Promoter (<=1kb)"
"chr12:54427549-54429203","LINC01154","ENSG00000257477","Promoter (<=1kb)"
"chr12:54497221-54498309","NCKAP1L","ENSG00000123338","Promoter (<=1kb)"
"chr12:54498336-54498601","NCKAP1L","ENSG00000123338","Promoter (<=1kb)"
"chr12:54498628-54498864","NCKAP1L","ENSG00000123338","Promoter (<=1kb)"
"chr12:57512671-57513056","MIR6758","ENSG00000284152","Promoter (<=1kb)"
"chr12:57782214-57783530","TSFM","ENSG00000123297","Promoter (<=1kb)"
"chr12:59595596-59597854","SLC16A7","ENSG00000118596","Promoter (<=1kb)"
"chr12:63779351-63779956","RXYLT1","ENSG00000118600","Promoter (<=1kb)"
"chr12:64452915-64453198","TBK1","ENSG00000183735","Promoter (<=1kb)"
"chr12:6534562-6535450","GAPDH","ENSG00000111640","Promoter (<=1kb)"
"chr12:66188640-66189925","IRAK3","ENSG00000090376","Promoter (<=1kb)"
"chr12:6786472-6787053","CD4","ENSG00000010610","Promoter (<=1kb)"
"chr12:6828045-6829839","P3H3","ENSG00000110811","Promoter (<=1kb)"
"chr12:69238812-69239350","CPSF6","ENSG00000111605","Promoter (<=1kb)"
"chr12:69329786-69332217",NA,"ENSG00000274979","Promoter (<=1kb)"
"chr12:69354515-69355122",NA,"ENSG00000257764","Promoter (<=1kb)"
"chr12:69585261-69586026","CCT2","ENSG00000166226","Promoter (<=1kb)"
"chr12:70243541-70244348","CNOT2","ENSG00000111596","Promoter (<=1kb)"
"chr12:74537303-74537573","ATXN7L3B","ENSG00000253719","Promoter (<=1kb)"
"chr12:75334367-75335081",NA,"ENSG00000273987","Promoter (<=1kb)"
"chr12:75479821-75480570","GLIPR1","ENSG00000139278","Promoter (<=1kb)"
"chr12:80761443-80762488","LINC01490","ENSG00000257741","Promoter (<=1kb)"
"chr12:8123165-8124410","CLEC4A","ENSG00000111729","Promoter (<=1kb)"
"chr12:89752837-89753848","MRPL2P1","ENSG00000257480","Promoter (<=1kb)"
"chr12:90575016-90576498","LINC02822","ENSG00000286021","Promoter (<=1kb)"
"chr12:92466295-92467467","LINC02397","ENSG00000205056","Promoter (<=1kb)"
"chr12:9317031-9317586",NA,"ENSG00000255753","Promoter (<=1kb)"
"chr12:94560529-94561550","MIR5700","ENSG00000266099","Promoter (<=1kb)"
"chr12:94834547-94835222","KRT19P2","ENSG00000216306","Promoter (<=1kb)"
"chr12:95943152-95943903","AMDHD1","ENSG00000139344","Promoter (<=1kb)"
"chr12:96485140-96485664",NA,"ENSG00000258272","Promoter (<=1kb)"
"chr13:102596181-102596644","TPP2","ENSG00000134900","Promoter (<=1kb)"
"chr13:108335624-108336354",NA,"ENSG00000283384","Promoter (<=1kb)"
"chr13:109281695-109282477","LINC00370","ENSG00000223617","Promoter (<=1kb)"
"chr13:111315313-111316147","TEX29","ENSG00000153495","Promoter (<=1kb)"
"chr13:111595301-111596730","LINC02337","ENSG00000215881","Promoter (<=1kb)"
"chr13:112375829-112376620","SPACA7","ENSG00000153498","Promoter (<=1kb)"
"chr13:113815462-113816379","GAS6-AS1","ENSG00000233695","Promoter (<=1kb)"
"chr13:18905314-18907032","LINC00408","ENSG00000226250","Promoter (<=1kb)"
"chr13:23180792-23181071","SGCG","ENSG00000102683","Promoter (<=1kb)"
"chr13:24746380-24748140",NA,"ENSG00000287887","Promoter (<=1kb)"
"chr13:25140921-25142038",NA,"ENSG00000279695","Promoter (<=1kb)"
"chr13:25862921-25863917",NA,"ENSG00000180803","Promoter (<=1kb)"
"chr13:27620828-27622403","POLR1D","ENSG00000186184","Promoter (<=1kb)"
"chr13:27919775-27922358","PDX1","ENSG00000139515","Promoter (<=1kb)"
"chr13:28658417-28659970",NA,"ENSG00000289569","Promoter (<=1kb)"
"chr13:29934832-29936688","LINC00544","ENSG00000122043","Promoter (<=1kb)"
"chr13:32585590-32586149","PDS5B","ENSG00000083642","Promoter (<=1kb)"
"chr13:32586556-32587433","PDS5B","ENSG00000083642","Promoter (<=1kb)"
"chr13:41133000-41133253",NA,"ENSG00000278390","Promoter (<=1kb)"
"chr13:41955706-41956001","VWA8-AS1","ENSG00000278338","Promoter (<=1kb)"
"chr13:43157774-43158573","LINC00400","ENSG00000229928","Promoter (<=1kb)"
"chr13:46052929-46053214","CPB2-AS1","ENSG00000235903","Promoter (<=1kb)"
"chr13:48037253-48037851","NUDT15","ENSG00000136159","Promoter (<=1kb)"
"chr13:49628973-49629741","ARL11","ENSG00000152213","Promoter (<=1kb)"
"chr13:50909908-50910852","RNASEH2B-AS1","ENSG00000233672","Promoter (<=1kb)"
"chr13:52652973-52653335","SUGT1","ENSG00000165416","Promoter (<=1kb)"
"chr13:60396301-60397291","TDRD3","ENSG00000083544","Promoter (<=1kb)"
"chr13:70107138-70108325","ATXN8OS","ENSG00000230223","Promoter (<=1kb)"
"chr13:94601261-94601630","GPR180","ENSG00000152749","Promoter (<=1kb)"
"chr13:96089991-96091963","HS6ST3","ENSG00000185352","Promoter (<=1kb)"
"chr13:97222385-97222790","MBNL2","ENSG00000139793","Promoter (<=1kb)"
"chr13:99372023-99372306","HMGB3P4","ENSG00000228808","Promoter (<=1kb)"
"chr14:100321721-100322608","SLC25A47","ENSG00000140107","Promoter (<=1kb)"
"chr14:100679502-100680362",NA,"ENSG00000258717","Promoter (<=1kb)"
"chr14:100684058-100684619",NA,"ENSG00000289278","Promoter (<=1kb)"
"chr14:100778097-100779975","MEG3","ENSG00000214548","Promoter (<=1kb)"
"chr14:100850871-100852930","MIR770","ENSG00000211574","Promoter (<=1kb)"
"chr14:101054446-101055409","MIR134","ENSG00000207993","Promoter (<=1kb)"
"chr14:102592312-102593895","RCOR1","ENSG00000089902","Promoter (<=1kb)"
"chr14:103093597-103095061","EXOC3L4","ENSG00000205436","Promoter (<=1kb)"
"chr14:103118083-103118392",NA,"ENSG00000288610","Promoter (<=1kb)"
"chr14:103118820-103119388",NA,"ENSG00000288610","Promoter (<=1kb)"
"chr14:103684009-103684874",NA,"ENSG00000246451","Promoter (<=1kb)"
"chr14:104579246-104579939","C14orf180","ENSG00000184601","Promoter (<=1kb)"
"chr14:104821157-104821760","LINC00638","ENSG00000258701","Promoter (<=1kb)"
"chr14:104842913-104845940",NA,"ENSG00000258811","Promoter (<=1kb)"
"chr14:105473579-105475465","CRIP2","ENSG00000182809","Promoter (<=1kb)"
"chr14:105900520-105901788","IGHD1-14","ENSG00000227108","Promoter (<=1kb)"
"chr14:105939602-105940455","IGHV6-1","ENSG00000211933","Promoter (<=1kb)"
"chr14:106345143-106345504","IGHV3-30-2","ENSG00000253587","Promoter (<=1kb)"
"chr14:106373016-106373690","IGHV4-34","ENSG00000211956","Promoter (<=1kb)"
"chr14:106442575-106443414","IGHV3-41","ENSG00000278473","Promoter (<=1kb)"
"chr14:106600656-106601699","IGHV3-54","ENSG00000275475","Promoter (<=1kb)"
"chr14:106626845-106627285","IGHV4-59","ENSG00000224373","Promoter (<=1kb)"
"chr14:19061506-19062768","DUXAP9","ENSG00000225210","Promoter (<=1kb)"
"chr14:19873113-19874284","OR4K2","ENSG00000165762","Promoter (<=1kb)"
"chr14:19907372-19908193",NA,"ENSG00000259016","Promoter (<=1kb)"
"chr14:20477012-20478241",NA,"ENSG00000258908","Promoter (<=1kb)"
"chr14:20780641-20781449","RNASE6","ENSG00000169413","Promoter (<=1kb)"
"chr14:20918857-20920023","RNASE2CP","ENSG00000136315","Promoter (<=1kb)"
"chr14:22524042-22524440","TRAJ20","ENSG00000211869","Promoter (<=1kb)"
"chr14:22536758-22538336","TRAJ7","ENSG00000211882","Promoter (<=1kb)"
"chr14:22555388-22557479",NA,"ENSG00000259003","Promoter (<=1kb)"
"chr14:22597622-22599151","ABHD4","ENSG00000100439","Promoter (<=1kb)"
"chr14:23953547-23954564","DHRS4","ENSG00000157326","Promoter (<=1kb)"
"chr14:24429794-24431149","CBLN3","ENSG00000139899","Promoter (<=1kb)"
"chr14:30558972-30560081","G2E3","ENSG00000092140","Promoter (<=1kb)"
"chr14:31419720-31420769","HEATR5A-DT","ENSG00000250365","Promoter (<=1kb)"
"chr14:31489686-31490098","NUBPL","ENSG00000151413","Promoter (<=1kb)"
"chr14:31929307-31930798",NA,"ENSG00000257472","Promoter (<=1kb)"
"chr14:32006113-32007156",NA,"ENSG00000258386","Promoter (<=1kb)"
"chr14:32484001-32485199","MTCO1P2","ENSG00000259045","Promoter (<=1kb)"
"chr14:35880932-35881901",NA,"ENSG00000257307","Promoter (<=1kb)"
"chr14:39113793-39114096","GEMIN2","ENSG00000092208","Promoter (<=1kb)"
"chr14:39228940-39229948","MIA2","ENSG00000150527","Promoter (<=1kb)"
"chr14:39432797-39433059",NA,"ENSG00000258526","Promoter (<=1kb)"
"chr14:43274789-43275854","TUBBP3","ENSG00000258406","Promoter (<=1kb)"
"chr14:49892305-49894054","ARF6","ENSG00000165527","Promoter (<=1kb)"
"chr14:51333845-51334847","LINC00640","ENSG00000258479","Promoter (<=1kb)"
"chr14:51988769-51989324","RTRAF","ENSG00000087302","Promoter (<=1kb)"
"chr14:55281995-55282731",NA,"ENSG00000239686","Promoter (<=1kb)"
"chr14:56487380-56488296","TMEM260","ENSG00000070269","Promoter (<=1kb)"
"chr14:59187807-59188730","DAAM1","ENSG00000100592","Promoter (<=1kb)"
"chr14:60323076-60324151","LINC02322","ENSG00000258556","Promoter (<=1kb)"
"chr14:61186729-61187177","PRKCH","ENSG00000027075","Promoter (<=1kb)"
"chr14:63204008-63205292","RHOJ","ENSG00000126785","Promoter (<=1kb)"
"chr14:64703843-64706044","PLEKHG3","ENSG00000126822","Promoter (<=1kb)"
"chr14:64913752-64915255","CHURC1","ENSG00000258289","Promoter (<=1kb)"
"chr14:64986658-64987663","FNTB","ENSG00000257365","Promoter (<=1kb)"
"chr14:65469520-65471269","MIR625","ENSG00000207781","Promoter (<=1kb)"
"chr14:67735153-67736066",NA,"ENSG00000271697","Promoter (<=1kb)"
"chr14:69726281-69728378","SRSF5","ENSG00000100650","Promoter (<=1kb)"
"chr14:70186677-70187177",NA,"ENSG00000258422","Promoter (<=1kb)"
"chr14:72544542-72545141",NA,"ENSG00000286333","Promoter (<=1kb)"
"chr14:75268857-75269775",NA,"ENSG00000258740","Promoter (<=1kb)"
"chr14:75276997-75278636","FOS","ENSG00000170345","Promoter (<=1kb)"
"chr14:76235552-76236481",NA,"ENSG00000258454","Promoter (<=1kb)"
"chr14:80954823-80956049","TSHR","ENSG00000165409","Promoter (<=1kb)"
"chr14:88158906-88159735",NA,"ENSG00000258975","Promoter (<=1kb)"
"chr14:88823990-88824496","TTC8","ENSG00000165533","Promoter (<=1kb)"
"chr14:89955067-89955735","TDP1","ENSG00000042088","Promoter (<=1kb)"
"chr14:90490675-90492470",NA,"ENSG00000259789","Promoter (<=1kb)"
"chr14:94026552-94027091","OTUB2","ENSG00000089723","Promoter (<=1kb)"
"chr14:94559689-94561340","SERPINA4","ENSG00000100665","Promoter (<=1kb)"
"chr14:94612242-94612962","SERPINA3","ENSG00000196136","Promoter (<=1kb)"
"chr14:95649271-95650422","TCL6","ENSG00000187621","Promoter (<=1kb)"
"chr14:95711518-95712443",NA,"ENSG00000257275","Promoter (<=1kb)"
"chr14:96391030-96391711","AK7","ENSG00000140057","Promoter (<=1kb)"
"chr14:96391785-96392491","AK7","ENSG00000140057","Promoter (<=1kb)"
"chr14:96592299-96593692",NA,"ENSG00000258702","Promoter (<=1kb)"
"chr14:96663060-96663799",NA,"ENSG00000287350","Promoter (<=1kb)"
"chr14:96796860-96797160","VRK1","ENSG00000100749","Promoter (<=1kb)"
"chr14:96797468-96798245","VRK1","ENSG00000100749","Promoter (<=1kb)"
"chr14:99604246-99605131",NA,"ENSG00000247970","Promoter (<=1kb)"
"chr15:100560412-100560886","RNU6-181P","ENSG00000200095","Promoter (<=1kb)"
"chr15:100715386-100716553",NA,"ENSG00000259579","Promoter (<=1kb)"
"chr15:100716578-100717095",NA,"ENSG00000259579","Promoter (<=1kb)"
"chr15:20002684-20004013","IGHD5OR15-5A","ENSG00000270961","Promoter (<=1kb)"
"chr15:20596763-20598257","SPATA31E2P","ENSG00000258916","Promoter (<=1kb)"
"chr15:21009508-21010537","IGHD5OR15-5B","ENSG00000270824","Promoter (<=1kb)"
"chr15:21079001-21081328","BCAR1P2","ENSG00000258771","Promoter (<=1kb)"
"chr15:22664057-22665325","WHAMMP3","ENSG00000276141","Promoter (<=1kb)"
"chr15:23565365-23567417","MKRN3","ENSG00000179455","Promoter (<=1kb)"
"chr15:24984646-24985756","PWAR5","ENSG00000279192","Promoter (<=1kb)"
"chr15:26051872-26052667",NA,"ENSG00000258931","Promoter (<=1kb)"
"chr15:28737239-28738595","WHAMMP2","ENSG00000248334","Promoter (<=1kb)"
"chr15:29664172-29665593",NA,"ENSG00000287334","Promoter (<=1kb)"
"chr15:30470658-30471796",NA,"ENSG00000215302","Promoter (<=1kb)"
"chr15:34102177-34102850","PGBD4","ENSG00000182405","Promoter (<=1kb)"
"chr15:36578996-36579487","CDIN1","ENSG00000186073","Promoter (<=1kb)"
"chr15:37979201-37980628","LINC02345","ENSG00000259225","Promoter (<=1kb)"
"chr15:38626462-38627334","LINC02694","ENSG00000175779","Promoter (<=1kb)"
"chr15:39782422-39783226",NA,"ENSG00000261136","Promoter (<=1kb)"
"chr15:40217043-40217970","PAK6","ENSG00000137843","Promoter (<=1kb)"
"chr15:40322865-40324858","INAFM2","ENSG00000259330","Promoter (<=1kb)"
"chr15:40382247-40382706","KNSTRN","ENSG00000128944","Promoter (<=1kb)"
"chr15:40405256-40405512","IVD","ENSG00000128928","Promoter (<=1kb)"
"chr15:40568959-40570044","RPUSD2","ENSG00000166133","Promoter (<=1kb)"
"chr15:40593763-40594962","KNL1","ENSG00000137812","Promoter (<=1kb)"
"chr15:40905719-40907255",NA,"ENSG00000251161","Promoter (<=1kb)"
"chr15:40907302-40907793",NA,"ENSG00000251161","Promoter (<=1kb)"
"chr15:41557645-41558161","TYRO3","ENSG00000092445","Promoter (<=1kb)"
"chr15:41921118-41921582","EHD4-AS1","ENSG00000259883","Promoter (<=1kb)"
"chr15:42313492-42313990","BNIP3P5","ENSG00000260571","Promoter (<=1kb)"
"chr15:44537229-44537870","EIF3J","ENSG00000104131","Promoter (<=1kb)"
"chr15:44712284-44713029","B2M","ENSG00000166710","Promoter (<=1kb)"
"chr15:44956471-44957202","TERB2","ENSG00000167014","Promoter (<=1kb)"
"chr15:49422974-49423472","FGF7","ENSG00000140285","Promoter (<=1kb)"
"chr15:52045492-52046336",NA,"ENSG00000289025","Promoter (<=1kb)"
"chr15:57299666-57300437","LINC00926","ENSG00000247982","Promoter (<=1kb)"
"chr15:59595407-59596936","GCNT3","ENSG00000140297","Promoter (<=1kb)"
"chr15:63090935-63091458",NA,"ENSG00000259672","Promoter (<=1kb)"
"chr15:63596739-63597730","FBXL22","ENSG00000197361","Promoter (<=1kb)"
"chr15:65049361-65050244",NA,"ENSG00000277351","Promoter (<=1kb)"
"chr15:65529864-65531292","HACD3","ENSG00000074696","Promoter (<=1kb)"
"chr15:69755261-69755969",NA,"ENSG00000289525","Promoter (<=1kb)"
"chr15:75195407-75196417","C15orf39","ENSG00000167173","Promoter (<=1kb)"
"chr15:75723536-75724535","ODF3L1","ENSG00000182950","Promoter (<=1kb)"
"chr15:75842384-75844314","UBE2Q2","ENSG00000140367","Promoter (<=1kb)"
"chr15:77420807-77421372","HMG20A","ENSG00000140382","Promoter (<=1kb)"
"chr15:77568990-77570149",NA,"ENSG00000259420","Promoter (<=1kb)"
"chr15:78506859-78508347","HYKK","ENSG00000188266","Promoter (<=1kb)"
"chr15:79922668-79924327","ST20-AS1","ENSG00000259642","Promoter (<=1kb)"
"chr15:80679472-80680085","ABHD17C","ENSG00000136379","Promoter (<=1kb)"
"chr15:82112062-82112650",NA,"ENSG00000287872","Promoter (<=1kb)"
"chr15:83445687-83446466","SH3GL3","ENSG00000140600","Promoter (<=1kb)"
"chr15:84079435-84081088",NA,"ENSG00000259609","Promoter (<=1kb)"
"chr15:84749585-84749842","ZNF592","ENSG00000166716","Promoter (<=1kb)"
"chr15:85379796-85380031","AKAP13","ENSG00000170776","Promoter (<=1kb)"
"chr15:85579995-85580315",NA,"ENSG00000259375","Promoter (<=1kb)"
"chr15:88610706-88611271","MIR7-2","ENSG00000207703","Promoter (<=1kb)"
"chr15:89038137-89038808",NA,"ENSG00000260275","Promoter (<=1kb)"
"chr15:89358403-89358646",NA,"ENSG00000279708","Promoter (<=1kb)"
"chr15:90234664-90234864","GDPGP1","ENSG00000183208","Promoter (<=1kb)"
"chr15:91031904-91032790",NA,"ENSG00000258665","Promoter (<=1kb)"
"chr15:98649245-98649500","IGF1R","ENSG00000140443","Promoter (<=1kb)"
"chr16:10744366-10744746","NUBP1","ENSG00000103274","Promoter (<=1kb)"
"chr16:11161205-11163300",NA,"ENSG00000287121","Promoter (<=1kb)"
"chr16:11667722-11668534","SNN","ENSG00000184602","Promoter (<=1kb)"
"chr16:1240463-1241843","TPSAB1","ENSG00000172236","Promoter (<=1kb)"
"chr16:14901376-14902243",NA,"ENSG00000257264","Promoter (<=1kb)"
"chr16:152283-155109","HBM","ENSG00000206177","Promoter (<=1kb)"
"chr16:168796-169739","HBAP1","ENSG00000225323","Promoter (<=1kb)"
"chr16:18570130-18571873","ABCC6P1","ENSG00000256340","Promoter (<=1kb)"
"chr16:20579696-20580875",NA,"ENSG00000260201","Promoter (<=1kb)"
"chr16:22296761-22297066","POLR3E","ENSG00000058600","Promoter (<=1kb)"
"chr16:24255372-24256872","CACNG3","ENSG00000006116","Promoter (<=1kb)"
"chr16:2516490-2516690",NA,"ENSG00000279520","Promoter (<=1kb)"
"chr16:2576645-2577603",NA,"ENSG00000279568","Promoter (<=1kb)"
"chr16:26301359-26302152",NA,"ENSG00000231876","Promoter (<=1kb)"
"chr16:27067001-27067974",NA,"ENSG00000261482","Promoter (<=1kb)"
"chr16:2798039-2800246","PRSS41","ENSG00000215148","Promoter (<=1kb)"
"chr16:28553764-28555055","SGF29","ENSG00000176476","Promoter (<=1kb)"
"chr16:28878227-28878556","ATP2A1","ENSG00000196296","Promoter (<=1kb)"
"chr16:28967216-28967757",NA,"ENSG00000260853","Promoter (<=1kb)"
"chr16:2906185-2906385",NA,"ENSG00000289222","Promoter (<=1kb)"
"chr16:2911400-2911683","FLYWCH1","ENSG00000059122","Promoter (<=1kb)"
"chr16:29791454-29791825","KIF22","ENSG00000079616","Promoter (<=1kb)"
"chr16:29973074-29973417","TAOK2","ENSG00000149930","Promoter (<=1kb)"
"chr16:3004738-3004992",NA,"ENSG00000262362","Promoter (<=1kb)"
"chr16:30063602-30065788","ALDOA","ENSG00000149925","Promoter (<=1kb)"
"chr16:30074654-30076854","PPP4C","ENSG00000149923","Promoter (<=1kb)"
"chr16:30377372-30378109","ZNF48","ENSG00000180035","Promoter (<=1kb)"
"chr16:30498524-30499685",NA,"ENSG00000261332","Promoter (<=1kb)"
"chr16:3064784-3066969","IL32","ENSG00000008517","Promoter (<=1kb)"
"chr16:30657872-30658496","FBRS","ENSG00000156860","Promoter (<=1kb)"
"chr16:30957827-30958758","SETD1A","ENSG00000099381","Promoter (<=1kb)"
"chr16:3263624-3263884","LINC00921","ENSG00000281005","Promoter (<=1kb)"
"chr16:3499789-3501616","CLUAP1","ENSG00000103351","Promoter (<=1kb)"
"chr16:35362677-35363772","LINC01566","ENSG00000259841","Promoter (<=1kb)"
"chr16:35364087-35364938","LINC01566","ENSG00000259841","Promoter (<=1kb)"
"chr16:3542653-3543297",NA,"ENSG00000262312","Promoter (<=1kb)"
"chr16:35754335-35755231","RNA5SP421","ENSG00000252673","Promoter (<=1kb)"
"chr16:35911828-35912618","PPP1R1AP2","ENSG00000261084","Promoter (<=1kb)"
"chr16:4371379-4373174","VASN","ENSG00000168140","Promoter (<=1kb)"
"chr16:4638716-4641672",NA,"ENSG00000261442","Promoter (<=1kb)"
"chr16:50024657-50024915","CNEP1R1","ENSG00000205423","Promoter (<=1kb)"
"chr16:50058238-50059409","ACTG1P16","ENSG00000260298","Promoter (<=1kb)"
"chr16:51268005-51268721",NA,"ENSG00000287256","Promoter (<=1kb)"
"chr16:51277784-51278748","UNGP1","ENSG00000260818","Promoter (<=1kb)"
"chr16:55759993-55761297","CES1P1","ENSG00000228695","Promoter (<=1kb)"
"chr16:55761342-55762069","CES1P1","ENSG00000228695","Promoter (<=1kb)"
"chr16:56299166-56299586",NA,"ENSG00000287866","Promoter (<=1kb)"
"chr16:56608286-56608731","MT2A","ENSG00000125148","Promoter (<=1kb)"
"chr16:56931261-56931835","HERPUD1","ENSG00000051108","Promoter (<=1kb)"
"chr16:56931857-56933273","HERPUD1","ENSG00000051108","Promoter (<=1kb)"
"chr16:56960485-56961149","CETP","ENSG00000087237","Promoter (<=1kb)"
"chr16:57357700-57358982","CCL22","ENSG00000102962","Promoter (<=1kb)"
"chr16:57404982-57405455","CCL17","ENSG00000102970","Promoter (<=1kb)"
"chr16:58024550-58025308","MMP15","ENSG00000102996","Promoter (<=1kb)"
"chr16:58514924-58516748",NA,"ENSG00000289004","Promoter (<=1kb)"
"chr16:63703027-63703830",NA,"ENSG00000259864","Promoter (<=1kb)"
"chr16:6573244-6574372",NA,"ENSG00000260835","Promoter (<=1kb)"
"chr16:66988106-66989214","CES4A","ENSG00000172824","Promoter (<=1kb)"
"chr16:67009057-67009581",NA,"ENSG00000280334","Promoter (<=1kb)"
"chr16:67277203-67278293","PLEKHG4","ENSG00000196155","Promoter (<=1kb)"
"chr16:67481983-67482215","ATP6V0D1-DT","ENSG00000270049","Promoter (<=1kb)"
"chr16:67644534-67646068","CARMIL2","ENSG00000159753","Promoter (<=1kb)"
"chr16:68244416-68246050","PLA2G15","ENSG00000103066","Promoter (<=1kb)"
"chr16:68843157-68843408","TANGO6","ENSG00000103047","Promoter (<=1kb)"
"chr16:68843427-68844465","TANGO6","ENSG00000103047","Promoter (<=1kb)"
"chr16:69563959-69564582","NFAT5","ENSG00000102908","Promoter (<=1kb)"
"chr16:70289739-70290031","DDX19B","ENSG00000157349","Promoter (<=1kb)"
"chr16:70523696-70524908","SF3B3","ENSG00000189091","Promoter (<=1kb)"
"chr16:72008854-72009156","DHODH","ENSG00000102967","Promoter (<=1kb)"
"chr16:720101-720301","ANTKMT","ENSG00000103254","Promoter (<=1kb)"
"chr16:75225683-75226422",NA,"ENSG00000240338","Promoter (<=1kb)"
"chr16:75565726-75567241","GABARAPL2","ENSG00000034713","Promoter (<=1kb)"
"chr16:759957-760663","MSLN","ENSG00000102854","Promoter (<=1kb)"
"chr16:76763-77057","MPG","ENSG00000103152","Promoter (<=1kb)"
"chr16:77198831-77199457","SYCE1L","ENSG00000205078","Promoter (<=1kb)"
"chr16:78055261-78057038",NA,"ENSG00000261776","Promoter (<=1kb)"
"chr16:78122636-78123385",NA,"ENSG00000276007","Promoter (<=1kb)"
"chr16:79089574-79090774",NA,"ENSG00000260479","Promoter (<=1kb)"
"chr16:84924286-84925718",NA,"ENSG00000279622","Promoter (<=1kb)"
"chr16:87056089-87057085","LINC02181","ENSG00000232190","Promoter (<=1kb)"
"chr16:87945187-87945947",NA,"ENSG00000260443","Promoter (<=1kb)"
"chr16:88452166-88452593","ZFPM1","ENSG00000179588","Promoter (<=1kb)"
"chr16:88939153-88939886",NA,"ENSG00000261226","Promoter (<=1kb)"
"chr16:89052601-89053491",NA,"ENSG00000256982","Promoter (<=1kb)"
"chr16:89167157-89167975","LINC02138","ENSG00000205015","Promoter (<=1kb)"
"chr16:89491353-89491696","SPG7","ENSG00000197912","Promoter (<=1kb)"
"chr16:89917659-89919328",NA,"ENSG00000198211","Promoter (<=1kb)"
"chr16:89949073-89950151","DEF8","ENSG00000140995","Promoter (<=1kb)"
"chr16:9365102-9366533",NA,"ENSG00000260071","Promoter (<=1kb)"
"chr16:9599611-9600428","RNA5SP404","ENSG00000252927","Promoter (<=1kb)"
"chr17:1279780-1281088","TRARG1","ENSG00000184811","Promoter (<=1kb)"
"chr17:15764149-15765021","CDRT15P2","ENSG00000227255","Promoter (<=1kb)"
"chr17:16380897-16381776","UBB","ENSG00000170315","Promoter (<=1kb)"
"chr17:16788892-16791001",NA,"ENSG00000264673","Promoter (<=1kb)"
"chr17:17013664-17014085",NA,"ENSG00000260328","Promoter (<=1kb)"
"chr17:17455047-17455533","TSEN15P1","ENSG00000230865","Promoter (<=1kb)"
"chr17:18950898-18952494","SLC5A10","ENSG00000154025","Promoter (<=1kb)"
"chr17:19061856-19064208","SNORD3B-1","ENSG00000265185","Promoter (<=1kb)"
"chr17:19093666-19094885",NA,"ENSG00000228157","Promoter (<=1kb)"
"chr17:19126950-19128117","GRAPL","ENSG00000189152","Promoter (<=1kb)"
"chr17:19187938-19190339","SNORD3A","ENSG00000263934","Promoter (<=1kb)"
"chr17:19215952-19217106","EPN2","ENSG00000072134","Promoter (<=1kb)"
"chr17:19410027-19411574","RNF112","ENSG00000128482","Promoter (<=1kb)"
"chr17:19418020-19419072","LINC02094","ENSG00000227078","Promoter (<=1kb)"
"chr17:20435445-20436537","NOS2P3","ENSG00000230528","Promoter (<=1kb)"
"chr17:20787183-20788580",NA,"ENSG00000264215","Promoter (<=1kb)"
"chr17:21532699-21533554",NA,"ENSG00000266466","Promoter (<=1kb)"
"chr17:21691319-21692308","KCNJ18","ENSG00000260458","Promoter (<=1kb)"
"chr17:22221121-22221775","FTLP13","ENSG00000263725","Promoter (<=1kb)"
"chr17:2613159-2614016","SAMD11P1","ENSG00000262480","Promoter (<=1kb)"
"chr17:27413356-27414308",NA,"ENSG00000266356","Promoter (<=1kb)"
"chr17:29565907-29569646","TP53I13","ENSG00000167543","Promoter (<=1kb)"
"chr17:29592048-29592248",NA,"ENSG00000264647","Promoter (<=1kb)"
"chr17:30550548-30551301",NA,"ENSG00000263860","Promoter (<=1kb)"
"chr17:31007976-31009583",NA,"ENSG00000264148","Promoter (<=1kb)"
"chr17:31580383-31582909",NA,"ENSG00000266877","Promoter (<=1kb)"
"chr17:32443843-32445441","PSMD11","ENSG00000108671","Promoter (<=1kb)"
"chr17:33679866-33680823",NA,"ENSG00000264643","Promoter (<=1kb)"
"chr17:35148736-35149351","UNC45B","ENSG00000141161","Promoter (<=1kb)"
"chr17:35166549-35167433",NA,"ENSG00000267782","Promoter (<=1kb)"
"chr17:35242000-35242850",NA,"ENSG00000289211","Promoter (<=1kb)"
"chr17:35242865-35243936",NA,"ENSG00000266947","Promoter (<=1kb)"
"chr17:36211607-36212648","CCL4L2","ENSG00000276070","Promoter (<=1kb)"
"chr17:36545651-36546021","GGNBP2","ENSG00000278311","Promoter (<=1kb)"
"chr17:38727741-38728943",NA,"ENSG00000279119","Promoter (<=1kb)"
"chr17:38730349-38731252","CISD3","ENSG00000277972","Promoter (<=1kb)"
"chr17:38869262-38870730","LASP1","ENSG00000002834","Promoter (<=1kb)"
"chr17:39461271-39462527","CDK12","ENSG00000167258","Promoter (<=1kb)"
"chr17:40013748-40014229",NA,"ENSG00000265799","Promoter (<=1kb)"
"chr17:40309942-40310405","RARA","ENSG00000131759","Promoter (<=1kb)"
"chr17:40818254-40819258","KRT10-AS1","ENSG00000167920","Promoter (<=1kb)"
"chr17:43006401-43007565","IFI35","ENSG00000068079","Promoter (<=1kb)"
"chr17:43483011-43484688","DHX8","ENSG00000067596","Promoter (<=1kb)"
"chr17:44070261-44071384","G6PC3","ENSG00000141349","Promoter (<=1kb)"
"chr17:44344724-44346348","GRN","ENSG00000030582","Promoter (<=1kb)"
"chr17:47199856-47200815","MYL4","ENSG00000198336","Promoter (<=1kb)"
"chr17:4730727-4730927","MED11","ENSG00000161920","Promoter (<=1kb)"
"chr17:4832808-4833107","MINK1","ENSG00000141503","Promoter (<=1kb)"
"chr17:48628553-48628884","HOXB-AS4","ENSG00000242207","Promoter (<=1kb)"
"chr17:49494313-49496020","NGFR","ENSG00000064300","Promoter (<=1kb)"
"chr17:50199614-50202003",NA,"ENSG00000249406","Promoter (<=1kb)"
"chr17:50779671-50780581",NA,"ENSG00000285829","Promoter (<=1kb)"
"chr17:50834491-50836274","WFIKKN2","ENSG00000173714","Promoter (<=1kb)"
"chr17:50866883-50867399","TOB1","ENSG00000141232","Promoter (<=1kb)"
"chr17:55272807-55274099",NA,"ENSG00000263096","Promoter (<=1kb)"
"chr17:57684719-57686298","RNU7-134P","ENSG00000238447","Promoter (<=1kb)"
"chr17:58218474-58219954","LPO","ENSG00000167419","Promoter (<=1kb)"
"chr17:59219929-59221467","GDPD1","ENSG00000153982","Promoter (<=1kb)"
"chr17:60021024-60021640",NA,"ENSG00000275860","Promoter (<=1kb)"
"chr17:60676984-60677524","BCAS3","ENSG00000141376","Promoter (<=1kb)"
"chr17:62423343-62424535","METTL2A","ENSG00000087995","Promoter (<=1kb)"
"chr17:63551079-63551279","DCAF7","ENSG00000136485","Promoter (<=1kb)"
"chr17:67244368-67247435","HELZ-AS1","ENSG00000266473","Promoter (<=1kb)"
"chr17:6755202-6757136","XAF1","ENSG00000132530","Promoter (<=1kb)"
"chr17:67825603-67826504","BPTF","ENSG00000171634","Promoter (<=1kb)"
"chr17:68258815-68259653","ARSG","ENSG00000141337","Promoter (<=1kb)"
"chr17:69961181-69962103","LINC01497","ENSG00000237560","Promoter (<=1kb)"
"chr17:731753-733572","TLCD3A","ENSG00000167695","Promoter (<=1kb)"
"chr17:7356048-7356307","TMEM95","ENSG00000182896","Promoter (<=1kb)"
"chr17:74214517-74215708","TTYH2","ENSG00000141540","Promoter (<=1kb)"
"chr17:74368066-74369541","GPR142","ENSG00000257008","Promoter (<=1kb)"
"chr17:74417132-74418243","RNA5SP448","ENSG00000200021","Promoter (<=1kb)"
"chr17:74598768-74600002",NA,"ENSG00000261222","Promoter (<=1kb)"
"chr17:75060397-75061096",NA,"ENSG00000270993","Promoter (<=1kb)"
"chr17:75073575-75074960","TRIM80P","ENSG00000232724","Promoter (<=1kb)"
"chr17:75204747-75206245","NUP85","ENSG00000125450","Promoter (<=1kb)"
"chr17:75405968-75406631","MIR3678","ENSG00000264511","Promoter (<=1kb)"
"chr17:7557869-7559063",NA,"ENSG00000276384","Promoter (<=1kb)"
"chr17:75632735-75634547","SMIM5","ENSG00000204323","Promoter (<=1kb)"
"chr17:7579118-7579737","CD68","ENSG00000129226","Promoter (<=1kb)"
"chr17:76138139-76138646","RNF157-AS1","ENSG00000267128","Promoter (<=1kb)"
"chr17:76376301-76377217","SPHK1","ENSG00000176170","Promoter (<=1kb)"
"chr17:76558349-76558818","SNORD1C","ENSG00000274091","Promoter (<=1kb)"
"chr17:7704844-7706247","EFNB3","ENSG00000108947","Promoter (<=1kb)"
"chr17:77086285-77086966","SNHG20","ENSG00000234912","Promoter (<=1kb)"
"chr17:77548046-77548641",NA,"ENSG00000286534","Promoter (<=1kb)"
"chr17:78253882-78254905","THA1P","ENSG00000267676","Promoter (<=1kb)"
"chr17:78315381-78316651",NA,"ENSG00000267737","Promoter (<=1kb)"
"chr17:8015632-8017632",NA,"ENSG00000279174","Promoter (<=1kb)"
"chr17:81394974-81395552","BAHCC1","ENSG00000266074","Promoter (<=1kb)"
"chr17:81399509-81400993","MIR4740","ENSG00000266392","Promoter (<=1kb)"
"chr17:82038124-82038324","DCXR-DT","ENSG00000264569","Promoter (<=1kb)"
"chr17:83078469-83080605","METRNL","ENSG00000176845","Promoter (<=1kb)"
"chr17:8309775-8311920","ARHGEF15","ENSG00000198844","Promoter (<=1kb)"
"chr17:83104780-83105431",NA,"ENSG00000261888","Promoter (<=1kb)"
"chr17:9020593-9023465","NTN1","ENSG00000065320","Promoter (<=1kb)"
"chr18:10376024-10377341",NA,"ENSG00000266102","Promoter (<=1kb)"
"chr18:10379499-10380140",NA,"ENSG00000286499","Promoter (<=1kb)"
"chr18:11810028-11811502",NA,"ENSG00000267455","Promoter (<=1kb)"
"chr18:12091572-12093338",NA,"ENSG00000267478","Promoter (<=1kb)"
"chr18:12190699-12192421","PMM2P2","ENSG00000267116","Promoter (<=1kb)"
"chr18:12198655-12199418",NA,"ENSG00000279285","Promoter (<=1kb)"
"chr18:12278725-12280252",NA,"ENSG00000289550","Promoter (<=1kb)"
"chr18:12287107-12288660",NA,"ENSG00000267069","Promoter (<=1kb)"
"chr18:12438651-12439151",NA,"ENSG00000267199","Promoter (<=1kb)"
"chr18:12701952-12703535","CEP76","ENSG00000101624","Promoter (<=1kb)"
"chr18:23992218-23993446","TTC39C","ENSG00000168234","Promoter (<=1kb)"
"chr18:24488962-24489425",NA,"ENSG00000264695","Promoter (<=1kb)"
"chr18:26225364-26225602","TAF4B","ENSG00000141384","Promoter (<=1kb)"
"chr18:34573867-34574759",NA,"ENSG00000267585","Promoter (<=1kb)"
"chr18:35143711-35144273",NA,"ENSG00000274400","Promoter (<=1kb)"
"chr18:3593452-3595078","DLGAP1-AS1","ENSG00000177337","Promoter (<=1kb)"
"chr18:41954989-41955682","PIK3C3","ENSG00000078142","Promoter (<=1kb)"
"chr18:46867749-46868732",NA,"ENSG00000289168","Promoter (<=1kb)"
"chr18:46963693-46968393",NA,"ENSG00000288616","Promoter (<=1kb)"
"chr18:49561085-49563736","LIPG","ENSG00000101670","Promoter (<=1kb)"
"chr18:51346030-51346804","LINC01630","ENSG00000227115","Promoter (<=1kb)"
"chr18:58043323-58043813","NEDD4L","ENSG00000049759","Promoter (<=1kb)"
"chr18:58445585-58447085","MIR122HG","ENSG00000267391","Promoter (<=1kb)"
"chr18:58600216-58601303","SNORA108","ENSG00000252284","Promoter (<=1kb)"
"chr18:58807040-58807796","LINC01926","ENSG00000267593","Promoter (<=1kb)"
"chr18:61333292-61334861","CDH20","ENSG00000101542","Promoter (<=1kb)"
"chr18:6256499-6257323","L3MBTL4-AS1","ENSG00000264707","Promoter (<=1kb)"
"chr18:63751969-63753578","SERPINB7","ENSG00000166396","Promoter (<=1kb)"
"chr18:63969910-63971716","SERPINB8","ENSG00000166401","Promoter (<=1kb)"
"chr18:66068789-66069656","PRPF19P1","ENSG00000264685","Promoter (<=1kb)"
"chr18:6874694-6875106",NA,"ENSG00000263797","Promoter (<=1kb)"
"chr18:69469424-69470815",NA,"ENSG00000264845","Promoter (<=1kb)"
"chr18:71027966-71028777",NA,"ENSG00000265639","Promoter (<=1kb)"
"chr18:72868069-72870352","NETO1","ENSG00000166342","Promoter (<=1kb)"
"chr18:75125066-75126380",NA,"ENSG00000285915","Promoter (<=1kb)"
"chr18:75211381-75212328","TSHZ1","ENSG00000179981","Promoter (<=1kb)"
"chr18:7566455-7568860","PTPRM","ENSG00000173482","Promoter (<=1kb)"
"chr18:76686526-76687285","LINC01879","ENSG00000276397","Promoter (<=1kb)"
"chr18:76973483-76974580",NA,"ENSG00000266844","Promoter (<=1kb)"
"chr18:79254307-79255217",NA,"ENSG00000267628","Promoter (<=1kb)"
"chr18:79540063-79540769",NA,"ENSG00000286296","Promoter (<=1kb)"
"chr18:79610386-79611639",NA,"ENSG00000267409","Promoter (<=1kb)"
"chr18:79796534-79798076","KCNG2","ENSG00000178342","Promoter (<=1kb)"
"chr18:8406898-8407555",NA,"ENSG00000263970","Promoter (<=1kb)"
"chr18:8610431-8610668","RAB12","ENSG00000206418","Promoter (<=1kb)"
"chr18:9735244-9735718",NA,"ENSG00000266891","Promoter (<=1kb)"
"chr18:9913222-9913479",NA,"ENSG00000272799","Promoter (<=1kb)"
"chr19:10104981-10106120","PPAN-P2RY11","ENSG00000243207","Promoter (<=1kb)"
"chr19:10290950-10292847","ICAM5","ENSG00000105376","Promoter (<=1kb)"
"chr19:10602275-10602542","SLC44A2","ENSG00000129353","Promoter (<=1kb)"
"chr19:10717371-10718122","DNM2","ENSG00000079805","Promoter (<=1kb)"
"chr19:1103434-1103705","GPX4","ENSG00000167468","Promoter (<=1kb)"
"chr19:11295765-11296617","TSPAN16","ENSG00000130167","Promoter (<=1kb)"
"chr19:1177327-1177700","STK11","ENSG00000118046","Promoter (<=1kb)"
"chr19:11987723-11988877","ZNF433-AS1","ENSG00000219665","Promoter (<=1kb)"
"chr19:1269015-1270523","CIRBP-AS1","ENSG00000267493","Promoter (<=1kb)"
"chr19:12805950-12807259","RNASEH2A","ENSG00000104889","Promoter (<=1kb)"
"chr19:13794523-13795481","ZSWIM4","ENSG00000132003","Promoter (<=1kb)"
"chr19:13795524-13796202","ZSWIM4","ENSG00000132003","Promoter (<=1kb)"
"chr19:15614474-15615781",NA,"ENSG00000266951","Promoter (<=1kb)"
"chr19:15639692-15642599","CYP4F3","ENSG00000186529","Promoter (<=1kb)"
"chr19:16031017-16033089","LINC00905","ENSG00000167459","Promoter (<=1kb)"
"chr19:16037953-16039813",NA,"ENSG00000277766","Promoter (<=1kb)"
"chr19:16111305-16111929","RAB8A","ENSG00000167461","Promoter (<=1kb)"
"chr19:16888519-16890602","F2RL3","ENSG00000127533","Promoter (<=1kb)"
"chr19:17309193-17309951","DDA1","ENSG00000130311","Promoter (<=1kb)"
"chr19:17522816-17523973","NIBAN3","ENSG00000167483","Promoter (<=1kb)"
"chr19:18152370-18152859",NA,"ENSG00000268173","Promoter (<=1kb)"
"chr19:18192745-18193284","MPV17L2","ENSG00000254858","Promoter (<=1kb)"
"chr19:18205113-18205439",NA,"ENSG00000268650","Promoter (<=1kb)"
"chr19:1905823-1906130","SCAMP4","ENSG00000227500","Promoter (<=1kb)"
"chr19:19063482-19064018","SLC25A42","ENSG00000181035","Promoter (<=1kb)"
"chr19:20077731-20078994","ZNF90","ENSG00000213988","Promoter (<=1kb)"
"chr19:21677494-21678490","MTDHP3","ENSG00000268433","Promoter (<=1kb)"
"chr19:23896391-23897643",NA,"ENSG00000287399","Promoter (<=1kb)"
"chr19:2503310-2504412","RNU6-993P","ENSG00000252962","Promoter (<=1kb)"
"chr19:28868927-28869845",NA,"ENSG00000267617","Promoter (<=1kb)"
"chr19:29664822-29666751","PLEKHF1","ENSG00000166289","Promoter (<=1kb)"
"chr19:30228639-30229122",NA,"ENSG00000267223","Promoter (<=1kb)"
"chr19:31100277-31100755",NA,"ENSG00000284430","Promoter (<=1kb)"
"chr19:31348528-31351181","TSHZ3-AS1","ENSG00000267662","Promoter (<=1kb)"
"chr19:31517421-31519607","LINC02841","ENSG00000267407","Promoter (<=1kb)"
"chr19:31596377-31597207",NA,"ENSG00000261400","Promoter (<=1kb)"
"chr19:32345000-32346551","ZNF507","ENSG00000168813","Promoter (<=1kb)"
"chr19:33080705-33081854","GPATCH1","ENSG00000076650","Promoter (<=1kb)"
"chr19:33131782-33132888","WDR88","ENSG00000166359","Promoter (<=1kb)"
"chr19:33176186-33177910",NA,"ENSG00000289378","Promoter (<=1kb)"
"chr19:33177925-33178147",NA,"ENSG00000267054","Promoter (<=1kb)"
"chr19:33206732-33207531",NA,"ENSG00000273420","Promoter (<=1kb)"
"chr19:35039981-35042003","HPN","ENSG00000105707","Promoter (<=1kb)"
"chr19:35105857-35106707","HPN-AS1","ENSG00000227392","Promoter (<=1kb)"
"chr19:35253473-35253888",NA,"ENSG00000271366","Promoter (<=1kb)"
"chr19:35319822-35320844","CD22","ENSG00000012124","Promoter (<=1kb)"
"chr19:35648422-35648889","COX6B1","ENSG00000126267","Promoter (<=1kb)"
"chr19:37007397-37008407","ZNF420","ENSG00000197050","Promoter (<=1kb)"
"chr19:37548200-37549444","ZNF571-AS1","ENSG00000267470","Promoter (<=1kb)"
"chr19:38402899-38403902","FAM98C","ENSG00000130244","Promoter (<=1kb)"
"chr19:38434419-38435243","RYR1","ENSG00000196218","Promoter (<=1kb)"
"chr19:38527549-38529234",NA,"ENSG00000269445","Promoter (<=1kb)"
"chr19:39195758-39196616","NCCRP1","ENSG00000188505","Promoter (<=1kb)"
"chr19:39296527-39297255","IFNL1","ENSG00000182393","Promoter (<=1kb)"
"chr19:39970049-39970804","PSMC4","ENSG00000013275","Promoter (<=1kb)"
"chr19:41548791-41549605","CEACAM21","ENSG00000007129","Promoter (<=1kb)"
"chr19:41600674-41601300","CEACAMP3","ENSG00000239736","Promoter (<=1kb)"
"chr19:42075806-42076675",NA,"ENSG00000289115","Promoter (<=1kb)"
"chr19:42267922-42268591","CIC","ENSG00000079432","Promoter (<=1kb)"
"chr19:42351107-42351877","MIR8077","ENSG00000277533","Promoter (<=1kb)"
"chr19:4353993-4354625",NA,"ENSG00000269807","Promoter (<=1kb)"
"chr19:4471256-4471547",NA,"ENSG00000267011","Promoter (<=1kb)"
"chr19:44844467-44845531","NECTIN2","ENSG00000130202","Promoter (<=1kb)"
"chr19:44941983-44942790","APOC4","ENSG00000267467","Promoter (<=1kb)"
"chr19:45001863-45002169","RELB","ENSG00000104856","Promoter (<=1kb)"
"chr19:45667531-45669793","GIPR","ENSG00000010310","Promoter (<=1kb)"
"chr19:45994758-45995026","CCDC61","ENSG00000104983","Promoter (<=1kb)"
"chr19:47019034-47022046","NPAS1","ENSG00000130751","Promoter (<=1kb)"
"chr19:47256064-47256380",NA,"ENSG00000286669","Promoter (<=1kb)"
"chr19:47256390-47258161",NA,"ENSG00000286669","Promoter (<=1kb)"
"chr19:47663848-47664174",NA,"ENSG00000278999","Promoter (<=1kb)"
"chr19:47858490-47861702","TPRX2P","ENSG00000259009","Promoter (<=1kb)"
"chr19:48695567-48697220","FUT2","ENSG00000176920","Promoter (<=1kb)"
"chr19:48918230-48919375","NUCB1-AS1","ENSG00000235191","Promoter (<=1kb)"
"chr19:48965555-48965826","FTL","ENSG00000087086","Promoter (<=1kb)"
"chr19:49423900-49424280","GFY","ENSG00000261949","Promoter (<=1kb)"
"chr19:49791519-49792132","MIR6799","ENSG00000276270","Promoter (<=1kb)"
"chr19:50187866-50188668","MYH14","ENSG00000105357","Promoter (<=1kb)"
"chr19:50384443-50385102","POLD1","ENSG00000062822","Promoter (<=1kb)"
"chr19:51136840-51137780",NA,"ENSG00000267990","Promoter (<=1kb)"
"chr19:51272266-51272769","LINC01872","ENSG00000268318","Promoter (<=1kb)"
"chr19:52335781-52337108","ZNF610","ENSG00000167554","Promoter (<=1kb)"
"chr19:52369518-52370432","ZNF880","ENSG00000221923","Promoter (<=1kb)"
"chr19:53365085-53366424","ZNF525","ENSG00000203326","Promoter (<=1kb)"
"chr19:53431311-53431771","ZNF761","ENSG00000160336","Promoter (<=1kb)"
"chr19:53520255-53521102","ZNF331","ENSG00000130844","Promoter (<=1kb)"
"chr19:53878879-53880168","PRKCG","ENSG00000126583","Promoter (<=1kb)"
"chr19:53991033-53992137","CACNG6","ENSG00000130433","Promoter (<=1kb)"
"chr19:54200178-54201729","RPS9","ENSG00000170889","Promoter (<=1kb)"
"chr19:544937-545426","GZMM","ENSG00000197540","Promoter (<=1kb)"
"chr19:54593232-54594957","LILRA1","ENSG00000104974","Promoter (<=1kb)"
"chr19:54605966-54608506",NA,"ENSG00000238094","Promoter (<=1kb)"
"chr19:54616679-54617677","LILRB1","ENSG00000104972","Promoter (<=1kb)"
"chr19:54973605-54974337",NA,"ENSG00000243494","Promoter (<=1kb)"
"chr19:55385704-55386004","RPL28","ENSG00000108107","Promoter (<=1kb)"
"chr19:55633899-55634370","ZNF580","ENSG00000213015","Promoter (<=1kb)"
"chr19:55653641-55654699","U2AF2","ENSG00000063244","Promoter (<=1kb)"
"chr19:55654722-55655734","U2AF2","ENSG00000063244","Promoter (<=1kb)"
"chr19:56066219-56067105","LINC01864","ENSG00000267522","Promoter (<=1kb)"
"chr19:56175244-56176009","GALP","ENSG00000197487","Promoter (<=1kb)"
"chr19:56588998-56590297","SIGLEC31P","ENSG00000268847","Promoter (<=1kb)"
"chr19:56642878-56643913","SMIM17","ENSG00000268182","Promoter (<=1kb)"
"chr19:58001923-58003557",NA,"ENSG00000176593","Promoter (<=1kb)"
"chr19:5805870-5806132","NRTN","ENSG00000171119","Promoter (<=1kb)"
"chr19:58386266-58386989","RPS5","ENSG00000083845","Promoter (<=1kb)"
"chr19:590089-590915","HCN2","ENSG00000099822","Promoter (<=1kb)"
"chr19:7520456-7520751",NA,"ENSG00000269371","Promoter (<=1kb)"
"chr19:7523384-7523584","MCOLN1","ENSG00000090674","Promoter (<=1kb)"
"chr19:7677672-7678241","MCEMP1","ENSG00000183019","Promoter (<=1kb)"
"chr19:7787221-7787705","CLEC4GP1","ENSG00000268297","Promoter (<=1kb)"
"chr19:796698-796903","PTBP1","ENSG00000011304","Promoter (<=1kb)"
"chr19:8631193-8631921","NFILZ","ENSG00000268480","Promoter (<=1kb)"
"chr19:893371-894021","RNU6-9","ENSG00000207507","Promoter (<=1kb)"
"chr19:9323492-9324662","ZNF559","ENSG00000188321","Promoter (<=1kb)"
"chr2:10040083-10040304",NA,"ENSG00000260077","Promoter (<=1kb)"
"chr2:101509513-101509935","RPS6P3","ENSG00000237549","Promoter (<=1kb)"
"chr2:101696738-101698388","MAP4K4","ENSG00000071054","Promoter (<=1kb)"
"chr2:101960794-101962950",NA,"ENSG00000289167","Promoter (<=1kb)"
"chr2:102417703-102418372","IL18RAP","ENSG00000115607","Promoter (<=1kb)"
"chr2:104394496-104396539","AHCYP3","ENSG00000233955","Promoter (<=1kb)"
"chr2:104422772-104423772",NA,"ENSG00000287793","Promoter (<=1kb)"
"chr2:105362752-105363930",NA,"ENSG00000238273","Promoter (<=1kb)"
"chr2:105856985-105857701",NA,"ENSG00000235522","Promoter (<=1kb)"
"chr2:10716681-10717164",NA,"ENSG00000236162","Promoter (<=1kb)"
"chr2:108377544-108378756","SULT1C4","ENSG00000198075","Promoter (<=1kb)"
"chr2:108718718-108720306","RANBP2","ENSG00000153201","Promoter (<=1kb)"
"chr2:108786847-108787249","CCDC138","ENSG00000163006","Promoter (<=1kb)"
"chr2:109897873-109899252","LIMS3","ENSG00000256977","Promoter (<=1kb)"
"chr2:110283585-110285742","MIR4436B2","ENSG00000263881","Promoter (<=1kb)"
"chr2:110449194-110449705",NA,"ENSG00000227574","Promoter (<=1kb)"
"chr2:111267031-111267580",NA,"ENSG00000270190","Promoter (<=1kb)"
"chr2:112720899-112721429","NT5DC4","ENSG00000144130","Promoter (<=1kb)"
"chr2:113058929-113060048","IL36RN","ENSG00000136695","Promoter (<=1kb)"
"chr2:113323803-113324274",NA,"ENSG00000234997","Promoter (<=1kb)"
"chr2:11365081-11365942",NA,"ENSG00000230952","Promoter (<=1kb)"
"chr2:11371188-11372763","LINC00570","ENSG00000224177","Promoter (<=1kb)"
"chr2:11406068-11406518",NA,"ENSG00000285569","Promoter (<=1kb)"
"chr2:11539423-11542142","MIR4429","ENSG00000264010","Promoter (<=1kb)"
"chr2:118089307-118089795","INSIG2","ENSG00000125629","Promoter (<=1kb)"
"chr2:119697173-119697963","RPL17P15","ENSG00000229326","Promoter (<=1kb)"
"chr2:120735310-120735663","GLI2","ENSG00000074047","Promoter (<=1kb)"
"chr2:121529904-121530743","CLASP1-AS1","ENSG00000265451","Promoter (<=1kb)"
"chr2:121648546-121649473","NIFK-AS1","ENSG00000236859","Promoter (<=1kb)"
"chr2:127295140-127295397",NA,"ENSG00000286145","Promoter (<=1kb)"
"chr2:128202929-128203604","RPL14P6","ENSG00000185631","Promoter (<=1kb)"
"chr2:13000651-13001419",NA,"ENSG00000285876","Promoter (<=1kb)"
"chr2:130202195-130202911",NA,"ENSG00000227632","Promoter (<=1kb)"
"chr2:130229096-130231272","NOC2LP1","ENSG00000213225","Promoter (<=1kb)"
"chr2:130520782-130521479","CFC1B","ENSG00000152093","Promoter (<=1kb)"
"chr2:130531094-130531583",NA,"ENSG00000225341","Promoter (<=1kb)"
"chr2:131690062-131692518",NA,"ENSG00000288031","Promoter (<=1kb)"
"chr2:134918909-134919610","CCNT2","ENSG00000082258","Promoter (<=1kb)"
"chr2:138900920-138902926","AHCYP4","ENSG00000232992","Promoter (<=1kb)"
"chr2:139668691-139669447","MRPS18BP2","ENSG00000235232","Promoter (<=1kb)"
"chr2:146837867-146838516","LINC01911","ENSG00000231040","Promoter (<=1kb)"
"chr2:148645155-148645467","EPC2","ENSG00000135999","Promoter (<=1kb)"
"chr2:148864387-148865056","UBBP3","ENSG00000223962","Promoter (<=1kb)"
"chr2:152175880-152176645",NA,"ENSG00000286234","Promoter (<=1kb)"
"chr2:15689168-15689902","LINC01804","ENSG00000231031","Promoter (<=1kb)"
"chr2:15690490-15691995","LINC01804","ENSG00000231031","Promoter (<=1kb)"
"chr2:157257375-157258869","GALNT5","ENSG00000136542","Promoter (<=1kb)"
"chr2:15810612-15811109",NA,"ENSG00000237326","Promoter (<=1kb)"
"chr2:15811185-15811600",NA,"ENSG00000237326","Promoter (<=1kb)"
"chr2:159186560-159187354","MIR6888","ENSG00000275141","Promoter (<=1kb)"
"chr2:16013142-16013983","GACAT3","ENSG00000236289","Promoter (<=1kb)"
"chr2:161243883-161245466","LINC01806","ENSG00000227403","Promoter (<=1kb)"
"chr2:16148979-16150661",NA,"ENSG00000271315","Promoter (<=1kb)"
"chr2:164840387-164841675",NA,"ENSG00000236283","Promoter (<=1kb)"
"chr2:170177900-170178940","MYO3B","ENSG00000071909","Promoter (<=1kb)"
"chr2:176494887-176495336","LINC01117","ENSG00000224577","Promoter (<=1kb)"
"chr2:178413312-178415218","CHROMR","ENSG00000223960","Promoter (<=1kb)"
"chr2:178723175-178723749",NA,"ENSG00000267784","Promoter (<=1kb)"
"chr2:181104592-181105069",NA,"ENSG00000238171","Promoter (<=1kb)"
"chr2:186590833-186591288","ITGAV","ENSG00000138448","Promoter (<=1kb)"
"chr2:188291260-188293379","GULP1","ENSG00000144366","Promoter (<=1kb)"
"chr2:189487708-189488196","KDM3AP1","ENSG00000233996","Promoter (<=1kb)"
"chr2:189661132-189662280","ASNSD1","ENSG00000138381","Promoter (<=1kb)"
"chr2:189674383-189675307","ANKAR","ENSG00000151687","Promoter (<=1kb)"
"chr2:191677341-191677777",NA,"ENSG00000288900","Promoter (<=1kb)"
"chr2:195533815-195534741","LINC01825","ENSG00000223466","Promoter (<=1kb)"
"chr2:19711468-19712138",NA,"ENSG00000235911","Promoter (<=1kb)"
"chr2:197515234-197515701","MOB4","ENSG00000115540","Promoter (<=1kb)"
"chr2:197516128-197516768","HSPD1","ENSG00000144381","Promoter (<=1kb)"
"chr2:200086746-200088396",NA,"ENSG00000287027","Promoter (<=1kb)"
"chr2:201231925-201232544","CASP8","ENSG00000064012","Promoter (<=1kb)"
"chr2:202377139-202377774","BMPR2","ENSG00000204217","Promoter (<=1kb)"
"chr2:20446262-20446796","RHOB","ENSG00000143878","Promoter (<=1kb)"
"chr2:205763341-205764915",NA,"ENSG00000225216","Promoter (<=1kb)"
"chr2:207166098-207166373","MYOSLID","ENSG00000229647","Promoter (<=1kb)"
"chr2:207528956-207529396",NA,"ENSG00000223725","Promoter (<=1kb)"
"chr2:210002412-210002690","RPE","ENSG00000197713","Promoter (<=1kb)"
"chr2:210002710-210003447","RPE","ENSG00000197713","Promoter (<=1kb)"
"chr2:215311392-215312824","ATIC","ENSG00000138363","Promoter (<=1kb)"
"chr2:216210779-216211687",NA,"ENSG00000279348","Promoter (<=1kb)"
"chr2:218258818-218259943","GPBAR1","ENSG00000179921","Promoter (<=1kb)"
"chr2:218269449-218270539","PNKD","ENSG00000127838","Promoter (<=1kb)"
"chr2:218356607-218358147","CATIP","ENSG00000158428","Promoter (<=1kb)"
"chr2:218607325-218608778","PLCD4","ENSG00000115556","Promoter (<=1kb)"
"chr2:218879790-218880977","WNT10A","ENSG00000135925","Promoter (<=1kb)"
"chr2:219229975-219230483","ANKZF1","ENSG00000163516","Promoter (<=1kb)"
"chr2:219278698-219278898","DNAJB2","ENSG00000135924","Promoter (<=1kb)"
"chr2:219416934-219417990","DES","ENSG00000175084","Promoter (<=1kb)"
"chr2:219513852-219514782","ASIC4","ENSG00000072182","Promoter (<=1kb)"
"chr2:220104682-220105381",NA,"ENSG00000239498","Promoter (<=1kb)"
"chr2:222404180-222404865","Y_RNA","ENSG00000200822","Promoter (<=1kb)"
"chr2:227471573-227473176","MIR5703","ENSG00000284092","Promoter (<=1kb)"
"chr2:227745691-227746479","SCYGR8","ENSG00000284635","Promoter (<=1kb)"
"chr2:230411092-230412716",NA,"ENSG00000279964","Promoter (<=1kb)"
"chr2:231388020-231389095",NA,"ENSG00000224376","Promoter (<=1kb)"
"chr2:232455462-232456367","ALPI","ENSG00000163295","Promoter (<=1kb)"
"chr2:232649144-232650144","RN7SL359P","ENSG00000244384","Promoter (<=1kb)"
"chr2:233011648-233012930",NA,"ENSG00000222001","Promoter (<=1kb)"
"chr2:233178806-233180686",NA,"ENSG00000289129","Promoter (<=1kb)"
"chr2:233352260-233352628",NA,"ENSG00000259793","Promoter (<=1kb)"
"chr2:233712693-233713268","UGT1A5","ENSG00000288705","Promoter (<=1kb)"
"chr2:233774951-233775702","MROH2A","ENSG00000185038","Promoter (<=1kb)"
"chr2:235086410-235088536",NA,"ENSG00000226542","Promoter (<=1kb)"
"chr2:236567310-236569008","ACKR3","ENSG00000144476","Promoter (<=1kb)"
"chr2:236731636-236732613",NA,"ENSG00000232328","Promoter (<=1kb)"
"chr2:23685286-23685747",NA,"ENSG00000283031","Promoter (<=1kb)"
"chr2:237613679-237614967",NA,"ENSG00000227107","Promoter (<=1kb)"
"chr2:238136783-238139579","KLHL30","ENSG00000168427","Promoter (<=1kb)"
"chr2:23927356-23927790","UBXN2A","ENSG00000173960","Promoter (<=1kb)"
"chr2:239440411-239442002",NA,"ENSG00000286525","Promoter (<=1kb)"
"chr2:239537893-239538556",NA,"ENSG00000286188","Promoter (<=1kb)"
"chr2:239539161-239540123",NA,"ENSG00000286188","Promoter (<=1kb)"
"chr2:241354640-241355675","FARP2","ENSG00000006607","Promoter (<=1kb)"
"chr2:241372192-241372997",NA,"ENSG00000288080","Promoter (<=1kb)"
"chr2:241869671-241870668","RTP5","ENSG00000188011","Promoter (<=1kb)"
"chr2:24972281-24972818","DNAJC27-AS1","ENSG00000224165","Promoter (<=1kb)"
"chr2:25204149-25205064","LINC01381","ENSG00000230452","Promoter (<=1kb)"
"chr2:25420748-25421784","DTNB-AS1","ENSG00000224220","Promoter (<=1kb)"
"chr2:26691782-26692216","KCNK3","ENSG00000171303","Promoter (<=1kb)"
"chr2:26846148-26847156","DPYSL5","ENSG00000157851","Promoter (<=1kb)"
"chr2:27281503-27283277","TRIM54","ENSG00000138100","Promoter (<=1kb)"
"chr2:27356056-27357652",NA,"ENSG00000234072","Promoter (<=1kb)"
"chr2:27536867-27538003","C2orf16","ENSG00000221843","Promoter (<=1kb)"
"chr2:27771117-27772442","MRPL33","ENSG00000243147","Promoter (<=1kb)"
"chr2:28134302-28135182",NA,"ENSG00000277035","Promoter (<=1kb)"
"chr2:28664071-28664952",NA,"ENSG00000230730","Promoter (<=1kb)"
"chr2:30146241-30146477",NA,"ENSG00000233862","Promoter (<=1kb)"
"chr2:30345818-30346741","LINC01936","ENSG00000235997","Promoter (<=1kb)"
"chr2:32063349-32063754","SPAST","ENSG00000021574","Promoter (<=1kb)"
"chr2:32165942-32166529","SLC30A6","ENSG00000152683","Promoter (<=1kb)"
"chr2:32628181-32628633","TTC27","ENSG00000018699","Promoter (<=1kb)"
"chr2:3650334-3651300",NA,"ENSG00000289136","Promoter (<=1kb)"
"chr2:3702624-3704424","DCDC2C","ENSG00000214866","Promoter (<=1kb)"
"chr2:41850529-41851291","RPS12P4","ENSG00000236533","Promoter (<=1kb)"
"chr2:41870650-41871838","RNU4-63P","ENSG00000223245","Promoter (<=1kb)"
"chr2:42024708-42025838",NA,"ENSG00000226398","Promoter (<=1kb)"
"chr2:46616012-46616301","PIGF","ENSG00000151665","Promoter (<=1kb)"
"chr2:46617301-46617611","CRIPT","ENSG00000119878","Promoter (<=1kb)"
"chr2:46956746-46957596",NA,"ENSG00000272814","Promoter (<=1kb)"
"chr2:48440876-48441689","PPP1R21","ENSG00000162869","Promoter (<=1kb)"
"chr2:48780532-48781544","ELOBP3","ENSG00000232285","Promoter (<=1kb)"
"chr2:545294-546566","LINC01875","ENSG00000225942","Promoter (<=1kb)"
"chr2:54581327-54582154",NA,"ENSG00000289627","Promoter (<=1kb)"
"chr2:54723053-54723312","EML6","ENSG00000214595","Promoter (<=1kb)"
"chr2:54723346-54723623","EML6","ENSG00000214595","Promoter (<=1kb)"
"chr2:60756074-60757124","PAPOLG","ENSG00000115421","Promoter (<=1kb)"
"chr2:61471922-61472266","USP34-DT","ENSG00000270820","Promoter (<=1kb)"
"chr2:64273317-64274497",NA,"ENSG00000288932","Promoter (<=1kb)"
"chr2:64486001-64486366","LINC01805","ENSG00000223863","Promoter (<=1kb)"
"chr2:64606349-64607327","LINC02579","ENSG00000233694","Promoter (<=1kb)"
"chr2:64643819-64644620",NA,"ENSG00000226756","Promoter (<=1kb)"
"chr2:65030527-65032945","LINC02576","ENSG00000232613","Promoter (<=1kb)"
"chr2:65435708-65437215",NA,"ENSG00000204929","Promoter (<=1kb)"
"chr2:68251436-68251721",NA,"ENSG00000289156","Promoter (<=1kb)"
"chr2:69033494-69034619",NA,"ENSG00000286347","Promoter (<=1kb)"
"chr2:691705-693311",NA,"ENSG00000233970","Promoter (<=1kb)"
"chr2:71067716-71069278",NA,"ENSG00000272735","Promoter (<=1kb)"
"chr2:71452646-71452912","DYSF","ENSG00000135636","Promoter (<=1kb)"
"chr2:73213475-73214807","SMYD5","ENSG00000135632","Promoter (<=1kb)"
"chr2:73876671-73877389",NA,"ENSG00000271536","Promoter (<=1kb)"
"chr2:74653516-74654038","SEMA4F","ENSG00000135622","Promoter (<=1kb)"
"chr2:7670807-7672731",NA,"ENSG00000287119","Promoter (<=1kb)"
"chr2:7725174-7725875","LINC01871","ENSG00000235576","Promoter (<=1kb)"
"chr2:7725983-7726573","LINC01871","ENSG00000235576","Promoter (<=1kb)"
"chr2:86929642-86931005","WBP1P1","ENSG00000231351","Promoter (<=1kb)"
"chr2:87194288-87194943","MIR4771-1","ENSG00000264793","Promoter (<=1kb)"
"chr2:9109897-9110333",NA,"ENSG00000244310","Promoter (<=1kb)"
"chr2:91748826-91750362","KMT5AP2","ENSG00000232531","Promoter (<=1kb)"
"chr2:95004271-95004772","RN7SL575P","ENSG00000277591","Promoter (<=1kb)"
"chr2:95274790-95277256","PROM2","ENSG00000155066","Promoter (<=1kb)"
"chr2:95296292-95296895","KCNIP3","ENSG00000115041","Promoter (<=1kb)"
"chr2:95433832-95434843",NA,"ENSG00000233275","Promoter (<=1kb)"
"chr2:95642165-95642599",NA,"ENSG00000236750","Promoter (<=1kb)"
"chr2:97618946-97619761",NA,"ENSG00000286036","Promoter (<=1kb)"
"chr2:97712470-97714462","ZAP70","ENSG00000115085","Promoter (<=1kb)"
"chr2:98086476-98087685","VWA3B","ENSG00000168658","Promoter (<=1kb)"
"chr2:98346172-98347174","CNGA3","ENSG00000144191","Promoter (<=1kb)"
"chr20:142310-142942","DEFB126","ENSG00000125788","Promoter (<=1kb)"
"chr20:14553833-14554483","MACROD2-IT1","ENSG00000227927","Promoter (<=1kb)"
"chr20:17225867-17227246","PCSK2","ENSG00000125851","Promoter (<=1kb)"
"chr20:19757178-19757384",NA,"ENSG00000268628","Promoter (<=1kb)"
"chr20:2102240-2102477","STK35","ENSG00000125834","Promoter (<=1kb)"
"chr20:2108869-2110122",NA,"ENSG00000286108","Promoter (<=1kb)"
"chr20:21265887-21267362","ZNF877P","ENSG00000226875","Promoter (<=1kb)"
"chr20:23178305-23179439",NA,"ENSG00000230387","Promoter (<=1kb)"
"chr20:2379455-2380069","TGM6","ENSG00000166948","Promoter (<=1kb)"
"chr20:23796786-23797352",NA,"ENSG00000230908","Promoter (<=1kb)"
"chr20:24143965-24144712",NA,"ENSG00000236151","Promoter (<=1kb)"
"chr20:2814494-2816079",NA,"ENSG00000241690","Promoter (<=1kb)"
"chr20:29079847-29080720","FRG1DP","ENSG00000282870","Promoter (<=1kb)"
"chr20:297129-299102","ZCCHC3","ENSG00000247315","Promoter (<=1kb)"
"chr20:30376740-30377707","FRG1BP","ENSG00000149531","Promoter (<=1kb)"
"chr20:3044305-3044505","GNRH2","ENSG00000125787","Promoter (<=1kb)"
"chr20:31257363-31258247","DEFB115","ENSG00000215547","Promoter (<=1kb)"
"chr20:31605065-31605321","ID1","ENSG00000125968","Promoter (<=1kb)"
"chr20:32509665-32510078",NA,"ENSG00000277301","Promoter (<=1kb)"
"chr20:33048669-33050027","PUDPP3","ENSG00000214245","Promoter (<=1kb)"
"chr20:33317632-33318401","BPIFB5P","ENSG00000233146","Promoter (<=1kb)"
"chr20:33812267-33812553","CHMP4B","ENSG00000101421","Promoter (<=1kb)"
"chr20:34515041-34517192","DYNLRB1","ENSG00000125971","Promoter (<=1kb)"
"chr20:34990227-34990768","MIR499A","ENSG00000207635","Promoter (<=1kb)"
"chr20:35887122-35888004","RNU4-40P","ENSG00000201221","Promoter (<=1kb)"
"chr20:362202-363133","TRIB3","ENSG00000101255","Promoter (<=1kb)"
"chr20:36540543-36543612","MYL9","ENSG00000101335","Promoter (<=1kb)"
"chr20:37178046-37178877","RPN2","ENSG00000118705","Promoter (<=1kb)"
"chr20:3807346-3807821","LINC01730","ENSG00000275491","Promoter (<=1kb)"
"chr20:3808204-3808435","LINC01730","ENSG00000275491","Promoter (<=1kb)"
"chr20:38345537-38345925","LBP","ENSG00000129988","Promoter (<=1kb)"
"chr20:38346016-38347056","LBP","ENSG00000129988","Promoter (<=1kb)"
"chr20:38872265-38873859","RN7SL116P","ENSG00000240474","Promoter (<=1kb)"
"chr20:41329889-41330200","ADI1P1","ENSG00000235102","Promoter (<=1kb)"
"chr20:42967616-42969147","PTPRT-AS1","ENSG00000227599","Promoter (<=1kb)"
"chr20:43388499-43389291",NA,"ENSG00000237555","Promoter (<=1kb)"
"chr20:43666391-43667969","MYBL2","ENSG00000101057","Promoter (<=1kb)"
"chr20:44246994-44248471","GDAP1L1","ENSG00000124194","Promoter (<=1kb)"
"chr20:44335869-44336518","R3HDML","ENSG00000101074","Promoter (<=1kb)"
"chr20:44713941-44715747","CCN5","ENSG00000064205","Promoter (<=1kb)"
"chr20:44885809-44886418","YWHAB","ENSG00000166913","Promoter (<=1kb)"
"chr20:45306328-45306956","RBPJL","ENSG00000124232","Promoter (<=1kb)"
"chr20:45425470-45427123","MIR6812","ENSG00000273555","Promoter (<=1kb)"
"chr20:45447569-45448671",NA,"ENSG00000277022","Promoter (<=1kb)"
"chr20:45811725-45811925","UBE2C","ENSG00000175063","Promoter (<=1kb)"
"chr20:46117543-46118443","CD40","ENSG00000101017","Promoter (<=1kb)"
"chr20:4683981-4684236","RPS4XP2","ENSG00000226948","Promoter (<=1kb)"
"chr20:46997235-46997948","GAPDHP54","ENSG00000226769","Promoter (<=1kb)"
"chr20:48367275-48369165",NA,"ENSG00000286063","Promoter (<=1kb)"
"chr20:49218765-49220259","DDX27","ENSG00000124228","Promoter (<=1kb)"
"chr20:50291842-50292341","LINC01270","ENSG00000203999","Promoter (<=1kb)"
"chr20:50478064-50478962","COX6CP2","ENSG00000231715","Promoter (<=1kb)"
"chr20:5317826-5318525",NA,"ENSG00000266908","Promoter (<=1kb)"
"chr20:53608012-53610461",NA,"ENSG00000235415","Promoter (<=1kb)"
"chr20:53738239-53738796",NA,"ENSG00000287886","Promoter (<=1kb)"
"chr20:53939488-53940231",NA,"ENSG00000236352","Promoter (<=1kb)"
"chr20:56460468-56460844","RPL39P","ENSG00000228601","Promoter (<=1kb)"
"chr20:56522113-56523255",NA,"ENSG00000280387","Promoter (<=1kb)"
"chr20:56550443-56550909",NA,"ENSG00000287079","Promoter (<=1kb)"
"chr20:56625080-56625907",NA,"ENSG00000289199","Promoter (<=1kb)"
"chr20:57214388-57214985","BMP7-AS1","ENSG00000235032","Promoter (<=1kb)"
"chr20:57350867-57352099","RAE1","ENSG00000101146","Promoter (<=1kb)"
"chr20:57392114-57392314","RBM38-AS1","ENSG00000218018","Promoter (<=1kb)"
"chr20:58388542-58388946","VAPB","ENSG00000124164","Promoter (<=1kb)"
"chr20:58688861-58689175","NPEPL1","ENSG00000215440","Promoter (<=1kb)"
"chr20:60307991-60309081","MIR646","ENSG00000207802","Promoter (<=1kb)"
"chr20:62121137-62121337",NA,"ENSG00000289236","Promoter (<=1kb)"
"chr20:62182504-62183389",NA,"ENSG00000289537","Promoter (<=1kb)"
"chr20:62517074-62517274",NA,"ENSG00000260542","Promoter (<=1kb)"
"chr20:62574627-62575084",NA,"ENSG00000264490","Promoter (<=1kb)"
"chr20:63101704-63103262",NA,"ENSG00000274915","Promoter (<=1kb)"
"chr20:63238353-63239016","MIR3196","ENSG00000266463","Promoter (<=1kb)"
"chr20:63336013-63336786","RNU6-994P","ENSG00000222439","Promoter (<=1kb)"
"chr20:64255059-64256587","PCMTD2","ENSG00000203880","Promoter (<=1kb)"
"chr20:6767448-6770649","BMP2","ENSG00000125845","Promoter (<=1kb)"
"chr20:9513906-9514990","LAMP5","ENSG00000125869","Promoter (<=1kb)"
"chr21:10330223-10333483","EIF3FP1","ENSG00000275945","Promoter (<=1kb)"
"chr21:10397324-10397935",NA,"ENSG00000278106","Promoter (<=1kb)"
"chr21:10638729-10641645",NA,"ENSG00000276556","Promoter (<=1kb)"
"chr21:10650830-10651303","IGHV1OR21-1","ENSG00000277282","Promoter (<=1kb)"
"chr21:13514248-13515973","LINC01674","ENSG00000228159","Promoter (<=1kb)"
"chr21:14007100-14007923","PPP6R2P1","ENSG00000233442","Promoter (<=1kb)"
"chr21:17429911-17430686","RNU6-113P","ENSG00000252462","Promoter (<=1kb)"
"chr21:25735223-25736219","ATP5PF","ENSG00000154723","Promoter (<=1kb)"
"chr21:29024146-29024432",NA,"ENSG00000273254","Promoter (<=1kb)"
"chr21:29076786-29077138","MAP3K7CL","ENSG00000156265","Promoter (<=1kb)"
"chr21:30395899-30396611","KRTAP13-1","ENSG00000198390","Promoter (<=1kb)"
"chr21:33203791-33204336","IFNAR2","ENSG00000159110","Promoter (<=1kb)"
"chr21:34834708-34836975",NA,"ENSG00000286153","Promoter (<=1kb)"
"chr21:36321005-36321266","MORC3","ENSG00000159256","Promoter (<=1kb)"
"chr21:36698640-36699631","SIM2","ENSG00000159263","Promoter (<=1kb)"
"chr21:42404344-42404987","UBASH3A","ENSG00000160185","Promoter (<=1kb)"
"chr21:42496287-42497187",NA,"ENSG00000239930","Promoter (<=1kb)"
"chr21:42561654-42562237",NA,"ENSG00000235772","Promoter (<=1kb)"
"chr21:44478477-44479159",NA,"ENSG00000274225","Promoter (<=1kb)"
"chr21:44484993-44486664","LINC02575","ENSG00000228709","Promoter (<=1kb)"
"chr21:44636156-44638306","KRTAP10-10","ENSG00000221859","Promoter (<=1kb)"
"chr21:45403000-45403814",NA,"ENSG00000273796","Promoter (<=1kb)"
"chr21:45477579-45478405","MIR6815","ENSG00000275167","Promoter (<=1kb)"
"chr21:45970277-45975577",NA,"ENSG00000274248","Promoter (<=1kb)"
"chr21:8235013-8235375",NA,"ENSG00000286155","Promoter (<=1kb)"
"chr21:8461988-8462211",NA,"ENSG00000286149","Promoter (<=1kb)"
"chr21:8463991-8465597",NA,"ENSG00000286032","Promoter (<=1kb)"
"chr22:12601889-12602741","FRG1GP","ENSG00000283023","Promoter (<=1kb)"
"chr22:15784248-15786014","DUXAP8","ENSG00000206195","Promoter (<=1kb)"
"chr22:18030013-18030213","LINC01634","ENSG00000235295","Promoter (<=1kb)"
"chr22:18103569-18103867","ARL2BPP10","ENSG00000225225","Promoter (<=1kb)"
"chr22:18527930-18528250","TMEM191B","ENSG00000278558","Promoter (<=1kb)"
"chr22:18636416-18639146","CA15P2","ENSG00000273907","Promoter (<=1kb)"
"chr22:18960272-18960664",NA,"ENSG00000280418","Promoter (<=1kb)"
"chr22:19032299-19033894","CA15P1","ENSG00000241527","Promoter (<=1kb)"
"chr22:19479343-19479567","CDC45","ENSG00000093009","Promoter (<=1kb)"
"chr22:20069618-20070708",NA,"ENSG00000236540","Promoter (<=1kb)"
"chr22:20115885-20116290","RANBP1","ENSG00000099901","Promoter (<=1kb)"
"chr22:20129326-20129540","ZDHHC8","ENSG00000099904","Promoter (<=1kb)"
"chr22:20206037-20207165","LINC00896","ENSG00000236499","Promoter (<=1kb)"
"chr22:21102251-21103329","BCRP2","ENSG00000169668","Promoter (<=1kb)"
"chr22:22195096-22196450","IGLV6-57","ENSG00000211640","Promoter (<=1kb)"
"chr22:22342727-22343896","IGLV9-49","ENSG00000223350","Promoter (<=1kb)"
"chr22:22352416-22353279","IGLV5-48","ENSG00000211647","Promoter (<=1kb)"
"chr22:22403782-22405373","IGLV1-41","ENSG00000253818","Promoter (<=1kb)"
"chr22:22771505-22772257","IGLV3-12","ENSG00000211667","Promoter (<=1kb)"
"chr22:22773857-22775238",NA,"ENSG00000231392","Promoter (<=1kb)"
"chr22:22834808-22835548",NA,"ENSG00000237127","Promoter (<=1kb)"
"chr22:22848011-22849437","IGLV3-6","ENSG00000253448","Promoter (<=1kb)"
"chr22:22849631-22851494","IGLV3-6","ENSG00000253448","Promoter (<=1kb)"
"chr22:22857319-22858536","IGLV3-4","ENSG00000226420","Promoter (<=1kb)"
"chr22:22871640-22872436","IGLV4-3","ENSG00000211672","Promoter (<=1kb)"
"chr22:22880450-22881205","IGLV3-1","ENSG00000211673","Promoter (<=1kb)"
"chr22:23432810-23434161","LINC01659","ENSG00000234928","Promoter (<=1kb)"
"chr22:23565298-23566532",NA,"ENSG00000224277","Promoter (<=1kb)"
"chr22:23857624-23858742","SLC2A11","ENSG00000133460","Promoter (<=1kb)"
"chr22:23939900-23940475",NA,"ENSG00000206090","Promoter (<=1kb)"
"chr22:25051902-25052417",NA,"ENSG00000279006","Promoter (<=1kb)"
"chr22:25199640-25200684","CRYBB3","ENSG00000100053","Promoter (<=1kb)"
"chr22:25447472-25448916","CRYBB2P1","ENSG00000100058","Promoter (<=1kb)"
"chr22:27317263-27318086",NA,"ENSG00000223726","Promoter (<=1kb)"
"chr22:27318521-27319160",NA,"ENSG00000223726","Promoter (<=1kb)"
"chr22:29603000-29603660","NF2","ENSG00000186575","Promoter (<=1kb)"
"chr22:30238462-30239311","LIF-AS1","ENSG00000232530","Promoter (<=1kb)"
"chr22:30396560-30399689","SEC14L2","ENSG00000100003","Promoter (<=1kb)"
"chr22:30439848-30440458",NA,"ENSG00000230137","Promoter (<=1kb)"
"chr22:32119519-32121499","AP1B1P1","ENSG00000234479","Promoter (<=1kb)"
"chr22:32122782-32124352","AP1B1P1","ENSG00000234479","Promoter (<=1kb)"
"chr22:33724980-33725624","LARGE-AS1","ENSG00000224973","Promoter (<=1kb)"
"chr22:35371491-35372724",NA,"ENSG00000282602","Promoter (<=1kb)"
"chr22:35376692-35377467",NA,"ENSG00000282041","Promoter (<=1kb)"
"chr22:35380150-35381787","HMOX1","ENSG00000100292","Promoter (<=1kb)"
"chr22:35684049-35685154",NA,"ENSG00000228587","Promoter (<=1kb)"
"chr22:37282062-37282605","CYTH4","ENSG00000100055","Promoter (<=1kb)"
"chr22:37282611-37282827","CYTH4","ENSG00000100055","Promoter (<=1kb)"
"chr22:37681402-37681906","NOL12","ENSG00000273899","Promoter (<=1kb)"
"chr22:38041765-38043597",NA,"ENSG00000273214","Promoter (<=1kb)"
"chr22:38668749-38669420",NA,"ENSG00000230912","Promoter (<=1kb)"
"chr22:38682318-38682635","TOMM22","ENSG00000100216","Promoter (<=1kb)"
"chr22:38705392-38705992","GTPBP1","ENSG00000100226","Promoter (<=1kb)"
"chr22:38952447-38952833","APOBEC3A","ENSG00000128383","Promoter (<=1kb)"
"chr22:39013632-39014975","APOBEC3C","ENSG00000244509","Promoter (<=1kb)"
"chr22:39090018-39091409",NA,"ENSG00000225720","Promoter (<=1kb)"
"chr22:40950538-40951405","RBX1","ENSG00000100387","Promoter (<=1kb)"
"chr22:41799499-41800439","CCDC134","ENSG00000100147","Promoter (<=1kb)"
"chr22:42437512-42438379",NA,"ENSG00000230107","Promoter (<=1kb)"
"chr22:43212365-43212757","SCUBE1-AS2","ENSG00000236272","Promoter (<=1kb)"
"chr22:43923181-43923603","PNPLA3","ENSG00000100344","Promoter (<=1kb)"
"chr22:45284751-45286059","UPK3A","ENSG00000100373","Promoter (<=1kb)"
"chr22:46113634-46114906","MIRLET7B","ENSG00000284520","Promoter (<=1kb)"
"chr22:48865798-48868188","LINC01310","ENSG00000205632","Promoter (<=1kb)"
"chr22:49917546-49919268","CRELD2","ENSG00000184164","Promoter (<=1kb)"
"chr22:50541702-50541968",NA,"ENSG00000273272","Promoter (<=1kb)"
"chr22:50542459-50542955","KLHDC7B-DT","ENSG00000272666","Promoter (<=1kb)"
"chr3:100492653-100493138","TMEM45A","ENSG00000181458","Promoter (<=1kb)"
"chr3:10115767-10116569","BRK1","ENSG00000254999","Promoter (<=1kb)"
"chr3:101573371-101574250","PCNP","ENSG00000081154","Promoter (<=1kb)"
"chr3:101724240-101724732","CEP97","ENSG00000182504","Promoter (<=1kb)"
"chr3:101778439-101779033","NXPE3","ENSG00000144815","Promoter (<=1kb)"
"chr3:101828762-101829594","NFKBIZ","ENSG00000144802","Promoter (<=1kb)"
"chr3:104502653-104503650",NA,"ENSG00000243635","Promoter (<=1kb)"
"chr3:107328883-107329468","CSP2","ENSG00000241218","Promoter (<=1kb)"
"chr3:108124401-108126291","LINC01215","ENSG00000271856","Promoter (<=1kb)"
"chr3:108295486-108296185","HHLA2","ENSG00000114455","Promoter (<=1kb)"
"chr3:108822060-108822859","TRAT1","ENSG00000163519","Promoter (<=1kb)"
"chr3:111291770-111293180","CD96","ENSG00000153283","Promoter (<=1kb)"
"chr3:113211120-113212946","BOC","ENSG00000144857","Promoter (<=1kb)"
"chr3:113884926-113886429",NA,"ENSG00000241889","Promoter (<=1kb)"
"chr3:115658065-115659745",NA,"ENSG00000241596","Promoter (<=1kb)"
"chr3:119172270-119173794","UPK1B","ENSG00000114638","Promoter (<=1kb)"
"chr3:119579299-119580675",NA,"ENSG00000272967","Promoter (<=1kb)"
"chr3:119595300-119596895","PLA1A","ENSG00000144837","Promoter (<=1kb)"
"chr3:119598865-119599299","PLA1A","ENSG00000144837","Promoter (<=1kb)"
"chr3:119702416-119702763","CFAP91","ENSG00000183833","Promoter (<=1kb)"
"chr3:119779594-119780789","NR1I2","ENSG00000144852","Promoter (<=1kb)"
"chr3:12069779-12071367","ACTG1P12","ENSG00000226642","Promoter (<=1kb)"
"chr3:122679168-122681455","PARP14","ENSG00000173193","Promoter (<=1kb)"
"chr3:126432891-126435427",NA,"ENSG00000279328","Promoter (<=1kb)"
"chr3:127217609-127218660",NA,"ENSG00000287784","Promoter (<=1kb)"
"chr3:127226507-127228178",NA,"ENSG00000289641","Promoter (<=1kb)"
"chr3:127836212-127837467",NA,"ENSG00000287143","Promoter (<=1kb)"
"chr3:128748035-128749560","MARK2P8","ENSG00000239503","Promoter (<=1kb)"
"chr3:129230088-129230648",NA,"ENSG00000289351","Promoter (<=1kb)"
"chr3:132316918-132318002","ACP3","ENSG00000014257","Promoter (<=1kb)"
"chr3:132417372-132418310","DNAJC13","ENSG00000138246","Promoter (<=1kb)"
"chr3:133409740-133410853",NA,"ENSG00000249820","Promoter (<=1kb)"
"chr3:133805335-133806574",NA,"ENSG00000285908","Promoter (<=1kb)"
"chr3:13480067-13480941","HDAC11","ENSG00000163517","Promoter (<=1kb)"
"chr3:135924197-135924896",NA,"ENSG00000242222","Promoter (<=1kb)"
"chr3:136250817-136251514","PCCB","ENSG00000114054","Promoter (<=1kb)"
"chr3:137763963-137764398","SOX14","ENSG00000168875","Promoter (<=1kb)"
"chr3:137998406-137999535","CLDN18","ENSG00000066405","Promoter (<=1kb)"
"chr3:140677851-140678917","TRIM42","ENSG00000155890","Promoter (<=1kb)"
"chr3:141738374-141739384",NA,"ENSG00000285558","Promoter (<=1kb)"
"chr3:141851430-141851877",NA,"ENSG00000286822","Promoter (<=1kb)"
"chr3:14791376-14791986",NA,"ENSG00000285969","Promoter (<=1kb)"
"chr3:148079340-148079794",NA,"ENSG00000285798","Promoter (<=1kb)"
"chr3:148698432-148699108","AGTR1","ENSG00000144891","Promoter (<=1kb)"
"chr3:149224381-149225799",NA,"ENSG00000286714","Promoter (<=1kb)"
"chr3:15207010-15207509","CAPN7","ENSG00000131375","Promoter (<=1kb)"
"chr3:155239224-155240698","LINC01487","ENSG00000241336","Promoter (<=1kb)"
"chr3:15602094-15602532","BTD","ENSG00000169814","Promoter (<=1kb)"
"chr3:157081530-157082801","LINC02029","ENSG00000241544","Promoter (<=1kb)"
"chr3:157542424-157543948","SLC66A1L","ENSG00000174899","Promoter (<=1kb)"
"chr3:15860591-15860791",NA,"ENSG00000287042","Promoter (<=1kb)"
"chr3:158644297-158645143","GFM1","ENSG00000168827","Promoter (<=1kb)"
"chr3:158801514-158802721",NA,"ENSG00000272247","Promoter (<=1kb)"
"chr3:158841098-158842407","GPR79","ENSG00000232374","Promoter (<=1kb)"
"chr3:16802515-16802795","PLCL2","ENSG00000154822","Promoter (<=1kb)"
"chr3:169772134-169772554","MYNN","ENSG00000085274","Promoter (<=1kb)"
"chr3:172039152-172039405","FNDC3B","ENSG00000075420","Promoter (<=1kb)"
"chr3:174302809-174303588","ANAPC15P2","ENSG00000232601","Promoter (<=1kb)"
"chr3:180322608-180323338","RALBP1P1","ENSG00000239880","Promoter (<=1kb)"
"chr3:181700507-181701143",NA,"ENSG00000239381","Promoter (<=1kb)"
"chr3:183447166-183448511","LINC00888","ENSG00000240024","Promoter (<=1kb)"
"chr3:184335184-184337268","FAM131A","ENSG00000175182","Promoter (<=1kb)"
"chr3:184381237-184382160","THPO","ENSG00000090534","Promoter (<=1kb)"
"chr3:186772206-186773623","GPS2P2","ENSG00000230951","Promoter (<=1kb)"
"chr3:186929357-186929557","ST6GAL1","ENSG00000073849","Promoter (<=1kb)"
"chr3:187701954-187703109",NA,"ENSG00000228804","Promoter (<=1kb)"
"chr3:188989361-188990340",NA,"ENSG00000236182","Promoter (<=1kb)"
"chr3:189630709-189631704","TP63","ENSG00000073282","Promoter (<=1kb)"
"chr3:190323151-190323527","CLDN16","ENSG00000113946","Promoter (<=1kb)"
"chr3:192566782-192567225",NA,"ENSG00000289165","Promoter (<=1kb)"
"chr3:194755572-194757641",NA,"ENSG00000234805","Promoter (<=1kb)"
"chr3:194768645-194769014","LINC01972","ENSG00000230401","Promoter (<=1kb)"
"chr3:196740831-196741060","PAK2","ENSG00000180370","Promoter (<=1kb)"
"chr3:21942345-21942769","ZNF385D-AS2","ENSG00000223351","Promoter (<=1kb)"
"chr3:30626279-30626854",NA,"ENSG00000224618","Promoter (<=1kb)"
"chr3:308657-309343","RPS8P6","ENSG00000231660","Promoter (<=1kb)"
"chr3:32951467-32951983","CCR4","ENSG00000183813","Promoter (<=1kb)"
"chr3:35744358-35744882","MIR128-2","ENSG00000207625","Promoter (<=1kb)"
"chr3:38281667-38282939","SLC22A14","ENSG00000144671","Promoter (<=1kb)"
"chr3:38328381-38329634","DLEC1P1","ENSG00000230123","Promoter (<=1kb)"
"chr3:39501982-39503060",NA,"ENSG00000285885","Promoter (<=1kb)"
"chr3:3983971-3984535","PNPT1P1","ENSG00000229241","Promoter (<=1kb)"
"chr3:40322554-40323389","PGAM1P3","ENSG00000230274","Promoter (<=1kb)"
"chr3:40476557-40478080","ZNF619","ENSG00000177873","Promoter (<=1kb)"
"chr3:40720559-40721161",NA,"ENSG00000231873","Promoter (<=1kb)"
"chr3:40970825-40972272",NA,"ENSG00000233096","Promoter (<=1kb)"
"chr3:42731981-42732481",NA,"ENSG00000285539","Promoter (<=1kb)"
"chr3:43088209-43089036",NA,"ENSG00000285766","Promoter (<=1kb)"
"chr3:43286111-43287542","SNRK","ENSG00000163788","Promoter (<=1kb)"
"chr3:44712081-44713049","ZNF502","ENSG00000196653","Promoter (<=1kb)"
"chr3:44729091-44730016","ZNF501","ENSG00000186446","Promoter (<=1kb)"
"chr3:44861334-44862656","MIR564","ENSG00000284498","Promoter (<=1kb)"
"chr3:45555062-45555527","LIMD1","ENSG00000144791","Promoter (<=1kb)"
"chr3:45885644-45886808","CCR9","ENSG00000173585","Promoter (<=1kb)"
"chr3:45996319-45996519",NA,"ENSG00000288717","Promoter (<=1kb)"
"chr3:46129465-46131164","CCR3","ENSG00000183625","Promoter (<=1kb)"
"chr3:46143624-46144522","FLT1P1","ENSG00000229515","Promoter (<=1kb)"
"chr3:46312489-46313378","UQCRC2P1","ENSG00000236736","Promoter (<=1kb)"
"chr3:46370818-46371089","CCR5","ENSG00000160791","Promoter (<=1kb)"
"chr3:46407716-46408291","CCRL2","ENSG00000121797","Promoter (<=1kb)"
"chr3:46557700-46559037",NA,"ENSG00000288718","Promoter (<=1kb)"
"chr3:47346951-47348288",NA,"ENSG00000280173","Promoter (<=1kb)"
"chr3:48918100-48919700","ARIH2","ENSG00000177479","Promoter (<=1kb)"
"chr3:50190783-50191480","GNAT1","ENSG00000114349","Promoter (<=1kb)"
"chr3:50569266-50570045","C3orf18","ENSG00000088543","Promoter (<=1kb)"
"chr3:50611128-50612486","MAPKAPK3","ENSG00000114738","Promoter (<=1kb)"
"chr3:5186911-5187242",NA,"ENSG00000233912","Promoter (<=1kb)"
"chr3:51873408-51875198","IQCF5-AS1","ENSG00000235455","Promoter (<=1kb)"
"chr3:55487468-55487716","WNT5A-AS1","ENSG00000244586","Promoter (<=1kb)"
"chr3:63862814-63864897","ATXN7","ENSG00000163635","Promoter (<=1kb)"
"chr3:72886851-72887481","GXYLT2","ENSG00000172986","Promoter (<=1kb)"
"chr3:89106998-89108011","EPHA3","ENSG00000044524","Promoter (<=1kb)"
"chr3:9750428-9750651","OGG1","ENSG00000114026","Promoter (<=1kb)"
"chr3:97763984-97765309","ARL6","ENSG00000113966","Promoter (<=1kb)"
"chr3:98902156-98902493",NA,"ENSG00000239462","Promoter (<=1kb)"
"chr3:9914823-9918218","IL17RC","ENSG00000163702","Promoter (<=1kb)"
"chr4:102869111-102869866","CISD2","ENSG00000145354","Promoter (<=1kb)"
"chr4:106316408-106317171","TBCK","ENSG00000145348","Promoter (<=1kb)"
"chr4:107824222-107825834","SGMS2","ENSG00000164023","Promoter (<=1kb)"
"chr4:108649635-108650451","OSTC","ENSG00000198856","Promoter (<=1kb)"
"chr4:110364549-110365707","ENPEP","ENSG00000138792","Promoter (<=1kb)"
"chr4:11372104-11373572","RNPS1P1","ENSG00000250896","Promoter (<=1kb)"
"chr4:119135680-119136438","MYOZ2","ENSG00000172399","Promoter (<=1kb)"
"chr4:1209086-1210212","CTBP1-AS","ENSG00000280927","Promoter (<=1kb)"
"chr4:1290786-1290986","MAEA","ENSG00000090316","Promoter (<=1kb)"
"chr4:131379286-131379899","LINC02377","ENSG00000250102","Promoter (<=1kb)"
"chr4:1355891-1356938",NA,"ENSG00000254094","Promoter (<=1kb)"
"chr4:139665287-139666532","MGST2","ENSG00000085871","Promoter (<=1kb)"
"chr4:140257277-140258282","SCOC","ENSG00000153130","Promoter (<=1kb)"
"chr4:145679534-145679838","C4orf51","ENSG00000237136","Promoter (<=1kb)"
"chr4:145679950-145680741","C4orf51","ENSG00000237136","Promoter (<=1kb)"
"chr4:146933873-146934749",NA,"ENSG00000248764","Promoter (<=1kb)"
"chr4:147060104-147060889",NA,"ENSG00000286371","Promoter (<=1kb)"
"chr4:147732994-147733243","ARHGAP10","ENSG00000071205","Promoter (<=1kb)"
"chr4:147744498-147745538","RNA5SP165","ENSG00000252951","Promoter (<=1kb)"
"chr4:147782029-147782797","MIR4799","ENSG00000264274","Promoter (<=1kb)"
"chr4:151099018-151099336","RPS3A","ENSG00000145425","Promoter (<=1kb)"
"chr4:151276807-151277512","PRSS48","ENSG00000189099","Promoter (<=1kb)"
"chr4:151990495-151992152",NA,"ENSG00000286066","Promoter (<=1kb)"
"chr4:154780884-154782204","RBM46","ENSG00000151962","Promoter (<=1kb)"
"chr4:157075838-157076936","GLRB","ENSG00000109738","Promoter (<=1kb)"
"chr4:15777181-15777556","CD38","ENSG00000004468","Promoter (<=1kb)"
"chr4:159398122-159398892",NA,"ENSG00000250180","Promoter (<=1kb)"
"chr4:16400989-16401847",NA,"ENSG00000248138","Promoter (<=1kb)"
"chr4:164726085-164726727","CHORDC1P3","ENSG00000248162","Promoter (<=1kb)"
"chr4:165326672-165327668","MSMO1","ENSG00000052802","Promoter (<=1kb)"
"chr4:165872996-165875349","TLL1","ENSG00000038295","Promoter (<=1kb)"
"chr4:170225992-170226665","LINC01612","ENSG00000250266","Promoter (<=1kb)"
"chr4:171812137-171814482","GALNTL6","ENSG00000174473","Promoter (<=1kb)"
"chr4:176319374-176319696","SPCS3-AS1","ENSG00000248980","Promoter (<=1kb)"
"chr4:176340155-176341301",NA,"ENSG00000289520","Promoter (<=1kb)"
"chr4:18489305-18490076",NA,"ENSG00000251048","Promoter (<=1kb)"
"chr4:188740894-188741559",NA,"ENSG00000278974","Promoter (<=1kb)"
"chr4:24657839-24658396","ATP5MGP3","ENSG00000249256","Promoter (<=1kb)"
"chr4:25377397-25378126","ANAPC4","ENSG00000053900","Promoter (<=1kb)"
"chr4:26857840-26858175","STIM2","ENSG00000109689","Promoter (<=1kb)"
"chr4:2861705-2863195",NA,"ENSG00000287099","Promoter (<=1kb)"
"chr4:3440975-3441182","HGFAC","ENSG00000109758","Promoter (<=1kb)"
"chr4:3461487-3462453","DOK7","ENSG00000175920","Promoter (<=1kb)"
"chr4:37452948-37454208","C4orf19","ENSG00000154274","Promoter (<=1kb)"
"chr4:37825717-37827588","PGM2","ENSG00000169299","Promoter (<=1kb)"
"chr4:38286707-38287502",NA,"ENSG00000251642","Promoter (<=1kb)"
"chr4:38509552-38510578","LINC01259","ENSG00000249667","Promoter (<=1kb)"
"chr4:39713606-39714539",NA,"ENSG00000249019","Promoter (<=1kb)"
"chr4:40264878-40266273",NA,"ENSG00000250338","Promoter (<=1kb)"
"chr4:40316719-40317826","LINC02265","ENSG00000249241","Promoter (<=1kb)"
"chr4:41981938-41983036","DCAF4L1","ENSG00000182308","Promoter (<=1kb)"
"chr4:47485407-47485689","ATP10D","ENSG00000145246","Promoter (<=1kb)"
"chr4:52861536-52863079","RASL11B","ENSG00000128045","Promoter (<=1kb)"
"chr4:54844130-54845249",NA,"ENSG00000249727","Promoter (<=1kb)"
"chr4:5524575-5525258","LINC01587","ENSG00000082929","Promoter (<=1kb)"
"chr4:55948673-55949769","CEP135","ENSG00000174799","Promoter (<=1kb)"
"chr4:56410283-56411105",NA,"ENSG00000283156","Promoter (<=1kb)"
"chr4:56907432-56909659","REST","ENSG00000084093","Promoter (<=1kb)"
"chr4:6576184-6576532","MAN2B2","ENSG00000013288","Promoter (<=1kb)"
"chr4:6715743-6717208","BLOC1S4","ENSG00000186222","Promoter (<=1kb)"
"chr4:73836583-73837277","CXCL6","ENSG00000124875","Promoter (<=1kb)"
"chr4:73847368-73848189","PPBPP1","ENSG00000250550","Promoter (<=1kb)"
"chr4:75360898-75361696",NA,"ENSG00000251185","Promoter (<=1kb)"
"chr4:75513814-75515233","THAP6","ENSG00000174796","Promoter (<=1kb)"
"chr4:75821924-75822958",NA,"ENSG00000229717","Promoter (<=1kb)"
"chr4:78181733-78182433","SERBP1P5","ENSG00000249565","Promoter (<=1kb)"
"chr4:78551322-78552412","ANXA3","ENSG00000138772","Promoter (<=1kb)"
"chr4:79491414-79492636","LINC00989","ENSG00000250334","Promoter (<=1kb)"
"chr4:80385534-80388801",NA,"ENSG00000232327","Promoter (<=1kb)"
"chr4:8180621-8181097","SH3TC1","ENSG00000125089","Promoter (<=1kb)"
"chr4:83034308-83035174","COPS4","ENSG00000138663","Promoter (<=1kb)"
"chr4:8557618-8558965","GPR78","ENSG00000155269","Promoter (<=1kb)"
"chr4:88378452-88379624","HERC6","ENSG00000138642","Promoter (<=1kb)"
"chr4:99564486-99564709","MTTP","ENSG00000138823","Promoter (<=1kb)"
"chr5:100398877-100399404",NA,"ENSG00000249787","Promoter (<=1kb)"
"chr5:103258186-103258806","MACIR","ENSG00000181751","Promoter (<=1kb)"
"chr5:109689516-109691547","MAN2A1","ENSG00000112893","Promoter (<=1kb)"
"chr5:111511865-111512799","STARD4","ENSG00000164211","Promoter (<=1kb)"
"chr5:112976845-112977591","DCP2","ENSG00000172795","Promoter (<=1kb)"
"chr5:116078878-116079720",NA,"ENSG00000272265","Promoter (<=1kb)"
"chr5:120463091-120463691","PRR16","ENSG00000184838","Promoter (<=1kb)"
"chr5:121961242-121961558","SRFBP1","ENSG00000151304","Promoter (<=1kb)"
"chr5:1225480-1225820","SLC6A18","ENSG00000164363","Promoter (<=1kb)"
"chr5:12793858-12795636",NA,"ENSG00000249053","Promoter (<=1kb)"
"chr5:129747219-129748380","MINAR2","ENSG00000186367","Promoter (<=1kb)"
"chr5:131170617-131171863","LYRM7","ENSG00000186687","Promoter (<=1kb)"
"chr5:132293168-132295915","SLC22A4","ENSG00000197208","Promoter (<=1kb)"
"chr5:132410191-132411963","IRF1-AS1","ENSG00000197536","Promoter (<=1kb)"
"chr5:132873765-132874223","LEAP2","ENSG00000164406","Promoter (<=1kb)"
"chr5:134500689-134501334","RNU6-456P","ENSG00000207222","Promoter (<=1kb)"
"chr5:134758131-134759493","DDX46","ENSG00000145833","Promoter (<=1kb)"
"chr5:138338138-138339266","CDC25C","ENSG00000158402","Promoter (<=1kb)"
"chr5:138464579-138466200",NA,"ENSG00000289267","Promoter (<=1kb)"
"chr5:139299278-139300049","RNA5SP195","ENSG00000199545","Promoter (<=1kb)"
"chr5:139611993-139612584","H3P25","ENSG00000275506","Promoter (<=1kb)"
"chr5:139646989-139647233","CXXC5","ENSG00000171604","Promoter (<=1kb)"
"chr5:139684308-139686436",NA,"ENSG00000249526","Promoter (<=1kb)"
"chr5:140357976-140358238",NA,"ENSG00000253965","Promoter (<=1kb)"
"chr5:140638756-140640280","TMCO6","ENSG00000113119","Promoter (<=1kb)"
"chr5:141213690-141214960","PCDHB13","ENSG00000187372","Promoter (<=1kb)"
"chr5:141326061-141326812",NA,"ENSG00000272070","Promoter (<=1kb)"
"chr5:141349930-141350605","PCDHGB1","ENSG00000254221","Promoter (<=1kb)"
"chr5:141359858-141360496","PCDHGB2","ENSG00000253910","Promoter (<=1kb)"
"chr5:141364039-141364713","PCDHGA5","ENSG00000253485","Promoter (<=1kb)"
"chr5:14142607-14145484","TRIO","ENSG00000038382","Promoter (<=1kb)"
"chr5:143605345-143605711",NA,"ENSG00000249881","Promoter (<=1kb)"
"chr5:145936457-145937215","SH3RF2","ENSG00000156463","Promoter (<=1kb)"
"chr5:147558732-147559207","JAKMIP2-AS1","ENSG00000280780","Promoter (<=1kb)"
"chr5:148825716-148827260","ADRB2","ENSG00000169252","Promoter (<=1kb)"
"chr5:148858453-148859003",NA,"ENSG00000289430","Promoter (<=1kb)"
"chr5:149428778-149429412","MIR143","ENSG00000284182","Promoter (<=1kb)"
"chr5:150600245-150600445","SYNPO","ENSG00000171992","Promoter (<=1kb)"
"chr5:150660555-150660876","MYOZ3","ENSG00000164591","Promoter (<=1kb)"
"chr5:150660987-150661621","MYOZ3","ENSG00000164591","Promoter (<=1kb)"
"chr5:151847666-151849121",NA,"ENSG00000270978","Promoter (<=1kb)"
"chr5:157384917-157385275",NA,"ENSG00000248544","Promoter (<=1kb)"
"chr5:159262454-159263888",NA,"ENSG00000288764","Promoter (<=1kb)"
"chr5:159263940-159264476","UBLCP1","ENSG00000164332","Promoter (<=1kb)"
"chr5:170307599-170308131",NA,"ENSG00000288615","Promoter (<=1kb)"
"chr5:170787273-170787968",NA,"ENSG00000253348","Promoter (<=1kb)"
"chr5:171357707-171358449","RN7SL339P","ENSG00000265740","Promoter (<=1kb)"
"chr5:172763894-172764112",NA,"ENSG00000253736","Promoter (<=1kb)"
"chr5:172833349-172834102","ERGIC1","ENSG00000113719","Promoter (<=1kb)"
"chr5:173361422-173362159","RNU6-500P","ENSG00000199219","Promoter (<=1kb)"
"chr5:173689396-173691023","LINC01942","ENSG00000253428","Promoter (<=1kb)"
"chr5:17443766-17444338","LINC02218","ENSG00000249662","Promoter (<=1kb)"
"chr5:17511754-17512805","H3P18","ENSG00000249620","Promoter (<=1kb)"
"chr5:175626753-175627774","RN7SKP148","ENSG00000222111","Promoter (<=1kb)"
"chr5:17625448-17626543","H3P21","ENSG00000250386","Promoter (<=1kb)"
"chr5:176725408-176725884",NA,"ENSG00000248484","Promoter (<=1kb)"
"chr5:176742645-176743746","LINC01574","ENSG00000248859","Promoter (<=1kb)"
"chr5:177611969-177612666",NA,"ENSG00000247679","Promoter (<=1kb)"
"chr5:177837194-177837909","OR1X5P","ENSG00000214351","Promoter (<=1kb)"
"chr5:178840090-178841624",NA,"ENSG00000253725","Promoter (<=1kb)"
"chr5:179061039-179061668","ZNF354C","ENSG00000177932","Promoter (<=1kb)"
"chr5:179657279-179658809",NA,"ENSG00000250999","Promoter (<=1kb)"
"chr5:181147191-181148183","OR2V2","ENSG00000182613","Promoter (<=1kb)"
"chr5:181218087-181218529",NA,"ENSG00000286644","Promoter (<=1kb)"
"chr5:181221861-181222914","TRIM41","ENSG00000146063","Promoter (<=1kb)"
"chr5:2261169-2262113",NA,"ENSG00000275733","Promoter (<=1kb)"
"chr5:27217467-27218516","PURPL","ENSG00000250337","Promoter (<=1kb)"
"chr5:31249704-31251280","DUX4L51","ENSG00000250482","Promoter (<=1kb)"
"chr5:31657170-31657937",NA,"ENSG00000248624","Promoter (<=1kb)"
"chr5:3177055-3178063","LINC01377","ENSG00000249808","Promoter (<=1kb)"
"chr5:32689002-32689711","NPR3","ENSG00000113389","Promoter (<=1kb)"
"chr5:33441040-33441817","TARS1","ENSG00000113407","Promoter (<=1kb)"
"chr5:35853692-35854335","IL7R","ENSG00000168685","Promoter (<=1kb)"
"chr5:37810924-37812727","GDNF-AS1","ENSG00000248587","Promoter (<=1kb)"
"chr5:38257479-38259457","EGFLAM","ENSG00000164318","Promoter (<=1kb)"
"chr5:40841057-40841756","CARD6","ENSG00000132357","Promoter (<=1kb)"
"chr5:50667200-50668253",NA,"ENSG00000289056","Promoter (<=1kb)"
"chr5:54517030-54517478","SNX18","ENSG00000178996","Promoter (<=1kb)"
"chr5:55101257-55103054","GZMA","ENSG00000145649","Promoter (<=1kb)"
"chr5:56554-57495",NA,"ENSG00000250020","Promoter (<=1kb)"
"chr5:57174762-57174962","GPBP1","ENSG00000062194","Promoter (<=1kb)"
"chr5:57395212-57395992",NA,"ENSG00000250961","Promoter (<=1kb)"
"chr5:57650176-57651880",NA,"ENSG00000287709","Promoter (<=1kb)"
"chr5:58581981-58582834","RAB3C","ENSG00000152932","Promoter (<=1kb)"
"chr5:61161737-61163189","SMIM15-AS1","ENSG00000251279","Promoter (<=1kb)"
"chr5:62305277-62305916","KIF2A","ENSG00000068796","Promoter (<=1kb)"
"chr5:62578620-62578894","LRRC70","ENSG00000186105","Promoter (<=1kb)"
"chr5:6378749-6379333",NA,"ENSG00000287031","Promoter (<=1kb)"
"chr5:64674828-64675909","MRPL49P1","ENSG00000224296","Promoter (<=1kb)"
"chr5:65624847-65625368","TRAPPC13","ENSG00000113597","Promoter (<=1kb)"
"chr5:65925539-65925969","ERBIN-DT","ENSG00000269961","Promoter (<=1kb)"
"chr5:6765705-6766008","LINC02236","ENSG00000251365","Promoter (<=1kb)"
"chr5:67901443-67902921",NA,"ENSG00000250421","Promoter (<=1kb)"
"chr5:6837575-6838648","LINC02196","ENSG00000250974","Promoter (<=1kb)"
"chr5:6868163-6868830",NA,"ENSG00000250060","Promoter (<=1kb)"
"chr5:69093470-69093670","SLC30A5","ENSG00000145740","Promoter (<=1kb)"
"chr5:69606706-69608079","NAIPP3","ENSG00000248477","Promoter (<=1kb)"
"chr5:70025164-70026400","SERF1B","ENSG00000205572","Promoter (<=1kb)"
"chr5:70900588-70901804","SERF1A","ENSG00000172058","Promoter (<=1kb)"
"chr5:71455485-71456410","BDP1","ENSG00000145734","Promoter (<=1kb)"
"chr5:72955317-72956922","FCHO2-DT","ENSG00000272081","Promoter (<=1kb)"
"chr5:72996518-72998057",NA,"ENSG00000251467","Promoter (<=1kb)"
"chr5:73786102-73787309",NA,"ENSG00000249293","Promoter (<=1kb)"
"chr5:7397031-7397231","ADCY2","ENSG00000078295","Promoter (<=1kb)"
"chr5:77957517-77958496",NA,"ENSG00000287162","Promoter (<=1kb)"
"chr5:78361368-78361870","SCAMP1","ENSG00000085365","Promoter (<=1kb)"
"chr5:8080146-8082008",NA,"ENSG00000280338","Promoter (<=1kb)"
"chr5:81972125-81972629","ATG10","ENSG00000152348","Promoter (<=1kb)"
"chr5:86617315-86617725","COX7C","ENSG00000127184","Promoter (<=1kb)"
"chr5:93583926-93585525","NR2F1-AS1","ENSG00000237187","Promoter (<=1kb)"
"chr5:95646655-95646995","RFESD","ENSG00000175449","Promoter (<=1kb)"
"chr5:97737465-97738969",NA,"ENSG00000251193","Promoter (<=1kb)"
"chr5:98575838-98576668","CTBP2P4","ENSG00000251102","Promoter (<=1kb)"
"chr5:98929370-98929864","CHD1-DT","ENSG00000248489","Promoter (<=1kb)"
"chr5:99948552-99949717","CRLF3P2","ENSG00000250391","Promoter (<=1kb)"
"chr6:100092509-100093907",NA,"ENSG00000275716","Promoter (<=1kb)"
"chr6:100135957-100136946","PRDX2P4","ENSG00000213177","Promoter (<=1kb)"
"chr6:10633055-10633632","GCNT2P1","ENSG00000205318","Promoter (<=1kb)"
"chr6:108798031-108799296",NA,"ENSG00000286511","Promoter (<=1kb)"
"chr6:108847803-108848525","ARMC2","ENSG00000118690","Promoter (<=1kb)"
"chr6:10886722-10887452","SYCP2L","ENSG00000153157","Promoter (<=1kb)"
"chr6:109095334-109095895","CEP57L1","ENSG00000183137","Promoter (<=1kb)"
"chr6:109978925-109980190","GPR6","ENSG00000146360","Promoter (<=1kb)"
"chr6:110180296-110180932","CDC40","ENSG00000168438","Promoter (<=1kb)"
"chr6:112053571-112054450","CCN6","ENSG00000112761","Promoter (<=1kb)"
"chr6:112366527-112367580","FEM1AP3","ENSG00000217770","Promoter (<=1kb)"
"chr6:113857543-113857777","MARCKS","ENSG00000277443","Promoter (<=1kb)"
"chr6:11414592-11414984",NA,"ENSG00000242753","Promoter (<=1kb)"
"chr6:11607270-11607748",NA,"ENSG00000271897","Promoter (<=1kb)"
"chr6:116399266-116399841",NA,"ENSG00000285446","Promoter (<=1kb)"
"chr6:116615821-116617385","RSPH4A","ENSG00000111834","Promoter (<=1kb)"
"chr6:121388470-121389820",NA,"ENSG00000272714","Promoter (<=1kb)"
"chr6:122399373-122399649","HSF2","ENSG00000025156","Promoter (<=1kb)"
"chr6:122437716-122438433",NA,"ENSG00000279453","Promoter (<=1kb)"
"chr6:12405947-12407018","RN7SKP293","ENSG00000223321","Promoter (<=1kb)"
"chr6:126257842-126258572","PPP1R14BP5","ENSG00000213133","Promoter (<=1kb)"
"chr6:126339747-126340788","CENPW","ENSG00000203760","Promoter (<=1kb)"
"chr6:130697700-130698517",NA,"ENSG00000229923","Promoter (<=1kb)"
"chr6:131182981-131185521",NA,"ENSG00000218857","Promoter (<=1kb)"
"chr6:131909472-131910272",NA,"ENSG00000280058","Promoter (<=1kb)"
"chr6:132131615-132132199",NA,"ENSG00000280155","Promoter (<=1kb)"
"chr6:132551158-132551920","TAAR8","ENSG00000146385","Promoter (<=1kb)"
"chr6:133888992-133890255","TCF21","ENSG00000118526","Promoter (<=1kb)"
"chr6:13614342-13616292",NA,"ENSG00000261071","Promoter (<=1kb)"
"chr6:137944770-137946072","LINC02865","ENSG00000229922","Promoter (<=1kb)"
"chr6:139270856-139271512",NA,"ENSG00000226571","Promoter (<=1kb)"
"chr6:141402556-141402813",NA,"ENSG00000286452","Promoter (<=1kb)"
"chr6:141402849-141404326",NA,"ENSG00000286452","Promoter (<=1kb)"
"chr6:142301367-142302787","ADGRG6","ENSG00000112414","Promoter (<=1kb)"
"chr6:144150706-144150983","STX11","ENSG00000135604","Promoter (<=1kb)"
"chr6:144284753-144287320","UTRN","ENSG00000152818","Promoter (<=1kb)"
"chr6:147406748-147407702","YAP1P1","ENSG00000220494","Promoter (<=1kb)"
"chr6:147659955-147660915",NA,"ENSG00000227681","Promoter (<=1kb)"
"chr6:148649137-148650177","RPSAP40","ENSG00000231368","Promoter (<=1kb)"
"chr6:149140128-149141172",NA,"ENSG00000289359","Promoter (<=1kb)"
"chr6:149962554-149964814","ULBP1","ENSG00000111981","Promoter (<=1kb)"
"chr6:152380381-152380833","SYNE1-AS1","ENSG00000234577","Promoter (<=1kb)"
"chr6:154732739-154733487","SCAF8","ENSG00000213079","Promoter (<=1kb)"
"chr6:157699566-157700645","SNX9","ENSG00000130340","Promoter (<=1kb)"
"chr6:158168444-158168985","GTF2H5","ENSG00000272047","Promoter (<=1kb)"
"chr6:160092596-160093427","CHP1P2","ENSG00000213073","Promoter (<=1kb)"
"chr6:160991333-160992840","MAP3K4","ENSG00000085511","Promoter (<=1kb)"
"chr6:163926517-163927081",NA,"ENSG00000288696","Promoter (<=1kb)"
"chr6:164108719-164109692",NA,"ENSG00000230627","Promoter (<=1kb)"
"chr6:164109711-164110018",NA,"ENSG00000230627","Promoter (<=1kb)"
"chr6:167226999-167227550","HPAT5","ENSG00000280707","Promoter (<=1kb)"
"chr6:167241612-167242527",NA,"ENSG00000228648","Promoter (<=1kb)"
"chr6:167766906-167769302",NA,"ENSG00000213065","Promoter (<=1kb)"
"chr6:168241629-168242682",NA,"ENSG00000234647","Promoter (<=1kb)"
"chr6:168716450-168716978",NA,"ENSG00000235815","Promoter (<=1kb)"
"chr6:170177700-170179307",NA,"ENSG00000273100","Promoter (<=1kb)"
"chr6:170553586-170554095","TBP","ENSG00000112592","Promoter (<=1kb)"
"chr6:17705747-17705947","NUP153","ENSG00000124789","Promoter (<=1kb)"
"chr6:18388203-18388610","RNF144B","ENSG00000137393","Promoter (<=1kb)"
"chr6:20319528-20320742",NA,"ENSG00000286590","Promoter (<=1kb)"
"chr6:21270358-21271296",NA,"ENSG00000287404","Promoter (<=1kb)"
"chr6:21354410-21355609",NA,"ENSG00000227089","Promoter (<=1kb)"
"chr6:22146597-22147589","NBAT1","ENSG00000260455","Promoter (<=1kb)"
"chr6:25651827-25652805","SCGN","ENSG00000079689","Promoter (<=1kb)"
"chr6:26156172-26156924","H1-4","ENSG00000168298","Promoter (<=1kb)"
"chr6:2634061-2634990","LINC01600","ENSG00000164385","Promoter (<=1kb)"
"chr6:26365007-26365299","BTN3A2","ENSG00000186470","Promoter (<=1kb)"
"chr6:26382958-26384272","BTN2A2","ENSG00000124508","Promoter (<=1kb)"
"chr6:26401496-26402612","BTN3A1","ENSG00000026950","Promoter (<=1kb)"
"chr6:26537229-26538970","HMGN4","ENSG00000182952","Promoter (<=1kb)"
"chr6:27018913-27020533",NA,"ENSG00000287966","Promoter (<=1kb)"
"chr6:27738130-27738969","GPR89P","ENSG00000216915","Promoter (<=1kb)"
"chr6:28266747-28267756","ZSCAN26","ENSG00000197062","Promoter (<=1kb)"
"chr6:28525657-28526493","GPX5","ENSG00000224586","Promoter (<=1kb)"
"chr6:291523-293403","DUSP22","ENSG00000112679","Promoter (<=1kb)"
"chr6:29906577-29907417","DDX39BP1","ENSG00000233677","Promoter (<=1kb)"
"chr6:29976081-29977497","HCG9","ENSG00000204625","Promoter (<=1kb)"
"chr6:30066552-30066854","PPP1R11","ENSG00000204619","Promoter (<=1kb)"
"chr6:30359387-30360009",NA,"ENSG00000224486","Promoter (<=1kb)"
"chr6:30516468-30516891","LINC02569","ENSG00000235781","Promoter (<=1kb)"
"chr6:30981856-30983730","MUC21","ENSG00000204544","Promoter (<=1kb)"
"chr6:31113784-31116136","PSORS1C1","ENSG00000204540","Promoter (<=1kb)"
"chr6:31542236-31542759","DDX39B-AS1","ENSG00000234006","Promoter (<=1kb)"
"chr6:31571827-31573291","LTA","ENSG00000226979","Promoter (<=1kb)"
"chr6:31585992-31587550","LST1","ENSG00000204482","Promoter (<=1kb)"
"chr6:31739434-31739661","CLIC1","ENSG00000213719","Promoter (<=1kb)"
"chr6:31945270-31946688","CFB","ENSG00000243649","Promoter (<=1kb)"
"chr6:32015263-32017328","C4B","ENSG00000224389","Promoter (<=1kb)"
"chr6:32039109-32039568","CYP21A2","ENSG00000231852","Promoter (<=1kb)"
"chr6:32153262-32155284","PPT2","ENSG00000221988","Promoter (<=1kb)"
"chr6:32659572-32660440","HLA-DQB1-AS1","ENSG00000223534","Promoter (<=1kb)"
"chr6:35343447-35343804","PPARD","ENSG00000112033","Promoter (<=1kb)"
"chr6:36127536-36127846","MAPK13","ENSG00000156711","Promoter (<=1kb)"
"chr6:36947547-36948463","PI16","ENSG00000164530","Promoter (<=1kb)"
"chr6:3848412-3850262","FAM50B","ENSG00000145945","Promoter (<=1kb)"
"chr6:39791353-39791618","DAAM2","ENSG00000146122","Promoter (<=1kb)"
"chr6:41100481-41101366","ADCY10P1","ENSG00000161912","Promoter (<=1kb)"
"chr6:41227924-41229598","TREML4","ENSG00000188056","Promoter (<=1kb)"
"chr6:41333070-41335227","NCR2","ENSG00000096264","Promoter (<=1kb)"
"chr6:41381404-41382132",NA,"ENSG00000279284","Promoter (<=1kb)"
"chr6:42879752-42880363","RPL7L1","ENSG00000146223","Promoter (<=1kb)"
"chr6:44513843-44514447",NA,"ENSG00000237530","Promoter (<=1kb)"
"chr6:44727571-44728621",NA,"ENSG00000286417","Promoter (<=1kb)"
"chr6:452364-453624",NA,"ENSG00000286364","Promoter (<=1kb)"
"chr6:4601729-4602471",NA,"ENSG00000260673","Promoter (<=1kb)"
"chr6:4610725-4611201","KU-MEL-3","ENSG00000205444","Promoter (<=1kb)"
"chr6:46760621-46761778",NA,"ENSG00000236164","Promoter (<=1kb)"
"chr6:52663354-52663945",NA,"ENSG00000216775","Promoter (<=1kb)"
"chr6:52670582-52671647","TMEM14A","ENSG00000096092","Promoter (<=1kb)"
"chr6:54846118-54848100","FAM83B","ENSG00000168143","Promoter (<=1kb)"
"chr6:63635175-63635897","PHF3","ENSG00000118482","Promoter (<=1kb)"
"chr6:65787639-65788275","SLC25A51P1","ENSG00000220483","Promoter (<=1kb)"
"chr6:67888619-67889616",NA,"ENSG00000287557","Promoter (<=1kb)"
"chr6:70098493-70099220","RPL37P15","ENSG00000216365","Promoter (<=1kb)"
"chr6:71886156-71887684","RIMS1","ENSG00000079841","Promoter (<=1kb)"
"chr6:73461608-73462464","MTO1","ENSG00000135297","Promoter (<=1kb)"
"chr6:73523441-73523955",NA,"ENSG00000229862","Promoter (<=1kb)"
"chr6:73695191-73696614","CD109","ENSG00000156535","Promoter (<=1kb)"
"chr6:7505243-7505696",NA,"ENSG00000219993","Promoter (<=1kb)"
"chr6:76774434-76775172",NA,"ENSG00000271945","Promoter (<=1kb)"
"chr6:7986310-7987205","PIP5K1P1","ENSG00000219294","Promoter (<=1kb)"
"chr6:80556306-80557126",NA,"ENSG00000216352","Promoter (<=1kb)"
"chr6:83859131-83859431","CYB5R4","ENSG00000065615","Promoter (<=1kb)"
"chr6:84689092-84690213",NA,"ENSG00000219604","Promoter (<=1kb)"
"chr6:87154841-87156470",NA,"ENSG00000272008","Promoter (<=1kb)"
"chr6:89080833-89082244","PNRC1","ENSG00000146278","Promoter (<=1kb)"
"chr6:90294941-90297403",NA,"ENSG00000260271","Promoter (<=1kb)"
"chr6:92723134-92723986","LINC02531","ENSG00000220908","Promoter (<=1kb)"
"chr6:93416431-93417705",NA,"ENSG00000287683","Promoter (<=1kb)"
"chr6:98178940-98180098","EIF4EBP2P3","ENSG00000220505","Promoter (<=1kb)"
"chr6:99424738-99426228",NA,"ENSG00000228506","Promoter (<=1kb)"
"chr6:99520880-99521856","TSTD3","ENSG00000279170","Promoter (<=1kb)"
"chr7:100368275-100368503","PILRA","ENSG00000085514","Promoter (<=1kb)"
"chr7:100428167-100428504","ZCWPW1","ENSG00000078487","Promoter (<=1kb)"
"chr7:100611676-100611925","MOSPD3","ENSG00000106330","Promoter (<=1kb)"
"chr7:100865539-100868412","TRIP6","ENSG00000087077","Promoter (<=1kb)"
"chr7:101016668-101017850","MUC12-AS1","ENSG00000227053","Promoter (<=1kb)"
"chr7:101019793-101020363","MUC17","ENSG00000169876","Promoter (<=1kb)"
"chr7:103343720-103344941","DNAJC2","ENSG00000105821","Promoter (<=1kb)"
"chr7:107167977-107169015","HBP1","ENSG00000105856","Promoter (<=1kb)"
"chr7:107563162-107564693","DUS4L","ENSG00000105865","Promoter (<=1kb)"
"chr7:111756339-111757381",NA,"ENSG00000287011","Promoter (<=1kb)"
"chr7:112421731-112422699","IFRD1","ENSG00000006652","Promoter (<=1kb)"
"chr7:114087079-114087346","FOXP2","ENSG00000128573","Promoter (<=1kb)"
"chr7:118213902-118215205","ANKRD7","ENSG00000106013","Promoter (<=1kb)"
"chr7:120988931-120989428","CPED1","ENSG00000106034","Promoter (<=1kb)"
"chr7:123655353-123656375","LMOD2","ENSG00000170807","Promoter (<=1kb)"
"chr7:1267004-1267677",NA,"ENSG00000233082","Promoter (<=1kb)"
"chr7:12686386-12687951","ARL4A","ENSG00000122644","Promoter (<=1kb)"
"chr7:127477656-127478303",NA,"ENSG00000226770","Promoter (<=1kb)"
"chr7:128236892-128237381",NA,"ENSG00000289434","Promoter (<=1kb)"
"chr7:128455101-128456425",NA,"ENSG00000273184","Promoter (<=1kb)"
"chr7:128530284-128532475",NA,"ENSG00000273270","Promoter (<=1kb)"
"chr7:128668368-128669257",NA,"ENSG00000241493","Promoter (<=1kb)"
"chr7:128829328-128829551","FLNC","ENSG00000128591","Promoter (<=1kb)"
"chr7:131897409-131898686",NA,"ENSG00000224865","Promoter (<=1kb)"
"chr7:132758711-132759882",NA,"ENSG00000225881","Promoter (<=1kb)"
"chr7:134742274-134743324","CALD1","ENSG00000122786","Promoter (<=1kb)"
"chr7:135147043-135148698","TMEM140","ENSG00000146859","Promoter (<=1kb)"
"chr7:139133105-139133598","TTC26","ENSG00000105948","Promoter (<=1kb)"
"chr7:139359026-139359641",NA,"ENSG00000273391","Promoter (<=1kb)"
"chr7:140209890-140211024","RNU6-797P","ENSG00000199971","Promoter (<=1kb)"
"chr7:140403529-140404845","RAB19","ENSG00000146955","Promoter (<=1kb)"
"chr7:142511458-142512034","TRBV7-7","ENSG00000253291","Promoter (<=1kb)"
"chr7:142544146-142545140","TRBV10-3","ENSG00000275791","Promoter (<=1kb)"
"chr7:142615136-142615899","TRBV18","ENSG00000276557","Promoter (<=1kb)"
"chr7:142626291-142627546","TRBV20-1","ENSG00000211747","Promoter (<=1kb)"
"chr7:142645838-142646323","TRBV23-1","ENSG00000211749","Promoter (<=1kb)"
"chr7:142714281-142714660","TRBV27","ENSG00000211752","Promoter (<=1kb)"
"chr7:142719961-142721304","TRBV28","ENSG00000211753","Promoter (<=1kb)"
"chr7:142779296-142780024","WBP1LP1","ENSG00000243661","Promoter (<=1kb)"
"chr7:142787436-142787892","TRBJ1-3","ENSG00000282133","Promoter (<=1kb)"
"chr7:142788315-142788684","TRBJ1-5","ENSG00000282173","Promoter (<=1kb)"
"chr7:142792605-142792952","TRBC1","ENSG00000211751","Promoter (<=1kb)"
"chr7:143130346-143131103","PIP","ENSG00000159763","Promoter (<=1kb)"
"chr7:143533245-143533828",NA,"ENSG00000229977","Promoter (<=1kb)"
"chr7:143620989-143621549",NA,"ENSG00000283537","Promoter (<=1kb)"
"chr7:143646493-143647660","TCAF2C","ENSG00000283528","Promoter (<=1kb)"
"chr7:146115633-146117285","CNTNAP2","ENSG00000174469","Promoter (<=1kb)"
"chr7:148697462-148697716",NA,"ENSG00000273314","Promoter (<=1kb)"
"chr7:148940464-148941351",NA,"ENSG00000286180","Promoter (<=1kb)"
"chr7:149195158-149197034","ZNF282","ENSG00000170265","Promoter (<=1kb)"
"chr7:149422686-149423354",NA,"ENSG00000261842","Promoter (<=1kb)"
"chr7:149775950-149777371","SSPOP","ENSG00000197558","Promoter (<=1kb)"
"chr7:149837673-149838106","ZNF862","ENSG00000106479","Promoter (<=1kb)"
"chr7:150322373-150324039","ZBED6CL","ENSG00000188707","Promoter (<=1kb)"
"chr7:150432963-150434279","LINC00996","ENSG00000242258","Promoter (<=1kb)"
"chr7:150484137-150484496",NA,"ENSG00000271582","Promoter (<=1kb)"
"chr7:150514697-150516137","GIMAP7","ENSG00000179144","Promoter (<=1kb)"
"chr7:150715148-150715698","GIMAP1","ENSG00000213203","Promoter (<=1kb)"
"chr7:152444702-152446769","CCT8L1P","ENSG00000020219","Promoter (<=1kb)"
"chr7:1529826-1530026","MAFK","ENSG00000198517","Promoter (<=1kb)"
"chr7:157853866-157855049","PTPRN2-AS1","ENSG00000233038","Promoter (<=1kb)"
"chr7:16989751-16990414",NA,"ENSG00000289189","Promoter (<=1kb)"
"chr7:175878-176604",NA,"ENSG00000239715","Promoter (<=1kb)"
"chr7:1837507-1839483",NA,"ENSG00000176349","Promoter (<=1kb)"
"chr7:20582353-20583032","EEF1A1P27","ENSG00000179460","Promoter (<=1kb)"
"chr7:21426790-21427054","SP4","ENSG00000105866","Promoter (<=1kb)"
"chr7:22725470-22726712","IL6","ENSG00000136244","Promoter (<=1kb)"
"chr7:23234338-23235300","GPNMB","ENSG00000136235","Promoter (<=1kb)"
"chr7:23679955-23681304","FAM221A","ENSG00000188732","Promoter (<=1kb)"
"chr7:2383148-2385060","KIF19BP","ENSG00000230914","Promoter (<=1kb)"
"chr7:2393116-2394026",NA,"ENSG00000271163","Promoter (<=1kb)"
"chr7:2677705-2680008","AMZ1","ENSG00000174945","Promoter (<=1kb)"
"chr7:27191860-27192915",NA,"ENSG00000253508","Promoter (<=1kb)"
"chr7:27379935-27380814",NA,"ENSG00000279655","Promoter (<=1kb)"
"chr7:27491252-27492622",NA,"ENSG00000235574","Promoter (<=1kb)"
"chr7:28297702-28298400","CREB5","ENSG00000146592","Promoter (<=1kb)"
"chr7:28298753-28299461","CREB5","ENSG00000146592","Promoter (<=1kb)"
"chr7:28986432-28987561",NA,"ENSG00000233517","Promoter (<=1kb)"
"chr7:29684307-29685764","ZNRF2P2","ENSG00000225264","Promoter (<=1kb)"
"chr7:29805976-29807840","WIPF3","ENSG00000122574","Promoter (<=1kb)"
"chr7:29988403-29988794","FKBP14-AS1","ENSG00000227014","Promoter (<=1kb)"
"chr7:34208940-34209855",NA,"ENSG00000236212","Promoter (<=1kb)"
"chr7:36147277-36147982",NA,"ENSG00000271117","Promoter (<=1kb)"
"chr7:36152295-36152503","EEPD1","ENSG00000122547","Promoter (<=1kb)"
"chr7:37683100-37684164","GPR141","ENSG00000187037","Promoter (<=1kb)"
"chr7:38310378-38311141",NA,"ENSG00000231916","Promoter (<=1kb)"
"chr7:38354136-38354813","TRGV4","ENSG00000211698","Promoter (<=1kb)"
"chr7:40134806-40135499","SUGCT","ENSG00000175600","Promoter (<=1kb)"
"chr7:423274-426147",NA,"ENSG00000286710","Promoter (<=1kb)"
"chr7:42932427-42933063","MRPL32","ENSG00000106591","Promoter (<=1kb)"
"chr7:43582473-43582736","STK17A","ENSG00000164543","Promoter (<=1kb)"
"chr7:44200470-44201628","YKT6","ENSG00000106636","Promoter (<=1kb)"
"chr7:44606083-44606366","OGDH","ENSG00000105953","Promoter (<=1kb)"
"chr7:44606403-44606722","OGDH","ENSG00000105953","Promoter (<=1kb)"
"chr7:45192382-45193150",NA,"ENSG00000289251","Promoter (<=1kb)"
"chr7:4724534-4726356",NA,"ENSG00000287665","Promoter (<=1kb)"
"chr7:47607853-47608554","LINC01447","ENSG00000236078","Promoter (<=1kb)"
"chr7:51471233-51471736",NA,"ENSG00000285741","Promoter (<=1kb)"
"chr7:5189626-5190984","WIPI2","ENSG00000157954","Promoter (<=1kb)"
"chr7:55018449-55020465","EGFR","ENSG00000146648","Promoter (<=1kb)"
"chr7:55591017-55591446",NA,"ENSG00000233977","Promoter (<=1kb)"
"chr7:55886907-55887788",NA,"ENSG00000249773","Promoter (<=1kb)"
"chr7:57654937-57655947",NA,"ENSG00000234085","Promoter (<=1kb)"
"chr7:64735720-64736976",NA,"ENSG00000224172","Promoter (<=1kb)"
"chr7:65268894-65270121",NA,"ENSG00000282381","Promoter (<=1kb)"
"chr7:6589270-6590994","C7orf26","ENSG00000146576","Promoter (<=1kb)"
"chr7:66075635-66075936","ASL","ENSG00000126522","Promoter (<=1kb)"
"chr7:66493190-66494219","LINC00174","ENSG00000179406","Promoter (<=1kb)"
"chr7:75842515-75843443","RHBDD2","ENSG00000005486","Promoter (<=1kb)"
"chr7:76317536-76318031",NA,"ENSG00000289059","Promoter (<=1kb)"
"chr7:76461274-76461522","DTX2","ENSG00000091073","Promoter (<=1kb)"
"chr7:76976838-76977853",NA,"ENSG00000225703","Promoter (<=1kb)"
"chr7:77989923-77990749","DDX3ILA1","ENSG00000232756","Promoter (<=1kb)"
"chr7:79912103-79912691","RNU6-849P","ENSG00000206818","Promoter (<=1kb)"
"chr7:80244347-80245627","RN7SL869P","ENSG00000244392","Promoter (<=1kb)"
"chr7:91263859-91264140","FZD1","ENSG00000157240","Promoter (<=1kb)"
"chr7:91940085-91941757","AKAP9","ENSG00000127914","Promoter (<=1kb)"
"chr7:92835460-92837014","CDK6-AS1","ENSG00000237819","Promoter (<=1kb)"
"chr7:94393304-94395758","COL1A2","ENSG00000164692","Promoter (<=1kb)"
"chr7:97116355-97116719","SDHAF3","ENSG00000196636","Promoter (<=1kb)"
"chr7:98210507-98210878","BHLHA15","ENSG00000180535","Promoter (<=1kb)"
"chr7:99504254-99504763","ZKSCAN5","ENSG00000196652","Promoter (<=1kb)"
"chr7:99979534-99981086","AZGP1P1","ENSG00000214313","Promoter (<=1kb)"
"chr8:100473106-100475045",NA,"ENSG00000253666","Promoter (<=1kb)"
"chr8:10053804-10055657","MSRA-DT","ENSG00000260093","Promoter (<=1kb)"
"chr8:101136720-101137929","RN7SKP249","ENSG00000202360","Promoter (<=1kb)"
"chr8:101279549-101280312",NA,"ENSG00000287479","Promoter (<=1kb)"
"chr8:103140425-103141843","BAALC","ENSG00000164929","Promoter (<=1kb)"
"chr8:10670923-10673272","C8orf74","ENSG00000171060","Promoter (<=1kb)"
"chr8:111376145-111376948","LINC02237","ENSG00000253434","Promoter (<=1kb)"
"chr8:11284334-11285287","MTMR9","ENSG00000104643","Promoter (<=1kb)"
"chr8:117520028-117520509","MED30","ENSG00000164758","Promoter (<=1kb)"
"chr8:11788915-11789918","SUB1P1","ENSG00000227203","Promoter (<=1kb)"
"chr8:119873232-119873517",NA,"ENSG00000245330","Promoter (<=1kb)"
"chr8:120060506-120060979","COL14A1","ENSG00000187955","Promoter (<=1kb)"
"chr8:122780099-122781707",NA,"ENSG00000272043","Promoter (<=1kb)"
"chr8:123613570-123614203",NA,"ENSG00000253286","Promoter (<=1kb)"
"chr8:124972777-124974136","ZNF572","ENSG00000180938","Promoter (<=1kb)"
"chr8:125429124-125430459","TRIB1","ENSG00000173334","Promoter (<=1kb)"
"chr8:127734932-127736659","MYC","ENSG00000136997","Promoter (<=1kb)"
"chr8:132866694-132867216","TG","ENSG00000042832","Promoter (<=1kb)"
"chr8:132867572-132868745","TG","ENSG00000042832","Promoter (<=1kb)"
"chr8:133190613-133192153","CCN4","ENSG00000104415","Promoter (<=1kb)"
"chr8:13566071-13567236","C8orf48","ENSG00000164743","Promoter (<=1kb)"
"chr8:141391376-141393172","PTP4A3","ENSG00000184489","Promoter (<=1kb)"
"chr8:141514118-141515063",NA,"ENSG00000226490","Promoter (<=1kb)"
"chr8:142680005-142680978","JRK","ENSG00000234616","Promoter (<=1kb)"
"chr8:143549206-143550280",NA,"ENSG00000254859","Promoter (<=1kb)"
"chr8:144292440-144292721","HSF1","ENSG00000185122","Promoter (<=1kb)"
"chr8:20349786-20350846",NA,"ENSG00000253164","Promoter (<=1kb)"
"chr8:2045703-2045928","MYOM2","ENSG00000036448","Promoter (<=1kb)"
"chr8:20700651-20701290",NA,"ENSG00000253300","Promoter (<=1kb)"
"chr8:20940864-20941541",NA,"ENSG00000254260","Promoter (<=1kb)"
"chr8:2202744-2204310",NA,"ENSG00000288782","Promoter (<=1kb)"
"chr8:22088685-22090621","FHIP2B","ENSG00000158863","Promoter (<=1kb)"
"chr8:22683506-22684235",NA,"ENSG00000261026","Promoter (<=1kb)"
"chr8:231733-233122","ZNF596","ENSG00000172748","Promoter (<=1kb)"
"chr8:23230370-23231424",NA,"ENSG00000250714","Promoter (<=1kb)"
"chr8:24293836-24294190","ADAM28","ENSG00000042980","Promoter (<=1kb)"
"chr8:24999973-25002057",NA,"ENSG00000288055","Promoter (<=1kb)"
"chr8:29529321-29530471",NA,"ENSG00000288964","Promoter (<=1kb)"
"chr8:30351812-30353298","TUBBP1","ENSG00000127589","Promoter (<=1kb)"
"chr8:32927603-32928563",NA,"ENSG00000247134","Promoter (<=1kb)"
"chr8:36321868-36322645",NA,"ENSG00000254320","Promoter (<=1kb)"
"chr8:37673522-37675028",NA,"ENSG00000253344","Promoter (<=1kb)"
"chr8:37696525-37696756","ZNF703","ENSG00000183779","Promoter (<=1kb)"
"chr8:37762059-37762377","PLPBP","ENSG00000147471","Promoter (<=1kb)"
"chr8:37783191-37783482","ADGRA2","ENSG00000020181","Promoter (<=1kb)"
"chr8:38029823-38031905","EIF4EBP1","ENSG00000187840","Promoter (<=1kb)"
"chr8:38105988-38106284","ASH2L","ENSG00000129691","Promoter (<=1kb)"
"chr8:38385046-38385309","LETM2","ENSG00000165046","Promoter (<=1kb)"
"chr8:41434381-41434990",NA,"ENSG00000253396","Promoter (<=1kb)"
"chr8:41660041-41660831","MIR486-2","ENSG00000283450","Promoter (<=1kb)"
"chr8:43139126-43139491","HGSNAT","ENSG00000165102","Promoter (<=1kb)"
"chr8:43291504-43292952","POTEA","ENSG00000188877","Promoter (<=1kb)"
"chr8:47591771-47592617",NA,"ENSG00000254065","Promoter (<=1kb)"
"chr8:48817993-48818916",NA,"ENSG00000286878","Promoter (<=1kb)"
"chr8:49045802-49046925",NA,"ENSG00000286701","Promoter (<=1kb)"
"chr8:49085612-49086549",NA,"ENSG00000253474","Promoter (<=1kb)"
"chr8:54152751-54154037","RNU6ATAC32P","ENSG00000251835","Promoter (<=1kb)"
"chr8:60876271-60877576",NA,"ENSG00000287975","Promoter (<=1kb)"
"chr8:62143095-62144891",NA,"ENSG00000237810","Promoter (<=1kb)"
"chr8:64579927-64582158","BHLHE22","ENSG00000180828","Promoter (<=1kb)"
"chr8:65644526-65644807","MTFR1","ENSG00000066855","Promoter (<=1kb)"
"chr8:66667628-66667985","C8orf44-SGK3","ENSG00000288602","Promoter (<=1kb)"
"chr8:66668018-66668230","C8orf44-SGK3","ENSG00000288602","Promoter (<=1kb)"
"chr8:6779175-6779913",NA,"ENSG00000287747","Promoter (<=1kb)"
"chr8:71826934-71828585","MSC-AS1","ENSG00000235531","Promoter (<=1kb)"
"chr8:74052125-74052875",NA,"ENSG00000254288","Promoter (<=1kb)"
"chr8:74547456-74548458","MIR5681A","ENSG00000266502","Promoter (<=1kb)"
"chr8:7525126-7525499",NA,"ENSG00000285659","Promoter (<=1kb)"
"chr8:76404275-76404938",NA,"ENSG00000270866","Promoter (<=1kb)"
"chr8:7835607-7836545","DEFB104A","ENSG00000176782","Promoter (<=1kb)"
"chr8:78515488-78517381","PKIA","ENSG00000171033","Promoter (<=1kb)"
"chr8:79890598-79891396",NA,"ENSG00000285758","Promoter (<=1kb)"
"chr8:8244450-8244963","ALG1L13P","ENSG00000253981","Promoter (<=1kb)"
"chr8:84182079-84183552","RALYL","ENSG00000184672","Promoter (<=1kb)"
"chr8:9002308-9002618","ERI1","ENSG00000104626","Promoter (<=1kb)"
"chr8:93645983-93647210","ZNF317P1","ENSG00000253781","Promoter (<=1kb)"
"chr8:93856063-93857071","PDP1","ENSG00000164951","Promoter (<=1kb)"
"chr8:93957955-93958424","RPL34P18","ENSG00000240509","Promoter (<=1kb)"
"chr8:95072192-95073665","MIR3150A","ENSG00000283522","Promoter (<=1kb)"
"chr8:95204090-95204620","CFAP418-AS1","ENSG00000253773","Promoter (<=1kb)"
"chr8:9555413-9555676",NA,"ENSG00000272267","Promoter (<=1kb)"
"chr8:96645833-96646172","CPQ","ENSG00000104324","Promoter (<=1kb)"
"chr8:97643509-97645766",NA,"ENSG00000287654","Promoter (<=1kb)"
"chr8:97788050-97788616",NA,"ENSG00000270682","Promoter (<=1kb)"
"chr9:100577834-100578100","CAVIN4","ENSG00000170681","Promoter (<=1kb)"
"chr9:105662111-105663103","TAL2","ENSG00000186051","Promoter (<=1kb)"
"chr9:105757620-105758364","DEPDC1P2","ENSG00000232486","Promoter (<=1kb)"
"chr9:110668270-110669423","MUSK","ENSG00000030304","Promoter (<=1kb)"
"chr9:111524677-111526430","ZNF483","ENSG00000173258","Promoter (<=1kb)"
"chr9:113151685-113152388","SLC31A2","ENSG00000136867","Promoter (<=1kb)"
"chr9:113409943-113410530","C9orf43","ENSG00000157653","Promoter (<=1kb)"
"chr9:113620159-113621066",NA,"ENSG00000233817","Promoter (<=1kb)"
"chr9:114155301-114157774","COL27A1","ENSG00000196739","Promoter (<=1kb)"
"chr9:117703472-117705010",NA,"ENSG00000285082","Promoter (<=1kb)"
"chr9:121282215-121283223",NA,"ENSG00000239593","Promoter (<=1kb)"
"chr9:122741709-122742283","OR1L6","ENSG00000171459","Promoter (<=1kb)"
"chr9:123033117-123033757","GPR21","ENSG00000188394","Promoter (<=1kb)"
"chr9:124658107-124659049","MIR181A2HG","ENSG00000224020","Promoter (<=1kb)"
"chr9:126915211-126915788","RALGPS1","ENSG00000136828","Promoter (<=1kb)"
"chr9:127793243-127793638","FPGS","ENSG00000136877","Promoter (<=1kb)"
"chr9:127794043-127795001","FPGS","ENSG00000136877","Promoter (<=1kb)"
"chr9:127934924-127935293",NA,"ENSG00000227218","Promoter (<=1kb)"
"chr9:128149091-128149671","LCN2","ENSG00000148346","Promoter (<=1kb)"
"chr9:128683700-128683985","HMGA1P4","ENSG00000234705","Promoter (<=1kb)"
"chr9:128786513-128788082","TBC1D13","ENSG00000107021","Promoter (<=1kb)"
"chr9:129452364-129452996",NA,"ENSG00000230676","Promoter (<=1kb)"
"chr9:129481818-129484200",NA,"ENSG00000261334","Promoter (<=1kb)"
"chr9:129575775-129577339",NA,"ENSG00000227619","Promoter (<=1kb)"
"chr9:129607152-129608137","NTMT1","ENSG00000148335","Promoter (<=1kb)"
"chr9:129664744-129666546","PRRX2","ENSG00000167157","Promoter (<=1kb)"
"chr9:129790010-129790752","UBE2V1P4","ENSG00000233909","Promoter (<=1kb)"
"chr9:129834552-129836136","USP20","ENSG00000136878","Promoter (<=1kb)"
"chr9:130264671-130265078","HMCN2","ENSG00000148357","Promoter (<=1kb)"
"chr9:130265324-130266581","HMCN2","ENSG00000148357","Promoter (<=1kb)"
"chr9:130266599-130267044","HMCN2","ENSG00000148357","Promoter (<=1kb)"
"chr9:130693146-130694111","EXOSC2","ENSG00000130713","Promoter (<=1kb)"
"chr9:131166967-131167641",NA,"ENSG00000236986","Promoter (<=1kb)"
"chr9:132409827-132410969","CFAP77","ENSG00000188523","Promoter (<=1kb)"
"chr9:133060417-133062257","CEL","ENSG00000170835","Promoter (<=1kb)"
"chr9:133636848-133637315","DBH","ENSG00000123454","Promoter (<=1kb)"
"chr9:134501258-134504728",NA,"ENSG00000223795","Promoter (<=1kb)"
"chr9:134524960-134527591",NA,"ENSG00000228877","Promoter (<=1kb)"
"chr9:135575900-135577068","LINC01502","ENSG00000237339","Promoter (<=1kb)"
"chr9:135602770-135603527",NA,"ENSG00000236543","Promoter (<=1kb)"
"chr9:136658989-136659593",NA,"ENSG00000228401","Promoter (<=1kb)"
"chr9:136713189-136713578","DIPK1B","ENSG00000165716","Promoter (<=1kb)"
"chr9:136829377-136830990","MIR4292","ENSG00000265806","Promoter (<=1kb)"
"chr9:136881810-136882053","TRAF2","ENSG00000127191","Promoter (<=1kb)"
"chr9:136991530-136991730","PAXX","ENSG00000148362","Promoter (<=1kb)"
"chr9:137276249-137278671","TOR4A","ENSG00000198113","Promoter (<=1kb)"
"chr9:138129360-138129849",NA,"ENSG00000276388","Promoter (<=1kb)"
"chr9:138135599-138136096","IL9RP1","ENSG00000229926","Promoter (<=1kb)"
"chr9:15543091-15543416","RNU6-246P","ENSG00000207433","Promoter (<=1kb)"
"chr9:19925642-19926830",NA,"ENSG00000261402","Promoter (<=1kb)"
"chr9:2227976-2229672","RN7SL592P","ENSG00000264615","Promoter (<=1kb)"
"chr9:33617597-33618151","TRBV20OR9-2","ENSG00000205274","Promoter (<=1kb)"
"chr9:33649222-33649838","TRBV24OR9-2","ENSG00000215206","Promoter (<=1kb)"
"chr9:34457707-34458110","FAM219A","ENSG00000164970","Promoter (<=1kb)"
"chr9:37002046-37003093",NA,"ENSG00000250850","Promoter (<=1kb)"
"chr9:37486024-37486786","POLR1E","ENSG00000137054","Promoter (<=1kb)"
"chr9:37753263-37754634","TRMT10B","ENSG00000165275","Promoter (<=1kb)"
"chr9:38358880-38359612",NA,"ENSG00000223716","Promoter (<=1kb)"
"chr9:4793000-4793807","RCL1","ENSG00000120158","Promoter (<=1kb)"
"chr9:6278319-6279217","SELENOTP1","ENSG00000233846","Promoter (<=1kb)"
"chr9:6448964-6450177",NA,"ENSG00000233367","Promoter (<=1kb)"
"chr9:68305583-68308202",NA,"ENSG00000234394","Promoter (<=1kb)"
"chr9:6834304-6835250","ACTG1P14","ENSG00000230581","Promoter (<=1kb)"
"chr9:7176108-7176612",NA,"ENSG00000285688","Promoter (<=1kb)"
"chr9:72305090-72305984","LINC01504","ENSG00000225434","Promoter (<=1kb)"
"chr9:73573235-73574022",NA,"ENSG00000232590","Promoter (<=1kb)"
"chr9:77019014-77019525","FOXB2","ENSG00000204612","Promoter (<=1kb)"
"chr9:79975887-79976226",NA,"ENSG00000280366","Promoter (<=1kb)"
"chr9:81913074-81914122","SPATA31D5P","ENSG00000240632","Promoter (<=1kb)"
"chr9:81928079-81929271","SPATA31D4","ENSG00000189357","Promoter (<=1kb)"
"chr9:81943146-81944343","SPATA31D3","ENSG00000186788","Promoter (<=1kb)"
"chr9:81988563-81989092","SPATA31D1","ENSG00000214929","Promoter (<=1kb)"
"chr9:86750843-86751798",NA,"ENSG00000288575","Promoter (<=1kb)"
"chr9:87147836-87149636","LINC02872","ENSG00000204446","Promoter (<=1kb)"
"chr9:87445317-87446374",NA,"ENSG00000286842","Promoter (<=1kb)"
"chr9:88971446-88972057",NA,"ENSG00000228658","Promoter (<=1kb)"
"chr9:89638304-89639323",NA,"ENSG00000237372","Promoter (<=1kb)"
"chr9:90801134-90802317","SYK","ENSG00000165025","Promoter (<=1kb)"
"chr9:92139975-92141847","LINC00475","ENSG00000225511","Promoter (<=1kb)"
"chr9:92946655-92948022","FGD3","ENSG00000127084","Promoter (<=1kb)"
"chr9:93807016-93807738",NA,"ENSG00000231990","Promoter (<=1kb)"
"chr9:93818682-93819674","MIR4291","ENSG00000265347","Promoter (<=1kb)"
"chr9:95771605-95773144",NA,"ENSG00000268926","Promoter (<=1kb)"
"chr9:96144337-96145308","EIF4BP3","ENSG00000224546","Promoter (<=1kb)"
"chr9:98056826-98057611","NANS","ENSG00000095380","Promoter (<=1kb)"
"chr9:99183790-99185531",NA,"ENSG00000227269","Promoter (<=1kb)"
"chr9:99358654-99359756",NA,"ENSG00000287955","Promoter (<=1kb)"
